episode,stage,n_ev,cost_eur,energy_drawn_kwh,energy_delivered_kwh,energy_requested_kwh,service_quality,unmet_kwh,cost_per_kwh,retail_price_paid,min_voltage_pu,violation_rate_pct,q_activation_pct,q_kvarh,curtailed_kwh,q_exhausted_any,peak_ev_kw,peak_feeder_mw,pf_solves,day,noise,w_retail,wall_s
0,5,205,637.6135081669113,7528.8194894466305,7152.378514974271,7217.1519794241685,0.9910250657552225,64.77346444989817,0.08914705881854534,0.2122392785025636,0.9617972734218251,0.0,0.0,0.0,0.0,False,1784.1664428184206,2.7876439998722646,1440,2023-10-05,0.3,0.0,0.354
1,5,212,736.1299012276938,7520.011328908613,7144.010762463196,7192.222388473259,0.9932966997673306,48.21162601006322,0.10304154426747844,0.18857037532629511,0.9669489539440084,0.0,0.0,0.0,0.0,False,1177.1673392462149,2.885416232743844,1440,2023-09-06,0.2985,-0.027538376630768087,0.349
2,5,256,952.2808618934929,9076.980069666555,8623.131066183214,8722.162380558973,0.9886460134477096,99.03131437575875,0.11043330486161719,0.24094098852514376,0.9521506587177297,0.0,0.0,0.0,0.0,False,1774.5169472398109,3.128974013410506,1440,2023-06-29,0.2970075,0.0030739902860933664,2.069
3,5,292,1078.7268746177624,10515.689389083744,9989.904919629547,10116.749649925101,0.9874619087468975,126.84473029555538,0.1079816958515922,0.25240159547359375,0.9680414870001738,0.0,0.0,0.0,0.0,False,1195.1535129028775,2.8520617984054546,1440,2023-06-17,0.29552246249999997,-0.08969851464414166,2.417
4,5,126,415.6641974891106,4396.197356603711,4176.387488773544,4194.415371216146,0.9957019320102827,18.02788244260207,0.09952721068302414,0.210916734769374,0.9959430860863061,0.0,0.0,0.0,0.0,False,878.2832322720581,1.4208671001225548,1440,2023-04-25,0.2940448501875,-0.19174993364859938,2.395
5,5,146,492.9960033095613,4905.479014772039,4660.205064033462,4701.202542285383,0.991279363549397,40.99747825192093,0.10578847851876876,0.21119106910228277,0.9735882656116152,0.0,0.0,0.0,0.0,False,1288.2493308927578,2.2621079141537423,1440,2023-03-27,0.29257462593656247,-0.1826702120413508,2.462
6,5,268,1278.9190688991234,9850.111105862883,9357.605550569737,9496.19899564872,0.9854053769152807,138.59344507898152,0.13667161561658864,0.26913737234697294,0.9675073380538917,0.0,0.0,0.0,0.0,False,2001.4313090093692,2.5939029675803456,1440,2023-04-05,0.2911117528068797,-0.17656952374306537,2.382
7,5,291,1004.692830589399,9864.632275578104,9371.400661799144,9492.18358335128,0.987275538816592,120.78292155213444,0.10720839571877996,0.2605577328601134,0.9510286288784077,0.0,1.0416666666666667,42.25382887140927,0.0,False,1627.0232996800755,3.401598718530564,1455,2023-06-22,0.28965619404284526,-0.30262770886010404,2.487
8,5,165,143.9765727814297,5630.609482989573,5349.079008840106,5397.195225064459,0.9910849590911772,48.116216224352655,0.026916142487984965,0.2105593274663186,0.9820397038280914,0.0,0.0,0.0,0.0,False,1332.1161490764325,1.7746629944230576,1440,2023-04-10,0.28820791307263105,-0.3876269367256497,2.452
9,5,176,875.0365084388503,6409.647032973187,6089.1646813245425,6115.871332942015,0.99563322212591,26.706651617472765,0.14370386649626768,0.16803569559879564,0.9898376111836216,0.0,0.0,0.0,0.0,False,1099.8760790318643,1.4745871751712443,1440,2023-01-27,0.28676687350726787,-0.3461577935250536,2.435
10,5,277,990.4784689259146,9883.000927222762,9388.850880861628,9464.372813613942,0.9920203975224138,75.52193275231424,0.10549517523437511,0.17477898552673374,0.9718596247762277,0.0,0.0,0.0,0.0,False,1696.8030534982681,2.174207449321936,1440,2023-12-02,0.28533303913973157,-0.21783227363596594,2.533
11,5,196,713.1755796583025,7155.380136654372,6797.611129821664,6827.176401667889,0.9956694729846145,29.565271846224995,0.10491561903703849,0.159790296955185,0.9516586431036671,0.0,0.0,0.0,0.0,False,1489.5414497036097,3.5902773468373113,1440,2023-06-26,0.2839063739440329,-0.1287460448424963,2.369
12,5,169,587.859884300357,5905.876189905034,5610.582380409759,5690.514102964519,0.9859535147249492,79.93172255475974,0.1047769811477973,0.2450477304661628,0.9746734301659373,0.0,0.0,0.0,0.0,False,877.1770891602241,2.5452600234700435,1440,2023-09-08,0.2824868420743127,-0.022491461798072675,2.345
13,5,269,686.3419140933978,9088.785569215079,8634.346290754318,8692.744060852441,0.9932820097210596,58.39777009812429,0.07948973680014834,0.15535427555295578,0.9596618158554818,0.0,0.0,0.0,0.0,False,1793.634370869594,2.8423026767951147,1440,2023-06-09,0.28107440786394117,-0.12730653560999303,2.464
14,5,166,704.4204772130996,5987.937699206996,5688.540814246633,5707.731648486251,0.9966377476339996,19.190834239618507,0.1238314886392162,0.15352277097591918,0.9535841615251502,0.0,0.0,0.0,0.0,False,1272.2301887497902,3.4391460542100405,1440,2023-08-23,0.27966903582462144,-0.011600707628121647,2.444
15,5,194,913.7049053883039,7132.444154244616,6775.821946532392,6782.4707328014865,0.9990197102898005,6.648786269094804,0.1348478328678491,0.1416970714985225,0.9701240973684395,0.0,0.0,0.0,0.0,False,1749.983849122729,2.1994834483387065,1440,2023-01-28,0.27827069064549836,0.08731712627806001,2.44
16,5,236,632.461084927958,7959.359062915248,7561.39110976953,7617.952024469052,0.9925753122994413,56.56091469952314,0.08364348249501345,0.1537663850331877,0.9539251453091642,0.0,0.0,0.0,0.0,False,1708.3404604571729,3.275233744085208,1440,2023-05-16,0.2768793371922708,0.19538307867835192,2.51
17,5,219,802.9441418832324,7791.509164488899,7401.933706264442,7422.796774526482,0.9971893251430999,20.86306826204077,0.10847761865303937,0.1227337233649007,0.974008444688298,0.0,0.0,0.0,0.0,False,1792.9839653863085,2.230084962199001,1440,2023-04-15,0.27549494050630946,0.2575950315706626,2.442
18,5,135,596.0192636381867,4717.9368095832815,4482.039969104146,4503.130650191824,0.9953164403331757,21.09068108767858,0.13297946197416818,0.17525276005125032,0.9827444356101461,0.0,0.0,0.0,0.0,False,923.6195711316686,1.9408267801951347,1440,2023-01-02,0.27411746580377794,0.3794997633864975,2.393
19,5,124,615.1616551908346,4633.393619857569,4401.723938864687,4442.213828922907,0.9908852001237325,40.489890058220205,0.13975471059402694,0.20404532224678318,0.9962190197123882,0.0,0.0,0.0,0.0,False,1098.9930084675382,1.5102444063508105,1440,2023-01-21,0.27274687847475904,0.3627190301266338,2.371
20,5,276,560.3760470234582,9621.806993885544,9140.716644191303,9157.897975833297,0.9981238782428747,17.181331641994547,0.061305482801456625,0.16787389478399228,0.9738916604869274,0.0,0.0,0.0,0.0,False,1756.3360590931438,2.1678677184510025,1440,2023-12-18,0.27138314408238523,0.2857485405762314,2.43
21,5,256,844.0809698514113,9591.737947483076,9112.151050108927,9155.58292010567,0.9952562419699825,43.43186999674235,0.09263246024014507,0.16298553667572377,0.9548244781375995,0.0,0.0,0.0,0.0,False,2321.911006939935,3.04486629702466,1440,2023-01-15,0.2700262283619733,0.3053555946148498,2.478
22,5,271,1105.4391009883852,9947.422466884207,9450.051343540024,9504.482690054127,0.994273086890772,54.43134651410027,0.11697704708705674,0.1869619210968013,0.9584050320043429,0.0,0.0,0.0,0.0,False,2025.0429277723783,2.9703034998065716,1440,2023-06-20,0.26867609722016345,0.3336463488501491,2.53
23,5,217,251.76292937198008,7681.28650146841,7297.222176395032,7341.308832603459,0.9939947144012475,44.08665620842888,0.034501201044197315,0.18812919561131233,0.9510597660221252,0.0,0.06944444444444445,0.2762584837682487,0.0,False,1526.5443175813712,3.255702656081232,1442,2023-07-14,0.2673327167340626,0.3041828104571779,2.523
24,5,267,892.8408517796694,9885.565329974883,9391.287063476124,9464.002922821379,0.9923165852823324,72.7158593452548,0.09507119159971564,0.2137027892735683,0.9664985940787751,0.0,0.0,0.0,0.0,False,1846.9593654185603,2.2370706292043225,1440,2023-01-31,0.2659960531503923,0.278637516030311,2.438
25,5,179,-33.59968808165725,6607.1149496709295,6276.75920218737,6309.300745326056,0.994842290064744,32.54154313868622,-0.005353031237831808,0.21206546614467442,0.9841010053071679,0.0,0.0,0.0,0.0,False,1312.5278553371768,1.7420713557884693,1440,2023-12-24,0.26466607288464034,0.20125423496817593,2.444
26,5,201,454.3294328633116,7133.965412328104,6777.2671417117035,6847.62433160989,0.9897253139934379,70.35718989818628,0.06703726197644964,0.25625470455370847,0.9825979955049073,0.0,0.0,0.0,0.0,False,1126.7541275013305,1.9991073895975737,1440,2023-04-01,0.26334274252021717,0.14234644769480073,2.468
27,5,262,90.21158705264428,9204.794565830014,8744.554837538533,8822.605806798307,0.9911532974532727,78.05096925977439,0.010316315550493768,0.2169065552724082,0.9591186069122221,0.0,0.0,0.0,0.0,False,1158.412840606532,3.0981755670294655,1440,2023-07-15,0.26202602880761605,-0.004808841851459772,2.518
28,5,142,443.7675594723649,4675.112396657887,4441.356776824981,4483.644060518329,0.990568545780492,42.28728369334753,0.09991711582099098,0.20796411903979395,0.9807066711127695,0.0,0.0,0.0,0.0,False,871.2049247989869,2.3142668260999595,1440,2023-05-09,0.260715898663578,-0.03681247283322801,2.476
29,5,174,550.4096941938336,6139.265897854304,5832.302602961598,5874.409921428067,0.9928320769184196,42.10731846647039,0.0943726229010031,0.2223928075964257,0.9840382267331186,0.0,0.0,0.0,0.0,False,1368.65117917809,2.1104101894246723,1440,2023-03-26,0.2594123191702601,-0.04314022385888094,2.595
30,5,142,461.62245916152693,4987.284958966218,4737.9207110179,4750.637749876725,0.9973230880718794,12.717038858823802,0.09743144457610635,0.16233584142862442,0.9780354696334846,0.0,0.0,0.0,0.0,False,1124.6563647730543,1.968713129787481,1440,2023-11-15,0.2581152575744088,-0.08106517988381444,2.571
31,5,202,693.5440236145627,7483.988556132886,7109.789128326256,7137.9689630045095,0.9960521214333787,28.179834678252497,0.09754776282342886,0.17497705201971986,0.9555459287843814,0.0,0.0,0.0,0.0,False,1650.8929281794972,3.4643702517350135,1440,2023-08-27,0.25682468128653674,0.02260338879397037,2.531
32,5,296,1336.8110088558585,10217.451375036433,9706.578806284646,9728.39178286217,0.9977578024133494,21.812976577526648,0.13772216097296028,0.13741526254994796,0.9552888919181118,0.0,0.0,0.0,0.0,False,2315.6589426464557,2.8132407142464433,1440,2023-01-21,0.25554055788010405,0.07897872783480228,2.574
33,5,144,560.5477311779606,4937.544841650786,4690.667599568223,4706.829068296211,0.9965663786609871,16.161468727988208,0.11950276144691199,0.14935667501650735,0.9700355900656474,0.0,0.0,0.0,0.0,False,1016.0201512952149,2.8099798993630385,1440,2023-09-25,0.25426285509070357,0.2098441727734686,2.413
34,5,189,86.79608902610707,6662.179334493598,6329.070367768911,6348.321170567985,0.9969675757917976,19.25080279907516,0.013713876443548526,0.1926235067161883,0.9829210315125372,0.0,0.0,0.0,0.0,False,1362.105789485792,1.9258523281526951,1440,2023-12-30,0.25299154081525005,0.29079758754714563,2.667
35,5,192,624.3002381979776,6597.382957913268,6267.513810017592,6323.623594176977,0.991126956985382,56.10978415938652,0.09960891305897662,0.21249223830576194,0.9510172120645665,0.0,0.3472222222222222,3.621775888265672,0.0,False,1195.7824060909008,3.696025968062249,1450,2023-09-02,0.25172658311117374,0.2607421142909797,2.586
36,5,283,982.7329810706282,10272.653902886586,9759.021207742262,9888.440760775316,0.9869120363701398,129.41955303305525,0.10069995342268369,0.22619629956743656,0.9525009017481595,0.0,0.0,0.0,0.0,False,2151.985484079679,2.8629661065622503,1440,2023-09-29,0.2504679501956179,0.19236191427369692,2.452
37,5,156,679.5121483787192,5600.667091615988,5320.63373703519,5338.7420931179,0.9966081230808933,18.108356082710458,0.1277126338633042,0.16269566293953447,0.9679518273018102,0.0,0.0,0.0,0.0,False,1188.4593719543657,2.9005538185891715,1440,2023-06-21,0.24921561044463983,0.10619900450581467,2.616
38,5,210,692.1999835238141,7429.206513007616,7057.74618735722,7098.475327967083,0.9942622691876669,40.729140609862604,0.09807663312741048,0.197526319088412,0.9679113919436614,0.0,0.0,0.0,0.0,False,1473.0213186599376,2.2941700449843854,1440,2023-09-29,0.2479695323924166,0.17883529412591676,2.543
39,5,167,620.443686885439,5883.8176862309665,5589.626801919392,5621.360374743465,0.9943548232618832,31.733572824072294,0.11099912550018333,0.1614718982851278,0.9573302273155784,0.0,0.0,0.0,0.0,False,1646.226232290268,2.7573515842311807,1440,2023-02-10,0.24672968473045453,0.16044056634004722,2.513
40,5,123,249.91987958328548,4137.787383492743,3930.8980143180825,3949.6453575500223,0.9952534109939509,18.747343231940032,0.06357831688152832,0.18357013731948524,0.9628270434907057,0.0,0.0,0.0,0.0,False,560.5230094573136,3.0987012265221314,1440,2023-06-10,0.24549603630680228,0.22697091496432042,2.508
41,5,255,890.2380791518566,9556.126328146962,9078.320011739614,9135.890869699113,0.9936983859833042,57.57085795949732,0.09806198481664524,0.1941186491513519,0.9797263358220533,0.0,0.0,0.0,0.0,False,1626.973407869537,2.111793224261112,1440,2023-04-30,0.24426855612526827,0.23240056112217838,2.478
42,5,131,429.5618042382576,4405.511086743762,4185.235532406554,4201.683840167211,0.9960853057044856,16.44830776065694,0.10263742647507704,0.15524483228182812,0.9922104848244663,0.0,0.0,0.0,0.0,False,918.7245406999562,1.4239185484680807,1440,2023-01-05,0.2430472133446419,0.21383161956079055,2.436
43,5,170,627.6490004873957,6245.775752391554,5933.486964771962,5964.06213622251,0.9948734317731449,30.575171450548048,0.10578080043216505,0.14710195702927423,0.9824859767057025,0.0,0.0,0.0,0.0,False,1242.9696120991064,1.7622811115500772,1440,2023-12-06,0.2418319772779187,0.28673662181054116,2.514
44,5,210,744.9767586137685,7657.869930402325,7274.976433882187,7308.870848769164,0.9953625648081216,33.89441488697665,0.10240263530533836,0.18729660765135364,0.951001172164549,0.0,2.4305555555555554,43.66432618514601,0.0,False,1402.3393374281939,3.8764413361517565,1521,2023-08-26,0.2406228173915291,0.36561985131449654,2.502
45,5,207,567.5294350907285,7444.803946326027,7072.5637490097215,7093.942967657516,0.9969862714226395,21.37921864779494,0.08024380623931346,0.150776428237514,0.9741662598259396,0.0,0.0,0.0,0.0,False,1767.1996195306888,2.2458002534627006,1440,2023-11-27,0.23941970330457144,0.3409333731665184,2.338
46,5,141,248.52676856145496,4887.748906643215,4643.36146131106,4668.275935608051,0.9946630244996977,24.914474296990615,0.053523028657623185,0.1902976894719976,0.9553847190066599,0.0,0.0,0.0,0.0,False,819.7799032499876,3.381280146252688,1440,2023-08-07,0.23822260478804858,0.40398976394670744,2.465
47,5,297,630.6657941698244,10429.29366532003,9907.828982054027,9970.182450193193,0.9937460053062561,62.35346813916723,0.06365327816135546,0.18736575558672533,0.9513663816725222,0.0,0.0,0.0,0.0,False,1330.6916804985901,3.3831921585686504,1440,2023-05-27,0.23703149176410834,0.3679732173813948,2.554
48,5,255,98.68096127671205,8875.143916755274,8431.386720917533,8479.802618565329,0.9942904452113313,48.415897647795376,0.011704001315927451,0.18406321453979055,0.9586781808081664,0.0,0.0,0.0,0.0,False,1198.7575264569082,3.192551412821514,1440,2023-07-15,0.2358463343052878,0.3462419468974075,2.474
49,5,294,981.4917241975207,10813.277248759636,10272.613386321624,10316.24449233922,0.9957706405611076,43.631106017595386,0.09554450141230998,0.18715923153530165,0.9510106122278482,0.0,2.638888888888889,153.2305506671269,0.0,False,2095.8317958330517,3.569814030282928,1486,2023-06-13,0.23466710263376137,0.33691936008648465,2.523
50,5,136,434.8069601227546,4889.709863332854,4645.2243701662,4667.9325761612945,0.99513527549411,22.708205995094392,0.09360300503788105,0.17339683463957115,0.9625979401557991,0.0,0.0,0.0,0.0,False,936.6916678183512,3.0928336616648067,1440,2023-07-24,0.23349376712059255,0.3232920916708568,2.464
51,5,251,872.196913956666,9217.665162612093,8756.781904481544,8804.75575449895,0.9945513707188421,47.973850017405915,0.0996024479621096,0.1827144086616054,0.9510023520671979,0.0,1.1805555555555556,49.19566108763314,0.0,False,1795.0127900017437,3.3343748792785535,1459,2023-09-12,0.2323262982849896,0.3439977083769832,2.524
52,5,173,479.034296156924,6238.620474182078,5926.689450472959,5931.218167852614,0.9992364608329195,4.528717379654621,0.08082662338899776,0.1378607558570002,0.9850933237828531,0.0,0.0,0.0,0.0,False,1425.2847542701793,1.869703633042604,1440,2023-02-17,0.23116466679356462,0.3409278184603286,2.511
53,5,217,791.4153860960029,7774.167956517985,7385.459558692072,7410.351070457337,0.9966409807674971,24.891511765265673,0.10715858367467096,0.1681171575750652,0.9575554560328438,0.0,0.0,0.0,0.0,False,1541.890646531977,3.048159043059193,1440,2023-08-16,0.23000884345959682,0.4402569049042864,2.56
54,5,287,955.7616460994515,10032.440095776521,9530.818090987734,9552.401996290173,0.9977404735153711,21.58390530243961,0.10028117596780198,0.16405320907383977,0.9532087533783646,0.0,0.0,0.0,0.0,False,2281.293706561007,2.931777659706587,1440,2023-04-25,0.22885879924229882,0.45475023240095636,2.58
55,5,170,550.1754077234546,6206.843087532016,5896.500933155417,5914.066015957587,0.9970299481347055,17.565082802168877,0.09330540501229719,0.15956256829833623,0.9830125842119998,0.0,0.0,0.0,0.0,False,1024.5846251722808,2.073833652455701,1440,2023-09-28,0.22771450524608736,0.47708292064729624,2.465
56,5,251,675.073815048255,8488.872560383945,8064.428932364692,8096.906586612006,0.9959888811980349,32.477654247313794,0.0837100581715098,0.16440511529539287,0.9594313107006941,0.0,0.0,0.0,0.0,False,1982.9654224740932,3.208566967285292,1440,2023-05-30,0.2265759327198569,0.5068503525355591,2.618
57,5,149,242.12061254479025,5148.398568710351,4890.978640274832,4914.947123807222,0.9951233486488003,23.968483532388802,0.04950351051444892,0.20190759609161474,0.9590432907210501,0.0,0.0,0.0,0.0,False,970.2777977673468,3.333550363718763,1440,2023-05-28,0.22544305305625761,0.5217904388878752,2.496
58,5,178,683.8515376059686,6633.801829656312,6302.111738173497,6316.917245245175,0.9976562132291946,14.805507071678726,0.10851149043640493,0.17803453656010093,0.9751706167163253,0.0,0.0,0.0,0.0,False,1128.633285864801,2.531922895005181,1440,2023-05-10,0.22431583779097633,0.4511416704134592,2.721
59,5,295,589.4022183716789,10507.063106741247,9981.70995140417,10003.592642352412,0.9978125167896583,21.88269094824326,0.059048221320913585,0.18158303925108718,0.9689732963774521,0.0,0.0,0.0,0.0,False,1968.888015471096,2.5222231186723287,1440,2023-12-17,0.22319425860202144,0.44824165977525177,2.527
60,5,196,549.7991049201477,6913.499838220781,6567.824846309728,6591.969333108588,0.9963372877544207,24.1444867988612,0.08371098769923258,0.17741556155831154,0.9696116246666928,0.0,0.0,0.0,0.0,False,1393.702266489192,2.6929817537713383,1440,2023-10-04,0.22207828730901136,0.4390357933819617,2.383
61,5,213,723.7159184759525,7717.032721258187,7331.181085195245,7389.272055563637,0.9921384718370664,58.09097036839093,0.0987175067790156,0.19005947718509952,0.9510032418653891,0.0,3.9583333333333335,120.91341242986648,0.0,False,1515.0359983749565,3.7655620456438346,1563,2023-09-02,0.2209678958724663,0.44196877311352045,2.488
62,5,173,629.8955559125102,6087.116621397712,5782.760790327819,5830.315250853414,0.9918435867565423,47.55446052559411,0.10892644166884205,0.17347217548989383,0.9705874062714952,0.0,0.0,0.0,0.0,False,834.6954479827593,2.7945513314818755,1440,2023-06-17,0.21986305639310397,0.41699556866057896,2.496
63,5,140,490.5362962830656,4497.579512501737,4272.700536876633,4300.552115033802,0.9935237203474862,27.851578157168458,0.11480708560063287,0.2084280182873895,0.9852288370903134,0.0,0.0,0.0,0.0,False,1038.2166516199911,1.9424505824204,1440,2023-02-10,0.21876374111113842,0.4348354600531836,2.484
64,5,196,437.3163683607129,6959.313229635696,6611.347568153917,6661.427516822761,0.9924820995886583,50.079948668844054,0.06614632854385305,0.22245092746467113,0.9559148614756151,0.0,0.0,0.0,0.0,False,1026.1145664302164,3.2912330981216593,1440,2023-08-07,0.21766992240558275,0.3717831180984073,2.409
65,5,232,876.3391910735565,8455.140963117687,8032.38391496184,8081.0998141611835,0.9939716251104862,48.715899199343646,0.10910076016675553,0.21765853452236952,0.9795239613518858,0.0,0.0,0.0,0.0,False,1438.472580380685,1.9669446095126228,1440,2023-11-20,0.2165815727935548,0.2893682979713331,2.387
66,5,202,948.973879162386,7285.5030960147,6921.227941213947,6960.8694116884635,0.9943050978074733,39.6414704745168,0.13711062360936216,0.21566145544711154,0.9813792004744384,0.0,0.0,0.0,0.0,False,1191.9628166778034,1.7468322755685444,1440,2023-02-23,0.21549866492958705,0.2330967796166189,2.474
67,5,260,574.3772588064408,8919.771351123825,8473.782783567582,8542.737051194268,0.9919283167428118,68.9542676266862,0.06778286315295656,0.21644074176000483,0.9758565743332042,0.0,0.0,0.0,0.0,False,1585.196491051996,2.235293103784892,1440,2023-12-15,0.21442117160493912,0.19169006612605946,2.49
68,5,185,546.1378744605315,6703.1479701529615,6367.9905716453195,6433.545634802103,0.9898104300679604,65.55506315678417,0.08576298414955473,0.22894438212729665,0.9711541903366516,0.0,0.0,0.0,0.0,False,869.2380903600003,2.786540809153097,1440,2023-05-13,0.21334906574691442,0.15602822835724645,2.489
69,5,230,807.7352248972803,7951.131718217545,7553.575132306701,7590.8748169614755,0.9950862469011569,37.29968465477397,0.10693416173787566,0.1911982456575104,0.9656657116968869,0.0,0.0,0.0,0.0,False,1063.9825742013268,2.8293204968114454,1440,2023-06-17,0.21228232041817982,0.0985435302277892,2.453
70,5,259,1192.5685642853937,9205.403545191804,8745.13336793222,8768.981938353734,0.9972803490086796,23.848570421515447,0.13636939702468776,0.1939901228652378,0.9515785411174092,0.0,0.0,0.0,0.0,False,2272.558065730641,2.8915929760747883,1440,2023-03-05,0.21122090881608893,0.13603735967487762,2.637
71,5,286,1345.1622625368832,10286.0121631583,9771.711555000404,9803.824029074902,0.99672449505629,32.112474074497264,0.13765881800394872,0.16990142585200305,0.9560508703496946,0.0,0.0,0.0,0.0,False,2218.6783480082986,2.786892944694721,1440,2023-02-26,0.21016480427200848,0.1601907872322862,2.624
72,5,197,163.54900802149976,7227.710081374544,6866.32457730583,6909.13615014084,0.9938036287164297,42.81157283500981,0.02381900333725153,0.21832023061934755,0.953235568421217,0.0,0.0,0.0,0.0,False,1653.4746124545563,3.3325155758736575,1440,2023-08-02,0.20911398025064845,0.23401359141472933,2.464
73,5,127,54.20953429859263,4436.895187111626,4215.050427756036,4241.932511544898,0.9936627742860831,26.88208378886208,0.012860945610905094,0.20657927869471568,0.9711312334403115,0.0,0.0,0.0,0.0,False,949.5332226163572,2.754718076123219,1440,2023-09-19,0.20806841034939522,0.1856344527415586,2.411
74,5,250,1093.7892888536694,9152.420520526804,8694.799494500481,8719.266910271705,0.9971938677846415,24.467415771223994,0.12579810374529032,0.19025825877046804,0.9749706908287316,0.0,0.0,0.0,0.0,False,1550.0761393008643,2.0326123563992162,1440,2023-03-07,0.20702806829764822,0.17243227210247633,2.446
75,5,215,583.8571566503281,7934.992074248685,7538.242470536266,7578.736051956552,0.9946569479207774,40.49358142028456,0.07745268992505527,0.19840910683189128,0.9613889143466882,0.0,0.0,0.0,0.0,False,1545.9326546945608,3.096602306115412,1440,2023-05-31,0.20599292795615998,0.19826385848603192,2.516
76,5,277,952.8265522312432,9848.417944149236,9355.997046941793,9390.350909123983,0.9963415784442293,34.353862182190916,0.10184126260949333,0.16927207667795838,0.9562803037014347,0.0,0.0,0.0,0.0,False,1881.5831254351885,3.4906952068394306,1440,2023-07-06,0.20496296331637917,0.20107680651615073,2.549
77,5,203,828.5928778876798,7798.798890217538,7408.858945706663,7438.145361801362,0.9960626722562993,29.28641609470008,0.11183812297679639,0.20649093392088833,0.9760163675892819,0.0,0.0,0.0,0.0,False,1689.8468359681892,2.3164854352310718,1440,2023-10-26,0.2039381484997973,0.2689650274450002,2.431
78,5,186,877.4427970141629,6779.241380293285,6440.2793112786085,6469.0913279153665,0.9955462034501772,28.812016636758223,0.13624297248685033,0.20174805132417484,0.9766496575333548,0.0,0.0,0.0,0.0,False,1602.8775155656995,2.1470882821522514,1440,2023-03-05,0.2029184577572983,0.2410695715575895,2.385
79,5,131,400.6642103202,5138.06892330672,4881.165477141358,4936.6877417520645,0.9887531341832446,55.522264610707424,0.08208371795558302,0.2468522633265776,0.9579600005178859,0.0,0.0,0.0,0.0,False,792.0357164682777,3.199778826645161,1440,2023-05-25,0.20190386546851183,0.22910014599422185,2.342
80,5,202,710.1814586976783,7095.7368425762725,6740.950000447436,6783.241534220409,0.9937652914820121,42.29153377297474,0.10535331943576788,0.19691027875479902,0.9784254765206889,0.0,0.0,0.0,0.0,False,1534.4595400166281,1.9690504361964154,1440,2023-12-05,0.20089434614116924,0.11795272597191282,2.462
81,5,236,21.69756626518655,8407.077453455277,7986.723580782555,8039.472951179756,0.9934387029202629,52.74937039720194,0.00271670429628924,0.16404691368860908,0.9851243345852132,0.0,0.0,0.0,0.0,False,1474.1046070813322,2.0081808432095247,1440,2023-12-23,0.19988987441046338,0.1390616420742385,2.436
82,5,259,1201.3830007647673,9124.203354018568,8667.993186317686,8739.900773330177,0.9917724938901004,71.90758701248946,0.13859990137753392,0.22482506480485284,0.9768388587710607,0.0,0.0,0.0,0.0,False,1535.45631200149,2.103040125245797,1440,2023-02-23,0.19889042503841106,0.23004583241728643,2.515
83,5,274,623.9207083795247,10009.710648063729,9509.225115660547,9554.235564083227,0.9952889534572619,45.01044842267934,0.06561215038983592,0.19934835544593166,0.9608301111361423,0.0,0.0,0.0,0.0,False,2074.690897491804,2.835444045151478,1440,2023-04-01,0.19789597291321903,0.1678799989957459,2.534
84,5,158,517.3507120496856,5494.428800528848,5219.707360502408,5249.6744177469245,0.9942916350882236,29.967057244516496,0.09911488831049899,0.1909069300888585,0.9849298038169417,0.0,0.0,0.0,0.0,False,1251.1475258297064,1.970496636739998,1440,2023-09-29,0.19690649304865293,0.1742286750758435,2.354
85,5,227,867.0805241028303,7919.145171451722,7523.187912879108,7537.875997217934,0.9980514292959651,14.688084338825808,0.11525440200934718,0.1791394663482472,0.9765415780213605,0.0,0.0,0.0,0.0,False,1624.6541585976356,2.1655174188328763,1440,2023-10-11,0.19592196058340966,0.19833340522103954,2.501
86,5,265,724.4449750255798,9278.16672626676,8814.258389953467,8880.311125832644,0.9925618894492299,66.05273587917824,0.08219012229676696,0.20265197047168917,0.9802259130033091,0.0,0.0,0.0,0.0,False,1182.4845984595058,2.0076484120705382,1440,2023-04-29,0.1949423507804926,0.24454863624912893,2.701
87,5,167,411.9749795279365,6037.627284497674,5735.745920272777,5755.401898455028,0.9965847774787844,19.655978182249527,0.07182587674810116,0.18030355038788354,0.9851436429608101,0.0,0.0,0.0,0.0,False,1290.483152961534,1.8392680131967962,1440,2023-11-19,0.19396763902659017,0.2296607134764436,2.53
88,5,182,429.93987723391695,6612.45533666871,6281.832569835254,6308.77117403155,0.9957299760201825,26.93860419629628,0.06844179185838958,0.17606984516371257,0.9733025218771706,0.0,0.0,0.0,0.0,False,971.3862048834161,2.682609329209254,1440,2023-05-19,0.1929978008314572,0.26790172192327355,2.565
89,5,272,555.6470051819621,9354.454514510073,8886.731788784564,8927.729191885539,0.9954078576735685,40.99740310097694,0.06252546137188617,0.17978241709961545,0.9510039880883977,0.0,0.1388888888888889,0.9182269910072614,0.0,False,1618.5040786993175,3.6374134965658627,1444,2023-06-03,0.19203281182729992,0.30900518791572806,2.452
90,5,225,115.99211309541306,7835.068735063126,7443.315298309944,7475.547338719316,0.9956883370609632,32.232040409372765,0.015583393749523127,0.18556501974623568,0.9556672553808108,0.0,0.0,0.0,0.0,False,1598.742462271042,2.933802702589168,1440,2023-09-18,0.19107264776816343,0.33473118159572457,2.454
91,5,212,609.9806816589747,7545.731809734524,7168.4452192477975,7235.328494473682,0.9907560140113928,66.88327522588527,0.08509246607913418,0.21429279811976518,0.9671250702176467,0.0,0.0,0.0,0.0,False,1139.3735707135966,2.80173553270495,1440,2023-05-13,0.19011728452932258,0.34331199972984544,2.457
92,5,241,770.7305078772281,8248.217311892706,7835.806446298075,7886.423142271569,0.9935817930308372,50.61669597349525,0.09836007476184531,0.18604529560452954,0.9688656559031643,0.0,0.0,0.0,0.0,False,1678.0789504374354,2.3705797849397006,1440,2023-12-03,0.189166698106676,0.286260901909389,2.449
93,5,212,800.0898792073422,8117.965427301864,7712.067155936786,7770.343455977624,0.9925001641985326,58.27630004083822,0.10374519088457745,0.20244693059868615,0.9767408578311289,0.0,0.0,0.0,0.0,False,1584.0851000885723,2.118457708030804,1440,2023-02-24,0.1882208646161426,0.30346226440631585,2.506
94,5,297,1302.4412644461877,10738.45988299575,10201.536888845956,10308.013573532695,0.9896704943268475,106.47668468673974,0.12767108315515052,0.21837067826858433,0.9510010926566694,0.0,0.8333333333333334,6.574526056803023,0.0,False,2040.3342109181804,3.2721276562302384,1464,2023-06-15,0.1872797602930619,0.2810174108867784,2.986
95,5,256,851.3836962853686,8921.511063333495,8475.435510166837,8538.84202697098,0.9925743424455136,63.40651680414175,0.1004530912026973,0.19687275884211813,0.9510000029019243,0.0,6.805555555555555,257.9263742543992,0.0,False,1474.5253837261334,4.100585647709891,1756,2023-08-19,0.18634336149159655,0.22711074928394323,2.681
96,5,129,370.39423704834815,4610.44165811419,4379.919575208487,4405.691595948643,0.9941502894202001,25.772020740156425,0.08456644709753995,0.20706148726535997,0.9606196034203892,0.0,0.0,0.0,0.0,False,1032.61999175962,3.228739204152174,1440,2023-06-01,0.1854116446841386,0.23143720479779484,2.464
97,5,146,521.3570605796243,5037.792552746163,4785.902925108861,4811.2652071837965,0.994728562865945,25.36228207493505,0.10893598736496841,0.196889220919516,0.9943244434581702,0.0,0.0,0.0,0.0,False,989.0530997895183,1.418603169623961,1440,2023-11-20,0.18448458646071791,0.21213009231447605,2.333
98,5,218,751.3952553883502,7805.942704871019,7415.645569627489,7490.363802371321,0.9900247525066569,74.71823274383127,0.10132566994111278,0.2336948672496704,0.9510013140306435,0.0,1.0416666666666667,15.477177271753126,0.0,False,1770.0744966928619,3.308800811873308,1476,2023-09-15,0.1835621635284143,0.219218927242702,2.404
99,5,268,1170.8537281813187,9627.76204547579,9146.37394320205,9212.627613462126,0.9928083850731945,66.25367026007416,0.12801288635826483,0.2096618362784526,0.9576302154576644,0.0,0.0,0.0,0.0,False,1639.2508952071676,2.9997599629176874,1440,2023-06-21,0.18264435271077226,0.14223282989645958,2.564
100,5,132,405.3624450652173,4547.397376102169,4320.027507297056,4343.997215665052,0.9944821077965802,23.969708367996052,0.0938333018436828,0.19066528116102072,0.9639539423536214,0.0,0.0,0.0,0.0,False,973.2946405854483,3.0493783121766196,1440,2023-06-12,0.18173113094721838,0.13303352834222212,2.52
101,5,243,815.7768971650652,8636.361023823314,8204.542972632164,8261.167241095747,0.9931457302810791,56.624268463582055,0.09942990120062098,0.22047827141395335,0.9574617296409714,0.0,0.0,0.0,0.0,False,1867.764164825688,2.56334933989635,1440,2023-05-08,0.18082247529248227,0.16793324429913126,2.509
102,5,257,795.8827147591877,9025.371785635896,8574.10319635407,8631.276188295267,0.9933760673747495,57.17299194119573,0.0928240186212848,0.21307279651686378,0.9733294770746668,0.0,0.0,0.0,0.0,False,1608.5995541527432,2.0713740565831933,1440,2023-03-29,0.1799183629160199,0.12924052493750915,2.606
103,5,262,783.0446052119693,9077.01784508421,8623.166952829979,8691.521565972365,0.9921354836867693,68.35461314238592,0.09080707928946999,0.18267285999625024,0.9510004878889915,0.0,4.930555555555555,188.4971298504663,0.0,False,1223.0095490608355,3.949787421192764,1615,2023-06-24,0.1790187711014398,0.1139247543959653,2.555
104,5,278,676.4416613102002,9939.246116597551,9442.283810767693,9526.057344439636,0.991205854568906,83.77353367194276,0.07163962393704018,0.20730988680003878,0.9721594972904145,0.0,0.0,0.0,0.0,False,1870.4655327097385,2.310068886092143,1440,2023-11-09,0.1781236772459326,0.1694183553082675,2.412
105,5,154,188.5060909327717,5411.975652074855,5141.376869471111,5179.897858252814,0.9925633690401191,38.520988781703835,0.03666451530758203,0.17824832510782626,0.9867740036209699,0.0,0.0,0.0,0.0,False,1029.834261108,1.6349554857788768,1440,2023-01-14,0.17723305885970292,0.15924628272977254,2.537
106,5,220,233.75076091690752,7926.154523718583,7529.84679753264,7559.931032306502,0.9960205675626801,30.084234773861393,0.031043229324865192,0.185517554337554,0.9569971641200662,0.0,0.0,0.0,0.0,False,1640.2540940977383,2.799238702440097,1440,2023-10-14,0.1763468935654044,0.21613164413445277,2.651
107,5,265,648.5347297586542,9994.409320144026,9494.688854136864,9523.182829932643,0.9970079356550609,28.49397579577704,0.06830500079800779,0.1715251707146985,0.9728307217112435,0.0,0.0,0.0,0.0,False,1770.6256486856446,2.4963119336974193,1440,2023-12-15,0.17546515909757737,0.24637175123591823,2.55
108,5,184,355.5180571730269,6512.888130950595,6187.243724403097,6201.763948719479,0.9976586944558926,14.52022431638236,0.05745984367333531,0.1885911891929734,0.9713339580445803,0.0,0.0,0.0,0.0,False,1418.4121648037622,2.523824754776271,1440,2023-01-01,0.1745878333020895,0.3027708223516378,2.568
109,5,154,585.1359750120969,5692.049392598787,5407.446922968842,5445.990472421346,0.9929225822836655,38.543549452502624,0.10820928681272023,0.2093293134823688,0.9930229665188196,0.0,0.0,0.0,0.0,False,1138.666694468702,1.5622080265021188,1440,2023-11-21,0.17371489413557906,0.31091527913236,2.559
110,5,206,625.1734657136034,7165.250178911662,6806.987669966059,6831.804033669763,0.996367524071036,24.816363703702983,0.09184289674447443,0.16810296928233098,0.9710397642427739,0.0,0.0,0.0,0.0,False,1414.5685380679713,2.429792778554812,1440,2023-10-08,0.17284631966490113,0.2713405054461495,2.47
111,5,134,318.4302257940296,4919.437813288153,4673.465922623781,4721.614275469584,0.9898025653861752,48.148352845803316,0.06813577568898935,0.22956017314464838,0.9735441776988504,0.0,0.0,0.0,0.0,False,641.3274148298367,2.599211268710518,1440,2023-05-19,0.17198208806657664,0.3319734952731477,2.452
112,5,159,515.2600758251374,5780.048443917975,5491.046021722086,5535.631933908966,0.9919456508815615,44.58591218688057,0.09383641546379591,0.21120076195262147,0.9665916029027597,0.0,0.0,0.0,0.0,False,1348.5293655482233,2.9865155064730065,1440,2023-07-05,0.17112217762624377,0.24379602998041555,2.556
113,5,274,948.1129981815775,10220.471794020092,9709.448204319131,9746.637820031185,0.9961843646600244,37.189615712052884,0.09764849435623137,0.17544996178365968,0.9642532827567059,0.0,0.0,0.0,0.0,False,1853.4313507080078,2.629610264752152,1440,2023-12-03,0.17026656673811255,0.21308472427105798,2.653
114,5,240,842.1942191346938,8819.319774839776,8378.353786097789,8410.205422849343,0.9962127397429534,31.85163675155382,0.1005202502348549,0.17772767613666898,0.9540621683308945,0.0,0.0,0.0,0.0,False,1909.2833207794201,3.259050666365515,1440,2023-09-17,0.16941523390442195,0.26839494198610486,2.632
115,5,275,831.1953046107217,10293.872441761718,9779.178819673543,9831.198833378761,0.9947086805396916,52.020013705215284,0.0849964316981852,0.18324774141296907,0.9733147903736075,0.0,0.0,0.0,0.0,False,1722.6556050821405,2.270885479059924,1440,2023-03-21,0.16856815773489983,0.3087457607746885,2.587
116,5,272,152.88191699541142,10140.054894757988,9633.052150020103,9711.523235280292,0.9919197963739491,78.47108526018962,0.01587055842888719,0.20629134070303687,0.9810622451967425,0.0,0.0,0.0,0.0,False,1552.8417782045547,2.11360380254765,1440,2023-12-30,0.16772531694622533,0.3297198851270467,2.585
117,5,278,1074.855887286888,9841.471508825454,9349.397933384185,9406.991563495249,0.9938775718334264,57.593630111061884,0.11496525176758887,0.18639151938735346,0.9588253601057085,0.0,0.0,0.0,0.0,False,2252.282017469406,3.1093717909160445,1440,2023-01-16,0.16688669036149426,0.29548869913563225,2.723
118,5,176,651.5242244034025,6059.824261661908,5756.8330485788265,5773.9409610612975,0.9970370475559337,17.10791248247142,0.11317406965002094,0.17311572802277958,0.9635294241373975,0.0,0.0,0.0,0.0,False,1515.492465853691,2.782087440394804,1440,2023-03-10,0.16605225690968675,0.31256378126763656,2.548
119,5,205,152.36006371578156,7281.537540613241,6917.460663582578,6930.223805516711,0.9981583362540221,12.763141934133008,0.022025432615452523,0.1587597923326237,0.9745432604519584,0.0,0.0,0.0,0.0,False,1717.5840840182618,2.1781836691191887,1440,2023-04-10,0.1652219956251383,0.3567748015741636,2.561
120,5,231,807.6006419535419,8386.196950459625,7966.887102936654,8010.927050270709,0.9945025154944375,44.03994733405474,0.10136966063644284,0.17557246021960027,0.9510007404764728,0.0,1.0416666666666667,27.176575980594407,0.0,False,1969.0151584055823,3.2428442493205156,1485,2023-04-18,0.16439588564701263,0.42578868672109693,2.558
121,5,169,465.7142875255415,6478.236959532977,6154.325111556302,6169.635776577221,0.9975183842976525,15.31066502091954,0.07567268207054015,0.16153742281846098,0.973735276600122,0.0,0.0,0.0,0.0,False,1373.279510961811,2.5525309568827756,1440,2023-06-04,0.16357390621877757,0.4452333024763151,2.495
122,5,286,126.24148857416121,9897.936239342358,9403.039427375254,9441.045846562687,0.9959743422704307,38.00641918743118,0.01342560451322068,0.17894498961065028,0.9836671911368867,0.0,0.0,0.0,0.0,False,1589.408363864829,2.163682351160689,1440,2023-12-30,0.16275603668768368,0.4935892062220731,2.563
123,5,121,147.42081376889396,4273.959616739259,4060.2616359023204,4082.953069059144,0.9944423967718903,22.691433156823962,0.03630820547753503,0.16689748483655578,0.9602956453472248,0.0,0.0,0.0,0.0,False,522.1461398888162,3.1963095126772356,1440,2023-07-22,0.16194225650424526,0.49503003279533053,2.508
124,5,271,628.083797143679,9751.48830869234,9263.913893257755,9276.08267726002,0.9986881548574276,12.16878400226312,0.06779896751855566,0.14548419282205155,0.9657880716922644,0.0,0.0,0.0,0.0,False,1986.9229003179817,2.583452942830876,1440,2023-12-15,0.16113254522172402,0.5243423303151165,2.533
125,5,236,910.776526385158,8441.842749673844,8019.75061219017,8046.673435371487,0.9966541672906756,26.922823181318385,0.11356668934327718,0.17882452509952584,0.9643117234267604,0.0,0.0,0.0,0.0,False,1667.4008586123434,2.689521553794736,1440,2023-10-12,0.1603268824956154,0.597627201121752,2.562
126,5,165,896.5751488334107,5958.881017284871,5660.936966420617,5669.111914167306,0.998557984412645,8.174947746688925,0.15837928494022976,0.15348139295239507,0.9796485172425238,0.0,0.0,0.0,0.0,False,1432.3043704503461,2.03772775778932,1440,2023-01-24,0.15952524808313734,0.5839651405016408,2.472
127,5,250,876.0414799434128,8902.644434531689,8457.512212805155,8470.94226831742,0.9984145735991502,13.430055512265138,0.10358146200688143,0.1680607694324666,0.9764631858000967,0.0,0.0,0.0,0.0,False,1631.9064232823437,2.066831768450231,1440,2023-11-28,0.15872762184272163,0.6311163130816198,2.569
128,5,194,739.0757143197523,6994.763361875841,6645.025193782033,6687.130958208094,0.9937034634600093,42.105764426060155,0.11122240966239369,0.20542047605405253,0.9836244794368197,0.0,0.0,0.0,0.0,False,1135.1271072126342,2.1771497313527144,1440,2023-03-18,0.15793398373350803,0.6383595844178223,2.775
129,5,271,128.04296157177194,9903.113585739884,9407.957906452857,9455.690376327022,0.9949519846807097,47.732469874164615,0.013610069565037925,0.18408912614457904,0.9689700445989947,0.0,0.0,0.0,0.0,False,1795.167949630048,2.3722403348177683,1440,2023-12-30,0.15714431381484048,0.5616918231165924,2.726
130,5,300,1056.4440560290336,10375.18270495449,9856.423569706807,9896.544232749613,0.9959459926516532,40.12066304280792,0.10718330523821624,0.18960229211377244,0.9617563407137188,0.0,0.0,0.0,0.0,False,2082.3290205513404,2.5213960887566103,1440,2023-02-18,0.1563585922457663,0.5480821275692214,2.613
131,5,171,644.7878057209679,6242.731046430406,5930.594494108882,5964.062899300818,0.9943883212237987,33.46840519193704,0.10872228852629592,0.18453891669383868,0.9890294924345444,0.0,0.0,0.0,0.0,False,1281.2146352206403,1.6757070909277183,1440,2023-04-15,0.15557679928453744,0.5255852913934104,2.564
132,5,205,705.6761441743187,7450.053973837373,7077.551275145509,7101.783140769763,0.9965879181124041,24.231865624253835,0.09970625668972077,0.18739386934512225,0.9799435407162834,0.0,0.0,0.0,0.0,False,1531.2245054114676,2.1178701355488334,1440,2023-04-25,0.1547989152881148,0.519500302541924,2.58
133,5,158,498.36298984911497,5837.467875764723,5545.594481976479,5570.4295024535995,0.9955416327473167,24.835020477119507,0.08986646814310444,0.16919239148817772,0.9872663158521517,0.0,0.0,0.0,0.0,False,1159.5469236199733,1.7959623322049945,1440,2023-04-12,0.1540249207116742,0.508981722160655,2.486
134,5,245,614.2703629373794,8876.962214219871,8433.114103508891,8487.03101207274,0.993647141328086,53.916908563847535,0.07284027648597698,0.20714523822757505,0.9740489165457128,0.0,0.0,0.0,0.0,False,1768.8504834999871,2.1710383210825874,1440,2023-12-26,0.15325479610811582,0.5421504895665087,2.595
135,5,235,785.9804625659898,8422.348314441348,8001.230898719274,8036.910491055393,0.9955605338175871,35.679592336120294,0.09823244354712957,0.2073606506405813,0.97728447836669,0.0,0.0,0.0,0.0,False,1494.0086060748376,1.9143699961327534,1440,2023-04-22,0.15248852212757524,0.4848319787531389,2.679
136,5,272,691.5052795445532,9802.715409615157,9312.579639134408,9358.177345297048,0.9951275013840644,45.59770616263906,0.07425496547042981,0.1779628472707457,0.9541885073781126,0.0,0.0,0.0,0.0,False,1691.1905058535767,3.3573313903693913,1440,2023-06-30,0.15172607951693737,0.4381352302618002,2.696
137,5,265,197.3077165273131,9391.89577149727,8922.300982922461,8952.017529018187,0.9966804638173017,29.716546095723597,0.02211399468645652,0.18076166518834988,0.9694696097886857,0.0,0.0,0.0,0.0,False,1817.7101698635333,2.30684422739881,1440,2023-01-10,0.15096744911935267,0.4665548565188302,2.652
138,5,296,633.349644054732,10325.158339840506,9808.900422848477,9864.292739905464,0.9943845627337375,55.392317056985874,0.06456887283506636,0.1857542256218254,0.9510044856747267,0.0,2.1527777777777777,22.529391142785578,0.0,False,1630.5004732495122,3.708322657969358,1502,2023-06-03,0.15021261187375592,0.4840950748463076,2.735
139,5,294,732.5703869782783,10498.162979613606,9973.254830632912,10009.895307060397,0.9963395744607199,36.6404764274847,0.0734534913043818,0.20184816440366482,0.9653623142690125,0.0,0.0,0.0,0.0,False,1896.5380395995767,2.596807554816471,1440,2023-10-27,0.14946154881438714,0.48785590527355216,2.793
140,5,281,949.3884661100949,10289.99631221563,9775.496496604846,9837.54040284661,0.9936931485207614,62.04390624176277,0.09711920682901677,0.19006838179608473,0.9534572374140732,0.0,0.0,0.0,0.0,False,1917.4294603079302,3.2501539348635484,1440,2023-08-04,0.1487142410703152,0.4553654960751178,2.811
141,5,147,511.7408689672031,5090.198053470755,4835.688150797188,4861.733558924483,0.9946427734445702,26.04540812729452,0.10582586242308449,0.1901868104993021,0.9892762695017641,0.0,0.0,0.0,0.0,False,952.9498171887245,1.5570526502411028,1440,2023-03-11,0.14797066986496363,0.4557852713632422,2.604
142,5,127,472.6299729729326,4726.4174743497315,4490.096600632222,4518.92376399318,0.9936207900671721,28.827163360958117,0.10526053557653627,0.2079504559237438,0.9843376059894227,0.0,0.0,0.0,0.0,False,1042.8815303484587,2.165919478119885,1440,2023-05-03,0.1472308165156388,0.4563512079216984,2.639
143,5,207,189.3763115079608,7208.1578036681785,6847.749913484785,6870.547526812788,0.996681834564271,22.797613328003614,0.02765526105663344,0.15018722668847104,0.9864020809706818,0.0,0.0,0.0,0.0,False,1368.4840502127117,1.884407032047549,1440,2023-11-03,0.1464946624330606,0.4173264144385045,2.599
144,5,182,559.4775486301616,6497.737084373744,6172.85023015506,6201.547373780673,0.9953725833415478,28.697143625613865,0.09063520541889247,0.20878203024891376,0.9772257862821967,0.0,0.0,0.0,0.0,False,1323.2457239591022,2.0183898205367283,1440,2023-01-15,0.1457621891208953,0.5156763226351259,2.611
145,5,281,1046.527768737035,10266.523766596962,9753.197578267082,9773.920151561379,0.997879809434397,20.722573294297,0.10730099132503979,0.16153884036815483,0.9510000712182832,0.0,2.7777777777777777,98.17783254323291,0.0,False,2002.0537562064776,3.624690246395307,1516,2023-06-22,0.14503337817529083,0.4650085798470033,2.614
146,5,264,890.3032498739057,10026.571283188874,9525.242719029393,9566.156721361674,0.9957230470371744,40.914002332281385,0.09346777569198007,0.19254779904046584,0.9553476571758039,0.0,0.0,0.0,0.0,False,1961.7744455393572,3.1617150516826347,1440,2023-05-24,0.14430821128441437,0.5303324613357672,2.576
147,5,196,324.983038548237,7441.792212787109,7069.70260214775,7115.024307556981,0.9936301404675324,45.32170540922914,0.045968417179176435,0.1993605382489072,0.9895245249068997,0.0,0.0,0.0,0.0,False,1102.5300825238228,1.7040333257972735,1440,2023-12-16,0.1435866702279923,0.5147444674956707,2.713
148,5,224,100.98388423798039,8245.706092482553,7833.420787858414,7847.720490745442,0.9981778526765969,14.299702887026621,0.012891415764936645,0.13945225399395164,0.9751959659251055,0.0,0.0,0.0,0.0,False,1928.7719518324848,2.3924005272115263,1440,2023-12-21,0.14286873687685234,0.48731801925257723,2.715
149,5,226,801.7552539292859,8277.441416500758,7863.569345675765,7890.77776223273,0.9965518713900179,27.20841655696479,0.1019581844687587,0.1829701021892328,0.980339910445822,0.0,0.0,0.0,0.0,False,1451.3723868490692,2.1989123676099376,1440,2023-05-05,0.14215439319246806,0.6002024733193071,2.747
150,5,281,1273.842882935402,10004.809916636017,9504.569420804226,9517.50363457693,0.998641007740127,12.934213772701657,0.134024259967751,0.15397023468435736,0.9629461385688248,0.0,0.0,0.0,0.0,False,1935.77079052859,2.5419687505230435,1440,2023-02-23,0.14144362122650572,0.5956222654336109,2.637
151,5,124,495.8695501572767,4208.599347438931,3998.169380066991,4023.6283788410447,0.9936726266998378,25.458998774054045,0.1240241478086074,0.174035035544505,0.9982379670593244,0.0,0.0,0.0,0.0,False,885.3853068801043,1.360235152136079,1440,2023-03-20,0.1407364031203732,0.6580592959015619,2.761
152,5,208,441.8791373802087,7525.410911986665,7149.140366387328,7170.474065550612,0.9970247853951835,21.333699163284827,0.0618087091222554,0.18574995057806606,0.9867548804650743,0.0,0.0,0.0,0.0,False,1339.03169340397,1.8284195711530549,1440,2023-12-17,0.14003272110477133,0.6651646066063728,2.769
153,5,241,258.3178503190532,8521.2821505518,8095.21804302419,8138.7392814920695,0.9946525823026608,43.52123846788005,0.03190993114035401,0.20830299869073193,0.979687552505052,0.0,0.0,0.0,0.0,False,1591.731111878419,2.2496879746740017,1440,2023-01-12,0.13933255749924747,0.6457885445674837,2.663
154,5,202,476.3528088968057,7241.529322700571,6879.452856565547,6904.483884381531,0.9963746706871739,25.03102781598512,0.06924283352595237,0.18428199355743075,0.9601352493486651,0.0,0.0,0.0,0.0,False,1634.5862135861157,2.994008324609212,1440,2023-07-31,0.13863589471175125,0.5802558391539709,2.633
155,5,286,1085.8944958400155,10003.039734441987,9502.88774771983,9585.22554972491,0.9914099254547596,82.3378020050812,0.11426994874274617,0.21285785709692973,0.9571378772568708,0.0,0.0,0.0,0.0,False,1724.3309651018667,2.7046795812084286,1440,2023-04-02,0.1379427152381925,0.5814617864385518,2.715
156,5,292,1000.793247414251,9874.650714911559,9380.918179166016,9502.94740096669,0.9871588027743623,122.02922180067367,0.10668393309696511,0.23953698705471194,0.953311234032967,0.0,0.0,0.0,0.0,False,2144.089450602045,3.083861373183189,1440,2023-04-18,0.13725300166200152,0.5189167516244724,2.82
157,5,269,871.8240932730974,9471.44054736454,8997.86851999635,9026.731685844603,0.9968024788092997,28.863165848253853,0.0968922908059398,0.1740229949884521,0.959541680127209,0.0,0.0,0.0,0.0,False,2014.6521658758672,2.824257973139254,1440,2023-09-29,0.1365667366536915,0.4082097885133523,2.696
158,5,204,146.7762695250275,6949.422161531582,6601.951053455014,6628.2259650620335,0.9960359058750384,26.274911607019007,0.022232256546072807,0.19737786030318666,0.9660143840025178,0.0,0.0,0.0,0.0,False,1776.6015660845744,2.563927701046178,1440,2023-10-29,0.13588390297042305,0.4650738508208052,2.711
159,5,280,749.1908784263605,10511.673923373357,9986.090227204608,10029.168844107753,0.995704667298681,43.07861690314584,0.07502344374832276,0.20738487449761353,0.9510031322446235,0.0,3.5416666666666665,210.99839443459328,0.0,False,1881.5345352622346,4.062938350822596,1617,2023-08-08,0.13520448345557096,0.45931550395919224,2.759
160,5,133,464.58742518025207,5213.818163862377,4953.1272556692165,4970.629754827826,0.9964788165641164,17.502499158608884,0.09379678760494146,0.19805619991527101,0.9698843737815717,0.0,0.0,0.0,0.0,False,1120.3639979114892,2.807794101873899,1440,2023-09-17,0.13452846103829308,0.43232415151728204,2.727
161,5,239,462.6850617666678,8863.638732785968,8420.456796146726,8455.824759926443,0.9958173253604625,35.367963779717144,0.05494773893720309,0.18659678832241994,0.9744768891074541,0.0,0.0,0.0,0.0,False,1452.4270999613705,2.4714272787809346,1440,2023-10-02,0.13385581873310162,0.4313513436491439,2.798
162,5,168,243.98072306657883,5905.32798519401,5610.061585934302,5629.833842580822,0.9964879502309687,19.772256646521683,0.04348984754076388,0.19051248461397768,0.988908204137381,0.0,0.0,0.0,0.0,False,1132.2206160017922,1.688817778222502,1440,2023-03-12,0.1331865396394361,0.4564539634427847,2.856
163,5,164,570.1450643886558,5627.968636446786,5346.570204624446,5362.3539253693625,0.9970565686329946,15.783720744916572,0.10663753445068697,0.19563105732192296,0.9722110464169974,0.0,0.0,0.0,0.0,False,1308.1093845418263,2.5846599593913333,1440,2023-09-13,0.13252060694123893,0.46839590320557145,2.761
164,5,242,842.6213947324763,8879.387624214532,8435.418243003816,8470.039509000908,0.9959125024198174,34.621265997093055,0.09989088512965333,0.20103869280163458,0.9677088883470029,0.0,0.0,0.0,0.0,False,1866.7638830436974,2.5879667030712787,1440,2023-05-08,0.13185800390653274,0.46690704219222506,2.681
165,5,259,1101.0667974176777,9334.122619592014,8867.416488612336,8917.269148612717,0.9944094252209337,49.8526600003808,0.12416996526910443,0.22237709762805544,0.95628371149605,0.0,0.0,0.0,0.0,False,2077.6230187081014,2.7574894767100586,1440,2023-04-08,0.13119871388700008,0.4537672206861007,2.645
166,5,280,1292.1174519634753,10110.324406033662,9604.808185731948,9660.676984158661,0.9942168857815736,55.86879842671299,0.13452818910875602,0.21822172950079516,0.9520917862960446,0.0,0.0,0.0,0.0,False,2225.6781378518085,2.9573354275183728,1440,2023-04-04,0.13054272031756506,0.3951920179816725,2.69
167,5,158,72.48218470194382,5561.4084882524185,5283.338063839821,5314.911437415683,0.9940594732484923,31.573373575862426,0.013719013212125455,0.20319546983202744,0.990208403337941,0.0,0.0,0.0,0.0,False,1039.7071556904923,1.5734992426898533,1440,2023-11-04,0.12989000671597725,0.35656257922306284,2.657
168,5,277,822.7656505081129,9193.394165186899,8733.724456927544,8827.65935476145,0.9893590255288636,93.93489783390373,0.09420558829921633,0.247851522610675,0.9638143131587202,0.0,0.0,0.0,0.0,False,1661.2869604721668,2.635270620932766,1440,2023-07-04,0.12924055668239737,0.3585570259958627,2.736
169,5,270,1051.5837890889054,9720.026205450706,9234.024895178189,9279.110511358225,0.9951411704683494,45.08561618003653,0.11388141152164535,0.21305844365590187,0.9514039354630456,0.0,1.0416666666666667,85.05677579496097,0.0,False,1952.0,3.7225683127707896,1455,2023-09-26,0.12859435389898535,0.25951669117054427,2.835
170,5,176,495.4296422526843,6248.631620740501,5936.20003970347,5988.549027445261,0.9912584855693961,52.34898774179224,0.08345905443534082,0.22787757320632546,0.9616853743212868,0.0,0.0,0.0,0.0,False,1467.6710545226022,3.191847761460354,1440,2023-06-05,0.12795138212949045,0.25617627482799527,2.789
171,5,131,559.2201217299187,4577.218570017681,4348.357641516781,4389.458220542894,0.9906365257484944,41.100579026113266,0.1286049050774152,0.22742743069876456,1.0004920490433564,0.0,0.0,0.0,0.0,False,849.6854914455818,1.387570867634484,1440,2023-03-07,0.12731162521884298,0.2195079780827079,2.695
172,5,259,1294.5866403883178,9425.787450235914,8954.4980777241,8989.835757429826,0.9960691517999625,35.33767970572555,0.14457389226637185,0.20338130721032482,0.9708212143394053,0.0,0.0,0.0,0.0,False,1925.6625330335787,2.4438739801843807,1440,2023-01-25,0.12667506709274878,0.1897922826681737,2.723
173,5,269,865.4522097275091,9475.45046820333,9001.67794479314,9042.917055714788,0.9954396230035544,41.239110921648376,0.09614343181741071,0.18356672042834354,0.9510006587210309,0.0,8.541666666666666,598.9055645709692,0.0,False,2112.7741546523566,3.8328002809392396,1575,2023-08-27,0.12604169175728502,0.21875213265059756,2.918
174,5,203,1073.39768516573,6712.948422424794,6377.301001303529,6443.150694659719,0.9897798924040736,65.84969335618936,0.1683153555001287,0.23901935325636792,0.979237644085898,0.0,0.0,0.0,0.0,False,1395.5229110672617,2.1749330185663167,1440,2023-02-07,0.1254114832984986,0.28633376753547835,2.792
175,5,149,685.3547214833161,5735.479379906502,5448.705410911184,5495.404274779168,0.9915021968297573,46.69886386798479,0.12578303831784962,0.23386024903091335,0.9973976471651202,0.0,0.0,0.0,0.0,False,858.6567636389794,1.3734441895950593,1440,2023-11-29,0.12478442588200611,0.21645231555891092,2.719
176,5,146,681.0807009996994,5297.0617035489295,5032.2086183714955,5057.341441850405,0.9950304277913824,25.132823478909888,0.13534428968489548,0.21219543732427068,0.9947487022434442,0.0,0.0,0.0,0.0,False,966.6456538551604,1.4021988177388618,1440,2023-01-28,0.12416050375259607,0.17020417082211134,2.738
177,5,187,549.5769560031553,6830.604945983883,6489.074698684657,6522.968864250257,0.994803874390485,33.894165565600396,0.08469265365592958,0.204217027881029,0.9893647279621727,0.0,0.0,0.0,0.0,False,1155.2387186286733,1.8153757706522988,1440,2023-11-07,0.12353970123383311,0.180258468921072,2.579
178,5,257,285.5071686394976,9548.18032973246,9070.771313245856,9122.151770867702,0.9943675068215886,51.38045762184694,0.031475511704564474,0.21267189529023572,0.9752739799605858,0.0,0.0,0.0,0.0,False,1751.8210778619653,2.133123459555599,1440,2023-11-02,0.12292200272766393,0.20564355678132087,2.588
179,5,177,567.141382820242,5804.40536592416,5514.185097627959,5547.577625666212,0.9939807010750494,33.39252803825265,0.10285135025014115,0.18825560770157646,0.9510000992527546,0.0,3.5416666666666665,123.32322005009422,5.6657064586395975,True,892.5549210861195,3.8773262523596412,1627,2023-08-19,0.1223073927140256,0.2067173240047533,2.675
180,5,125,415.43596557477,4208.648094613434,3998.215689882776,4027.719889881526,0.9926747140304194,29.50419999874999,0.10390534123159079,0.2126667264463945,0.9995302102404849,0.0,0.0,0.0,0.0,False,795.4923132358438,1.2391794486879997,1440,2023-12-05,0.12169585575045548,0.2618793900934709,2.66
181,5,245,859.4214657433042,8388.225175942036,7968.813917144953,8046.645796272838,0.9903274132976082,77.83187912788628,0.10784810320319484,0.2224706025835424,0.9510029194828554,0.0,1.0416666666666667,24.76176336131301,0.0,False,1909.2890875683393,3.7691204436269365,1482,2023-06-22,0.1210873764717032,0.2516712454035255,2.675
182,5,254,788.4204297293234,8868.803979589034,8425.36378060958,8491.571568826297,0.9922031172109794,66.20778821671784,0.09357701937378907,0.20367726265614447,0.9634978945924076,0.0,0.0,0.0,0.0,False,1887.8730924243348,2.6682612116042552,1440,2023-03-26,0.12048193958934468,0.22081267202066668,2.685
183,5,152,722.2886985404393,5402.733591825811,5132.596912234533,5168.71064227794,0.9930130099085038,36.11373004340628,0.14072577895581964,0.2157618221375629,0.9786518664113837,0.0,0.0,0.0,0.0,False,1122.1330063940945,1.8348142497077304,1440,2023-02-22,0.11987952989139797,0.23728729802184784,2.707
184,5,221,716.402599497852,7508.096701055141,7132.691866002391,7172.262246578239,0.9944828592129734,39.57038057584862,0.10043930299478492,0.20669309462661722,0.9751977737360809,0.0,0.0,0.0,0.0,False,1541.8333683139022,2.0578711960144127,1440,2023-09-22,0.11928013224194098,0.2230928768567941,2.998
185,5,191,409.6538936174556,6786.380318105394,6447.06130220013,6492.195234939907,0.9930479705082075,45.1339327397771,0.06354118169741255,0.2284884907711549,0.9900498252353874,0.0,0.0,0.0,0.0,False,1331.2769775306333,1.7589559851180023,1440,2023-12-18,0.11868373158073126,0.2313538857175007,2.879
186,5,210,1015.9874991973575,7409.692310185043,7039.207694675773,7084.412144599293,0.9936191671234175,45.20444992351989,0.14433264981878816,0.2122369608121625,0.9747283721180718,0.0,0.0,0.0,0.0,False,1586.6648594404521,2.1531313104431944,1440,2023-01-25,0.11809031292282761,0.18858839674952538,2.782
187,5,121,679.4002401806241,4459.439870356967,4236.467876839102,4270.273044404186,0.9920836051433801,33.80516756508409,0.16036950118161541,0.2336390603287407,0.9954863363970099,0.0,0.0,0.0,0.0,False,826.6966238015711,1.4455339541818368,1440,2023-02-06,0.11749986135821347,0.18951752344432027,2.862
188,5,234,759.3257113169391,8497.435655063644,8072.563872310424,8110.956469851915,0.9952665758120889,38.3925975414922,0.0940625213163677,0.1893992369988235,0.9558338558303109,0.0,0.0,0.0,0.0,False,1291.8666581970458,3.220960451554265,1440,2023-07-21,0.11691236205142241,0.14149425284724704,2.808
189,5,167,681.6637119019497,6206.134709446145,5895.827973973832,5938.433212771793,0.9928255084680704,42.60523879796051,0.11561797849446127,0.2129826544867726,0.9900780148017985,0.0,0.0,0.0,0.0,False,1083.0897168427355,1.7193132048379787,1440,2023-10-26,0.11632780024116529,0.20093328584546521,2.805
190,5,220,601.3008065282033,7501.894848168923,7126.800105760467,7163.283480799762,0.9949068921902806,36.483375039295964,0.08437177942484769,0.19842433876576626,0.9575734304785525,0.0,0.0,0.0,0.0,False,1674.0611701316288,3.0715940806024813,1440,2023-06-07,0.11574616123995946,0.1959518610462131,2.885
191,5,196,537.5253176323981,6989.359902527755,6639.891907401348,6668.038043474195,0.9957789478870187,28.146136072846446,0.08095392592659979,0.18317193115843766,0.9633753783123375,0.0,0.0,0.0,0.0,False,1588.1849879264255,3.0390447289508877,1440,2023-08-01,0.11516743043375967,0.22407379885473705,2.751
192,5,230,264.187964757461,8406.93778833,7986.590898913498,8050.525934821051,0.9920582783752036,63.935035907552134,0.033078940451726574,0.22118298997918628,0.9857887338646946,0.0,0.0,0.0,0.0,False,1331.0583113000419,2.0180825660524584,1440,2023-05-20,0.11459159328159088,0.2809680492797572,2.817
193,5,139,488.51512209420383,4741.2792916110475,4504.215327030492,4541.961998346862,0.9916893467338325,37.74667131637022,0.10845731978277086,0.2215683044014086,0.9680041668795609,0.0,0.0,0.0,0.0,False,1100.0185439712122,2.901726979660581,1440,2023-06-29,0.11401863531518291,0.2417999707151671,2.802
194,5,185,838.6709352429228,6444.047660918936,6121.845277873014,6154.168638043386,0.9947477292106431,32.32336017037047,0.13699642790291366,0.2129558227943853,0.9922597999123497,0.0,0.0,0.0,0.0,False,1111.7632374350394,1.4881360894840738,1440,2023-01-21,0.113448542138607,0.2085394009145355,2.745
195,5,234,248.05224466212695,8383.371664052866,7964.203080850206,8002.304752737311,0.9952386627272509,38.1016718871065,0.03114589647501135,0.2067658166240579,0.9746447299847282,0.0,0.0,0.0,0.0,False,1713.6842435674812,2.268595250461707,1440,2023-10-10,0.11288129942791396,0.20023061346976215,2.874
196,5,258,1056.3180893932008,8952.483380410804,8504.859211390252,8606.309258847716,0.9882121308442213,101.4500474574636,0.12420171376599767,0.24982385945412974,0.9622784481563855,0.0,0.0,0.0,0.0,False,1488.261938504724,2.7319072649468072,1440,2023-09-26,0.11231689293077439,0.20686330625746085,2.748
197,5,188,585.3377100835028,6454.976782898487,6132.227943753531,6177.784981102324,0.9926256680204716,45.55703734879356,0.0954526993210918,0.2099296542305273,0.9855143035593459,0.0,0.0,0.0,0.0,False,1326.170907428686,1.8504079591202443,1440,2023-12-11,0.11175530846612053,0.11495057328875535,2.704
198,5,124,611.0777765749499,4540.950054676222,4313.902551942384,4356.872403849204,0.990137454594985,42.969851906820054,0.14165312480222927,0.2256046333071018,0.9997195355091616,0.0,0.0,0.0,0.0,False,796.7632755169014,1.3477180471879582,1440,2023-03-02,0.1111965319237899,0.12869115569418987,2.792
199,5,251,887.295548233087,9084.656107771623,8630.42330238297,8723.34120717977,0.9893483583193645,92.91790479680071,0.10281020028161231,0.24610243279502775,0.9612542755395374,0.0,0.0,0.0,0.0,False,1286.3952049252323,2.780600725058731,1440,2023-09-15,0.11064054926417097,0.10391843598471856,2.827
200,5,211,549.0601146449492,7222.930505720015,6861.783980434026,6911.197502450126,0.9928502228450883,49.413522016101304,0.08001710870096784,0.22847714760679186,0.9676052160586053,0.0,0.0,0.0,0.0,False,1724.1507600302002,2.3359938196275194,1440,2023-02-17,0.11008734651785011,0.03669997970395303,2.753
201,5,238,776.0864948732574,7886.216480543101,7491.9056565159335,7533.664632237214,0.9944570169021607,41.75897572127994,0.10358999838689531,0.20643210294740438,0.9510003195443655,0.0,1.1805555555555556,22.656617990254237,0.0,False,1899.2547878359997,3.723798150584071,1481,2023-09-01,0.10953690978526086,0.020276984713119978,2.788
202,5,148,623.7690730538949,5304.773298682047,5039.534633747941,5063.091276661915,0.9953473793722509,23.556642913973448,0.1237751336952303,0.2026306850425302,0.9935391879736492,0.0,0.0,0.0,0.0,False,1087.6819453979913,1.5981151192151108,1440,2023-03-19,0.10898922523633456,0.055316081823735735,2.71
203,5,198,1098.8684649238292,6775.293972449783,6436.529273827299,6503.856698650361,0.9896480768346213,67.3274248230631,0.17072375781651938,0.23884105309499418,0.9790639278779512,0.0,0.0,0.0,0.0,False,1440.8205257442637,1.9778583729873267,1440,2023-01-22,0.10844427911015289,0.09157894465082503,2.8
204,5,279,168.02203857743442,10179.944560858918,9670.94733281599,9708.902749290039,0.9960906584962111,37.955416474049834,0.0173738965579197,0.17681780539645364,0.9510004256162059,0.0,2.1527777777777777,50.71028398896142,0.0,False,2097.051416181336,3.336721539328276,1527,2023-09-18,0.10790205771460211,0.03898437254232598,2.786
205,5,276,1172.4330877796524,10509.696046075876,9984.211243772039,10046.50139434251,0.9937998166600018,62.29015057046896,0.11742871411209312,0.2273404873122083,0.9719403135277831,0.0,0.0,0.0,0.0,False,1511.3266125920693,2.195397245033614,1440,2023-02-20,0.10736254742602912,0.1345189695224933,2.917
206,5,177,566.394249165076,6381.672049450146,6062.5884469776365,6109.675363621724,0.992293057512605,47.086916644086465,0.09342449254450691,0.23262228071678584,0.964969561359514,0.0,0.0,0.0,0.0,False,1064.341696998788,3.039981314647343,1440,2023-06-12,0.10682573468889896,0.09842972252635646,2.817
207,5,234,675.1169532268901,8640.196437473838,8208.186615600167,8255.644495849143,0.9942514627085944,47.45788024897679,0.08224922078937491,0.192510989265566,0.9661175488698508,0.0,0.0,0.0,0.0,False,1790.818474048167,2.984010701374264,1440,2023-05-22,0.10629160601545447,0.05630726540353714,2.718
208,5,135,429.4150633550026,4831.702092368954,4590.116987750489,4632.612486155282,0.9908268825567017,42.49549840479294,0.09355209562217477,0.22127293804049444,0.9660125087296471,0.0,0.0,0.0,0.0,False,942.2830945214478,3.013390172305513,1440,2023-07-24,0.1057601479853772,0.111228591434687,2.715
209,5,266,805.9389940416564,9560.010423827296,9082.009902635968,9132.517715078242,0.9944694536580111,50.507812442274336,0.08874015803569431,0.19705893269138633,0.9716655976624219,0.0,0.0,0.0,0.0,False,1699.915672687272,2.419953462323177,1440,2023-09-30,0.10523134724545032,0.09082571805273959,2.721
210,5,168,98.25346374485758,5855.124286709694,5562.368072374232,5597.434794655492,0.9937352155821909,35.06672228125973,0.017663962985987592,0.20964157917871598,0.9904084794622173,0.0,0.0,0.0,0.0,False,1116.30780475073,1.7250259865730946,1440,2023-11-18,0.10470519050922306,0.1279212844806502,2.743
211,5,181,560.5569240166574,6319.656635999189,6003.673804199245,6044.167827358826,0.9933003145650117,40.49402315958165,0.09336898410846008,0.2202652350677806,0.9605234225597233,0.0,0.0,0.0,0.0,False,1572.4125714048066,3.0909343364246826,1440,2023-09-07,0.10418166455667695,0.1294338363919177,2.729
212,5,294,1069.630841327005,10489.92966694862,9965.433183601257,10044.450260685575,0.9921332601552527,79.01707708431726,0.10733410395918859,0.21769540951120103,0.9668464787795513,0.0,0.0,0.0,0.0,False,2027.7665022210451,2.5095122042450124,1440,2023-01-05,0.10366075623389356,0.10625857321160048,2.937
213,5,218,232.61877133668992,7792.101545230853,7402.496467969294,7481.658582790318,0.9894191757155135,79.16211482102392,0.0314243677579901,0.24422426543785744,0.9890600279840808,0.0,0.0,0.0,0.0,False,1135.5218858168469,1.8533508010332134,1440,2023-05-20,0.10314245245272409,0.09248720841626171,2.821
214,5,278,989.1181732184726,9372.050916300253,8903.448370485266,8975.052538614324,0.9920218664101422,71.60416812905855,0.11109382927376514,0.2214551544152788,0.9728994940437149,0.0,0.0,0.0,0.0,False,1807.7193292962743,2.694847408541392,1440,2023-10-12,0.10262674019046046,0.020895420269453707,2.771
215,5,155,526.442553666854,5642.426943436773,5360.305596264957,5414.744202087293,0.989946227598092,54.438605822335546,0.09821129489961868,0.24968288528008253,0.967922517844102,0.0,0.0,0.0,0.0,False,891.9575669448449,2.9001768178634544,1440,2023-09-05,0.10211360648950817,0.012641276280916353,2.734
216,5,257,881.1778837843693,9084.002213863767,8629.802103170627,8685.98928147439,0.9935312862492703,56.187178303763254,0.1021087011323957,0.21347402331184265,0.9510030268116836,0.0,1.25,9.484841995177309,0.0,False,1974.5785343191592,3.460609185784105,1476,2023-06-27,0.10160303845706062,-0.058547191076485816,2.844
217,5,300,1380.6769287332436,10669.68850584717,10136.204080554828,10192.38756516683,0.9944877013111224,56.183484612002,0.13621242407519377,0.23459971777536362,0.968225776275788,0.0,0.0,0.0,0.0,False,1935.6689890367247,2.4641630749416734,1440,2023-03-05,0.10109502326477533,-0.036512169797871974,2.947
218,5,133,353.28715229769074,4807.733707559086,4567.347022181092,4609.157547468686,0.990928814027944,41.81052528759396,0.07735062621297864,0.23048581503514998,0.9905480466298249,0.0,0.0,0.0,0.0,False,1061.2670615911484,1.605074629837731,1440,2023-03-30,0.10058954814845145,-0.06709066648349521,3.118
219,5,164,629.101004376466,5893.232086251336,5598.570481938723,5648.613506445614,0.9911406534630512,50.043024506891285,0.11236814940634905,0.2547465481888308,0.9775064021041712,0.0,0.0,0.0,0.0,False,867.2657757467557,2.4660094292976487,1440,2023-09-13,0.10008660040770918,-0.08402716855528133,2.893
220,5,146,461.737817379328,5221.719100982993,4960.633145933854,5031.191951858441,0.9859757277003667,70.55880592458676,0.09308042013907168,0.2604959654086695,0.992480777904748,0.0,0.0,0.0,0.0,False,1035.7014823744416,1.714143662745147,1440,2023-04-12,0.09958616740567064,-0.15368731056024956,2.843
221,5,166,508.9533162608482,5626.179251958789,5344.87028936085,5375.095255985603,0.9943768500491046,30.224966624753797,0.09522276289359866,0.2081163665082074,0.9545088906430655,0.0,0.0,0.0,0.0,False,1180.5933458679774,3.4635913219661423,1440,2023-05-17,0.09908823656864228,-0.22508894031830273,2.769
222,5,176,33.01535423509962,6466.266669014598,6142.9533355638705,6223.108447953291,0.9871197628870211,80.1551123894214,0.005374508388979825,0.30098091546408845,0.9600579199963227,0.0,0.0,0.0,0.0,False,921.3380353426332,3.2607268846426276,1440,2023-07-01,0.09859279538579907,-0.16738094486913901,2.758
223,5,133,175.05549631133266,4727.73328150079,4491.346617425766,4545.361647384906,0.9881164505380521,54.0150299591386,0.03897617156336654,0.23395072048511695,0.9917672757456254,0.0,0.0,0.0,0.0,False,933.6856273406864,1.4764771754771417,1440,2023-01-11,0.09809983140887008,-0.33056560198595075,2.583
224,5,282,743.6897256247669,9915.04105595519,9419.28900315741,9501.116992970881,0.9913875400256612,81.82798981347283,0.07895391312183722,0.20709784728875766,0.9510561890310315,0.0,0.4166666666666667,3.164066392888661,0.0,False,1909.186241488812,3.4171754063322126,1452,2023-08-08,0.09760933225182573,-0.31534443474991875,2.734
225,5,166,196.76653298523271,5695.652966283383,5410.8703179692275,5451.952181243179,0.9924647425530823,41.081863273951136,0.03636504322267362,0.22679544505608634,0.9811485293057799,0.0,0.0,0.0,0.0,False,1352.5588921636545,1.937608118771173,1440,2023-01-29,0.0971212855905666,-0.2444460722935406,2.538
226,5,286,853.7590067354629,9960.239291958427,9462.227327360451,9504.89434661818,0.9955110474980808,42.66701925772881,0.09022812253376969,0.2005108338632589,0.9510000673447315,0.0,3.888888888888889,139.3419419080304,0.0,False,2030.0608175134132,3.3974839582768497,1511,2023-06-08,0.09663567916261376,-0.23240186966936544,2.778
227,5,258,774.2015291667341,8906.16139822717,8460.853328315805,8509.552848176598,0.9942770765127538,48.69951986079471,0.09150395345771165,0.2036446950685076,0.9677489779477673,0.0,0.0,0.0,0.0,False,1845.0951339336593,2.647024645025282,1440,2023-09-28,0.0961525007668007,-0.16496590463896793,2.814
228,5,151,601.6548065427792,5386.060718663003,5116.757682729849,5150.711745437782,0.9934078891644426,33.9540627079338,0.11758516698445438,0.20815238095280603,0.9833846306542366,0.0,0.0,0.0,0.0,False,1080.2284930624865,2.1745884725475957,1440,2023-06-20,0.09567173826296668,-0.11809386201962242,2.578
229,5,246,696.4236741616264,8746.545477614549,8309.218203733759,8385.320484617048,0.9909243443917379,76.10228088328974,0.0838133813658531,0.2544403101075605,0.9799335209180594,0.0,0.0,0.0,0.0,False,1521.7269660328877,1.9702361593164421,1440,2023-04-11,0.09519337957165185,-0.09092075591724284,2.718
230,5,260,822.5453909402393,9329.989434132865,8863.489962426207,8916.448061346626,0.994060628340337,52.958098920419694,0.09280152563235752,0.20244453910908283,0.9565318525936717,0.0,0.0,0.0,0.0,False,1438.4119025027417,3.141345435072363,1440,2023-07-24,0.09471741267379359,-0.1737377306811771,2.664
231,5,143,695.1397090397809,4854.258642473976,4611.545710350283,4657.156720965265,0.9902062538695223,45.61101061498167,0.15073898269718758,0.24738683224720248,0.9999620735872692,0.0,0.0,0.0,0.0,False,963.0149603075542,1.320320282897032,1440,2023-01-20,0.09424382561042462,-0.12572284125112773,2.614
232,5,143,321.71876878561596,5146.957314275141,4889.609448561364,4921.386170479709,0.9935431358528714,31.77672191834432,0.0657964142474146,0.20053918904204754,0.974544360450444,0.0,0.0,0.0,0.0,False,697.7852238063649,2.605491954455259,1440,2023-05-19,0.0937726064823725,-0.18855331622331156,2.575
233,5,188,733.3222769012871,7408.155840092171,7037.748048087573,7084.010466478185,0.9934694593395186,46.26241839061212,0.10419842709495106,0.2128273447475344,0.9853250663482596,0.0,0.0,0.0,0.0,False,1263.7634280063394,1.6838997842624348,1440,2023-02-16,0.09330374344996065,-0.1357798406018202,2.672
234,5,132,295.9272415249517,4491.554188979555,4266.976479530591,4294.174134795232,0.9936663827756165,27.197655264641153,0.06935291135176506,0.2184938029175177,0.9998593069559375,0.0,0.0,0.0,0.0,False,692.6944744871907,1.4092772388873085,1440,2023-12-15,0.09283722473271083,-0.12123636989407485,2.756
235,5,196,1175.1069907633605,7497.459655659059,7122.5866728761375,7198.297913639784,0.989482063444445,75.7112407636468,0.16498317882720073,0.2581525451670996,0.9801968282271873,0.0,0.0,0.0,0.0,False,1473.4483953134059,1.9505025052064489,1440,2023-01-24,0.09237303860904728,-0.1229924914477177,2.631
236,5,206,1089.4496034614983,7140.94072910224,6783.893692647134,6843.249310981217,0.9913263983764502,59.35561833408218,0.16059355479616685,0.2446785967758179,0.9768712264296133,0.0,0.0,0.0,0.0,False,1492.8147449549447,2.0359593888092977,1440,2023-01-24,0.09191117341600205,-0.21455424889806726,2.771
237,5,240,1103.573203186318,8452.429646185714,8029.808163876478,8085.508522828955,0.9931110877200598,55.700358952477906,0.1374345663886391,0.2050341989688838,0.981415180774873,0.0,0.0,0.0,0.0,False,1415.879415610213,2.00910916271901,1440,2023-02-04,0.09145161754892205,-0.260394898236318,2.819
238,5,223,731.1259516029168,8291.58249289313,7877.003368248509,7943.363708517691,0.9916458137000547,66.36034026918271,0.09281777821119382,0.24720576329853253,0.9761363849560164,0.0,0.0,0.0,0.0,False,1590.8360141029423,2.1020007498941116,1440,2023-01-15,0.09099435946117741,-0.21010145248010778,2.971
239,5,202,441.87150046469037,7166.446911248469,6808.124565686022,6848.199792439906,0.9941480640214199,40.07522675388389,0.06490355694897088,0.22243506367305652,0.9725561354626359,0.0,0.0,0.0,0.0,False,1492.4140638334784,2.227083685349854,1440,2023-02-19,0.09053938766387153,-0.26500442556529336,2.764
240,5,159,608.7015677283827,5540.026944087877,5263.0255968834745,5297.7979945617135,0.993436443270594,34.77239767823916,0.11565620507124802,0.23708406504482177,0.9563987040700579,0.0,0.0,0.0,0.0,False,1021.4426621467375,3.404569061613172,1440,2023-08-21,0.09008669072555218,-0.25555301804104746,2.749
241,5,226,1149.0069639627725,8181.335776338117,7772.2689875211845,7848.773996111819,0.9902526166980303,76.505008590634,0.1478341737538379,0.2307414379005956,0.975971629594452,0.0,0.0,0.0,0.0,False,1411.3909145091666,2.0104047278891364,1440,2023-02-12,0.08963625727192442,-0.2820738982917754,2.747
242,5,202,399.57097548604133,6754.314637398682,6416.598905528745,6451.108359711967,0.9946506162570856,34.509454183222346,0.062271458972097876,0.2060995053933513,0.9790271355530312,0.0,0.0,0.0,0.0,False,1307.3652542836305,1.9844681031078055,1440,2023-12-17,0.08918807598556479,-0.2908738946700899,2.674
243,5,271,788.1172215355898,9021.727645253064,8570.641262990448,8651.504773415703,0.9906532432746575,80.86351042525679,0.09195545553152715,0.2502293476023128,0.9746570244066661,0.0,0.0,0.0,0.0,False,1524.506866141165,2.1826600131533653,1440,2023-12-07,0.08874213560563697,-0.24400661552647163,2.738
244,5,246,856.3991831199842,9171.983628358048,8713.384446940167,8771.769283803034,0.9933440067819984,58.38483686286797,0.0982854811852955,0.19848327965973694,0.964316145448826,0.0,0.0,0.0,0.0,False,1461.0176484397757,3.009889990136826,1440,2023-07-08,0.08829842492760878,-0.306109912451408,2.697
245,5,251,775.8966963524977,8856.514533177271,8413.688806518392,8468.191882398685,0.9935637882753249,54.50307588029423,0.09221837343822155,0.2060391764647109,0.9742434144614166,0.0,0.0,0.0,0.0,False,1751.131938032329,2.6160196109183005,1440,2023-07-04,0.08785693280297073,-0.24187536450067704,2.764
246,5,223,884.0976872629034,8133.560598168777,7726.882568260324,7780.502063326961,0.993108478780647,53.61949506663702,0.11441841900050441,0.21332996396906048,0.9756925078522577,0.0,0.0,0.0,0.0,False,1719.7581104930737,2.2274662190546275,1440,2023-04-17,0.08741764813895588,-0.20741265793427052,2.759
247,5,186,225.38719102393554,6822.0425919044865,6480.940462309252,6524.108221968069,0.9933833470889613,43.16775965881741,0.03477692664123423,0.20316621199190774,0.9645441652406473,0.0,0.0,0.0,0.0,False,880.3796340783854,3.0922307101027795,1440,2023-07-22,0.08698055989826112,-0.1965487233891674,2.674
248,5,170,145.24478369613217,6458.123276694456,6135.217112859739,6148.607045374234,0.9978222819549725,13.389932514494015,0.023673943566184713,0.17758464579207062,0.9799309865621165,0.0,0.0,0.0,0.0,False,1457.05857829554,1.8334683596357442,1440,2023-01-10,0.08654565709876981,-0.16565563200294425,2.79
249,5,201,749.2485771434735,7430.231853363766,7058.720260695587,7106.899395028348,0.9932207940967245,48.17913433276224,0.10614510130334028,0.21308922337067707,0.9890573588999609,0.0,0.0,0.0,0.0,False,1230.968668963692,1.7889704841752079,1440,2023-03-11,0.08611292881327597,-0.0835409455439276,2.903
250,5,223,831.3254278946004,7999.302505733248,7599.337380446571,7619.721703698827,0.9973247942582522,20.3843232522561,0.10939446247427272,0.1895108200148749,0.973875401089387,0.0,0.0,0.0,0.0,False,1743.934786155561,2.170908717293255,1440,2023-04-15,0.08568236416920957,-0.09661372821818232,2.809
251,5,186,579.2657790265403,6473.5807748669,6149.901736123527,6164.940913055549,0.9975605318616805,15.03917693202055,0.09419106253747549,0.14884095660693542,0.9689890402945828,0.0,0.0,0.0,0.0,False,1288.9457259715457,2.8032056603062454,1440,2023-09-17,0.08525395234836353,-0.05467500797556507,2.697
252,5,146,616.4065047224374,5437.224995178706,5165.363745419797,5170.409880313071,0.999024035809523,5.046134893272959,0.11933457837679176,0.1351372755434403,0.9874119203272584,0.0,0.0,0.0,0.0,False,1118.940965690094,1.8907500640909238,1440,2023-04-03,0.0848276825866217,0.07090761988564884,2.714
253,5,139,574.0736150251948,5331.544481171443,5064.967257112894,5072.769112514818,0.9984620125164625,7.8018554019225235,0.11334201898719189,0.14828753465076794,0.9858098662051955,0.0,0.0,0.0,0.0,False,898.404937158193,1.9290374963274883,1440,2023-10-12,0.08440354417368859,0.2047649567371372,2.701
254,5,127,538.352890857697,4874.405351796476,4630.685084206643,4649.756232155584,0.9958984628447716,19.07114794894092,0.11625772020079636,0.16168448319237783,0.9919810764069115,0.0,0.0,0.0,0.0,False,921.5300331015418,1.4318543057884718,1440,2023-03-15,0.08398152645282016,0.2855058794496687,2.638
255,5,156,526.3933773509586,5841.433738042754,5549.362051140575,5578.305469754336,0.9948114317563475,28.94341861376053,0.09485655693392137,0.18956577942725122,0.96651437327678,0.0,0.0,0.0,0.0,False,818.2652472250952,2.941395792908236,1440,2023-07-21,0.08356161882055606,0.32254110666853325,2.753
256,5,193,897.934041171403,6864.327699190553,6521.111314231024,6571.949313648338,0.9922643956928068,50.83799941731272,0.13769647501827506,0.21314247539266803,0.988519703689797,0.0,0.0,0.0,0.0,False,1081.7702249908416,1.6640995212915666,1440,2023-02-04,0.08314381072645327,0.29135214775554086,2.842
257,5,171,569.0776398057328,5660.178454881503,5377.169532137437,5404.163932677101,0.9950048886606793,26.99440053966328,0.10583219227226469,0.1680433661382248,0.9533835924089457,0.0,0.0,0.0,0.0,False,1355.6072390838917,3.578995777138906,1440,2023-08-28,0.082728091672821,0.21387512573159656,2.774
258,5,152,21.413625453879927,5798.083030220401,5508.178878709368,5519.929291816445,0.9978712747055479,11.750413107076229,0.0038876053093790217,0.17022110499586118,0.9780024590735175,0.0,0.0,0.0,0.0,False,1462.849193583782,2.1538633396961306,1440,2023-10-28,0.0823144512144569,0.25270938016530503,2.613
259,5,176,560.0947230091643,6462.916576892559,6139.770748047922,6171.141776499661,0.994916495263291,31.37102845174027,0.09122404499992785,0.1972866309565597,0.9806382750782964,0.0,0.0,0.0,0.0,False,941.8980329338801,2.316130587077492,1440,2023-07-07,0.0819028789583846,0.28047470297567867,2.75
260,5,249,850.3210160923398,9091.050186719733,8636.497677383744,8681.2359769945,0.9948465518355551,44.7382996107538,0.09845669481496667,0.19822009004831453,0.9539619967606376,0.0,0.0,0.0,0.0,False,2027.7517669692058,2.8037839583831383,1440,2023-05-09,0.0814933645635927,0.2432784725626128,2.789
261,5,176,615.2968396130169,6289.673007356771,5975.189356988887,5989.439116547174,0.9976208524235735,14.249759558285925,0.102975287116773,0.17979291478316392,0.9632809648692983,0.0,0.0,0.0,0.0,False,1655.7291159629822,2.8614257950348927,1440,2023-04-18,0.08108589774077472,0.21155687372788384,2.703
262,5,286,1276.7469353237498,10643.22709212472,10111.065737518464,10136.006577384462,0.9975393820361516,24.940839865999234,0.12627224156858255,0.19326981898586704,0.966797057493635,0.0,0.0,0.0,0.0,False,2084.5589202409074,2.6061791911718606,1440,2023-10-15,0.08068046825207086,0.22772973450427378,2.737
263,5,224,673.7508943445,8215.406422954416,7804.636101806682,7839.909814172244,0.9955007502379941,35.273712365562155,0.08632700942822108,0.18948165319183113,0.984922397356392,0.0,0.0,0.0,0.0,False,1375.8258209341639,1.8699565638819726,1440,2023-11-07,0.0802770659108105,0.21135534293014552,2.681
264,5,144,623.7673277312819,5337.07488461151,5070.221140380944,5081.089997194229,0.9978609202318229,10.868856813284115,0.12302566504710995,0.16038052480219164,0.9970670511632429,0.0,0.0,0.0,0.0,False,967.5613008470964,1.4539894745213862,1440,2023-10-15,0.07987568058125645,0.20711571175813037,2.717
265,5,295,852.4582236514437,10440.582548433187,9918.553421011533,9946.95290332273,0.9971449063258648,28.399482311198508,0.08594582168056789,0.16865332733562388,0.9651629056381541,0.0,0.0,0.0,0.0,False,2046.2178964605678,2.694577809386935,1440,2023-12-08,0.07947630217835017,0.2697274630376155,2.765
266,5,279,962.0183644726474,10056.46576141231,9553.64247334174,9593.551701139128,0.9958399945045746,39.90922779738628,0.10069650053966754,0.1752910391213999,0.951000988942342,0.0,5.416666666666667,373.85151350418016,0.0,False,2138.2120219795056,3.714388435237476,1521,2023-06-27,0.0790789206674584,0.3031840321208715,2.723
267,5,260,1153.7362960921766,9719.750438496112,9233.76291657124,9258.813862183382,0.9972943677251727,25.05094561214077,0.12494757624994252,0.19252742370925413,0.9655731554967268,0.0,0.0,0.0,0.0,False,1629.3411426981327,2.3036448426967953,1440,2023-04-13,0.07868352606412113,0.3165817695026991,2.664
268,5,148,843.6534196805632,5403.27793701264,5133.114040162009,5141.1804267322495,0.9984310244144907,8.066386570241082,0.16435508992781625,0.13236535504137972,0.9824205457593065,0.0,0.0,0.0,0.0,False,1300.1212243028972,1.9739813896642178,1440,2023-01-22,0.0782901084338005,0.2897535421294192,2.713
269,5,263,206.0030042568505,9717.491443981255,9231.616871782244,9243.738768085066,0.9986886370756523,12.121896302820547,0.022314942996229416,0.17130523847342666,0.9556229626226598,0.0,0.0,0.0,0.0,False,2135.3624033360047,2.796838893831422,1440,2023-10-29,0.0778986578916315,0.4040292435480499,2.646
270,5,246,991.002457535153,9007.721105258137,8557.33504999523,8572.320145483061,0.9982519206896715,14.985095487830538,0.11580736897005164,0.1569924404135707,0.9742603307484373,0.0,0.0,0.0,0.0,False,1741.0255870972337,2.185214054237678,1440,2023-01-18,0.07750916460217336,0.41121679920877985,2.721
271,5,257,584.0828182014722,8979.922683216666,8530.926549055837,8556.710763428486,0.9969866675308402,25.78421437264894,0.06846651589868813,0.19068166996767968,0.9510002454945444,0.0,1.0416666666666667,34.19020006867198,0.0,False,1925.94837730488,3.360919146076901,1479,2023-07-31,0.07712161877916247,0.4506053774483685,2.701
272,5,249,705.1462297726518,8480.123232818212,8056.117071177303,8109.5628317472965,0.9934095386300277,53.44576056999344,0.08752929277746994,0.23164504952338894,0.97572331618679,0.0,0.0,0.0,0.0,False,1754.9517931757669,2.248069522948912,1440,2023-11-06,0.07673601068526667,0.4084658515226156,2.675
273,5,228,847.8231020151376,8373.067780355874,7954.4143913381085,7981.004873523711,0.9966682789188848,26.590482185602443,0.10658523183534005,0.1892322316752503,0.9687809489562336,0.0,0.0,0.0,0.0,False,1885.7178727075257,2.521348528332435,1440,2023-03-28,0.07635233063184034,0.28305254328328355,2.551
274,5,181,410.8260401470607,6561.572037212415,6233.493435351751,6247.12317477225,0.9978182374447905,13.629739420499556,0.06590622808987977,0.1633281167084187,0.9878945690262623,0.0,0.0,0.0,0.0,False,1239.066665132504,1.6794543281302654,1440,2023-03-22,0.07597056897868114,0.2765684843739603,2.645
275,5,286,1026.4684341029322,10527.72130495655,10001.335239708733,10045.275280402791,0.9956258002426494,43.940040694059356,0.10263313942597387,0.1944087299970785,0.9556793713316895,0.0,0.0,0.0,0.0,False,1410.1691864766565,3.3035575709128624,1440,2023-06-23,0.07559071613378773,0.3302038843381103,2.641
276,5,297,1050.7679986553578,10895.45457201982,10350.6818434189,10375.766641249855,0.9975823668073618,25.084797830953796,0.10151679034782138,0.17513056002362204,0.9521797130881012,0.0,0.0,0.0,0.0,False,1940.9036248922534,2.9081687286180573,1440,2023-08-11,0.07521276255311879,0.3050144185745249,2.639
277,5,244,1276.379399648785,8566.886898289418,8138.542553374942,8179.751754151712,0.9949620475027432,41.20920077676844,0.15683144632812518,0.22518343702217497,0.958462471073816,0.0,0.0,0.0,0.0,False,1875.7129411321575,2.5426607349568147,1440,2023-02-06,0.0748366987403532,0.32851829190407966,2.592
278,5,184,477.35712277716436,6340.698711584318,6023.663776005074,6047.4033082076185,0.9960744255025418,23.739532202543597,0.07924697335842176,0.19997983706203254,0.9690144041492801,0.0,0.0,0.0,0.0,False,1101.3970772994835,2.797123853163023,1440,2023-08-05,0.07446251524665143,0.23594588931979824,2.671
279,5,210,623.9017282103143,7460.485469035575,7087.461195583816,7122.116325982248,0.9951341527135683,34.65513039843118,0.08802894449694713,0.2145652178581968,0.9775009355032546,0.0,0.0,0.0,0.0,False,1399.4006367291413,2.102225211276307,1440,2023-12-14,0.07409020267041817,0.2173368953115848,2.785
280,5,221,715.5840249106025,8326.47504426001,7910.151292047007,7932.707410189302,0.9971565674900195,22.556118142296132,0.0904640124431074,0.2035654802613521,0.9612020055841431,0.0,0.0,0.0,0.0,False,1798.3982921625125,3.0596152471143627,1440,2023-05-18,0.07371975165706608,0.16963360146054288,2.71
281,5,133,481.29288235191956,4396.686827289962,4176.852485925472,4208.293953726057,0.9925286902135849,31.441467800584988,0.1152286043075995,0.1960529752968273,0.9900882959290602,0.0,0.0,0.0,0.0,False,839.2777812424965,1.72071123949315,1440,2023-10-09,0.07335115289878076,0.15549211507970007,2.676
282,5,136,497.76978539659365,5011.852401205549,4761.259781145278,4797.36602772844,0.9924737353008983,36.10624658316218,0.1045458152415409,0.231627972788285,0.9851763802785607,0.0,0.0,0.0,0.0,False,816.9958730828519,2.0950885466847744,1440,2023-09-09,0.07298439713428685,0.160903788132139,2.722
283,5,208,737.3769481789208,7492.094288960444,7117.489574512438,7139.220934446019,0.9969560600332833,21.73135993358176,0.10360070646530348,0.2067046023323904,0.9665900140110778,0.0,0.0,0.0,0.0,False,1791.153843275466,2.2884496291043046,1440,2023-10-24,0.07261947514861541,0.08538673345346896,2.614
284,5,221,221.3096343392913,7976.553127840564,7577.725471448572,7608.958196509759,0.9958952692005177,31.232725061187097,0.029205285302713054,0.20101748466471836,0.9597142309452186,0.0,0.0,0.0,0.0,False,1634.1420201532562,2.636042916396259,1440,2023-10-06,0.07225637777287233,0.0794692745968815,2.668
285,5,158,650.9709737729804,5822.736982655884,5531.600133523108,5555.016239965077,0.9957846916317716,23.416106441969642,0.1176822181755161,0.22473100797342968,0.9873368803240554,0.0,0.0,0.0,0.0,False,1179.8412112995018,1.7189545324265745,1440,2023-11-29,0.07189509588400797,0.08719609214725413,2.643
286,5,167,562.4980586887018,6433.3778307856355,6111.708939246312,6127.464575419177,0.9974286858815847,15.755636172865096,0.09203613331070512,0.1815470736553557,0.9807073843261748,0.0,0.0,0.0,0.0,False,1258.6028310079455,1.8868099668967255,1440,2023-04-23,0.07153562040458793,0.03997124450971584,2.668
287,5,144,60.191207356399474,5156.823682261755,4898.982498148678,4917.999408122421,0.9961332020613228,19.016909973743573,0.01228647119665067,0.2011640974705751,0.9951415871744124,0.0,0.0,0.0,0.0,False,947.0847644626677,1.5213102784842947,1440,2023-12-30,0.071177942302565,0.0981186682166802,2.689
288,5,285,1105.140457858554,10471.097120746443,9947.542264709067,9972.730770945447,0.9974742618832382,25.188506236381354,0.11109683462007143,0.1815836596611216,0.9702882759382062,0.0,0.0,0.0,0.0,False,1832.0121609781747,2.4263808923467414,1440,2023-04-28,0.07082205259105216,0.10142094991524027,2.678
289,5,211,620.2485694897765,7415.470797301649,7044.697257436606,7067.570301318651,0.9967636623469063,22.873043882044488,0.0880447444118372,0.18533701302390976,0.9836035864130156,0.0,0.0,0.0,0.0,False,1493.1219605966417,2.032392887273988,1440,2023-12-14,0.0704679423280969,0.1480605554718299,2.749
290,5,169,437.37622836741133,6065.0673908713625,5761.814021327764,5777.165367464988,0.9973427545931648,15.35134613722391,0.0759094664889273,0.16854071342592353,0.9657683485771801,0.0,0.0,0.0,0.0,False,963.9793393970286,2.999892656742164,1440,2023-06-30,0.07011560261645643,0.1778480118677722,2.838
291,5,262,861.1946267776988,9498.501507931063,9023.57643253457,9046.658559439693,0.9974485466922991,23.082126905124014,0.09543828139723573,0.16809369790903345,0.97251065487267,0.0,0.0,0.0,0.0,False,1689.50810919156,2.353968163548479,1440,2023-04-23,0.06976502460337414,0.24020280042879955,2.813
292,5,293,1007.9093758488548,10797.419007608765,10257.548057228314,10286.317957273212,0.9972030905359527,28.769900044896318,0.09826026358595501,0.17785855632035072,0.9510005882297984,0.0,1.0416666666666667,22.86729254505717,0.0,False,1961.6354853787852,3.26494501140483,1459,2023-09-06,0.06941619948035727,0.29266538051932794,2.81
293,5,173,153.09527238141175,6156.246863994274,5848.43452079455,5855.126242438064,0.9988571174443666,6.691721643513301,0.02617713711884265,0.16121987017665965,0.9826389925202474,0.0,0.0,0.0,0.0,False,1418.3902454690929,2.0039150804775856,1440,2023-01-04,0.06906911848295548,0.3142598282708351,2.768
294,5,282,892.372878969285,10492.798007580772,9968.158107201725,9979.098922103447,0.9989036269720217,10.940814901718895,0.0895223439849504,0.16665586304608782,0.9521248439504816,0.0,0.0,0.0,0.0,False,2120.6385158950907,2.9051524553247425,1440,2023-10-30,0.0687237728905407,0.37007950247932825,2.795
295,5,259,1002.2625502339737,9310.339610960089,8844.822630412082,8875.520649409094,0.9965412711873916,30.698018997011637,0.11331629724125718,0.18583514615967436,0.9659927639639058,0.0,0.0,0.0,0.0,False,1570.5216355597313,2.455477191584417,1440,2023-10-12,0.068380154026088,0.40444326438107636,2.706
296,5,263,646.7269835050172,9111.454790085792,8655.882050581538,8671.757476958104,0.9981692953915341,15.875426376565706,0.07471531840727513,0.17607709752231462,0.9572655679236213,0.0,0.0,0.0,0.0,False,2001.3397008642796,3.120141529632796,1440,2023-08-12,0.06803825325595757,0.39044809374460077,2.637
297,5,215,1027.3032463081297,7550.232840914474,7172.721198868756,7177.427720151421,0.99934426072039,4.706521282666477,0.14322364104576527,0.1524250879785707,0.9743203368395896,0.0,0.0,0.0,0.0,False,1532.6733742295503,2.288366809437639,1440,2023-02-11,0.06769806198967777,0.401915809361496,2.683
298,5,284,1005.738433924052,10020.356351027809,9519.338533476353,9546.524992647028,0.9971522141102009,27.186459170672855,0.10565213437753093,0.17149508645303416,0.9510063230913943,0.0,3.611111111111111,123.52034297955804,0.0,False,2181.156966047815,3.6845361502353464,1589,2023-08-29,0.06735957167972938,0.46550314845232027,2.706
299,5,146,426.92053481535135,5359.890273007619,5091.8957593572,5099.4019417217705,0.9985280269234796,7.506182364569783,0.08384314113870345,0.16796448615425685,0.951000073784276,0.0,4.166666666666667,314.2836355768933,9.78938260004082,True,1197.4927492857182,4.021729001867792,1649,2023-06-06,0.06702277382133073,0.4758442687585084,2.666
300,5,135,687.7551274654053,5246.98013618808,4984.631129378669,5001.82422281071,0.9965626354173679,17.193093432040488,0.13797512987708951,0.182208788123319,1.0000659578037046,0.0,0.0,0.0,0.0,False,913.7386086317265,1.3744113758073573,1440,2023-03-02,0.06668765995222407,0.49348626135305607,2.676
301,5,294,1021.8939833805158,10147.205536096251,9639.845259291404,9673.134080672837,0.9965586312456947,33.288821381429685,0.10600730155865927,0.1911446824477836,0.9510015720644528,0.0,2.0833333333333335,43.171769099056526,0.0,False,1953.2630525497639,3.22735420187781,1528,2023-08-16,0.06635422165246296,0.47715195169059155,2.731
302,5,208,47.65152061462361,7610.747374347325,7230.2100056299805,7233.672388398767,0.9995213520072682,3.4623827687867834,0.006590613630519526,0.1730923855814105,0.9510015288083926,0.0,3.5416666666666665,91.6939712666698,0.0,False,1210.125833593413,3.7884906842974337,1574,2023-07-02,0.06602245054420065,0.44486830232440866,2.67
303,5,192,138.00378739681392,6966.696655179122,6618.361822420174,6629.951547630898,0.9982519140407797,11.58972521072453,0.0208516534906442,0.18516987683640745,0.9851266265707768,0.0,0.0,0.0,0.0,False,1402.1906559830147,1.8284193895506051,1440,2023-01-07,0.06569233829147963,0.4601018166584127,2.747
304,5,252,332.77882217496597,9291.741959492681,8827.154861518045,8854.61394998122,0.9968988949017668,27.459088463173664,0.03769944307035036,0.16875161120905152,0.9611317228690138,0.0,0.0,0.0,0.0,False,1169.6280467027373,3.065818744897022,1440,2023-07-22,0.06536387660002224,0.44645965352280226,2.947
305,5,173,823.0322561569863,6256.331079664402,5943.514525681187,5956.700642135935,0.9977863389068986,13.186116454748358,0.1384756868349133,0.16168047127306345,0.9857507395231309,0.0,0.0,0.0,0.0,False,1304.7457247048546,1.9391788792844502,1440,2023-02-27,0.06503705721702213,0.4732285268340443,2.841
306,5,235,1147.0972109242641,8667.109216410157,8233.753755589663,8237.253743789533,0.9995751025391795,3.4999881998680133,0.13931643391029663,0.1426622762468882,0.9690989712685542,0.0,0.0,0.0,0.0,False,1823.8016136622264,2.2678968867509237,1440,2023-02-08,0.06471187193093703,0.5121161097785586,2.964
307,5,273,1061.7558366900005,9403.003762744496,8932.853574607321,8947.204861451739,0.9983960033254353,14.351286844418503,0.11885964857950491,0.1613312226710396,0.9694444453950062,0.0,0.0,0.0,0.0,False,1734.3390670528715,2.3021731076992555,1440,2023-11-29,0.06438831257128233,0.5879330913794112,2.832
308,5,265,283.7984499769617,9624.664434524084,9143.43121279788,9154.19712579298,0.998823936949668,10.765912995101052,0.031038506592550797,0.1658219634142701,0.9656835575330902,0.0,0.0,0.0,0.0,False,1997.1925022570508,2.577690415256634,1440,2023-10-21,0.06406637100842592,0.609448433393408,2.686
309,5,142,506.8639884484698,5091.757605021341,4837.169724770258,4848.193337531355,0.9977262431603625,11.023612761097784,0.10478523956951777,0.14746693639724012,0.9567998049077604,0.0,0.0,0.0,0.0,False,1053.0693296159784,3.415293591378923,1440,2023-08-25,0.0637460391533838,0.618489979198785,2.614
310,5,295,-47.75525690370594,10543.715341943449,10016.529574846285,10027.862999288838,0.9988698066134971,11.3334244425547,-0.00476764497592359,0.15888634631141385,0.9557928499522986,0.0,0.0,0.0,0.0,False,2116.9009083992432,2.6042657513070795,1440,2023-12-24,0.06342730895761688,0.6687309284606905,2.696
311,5,252,895.3399765401936,8605.755707177834,8175.467921818949,8186.561346659574,0.9986449225296343,11.093424840623781,0.10951544120804164,0.1618363319099467,0.976076350971013,0.0,0.0,0.0,0.0,False,1596.6237582428134,2.107233326169496,1440,2023-02-02,0.06311017241282879,0.685856668743462,2.806
312,5,246,793.8462986638939,8396.605652232003,7976.775369620357,7989.72235108165,0.9983795455095458,12.946981461293003,0.09951970086650137,0.15970648481146796,0.9510026419454879,0.0,5.208333333333333,208.52053930363368,0.0,False,1965.7214672949206,3.5917554621180066,1572,2023-08-30,0.06279462155076464,0.6949754760574096,2.705
313,5,153,101.6313531870151,5234.490320191574,4972.765804181994,4977.852025133558,0.9989782297814634,5.086220951562611,0.02043759090797021,0.14258992571438908,0.9870653844017464,0.0,0.0,0.0,0.0,False,1235.45536678153,1.5960565653121737,1440,2023-01-10,0.06248064844301082,0.7089708612846475,2.577
314,5,287,753.4551768270733,10638.889575845651,10106.945097053358,10119.031604626418,0.9988055667730562,12.086507573058924,0.0745482605863507,0.1522384003564814,0.9510000311702673,0.0,2.0833333333333335,108.17351949877835,0.0,False,1918.965685930036,3.454772450477923,1476,2023-05-31,0.062168245200795766,0.760694103194292,2.859
315,5,191,604.8915848421394,6636.537890018991,6304.7109955179985,6314.020143681461,0.9985256385073813,9.309148163462654,0.09594279345590229,0.15129489336510474,0.9740374203073622,0.0,0.0,0.0,0.0,False,1630.863230135034,2.284082984666763,1440,2023-04-19,0.06185740397479179,0.7832341324915804,2.801
316,5,290,1067.3468069601295,10150.131251979119,9642.624689380222,9647.029824587491,0.9995433687583258,4.405135207270752,0.11069048535463978,0.16027497267916094,0.9510000399354378,0.0,4.097222222222222,126.9769238232876,0.0,False,2250.9005310525554,3.5590678386842347,1542,2023-02-10,0.06154811695491783,0.8057771266421845,2.751
317,5,161,725.393935039498,5779.251030624552,5490.2884790933185,5504.8140055427975,0.997361304771632,14.525526449479115,0.13212310023448742,0.17843494245360506,0.974416634258126,0.0,0.0,0.0,0.0,False,1452.005660891533,2.3625731867269053,1440,2023-01-17,0.06124037637014324,0.806041598837786,2.654
318,5,136,483.97314212386334,4829.750983299033,4588.263434134045,4598.088471024741,0.9978632344826315,9.825036890695737,0.10548067892601394,0.1846714140768193,0.988521951696786,0.0,0.0,0.0,0.0,False,1077.454567406247,1.5547045434462263,1440,2023-03-28,0.060934174488292525,0.7673794959678101,2.676
319,5,272,1106.3449693068162,9344.076145399791,8876.872338129839,8890.026594863755,0.9985203355025376,13.154256733914462,0.12463229470526538,0.1514992773273112,0.9735134686306007,0.0,0.0,0.0,0.0,False,1704.5066312860724,2.301257014024545,1440,2023-03-07,0.060629503615851066,0.7234960053969169,2.759
320,5,225,1222.7818339779524,8257.672393930943,7844.788774234441,7854.770697346995,0.9987291897501317,9.981923112553615,0.1558718620945,0.14998521162171977,0.9685269949353909,0.0,0.0,0.0,0.0,False,1634.0521501968688,2.3412321546745467,1440,2023-02-06,0.06032635609777181,0.7637929499227547,2.657
321,5,190,716.3648777997801,6888.379297981605,6543.960333082494,6558.980446273121,0.9977099926865673,15.020113190627528,0.10946962410182286,0.13003533494264133,0.9711750621094202,0.0,0.0,0.0,0.0,False,1079.5423947331656,2.696647711554565,1440,2023-06-17,0.060024724317282944,0.8018621895146401,2.682
322,5,296,624.144947012748,9728.679959444431,9242.245961472136,9252.196500167433,0.9989245214695649,9.950538695297476,0.06753173953761908,0.1545711665898466,0.9762266163923776,0.0,0.0,0.0,0.0,False,1795.933625134589,2.2185357149122473,1440,2023-11-09,0.05972460069569653,0.8797055431349889,2.736
323,5,296,788.8616400695793,10343.0513570547,9825.898789201969,9838.857361381604,0.9986829189911322,12.958572179635212,0.08028391671777522,0.1643339877587839,0.9544133409211746,0.0,0.0,0.0,0.0,False,1986.4884122078902,3.1997464052091535,1440,2023-08-01,0.05942597769221805,0.890272838077924,2.812
324,5,122,369.89411915047964,4045.785775880378,3843.496487086339,3857.8543603221683,0.9962782749438395,14.357873235828713,0.09623896376470668,0.1662413698934029,0.9647096945207786,0.0,0.0,0.0,0.0,False,794.7489351428351,3.0377856923036224,1440,2023-08-04,0.059128847803756955,0.8790317680726709,2.614
325,5,233,4.676113894630074,8554.89349294712,8127.148818299761,8156.902675825933,0.9963523093619405,29.75385752617334,0.000575369542157386,0.19108140784362393,0.9610090144869635,0.0,0.0,0.0,0.0,False,1847.0598013031413,2.4179071782154,1440,2023-12-25,0.058833203564738173,0.8675306028776364,2.858
326,5,266,1212.9606210648546,9654.494757132956,9171.770019276284,9182.364765486836,0.9988461854346743,10.594746210553694,0.13224934974553207,0.17559225565388178,0.9565905311848804,0.0,0.0,0.0,0.0,False,1941.3429825851624,2.7053409096633136,1440,2023-04-04,0.05853903754691448,0.8041275168389413,2.796
327,5,245,733.9602551645274,8568.82387469226,8140.382680957664,8167.683924363528,0.9966574069639955,27.30124340586316,0.09016286874097935,0.16222375315382961,0.9527438476696175,0.0,0.0,0.0,0.0,False,1245.0994647547373,3.4542336354964522,1440,2023-06-24,0.05824634235917991,0.788701570042724,2.752
328,5,228,790.8831414838985,8113.154943165564,7707.4971960072635,7729.1697026673555,0.9971960110213892,21.67250666009265,0.102612186728216,0.16632091124339465,0.9781409941740675,0.0,0.0,0.0,0.0,False,1489.31102283449,2.2545458537206415,1440,2023-04-24,0.057955110647384005,0.8076603304481733,2.802
329,5,214,1040.6225842051556,7528.598773735373,7152.168835048595,7194.832521108738,0.9940702322208372,42.66368606014389,0.14549748589626033,0.22276158954737943,0.9871497692347728,0.0,0.0,0.0,0.0,False,1340.6749640413966,1.9580553179387157,1440,2023-02-03,0.05766533509414709,0.81549754541332,2.785
330,5,216,190.68344810053958,7748.6084940270575,7361.178069325675,7384.477766502053,0.9968447738739128,23.299697176378018,0.025903930906810306,0.196011521295278,0.959514059719059,0.0,0.0,0.0,0.0,False,1777.7819582517814,2.981122108186161,1440,2023-10-06,0.05737700841867635,0.6964597456393019,2.67
331,5,175,717.0849658778417,6507.166902352965,6181.80855723529,6201.13466820004,0.9968834556901568,19.326110964751326,0.11599921919913771,0.19429106305575114,0.9834242504160173,0.0,0.0,0.0,0.0,False,1239.8597306906995,1.686154127179012,1440,2023-10-11,0.05709012337658297,0.6602790799099467,2.641
332,5,145,459.9273068915382,5071.238129863819,4817.676223370622,4832.492858801963,0.9969339560627899,14.816635431340355,0.09546662863320364,0.18001278315367314,0.9922456426988807,0.0,0.0,0.0,0.0,False,1065.1213661436036,1.5316397669684612,1440,2023-12-04,0.05680467275970005,0.635405002300634,2.625
333,5,191,822.6029939934781,7128.217190132167,6771.806330625559,6799.62218974966,0.9959092051958368,27.81585912410027,0.12147467807418652,0.20034112619218675,0.9820187828807007,0.0,0.0,0.0,0.0,False,1291.1219549681955,1.8266207233233689,1440,2023-11-29,0.056520649395901554,0.6479173168400718,2.644
334,5,246,863.6585279797489,9391.522619528714,8921.946488552298,8963.304215362688,0.9953858838418643,41.357726810392855,0.09680158125672515,0.1998034190854971,0.9704141551234085,0.0,0.0,0.0,0.0,False,1868.901500040738,2.320681059948832,1440,2023-04-22,0.05623804614892205,0.6131877574772828,2.747
335,5,290,1034.60831122952,10489.80739281816,9965.31702317726,10021.492693113014,0.9943944807768648,56.17566993575372,0.10382091295472444,0.21104380434865266,0.9622384038211736,0.0,0.0,0.0,0.0,False,1956.6057010037462,2.530774836404473,1440,2023-02-24,0.05595685591817744,0.586596894667494,2.694
336,5,294,1142.251722972716,10961.80949761213,10413.719022731524,10492.295499055102,0.9925110309435476,78.57647632357764,0.109687204012261,0.23952183679973313,0.9673174268989041,0.0,0.0,0.0,0.0,False,1936.8678168933252,2.5654195194900122,1440,2023-11-25,0.05567707163858655,0.540043166623288,2.82
337,5,156,475.3181064053241,5436.063127753227,5164.259971365553,5185.314833559409,0.9959395209606968,21.054862193854262,0.09203992615415113,0.1997457230263852,0.9651198345694619,0.0,0.0,0.0,0.0,False,1055.929059523437,2.9846307544999666,1440,2023-07-24,0.05539868628039362,0.43817242095555964,2.744
338,5,125,205.4507203082886,4070.3343342001685,3866.817617490155,3886.7137939299632,0.9948809772227426,19.896176439808478,0.05313173276624332,0.19671406902062272,1.0037463109344247,0.0,0.0,0.0,0.0,False,689.1796947562636,1.1985649654658912,1440,2023-12-19,0.05512169284899165,0.44419598857142306,2.611
339,5,298,985.1258837561884,10332.175410237509,9815.566639725615,9864.801346179516,0.9950090524151337,49.234706453902014,0.1003636285009957,0.19684347783235884,0.960443634680764,0.0,0.0,0.0,0.0,False,2128.286210528931,2.660259576456843,1440,2023-11-08,0.05484608438474669,0.45584877802576007,2.629
340,5,241,738.9885407547738,8958.97408818419,8511.025383775002,8546.185542727213,0.995885865246381,35.16015895221232,0.08682720441223744,0.197673514859899,0.9593987753359575,0.0,0.0,0.0,0.0,False,1775.2871880488315,2.5797285300512267,1440,2023-09-30,0.05457185396282296,0.4650441363117923,2.578
341,5,257,1201.2292959982747,9177.296953975065,8718.432106276314,8760.247598485581,0.9952266769016328,41.81549220926573,0.13778042672759033,0.21878938354253796,0.964771147798295,0.0,0.0,0.0,0.0,False,1885.0499605711038,2.3892338945200224,1440,2023-02-26,0.05429899469300884,0.4706906657370348,2.577
342,5,267,281.9663865846989,9552.715360251144,9075.079592238597,9133.393554670445,0.9936153016857542,58.31396243184784,0.03107040370487206,0.21020572851217023,0.9813678800905209,0.0,0.0,0.0,0.0,False,1376.7169338569997,2.158003288535385,1440,2023-05-20,0.05402749971954379,0.4278135089982961,2.541
343,5,185,773.0224349284423,6574.903960499046,6246.158762474142,6273.547152165999,0.9956343055965713,27.38838969185808,0.12375965202367724,0.22455258848765094,0.9778065871782182,0.0,0.0,0.0,0.0,False,1362.4720543797366,1.9361605445933516,1440,2023-03-08,0.053757362220946084,0.4118855382485057,2.6
344,5,276,887.0551564717167,10053.026548916592,9550.375221470764,9586.863032933918,0.9961939780157695,36.48781146315283,0.0928817073571597,0.22219064481164563,0.9646733218566721,0.0,0.0,0.0,0.0,False,2079.485915508375,2.7137546908703363,1440,2023-11-10,0.053488575409841345,0.36635244027823327,2.746
345,5,236,733.0317781897055,8138.571510297221,7731.642934782336,7759.845395337535,0.9963655898902131,28.20246055519897,0.09480931599828751,0.2063670664961231,0.9791303859622738,0.0,0.0,0.0,0.0,False,1250.0337225468847,2.108817637421105,1440,2023-03-16,0.05322113253279214,0.33401270574864467,2.808
346,5,236,1104.514280670247,8617.544118529877,8186.666912603328,8226.520331785781,0.9951554949632267,39.85341918245451,0.1349162354425161,0.21358587266661144,0.9756587604754696,0.0,0.0,0.0,0.0,False,1579.0731714123297,2.06503888401179,1440,2023-02-23,0.05295502687012817,0.3426344370943173,2.719
347,5,188,929.4802798321247,6622.560686628735,6291.432652297315,6349.11393333343,0.9909150660010552,57.68128103611514,0.14773746000328322,0.25089722171626916,0.9896128833010357,0.0,0.0,0.0,0.0,False,1066.5619079018156,1.6205592736169905,1440,2023-01-25,0.05269025173577754,0.33297115496245044,2.779
348,5,182,680.200232862701,6701.624848929296,6366.543606482825,6390.508915977651,0.9962498590002892,23.965309494825483,0.106839797998097,0.21817732592723652,0.9824189960865688,0.0,0.0,0.0,0.0,False,1166.3824946796735,2.2682181759646087,1440,2023-09-14,0.05242680047709865,0.24061070026189646,2.915
349,5,189,869.9242391868886,6295.471355312988,5980.697787547326,6021.292290897571,0.9932581742607626,40.59450335024474,0.1454553080742846,0.2091073931369206,0.9849721373391935,0.0,0.0,0.0,0.0,False,1198.6820017083746,1.8286738553741158,1440,2023-02-12,0.05216466647471316,0.23779724094096333,2.789
350,5,249,676.438861842697,8490.590926617808,8066.061380286885,8121.824898223797,0.9931341147296702,55.76351793691375,0.08386234990671967,0.23286699423766224,0.964313080256045,0.0,0.0,0.0,0.0,False,1381.2357268404694,3.0151390377535163,1440,2023-05-15,0.0519038431423396,0.2550449559660658,2.751
351,5,211,1096.533763143164,8114.124306066882,7708.41809076352,7738.80919961011,0.9960728959633581,30.39110884659052,0.1422514645977839,0.2073219996765613,0.9751762386463485,0.0,0.0,0.0,0.0,False,1755.8907942439375,2.2403276298829042,1440,2023-02-14,0.0516443239266279,0.21492865585263313,2.729
352,5,123,84.82379709216953,4237.962031232117,4026.0639296705117,4049.949658159543,0.9941022159520161,23.885728489031283,0.02106866621442631,0.21168373291717194,1.0017796765581501,0.0,0.0,0.0,0.0,False,722.7760949966538,1.1211002608920793,1440,2023-11-01,0.05138610230699475,0.23866850381248092,2.73
353,5,123,15.350561659319201,4218.374400041567,4007.4556800394744,4053.2840132958595,0.9886935302075908,45.82833325638464,0.0038305006679869246,0.2478471365581117,0.9982927777513215,0.0,0.0,0.0,0.0,False,765.584854411061,1.239050129466067,1440,2023-12-27,0.05112917179545978,0.24748038240515716,2.636
354,5,154,587.6761302917278,5216.6767109268385,4955.842875380506,4999.743945600736,0.9912193362904397,43.9010702202302,0.1185824783128554,0.22172878150171296,0.9964324435381288,0.0,0.0,0.0,0.0,False,980.0950359033945,1.3647507285392189,1440,2023-11-30,0.05087352593648248,0.1725780404413251,2.602
355,5,209,260.94560237396956,7303.547898771814,6938.370503833214,6988.714189140745,0.9927964309392197,50.34368530753058,0.03760906141143745,0.23631749721183104,0.9815390758584519,0.0,0.0,0.0,0.0,False,1413.823722179127,1.9765584218900043,1440,2023-01-29,0.05061915830680006,0.169030108919251,2.701
356,5,228,879.1517265776994,7920.212594981826,7524.201965232716,7572.010669789116,0.9936861282106816,47.80870455639901,0.11684318558167625,0.22490370375192262,0.9704231056053159,0.0,0.0,0.0,0.0,False,1618.8751746279002,2.438084686484894,1440,2023-06-19,0.05036606251526607,0.13228071427874039,2.651
357,5,295,946.4015926286954,10317.151616953981,9801.294036106274,9883.181859090058,0.9917144271803044,81.8878229837855,0.0965588410206158,0.2323636294084145,0.9728353125773217,0.0,0.0,0.0,0.0,False,1665.8167866525741,2.344402590058896,1440,2023-03-26,0.050114232202689735,0.12674635899053432,2.738
358,5,261,735.6357370034733,9388.679605677493,8919.245625393653,8988.251096173899,0.9923227032665319,69.00547078024476,0.08247734930733068,0.23832517573228626,0.9746230300222961,0.0,0.0,0.0,0.0,False,1667.93615041553,2.2186075722356637,1440,2023-02-17,0.05,0.10428885684526662,2.766
359,5,171,393.6802189547538,6183.04310235206,5873.890947234432,5926.019420417588,0.9912034589350903,52.12847318315444,0.06702205105460936,0.23217103274345915,0.9741811608331078,0.0,0.0,0.0,0.0,False,1001.2335818864171,2.618958523479915,1440,2023-05-19,0.05,0.07129119442992027,2.757
360,5,213,19.331520193818495,7488.582846485602,7114.153704161318,7184.647828534742,0.9901882282812182,70.49412437342316,0.002717332376795684,0.2599594153791174,0.9721938498312149,0.0,0.0,0.0,0.0,False,1530.2848587302497,2.115931045230492,1440,2023-10-28,0.05,0.05682362743588987,2.678
361,5,255,326.0963298035492,8498.145514698797,8073.2382389638315,8121.29910328357,0.994082121134991,48.060864319738336,0.04039225898595585,0.21256625301928186,0.9719859708967228,0.0,0.0,0.0,0.0,False,1819.5370897422065,2.424299893336912,1440,2023-03-12,0.05,-0.01888283872673846,2.68
362,5,280,306.9840324828672,10546.92197011306,10019.575871607361,10069.583850578676,0.9950337591192072,50.00797897131254,0.030638425859199583,0.21333846271393572,0.9727082620488078,0.0,0.0,0.0,0.0,False,1847.6809704557752,2.2833239801470557,1440,2023-11-03,0.05,0.024188632883832994,2.657
363,5,200,1121.2450353191095,6975.394136387739,6626.624429568339,6673.292339158157,0.9930067637954394,46.66790958981821,0.16920304556812613,0.2260773901828561,0.9854131767740193,0.0,0.0,0.0,0.0,False,1351.2057707262393,1.8628574808075027,1440,2023-01-22,0.05,0.056280025708354886,2.689
364,5,249,697.1435321636967,8880.426624308608,8436.40529309326,8486.919947690007,0.9940479402529894,50.514654596746766,0.0826351399611439,0.24157916623481812,0.9754842837537423,0.0,0.0,0.0,0.0,False,1623.2695264915158,2.0734754315514836,1440,2023-11-24,0.05,0.052623630027204715,2.746
365,5,157,562.598467754017,5785.852412280803,5496.559791666768,5527.671180137122,0.9943717005848416,31.111388470352818,0.10235465256049102,0.2045236362695167,0.9818794970222033,0.0,0.0,0.0,0.0,False,974.8907502470653,2.1157844260221057,1440,2023-09-09,0.05,0.013515647856227275,2.661
366,5,203,713.9465452891347,6757.700761260892,6419.815723197815,6465.1238096451925,0.9929919228492139,45.30808644737907,0.1112098191088741,0.239636553812692,0.9876602005836408,0.0,0.0,0.0,0.0,False,1237.7089907834452,1.7469486848764728,1440,2023-03-06,0.05,0.06352524622963254,2.668
367,5,283,916.49386562271,9877.99737554262,9384.097506765509,9444.967867989035,0.9935552601052431,60.87036122352502,0.09766457189537507,0.24950048028888983,0.9835580617185884,0.0,0.0,0.0,0.0,False,1584.2916588843864,2.0698402411410437,1440,2023-12-03,0.05,0.024302678642736553,2.792
368,5,189,456.9329699503146,7336.047129525467,6969.244773049176,7014.199364730432,0.9935909161767911,44.9545916812566,0.06556420169332032,0.2542018280501273,0.9579759966554711,0.0,0.0,0.0,0.0,False,1365.6314870094004,3.179062967535443,1440,2023-07-16,0.05,-0.031251037688860006,2.764
369,5,123,592.3097765443546,4572.800452841293,4344.160430199233,4364.913282558182,0.9952455292887775,20.75285235894961,0.13634620223203633,0.2251931020748299,0.9930515670377307,0.0,0.0,0.0,0.0,False,897.0881098098118,1.6174306598972723,1440,2023-02-21,0.05,-0.08874706723136605,2.675
370,5,262,540.7039521178324,9492.549710406178,9017.922224885882,9070.542228943523,0.9941988028136032,52.62000405764242,0.05995881741203138,0.22670422744424112,0.9703917278079254,0.0,0.0,0.0,0.0,False,1844.393333707193,2.4424393115832124,1440,2023-12-17,0.05,-0.07218434882345803,2.661
371,5,174,491.78870064711737,6100.399249387947,5795.379286918588,5819.090760867067,0.9959252269945785,23.711473948478673,0.08485876010862477,0.22496044343874924,0.9814299812258481,0.0,0.0,0.0,0.0,False,1315.772487962649,1.9912801145613552,1440,2023-12-13,0.05,-0.06359386128204841,2.628
372,5,199,717.2492354070138,7385.755664813096,7016.467881572452,7066.355616404402,0.992940104130036,49.88773483195085,0.10222368968448438,0.23665993442867075,0.9878084386896943,0.0,0.0,0.0,0.0,False,1267.7877952652025,1.9361846394059568,1440,2023-05-05,0.05,-0.05413316860877598,2.664
373,5,300,685.3033670571118,10476.811281320197,9952.970717254168,10027.388677728195,0.9925785303765758,74.41796047402889,0.06885415284796234,0.23046727257193902,0.9510024048818871,0.0,2.0833333333333335,73.51620265311082,0.0,False,2001.9495557144403,3.529556675840699,1476,2023-06-03,0.05,-0.07413649136941894,2.693
374,5,190,553.3170213595678,6834.019174110409,6492.318215404857,6528.597560571312,0.9944430109483912,36.27934516645391,0.08522641728291552,0.21786905056862144,0.9846935897482056,0.0,0.0,0.0,0.0,False,1182.446137107638,1.8121062979121372,1440,2023-12-08,0.05,-0.07803865712172045,2.657
375,5,167,571.960693084402,5932.835548843867,5636.193771401663,5652.672950708761,0.9970847102864793,16.47917930709842,0.10147995549524219,0.21716085544239516,0.9682849139997435,0.0,0.0,0.0,0.0,False,1277.1543561017336,2.5132455050318345,1440,2023-09-15,0.05,-0.05433775384469405,2.685
376,5,162,773.003596786714,5899.206081401573,5604.245777331504,5632.488204146827,0.9949857992077941,28.242426815323874,0.13793178020732424,0.22300180540776804,0.9916058544411398,0.0,0.0,0.0,0.0,False,1062.4208673328176,1.6890148511890446,1440,2023-02-28,0.05,-0.03467704471749483,2.613
377,5,273,986.3470155936049,9819.560115610075,9328.582109829633,9370.954927425268,0.9954782817841087,42.3728175956368,0.10573386222910337,0.21408653513275194,0.9510064247663534,0.0,3.4027777777777777,130.52665825801407,0.0,False,2086.537146766064,3.6802532388878264,1583,2023-06-22,0.05,-0.032948657609944254,2.807
378,5,158,588.3989111145618,5881.081135194451,5587.027078434718,5607.77482563963,0.9963001818279061,20.747747204912784,0.10531520661242433,0.1834239976886179,0.9634852069904397,0.0,0.0,0.0,0.0,False,1278.2239035721473,2.87712493548745,1440,2023-08-16,0.05,-0.012656680075505966,2.665
379,5,229,1206.516990402272,8191.826509094091,7782.235183639412,7816.148831304006,0.9956610795934734,33.91364766459497,0.1550347633978901,0.2085660203441891,0.9716866258415682,0.0,0.0,0.0,0.0,False,1684.2874355646577,2.297575691239028,1440,2023-02-06,0.05,0.07186328444470869,2.698
380,5,162,361.8917925425318,6010.545245938896,5710.017983641969,5740.846730366933,0.9946299303616849,30.828746724964027,0.06337839803294448,0.2106141253956423,0.9554318660601396,0.0,0.0,0.0,0.0,False,760.5489301510347,3.4425498958651364,1440,2023-06-03,0.05,0.08373850520141427,2.79
381,5,265,606.2716075724545,9451.379630827492,8978.810649286115,9019.18406368399,0.995523606779416,40.37341439787497,0.06752248502095963,0.1945969984477617,0.9587521615362665,0.0,0.0,0.0,0.0,False,1817.3716044213318,2.549744392284239,1440,2023-12-15,0.05,0.08820214442379959,2.886
382,5,249,1192.3868131730176,8843.772976602257,8401.584327772092,8433.979028905807,0.9961590251739199,32.39470113371382,0.14192404273459353,0.20071656904133162,0.9582677239866705,0.0,0.0,0.0,0.0,False,2068.269533362113,2.567054455083481,1440,2023-02-14,0.05,0.12728088516465708,2.653
383,5,234,714.2451221906874,8286.109671117196,7871.804187561331,7910.969388209897,0.9950492539249443,39.16520064856702,0.09073461498436473,0.18467983871686516,0.9567963557922553,0.0,0.0,0.0,0.0,False,1601.575783220981,3.0734482749980376,1440,2023-07-24,0.05,0.14504499399942267,2.725
384,5,197,751.6483084932582,6928.763783088033,6582.325593933593,6614.246043626663,0.9951739851401767,31.920449693069994,0.11419190645719392,0.20981100743518738,0.9779799670664455,0.0,0.0,0.0,0.0,False,1357.2712503829864,2.0428105157388403,1440,2023-10-09,0.05,0.1953030958452181,2.8
385,5,185,778.4500277132842,6555.958955350459,6228.161007582922,6267.147275637242,0.9937792640990145,38.98626805432059,0.12498874495465102,0.23456909808232695,0.9889230265381214,0.0,0.0,0.0,0.0,False,1348.0270844879833,1.7389439152979973,1440,2023-10-16,0.05,0.1797304557697862,2.763
386,5,291,845.0694756613627,10090.591248050529,9586.06168564797,9618.972963272756,0.9965785039888928,32.911277624785605,0.08815606485472352,0.1862033784178985,0.9510015587342902,0.0,4.166666666666667,90.85410051037533,0.0,False,2295.0914141460653,3.1520260065468486,1533,2023-09-30,0.05,0.11107608938161728,2.708
387,5,257,898.0123483422987,9082.905296141844,8628.76003133477,8673.307922566772,0.9948637945718387,44.54789123199985,0.1040720039821743,0.20981034255762565,0.9751520062769515,0.0,0.0,0.0,0.0,False,1735.9176978165683,2.264020994142747,1440,2023-04-24,0.05,0.1632470106119298,2.689
388,5,190,688.3088744301294,6595.174909157992,6265.416163700085,6300.80210732315,0.9943838985861915,35.38594362306519,0.10985844458632797,0.21763091574785381,0.9792006082413264,0.0,0.0,0.0,0.0,False,1540.8071866430696,1.9621387107635488,1440,2023-04-15,0.05,0.1525579093608988,2.749
389,5,124,314.11661824600446,4306.066746652779,4090.763409320123,4116.208845009522,0.9938182350197686,25.44543568939854,0.07678679669675886,0.2070435901036443,0.9588646193156116,0.0,0.0,0.0,0.0,False,759.3824387757552,3.3216824438661914,1440,2023-06-02,0.05,0.12591982155417933,2.673
390,5,143,487.13234790542907,5305.932397295404,5040.635777430623,5058.413568179506,0.9964855007386673,17.77779074888186,0.09664105271929334,0.2023516091213097,0.9796619471584929,0.0,0.0,0.0,0.0,False,1038.0530513908457,2.3722499161990034,1440,2023-05-09,0.05,0.12754928822088252,2.648
391,5,200,594.3644885235807,7675.610915949383,7291.830370151938,7322.4009586709435,0.9958250594727669,30.57058851900637,0.08151101415585948,0.21406593504793497,0.9631215541068545,0.0,0.0,0.0,0.0,False,1446.2964635019894,3.038783557721599,1440,2023-08-01,0.05,0.1390576392593157,2.81
392,5,203,465.7049881719904,7180.418840356644,6821.39789833883,6849.36875455126,0.9959162870017993,27.97085621243154,0.06827119530520284,0.1916031778618597,0.9743550549170552,0.0,0.0,0.0,0.0,False,1395.510307182652,2.101765906137401,1440,2023-12-15,0.05,0.12178950629908986,2.759
393,5,187,469.3754093795611,6831.011016230728,6489.460465419192,6534.330820048651,0.9931331369859959,44.8703546294595,0.07232888032537563,0.23611256334147682,0.9701845326938919,0.0,0.0,0.0,0.0,False,1261.5585074976689,2.6399246988721763,1440,2023-07-31,0.05,0.1578129068471818,2.641
394,5,298,1665.8762587718795,10373.62748919698,9854.946114737188,9914.654504090988,0.9939777639927682,59.70838935380203,0.1690396111127093,0.24035500370759091,0.9618306547056886,0.0,0.0,0.0,0.0,False,1912.5359538351986,2.4767168407545563,1440,2023-01-23,0.05,0.0869053510634239,2.702
395,5,206,763.9999724985317,7152.871865154847,6795.228271897103,6821.922025247723,0.9960870626706334,26.693753350618813,0.11243183332901295,0.21162185277925555,0.984886880604947,0.0,0.0,0.0,0.0,False,1283.6743961127963,1.8807335244890786,1440,2023-04-17,0.05,0.018828187445587008,2.605
396,5,263,833.0226489523544,9294.596098337544,8829.866293420675,8857.203261888628,0.9969135891251836,27.336968467951547,0.09434147939171601,0.2130429520739288,0.9684799089833298,0.0,0.0,0.0,0.0,False,1805.1127507304686,2.596688682677422,1440,2023-05-01,0.05,0.026998295954692525,2.794
397,5,143,247.53345048570688,4908.067341421548,4662.663974350489,4693.752953284096,0.9933765199738825,31.08897893360765,0.05308841723259467,0.21910057063667057,0.9941239588492347,0.0,0.0,0.0,0.0,False,974.8291396681152,1.4985411479856192,1440,2023-10-19,0.05,0.029755816709999383,2.613
398,5,187,995.9515239169097,6707.26129411823,6371.8982294123125,6405.458580188152,0.9947606638376149,33.56035077583891,0.15630373996239538,0.2326761176232814,0.9831950704473778,0.0,0.0,0.0,0.0,False,1231.0036198527523,1.991524278396442,1440,2023-02-06,0.05,0.017680043944379387,2.59
399,5,160,483.6016405852011,5573.984234474459,5295.285022750756,5323.040109305909,0.9947858580838738,27.755086555153508,0.09132683859460755,0.22332434868707737,0.9718301379429526,0.0,0.0,0.0,0.0,False,1295.0954667354338,2.691715317752275,1440,2023-05-24,0.05,-0.023480583519824433,2.634
400,5,145,733.7669148402545,5472.226427299336,5198.615105934355,5222.629274961912,0.9954019005058075,24.01416902755765,0.14114661306674547,0.2206336163811069,0.9869757921320714,0.0,0.0,0.0,0.0,False,918.7200307969404,1.5360615849350987,1440,2023-02-08,0.05,-0.03700141126589257,2.642
401,5,221,767.9877270114742,7729.922074596784,7343.425970866942,7395.83225143291,0.9929140793376142,52.40628056596818,0.10458166665780495,0.21265868321385342,0.958916712639581,0.0,0.0,0.0,0.0,False,1580.8944665014963,3.177915633561273,1440,2023-08-15,0.05,-0.042930143208667365,2.7
402,5,145,393.39740563801337,5056.938777398032,4804.091838528139,4834.927847218294,0.9936222401523745,30.83600869015431,0.0818879860878224,0.2050708779702864,0.9983322149721143,0.0,0.0,0.0,0.0,False,943.0698238964817,1.3612110428234256,1440,2023-03-21,0.05,-0.030761209955622232,2.843
403,5,190,487.6001562512648,6880.980297185747,6536.931282326452,6556.07539316618,0.9970799434582946,19.144110839727464,0.07459159890047537,0.20621922770466866,0.9651075665741391,0.0,0.0,0.0,0.0,False,1592.016575146819,2.5651361136364907,1440,2023-06-04,0.05,-0.00458643571585296,2.764
404,5,244,57.45456655800258,8810.602933169217,8370.072786510782,8406.0766094889,0.9957169289966408,36.00382297811804,0.006864285176897914,0.16231490649960464,0.9668989318683695,0.0,0.0,0.0,0.0,False,1218.7045282863805,2.9262403969635753,1440,2023-07-15,0.05,0.01351605287508803,2.77
405,5,263,439.5450538318344,9181.935799339366,8722.83900937242,8748.689864335784,0.9970451741501609,25.850854963363172,0.050390137128468945,0.20922341357332347,0.9660186903411161,0.0,0.0,0.0,0.0,False,1866.8595243697132,2.4452010876511086,1440,2023-10-19,0.05,0.1264718050740014,2.776
406,5,221,1061.5571356208432,7986.558472348722,7587.230548731268,7633.060228749714,0.9939958969738205,45.82968001844634,0.13991365212941317,0.20585061858048814,0.9754187260428252,0.0,0.0,0.0,0.0,False,1607.7467474530163,2.2109446443058536,1440,2023-02-22,0.05,0.11317652059228454,2.783
407,5,229,842.3827428986567,8058.9889851924,7656.039535932785,7708.361801412519,0.9932122717086079,52.32226547973396,0.1100285257077142,0.22858448198465625,0.9548834312493581,0.0,0.0,0.0,0.0,False,1570.2461645467752,3.3858037037518365,1440,2023-08-20,0.05,0.10966791106212437,2.732
408,5,173,675.0138154227062,6015.364738412379,5714.5965014917765,5732.8972504981975,0.9968077660898543,18.30074900642134,0.11812099336261031,0.2038980583274964,0.9604561418351348,0.0,0.0,0.0,0.0,False,1398.9465238134894,2.892862322709137,1440,2023-09-25,0.05,0.055417299849593565,2.626
409,5,275,275.2466747833684,10042.191604080776,9540.082023876668,9560.232729192569,0.9978922369479176,20.150705315900773,0.028851604639717796,0.20031970467328925,0.9612270729836897,0.0,0.0,0.0,0.0,False,2074.768366862305,2.612316267786057,1440,2023-11-05,0.05,0.06613204000894576,2.629
410,5,153,744.7236714263012,5473.971179922717,5200.272620926582,5232.867333244722,0.9937711563771043,32.594712318139145,0.14320858264803946,0.2078857635340792,0.9937898266963909,0.0,0.0,0.0,0.0,False,1071.8217436732575,1.4882759858844383,1440,2023-02-14,0.05,0.08256022494201883,2.612
411,5,252,1290.0735551118905,9262.99680479312,8799.846964553491,8862.08748486241,0.9929767653032953,62.240520308917894,0.1466018170893668,0.2267850438318738,0.9804919272357285,0.0,0.0,0.0,0.0,False,1458.8992465496826,2.150059594660009,1440,2023-02-12,0.05,0.07866315521803541,2.689
412,5,136,545.8989140742825,5128.654551056267,4872.2218235034725,4891.018294875723,0.9961569411032579,18.796471372250807,0.1120431158205647,0.20230979735287088,1.0027053741157725,0.0,0.0,0.0,0.0,False,764.6060858314374,1.2650413602249455,1440,2023-12-01,0.05,0.03262783059210683,2.562
413,5,228,717.3470806763388,8351.151026766247,7933.593475427964,7960.3098127852945,0.99664380683847,26.716337357330325,0.0904189359964203,0.19426005501637902,0.971844980953902,0.0,0.0,0.0,0.0,False,1678.7055504439843,2.3246249408416766,1440,2023-12-07,0.05,0.04952962327752687,2.761
414,5,165,188.68368062279808,6082.001921129478,5777.901825072999,5801.747799058023,0.9958898637426301,23.84597398502514,0.03265608975978304,0.20163797458256438,0.9906150006147728,0.0,0.0,0.0,0.0,False,961.6840685768944,1.6414904679545652,1440,2023-01-14,0.05,0.08104748781532604,2.583
415,5,172,425.49995769568955,6605.466430274782,6275.193108761032,6296.32487705986,0.9966437932108904,21.131768298828632,0.06780667149535735,0.18524328491187178,0.9769582546602453,0.0,0.0,0.0,0.0,False,1488.8236571708296,2.1375494708075298,1440,2023-10-27,0.05,0.08994845767082939,2.58
416,5,182,632.9849666245341,6458.690581277792,6135.756052213923,6155.839068979887,0.9967375663104702,20.083016765963556,0.10316332025555977,0.1936758324949526,0.9850533271181834,0.0,0.0,0.0,0.0,False,1295.8510677643544,2.0097994037915705,1440,2023-09-10,0.05,0.13387538658516218,2.587
417,5,261,895.1945257679611,9123.799114488284,8667.609158763877,8709.560059318344,0.9951833502187536,41.950900554465264,0.10328044439599864,0.23577408382536466,0.9526398021742443,0.0,0.0,0.0,0.0,False,1910.588154012081,3.4151569856828177,1440,2023-08-31,0.05,0.150781533409103,2.848
418,5,262,899.8307321265513,9191.574254995703,8731.99554224591,8773.996380055949,0.9952130322385919,42.000837810038796,0.10304983869644883,0.21585397601908318,0.97560120501876,0.0,0.0,0.0,0.0,False,1684.352335225447,2.229824028976239,1440,2023-02-24,0.05,0.06990159375008087,2.692
419,5,165,463.144820867638,6104.193753162341,5798.984065504244,5816.650939777794,0.9969627068124833,17.666874273548693,0.07986654483544708,0.2090539410489655,0.9705714968595,0.0,0.0,0.0,0.0,False,1277.9487376870031,2.7346857277772223,1440,2023-06-09,0.05,0.04822918039572828,2.77
420,5,217,565.481852274493,7300.000733884935,6935.000697190671,6960.726358171583,0.9963041700453127,25.725660980911513,0.08154027331295964,0.19310809128994083,0.9510082193160039,0.0,0.7638888888888888,3.9260668520119886,0.0,False,1844.8158369356127,3.2809085065867922,1462,2023-05-16,0.05,0.04539862959405687,2.715
421,5,133,77.86396213625525,4501.032308990736,4275.980693541198,4293.260526019324,0.9959751260438537,17.279832478126274,0.018209614990513767,0.21231194158191855,0.9942152841486106,0.0,0.0,0.0,0.0,False,1062.347679300162,1.4689837517700497,1440,2023-04-10,0.05,0.07855965385807694,2.643
422,5,281,825.1207323378321,9799.01239283429,9309.061773192574,9353.190891545113,0.9952819183459166,44.12911835254051,0.08863629358588457,0.22136558005837956,0.951000378215225,0.0,1.0416666666666667,25.93092618498049,0.0,False,2024.3609347577656,3.3971505718017987,1477,2023-06-08,0.05,0.06222440554784606,2.689
423,5,294,1584.9054731745734,10682.021913856468,10147.920818163648,10196.630748389236,0.9952229386914611,48.7099302255871,0.15618031531520912,0.23904854399325784,0.9565892714331496,0.0,0.0,0.0,0.0,False,2170.643175523799,2.6583935613921854,1440,2023-01-19,0.05,0.028169923248528184,2.711
424,5,185,575.7492033931165,7102.647712486967,6747.515326862608,6789.43726052053,0.9938254185068193,41.921933657921294,0.08532758734181677,0.23033225472666705,0.9703475404050952,0.0,0.0,0.0,0.0,False,1144.040264572955,2.739721733338491,1440,2023-05-23,0.05,-0.03992861044732124,2.794
425,5,217,937.1005574060764,7861.510416159932,7468.434895351919,7512.094096028071,0.9941881451273039,43.659200676150896,0.12547482444940286,0.2036346475289621,0.9734880029906875,0.0,0.0,0.0,0.0,False,1590.2250896482715,2.1461530603177987,1440,2023-03-07,0.05,-0.07674821375383438,2.763
426,5,217,810.664847783282,8013.845037338472,7613.152785471557,7645.554851298499,0.9957619732698093,32.402065826942334,0.10648214617868983,0.19934381087109376,0.9624720177227802,0.0,0.0,0.0,0.0,False,1872.2593803522286,3.032014281563453,1440,2023-09-14,0.05,-0.04765089294054212,2.667
427,5,260,925.3567422958641,8786.656345496127,8347.323528221368,8388.109477613783,0.9951376469869325,40.78594939241461,0.110856700254559,0.20352632169540286,0.9666452444591118,0.0,0.0,0.0,0.0,False,1802.8417456252187,2.3863648198336915,1440,2023-01-09,0.05,-0.01490038618615265,2.596
428,5,132,626.1422609958423,4512.997683242933,4287.34779908077,4303.690028415068,0.9962027401540541,16.342229334297812,0.14604419569835006,0.19453110214588545,0.9922733308123154,0.0,0.0,0.0,0.0,False,921.4304538116313,1.5492710062329562,1440,2023-02-13,0.05,0.0019221793191087633,2.522
429,5,215,589.9231540416367,7748.672106996219,7361.2385016463895,7383.159957591389,0.997030884327183,21.921455944999245,0.0801391170670121,0.20334720169865822,0.9523251860370622,0.0,0.0,0.0,0.0,False,1513.202420148259,3.480425636726983,1440,2023-07-17,0.05,0.035443159624961904,2.619
430,5,272,131.46205091623168,10383.464418263586,9864.291197350336,9906.421760061989,0.9957471462721784,42.13056271165344,0.013327065096328859,0.21813697674483268,0.9510009304317939,0.0,2.7777777777777777,89.30059458839148,0.0,False,1931.6156658071923,3.378621508766902,1548,2023-09-19,0.05,0.04269716476861142,2.659
431,5,230,750.4230559339403,8361.988774326137,7943.889335609813,7996.254536075363,0.9934512839443389,52.36520046554843,0.09446544686493093,0.21270688375370325,0.9746467606916392,0.0,0.0,0.0,0.0,False,1434.6257264689768,2.5429987614356246,1440,2023-05-06,0.05,0.015056014944705612,2.748
432,5,220,949.3268558415187,8033.026235436425,7631.374923664633,7656.664990881391,0.9966969865800741,25.290067216758445,0.12439787919444091,0.20261715267491062,0.988248623777692,0.0,0.0,0.0,0.0,False,1323.56750432541,1.8699406710923627,1440,2023-03-03,0.05,0.004253955478380533,2.616
433,5,126,63.06864957607851,4222.359217133656,4011.241256276959,4022.8437566013436,0.997115846146064,11.602500324384987,0.015722975893655372,0.18404911257367856,0.9611933455552611,0.0,0.0,0.0,0.0,False,1049.897550158068,3.215369174471533,1440,2023-08-02,0.05,0.01767885864491872,2.696
434,5,287,931.6699430586244,10069.812406974339,9566.32178662559,9602.482406749059,0.9962342425019125,36.16062012346926,0.09739061301086133,0.20309336231219835,0.956655114357648,0.0,0.0,0.0,0.0,False,2097.1903375222996,2.630421016344381,1440,2023-02-01,0.05,0.07006601377217588,2.59
435,5,153,493.6594517487485,5389.611777093831,5120.131188239138,5135.626353184647,0.9969828091298153,15.495164945507703,0.09641539124674707,0.1807574988928906,0.9882956578946055,0.0,0.0,0.0,0.0,False,1022.6331113026824,1.5304347637267337,1440,2023-12-03,0.05,0.06992372033362815,2.653
436,5,183,542.3785021288058,6689.927881385809,6355.4314873164985,6378.004845690937,0.9964607492592782,22.573358374438648,0.08534094077030455,0.1934794060554735,0.9729476987935923,0.0,0.0,0.0,0.0,False,1620.9075250924361,2.293897599379402,1440,2023-04-12,0.05,0.11991091016062248,2.754
437,5,242,1036.9461570542787,9109.367169972395,8653.898811473784,8681.293720839294,0.9968443747848608,27.394909365511587,0.11982416014380042,0.18458450732489204,0.9614452801050596,0.0,0.0,0.0,0.0,False,2138.3480584684057,2.7412817003253993,1440,2023-04-07,0.05,0.1322384959617619,2.701
438,5,203,762.4232449297084,7578.570033624016,7199.641531942819,7222.3603277391485,0.9968543807335293,22.71879579632829,0.10589738968906261,0.19751095553723785,0.9764546153910534,0.0,0.0,0.0,0.0,False,1608.8520961136842,2.0952403506943984,1440,2023-03-27,0.05,0.16244011644370804,2.625
439,5,223,590.7797619536334,7843.181914059422,7451.022818356422,7487.4394630805,0.9951363019489315,36.41664472407797,0.07928841131692442,0.2078243515268474,0.9667609255227562,0.0,0.0,0.0,0.0,False,1389.523132033731,2.9117644651749575,1440,2023-06-09,0.05,0.15828767898524232,2.681
440,5,226,813.3091388966719,8424.011340466466,8002.810773443112,8034.955266978443,0.9959994184824604,32.144493535331485,0.1016279357242325,0.21024531304961885,0.9763922121078993,0.0,0.0,0.0,0.0,False,1605.1293115589413,2.335126464218811,1440,2023-02-24,0.05,0.13188504026498635,2.688
441,5,148,603.434517767245,5468.390586942084,5194.9710575949875,5211.9645309116695,0.9967395262926493,16.99347331668213,0.11615743592739187,0.20624359708770268,0.9787170043305975,0.0,0.0,0.0,0.0,False,1123.0087918549316,2.1118044452221008,1440,2023-06-19,0.05,0.10492454828620341,2.65
442,5,122,274.17234269434925,4179.349882088593,3970.3823879841616,3989.2893630291874,0.9952605656485473,18.90697504502544,0.06905439222279841,0.19244479741474535,0.9753745769703726,0.0,0.0,0.0,0.0,False,669.8742497181948,2.5715071129980065,1440,2023-05-19,0.05,0.09184774996500752,2.635
443,5,292,566.4038073262702,10282.801411389628,9768.661340820243,9805.525515851325,0.996240469215904,36.86417503108305,0.05798172211779338,0.2073607638678259,0.9617958648266602,0.0,0.0,0.0,0.0,False,1984.2474052461348,2.5355148462493124,1440,2023-12-17,0.05,0.11212143071781967,2.617
444,5,266,869.0524316130469,8929.995364851482,8483.495596608922,8527.190359971484,0.9948758311333502,43.69476336256385,0.10244037044828905,0.21234536261295137,0.9709990487595632,0.0,0.0,0.0,0.0,False,1740.0592732181008,2.3013657952654274,1440,2023-02-24,0.05,0.09515721092990088,2.687
445,5,147,530.5468660770509,5203.292248953224,4943.127636505561,4977.529419991467,0.9930885825912477,34.40178348590532,0.10733019761798215,0.2224833898582448,0.9969154098585895,0.0,0.0,0.0,0.0,False,930.6140779271643,1.4177014728482638,1440,2023-01-05,0.05,0.07000244972964229,2.7
446,5,241,773.4617216360853,8644.386579281325,8212.167250317303,8257.348595286143,0.9945283471507268,45.18134496884079,0.0941848476851467,0.2403079680956108,0.9574726298911214,0.0,0.0,0.0,0.0,False,1500.4684923084292,3.0627986706748054,1440,2023-06-12,0.05,0.026450811336877544,2.803
447,5,212,1233.2657475187166,7632.263712287027,7250.65052667267,7302.797147317956,0.9928593633927737,52.14662064528621,0.17009035851086088,0.2434470886724767,0.9852392818254386,0.0,0.0,0.0,0.0,False,1258.7862005280044,2.0165175959203148,1440,2023-01-22,0.05,-0.049619969904319966,2.881
448,5,253,592.5955468868711,8772.742557615484,8334.105429734753,8360.570833515027,0.9968344979897567,26.465403780275814,0.0711048776480059,0.21267680274770673,0.9731281820380665,0.0,0.0,0.0,0.0,False,1803.3796043595748,2.3693238765987084,1440,2023-11-19,0.05,-0.11955501460000674,2.657
449,5,146,569.4208101199018,4959.0293114838505,4711.077845909644,4738.055272272249,0.9943062237959779,26.9774263626047,0.1208684782431046,0.22728890697948034,0.9930073525405543,0.0,0.0,0.0,0.0,False,959.9296201495222,1.4845022749751826,1440,2023-11-29,0.05,-0.1084422614594476,2.748
450,5,246,756.0530903920177,8044.5314354995335,7642.3048637245865,7679.034759566208,0.9952168603227294,36.729895841621584,0.09892998301870208,0.2128006320292183,0.9510012319509445,0.0,2.0833333333333335,41.88806051762655,0.0,False,1886.2747157721924,3.2298042043751387,1489,2023-09-04,0.05,-0.13306313360587624,2.867
451,5,249,870.2421241950364,8852.878539939335,8410.234612942362,8469.159523186187,0.9930424134670619,58.92491024382465,0.10347417928815399,0.2376448425322131,0.9706892519558004,0.0,0.0,0.0,0.0,False,1625.5513787685734,2.499505646202172,1440,2023-09-15,0.05,-0.12152565803390362,2.703
452,5,300,662.6689931741458,10622.423903168874,10091.302708010484,10144.21723820433,0.9947837739520636,52.91453019384555,0.06566733873200718,0.22793875585282866,0.9564983129388275,0.0,0.0,0.0,0.0,False,1933.8577497293254,2.657445124043105,1440,2023-02-19,0.05,-0.1688351828095247,2.699
453,5,170,486.4796031262846,6094.6078383289205,5789.877446412462,5814.538184138559,0.9957587796407685,24.660737726096862,0.08402243529830122,0.20715535908337765,0.9732203746511351,0.0,0.0,0.0,0.0,False,1234.9579130190073,2.6747262509426983,1440,2023-10-07,0.05,-0.18672634972801724,2.783
454,5,197,599.1118896146954,6538.8733790061715,6211.929710055854,6235.544625228709,0.9962128544349903,23.614915172854896,0.09644537488002397,0.2052547705320765,0.9816999957575722,0.0,0.0,0.0,0.0,False,1337.2843936857562,2.267162612683456,1440,2023-05-08,0.05,-0.1556735783241879,2.739
455,5,144,466.84399035124585,4738.194354810001,4501.284637069487,4522.781509694218,0.9952469796344011,21.496872624730806,0.10371350136506356,0.20553008474589957,0.9573377129873573,0.0,0.0,0.0,0.0,False,1054.8321817129877,3.3858588788530666,1440,2023-08-31,0.05,-0.12691280491486573,2.66
456,5,122,451.49716729581553,4469.249783415209,4245.78729424449,4275.056856186342,0.9931534099015557,29.269561941852594,0.10634003448732739,0.2318247711092934,1.0028091246089095,0.0,0.0,0.0,0.0,False,859.628435929206,1.2248768385616395,1440,2023-10-24,0.05,-0.10478638169511373,2.619
457,5,128,64.45147601675313,4778.469451643754,4539.5459790615805,4553.569110622804,0.9969204087561755,14.023131561222945,0.01419778019961296,0.16273684935434854,0.9904697715665025,0.0,0.0,0.0,0.0,False,1124.4065099903582,1.5534170419446012,1440,2023-04-10,0.05,-0.1465247916742432,2.775
458,5,201,253.5439868621503,6806.710869994985,6466.375326495228,6496.08206909601,0.9954269754777104,29.70674260078168,0.039209599514473434,0.20802299721500717,0.9842590142358321,0.0,0.0,0.0,0.0,False,1335.1601661636025,1.8379069475341496,1440,2023-03-12,0.05,-0.026058934264385547,2.769
459,5,151,485.59276624751294,5034.125626977012,4782.419345628183,4798.733275906427,0.9966003673594127,16.313930278243294,0.1015370529335564,0.20124694290067544,0.9683521618122757,0.0,0.0,0.0,0.0,False,1230.3977186523953,2.872246168551257,1440,2023-06-18,0.05,-0.02971692349069876,2.643
460,5,254,932.6725904638619,9243.636993779919,8781.455144090949,8835.294722959783,0.9939063064043665,53.83957886883394,0.10620934402784694,0.22827615824668412,0.9510023090437153,0.0,1.8055555555555556,46.49189276331437,0.0,False,2052.8136289987356,3.5179341228293204,1507,2023-08-29,0.05,-0.01779834252525328,2.738
461,5,154,618.7716941177998,5798.1338426456505,5508.227150513356,5518.085897264684,0.998213375627912,9.85874675132826,0.11233590721837453,0.17781242431108868,0.9877617048826901,0.0,0.0,0.0,0.0,False,1191.1582318468627,1.7938824815915042,1440,2023-04-17,0.05,-0.0691415594264502,2.701
462,5,233,1056.7167546759488,8421.627032893799,8000.545681249107,8034.133896994422,0.9958193109330826,33.588215745314514,0.13208058509716128,0.2287163352022794,0.9585359143338223,0.0,0.0,0.0,0.0,False,1972.3321154749829,2.9618845710573494,1440,2023-01-17,0.05,0.0019134604953477755,2.642
463,5,217,155.34677214647866,7337.03052591436,6970.178999618658,6991.288076647905,0.996980659815785,21.109077029247032,0.02228734328845468,0.1874638290215042,0.9510097080136911,0.0,1.0416666666666667,22.13177177763865,0.0,False,1879.2456846670557,3.1033991499206652,1483,2023-10-06,0.05,-0.054666944287947404,2.719
464,5,179,872.6799784226224,6377.170185777727,6058.311676488838,6088.765687666787,0.9949983276184144,30.45401117794816,0.14404672869659849,0.2162063720985257,0.9810133133810157,0.0,0.0,0.0,0.0,False,1324.6924378373915,2.0395696565950754,1440,2023-02-11,0.05,-0.008548945967953324,2.699
465,5,201,649.2621666148896,6609.591186748613,6279.111627411172,6310.641653117422,0.9950036735661144,31.530025706250814,0.1034003223928311,0.21307166511341935,0.9787654144068834,0.0,0.0,0.0,0.0,False,1549.8857526086576,2.048366113205785,1440,2023-04-24,0.05,-0.035698460686331625,2.643
466,5,300,679.6053620807636,10369.773575620888,9851.284896839894,9878.583751942173,0.9972365618607109,27.298855102278637,0.0689864691963957,0.1948817785894091,0.9510000584858294,0.0,6.180555555555555,304.771678273722,0.0,False,2178.84748806723,3.5468436539725268,1550,2023-05-29,0.05,-0.05117530034947125,2.771
467,5,293,1155.6877172312184,10045.304291284481,9543.039076720292,9593.869611301172,0.994701769292236,50.83053458087994,0.12110269149483562,0.22426108830715916,0.9711620738779763,0.0,0.0,0.0,0.0,False,1678.7442878117563,2.2447181014060353,1440,2023-11-29,0.05,-0.02328311065663089,2.765
468,5,170,560.6348458343724,6273.860395265291,5960.167375502033,5984.828133352128,0.9958794542966629,24.660757850095447,0.09406360769980045,0.2172103810633466,0.9672489179457076,0.0,0.0,0.0,0.0,False,1276.4849477415796,2.8792537552464257,1440,2023-09-05,0.05,-0.06681689469676666,2.832
469,5,292,1112.4784025759466,10577.853150356503,10048.960492838665,10095.53229564408,0.9953868898200139,46.57180280541277,0.11070581911121534,0.23583674612611474,0.9510027341875623,0.0,3.9583333333333335,272.89247725262186,0.0,False,1986.8291571172708,3.5471602946766083,1509,2023-06-14,0.05,-0.08699288504565501,2.852
470,5,159,566.852446905949,5612.644341406011,5332.012124335717,5362.080792653304,0.9943923507533149,30.068668317585832,0.10631116990878368,0.21662607997326788,0.9582914853073331,0.0,0.0,0.0,0.0,False,1028.3661077529669,3.3499353750434646,1440,2023-08-19,0.05,-0.14590351776916133,2.72
471,5,264,1060.4111113227457,9763.898643135319,9275.703710978632,9329.52241550562,0.994231354818598,53.818704526987794,0.11432136518846041,0.25351621727880636,0.9774035683654763,0.0,0.0,0.0,0.0,False,1784.8440106304138,2.1558623826187167,1440,2023-10-22,0.05,-0.15159986241036666,2.696
472,5,182,728.0783489096102,6395.377856781174,6075.6089639421125,6120.726662881709,0.9926287022073366,45.11769893959577,0.11983627538089649,0.21963521651805606,0.9736430118072498,0.0,0.0,0.0,0.0,False,1072.069938173307,2.629610026618458,1440,2023-06-16,0.05,-0.2399910510594559,2.656
473,5,241,889.3632391700572,8559.695426324712,8131.710655008477,8163.589356018247,0.9960950141390602,31.878701009770747,0.10936975956249516,0.20341379604868942,0.9510030218987618,0.0,1.25,21.618323476980102,0.0,False,1823.853315845461,3.4519406749392054,1482,2023-08-20,0.05,-0.23714756113097943,2.672
474,5,237,684.9299468663514,8957.85278371419,8509.96014452845,8557.891728020493,0.9943991364911635,47.93158349204299,0.08048568209884424,0.2372201091448885,0.9716835084373837,0.0,0.0,0.0,0.0,False,1884.8376607326222,2.332709678059128,1440,2023-03-21,0.05,-0.19935633395802613,2.621
475,5,272,1018.4058492159267,9168.472456786843,8710.04883394753,8749.613084396668,0.995478171426838,39.56425044913496,0.11692309292763967,0.21825593913285715,0.9675607567345526,0.0,0.0,0.0,0.0,False,1693.7471312833168,2.3251196690690827,1440,2023-03-04,0.05,-0.2453582464885459,2.648
476,5,189,184.71802870968534,6592.48099457848,6262.856944849587,6277.133147387913,0.9977256811026438,14.27620253832391,0.02949421172099304,0.18985643275907146,0.9846205398274059,0.0,0.0,0.0,0.0,False,1288.2776870809141,1.7945507920172243,1440,2023-11-05,0.05,-0.2413513994431356,2.582
477,5,289,220.39754451555328,9942.49168134304,9445.367097275917,9463.939209668186,0.9980375917489732,18.572112392269307,0.023333931042142007,0.17332773227806378,0.951000757776113,0.0,0.20833333333333334,0.8648055923538944,0.0,False,2046.776366766955,3.0440393585489884,1446,2023-12-09,0.05,-0.1751598294224324,2.765
478,5,279,1051.6306571514463,9985.594375504686,9486.314656729493,9515.13987496377,0.9969705943776905,28.825218234278598,0.1108576612947822,0.18729850363674883,0.9584081938835286,0.0,0.0,0.0,0.0,False,2103.286401015488,2.832900624934211,1440,2023-03-18,0.05,-0.08450981896155614,2.799
479,5,124,436.1955969241414,4679.91696900262,4445.921120552476,4460.579089919911,0.9967138864546625,14.657969367435298,0.09811141158301459,0.18328034425168413,0.9970982727414603,0.0,0.0,0.0,0.0,False,952.998029280334,1.3568629503513239,1440,2023-04-22,0.05,-0.04209043276379966,2.69
480,5,138,393.3226783296712,4886.0886174270345,4641.784186555676,4653.239187971071,0.9975382736728842,11.455001415396382,0.08473523596139587,0.1931491226063777,0.9597287358855611,0.0,0.0,0.0,0.0,False,1100.5571033244837,3.2581699601537273,1440,2023-06-01,0.05,0.0015210096289636488,2.693
481,5,141,425.9764550586247,4601.936680415995,4371.8398463951835,4384.940047051936,0.9970124561530642,13.100200656753165,0.09743642723094377,0.1989307863740063,0.9697706980774727,0.0,0.0,0.0,0.0,False,1191.7335759846158,2.843985534327966,1440,2023-08-04,0.05,0.015041395032529548,2.573
482,5,236,592.3106559369751,8018.155277338306,7617.247513471379,7646.511289675746,0.9961729244755213,29.263776204367794,0.07775914526729664,0.19883631680359945,0.951011217209349,0.0,0.5555555555555556,5.253141412282698,0.0,False,1891.4906727319594,3.1072837563348017,1456,2023-05-25,0.05,0.013191503747899052,2.659
483,5,185,423.05963019902345,6636.2967096689545,6304.481874185509,6318.883837074809,0.9977208058795448,14.401962889300343,0.06710458347597034,0.1806002176361788,0.9844410939253351,0.0,0.0,0.0,0.0,False,1264.8570701828683,1.9115758051635208,1440,2023-02-19,0.05,0.011977607934909745,2.665
484,5,147,215.61023375165144,4860.303520291746,4617.288344277145,4632.095910639437,0.9968032686179317,14.807566362291317,0.04669628961312055,0.1755226026204741,0.9899938067290108,0.0,0.0,0.0,0.0,False,1044.6401746075753,1.7837289275408401,1440,2023-01-03,0.05,0.05209589857103476,2.772
485,5,136,303.83904453634017,4514.290755359961,4288.57621759195,4304.6811918325675,0.9962587300840828,16.104974240618013,0.07084846557931686,0.1929423444682691,0.9964967585983394,0.0,0.0,0.0,0.0,False,872.6965010351396,1.244237283462612,1440,2023-10-17,0.05,0.09658515398346146,2.79
486,5,285,312.30911472419325,10385.604641574922,9866.324409496221,9892.459413817627,0.9973580882945144,26.135004321405596,0.03165404883946441,0.185020823748993,0.9689341838130072,0.0,0.0,0.0,0.0,False,1901.3863047965256,2.4753849771388494,1440,2023-01-12,0.05,0.09420600902484033,2.751
487,5,228,1109.1100547527424,8064.07215071841,7660.868543182487,7679.8360437268,0.9975302206406077,18.967500544312948,0.14477601965116016,0.19402742374801252,0.9676037738117319,0.0,0.0,0.0,0.0,False,1825.2937513388551,2.4112405739806055,1440,2023-02-03,0.05,0.11047899745290118,2.668
488,5,126,601.0926384039202,4571.927080218329,4343.330726207412,4356.95622542012,0.9968727022931257,13.62549921270863,0.13839439736351672,0.1792111451801755,1.0003970231633161,0.0,0.0,0.0,0.0,False,614.9224516174258,1.2884618524140665,1440,2023-02-04,0.05,0.10398149701010634,2.672
489,5,167,571.0933274235415,5955.131663322596,5657.375080156449,5679.175250089054,0.9961613845369073,21.800169932605034,0.10094669689246562,0.19269227390165072,0.9963025067588002,0.0,0.0,0.0,0.0,False,1070.784255749502,1.5430062841435734,1440,2023-01-06,0.05,0.1324187522461031,2.669
490,5,238,674.3429841610658,8548.87145532893,8121.427882562454,8138.791430042102,0.9978665693022241,17.363547479646694,0.08303256445937912,0.17540431954959476,0.951004372695105,0.0,3.0555555555555554,65.89075340202974,0.0,False,1907.6521125381246,3.647667080854516,1532,2023-06-01,0.05,0.1258754595525725,2.795
491,5,167,475.9625289252043,5606.138308193642,5325.831392783977,5332.1406193358125,0.9988167554079582,6.309226551835359,0.08936868139875602,0.16760752994665085,0.9838986434213945,0.0,0.0,0.0,0.0,False,1190.3900291570637,1.809410065882674,1440,2023-12-07,0.05,0.15990410899479143,2.768
492,5,258,868.5681079560744,8894.619889823138,8449.888895331962,8466.007314230093,0.9980961014679212,16.118418898130727,0.10279047674057634,0.17425283615724474,0.9786892994164421,0.0,0.0,0.0,0.0,False,1605.6142741822732,2.019708324088974,1440,2023-02-16,0.05,0.2058995891777106,2.79
493,5,172,368.74885954797094,6077.809531929637,5773.919055333157,5780.657796133157,0.9988342605569028,6.738740800000154,0.06386457032288513,0.18750117891101833,0.960499292701547,0.0,0.0,0.0,0.0,False,1169.6833267167312,3.1286756347704237,1440,2023-05-29,0.05,0.22936365785287716,2.789
494,5,234,758.3747989425426,7982.3516324541615,7583.234050831472,7608.955827515936,0.9966195392288325,25.72177668446344,0.10000677730095774,0.18002497721645003,0.9676881178944576,0.0,0.0,0.0,0.0,False,1864.2622703980546,2.4433190437410044,1440,2023-05-05,0.05,0.2196134997891576,2.733
495,5,137,445.97492238880085,4800.487569099262,4560.463190644277,4571.204569375512,0.997650208261692,10.741378731235043,0.09779158470212232,0.1747452329834347,0.9934424139177681,0.0,0.0,0.0,0.0,False,1045.3278739022405,1.4549195244947732,1440,2023-04-22,0.05,0.22925976820540966,2.622
496,5,266,935.0678859945594,9562.641588823475,9084.509509382306,9111.542259341339,0.9970331312537877,27.0327499590327,0.10292992538879941,0.17855364811030014,0.9510000547825842,0.0,3.125,93.79363953930897,0.0,False,2210.0249699406395,3.5446368589857484,1535,2023-07-06,0.05,0.24985495860187337,2.768
497,5,254,866.7348359632946,9068.394091068756,8614.97438651535,8631.322371284086,0.9981059698542688,16.347984768734968,0.10060794113560656,0.18983727282990415,0.9597115156082717,0.0,0.0,0.0,0.0,False,1760.121526856139,3.047375781713328,1440,2023-09-15,0.05,0.25902491523442533,2.9
498,5,217,637.9309348123137,7250.664030838991,6888.13082929707,6906.948178143891,0.9972755914245359,18.8173488468198,0.09261306886028095,0.17980118027745207,0.9510012641822525,0.0,1.7361111111111112,26.91799427089066,0.0,False,1832.3874287472422,3.2567772764426177,1505,2023-09-05,0.05,0.24204504251584288,2.768
499,5,237,784.7372452620447,8494.7849939524,8070.045744254756,8109.333734364235,0.9951552135605183,39.28799010947857,0.09724074312970486,0.20421696577890974,0.9518119804089035,0.0,0.0,0.0,0.0,False,1753.4609665782177,3.0801271412309594,1440,2023-08-04,0.05,0.2515504889424989,2.671
500,5,131,726.5238413772632,4776.929058429151,4538.08260550767,4551.263569371402,0.9971038891369783,13.180963863731264,0.1600948912863581,0.21437477537277194,0.9907646095893009,0.0,0.0,0.0,0.0,False,1058.7224427315646,1.669178655256701,1440,2023-01-24,0.05,0.20522926969167132,2.609
501,5,229,274.92395889643416,8141.489372066042,7734.414903462748,7753.876482097587,0.9974900840012383,19.461578634838975,0.03554554059071086,0.16580813949524018,0.9769549539905491,0.0,0.0,0.0,0.0,False,1597.6333897746144,2.103849344771899,1440,2023-11-23,0.05,0.14510637441587382,2.918
502,5,202,666.0124981599753,7070.582958416271,6717.0538104954885,6731.438232894983,0.997863098211434,14.384422399495405,0.09915247323451863,0.1832061884178272,0.9750808683870729,0.0,0.0,0.0,0.0,False,1455.0663061850234,2.0611005537393106,1440,2023-09-29,0.05,0.20556425015104374,2.75
503,5,126,431.2939789602807,4767.185845780344,4528.826553491319,4541.456579777016,0.997218948136169,12.630026285697253,0.09523305294785285,0.20427217358110467,0.9612354773853043,0.0,0.0,0.0,0.0,False,1095.7082276444896,3.1702337156233225,1440,2023-08-13,0.05,0.2164945336885968,2.741
504,5,125,587.5209899726159,4269.138090026855,4055.681185525491,4073.9633601524615,0.9955124351863865,18.282174626969713,0.14486370182879435,0.20873852660573333,0.9944741925690118,0.0,0.0,0.0,0.0,False,879.4727641862225,1.4435270620053533,1440,2023-02-12,0.05,0.17867998448037364,2.782
505,5,197,698.0020024084009,6772.144708228351,6433.537472816941,6452.175049019941,0.9971114273773724,18.637576202999664,0.10849427789262242,0.20358915465748423,0.988142262771537,0.0,0.0,0.0,0.0,False,1471.486944227557,1.8418956500097732,1440,2023-10-22,0.05,0.13816544212932536,2.794
506,5,250,-58.08992782188696,8883.306925378321,8439.141579109422,8494.001291659872,0.9935413581106568,54.85971255044903,-0.006883392970404125,0.17532576309952422,0.9586509919396858,0.0,0.0,0.0,0.0,False,955.740937899263,3.314362887264714,1440,2023-07-01,0.05,0.11690296880176056,2.913
507,5,244,1063.5225349833672,8328.250559482385,7911.838031508285,7930.636695248984,0.9976296148136554,18.798663740699823,0.1344216768275552,0.18725426960121483,0.9674829053123959,0.0,0.0,0.0,0.0,False,2076.3667134239313,2.5269166488898502,1440,2023-01-28,0.05,0.16330616341224452,2.796
508,5,151,422.65891600871475,5242.066153225504,4979.9628455642405,4994.4487037374765,0.9970996081784971,14.485858173236213,0.08487190148118999,0.19233795338028067,0.9912044540632043,0.0,0.0,0.0,0.0,False,1015.1766023793224,1.6171887948249475,1440,2023-12-08,0.05,0.17482329131685162,2.674
509,5,148,517.466066808151,5413.933266220623,5143.236602909568,5153.129879601003,0.9980801421810465,9.893276691433762,0.10061097840908514,0.17573294855078292,0.9810986919186626,0.0,0.0,0.0,0.0,False,1290.9205132549519,1.8643779303205852,1440,2023-09-22,0.05,0.17323599165757841,2.694
510,5,165,580.0744662491974,5687.048681973621,5402.696247874938,5417.710987274626,0.9972285824336228,15.014739399687565,0.10736758826250137,0.17497833873584515,0.9649793905293103,0.0,0.0,0.0,0.0,False,1310.756178884444,3.0123521871496157,1440,2023-06-29,0.05,0.20971051512751576,2.894
511,5,189,541.9080776007387,6868.3185309786195,6524.902604429686,6537.56835120337,0.9980626211317006,12.665746773683797,0.08305228605754868,0.17478078779626924,0.9737847487674962,0.0,0.0,0.0,0.0,False,1333.183647088859,2.529558296746366,1440,2023-10-05,0.05,0.24180135855953647,2.887
512,5,144,464.3873769017845,5078.4980126398,4824.573112007776,4845.354201569715,0.995711130972591,20.78108956193955,0.09625460452573115,0.19823973175202453,0.9573975262668354,0.0,0.0,0.0,0.0,False,1110.6307711598472,3.3906336759472175,1440,2023-08-18,0.05,0.2691696059824066,2.942
513,5,123,397.1335851367788,4313.799834966374,4098.10984321804,4111.879645375174,0.9966512146889752,13.769802157133777,0.09690652528359994,0.19138512530081458,0.9690505600728078,0.0,0.0,0.0,0.0,False,1010.2084457556741,2.822754655693318,1440,2023-08-04,0.05,0.23954254063043978,2.697
514,5,185,557.0602251033987,6859.192067924168,6516.232464527946,6527.567604309261,0.9982634971449653,11.335139781313297,0.08548808351080729,0.1627531195654838,0.9639227802102861,0.0,0.0,0.0,0.0,False,1316.3176654371637,2.972498421116681,1440,2023-07-12,0.05,0.2313517662764875,2.695
515,5,134,462.7745927074722,4850.213214486976,4607.702553762659,4623.211859332216,0.9966453396380158,15.509305569557926,0.10043499711793888,0.19264312661813554,0.9868767858589473,0.0,0.0,0.0,0.0,False,1064.3974802700636,1.8514972548328443,1440,2023-04-24,0.05,0.28965190343277925,2.653
516,5,155,577.6083310429757,5469.290596758715,5195.826066920784,5209.0955344219,0.9974526350278218,13.269467501116763,0.11116775727353884,0.1873048053019384,0.9929048281951788,0.0,0.0,0.0,0.0,False,896.4495695896051,1.500230605249607,1440,2023-03-06,0.05,0.27090184131107203,2.679
517,5,159,531.182391445278,5612.24220961489,5331.630099134142,5341.060774215943,0.99823430672661,9.430675081800732,0.09962851540123575,0.17836233866619305,0.9562303314112228,0.0,0.0,0.0,0.0,False,1306.421052631579,2.8629292129462325,1440,2023-09-15,0.05,0.268280858244243,2.762
518,5,189,171.0352469255745,6723.810215896235,6387.619705101444,6400.568481095165,0.9979769334502135,12.94877599372139,0.026776053494383514,0.17190870665910168,0.9890744200577155,0.0,0.0,0.0,0.0,False,1329.1630492268569,1.743614927652009,1440,2023-11-02,0.05,0.2869393814561099,2.675
519,5,195,988.2366934818751,7143.483318820513,6786.309152879483,6803.770206744096,0.9974336208698957,17.461053864611706,0.14562211523513613,0.1838935486415596,0.9799259459646495,0.0,0.0,0.0,0.0,False,1603.5815496665587,2.1772913195219195,1440,2023-02-03,0.05,0.31746875510824935,2.605
520,5,129,141.53932344087764,4519.000291309414,4293.050276743954,4303.641701103108,0.9975389623266177,10.59142435915517,0.032969407371634035,0.16915980317777238,0.99212923371775,0.0,0.0,0.0,0.0,False,927.9153201969842,1.6690660279950598,1440,2023-12-10,0.05,0.3163309242364755,2.641
521,5,203,534.7068548679501,7055.657380498728,6702.874511473778,6715.709937270958,0.9980887462506464,12.835425797179502,0.07977276822841531,0.1584303918684611,0.980795764438887,0.0,0.0,0.0,0.0,False,1612.4497400094492,2.0675602928662538,1440,2023-11-27,0.05,0.34937690940049976,2.709
522,5,284,1058.3850094926304,10566.728724957331,10038.392288709465,10059.329604628769,0.9979186171701074,20.937315919304023,0.10543371677983071,0.16600858019059372,0.9510066834901221,0.0,2.013888888888889,11.198818883562883,0.0,False,2328.5998753521294,2.955235055931972,1498,2023-04-20,0.05,0.4014968828187808,2.805
523,5,280,1311.1700475317239,9661.167959992315,9178.109561992685,9196.903052947557,0.9979565413654276,18.793490954871245,0.14285840005237985,0.1805916194327807,0.9752897613590429,0.0,0.0,0.0,0.0,False,1574.9762906801948,2.044631089655092,1440,2023-01-27,0.05,0.4282204182351843,2.871
524,5,145,436.42381468015117,5096.922714133117,4842.076578426455,4855.708457955996,0.9971926074953685,13.63187952954229,0.09013153914678013,0.1739681724776923,0.9598626662338783,0.0,0.0,0.0,0.0,False,1176.5827862088606,3.2206867041774685,1440,2023-07-13,0.05,0.41848697926385664,2.677
525,5,177,430.0242992547521,6370.000103234748,6051.500098073013,6064.188251847886,0.9979076913103734,12.688153774873491,0.07106077704463482,0.1556934611430385,0.9907337427418955,0.0,0.0,0.0,0.0,False,1156.4234567727885,1.7475228521033963,1440,2023-01-08,0.05,0.42657340276410444,2.621
526,5,238,594.5325032369899,8336.579690889836,7919.750706345323,7938.392024242245,0.9976517514075905,18.64131789692148,0.0750695981832672,0.15986303504614782,0.9529239526298958,0.0,0.0,0.0,0.0,False,1958.8009540292153,3.0772204294243415,1440,2023-08-12,0.05,0.4754622334433891,2.7
527,5,123,314.9489955101117,4289.782562273783,4075.293434160111,4092.5584271180774,0.9957813692179529,17.26499295796617,0.07728253206753943,0.1793801289003125,0.9642280408246365,0.0,0.0,0.0,0.0,False,1060.0105013425123,3.0772254037195177,1440,2023-05-25,0.05,0.5074070836476688,2.636
528,5,223,268.176653849596,8790.898255465592,8351.353342692302,8370.475204277329,0.9977155584219095,19.121861585027958,0.032111759956158364,0.19129082494817704,0.9791546236631938,0.0,0.0,0.0,0.0,False,1355.7521144747734,1.9782067543500104,1440,2023-11-03,0.05,0.49105635088691485,2.687
529,5,269,1128.8151957451055,9828.713217913864,9337.277557018191,9357.617212565714,0.9978264065428739,20.33965554752327,0.12089339626587972,0.17506555809055652,0.9510452044142512,0.0,0.0,0.0,0.0,False,2236.1227073815826,2.872632117893042,1440,2023-03-08,0.05,0.45220769212560075,2.607
530,5,262,1071.3064332634008,9017.87218339603,8566.978574226256,8591.642095206062,0.9971293588924558,24.663520979808233,0.12505067264746347,0.18784427533012502,0.9510008186219139,0.0,1.0416666666666667,21.14578826981507,0.0,False,2063.3124313286135,3.3093322254107216,1482,2023-06-21,0.05,0.4580710742987868,2.677
531,5,131,437.01654340817464,4622.021675036652,4390.9205912848265,4394.356359797961,0.9992181406713924,3.4357685131338775,0.09952731649840639,0.16231981775206974,0.9896755474535033,0.0,0.0,0.0,0.0,False,1139.298223782223,1.6428851684787653,1440,2023-04-27,0.05,0.43525638834377867,2.713
532,5,169,381.38719930967574,6284.026215482762,5969.82490470863,5985.17076145035,0.9974360202317767,15.345856741718087,0.06388582670303462,0.17906925186282666,0.985968206414021,0.0,0.0,0.0,0.0,False,1251.5164562001232,1.6594136339185628,1440,2023-03-22,0.05,0.47504245536389034,2.623
533,5,136,523.6973411491053,4902.399309165549,4657.279343707262,4676.9620804880215,0.9957915551928731,19.68273678075885,0.1124470538484459,0.17544912873849916,0.9982548163022958,0.0,0.0,0.0,0.0,False,920.7110821576581,1.3937196422906173,1440,2023-01-09,0.05,0.4710690913431731,2.592
534,5,210,625.4181116437774,7232.520097437083,6870.894092565237,6889.635272541403,0.9972798008552269,18.74117997616584,0.09102426892600793,0.19006930652065052,0.9624524715534095,0.0,0.0,0.0,0.0,False,1582.420212164941,3.160230596983374,1440,2023-07-11,0.05,0.47708221456319483,2.86
535,5,294,897.2203373066329,10597.797287956197,10067.907423558465,10088.853773952036,0.9979238126686253,20.946350393570757,0.0891168640672218,0.1706367901486497,0.9510019047387517,0.0,4.166666666666667,248.2142991081657,0.0,False,2348.130188885569,3.959189385494315,1570,2023-07-13,0.05,0.4502248566924467,2.746
536,5,264,889.2325116441659,9185.365721867503,8726.097435774078,8748.069242592366,0.9974883821550803,21.971806818289345,0.10190494871150652,0.18380922737787833,0.9510000164181747,0.0,5.277777777777778,568.9887178142578,0.0,False,2294.7243796645857,4.338172564301531,1676,2023-08-31,0.05,0.47295866690681754,2.694
537,5,256,827.3571991237648,8685.756443639606,8251.468621457603,8274.416583802824,0.997226636813266,22.94796234521951,0.10026787194854703,0.17556294129775832,0.9582764034330412,0.0,0.0,0.0,0.0,False,2166.98935123423,2.862230461482106,1440,2023-11-08,0.05,0.46297589180511733,2.661
538,5,256,745.9522799167852,8829.931355628978,8388.434787847516,8424.339080093334,0.9957380285973223,35.9042922458172,0.08892627752169693,0.20587493259088654,0.951434171703257,0.0,0.0,0.0,0.0,False,1589.3076118095823,3.249076436259683,1440,2023-07-13,0.05,0.47435335403513323,2.681
539,5,181,105.07756495323738,6624.130836703296,6292.924294868137,6301.955320118126,0.9985669487022291,9.03102524999017,0.016697732251272728,0.15933341806133747,0.9897755737806075,0.0,0.0,0.0,0.0,False,1345.0951342892895,1.7645293069934125,1440,2023-01-07,0.05,0.4164751963447196,2.652
540,5,296,867.3522929797858,10781.869931626945,10242.776435045618,10254.238578017514,0.9988822043797121,11.462142971895632,0.08467941270417105,0.1593274598217361,0.9566375081018031,0.0,0.0,0.0,0.0,False,2105.0545134455406,2.857152857516379,1440,2023-11-14,0.05,0.4745973312543297,2.696
541,5,143,99.9605060498673,5199.984885622742,4939.98564134156,4952.47130648514,0.9974789020731467,12.485665143580741,0.02023497906822273,0.19333194350981767,0.9944887659200604,0.0,0.0,0.0,0.0,False,1023.4107843002491,1.4184198227808378,1440,2023-11-01,0.05,0.523141774318054,2.91
542,5,144,184.57065086476464,4890.970779458219,4646.422240485306,4656.987891935118,0.9977312263430814,10.565651449811005,0.03972317652419956,0.15810370969195114,0.9929696838396233,0.0,0.0,0.0,0.0,False,1073.7048401647367,1.5401800603175517,1440,2023-03-12,0.05,0.4875008674797631,2.696
543,5,189,986.6968602968919,6715.632445531249,6379.8508232546865,6384.739750953919,0.9992342792517891,4.888927699231902,0.15465829650755497,0.18560871016378278,0.9844739672276005,0.0,0.0,0.0,0.0,False,1222.6215006344241,1.7801357530682194,1440,2023-02-05,0.05,0.5385850709238392,2.687
544,5,203,315.61255172665506,7380.718989519135,7011.683040043194,7028.32448130296,0.9976322320769286,16.641441259765326,0.045012381467361764,0.17321822202108303,0.9769670464378736,0.0,0.0,0.0,0.0,False,1441.657837818122,2.0320740811700655,1440,2023-12-16,0.05,0.5196609971328814,2.786
545,5,181,112.68352694505022,6686.5062349777845,6352.180923228904,6367.763404240937,0.9975529114348604,15.582481012032375,0.017739344692306334,0.17240679125191932,0.9925664503476117,0.0,0.0,0.0,0.0,False,1155.165949712002,1.572004964586973,1440,2023-01-07,0.05,0.5331199009130004,2.787
546,5,205,481.9220567264443,7163.194575621446,6805.034846840395,6815.892221110074,0.9984070501825055,10.857374269678688,0.07081845538971819,0.1810255232388884,0.9687574198648653,0.0,0.0,0.0,0.0,False,1677.8775734440514,2.288436139144351,1440,2023-10-27,0.05,0.5470518320666597,2.77
547,5,278,825.1549938184744,9599.688484002774,9119.704059802658,9133.876910385532,0.998448320387725,14.17285058287351,0.09048045730513869,0.16688863862585773,0.9510073613094675,0.0,2.361111111111111,52.53505568220819,0.0,False,2116.773148337262,3.767283919074333,1523,2023-08-09,0.05,0.5401848904563109,2.758
548,5,204,216.5349119464057,7189.52215579579,6830.046048006001,6844.6070154051595,0.9978726364616134,14.560967399158372,0.0317032872728028,0.141057311132466,0.9765550133599767,0.0,0.0,0.0,0.0,False,1380.9384516933574,1.9633279450999777,1440,2023-01-11,0.05,0.5674480513854063,2.69
549,5,195,582.3825056126108,7375.716911635175,7006.931066053418,7025.371518109114,0.9973751634332558,18.44045205569586,0.0831152040918581,0.17739961460354534,0.9510083460896163,0.0,0.625,3.619946812956617,0.0,False,1578.924172104203,3.287363427536278,1458,2023-07-26,0.05,0.6490346350575212,2.63
550,5,235,89.36415936545633,8427.440167767078,8006.068159378683,8009.732934053603,0.999542459816689,3.6647746749199106,0.011162053280894315,0.12087067288376073,0.9576285202712317,0.0,0.0,0.0,0.0,False,2108.1396013262165,2.6652708481326344,1440,2023-10-18,0.05,0.6354808536286614,2.681
551,5,134,496.4952766170243,4879.139485911385,4635.182511615822,4647.109513595517,0.9974334579495487,11.927001979695577,0.10711450420189525,0.19278627120791839,0.9957943114081542,0.0,0.0,0.0,0.0,False,1047.4695118054046,1.5137960454209456,1440,2023-11-16,0.05,0.7529579666249115,2.615
552,5,281,1535.1514077128268,10252.846624856958,9740.204293614086,9781.853504265946,0.9957421964422493,41.6492106518604,0.15760977505567406,0.22397614736729732,0.9517214678600637,0.0,0.0,0.0,0.0,False,2205.2404649774853,2.890778330812434,1440,2023-01-24,0.05,0.689086027148369,2.647
553,5,287,1241.8482554711152,9713.234989598317,9227.573240118389,9264.88313129776,0.9959729776781172,37.30989117937335,0.1345801570094265,0.20693829348272202,0.9613333662961516,0.0,0.0,0.0,0.0,False,2093.5607943254086,2.672448592056569,1440,2023-03-05,0.05,0.5681719406481364,2.681
554,5,123,199.1682586453354,4428.848779562338,4207.406340584213,4221.669119702659,0.9966215307940923,14.262779118445891,0.04733753826536284,0.2190753159670948,0.9894989591557036,0.0,0.0,0.0,0.0,False,1047.254310048988,1.607540079253067,1440,2023-10-20,0.05,0.5085770353198799,2.605
555,5,232,757.2691652039734,8235.3405396008,7823.5735126207255,7851.731816026866,0.9964137461561455,28.158303406140753,0.09679325745228473,0.20099529166857424,0.957041226440402,0.0,0.0,0.0,0.0,False,1893.8085505454032,2.8418889727503815,1440,2023-05-07,0.05,0.4332458957932997,2.779
556,5,300,1049.6288046919171,10604.82823846579,10074.58682654248,10136.647816899997,0.9938775627329137,62.060990357517305,0.10418579171173233,0.20767492521062228,0.9510001395312786,0.0,3.3333333333333335,263.16846868352184,0.0,False,2273.2423077134326,3.8743507856446016,1566,2023-09-01,0.05,0.41270727304535215,3.048
557,5,141,353.08605678970486,4839.899592914497,4597.904613268764,4618.951456468032,0.9954433720731583,21.04684319926896,0.07679281900950252,0.20433824921522586,0.9566774408056061,0.0,0.0,0.0,0.0,False,658.7273918014557,3.2789953515655745,1440,2023-05-26,0.05,0.3811974347939573,2.825
558,5,147,543.7491732069957,5564.401246079676,5286.181183775692,5314.194481392307,0.9947285900591889,28.013297616615983,0.10286237915489287,0.2048063460556413,0.9590348717660572,0.0,0.0,0.0,0.0,False,1177.0272157863578,3.2743239066423184,1440,2023-06-26,0.05,0.3631133389219523,2.781
559,5,140,457.6168339463955,4946.981813912741,4699.63272321712,4715.402528045386,0.9966556821534379,15.769804828265766,0.0973728929253721,0.19804026965135005,0.9928865575433465,0.0,0.0,0.0,0.0,False,1022.13610208568,1.4699524212728186,1440,2023-12-04,0.05,0.34737593187265225,2.744
560,5,286,1076.486900578672,10152.18258864951,9644.57345921704,9694.074686389062,0.9948936614609,49.50122717202276,0.11161581226279164,0.22313162635845435,0.9693599493372086,0.0,0.0,0.0,0.0,False,2129.534250839167,2.7658814816116584,1440,2023-04-02,0.05,0.3497693608400854,2.741
561,5,204,544.0303132588137,7118.474255656287,6762.550542873485,6787.15391411891,0.9963750090897093,24.603371245425194,0.08044750420861906,0.2178222926170651,0.957874693802991,0.0,0.0,0.0,0.0,False,1777.8649393316743,2.9826566868978652,1440,2023-08-01,0.05,0.2953265379404798,2.675
562,5,293,1155.0026795623774,10587.473229478499,10058.099568004534,10120.853967005549,0.9937994956546555,62.75439900101414,0.1148330926486864,0.24544341408951995,0.9658426307484046,0.0,0.0,0.0,0.0,False,1814.209003096663,2.6307426581921423,1440,2023-03-10,0.05,0.26256169922099837,2.777
563,5,136,348.118329624197,4869.859127905385,4626.366171510136,4648.326865387404,0.9952755702184387,21.96069387726724,0.07524660105115812,0.21436707758421567,0.9627636408912793,0.0,0.0,0.0,0.0,False,1017.5351290131648,3.116110081300802,1440,2023-05-31,0.05,0.1733111903015366,2.76
564,5,244,650.3168827488588,8578.71770554322,8149.781820266084,8190.626615992296,0.995013226992125,40.844795726212894,0.07979561871603902,0.21020445608068117,0.9538159749770286,0.0,0.0,0.0,0.0,False,1963.6256320840166,3.027480695460257,1440,2023-05-15,0.05,0.16956036959842585,2.751
565,5,234,654.4683221237642,8527.743985030886,8101.356785779331,8150.9282605913595,0.9939183031395701,49.5714748120286,0.08078502643811235,0.2524233787961172,0.9629470688387143,0.0,0.0,0.0,0.0,False,1574.4549221630893,2.629680795062814,1440,2023-10-04,0.05,0.17520725753967903,2.688
566,5,217,886.1380655935916,7449.82873657703,7077.337299748142,7107.919809274059,0.9956974036924257,30.58250952591691,0.1252078328420388,0.19696922997855404,0.9864866746773092,0.0,0.0,0.0,0.0,False,1580.2689017656705,2.0064574435662212,1440,2023-03-14,0.05,0.08422196897891643,2.783
567,5,231,651.5839922283853,7967.789590238342,7569.400110726423,7601.503630826017,0.9957766881845053,32.10352009959303,0.08608132516406956,0.2099327738390576,0.9693306014542035,0.0,0.0,0.0,0.0,False,1753.3836333364754,2.3560711032646218,1440,2023-04-12,0.05,0.13358440403001764,2.883
568,5,142,630.7051546948146,5024.321166971957,4773.105108623349,4788.784693727814,0.9967257694577497,15.679585104464067,0.13213728596827853,0.20318599054963285,0.989126621848929,0.0,0.0,0.0,0.0,False,975.2384232892495,1.3960570850171972,1440,2023-01-26,0.05,0.14405791688583786,2.709
569,5,125,275.9706212356094,4211.023725126461,4000.4725388701454,4035.323279885248,0.9913635814040421,34.85074101510321,0.06898450584379012,0.241893803297343,1.002443222990378,0.0,0.0,0.0,0.0,False,791.2943757696249,1.1548485379292495,1440,2023-10-17,0.05,0.16712035087974686,2.729
570,5,231,821.5795633088787,8491.242843302252,8066.680701137126,8130.501042699116,0.9921505032436717,63.82034156199046,0.10184852899818685,0.2425241451709871,0.9658327315676712,0.0,0.0,0.0,0.0,False,1180.516882512227,3.0045035951286585,1440,2023-06-23,0.05,0.09831841986504464,2.785
571,5,266,913.9078922180074,9953.8538540905,9456.16116138594,9515.266454424349,0.9937883722624576,59.10529303840701,0.09664681857897403,0.22296263127640265,0.9510016085623748,0.0,3.888888888888889,65.38911252677593,0.0,False,1978.562680522327,3.3188713156663505,1558,2023-08-04,0.05,0.03976391567271645,2.741
572,5,282,768.1962975652073,9696.544331220257,9211.717114659197,9257.748151685264,0.9950278365460085,46.03103702606538,0.08339338779115646,0.21294521274746253,0.9712995875641154,0.0,0.0,0.0,0.0,False,2029.0856096763355,2.4947164454294435,1440,2023-11-07,0.05,0.034807511323119544,2.914
573,5,262,979.26029149727,9565.99536813504,9087.69559972825,9140.751888030676,0.9941956319400922,53.056288302427674,0.10775672234516229,0.24098499846516797,0.951000058304257,0.0,2.0833333333333335,60.264741899312256,0.0,False,1817.0179409671027,3.4870988293518206,1508,2023-08-17,0.05,0.05223344796973717,2.861
574,5,203,338.3384424505404,6952.862786947934,6605.219647600534,6637.772917539429,0.9950957542020039,32.55326993889512,0.051222890456557035,0.23070014164973277,0.988434060789334,0.0,0.0,0.0,0.0,False,1514.4169499631882,1.9484452986103955,1440,2023-10-20,0.05,0.0024374187848208995,2.726
575,5,285,1134.22794003142,10257.288420097557,9744.423999092654,9788.469540932867,0.9955002626655756,44.04554184021241,0.11639763829417038,0.21040325729320922,0.9692954665558812,0.0,0.0,0.0,0.0,False,1851.0568637397296,2.486723455071697,1440,2023-02-20,0.05,-0.016307726651641263,2.825
576,5,126,591.9914723689017,4378.841056495054,4159.899003670273,4178.090271671827,0.9956460327999864,18.191268001554775,0.1423090973714959,0.16382802696407955,0.999620915841803,0.0,0.0,0.0,0.0,False,759.7516309695195,1.1815245454835734,1440,2023-01-27,0.05,0.012829139718880334,2.928
577,5,241,868.2156476616499,8747.453931588787,8310.081235009362,8358.42868770809,0.9942157246888009,48.34745269872842,0.10447739596142128,0.2268061838627213,0.9784046627001651,0.0,0.0,0.0,0.0,False,1674.4500372513053,2.1834488458197927,1440,2023-03-27,0.05,0.1404127381911789,2.862
578,5,212,822.4747686125315,7828.581278846276,7437.152214903952,7475.1609053728525,0.9949153348068291,38.00869046889976,0.11059001414066842,0.2226079305741881,0.9756037120817083,0.0,0.0,0.0,0.0,False,1420.4799885525345,2.2497030969024396,1440,2023-03-18,0.05,0.1025873625988698,2.864
579,5,245,30.801798768959213,8215.197279809667,7804.437415819157,7834.6485921336625,0.9961439015471811,30.211176314505263,0.0039467032827408795,0.1972225326133321,0.9804287893950211,0.0,0.0,0.0,0.0,False,1376.8616451430507,1.9317475866943052,1440,2023-12-23,0.05,0.08043282283108621,2.648
580,5,277,813.3811956975626,9831.738500516283,9340.151575490401,9378.886388536732,0.99586999869263,38.73481304633039,0.08708436786314748,0.21378597135188526,0.9573291727824578,0.0,0.0,0.0,0.0,False,1750.7062455146472,3.203370987193696,1440,2023-07-12,0.05,0.11869593990007588,2.691
581,5,149,520.2537574451717,5508.424883635987,5233.003639454168,5264.388334802921,0.9940383016311184,31.38469534875334,0.09941780921433434,0.20835292696973393,0.9978733867079683,0.0,0.0,0.0,0.0,False,854.8394284844398,1.278670756725283,1440,2023-01-06,0.05,0.11217756976285648,2.678
582,5,261,1048.5253036903378,9582.627934513546,9103.496537787818,9158.126595982183,0.9940347998445084,54.63005819436529,0.11517830531796228,0.2170380397344502,0.9684475368002516,0.0,0.0,0.0,0.0,False,1796.5770891612801,2.319753294961738,1440,2023-11-30,0.05,0.11849792494532715,2.741
583,5,124,268.84872809118747,4001.2493029418715,3801.1868377947862,3822.3856709238717,0.9944540308189358,21.19883312908561,0.07072757524519813,0.19888738982511714,0.9645134403553302,0.0,0.0,0.0,0.0,False,851.8650613667696,3.011945365411053,1440,2023-06-30,0.05,0.10359505902220537,2.708
584,5,203,866.4388078287766,7264.5361714120645,6901.309362841439,6937.161552739928,0.9948318646429203,35.85218989848906,0.12554701756943734,0.2025289505594089,0.9885014227586463,0.0,0.0,0.0,0.0,False,1227.607037018313,1.7413663147731395,1440,2023-03-07,0.05,0.1316598265929848,2.8
585,5,131,353.26126316137356,4637.985182009471,4406.085922909026,4435.039968358658,0.9934715254752601,28.954045449632424,0.0801757544773753,0.20198392967144077,0.9897060234844851,0.0,0.0,0.0,0.0,False,595.7857630498695,1.8848768859371625,1440,2023-04-29,0.05,0.14597375950619612,2.749
586,5,164,534.7933533876649,5482.960234865627,5208.812223122353,5239.3558451245535,0.9941703478623957,30.54362200220028,0.10267088358717798,0.2331099757964018,0.9677823269882798,0.0,0.0,0.0,0.0,False,1099.161656304414,2.865282723933427,1440,2023-06-18,0.05,0.158524755306723,2.829
587,5,294,879.7435697610448,10345.398281982167,9828.128367882993,9869.908619505024,0.9957669059326989,41.78025162203009,0.08951282857028292,0.20861380929243672,0.9573509104800804,0.0,0.0,0.0,0.0,False,1995.0187887589836,3.1253869689657976,1440,2023-06-08,0.05,0.09843275168241009,2.786
588,5,193,70.54623132479291,6563.651499418803,6235.468924447858,6256.826128676985,0.9965865753994281,21.35720422912813,0.01131370105112659,0.18354232776584034,0.981285219851549,0.0,0.0,0.0,0.0,False,1419.908430021132,1.834479768127941,1440,2023-11-04,0.05,0.10382002462706111,2.827
589,5,236,721.5053555690231,8239.138280883271,7827.181366839124,7868.34205812718,0.9947688228366303,41.1606912880564,0.09217946049209677,0.2275482971915093,0.9727970016338479,0.0,0.0,0.0,0.0,False,1476.322460485746,2.108000956763602,1440,2023-10-30,0.05,0.16410998595300194,2.828
590,5,292,1161.4722768287993,10812.561028413867,10271.932976993161,10326.5030571763,0.9947155314939634,54.57008018313726,0.11307241581796125,0.23570007824432998,0.9718155037751216,0.0,0.0,0.0,0.0,False,1693.184212629665,2.1000822147196834,1440,2023-10-22,0.05,0.11415140741770749,2.806
591,5,291,471.33492517299874,9742.33036467039,9255.213846436887,9324.43284214853,0.9925765998979844,69.21899571164366,0.05092642190590284,0.20001055775555787,0.9511795203349027,0.0,0.8333333333333334,17.99683307136849,0.0,False,1220.03387156982,3.730143779451949,1464,2023-07-29,0.05,0.054465622361049904,2.746
592,5,136,428.5176674461201,4745.721913140923,4508.435817483873,4535.869213417571,0.9939518988218294,27.433395933699238,0.0950479689173601,0.2148673031917751,0.9758086530414992,0.0,0.0,0.0,0.0,False,561.0059559345245,2.539463874478475,1440,2023-05-12,0.05,0.0852334115032446,2.631
593,5,183,660.9886154992612,6640.367384874021,6308.349015630362,6336.587639406285,0.9955435598175411,28.238623775922782,0.10477996919027661,0.20128606767036894,0.9771822437951103,0.0,0.0,0.0,0.0,False,1528.1345894260462,1.9543255793812224,1440,2023-11-21,0.05,0.07641943769773368,2.6
594,5,299,467.53843111648314,10576.555543757544,10047.727766569722,10088.424061060345,0.995966040459411,40.69629449062287,0.04653175742599762,0.20148408969544443,0.9632903939309544,0.0,0.0,0.0,0.0,False,1975.8216684472657,2.7496348111153477,1440,2023-01-03,0.05,0.09918267341690007,2.658
595,5,256,-8.439257885047098,9082.77110333717,8628.632548170328,8673.356110137967,0.9948435690406665,44.7235619676393,-0.000978052760728189,0.1707041065487037,0.9561273689920594,0.0,0.0,0.0,0.0,False,1091.3041274366344,3.302944730300024,1440,2023-07-01,0.05,0.11688340905229486,2.699
596,5,196,628.6669862315925,6753.085926006601,6415.431629706278,6464.198052625459,0.9924559206691734,48.76642291918034,0.0979929367995424,0.2027142142461936,0.9630908581070937,0.0,0.0,0.0,0.0,False,992.9322553518299,3.026657469665839,1440,2023-07-08,0.05,0.20022475515600516,2.894
597,5,131,333.16061873712465,4455.961079707772,4233.163025722361,4252.021463884328,0.9955648299703692,18.858438161967022,0.07870252497073935,0.20294425162033575,0.9884999151477495,0.0,0.0,0.0,0.0,False,986.8959320680906,1.8280534947775124,1440,2023-09-23,0.05,0.19633988439218591,2.805
598,5,237,1046.4023667270421,8151.982951549308,7744.38380397187,7777.722130304968,0.9957136130894675,33.33832633309731,0.1351175759381105,0.21401778763576385,0.9781310592936644,0.0,0.0,0.0,0.0,False,1547.9842243389166,2.2028212071919664,1440,2023-02-28,0.05,0.19257869297700103,2.702
599,5,150,514.4254486952815,5754.269812998693,5466.556322348784,5483.413540242157,0.9969257803064351,16.857217893372713,0.0941041157103182,0.2289303707404178,0.9661849930381606,0.0,0.0,0.0,0.0,False,1026.2034784565299,2.968628524004329,1440,2023-06-12,0.05,0.1645070712291231,2.789
