episode,stage,n_ev,cost_eur,energy_drawn_kwh,energy_delivered_kwh,energy_requested_kwh,service_quality,unmet_kwh,cost_per_kwh,retail_price_paid,min_voltage_pu,violation_rate_pct,q_activation_pct,q_kvarh,curtailed_kwh,q_exhausted_any,peak_ev_kw,peak_feeder_mw,pf_solves,day,noise,w_retail,wall_s
0,0,60,253.32954106205065,2295.1297532560848,2180.37326559328,2191.5464327826157,0.9949016972571514,11.173167189336082,0.1161863177556067,0.18119952272637233,1.0048860259057242,0.0,0.0,0.0,0.0,False,521.4255055268787,1.1818284106931551,1440,2023-01-09,0.3,0.0,0.281
1,0,60,156.17576440150012,1878.5243900635865,1784.5981705604095,1799.8828123065123,0.9915079794964452,15.284641746102634,0.08751312591139603,0.21263677026143393,1.00544526832039,0.0,0.0,0.0,0.0,False,459.9488876039826,1.0540947310687292,1440,2023-12-13,0.2985,0.04230107386566229,0.284
2,0,60,208.4222358570211,2082.0178540339475,1977.9169613322351,2004.1530249425582,0.9869091515049979,26.23606361032288,0.10537461376368264,0.2669386691670229,0.9853819369665923,0.0,0.0,0.0,0.0,False,385.683163128439,2.1010729770430885,1440,2023-05-03,0.2970075,0.006348149867984897,2.068
3,0,60,243.77728749916088,2241.099846591492,2129.044854261926,2163.6451859426156,0.984008315270225,34.60033168068925,0.11450077578739924,0.2770357438609939,0.9723417357685172,0.0,0.0,0.0,0.0,False,273.47124267216986,2.666374569085645,1440,2023-05-14,0.29552246249999997,-0.14522530038080392,2.416
4,0,60,184.6631084981744,1978.868035933854,1879.9246341371677,1913.3581924186426,0.9825262418642,33.433558281475015,0.09822899553786078,0.26025900172968613,0.9681261224501905,0.0,0.0,0.0,0.0,False,375.5758718252182,2.8930379494836016,1440,2023-09-05,0.2940448501875,-0.2925494120996208,2.361
5,0,60,239.41384218926507,2268.14810988143,2154.7407043873523,2170.90709408793,0.9925531637237706,16.166389700577852,0.11111027962751395,0.20464058828603301,1.0026079971591475,0.0,0.0,0.0,0.0,False,506.74843336914375,1.2127571025199964,1440,2023-03-06,0.29257462593656247,-0.3765128188722816,2.376
6,0,60,202.0191497092509,1989.9175163147077,1890.4216404989668,1918.5192110412388,0.9853545534594764,28.097570542272262,0.10686459855375387,0.2634331201075555,1.0060481813674176,0.0,0.0,0.0,0.0,False,415.9240288252373,0.896056407192444,1440,2023-11-28,0.2911117528068797,-0.321555064128675,2.497
7,0,60,223.81931674280696,2088.681899035969,1984.247804084164,2014.2684341615854,0.9850960132382172,30.020630077421654,0.11279806699653196,0.2673656441370015,0.9751520712296012,0.0,0.0,0.0,0.0,False,347.19810081546507,2.5222624944139898,1440,2023-05-10,0.28965619404284526,-0.41010408634651696,2.388
8,0,60,221.8438528732567,2229.6492792883837,2118.166815323965,2129.7153283668567,0.9945774381725713,11.548513042892026,0.10473389124422035,0.14705565104431767,1.0053265221174996,0.0,0.0,0.0,0.0,False,533.729894220829,1.0445406865120341,1440,2023-10-24,0.28820791307263105,-0.49296313919242174,2.381
9,0,60,167.68210663158197,1877.5682724773121,1783.6898588534439,1790.2399034660937,0.9963412475613083,6.5500446126495495,0.09400855524253979,0.15517685676518386,1.0015307999554437,0.0,0.0,0.0,0.0,False,442.9093140273928,1.321041371976162,1440,2023-12-11,0.28676687350726787,-0.29192117921745714,2.423
10,0,60,280.39000108207244,2177.376430985441,2068.5076094361734,2081.477168726802,0.9937690600283827,12.969559290628226,0.13555183447379252,0.20211667399506922,1.0046005463875272,0.0,0.0,0.0,0.0,False,516.1579912672917,1.1252931470775431,1440,2023-01-28,0.28533303913973157,-0.14671310666165022,2.452
11,0,60,279.4003790320956,1980.9199904642867,1881.8739909410756,1901.8294704227583,0.9895072193422018,19.955479481682794,0.14846922821457076,0.15757292101371098,1.0062182987064012,0.0,0.0,0.0,0.0,False,405.7482017069899,1.0735033882555047,1440,2023-02-03,0.2839063739440329,-0.1339200802225059,2.322
12,0,60,144.7017658827771,2025.85564042081,1924.562858399767,1931.302335059373,0.9965103979127127,6.739476659606152,0.07518682242631115,0.17831981480954245,0.963613225741512,0.0,0.0,0.0,0.0,False,423.8550101355328,3.1062523942034863,1440,2023-08-08,0.2824868420743127,-0.023568048562887897,2.245
13,0,60,176.46610545803193,1910.1548753901745,1814.6471316206698,1828.5245497039639,0.9924105924169622,13.877418083293867,0.0972454106272602,0.20976288756047293,0.9687477425557994,0.0,0.0,0.0,0.0,False,540.8815116660323,2.8692209540467504,1440,2023-09-06,0.28107440786394117,0.02015441967350015,2.263
14,0,60,226.3040981459379,2080.913237013417,1976.8675751627354,1985.9991657673518,0.9954020168980846,9.131590604616441,0.11447610400879209,0.159086099662163,0.9543364922023885,0.0,0.0,0.0,0.0,False,469.15779410564346,3.4812185118075107,1440,2023-08-21,0.27966903582462144,-0.014530510167460098,2.445
15,0,60,298.22995932347106,2131.8600017497265,2025.2670016622342,2039.54758621353,0.9929981606470835,14.280584551295826,0.14725463806930117,0.2129631981038948,1.0075690114092744,0.0,0.0,0.0,0.0,False,379.7409085035324,1.063312124167926,1440,2023-01-25,0.27827069064549836,0.07125617435294539,2.413
16,0,60,153.47123577979988,2308.3096324991734,2192.8941508742028,2200.9835573496234,0.9963246402053263,8.089406475420212,0.06998570164392941,0.15192216192547756,0.9741999231140283,0.0,0.0,0.0,0.0,False,285.4624519944191,2.5984293620281522,1440,2023-05-19,0.2768793371922708,0.020707745492265076,2.415
17,0,60,217.7377759322415,2218.8276631655376,2107.8862800072584,2121.5452241406115,0.9935617944986839,13.658944133353234,0.10329673758846789,0.14177950732595007,0.9540437282561147,0.0,0.0,0.0,0.0,False,579.6770586371422,3.511192265070113,1440,2023-08-29,0.27549494050630946,0.1169631738999649,2.299
18,0,60,50.26763057602015,2373.868439864432,2255.1750178712045,2262.598898958375,0.9967188700168695,7.423881087170604,0.02228990219281109,0.12250202609811851,0.9666720896480255,0.0,0.0,0.0,0.0,False,515.1422998309135,2.949229753900177,1440,2023-09-18,0.27411746580377794,0.2191923813787877,2.303
19,1,60,130.72703388728192,2033.2504778531406,1931.587953960476,1938.8887011511363,0.9962345712849191,7.3007471906604495,0.06767853030934612,0.18003736406340262,1.0036008157800602,0.0,0.0,0.0,0.0,False,445.0086278380483,1.2377552983467377,1440,2023-03-31,0.27274687847475904,0.34726110475816946,2.499
20,1,120,468.7628080296154,4124.370410478214,3918.1518899542893,3939.582590322879,0.9945601596419805,21.43070036858993,0.1196387534723888,0.1579870007998325,0.9860378507301819,0.0,0.0,0.0,0.0,False,1160.408252855085,1.688558792172795,1440,2023-04-16,0.27138314408238523,0.3241364717348797,2.465
21,1,120,148.59013441381353,4266.381463328256,4053.062390161852,4081.9792601756476,0.992915968413678,28.916870013795734,0.03666120086739643,0.21453242154416488,0.9965615081863504,0.0,0.0,0.0,0.0,False,974.515400442365,1.3719332055203926,1440,2023-11-23,0.2700262283619733,0.35624821445611055,2.365
22,1,120,316.96975319686345,4190.028126887071,3980.5267205427176,4001.0232304160622,0.9948771829872097,20.49650987334477,0.07963010311199388,0.16221429629463738,0.9983837033264701,0.0,0.0,0.0,0.0,False,1027.9109573543244,1.414153395783978,1440,2023-11-27,0.26867609722016345,0.25681106191835573,2.366
23,1,120,25.901895929225972,4252.741898213615,4040.1048033029238,4060.103338285212,0.995074377838192,19.998534982288724,0.0064111940630971476,0.1627744518689639,0.989285471766997,0.0,0.0,0.0,0.0,False,1061.8532877411417,1.8906151140474512,1440,2023-10-28,0.2673327167340626,0.2942505006223805,2.423
24,1,120,536.5291354936185,4478.330594341702,4254.41406462462,4295.557811255207,0.9904217918979504,41.14374663058751,0.1261111700327547,0.1669321062390614,0.9681134792874253,0.0,0.0,0.0,0.0,False,944.2909755420326,2.8402357901346447,1440,2023-06-15,0.2659960531503923,0.3248309867286338,2.378
25,1,120,90.6697978768031,4690.939574884746,4456.392596140482,4496.746645947031,0.991025945425918,40.3540498065489,0.02034600765545856,0.1905653595039081,0.9988021929845886,0.0,0.0,0.0,0.0,False,898.3402640311713,1.3416375403128975,1440,2023-11-01,0.26466607288464034,0.34180193068746884,2.352
26,1,120,454.6638736325539,4178.722520644361,3969.786394612137,4003.1123278238774,0.9916749942338349,33.32593321174089,0.11453106752787293,0.21837758558822198,0.9964065043213093,0.0,0.0,0.0,0.0,False,937.6495736227305,1.3065154511500243,1440,2023-10-25,0.26334274252021717,0.30385726069667873,2.418
27,1,120,419.19152872294313,4301.754874852166,4086.667131109546,4131.9087349815145,0.9890506768726656,45.2416038719685,0.10257540320127101,0.2175819437170033,0.992467716058662,0.0,0.0,0.0,0.0,False,796.7328336320895,1.824173365345421,1440,2023-09-22,0.26202602880761605,0.21139574803914501,2.32
28,1,120,373.80389685786474,3998.339342107628,3798.4223750022447,3853.254208264074,0.9857699932840581,54.83183326182916,0.09841030300313662,0.24130469986708142,0.9624918431328777,0.0,0.0,0.0,0.0,False,1052.4121336623052,3.07786211694723,1440,2023-06-13,0.260715898663578,0.13829785284394902,2.356
29,1,120,13.499984140356123,4165.564236824132,3957.286024982918,3984.226685968216,0.9932381706391913,26.940660985297917,0.003411424914734182,0.19463964166385678,0.9862505690363309,0.0,0.0,0.0,0.0,False,824.2168177620537,2.0590889555558842,1440,2023-12-31,0.2594123191702601,0.025564238164266243,2.312
30,1,120,386.92978571745465,4149.938327053317,3942.4414107006764,3983.1400872851837,0.9897822633167174,40.69867658450774,0.09814471425427904,0.2704837006516758,0.9977040872850871,0.0,0.0,0.0,0.0,False,758.9516875195795,1.428015547831181,1440,2023-12-11,0.2581152575744088,0.038308492384421404,2.347
31,1,120,61.04759199455374,4313.191963455963,4097.532365283179,4136.901930214203,0.9904833216752167,39.36956493102366,0.014898623501253237,0.21654017063731282,0.9937382571531638,0.0,0.0,0.0,0.0,False,692.5461754055814,1.3602758563052497,1440,2023-11-04,0.25682468128653674,-0.12187721904524015,2.412
32,1,120,386.459718321999,4354.423035866355,4136.7018840730125,4173.997530107296,0.99106476566762,37.29564603428315,0.0934221824903392,0.2342148040278012,0.9937035944426719,0.0,0.0,0.0,0.0,False,861.1104804762101,1.6814031597245735,1440,2023-03-29,0.25554055788010405,-0.13217703068923645,2.385
33,1,120,430.71434258195285,4515.272818308287,4289.509177392862,4317.937982484915,0.9934161154682234,28.428805092053416,0.10041110177638983,0.1822404899230164,0.9588323406375806,0.0,0.0,0.0,0.0,False,1135.2423913226235,3.3126838254615816,1440,2023-06-27,0.25426285509070357,-0.181011813664898,2.426
34,1,120,586.6368751489621,4569.403425722164,4340.93325443606,4365.585314876907,0.9943530915873209,24.652060440847222,0.13514072683551853,0.21600293529306455,1.000347199001407,0.0,0.0,0.0,0.0,False,818.1274321292744,1.3069031689592476,1440,2023-01-28,0.25299154081525005,-0.10484817351105144,2.446
35,1,120,385.2798054541507,4300.037869467437,4085.0359759940893,4118.36186097085,0.9919079755247868,33.32588497676143,0.09431491123169196,0.20015023211765237,0.9615964615994634,0.0,0.0,0.0,0.0,False,1041.7756590031931,3.125596606900892,1440,2023-08-13,0.25172658311117374,-0.11899478796673338,2.359
36,1,120,501.5627199872661,4291.736449841781,4077.1496273496914,4134.471045502013,0.9861357311439675,57.32141815232138,0.12301798212721021,0.2587925632538389,0.9695966308046864,0.0,0.0,0.0,0.0,False,663.1778230761092,2.8270543828737487,1440,2023-09-25,0.2504679501956179,-0.09544364415125477,2.31
37,1,120,618.104252680486,4365.06684786538,4146.813505472078,4178.8880978679845,0.9923246108427094,32.07459239590779,0.14905523285887926,0.2063844661050798,0.9904121401162802,0.0,0.0,0.0,0.0,False,960.3245275360705,1.5415753751454175,1440,2023-02-03,0.24921561044463983,-0.20855548576117422,2.435
38,1,120,367.18254870854685,4309.22216164035,4093.7610535583276,4100.295815090662,0.9984062707114244,6.534761532334505,0.08969320483162764,0.13583313043944292,0.9934948464910005,0.0,0.0,0.0,0.0,False,882.234719903217,1.5261176795592901,1440,2023-12-07,0.2479695323924166,-0.18406636862709372,2.289
39,2,120,461.89063067629263,4351.197126008832,4133.6372697083825,4156.102981223054,0.9945945248190025,22.46571151467143,0.11173951668692929,0.16944534111978726,0.9945215049421646,0.0,0.0,0.0,0.0,False,1077.0756027204352,1.4370979125155148,1440,2023-10-25,0.24672968473045453,-0.006053792977400318,2.382
40,2,180,598.3298806189904,6421.2435690686,6100.181390615151,6141.452725212594,0.9932798742505969,41.27133459744153,0.09808394903461287,0.19692771966397687,0.9563192722834141,0.0,0.0,0.0,0.0,False,1622.8198590739162,3.182976205190173,1440,2023-06-13,0.24549603630680228,0.06393713698960748,2.384
41,2,180,536.4755264505452,6068.392654746505,5764.973022009182,5816.080042203335,0.9912128065942518,51.10702019415373,0.09305776877054234,0.20111459918312513,0.958370971453362,0.0,0.0,0.0,0.0,False,955.5760915367258,3.3660458488707317,1440,2023-07-28,0.24426855612526827,0.05962226218279775,2.492
42,2,180,755.0165544657029,6486.8519514690415,6162.5093538956025,6206.984032924996,0.992834736033881,44.474679029395126,0.12251771333838586,0.19794880340300167,0.9538603489893905,0.0,0.0,0.0,0.0,False,1160.7971816718707,3.3747131764336027,1440,2023-08-22,0.2430472133446419,0.04690349743606754,2.488
43,2,180,599.8014472629566,6598.640321771264,6268.708305682701,6299.382009294361,0.9951306805070081,30.673703611659633,0.09568182439103529,0.20179734506121572,0.9850787657487682,0.0,0.0,0.0,0.0,False,1423.1511155923847,1.8888446583438188,1440,2023-12-04,0.2418319772779187,0.043795796184804905,2.461
44,2,180,764.1397122014946,5950.148151869495,5652.640744276026,5696.457192505393,0.9923081229703588,43.81644822936694,0.13518278390065339,0.22948287037065448,0.9924635020965019,0.0,0.0,0.0,0.0,False,1302.7602584662195,1.7498113444848755,1440,2023-01-28,0.2406228173915291,0.032752976282663104,2.685
45,2,180,530.9529734319173,6644.027411271861,6311.826040708287,6336.04490976872,0.9961776045774088,24.218869060432027,0.084120343305966,0.15938349476080024,0.9554987702179252,0.0,0.0,0.0,0.0,False,1420.7117933754168,3.326706671161072,1440,2023-07-26,0.23941970330457144,-0.03846357883834835,2.405
46,2,180,806.6741602687863,6032.948784606837,5731.301345376494,5791.310746092957,0.9896380278407704,60.00940071646236,0.14074886516297724,0.19742321797458062,0.9907349676451815,0.0,0.0,0.0,0.0,False,1247.9804759206822,1.8845497858638254,1440,2023-02-08,0.23822260478804858,0.060812628668481805,2.314
47,2,180,746.9296319908163,6550.572697977206,6223.044063078366,6252.276527102268,0.9953245087773732,29.232464023902875,0.12002640900815527,0.1458441435300491,0.9620506364215516,0.0,0.0,0.0,0.0,False,1721.9222836149365,2.6094168930636954,1440,2023-09-11,0.23703149176410834,0.056675042704900064,2.377
48,2,180,665.507223227626,6257.078635220896,5944.224703459846,5982.358205925753,0.9936256738307421,38.13350246590771,0.11195862478756337,0.1874758970911991,0.9950053829707739,0.0,0.0,0.0,0.0,False,1147.6400745886606,1.531701632090877,1440,2023-12-01,0.2358463343052878,0.1695467305355016,2.37
49,2,180,640.8370247300089,6531.475452855033,6204.901680212275,6238.895058371436,0.9945513784346239,33.99337815916001,0.1032791586003157,0.16446533302259078,0.9510025165031142,0.0,1.0416666666666667,16.225972650077093,0.0,False,1482.0408965061702,3.3813131527915403,1477,2023-07-18,0.23466710263376137,0.16888042811089282,2.381
50,2,180,447.4714642061901,6527.44150294739,6201.069427800006,6217.5381022178235,0.9973512547656214,16.468674417817635,0.07216036998394686,0.14400679494834573,0.989780749851037,0.0,0.0,0.0,0.0,False,1087.7980538633697,1.8418155028451169,1440,2023-03-25,0.23349376712059255,0.22074736047101456,2.371
51,2,180,317.2704034786731,6223.878794196308,5912.684854486501,5953.841883284196,0.9930873157862579,41.15702879769486,0.05365927853197362,0.1788113907760531,0.9574509370889529,0.0,0.0,0.0,0.0,False,1475.728541153826,3.2624931756105813,1440,2023-07-16,0.2323262982849896,0.31004935037503384,2.321
52,2,180,489.83552981759976,6586.48643358231,6257.162111903206,6269.86462627826,0.997974036899965,12.702514375054754,0.07828397619517792,0.15920008323708593,0.9657911907560518,0.0,0.0,0.0,0.0,False,1510.59554447971,2.960129515959359,1440,2023-05-15,0.23116466679356462,0.30598026193849037,2.31
53,2,180,696.9091763054817,6133.529323050467,5826.852856897936,5839.283091400315,0.9978712738691012,12.430234502378942,0.11960301614283389,0.13803630960526575,0.9729407008477226,0.0,0.0,0.0,0.0,False,1556.8702700665563,2.0952595792329824,1440,2023-04-07,0.23000884345959682,0.34790986361312903,2.32
54,2,180,139.77167253393273,5827.397314598316,5536.027448868347,5580.212002360421,0.9920819220715299,44.184553492074286,0.025247648033700467,0.19257400240056505,0.9884532549661593,0.0,0.0,0.0,0.0,False,1142.754664263227,1.7477711470530277,1440,2023-01-14,0.22885879924229882,0.4311120314625811,2.292
55,2,180,386.2060640379667,6571.259235931316,6242.696274134715,6268.133956407952,0.9959417455896533,25.437682273237275,0.061865265756741915,0.16883711347456948,0.9906244416148436,0.0,0.0,0.0,0.0,False,1271.4931873111348,1.6916074056457553,1440,2023-03-22,0.22771450524608736,0.3780621414724561,2.386
56,2,180,657.7594121564309,6845.183805670774,6502.924615387231,6531.6147707918835,0.9956074942550271,28.690155404652778,0.1011482449911905,0.17370227594017806,0.951008505538502,0.0,1.0416666666666667,10.217225464772898,0.0,False,1663.404344022274,3.2299219128169327,1471,2023-09-15,0.2265759327198569,0.38940152944381784,2.456
57,2,180,701.652464505251,6681.354457727408,6347.286734841002,6387.093607522185,0.9937676077528749,39.80687268118401,0.11054368485573501,0.18874190134845617,0.9892830184781702,0.0,0.0,0.0,0.0,False,1396.2251341088563,1.7954985324935429,1440,2023-04-15,0.22544305305625761,0.3890845685995594,2.503
58,2,180,881.7655195710831,6193.39682835955,5883.726986941578,5914.692428988211,0.9947646572635173,30.965442046632923,0.1498651316636692,0.1600161078778481,0.9904945784313006,0.0,0.0,0.0,0.0,False,1110.6268052058563,1.4856082325144284,1440,2023-01-20,0.22431583779097633,0.35630672895851806,2.393
59,3,180,118.29706680061358,6445.08312972756,6122.828973241212,6146.335149527709,0.996175578500905,23.50617628649835,0.019320655095481334,0.18248707853268334,0.9824345416197049,0.0,0.0,0.0,0.0,False,1457.8619107173033,1.921327848507107,1440,2023-01-10,0.22319425860202144,0.3952803974871304,2.34
60,3,240,596.531967743114,8770.772192975748,8332.233583327028,8351.478036565719,0.9976956829492418,19.24445323869188,0.07159328429495626,0.17491073514126443,0.9657157261478917,0.0,0.0,0.0,0.0,False,1847.3939043334703,2.3869861486929618,1440,2023-04-11,0.22207828730901136,0.3778988429427485,2.293
61,3,240,716.630659595728,7801.161803727157,7411.103713540819,7432.9045317947775,0.9970669853002007,21.800818253959953,0.09669688717031082,0.17549993415818474,0.9567252781185118,0.0,0.0,0.0,0.0,False,2050.9989389853226,2.7400261920336733,1440,2023-04-19,0.2209678958724663,0.3819160180113013,2.3
62,3,240,684.3442164532677,8627.113935346417,8195.758238579123,8261.398383049731,0.9920545963979555,65.64014447060953,0.08349980520800607,0.19926084833710558,0.965221232348413,0.0,0.0,0.0,0.0,False,1464.8511444686205,2.859454075570148,1440,2023-05-21,0.21986305639310397,0.3850585235210097,2.299
63,3,240,887.8030195948877,8490.540884155604,8066.013839947815,8118.008141329459,0.9935951897957657,51.9943013816457,0.11006713318516097,0.19459240788568838,0.9622239657075816,0.0,0.0,0.0,0.0,False,1851.500896162303,2.501203499162028,1440,2023-03-18,0.21876374111113842,0.33533547431829525,2.324
64,3,240,877.4882864534268,8580.098482988444,8151.093558838996,8208.313391014439,0.9930290390425296,57.21983217544411,0.10765282966257747,0.2088171014321331,0.9540356464117115,0.0,0.0,0.0,0.0,False,1900.036251552448,3.259876160781661,1440,2023-08-16,0.21766992240558275,0.30609798355495715,2.359
65,3,240,814.6349657618391,8257.311503488756,7844.445928314319,7914.076864390747,0.9912016351029226,69.63093607642772,0.10384863038209441,0.20469433415057584,0.9647579783518682,0.0,0.0,0.0,0.0,False,1233.236685711244,2.90042351414475,1440,2023-09-16,0.2165815727935548,0.2509728100705016,2.401
66,3,240,774.3881256387768,8109.8979944743405,7704.403094750605,7770.44169892128,0.9915013062668185,66.0386041706752,0.10051241038600461,0.2086562068338951,0.9599058912336167,0.0,0.0,0.0,0.0,False,1136.0153438340533,3.195485790034299,1440,2023-07-08,0.21549866492958705,0.21570804259483434,2.326
67,3,240,250.11430260408014,8573.590618670692,8144.911087737159,8223.127120443725,0.9904882860788918,78.2160327065672,0.03070804578587089,0.21630711484542653,0.9856926492952858,0.0,0.0,0.0,0.0,False,1261.2492200822512,1.6694118893583831,1440,2023-11-03,0.21442117160493912,0.1783472983693034,2.319
68,3,240,1238.05112849177,8525.359382664048,8099.091413530816,8126.3298378272775,0.9966481271570261,27.238424296460934,0.1528629651498203,0.15912962581742804,0.9558698904181155,0.0,0.0,0.0,0.0,False,2187.4989199044376,2.8221611844135506,1440,2023-01-19,0.21334906574691442,0.1308113496212382,2.355
69,3,240,128.57127323542488,8095.89929922707,7691.104334265746,7755.408736373141,0.9917084444813584,64.30440210739636,0.01671688065166513,0.21696899143279996,0.984912928294671,0.0,0.0,0.0,0.0,False,1402.1911807888923,1.8290295497378783,1440,2023-11-18,0.21228232041817982,0.22061658519351132,2.52
70,3,240,901.0530260224341,8558.782153040896,8130.84304538888,8148.643509959043,0.997815530333557,17.80046457016444,0.11081913904775649,0.16519111837449324,0.9528660523834265,0.0,0.0,0.0,0.0,False,2150.684210526316,3.0507499970786425,1440,2023-02-10,0.21122090881608893,0.16436571972587155,2.409
71,3,240,245.51550385671263,8406.093151658719,7985.788494075795,8036.94643752264,0.9936346541756207,51.15794344684397,0.03074405289331751,0.18959989710274547,0.9781181353239107,0.0,0.0,0.0,0.0,False,1713.8686863954886,2.119860643148058,1440,2023-11-02,0.21016480427200848,0.23501679216130988,2.388
72,3,240,847.4415751226139,8099.921151251801,7694.925093689216,7754.989544813123,0.992254734738607,60.06445112390725,0.11012993171533536,0.20000095046657604,0.9674232423758661,0.0,0.0,0.0,0.0,False,1567.125849399978,2.9323161106203024,1440,2023-06-29,0.20911398025064845,0.2383583420523684,2.362
73,3,240,112.29523222677827,8648.647172718069,8216.214814082196,8238.038763967783,0.9973508318532024,21.823949885587517,0.013667514149497365,0.1745918298789764,0.9687243449933899,0.0,0.0,0.0,0.0,False,1941.867762934043,2.42187556535199,1440,2023-03-13,0.20806841034939522,0.21814921704145912,2.448
74,3,240,691.9742902088707,8463.257689441194,8040.0948049691415,8084.845924492316,0.9944648147978176,44.75111952317478,0.08606543915143879,0.1905083869151304,0.9540012591784065,0.0,0.0,0.0,0.0,False,1834.5812737835454,3.174214982920427,1440,2023-06-07,0.20702806829764822,0.2591523908315021,2.479
75,3,240,759.700330836737,8475.978568287745,8052.179639873365,8133.294157758721,0.9900268555013497,81.11451788535535,0.09434716621010267,0.21958981459644394,0.9682791366302578,0.0,0.0,0.0,0.0,False,1531.1366092611813,2.618139444770934,1440,2023-05-12,0.20599292795615998,0.2574130850382412,2.439
76,3,240,390.2282087159132,8565.182305848992,8136.923190556527,8164.924991320789,0.9965704766676942,28.001800764263304,0.0479577107436384,0.18408634428259188,0.9666255652330097,0.0,0.0,0.0,0.0,False,1813.3811500574411,2.382361386069004,1440,2023-10-20,0.20496296331637917,0.19106300877492044,2.441
77,3,240,441.3826683829326,8250.254389823538,7837.741670332369,7892.361480916736,0.9930794083980524,54.619810584366775,0.056315031414427216,0.22219518093474555,0.9632882644576726,0.0,0.0,0.0,0.0,False,1712.7587320643283,2.5963671034436415,1440,2023-10-03,0.2039381484997973,0.21688626524060878,2.403
78,3,240,604.3279952589265,8712.79296485522,8277.15331661242,8346.813089165978,0.9916543270096734,69.65977255355911,0.07301157440759586,0.24910703181350005,0.9682302654108417,0.0,0.0,0.0,0.0,False,1857.524317076074,2.464859268282622,1440,2023-01-08,0.2029184577572983,0.1525956707316841,2.377
79,4,240,766.535044017801,8637.179932342027,8205.320935724914,8303.366011657505,0.9881921288553414,98.04507593259116,0.09341926416069916,0.25674167063802467,0.9832816213452976,0.0,0.0,0.0,0.0,False,1366.1845904399845,1.87884257284515,1440,2023-03-29,0.20190386546851183,0.03950177160060944,2.285
80,4,300,875.8517056555976,11421.739904944072,10850.65290969687,10978.707060426841,0.9883361355736007,128.05415072997016,0.08071880217206817,0.20921041744914748,0.9510080403313912,0.0,1.0416666666666667,70.03192796792727,0.0,False,1942.4026444633344,3.84066773083695,1501,2023-05-21,0.20089434614116924,-0.07060663665010565,2.468
81,4,300,1284.716875613331,10792.943192499699,10253.296032874718,10329.437636828003,0.9926286786725141,76.14160395328572,0.12529794043731857,0.22070723303518355,0.9561363018718696,0.0,0.0,0.0,0.0,False,2049.0458965434914,2.6746380464427015,1440,2023-03-07,0.19988987441046338,-0.0545851271076053,2.642
82,4,300,954.4577203871077,10449.640911735862,9927.15886614904,9962.495148446946,0.996453069058366,35.33628229790409,0.096146111214332,0.1706803076517631,0.9510008109315254,0.0,3.611111111111111,72.27682204984822,0.0,False,2224.1638892492356,3.2928612006689812,1524,2023-09-12,0.19889042503841106,-0.06809627541464357,2.432
83,4,300,44.118388062937676,10531.442691338969,10004.870556772003,10033.975718639906,0.9970993390173514,29.105161867901558,0.004409691041237434,0.1889002670997738,0.9602731688215919,0.0,0.0,0.0,0.0,False,2162.4872269766224,2.7791846622854814,1440,2023-12-27,0.19789597291321903,0.032620026400662666,2.346
84,4,300,511.65967246216655,10124.135513552883,9617.928737875267,9670.799048235429,0.9945329946267668,52.870310360160595,0.05319853020404051,0.18891671672037197,0.9510008678141824,0.0,8.333333333333334,478.6689635743224,0.0,False,2130.1495795968317,3.9104589255275313,1717,2023-07-16,0.19690649304865293,0.0736641437122954,2.363
85,4,300,985.1916258220368,10849.11850821671,10306.662582805853,10398.164085027785,0.9912002252057472,91.50150222193513,0.09558784115680552,0.2034191482882222,0.9510602605269164,0.0,2.2222222222222223,84.3955691480632,0.0,False,2079.730930355009,3.794865299442822,1472,2023-08-18,0.19592196058340966,0.10701741256026703,2.331
86,4,300,1101.2003065811182,10597.516247245423,10067.64043488312,10167.438407053356,0.9901845510958784,99.7979721702351,0.10938017837482518,0.22594367608234547,0.9623865439147395,0.0,0.0,0.0,0.0,False,1956.7758972388883,2.468897681956907,1440,2023-04-26,0.1949423507804926,0.10162372077496275,2.316
87,4,300,1060.1311990128818,10664.958156331035,10131.710248514493,10229.21233909623,0.9904682699557343,97.50209058173513,0.10463497010964341,0.2333546848551496,0.957990258263002,0.0,0.0,0.0,0.0,False,1411.5864967109082,3.008817510058904,1440,2023-09-12,0.19396763902659017,0.046457622395530807,2.342
88,4,300,1046.762729552055,10567.872072990624,10039.478469341046,10135.014933069386,0.9905736237825743,95.53646372833914,0.10426465206820255,0.20220103104815404,0.9510652654935464,0.0,4.166666666666667,501.0095153531804,0.0,False,2359.888015416036,4.024455487107895,1500,2023-09-16,0.1929978008314572,-0.015647209850941285,2.4
89,4,300,1278.263444008459,10892.982331950325,10348.333215352832,10413.100545084984,0.9937802070140653,64.76732973215107,0.12352360688502201,0.19868906864060304,0.951003250169864,0.0,1.0416666666666667,5.92315372204404,0.0,False,2373.009288490208,3.07759378589568,1470,2023-04-08,0.19203281182729992,0.0030969111748635897,2.336
90,4,300,731.2344893657954,10739.68824940068,10202.703836930605,10246.580277715824,0.9957179430018578,43.876440785219174,0.07167065721529177,0.1927286184302745,0.952489240309695,0.0,0.0,0.0,0.0,False,2215.0386983234685,2.9202685809154723,1440,2023-10-27,0.19107264776816343,0.025884071860089508,2.405
91,4,300,1019.4349919817895,10425.663436704017,9904.380264868814,9980.088493773963,0.9924140723849915,75.7082289051476,0.10292769105380185,0.19239023768793712,0.951010518081977,0.0,4.166666666666667,286.9131611296382,0.0,False,2298.8329357008165,3.997010809697057,1506,2023-09-16,0.19011728452932258,0.057590359949479315,2.369
92,4,300,889.8717551159555,10171.664921856593,9663.081675763804,9738.210590671079,0.9922851416892498,75.1289149072756,0.09208985135123748,0.2021092579992041,0.9643447253334987,0.0,0.0,0.0,0.0,False,1810.7471711443698,2.5753828837667947,1440,2023-04-12,0.189166698106676,0.08408031616973655,2.351
93,4,300,381.05135969114656,10558.494915764008,10030.570169975783,10101.731466145047,0.992955534760773,71.16129616926332,0.03798900294140174,0.23482509011473876,0.9510031572620796,0.0,1.9444444444444444,35.200521505642016,0.0,False,2218.9043275186314,3.246235277864127,1508,2023-09-24,0.1882208646161426,0.08378497356119478,2.371
94,4,300,905.0837364234968,10790.747157099975,10251.209799244956,10302.6755322337,0.9950046244950912,51.46573298874228,0.08829043148547794,0.19825699472959993,0.9510014889198876,0.0,0.06944444444444445,0.03612669249163954,0.0,False,2243.8277442643516,2.94083740709401,1442,2023-04-12,0.1872797602930619,0.009832614314448165,2.409
95,4,300,724.4794599614717,10843.127726461118,10300.971340138045,10340.769450576674,0.9961513395469416,39.798110438630424,0.07033117907420203,0.20113864330208708,0.9510029210762942,0.0,8.402777777777779,1031.0619891759454,0.0,False,2124.1206866384364,4.238613706972591,1714,2023-07-23,0.18634336149159655,0.03120768702787631,2.482
96,4,300,906.673923361856,10200.26098094354,9690.247931896401,9735.706221974822,0.9953307660438834,45.45829007842144,0.09356560634299664,0.19603064330993214,0.9568959327753181,0.0,0.0,0.0,0.0,False,2183.5324798188576,2.8556582695718236,1440,2023-05-01,0.1854116446841386,0.04191118617404273,2.513
97,4,300,1370.1206973473886,10597.861746823595,10067.968659482438,10121.76002185442,0.9946855722467399,53.79136237198175,0.13608710393202814,0.18279207440208828,0.9629424455163053,0.0,0.0,0.0,0.0,False,1776.3029510974884,2.545668492788336,1440,2023-02-04,0.18448458646071791,0.06191005330822013,2.408
98,4,300,1603.2998985678094,10600.162248072338,10070.154135668683,10109.569945455576,0.9961011388219723,39.41580978689372,0.15921304450434276,0.20840806327803046,0.9510009460126766,0.0,2.5,29.673445307855527,0.0,False,2428.369507730007,3.124423214022186,1527,2023-01-24,0.1835621635284143,0.10789439489271413,2.477
99,5,300,1779.0438539546637,10846.50591600074,10304.180620200721,10368.85992410317,0.9937621585809934,64.67930390244926,0.17265262707710657,0.20891450977366527,0.9575440191498978,0.0,0.0,0.0,0.0,False,1990.943534737369,2.6219277939756482,1440,2023-01-23,0.18264435271077226,0.08790628946933501,2.481
100,5,176,417.4975637975737,5783.407918412892,5494.237522492238,5519.59581062172,0.9954057708209931,25.35828812948315,0.07598826262760348,0.17211922197027213,0.9510558832904794,0.0,0.2777777777777778,1.8887246415485686,0.0,False,999.3906287381542,3.5716143967494003,1448,2023-05-26,0.18173113094721838,0.07035589735155187,2.396
101,5,290,409.1841200228494,9871.75530672752,9378.167541391082,9513.15439102969,0.9858105057386757,134.98684963860734,0.043631564291946354,0.27572220992793006,0.964239567546248,0.0,0.0,0.0,0.0,False,1922.2127083384325,2.553615831973966,1440,2023-12-16,0.18082247529248227,0.13865925572627666,2.401
102,5,246,768.9395366098167,8834.595335577344,8392.86556879844,8441.740360311727,0.9942103417746571,48.87479151328796,0.0916182357868865,0.16731201647742466,0.9535247740023947,0.0,0.0,0.0,0.0,False,1174.8045304470809,3.5566153255324218,1440,2023-06-24,0.1799183629160199,-0.03841074157718745,2.402
103,5,185,579.6515452077074,6571.777786195789,6243.188896885971,6301.5893354357995,0.9907324271003468,58.40043854982834,0.09284542799863556,0.2163798555407154,0.9841434462730111,0.0,0.0,0.0,0.0,False,1196.905328436801,1.792577104440126,1440,2023-11-10,0.1790187711014398,0.06007008534728188,2.344
104,5,144,529.5464778431784,5261.590472538257,4998.510948911349,5035.424456149153,0.9926692362164771,36.91350723780367,0.10594084583500032,0.2099224284496436,0.9979633778718436,0.0,0.0,0.0,0.0,False,1048.762442522687,1.4447216979723172,1440,2023-11-28,0.1781236772459326,0.030086508170581977,2.402
105,5,262,150.59532944332662,8987.79773951399,8538.40785253833,8600.867524880687,0.9927379799582225,62.459672342356335,0.017637401731583607,0.21772839136368932,0.9676391230752162,0.0,0.0,0.0,0.0,False,1814.5181390397852,2.454835958488065,1440,2023-11-18,0.17723305885970292,0.01980986460709784,2.551
106,5,192,178.64183251941628,7134.16094501971,6777.45289776875,6828.4405375610295,0.9925330476978143,50.987639792279495,0.026358255116494894,0.23941831373056865,0.9858942792570163,0.0,0.0,0.0,0.0,False,1310.2033201821,1.843093114671188,1440,2023-12-20,0.1763468935654044,-0.006470988222774532,2.543
107,5,227,644.3582183019126,8304.314784027833,7889.099044826461,7919.2346654267785,0.9961946296740162,30.13562060031814,0.08167703493651432,0.18154685782582744,0.9514600090357652,0.0,3.125,191.44153691558705,0.0,False,1889.3712987303734,3.671624721029759,1485,2023-10-07,0.17546515909757737,-0.0771844153803354,2.505
108,5,232,625.4788075636891,7756.893653368532,7369.048970700102,7404.566237441382,0.9952033291887259,35.51726674128079,0.08487917641077436,0.176838300974373,0.9669043599300979,0.0,0.0,0.0,0.0,False,1261.2373535810539,2.8569774528316665,1440,2023-05-13,0.1745878333020895,-0.0055152970072447766,2.59
109,5,173,535.0143470228136,6037.726253529139,5735.839940852659,5764.761581653747,0.9949830291519548,28.92164080108835,0.09327567584518079,0.1844887807525353,0.9649864849638486,0.0,0.0,0.0,0.0,False,1492.6032482000278,2.812472250106921,1440,2023-09-17,0.17371489413557906,0.06333690771570882,2.429
110,5,186,592.8022870670469,6984.828220140842,6635.58680913382,6668.6515209573345,0.9950417694312556,33.064711823515914,0.08933682944981752,0.21527744493876147,0.9605918877035878,0.0,0.0,0.0,0.0,False,1614.215920532673,3.1742596745791074,1440,2023-08-03,0.17284631966490113,0.10236317694448789,2.381
111,5,287,991.7389691779123,10374.54604280282,9855.81874066266,9954.999924707983,0.9900370482375235,99.18118404532147,0.10062471675602593,0.24455180044530722,0.9676123208912444,0.0,0.0,0.0,0.0,False,1781.7636882662773,2.6663338994451573,1440,2023-05-07,0.17198208806657664,0.06508525887087549,2.382
112,5,260,729.3018229998257,9070.906801421617,8617.361461350476,8684.94276557679,0.992218566540913,67.58130422631328,0.0846316852636158,0.23401257746650653,0.9643368075011483,0.0,0.0,0.0,0.0,False,1819.9634911659773,2.4443986164992024,1440,2023-12-08,0.17112217762624377,-0.03136824772468044,2.384
113,5,277,20.33360665266188,9694.14407224555,9209.436868633293,9279.30360576748,0.9924706917563553,69.86673713418679,0.0022079098801270625,0.23001844737725247,0.9510002012076534,0.0,0.3472222222222222,0.6176378761113166,0.0,False,2315.0835008930085,2.9295031981604525,1450,2023-10-28,0.17026656673811255,-0.08704539132108899,2.438
114,5,144,301.6883235425767,5120.467910134437,4864.444514627726,4893.0789117650365,0.9941479796966974,28.634397137310867,0.06201906972838908,0.19493985855415125,0.9836090487725585,0.0,0.0,0.0,0.0,False,1331.921666033128,1.8025550900704514,1440,2023-12-18,0.16941523390442195,-0.12430094237071951,2.365
115,5,185,564.7456356243748,6440.234344350276,6118.22262713274,6170.775250523555,0.9914836270553921,52.55262339081476,0.0923055060337088,0.21528756801626647,0.9886258470969903,0.0,0.0,0.0,0.0,False,1145.798393402905,1.5323718122262378,1440,2023-01-31,0.16856815773489983,-0.07667948072730882,2.411
116,5,133,111.14245298025014,4246.457790738834,4034.1349012018923,4069.220686652772,0.9913777629298989,35.08578545087979,0.027550504805165885,0.19931138875473708,1.0015015644608753,0.0,0.0,0.0,0.0,False,734.4451510024257,1.1779234052900547,1440,2023-11-03,0.16772531694622533,-0.08411165063004711,2.412
117,5,296,656.31797931092,10460.099691074016,9937.094706520362,10013.51271400792,0.9923685114634491,76.41800748755782,0.0660472702227813,0.22557479874218042,0.9510007851698269,0.0,3.0555555555555554,114.25552069157405,0.0,False,1885.1114757281416,3.980963682341709,1584,2023-05-29,0.16688669036149426,-0.054875361614609916,2.543
118,5,240,860.7631183029682,8462.192570821899,8039.082942280805,8100.115467051414,0.9924652278083109,61.032524770610515,0.10707230221196813,0.1975026247123096,0.9601549138708024,0.0,0.0,0.0,0.0,False,1687.0916700102457,3.3598607618731413,1440,2023-09-13,0.16605225690968675,-0.09054457231174451,2.538
119,5,160,389.584911405656,5994.523707295693,5694.797521930928,5704.816765184366,0.9982437221621939,10.019243253437697,0.0684106695462563,0.1563475782127744,0.9792089766538725,0.0,0.0,0.0,0.0,False,1264.7811960864121,1.8563343864848885,1440,2023-01-08,0.1652219956251383,-0.05719628923935183,2.361
120,5,267,831.7785171199448,9938.79409526681,9441.8543905035,9467.259412123796,0.9973165389777149,25.40502162029417,0.08809482573217156,0.1354609796723539,0.9525978450045924,0.0,0.0,0.0,0.0,False,2214.010230572994,3.054734599144467,1440,2023-09-30,0.16439588564701263,0.06220606060690101,2.4
121,5,265,949.348101537881,9589.92100422461,9110.424954013382,9130.267328113012,0.997826747740613,19.84237409962988,0.10420459049165079,0.15373759606133883,0.9510000600087372,0.0,8.333333333333334,1456.2575644587691,127.80148176197403,True,1549.6520410061526,4.46531724421742,1997,2023-08-19,0.16357390621877757,0.20690540828921067,2.484
122,5,178,631.4711451342873,6692.908834063669,6358.2633923604535,6380.345062046192,0.9965391104288243,22.081669685738994,0.09931503402218429,0.1758290528856966,0.9836789039062476,0.0,0.0,0.0,0.0,False,1471.356243543562,2.136297100111047,1440,2023-11-08,0.16275603668768368,0.28476945057622466,2.439
123,5,243,912.8860273648818,8752.318060373338,8314.702157354686,8327.37589120732,0.9984780639161471,12.67373385263583,0.1097917893014842,0.16273243698381948,0.95698986457112,0.0,0.0,0.0,0.0,False,2087.7023949205045,2.5478637787758416,1440,2023-04-15,0.16194225650424526,0.2996680267479639,2.534
124,5,138,449.52129427771104,5306.5076053415905,5041.18222507451,5049.357716350494,0.9983808849094785,8.175491275983974,0.08916981656442047,0.15986131760685313,0.9893041870553074,0.0,0.0,0.0,0.0,False,1199.3341407948328,1.8154221573347669,1440,2023-04-23,0.16113254522172402,0.34226282082029397,2.486
125,5,205,617.568421293001,7233.621827703509,6871.940736318338,6897.732858754764,0.9962607826419823,25.792122436424464,0.08986812386625224,0.18754351382182427,0.9711939280478612,0.0,0.0,0.0,0.0,False,1633.2561740365447,2.01956997211698,1440,2023-01-31,0.1603268824956154,0.38466205282714133,2.51
126,5,220,732.0417285572363,8097.2412426510655,7692.379180518476,7711.472916715722,0.9975239832385512,19.093736197244887,0.0951645403038876,0.16644856660718346,0.9589452849367933,0.0,0.0,0.0,0.0,False,1942.5768238332876,2.8829197731881235,1440,2023-05-07,0.15952524808313734,0.3583034310685915,2.472
127,5,125,443.5585575221508,4575.631037180979,4346.849485321913,4354.599695935079,0.998220224325005,7.75021061316656,0.10204138860108297,0.135514463079441,0.9875143787001744,0.0,0.0,0.0,0.0,False,1185.712584645551,1.6094855257521343,1440,2023-10-24,0.15872762184272163,0.3853029892036023,2.47
128,5,257,851.9912021141452,8779.834298011097,8340.842583110534,8400.75988857886,0.9928676326590664,59.917305468325246,0.10214689866457277,0.16148023617710708,0.956156213707587,0.0,0.0,0.0,0.0,False,1236.7860132724556,3.4527635166759767,1440,2023-06-23,0.15793398373350803,0.4781819403186722,2.582
129,5,281,981.0627431688176,10145.14655106499,9637.889223511756,9670.716910063846,0.9966054547085411,32.82768655208907,0.10179228256489006,0.18188978290214156,0.9510056463440012,0.0,0.4861111111111111,2.4884840560198658,0.0,False,2239.7832909911194,3.2022925596969536,1454,2023-05-03,0.15714431381484048,0.49728638858700747,2.649
130,5,247,1046.5957575973353,9054.077468202111,8601.37359479196,8640.562289114307,0.9954645666553763,39.18869432234688,0.12167774670676296,0.18622841014554484,0.9604425766395414,0.0,0.0,0.0,0.0,False,1965.190155906844,2.529641949777905,1440,2023-04-07,0.1563585922457663,0.4685744552614928,2.862
131,5,223,775.9347192225614,7598.017179805666,7218.116320815385,7232.076131599131,0.9980697367492093,13.9598107837454,0.10749822872553944,0.1937980660652091,0.9821710895709079,0.0,0.0,0.0,0.0,False,1615.1641528515418,2.113308880106584,1440,2023-03-28,0.15557679928453744,0.43674850815831656,2.643
132,5,297,678.8576677345674,10523.505697075196,9997.330412221452,10019.373357662564,0.9977999676572334,22.042945441111698,0.06790389431409441,0.14453205586442394,0.9510004093216603,0.0,5.347222222222222,568.1203649943159,5.926981997887288,True,1778.094599366188,4.608146105243592,1585,2023-08-07,0.1547989152881148,0.3949446041492537,2.631
133,5,190,275.0910447565641,6923.240569820011,6577.078541329012,6596.704146331004,0.9970249378224871,19.625605001992216,0.04182571988884554,0.1843153485523426,0.9510011557594462,0.0,2.5,114.95217607154024,0.0,False,1252.0686233459699,3.7990495392381463,1558,2023-07-30,0.1540249207116742,0.4726601005905096,2.47
134,5,195,703.3475739999525,7062.199619190982,6709.089638231448,6719.147539915491,0.99850309855167,10.057901684044744,0.10483502411295234,0.1622954225337821,0.9650718644340163,0.0,0.0,0.0,0.0,False,1919.878269134831,2.5497432689567674,1440,2023-03-28,0.15325479610811582,0.44809348640247615,2.523
135,5,184,588.9389145812036,6255.350939869857,5942.583392876364,5960.865300261024,0.9969330111546291,18.28190738465866,0.09910486326320478,0.15070405764346184,0.9673155164982716,0.0,0.0,0.0,0.0,False,1772.1003501937184,2.511921878834645,1440,2023-02-24,0.15248852212757524,0.47876926116619345,2.566
136,5,202,79.97668566076528,7436.325558515964,7064.509280590182,7087.063323667512,0.9968175756237411,22.554043077329975,0.011320911684623604,0.16918188494052167,0.9886469410969821,0.0,0.0,0.0,0.0,False,1381.40562567496,1.9188174029465825,1440,2023-12-30,0.15172607951693737,0.5312756808536987,2.529
137,5,238,808.784968610049,9106.140547904926,8650.833520509681,8656.744647872456,0.9993171651003674,5.91112736277551,0.09349214346716475,0.1497860991946897,0.9509999996866189,0.0,2.1527777777777777,66.07014959372572,0.0,False,2062.8302031935855,3.5073766563685798,1508,2023-05-17,0.15096744911935267,0.5341705023031452,2.564
138,5,209,782.1122843265945,7635.332777318716,7253.566138452779,7254.6360341956015,0.9998525224783464,1.0698957428221005,0.10782451960842296,0.12316509981843715,0.9510071533434197,0.0,0.8333333333333334,7.537701558605897,0.0,False,2064.458605557765,3.29183500594222,1464,2023-02-10,0.15021261187375592,0.5816677831437982,2.554
139,5,182,388.5872321349238,6192.1652376221455,5882.556975740992,5893.960901805733,0.9980651507102386,11.403926064741862,0.06605753819936026,0.10813012205264912,0.9510407545961014,0.0,0.0,0.0,0.0,False,1287.0128834427617,3.5626538767340183,1440,2023-06-03,0.14946154881438714,0.6820735514531544,2.614
140,5,229,743.1849212229362,7990.2093476267,7590.698880245351,7593.6215519829975,0.9996151149069467,2.9226717376470206,0.09790731169129377,0.1446095297584856,0.9510063234510748,0.0,0.2777777777777778,1.756136899147283,0.0,False,1999.0462636749949,3.169437098969998,1448,2023-05-11,0.1487142410703152,0.8000686110827406,2.545
141,5,211,188.37160152981937,7480.080949713095,7106.076902227438,7114.861816942852,0.9987652726164696,8.784914715412988,0.026508522792762525,0.14281485494929538,0.9832338991797013,0.0,0.0,0.0,0.0,False,1420.3142855748142,2.051172816445851,1440,2023-01-14,0.14797066986496363,0.8169794853456451,2.671
142,5,130,397.00879055078644,4990.971533979587,4741.422957280618,4744.325852044891,0.9993881333502795,2.9028947642729017,0.08373199230015238,0.12112412415108498,0.9576726410480254,0.0,0.0,0.0,0.0,False,1181.5605774103703,3.274507087317478,1440,2023-08-03,0.1472308165156388,0.8373157265887223,2.663
143,5,187,721.0811700602206,6825.754339842414,6484.466622850316,6491.805931860603,0.9988694503367288,7.339309010287797,0.11120130798718829,0.1331504050979503,0.9751465799303732,0.0,0.0,0.0,0.0,False,1634.6420971390753,2.1417178520609466,1440,2023-11-30,0.1464946624330606,0.9052481211316927,2.611
144,5,183,707.0360861806435,6763.450546441168,6425.278019119117,6434.2681744036745,0.998602769570544,8.990155284557412,0.1100397654508926,0.13569915944747346,0.9827227915953051,0.0,0.0,0.0,0.0,False,1525.447206556797,2.0133181505497117,1440,2023-03-09,0.1457621891208953,0.9364786984280679,2.585
145,5,129,451.42772919470536,4557.183679972517,4329.324495973878,4342.473723693149,0.9969719499630989,13.149227719271293,0.1042720936290448,0.1463481521312751,0.9560362902216807,0.0,0.0,0.0,0.0,False,921.2868949985946,3.4484957520938195,1440,2023-08-25,0.14503337817529083,0.9590709427238433,2.619
146,5,126,356.8811302396643,4585.257714296827,4355.99482858199,4363.153182366987,0.998359362258028,7.158353784996297,0.08192873138828773,0.13608477219237136,0.9510010726743591,0.0,2.013888888888889,68.76202933518165,0.0,False,1193.9822480519047,4.149307049738615,1512,2023-06-06,0.14430821128441437,0.9563995466495363,2.618
147,5,165,532.3190867475641,5977.62303268185,5678.74188104775,5689.117508533092,0.9981762325229212,10.375627485341829,0.0937389122270423,0.17123736940461676,0.9516814185085428,0.0,0.0,0.0,0.0,False,1435.588606720968,3.5945323578323656,1440,2023-08-27,0.1435866702279923,0.9800376270460603,2.677
148,5,164,692.4469020819718,5999.427095770053,5699.455740981568,5704.385181982774,0.9991358506054647,4.929441001205849,0.12149351333724326,0.15412201520434587,0.9868690955401836,0.0,0.0,0.0,0.0,False,1322.6041491233939,1.7784446466185309,1440,2023-03-19,0.14286873687685234,0.923050509026109,2.553
149,5,272,858.3078474138028,9714.102896078752,9228.397751274799,9259.779437060864,0.9966109683282017,31.381685786066477,0.0930072446536277,0.15357374024648218,0.9550588460635199,0.0,0.0,0.0,0.0,False,2223.7224966227636,2.7644744410112345,1440,2023-11-11,0.14215439319246806,0.9174084930905264,2.532
150,5,281,438.1266934167144,10124.434873129332,9618.213129472817,9638.096825247369,0.9979369686635161,19.883695774549935,0.04555177635585712,0.18294371819317698,0.9547501801886088,0.0,0.0,0.0,0.0,False,2255.669000045985,2.8994405787505366,1440,2023-10-20,0.14144362122650572,0.9164223982370364,2.629
151,5,268,1032.3398781973142,9773.025232202092,9284.37397059202,9335.429562745532,0.9945309863021989,51.05559215351115,0.11119111331224057,0.18079278771232796,0.9541619730718564,0.0,0.0,0.0,0.0,False,1915.1788019042447,3.2562020046476587,1440,2023-06-14,0.1407364031203732,0.851872384961857,2.564
152,5,205,963.5248139445412,7556.351794907458,7178.534205162114,7183.747119053633,0.9992743461309082,5.21291389151817,0.13422305813513663,0.16213830653394923,0.9719927763419707,0.0,0.0,0.0,0.0,False,1660.3899557057787,2.189279209406248,1440,2023-02-26,0.14003272110477133,0.8059247820139649,2.689
153,5,240,815.5453790961931,8477.216153892143,8053.3553461975425,8068.066587589745,0.998176608827841,14.71124139220229,0.10126777523622617,0.17644754647606697,0.97379106815678,0.0,0.0,0.0,0.0,False,1696.3009579169925,2.2714560218835462,1440,2023-09-22,0.13933255749924747,0.8120996429213869,2.629
154,5,241,513.0266337912141,8356.262881934132,7938.449737837425,7967.158498993456,0.9963966122727873,28.708761156032132,0.06462554412178866,0.19053918719903157,0.9660898733582883,0.0,0.0,0.0,0.0,False,1993.64501584132,2.438651097784238,1440,2023-11-09,0.13863589471175125,0.7867368264508623,2.747
155,5,205,772.5490346831616,7612.238714045122,7231.6267783428775,7241.305881562937,0.9986633483824093,9.679103220059377,0.10682921815002609,0.1584608683185736,0.9510033596810528,0.0,1.7361111111111112,56.014556869898705,0.0,False,1859.4927661702284,3.521160483786869,1506,2023-08-20,0.1379427152381925,0.7359180043239688,2.795
156,5,195,907.0986253009121,7292.536927216278,6927.910080855473,6941.349583991469,0.9980638486834043,13.439503135996116,0.1309339490140873,0.16798636871797948,0.9828273177088759,0.0,0.0,0.0,0.0,False,1614.5800998309005,2.1474992731973437,1440,2023-04-05,0.13725300166200152,0.767912204743533,2.692
157,5,295,1054.7930128023097,10824.510225758686,10283.284714470752,10319.924020786111,0.9964496534817929,36.63930631536022,0.10257354941441943,0.17608068051995684,0.9510078064130046,0.0,1.0416666666666667,13.383332935076675,0.0,False,1741.9895156168527,3.2398684942208407,1469,2023-09-16,0.1365667366536915,0.7741521457645923,2.753
158,5,202,619.5876157026186,7329.235101628331,6962.773346546899,6973.8139800741765,0.998416844275052,11.040633527277064,0.08898575105994155,0.1498075323965578,0.967627743031749,0.0,0.0,0.0,0.0,False,1622.240189822816,2.343216358644522,1440,2023-12-07,0.13588390297042305,0.7625325785910918,2.846
159,5,272,879.9305154352105,9329.937934428028,8863.441037706601,8885.799011539279,0.9974838533030466,22.3579738326766,0.09927639972916104,0.1632279195480122,0.9510010921178748,0.0,4.166666666666667,192.62534841056362,0.0,False,2444.0919756889343,3.4297937144427277,1502,2023-03-27,0.13520448345557096,0.8135474741039412,2.773
160,5,191,681.4500879895844,6867.7338743517275,6524.347180634171,6540.4139811802415,0.9975434581675867,16.066800546070134,0.10444724493084792,0.1448770272561603,0.9921129534952137,0.0,0.0,0.0,0.0,False,1096.6500576925519,1.5524520823198693,1440,2023-12-02,0.13452846103829308,0.8266731428036206,2.611
161,5,164,647.0149609770074,5679.226720123613,5395.265384117456,5413.340795247531,0.9966609508224674,18.07541113007412,0.119922731304689,0.15143428490886168,0.9962348898174679,0.0,0.0,0.0,0.0,False,983.9981505870926,1.4493627040162782,1440,2023-02-25,0.13385581873310162,0.8803017894426303,2.619
162,5,275,1024.2759098938172,10123.943775922966,9617.746587126763,9626.102719841294,0.999131929820642,8.356132714530148,0.10649853379010818,0.1623864360372542,0.9571129113016124,0.0,0.0,0.0,0.0,False,2067.5096082576733,2.853154668366284,1440,2023-04-02,0.1331865396394361,0.9112070256724518,2.697
163,5,222,756.9953411170508,7706.966430246215,7321.618108733949,7348.624034453701,0.9963250364159146,27.00592571975215,0.10339180900654078,0.16131034630895622,0.9832687468435244,0.0,0.0,0.0,0.0,False,1347.1891283352106,1.978650304468121,1440,2023-03-11,0.13252060694123893,0.9137171603719829,2.792
164,5,225,795.2646370010489,7959.0652358701855,7561.111974076684,7591.337368607046,0.9960184361380967,30.225394530362493,0.10517826474830927,0.18859648397214926,0.9530796950261403,0.0,0.0,0.0,0.0,False,1430.3664023517254,3.5866150580954024,1440,2023-09-01,0.13185800390653274,0.9200271482184155,2.708
165,5,293,802.3757214016445,10836.004492930962,10294.204268284444,10338.35436724934,0.9957294848486953,44.150098964894994,0.07794441420534999,0.1773705094891731,0.9578559764047102,0.0,0.0,0.0,0.0,False,1787.8469803507642,2.5678538744810275,1440,2023-01-13,0.13119871388700008,0.8656158114379294,2.592
166,5,136,471.0655380067978,4521.226158497682,4295.164850572801,4304.325012192494,0.9978718703644018,9.160161619693401,0.10967344779420439,0.16166822065042438,0.994098139095938,0.0,0.0,0.0,0.0,False,1124.5049674868792,1.5834956139246295,1440,2023-03-09,0.13054272031756506,0.8479153604016294,2.526
167,5,262,898.0027984644818,9433.914514355025,8962.218788637258,8972.625972506688,0.9988401183888285,10.407183869431988,0.10019871414018747,0.13056644050060545,0.9629057644686261,0.0,0.0,0.0,0.0,False,1792.942128385217,2.6598965449669802,1440,2023-09-09,0.12989000671597725,0.8702166239853153,2.692
168,5,159,123.99016221468398,5500.066117389066,5225.062811519608,5241.487449540829,0.9968664166080069,16.42463802122033,0.023729889321392455,0.17846447668598941,0.9667373663467502,0.0,0.0,0.0,0.0,False,1502.1358288738927,2.6805529203682577,1440,2023-10-06,0.12924055668239737,0.9599532291568353,2.714
169,5,186,769.4779427623774,6695.7088972204565,6360.923452359415,6372.63553124293,0.9981621294947602,11.712078883513929,0.12096953351591742,0.1563348592326195,0.9843565131954861,0.0,0.0,0.0,0.0,False,1378.1226979816838,1.8811049910511255,1440,2023-03-20,0.12859435389898535,0.9274436098519073,2.615
170,5,271,803.0795701884336,9527.965261152993,9051.566998095315,9072.23525337945,0.997721812242861,20.668255284132428,0.0887227118086208,0.19762261854869814,0.9510003052501894,0.0,5.277777777777778,265.03983507136024,0.0,False,2167.6964344459366,4.068291722411938,1593,2023-07-27,0.12795138212949045,0.9523043298437477,2.714
171,5,205,81.89637336016848,7331.527489757207,6964.951115269334,6990.434712885278,0.9963545045962634,25.48359761594423,0.011758355802473074,0.18833826041942073,0.9804355056116186,0.0,0.0,0.0,0.0,False,1642.5969403438544,2.0996870797774583,1440,2023-03-13,0.12731162521884298,0.881478704414412,2.55
172,5,152,827.3824280513512,5756.869395247699,5469.025925485311,5481.2773413279665,0.9977648611665237,12.251415842655415,0.15128515375942944,0.16498047355486303,0.992742640107635,0.0,0.0,0.0,0.0,False,1116.6888466458804,1.6538940083179952,1440,2023-02-05,0.12667506709274878,0.8458268789343828,2.517
173,5,213,721.3883618602318,7752.917373180577,7365.271504521534,7397.930077615261,0.995585444475537,32.65857309372707,0.0979445715500606,0.18702378501776104,0.9783448839629757,0.0,0.0,0.0,0.0,False,1553.2907348467322,2.399415153667539,1440,2023-05-09,0.12604169175728502,0.8704435259746433,2.528
174,5,257,1034.8065464812116,8699.107615437046,8264.152234665176,8289.396274059876,0.9969546588726013,25.244039394699747,0.12521629770329817,0.17864518653533767,0.9586700238936211,0.0,0.0,0.0,0.0,False,1875.0604021271897,3.029295186698224,1440,2023-06-15,0.1254114832984986,0.8422903691375878,2.569
175,5,283,1332.553928886216,9861.295799100328,9368.231009145235,9394.362903181493,0.9972183431377334,26.131894036259734,0.1422417879731383,0.16583313972740946,0.9510113673010763,0.0,1.1805555555555556,29.275345368196067,0.0,False,2366.0842180252075,3.1745165154187567,1459,2023-02-12,0.12478442588200611,0.8392685010025082,2.788
176,5,136,413.8244668576523,5094.601554350589,4839.87147663311,4859.6436387601425,0.9959313555485158,19.772162127032065,0.08550319339172455,0.16718454185891285,0.9921029432846926,0.0,0.0,0.0,0.0,False,930.5288593982644,1.5485804969661763,1440,2023-12-08,0.12416050375259607,0.866745852485516,2.676
177,5,249,951.6362899757247,8847.552866651575,8405.175223319053,8438.576429780336,0.9960418434626712,33.40120646128425,0.11322027973141298,0.1960674449724369,0.9664601427106769,0.0,0.0,0.0,0.0,False,1947.8750945270795,2.5347345120401417,1440,2023-01-09,0.12353970123383311,0.8873954218896691,2.741
178,5,262,853.9968352923314,9223.530595755305,8762.354065967538,8784.512169122365,0.9974775943469334,22.15810315482645,0.09746203233320647,0.16632409650178748,0.9564175051731426,0.0,0.0,0.0,0.0,False,1952.3711827588666,2.699108747104521,1440,2023-09-29,0.12292200272766393,0.8405693183146168,2.708
179,5,192,804.6628134240284,7044.200623564367,6691.990592386168,6703.490464911418,0.9982844948336327,11.499872525249767,0.12024266954880898,0.12935702441296393,0.9723222267469807,0.0,0.0,0.0,0.0,False,1574.9915246709427,2.0975448453275893,1440,2023-03-20,0.1223073927140256,0.8702275972649145,2.621
180,5,161,829.5037490680526,5722.855085235052,5436.7123309733015,5450.1730631174705,0.9975302193181239,13.46073214416984,0.1525745153633228,0.1570437689016056,0.9822974278753192,0.0,0.0,0.0,0.0,False,1364.1279075502553,2.058810179880652,1440,2023-02-06,0.12169585575045548,0.9788139277999162,2.682
181,5,203,683.6748674936284,7308.137007932677,6942.730157536005,6967.981336887733,0.996376112660054,25.25117935172829,0.09847348982036004,0.17039359067888724,0.9598666680500385,0.0,0.0,0.0,0.0,False,1666.8920550449766,2.9897359763379026,1440,2023-09-06,0.1210873764717032,1.0069199659078254,2.553
182,5,151,614.547594842663,5305.4159929273355,5040.145193280968,5053.870122755814,0.9972842734099858,13.72492947484638,0.12193053399769478,0.14901176178979925,0.976564862553327,0.0,0.0,0.0,0.0,False,1394.6619449908392,2.118959688082199,1440,2023-04-06,0.12048193958934468,1.001515508950189,2.55
183,5,136,374.2355099697243,4872.895227871463,4629.2504664779035,4644.380107375445,0.9967423766901604,15.129640897541316,0.08084149101019714,0.17493457120017522,0.9510873369817301,0.0,0.1388888888888889,1.154657983262531,0.0,False,1099.2743690148454,3.3051278244669047,1444,2023-10-07,0.11987952989139797,1.0467813788505835,2.588
184,5,165,595.6580383488882,5631.172606440067,5349.613976118047,5418.209701796646,0.9873397802126681,68.59572567859789,0.11134598515108714,0.20778804457215058,0.9906702050231839,0.0,0.0,0.0,0.0,False,1172.126504122303,1.5343473167114103,1440,2023-12-01,0.11928013224194098,1.027217165508063,2.683
185,5,209,647.6962435568598,7298.181529702487,6933.272453217402,6985.644910851099,0.9925028457211811,52.372457633698076,0.09341854772435704,0.20008352958509867,0.9813028126233779,0.0,0.0,0.0,0.0,False,1368.92117532799,1.9547341126790578,1440,2023-11-10,0.11868373158073126,0.9388987511870934,2.56
186,5,236,886.386585020712,8354.871697594754,7937.128112715003,7990.943488934034,0.9932654540363657,53.81537621903098,0.11167598310536925,0.21236143806311106,0.9510000774968055,0.0,2.638888888888889,95.54333940928177,0.0,False,1908.0652815464498,3.8676662490350093,1503,2023-09-26,0.11809031292282761,0.8851897762225771,2.771
187,5,161,524.7245672729017,5588.4766479276,5309.052815531237,5332.39398390088,0.9956227599760796,23.34116836964324,0.09883581601182403,0.1587547951855216,0.9671546170599431,0.0,0.0,0.0,0.0,False,965.3252921294733,2.9476165933128136,1440,2023-07-08,0.11749986135821347,0.8145931256961811,2.675
188,5,170,383.51198513045205,5963.735001611618,5665.548251531047,5683.52160937454,0.9968376371062181,17.973357843493822,0.06769194579303292,0.1792888258577232,0.9843104070671541,0.0,0.0,0.0,0.0,False,1378.341164621601,1.754789416185834,1440,2023-10-31,0.11691236205142241,0.8781126798464851,2.636
189,5,136,368.97756820557964,4646.944836738673,4414.597594901738,4439.992439901076,0.9942804305766108,25.394844999338,0.08358124614386116,0.18214585710697026,0.9894325951808335,0.0,0.0,0.0,0.0,False,632.3841843329121,1.918807817815952,1440,2023-04-29,0.11632780024116529,0.8847890143949985,2.685
190,5,208,634.7311791717466,7722.113156215023,7336.007498404273,7362.395815286667,0.9964157975821398,26.388316882395348,0.08652270043478189,0.17897394228483954,0.9554873578268387,0.0,0.0,0.0,0.0,False,1842.8313421905955,3.2676486937574873,1440,2023-08-03,0.11574616123995946,0.8847373204301173,2.702
191,5,136,398.54122694263754,4615.7397642860815,4384.9527760718,4421.4383952530525,0.9917480204585856,36.48561918125198,0.09088837378533075,0.232161193217845,0.9946808736002686,0.0,0.0,0.0,0.0,False,883.9997248552618,1.6203984329779673,1440,2023-04-12,0.11516743043375967,0.8927254807526579,2.795
192,5,176,60.59674627641982,5977.146159752183,5678.2888517645915,5723.446993181557,0.9921099747283825,45.158141416966394,0.010671656172895944,0.22258588733105808,0.9899194595931929,0.0,0.0,0.0,0.0,False,979.4127979388273,1.8378284153328228,1440,2023-03-24,0.11459159328159088,0.7804959972971862,2.737
193,5,159,447.5722408284958,5572.475284716687,5293.851520480883,5330.3011149661825,0.9931618132448544,36.44959448530003,0.08454567323940344,0.20684227299995792,0.9668986175436891,0.0,0.0,0.0,0.0,False,1042.1779301504448,2.9359973072845404,1440,2023-05-30,0.11401863531518291,0.7106487891171871,2.567
194,5,120,442.93316671922025,4243.7881205019485,4031.598714476845,4072.0397681322775,0.990068600515171,40.44105365543207,0.10986539040423741,0.21419681659426523,1.0009798422783749,0.0,0.0,0.0,0.0,False,672.6829868555069,1.219436228369567,1440,2023-01-05,0.113448542138607,0.6890648604516102,2.592
195,5,246,965.6276139791845,9066.162993001852,8612.85484335171,8645.33808860966,0.9962426865294317,32.483245257948255,0.11211469733807897,0.21279195146073504,0.9762592853110142,0.0,0.0,0.0,0.0,False,1686.7603726487525,2.296968576304365,1440,2023-04-02,0.11288129942791396,0.6549078807819594,2.604
196,5,124,133.89076858975923,4665.27944002417,4432.0154680229825,4460.644375091038,0.993581889821138,28.628907068054357,0.030209905528485157,0.23582271128490068,0.9950107113913921,0.0,0.0,0.0,0.0,False,816.6151393379239,1.6628482717474258,1440,2023-11-05,0.11231689293077439,0.6300334027669684,2.629
197,5,152,337.1613406116464,5458.3879513632755,5185.468553795134,5228.393922637931,0.991789951277975,42.92536884279813,0.06502041948839613,0.25191333720932507,0.9976899170727583,0.0,0.0,0.0,0.0,False,884.6194899490745,1.2571981620655894,1440,2023-12-18,0.11175530846612053,0.5576750131775662,2.722
198,5,189,539.6758194908834,6572.503786696746,6243.87859736194,6314.671807219696,0.9887890911801913,70.79320985775783,0.08643278549952882,0.23079385597664911,0.9630397330900464,0.0,0.0,0.0,0.0,False,1363.8456787062369,3.0689430904043604,1440,2023-07-12,0.1111965319237899,0.46179325761184453,2.582
199,5,222,230.09257201540183,8015.817578672286,7615.026699738701,7693.494187214379,0.9898007997970439,78.46748747567754,0.030215596226773195,0.233338111483929,0.9716193012706197,0.0,0.0,0.0,0.0,False,1730.5528123209747,2.202301195507684,1440,2023-10-21,0.11064054926417097,0.4300110190723218,2.61
200,5,297,1095.156198248104,10418.19431729534,9897.284601430556,9998.522157185489,0.989874748071426,101.23755575493254,0.11065218818602122,0.2591830457043672,0.9618842219454589,0.0,0.0,0.0,0.0,False,1982.9508073860966,2.6575712355232914,1440,2023-11-16,0.11008734651785011,0.3973209605504914,2.601
201,5,229,839.7353398766193,7865.685245941385,7472.400983644308,7542.341625771221,0.9907269326162668,69.94064212691333,0.1123782492019156,0.2353734399500728,0.9744477434927,0.0,0.0,0.0,0.0,False,1566.9136897140381,2.0922932229515996,1440,2023-03-06,0.10953690978526086,0.3113509061628448,2.633
202,5,178,709.0420007614565,6341.61294132868,6024.532294262266,6114.883018324341,0.9852244558413754,90.35072406207368,0.11769245580055145,0.2889241102420804,0.9888726144128548,0.0,0.0,0.0,0.0,False,808.6034442757991,1.8776725886614711,1440,2023-10-12,0.10898922523633456,0.2931873233146715,2.585
203,5,294,1134.7764138974128,9924.444431268746,9428.222209705393,9506.095405704953,0.9918080775885306,77.87319599955893,0.12035953212147209,0.21171472637030406,0.9510024275124865,0.0,4.166666666666667,541.8078674410916,0.0,False,2282.4607432337043,4.2692761008622275,1538,2023-09-26,0.10844427911015289,0.15639877688161208,2.659
204,5,252,689.5553262730576,8911.082351095012,8465.528233540233,8524.828006554162,0.9930438745546142,59.299773013929524,0.08145449489389862,0.23407579718490087,0.9555212393114693,0.0,0.0,0.0,0.0,False,1969.558876192319,2.521011857396161,1440,2023-02-17,0.10790205771460211,0.21624284793455734,2.66
205,5,202,485.328151327437,7134.03039127661,6777.328871712771,6864.728609413381,0.9872682894439904,87.39973770060969,0.07161053573083942,0.236236805027219,0.9559594233056758,0.0,0.0,0.0,0.0,False,1743.9762032394483,3.0996660574219197,1440,2023-07-31,0.10736254742602912,0.21321995912555547,2.681
206,5,193,713.2947772206292,6877.767500339033,6533.87912532209,6584.75678875222,0.9922734179769499,50.877663430128955,0.10916865211911417,0.23797883605190903,0.9658996829062518,0.0,0.0,0.0,0.0,False,1404.3236443400383,2.9897273048282047,1440,2023-06-29,0.10682573468889896,0.20423559057389323,2.6
207,5,260,1049.457306095276,9347.879689833453,8880.485705341787,8961.628151062218,0.9909455687791718,81.14244572043268,0.11817566526389504,0.24778037402865702,0.9683606641922414,0.0,0.0,0.0,0.0,False,2018.948741254869,2.419868061846539,1440,2023-10-25,0.10629160601545447,0.1913166856756499,2.645
208,5,127,491.58277103273394,5056.74752697267,4803.910150624038,4836.678659144045,0.993224997807523,32.768508520007416,0.10232971800458765,0.20718856698382215,0.951000895241159,0.0,0.625,9.519787770823356,0.0,False,750.5485750828614,3.787647056939598,1460,2023-08-26,0.1057601479853772,0.1570291595067767,2.697
209,5,126,447.98595933488986,4679.011233495374,4445.0606718205945,4474.39402142401,0.9934441737891291,29.333349603414845,0.10078286718894325,0.21669667560507644,0.9720719509242495,0.0,0.0,0.0,0.0,False,781.3857691183734,2.71384212815828,1440,2023-08-11,0.10523134724545032,0.21854168572112387,2.653
210,5,124,494.36866034131265,4483.391036705018,4259.221484869758,4301.779333483508,0.9901069196454372,42.557848613750046,0.11607019313212116,0.23597659270174007,0.9969970363994741,0.0,0.0,0.0,0.0,False,777.404739236747,1.3833374204240383,1440,2023-04-02,0.10470519050922306,0.2459990339455882,2.534
211,5,236,94.56842651381697,8392.537437276407,7972.910565412606,8040.932785017302,0.9915405063786328,68.02221960469657,0.011861217523756703,0.2523928788612161,0.9842833751228945,0.0,0.0,0.0,0.0,False,1404.5387236720328,1.7871437102519894,1440,2023-11-04,0.10418166455667695,0.22375026527741282,2.577
212,5,196,545.846443424754,6827.882815916783,6486.488675120954,6537.918054150342,0.9921336764083881,51.4293790293869,0.084151298300783,0.22904116158234628,0.9588077919580789,0.0,0.0,0.0,0.0,False,1515.925697821706,3.324318131217855,1440,2023-05-16,0.10366075623389356,0.16721577684896444,2.675
213,5,297,1045.464026174639,11063.065020050091,10509.911769047612,10583.216955229766,0.9930734495482558,73.3051861821548,0.09947410112933583,0.21997381723982462,0.96879662478409,0.0,0.0,0.0,0.0,False,1927.0797091650152,2.4547846398989472,1440,2023-04-21,0.10314245245272409,0.17190990604060202,2.595
214,5,233,691.046960283519,8378.400922940458,7959.480876793428,8031.484463285204,0.9910348346160751,72.00358649177798,0.08682060689389023,0.22901029128249362,0.9635410935700203,0.0,0.0,0.0,0.0,False,1221.516365119384,3.022605091902124,1440,2023-06-07,0.10262674019046046,0.1946146760854685,2.65
215,5,128,478.3670384887183,4750.106047771839,4512.600745383266,4529.252202946491,0.996323574661532,16.651457563225865,0.10600694931367996,0.20541815376310432,0.989303528737898,0.0,0.0,0.0,0.0,False,1204.6754194556233,1.7714957357761567,1440,2023-03-28,0.10211360648950817,0.19144773466336518,2.545
216,5,287,1061.6742413916152,10659.954905840748,10126.957160548744,10203.030118299986,0.99254408181989,76.07295775124555,0.10483645033352613,0.22198815099615873,0.9511462139257382,0.0,3.125,297.43355047756864,0.0,False,1860.5954997566912,4.059886059247441,1485,2023-08-10,0.10160303845706062,0.24054597638018382,2.606
217,5,284,645.1784098876,9664.49899141936,9181.274041848386,9245.280201210144,0.9930768826937901,64.00615936175899,0.07027111999346354,0.22352352176895984,0.9510000458055083,0.0,7.361111111111111,514.0558075974117,0.0,False,2291.090169327798,3.581401734326492,1567,2023-07-31,0.10109502326477533,0.24227116829111103,2.655
218,5,165,750.9103709534272,6062.078135088234,5758.974228333827,5804.450952798232,0.9921651979086014,45.47672446440475,0.13038960432553956,0.2564211179394408,0.9941172950745539,0.0,0.0,0.0,0.0,False,932.5841823878451,1.3974310828006664,1440,2023-03-01,0.10058954814845145,0.2390973300312424,2.564
219,5,148,623.0670225645551,5208.868109164875,4948.424703706619,4993.319457746607,0.9910090362894088,44.89475403998867,0.12591219627891814,0.25760190485501855,0.9924367686626873,0.0,0.0,0.0,0.0,False,865.7050949335098,1.4616900350267468,1440,2023-03-08,0.10008660040770918,0.1613624919513173,2.561
220,5,141,150.54154953884907,4912.101107537583,4666.4960521607,4729.244373241452,0.9867318505603583,62.74832108075244,0.03226008290934795,0.23208134172742306,0.9912254867596705,0.0,0.0,0.0,0.0,False,850.2429128875569,1.811677953416244,1440,2023-05-20,0.09958616740567064,0.09369679503035522,2.641
221,5,242,615.5776075340091,8476.640976249437,8052.808927436942,8118.679521839842,0.9918865384172755,65.87059440290037,0.07644259451340737,0.23122381785010385,0.9510002883884622,0.0,4.583333333333333,132.85028201496516,0.0,False,1457.0859982082288,3.9563951669316917,1531,2023-07-23,0.09908823656864228,0.09410540928792449,2.6
222,5,133,466.2510954965024,4811.334437035907,4570.767715184121,4608.01632273677,0.9919165634529422,37.24860755264969,0.10200717353183648,0.23262679352220436,0.9839903486326824,0.0,0.0,0.0,0.0,False,789.8370342383961,2.130919765050786,1440,2023-09-09,0.09859279538579907,0.09475766233157706,2.521
223,5,124,398.987931081207,4196.498140580017,3986.6732335510196,4004.1182472031965,0.9956432321487104,17.44501365217766,0.10008041986571833,0.20284420080904134,0.9805898347177948,0.0,0.0,0.0,0.0,False,892.5298601984978,2.319041338597962,1440,2023-05-11,0.09809983140887008,0.09056157861176767,2.562
224,5,179,707.6252700683391,6342.746689559072,6025.609355081117,6099.974481859149,0.9878089446112951,74.36512677803141,0.11743630035883947,0.2360100219487936,0.9818675513718116,0.0,0.0,0.0,0.0,False,1430.9016026039508,1.8374305023537327,1440,2023-01-09,0.09760933225182573,0.15258420556442687,2.545
225,5,131,434.43296625053335,4935.924688972318,4689.12845452369,4717.218196886868,0.994045273890083,28.089742363178043,0.09264684694901623,0.20622998612849874,0.9812132613724499,0.0,0.0,0.0,0.0,False,670.2050277056751,2.2747291980261597,1440,2023-07-07,0.0971212855905666,0.12743699952165943,2.489
226,5,158,591.9792604112293,5473.469260191231,5199.795797181667,5231.371777233613,0.9939641108687091,31.57598005194705,0.11384663619523042,0.2091737186018637,0.9750835521867327,0.0,0.0,0.0,0.0,False,1245.1150537376577,2.3220387974007113,1440,2023-03-10,0.09663567916261376,0.1725238141856693,2.51
227,5,144,567.097716315649,5251.290890226163,4988.726345714867,5007.472130422528,0.9962564375358633,18.74578470766006,0.11367585171368742,0.17504334647050945,0.9680322845591592,0.0,0.0,0.0,0.0,False,1042.3816134831866,2.900172096763156,1440,2023-07-10,0.0961525007668007,0.2016583685453811,2.543
228,5,280,935.3792419583796,9994.421637201855,9494.700555341718,9555.092213542008,0.993679636276592,60.3916582002882,0.09851592859683556,0.21461688688216599,0.9622976249556194,0.0,0.0,0.0,0.0,False,1747.919609714754,2.4986588892719737,1440,2023-09-29,0.09567173826296668,0.3013006633986044,2.629
229,5,283,1164.535503536855,10288.04218359645,9773.640074416606,9827.813402259986,0.9944877537224178,54.17332784338179,0.11915064343172743,0.20200901343482602,0.9729180458097856,0.0,0.0,0.0,0.0,False,1662.2084773969254,2.173751817955639,1440,2023-02-25,0.09519337957165185,0.29322186603143036,2.662
230,5,151,470.44896309568446,5244.75600589156,4982.518205596976,5007.20718215158,0.9950693119624431,24.688976554603965,0.0944199185398296,0.1837262642555136,0.9686535231485808,0.0,0.0,0.0,0.0,False,640.8199059058543,2.876299729038033,1440,2023-07-21,0.09471741267379359,0.3143956990500978,2.598
231,5,261,1186.3820986962194,9174.916391923434,8716.170572327257,8765.459605279066,0.9943769026187601,49.289032951809936,0.13611276751086457,0.18684245636625452,0.9510050690524732,0.0,0.9027777777777778,4.866098454118531,0.0,False,2300.026137284515,3.0644017107686277,1466,2023-02-28,0.09424382561042462,0.3723705004467434,2.678
232,5,135,162.36462159510788,4548.457544976142,4321.034667727349,4341.042688728691,0.9953909642369351,20.008021001342954,0.037575403596681545,0.2008419351795929,0.9536104001466208,0.0,0.0,0.0,0.0,False,750.8900259068491,3.3778155520903583,1440,2023-05-28,0.0937726064823725,0.4125525961021172,2.631
233,5,239,99.59893430416255,7919.990093210053,7523.990588549546,7563.0684576509675,0.9948330668537201,39.077869101421776,0.01323751447213904,0.21384224625942128,0.9669937797592515,0.0,0.0,0.0,0.0,False,1878.1460156872354,2.4524541367221318,1440,2023-11-13,0.09330374344996065,0.4138573224780921,2.572
234,5,287,213.13729439287687,9658.68633359106,9175.75201691155,9255.209927117896,0.9914147911466025,79.45791020634339,0.023228318943237566,0.22986856739591954,0.9719936006445833,0.0,0.0,0.0,0.0,False,1894.719205584293,2.436363300957974,1440,2023-12-29,0.09283722473271083,0.3856083068902785,2.596
235,5,237,927.8597865832911,8006.5699904308085,7606.241490909242,7643.982196950712,0.9950626904839568,37.74070604146802,0.1219866326479697,0.18699677593929,0.9741857783456915,0.0,0.0,0.0,0.0,False,1643.9570967524382,2.15970424010095,1440,2023-03-20,0.09237303860904728,0.3262577595499354,2.565
236,5,161,91.37382763701892,5583.170618266132,5304.012087352832,5338.6567377456295,0.9935106053648568,34.644650392796606,0.017227303809298534,0.21539537571646405,0.9664881359629169,0.0,0.0,0.0,0.0,False,1267.5516734546763,2.943273238669838,1440,2023-09-18,0.09191117341600205,0.3737454240852815,2.633
237,5,173,192.29216253424408,6445.889163323096,6123.594705156935,6165.837050653786,0.9931489682341877,42.242345496852074,0.03140184349109631,0.21622296598237611,0.969891350816538,0.0,0.0,0.0,0.0,False,1523.1496940003517,2.5936924914370225,1440,2023-10-06,0.09145161754892205,0.34848886741795226,2.723
238,5,283,1007.7351109432799,10783.371515014498,10244.202939263778,10289.851973286204,0.9955636840898259,45.6490340224275,0.09837125610630504,0.1981757176129851,0.9545267420813917,0.0,0.0,0.0,0.0,False,2172.6422830706047,2.931715256350298,1440,2023-09-29,0.09099435946117741,0.3256517751999635,2.66
239,5,215,815.944668484118,7634.574480194287,7252.8457561845735,7333.649860446484,0.9889817340888168,80.80410426191034,0.11249993394501101,0.2260420432057477,0.9791764870161909,0.0,0.0,0.0,0.0,False,1705.6279747804747,2.2237886345152598,1440,2023-03-06,0.09053938766387153,0.34717726195758347,2.559
240,5,131,422.56188820414707,4635.2250805214635,4403.463826495395,4414.71296444559,0.9974518982228762,11.249137950194667,0.09596124888357567,0.17278173613161119,0.9816768147646978,0.0,0.0,0.0,0.0,False,1085.857900355558,2.2683726405678533,1440,2023-05-09,0.09008669072555218,0.30178963289931443,2.667
241,5,207,612.906178176654,7227.373109570229,6866.004454091753,6933.0517839463055,0.9903293193323894,67.0473298545528,0.0892667900632363,0.2286199520080503,0.9746821565973227,0.0,0.0,0.0,0.0,False,1669.1688397349765,2.350294625423005,1440,2023-04-12,0.08963625727192442,0.38401311840921887,2.713
242,5,213,618.0683692717192,7282.895530131338,6918.750753624747,6961.992678351989,0.9937888580575931,43.24192472724128,0.08933236523196215,0.20606844842478458,0.9565883798386999,0.0,0.0,0.0,0.0,False,1654.1897257149762,3.1781171461770255,1440,2023-05-18,0.08918807598556479,0.3255168342885739,2.69
243,5,292,581.5436561159146,10371.909541221898,9853.314064160766,9893.87695860438,0.9959002022550586,40.56289444361373,0.05902010758300601,0.21817731967213644,0.9586412945977896,0.0,0.0,0.0,0.0,False,2187.532072087357,2.7407342329806887,1440,2023-12-17,0.08874213560563697,0.3280296924540032,2.803
244,5,279,980.6673937841578,9837.005457013674,9345.15518416298,9394.01854984419,0.9947984597409573,48.86336568120944,0.10493858844057209,0.18413763779667436,0.951006851602927,0.0,2.5,84.38287615318562,0.0,False,1774.4446581520403,3.6555944374618714,1497,2023-09-01,0.08829842492760878,0.30249159625856575,2.673
245,5,202,568.353384457063,7349.794069341008,6982.304365873973,7040.428375153123,0.991744251033889,58.12400927915023,0.0813991133407033,0.2342495799457398,0.9522249655489662,0.0,0.0,0.0,0.0,False,1591.2752068988452,3.5696202494926874,1440,2023-07-23,0.08785693280297073,0.3577415375383987,2.666
246,5,170,690.2043779531228,5883.866878075075,5589.673534171317,5631.801159643735,0.9925196887677258,42.12762547241639,0.12347847754143432,0.2097398329760902,0.9859345445026263,0.0,0.0,0.0,0.0,False,1074.4517113386842,1.547981244509996,1440,2023-02-25,0.08741764813895588,0.28998273883703407,2.546
247,5,255,665.1190146999875,9145.493858868345,8688.219165924955,8760.552270711823,0.9917433167965116,72.33310478686965,0.07655412484396949,0.2275652632418702,0.9510051837618634,0.0,4.166666666666667,808.1403039364704,52.13769068751891,True,1280.2798682830035,4.472691036032435,1669,2023-07-23,0.08698055989826112,0.289210151560367,2.64
248,5,283,1034.912990345643,10271.19403415452,9757.634332446887,9801.276634353135,0.9955472839371472,43.64230190624921,0.10606187474194081,0.21747956198264987,0.9542751783532237,0.0,0.0,0.0,0.0,False,2026.9559671427328,2.6276114023119175,1440,2023-11-20,0.08654565709876981,0.24799787199222384,2.608
249,5,184,800.3548039975348,6807.030311866313,6466.678796272997,6507.394100693025,0.9937432244320822,40.715304420027806,0.12376597465437915,0.20806014452013763,0.9524551653851459,0.0,0.0,0.0,0.0,False,1481.7416625618935,3.5420461444291518,1440,2023-08-23,0.08611292881327597,0.2363426130088615,2.601
250,5,145,495.247208414622,4970.914800388949,4722.369060369514,4738.200472087532,0.9966587712336614,15.831411718018245,0.10487261840053434,0.17129169828781682,0.9676431826697225,0.0,0.0,0.0,0.0,False,1231.2076205192725,2.900455645184483,1440,2023-08-16,0.08568236416920957,0.2473381170136917,2.541
251,5,287,1050.794831178109,10495.784688879023,9970.99545443507,10027.957337417185,0.9943196923296059,56.961882982117054,0.10538514795037025,0.20134835855932515,0.9510009239097965,0.0,7.291666666666667,344.5288136705085,0.0,False,2194.5373239030573,3.537482667057032,1579,2023-08-16,0.08525395234836353,0.3384605170142708,2.684
252,5,159,155.1673410629036,5397.456085319881,5127.583281053881,5169.5378239347765,0.9918842758656978,41.95454288089472,0.030261300998510897,0.21447295393158286,0.9858002904515019,0.0,0.0,0.0,0.0,False,1228.8685831741152,1.790225318068817,1440,2023-01-12,0.0848276825866217,0.34516636648944954,2.611
253,5,274,847.9157775817307,9885.295729823782,9391.030943332638,9468.967969005516,0.9917692164628725,77.93702567287858,0.09028995673619056,0.2200069638865618,0.9510011917530692,0.0,5.208333333333333,301.80948394292204,0.0,False,2015.5755375027657,3.763224080861485,1540,2023-07-19,0.08440354417368859,0.3209332885540464,2.712
254,5,291,1109.6949422448326,10690.606384808729,10156.076065568257,10255.659090898847,0.9902899438789884,99.58302533059141,0.10926414247791896,0.25188231173742887,0.951004191697265,0.0,0.06944444444444445,0.04644577402436158,0.0,False,1948.6021906404221,3.4285426959461955,1442,2023-07-10,0.08398152645282016,0.28837165611044213,2.741
255,5,299,663.7367846025088,10206.710313341133,9696.374797674067,9764.334848239814,0.9930399713219586,67.96005056574762,0.06845205537658504,0.23128185758964048,0.9642994530142724,0.0,0.0,0.0,0.0,False,1897.2796310109811,2.3786509659466084,1440,2023-11-09,0.08356161882055606,0.18960246929677976,2.636
256,5,260,836.3622451808599,9394.987527733532,8925.238151346823,8996.9895244916,0.9920249575761474,71.75137314477732,0.0937075550252575,0.24788165839513768,0.9510002455118882,0.0,1.1805555555555556,5.971047527362101,0.0,False,1695.484089385241,3.23936096065478,1474,2023-06-12,0.08314381072645327,0.15434402609150225,2.711
257,5,161,471.70710838482313,5818.24188344345,5527.329789271273,5557.034345986235,0.99465460264135,29.70455671496227,0.08534086554784953,0.19778512390512473,0.9778534163288957,0.0,0.0,0.0,0.0,False,1405.265214620445,2.12255714586699,1440,2023-01-15,0.082728091672821,0.08722362683542956,2.62
258,5,178,541.431424086783,6229.049382474717,5917.596913350953,5954.459864181125,0.9938091864466297,36.86295083017237,0.09149515115928823,0.2244680758231271,0.9587573745590886,0.0,0.0,0.0,0.0,False,1456.2891742365514,3.026391893213736,1440,2023-06-11,0.0823144512144569,0.14385042711334362,2.737
259,5,277,761.0712051363265,10119.329815013029,9613.363324262338,9700.108587856708,0.991057289430454,86.74526359436952,0.07916804758804076,0.23406287066669687,0.9632708710122291,0.0,0.0,0.0,0.0,False,1950.515676813135,2.4041452344593486,1440,2023-04-09,0.0819028789583846,0.1292259693249133,2.652
260,5,180,607.2969572482863,6383.18843151807,6064.029009942176,6100.222237116999,0.9940669002262567,36.193227174823356,0.10014743601203141,0.20070935792532885,0.9826174014464069,0.0,0.0,0.0,0.0,False,1205.1941329800904,2.10334477555982,1440,2023-09-09,0.0814933645635927,0.09471471090498065,2.582
261,5,206,505.21771018840434,7512.955951469275,7137.308153895832,7185.594823519046,0.9932800734234043,48.28666962321307,0.07078546971698792,0.21947896727511515,0.9650136116624537,0.0,0.0,0.0,0.0,False,1630.6252761993637,2.8466340821202745,1440,2023-07-31,0.08108589774077472,0.14044796430377782,2.588
262,5,239,844.6202571624638,8338.30821530652,7921.392804541188,8001.814339502764,0.9899495874873581,80.42153496157542,0.10662522084225626,0.2471535656970536,0.9560156186918812,0.0,0.0,0.0,0.0,False,1325.4161459242903,3.4328669473601376,1440,2023-07-18,0.08068046825207086,0.13476747808952994,2.729
263,5,212,611.7119209686663,7234.654338203557,6872.921621293364,6919.404870865976,0.9932821896622457,46.483249572611655,0.08900318593383766,0.2185155843491749,0.960266215828511,0.0,0.0,0.0,0.0,False,1386.617991967853,3.080980154914847,1440,2023-07-12,0.0802770659108105,0.06698129430501432,2.667
264,5,273,22.82932858755576,9613.126228300682,9132.469916885671,9215.89295470797,0.9909479159282464,83.42303782229722,0.0024997978416928584,0.22480856200196306,0.9697547146711191,0.0,0.0,0.0,0.0,False,1319.966154536552,2.501862576126194,1440,2023-12-31,0.07987568058125645,0.07483012702527625,2.774
265,5,218,660.7385082106164,7883.138222764029,7488.981311625797,7533.383958335823,0.9941058829663271,44.40264671002524,0.0882280888035993,0.19619809056384074,0.9713704132354852,0.0,0.0,0.0,0.0,False,1861.817189388851,2.4791768705120556,1440,2023-05-04,0.07947630217835017,0.06602421426525365,2.806
266,5,230,89.27016752004084,7613.0871164580085,7232.432760635099,7286.872450798501,0.9925290732710114,54.43969016340222,0.012343034560365798,0.19521970650094733,0.9510013958243109,0.0,1.25,14.474199233049896,0.0,False,1780.2035364020776,3.212674579892391,1481,2023-09-19,0.0790789206674584,0.12211261669291262,2.721
267,5,136,456.4804946875016,4961.952551944984,4713.854924347747,4732.081593768141,0.996148276596837,18.226669420394234,0.09683804487272474,0.1842922235213925,0.9810176051246843,0.0,0.0,0.0,0.0,False,1009.4582902217451,2.3090300330907287,1440,2023-05-08,0.07868352606412113,0.16937479824835802,2.731
268,5,236,204.7703407326687,8273.566345255398,7859.888027992642,7912.425844692949,0.9933600873194223,52.5378167003074,0.026052577339955512,0.22301556019176116,0.9675364194347668,0.0,0.0,0.0,0.0,False,1480.4356879878899,2.8794652377619325,1440,2023-10-14,0.0782901084338005,0.23201039487166533,2.667
269,5,279,903.5924635887,10410.265905351798,9889.752610084153,9960.030064426679,0.9929440519869986,70.27745434252769,0.09136653859949397,0.2072782367377307,0.951004528763551,0.0,1.4583333333333333,96.77185657170152,0.0,False,2130.5522265638247,4.12018548601741,1467,2023-07-12,0.0778986578916315,0.19577675348591203,2.677
270,5,199,80.37418035995157,6824.716279506736,6483.480465531394,6504.5986062559,0.9967533522046701,21.118140724505807,0.012396764482788336,0.18203237504343178,0.9859445695181632,0.0,0.0,0.0,0.0,False,1381.0106208119641,1.8555240880388733,1440,2023-03-13,0.07750916460217336,0.2010480401392899,2.66
271,5,229,699.922961059796,8089.525700982002,7685.049415932918,7739.911801409064,0.9929117557300643,54.862385476146144,0.09107592198544498,0.22989737834336754,0.9749731574163968,0.0,0.0,0.0,0.0,False,1486.582065187332,2.201918339370084,1440,2023-01-15,0.07712161877916247,0.2617043464372782,2.713
272,5,172,519.6000894179036,6186.235439986937,5876.923667987605,5900.145254986564,0.9960642346933182,23.221586998960507,0.08841361888843909,0.16533801654324662,0.9510027502054288,0.0,0.1388888888888889,0.8067027764588566,0.0,False,1437.0323875790614,3.5590769411260643,1444,2023-07-13,0.07673601068526667,0.20343151529864179,2.641
273,5,139,455.12786370059507,4892.332072494952,4647.7154688702085,4669.658290629195,0.9953009791309526,21.942821758986415,0.09792507023052123,0.2008687852687158,0.9656638134416591,0.0,0.0,0.0,0.0,False,1026.4590247047781,3.011062782499125,1440,2023-08-14,0.07635233063184034,0.30057694552083636,2.654
274,5,193,585.6155966092672,7336.014618013,6969.213887112372,6998.264936813006,0.9958488211059549,29.05104970063378,0.084028931540213,0.20863674687624956,0.9729859918570397,0.0,0.0,0.0,0.0,False,1534.7656100805684,2.450696291940149,1440,2023-05-21,0.07597056897868114,0.30008215923912407,2.635
275,5,253,796.6577873438534,8670.283519591148,8236.769343611559,8276.953891520565,0.9951450076398065,40.184547909006,0.0967196911932154,0.21033351353384538,0.9645082960292685,0.0,0.0,0.0,0.0,False,2038.786745155956,2.638399413397192,1440,2023-05-09,0.07559071613378773,0.28216497733336743,2.611
276,5,178,576.6208048689829,6188.752987118517,5879.315337762604,5924.734833932128,0.9923339191638759,45.41949616952316,0.09807618264075255,0.22658708943828826,0.9510064286331515,0.0,0.5555555555555556,3.8877900292778036,0.0,False,1595.0188158763358,3.477000134551022,1456,2023-08-27,0.07521276255311879,0.2635816694853591,2.714
277,5,140,321.69318776562324,5325.47533596142,5059.201569163333,5119.863053965195,0.988151736840914,60.66148480186166,0.06358576217369875,0.2524081796524979,0.9651650513907865,0.0,0.0,0.0,0.0,False,589.3240405395176,3.046004677100619,1440,2023-06-10,0.0748366987403532,0.2116278017452637,2.58
278,5,171,548.6023317210564,6266.279462569174,5952.965489440726,5964.895777579824,0.9979999167489328,11.930288139099591,0.09215614179087019,0.1694847907435172,0.9803322884712476,0.0,0.0,0.0,0.0,False,1425.9328690486873,2.0657988938229965,1440,2023-12-11,0.07446251524665143,0.11063790009930125,2.526
279,5,189,546.9487923962554,6469.527361540726,6146.050993463679,6160.491480761596,0.9976559520708677,14.440487297916436,0.0889919060186671,0.17982490831037984,0.9723560867431853,0.0,0.0,0.0,0.0,False,1611.0106902559269,2.251263948757139,1440,2023-12-07,0.07409020267041817,0.21380319484511295,2.539
280,5,204,274.99650612317583,6957.523185117533,6609.647025861663,6624.907637505417,0.9976964793354461,15.260611643752895,0.04160532401309676,0.16290121608932034,0.9579077747808438,0.0,0.0,0.0,0.0,False,1661.2794084483185,3.267097861818771,1440,2023-05-28,0.07371975165706608,0.27459592657914556,2.567
281,5,241,662.5122386760431,8444.463942122014,8022.240745015946,8033.197183115608,0.9986361049218747,10.956438099661312,0.08258443740767171,0.17116698873884145,0.9510001641815294,0.0,3.125,121.56191812601485,0.0,False,2082.062256195186,3.2600059845439016,1495,2023-05-30,0.07335115289878076,0.3623171740482365,2.621
282,5,141,348.67142471922796,4830.154190205797,4588.6464806954955,4598.760666338081,0.9978006714468489,10.114185642586646,0.07598568034955272,0.1692166183832153,0.989061007377032,0.0,0.0,0.0,0.0,False,1198.305699975103,1.6210549492945323,1440,2023-02-17,0.07298439713428685,0.4157511227576207,2.555
283,5,204,550.2120944238968,7124.484477333263,6768.260253466629,6808.886568302492,0.9940333394559705,40.626314835863084,0.0812929872402711,0.2028165409926949,0.9668193959526511,0.0,0.0,0.0,0.0,False,1020.2777544007108,2.889887236448057,1440,2023-08-05,0.07261947514861541,0.46432826558834484,2.644
284,5,258,987.8583908933573,9647.674589797312,9165.29086030747,9196.983991994633,0.9965539646785566,31.693131687164623,0.10778254677890467,0.19849235264285334,0.9510008856606786,0.0,0.6944444444444444,7.177021739663301,0.0,False,1971.461185373616,3.132048780585644,1460,2023-05-02,0.07225637777287233,0.4291293230624344,2.686
285,5,131,394.06917470938015,4634.042942223621,4402.340795112441,4435.275260266823,0.992574425887515,32.93446515438113,0.0895135549585082,0.19951531748766718,0.9788435837261131,0.0,0.0,0.0,0.0,False,776.6999222405341,2.406848042632012,1440,2023-07-07,0.07189509588400797,0.41055876577921474,2.529
286,5,286,982.3457552870353,10525.864258842974,9999.571045900782,10024.69964635585,0.9974933313374429,25.128600455067744,0.09823878952185029,0.1977924728966103,0.9536012049329943,0.0,0.0,0.0,0.0,False,2219.4422193371547,2.7425600029261727,1440,2023-02-01,0.07153562040458793,0.3934760314196652,2.543
287,5,232,693.9229812877319,8285.997895686744,7871.698000902414,7919.874558188525,0.9939170050065628,48.17655728611015,0.08815416714515475,0.20340395879670894,0.9510019139006668,0.0,1.8055555555555556,33.184608368329215,0.0,False,1871.6654952139513,3.436998120888716,1507,2023-08-09,0.071177942302565,0.38371047838752015,2.679
288,5,212,842.1427480613004,8010.355557870239,7609.837779976719,7641.274932343727,0.9958858760291502,31.437152367008594,0.11066500658886277,0.20147003649374298,0.9704609624945363,0.0,0.0,0.0,0.0,False,1692.6984281733812,2.331467755267041,1440,2023-03-17,0.07082205259105216,0.3633825690417517,2.634
289,5,186,576.9934410064451,6207.128419189883,5896.771998230399,5917.752496740784,0.9964546508962752,20.98049851038434,0.09784903353556808,0.17130939509776508,0.9623904557293561,0.0,0.0,0.0,0.0,False,1529.2183208380181,2.888309339393208,1440,2023-07-20,0.0704679423280969,0.3513013688069749,2.57
290,5,201,28.504381683109894,7052.382223581368,6699.763112402317,6741.046624268309,0.9938758008708369,41.28351186599049,0.004254535750725842,0.20883735313060853,0.970482306735345,0.0,0.0,0.0,0.0,False,1683.75041879767,2.1368393065312006,1440,2023-12-27,0.07011560261645643,0.4094243499354166,2.596
291,5,189,598.5659103503885,6458.821747231123,6135.8806598695455,6164.33942658474,0.9953833225677903,28.458766715195196,0.09755175231245691,0.1906259408701309,0.9733096180707691,0.0,0.0,0.0,0.0,False,1750.388563509904,2.4824356328752057,1440,2023-05-08,0.06976502460337414,0.37291935950938393,2.538
292,5,245,871.3398141142045,9438.440068232063,8966.518064820426,8988.881638740495,0.997512084949068,22.363573920069115,0.09717705443909737,0.18052848684174805,0.9589371362728737,0.0,0.0,0.0,0.0,False,2136.9401171772106,2.7461425414074863,1440,2023-05-08,0.06941619948035727,0.38424917709810197,2.622
293,5,149,616.357756114163,5262.612053798498,4999.481451108595,5018.207635299654,0.9962683520587445,18.72618419105953,0.12328433701408983,0.17620148340181074,0.9905848964935645,0.0,0.0,0.0,0.0,False,1082.8879189613754,1.587445063928994,1440,2023-01-30,0.06906911848295548,0.4165010056894313,2.521
294,5,250,1000.7141148875937,8939.83269566059,8492.841060877578,8555.16010235707,0.9927156194935123,62.319041479492356,0.11783031234358088,0.2201056475635756,0.963421264117556,0.0,0.0,0.0,0.0,False,1874.891565457666,2.5220320696487972,1440,2023-01-18,0.0687237728905407,0.45301180196026636,2.597
295,5,153,50.497955702775116,5470.799144815559,5197.259187574769,5226.17730252683,0.994466679318729,28.918114952061252,0.009716266570561263,0.19260526313250054,0.9969390293712516,0.0,0.0,0.0,0.0,False,1042.446221983877,1.5245713854920977,1440,2023-12-30,0.068380154026088,0.38462599544287296,2.553
296,5,290,1049.1966977056434,10510.361392415349,9984.843322794557,10038.568896753664,0.9946480843522943,53.725573959106875,0.10507893451972507,0.22390571653298266,0.9510000169849319,0.0,5.555555555555555,266.31864162039994,0.0,False,2055.0886942064353,3.4251502749456013,1537,2023-09-13,0.06803825325595757,0.3907879328206983,2.673
297,5,299,445.1935378252362,10551.863544056534,10024.270366853727,10091.867699885275,0.9933018015057493,67.59733303154783,0.044411565284323745,0.20847060767821715,0.9538234953558894,0.0,0.0,0.0,0.0,False,2057.386454061458,2.9680577001599806,1440,2023-10-02,0.06769806198967777,0.3256611994152488,2.59
298,5,153,748.6281855613255,5459.151512896034,5186.19393725123,5206.173569884628,0.9961623191456829,19.97963263339868,0.14435021031205614,0.2129135817881285,0.9851731468753324,0.0,0.0,0.0,0.0,False,1137.1196630001068,1.7154043850104026,1440,2023-02-12,0.06735957167972938,0.30709352178746246,2.638
299,5,229,9.220311291574006,8163.263211430642,7755.100050859107,7791.800652433161,0.9952898433608419,36.70060157405473,0.0011889351821518517,0.20674053763447905,0.9567747331870335,0.0,0.0,0.0,0.0,False,2227.5015047179695,2.970073781140398,1440,2023-10-28,0.06702277382133073,0.281819157554022,2.779
300,5,272,825.4377331290425,9958.55381099011,9460.626120440653,9491.482782401727,0.996749015652403,30.856661961073932,0.08724979960317844,0.18534242012204372,0.9510031878934161,0.0,1.9444444444444444,20.905226481036614,0.0,False,2052.004919010505,3.4135452883733124,1500,2023-06-08,0.06668765995222407,0.2748433364235744,2.714
301,5,226,607.6688296648341,7863.591249085976,7470.4116866316745,7504.597449343442,0.9954446906789439,34.185762711767836,0.0813434192324714,0.1831832565431737,0.9809306380412094,0.0,0.0,0.0,0.0,False,1776.8933136251944,2.209380967846108,1440,2023-11-24,0.06635422165246296,0.3170714170404719,2.595
302,5,230,538.7891710826839,7665.039093264971,7281.7871386017105,7330.351705166544,0.9933748654200856,48.564566564833996,0.07399133767952261,0.20660500246028238,0.9787416794599045,0.0,0.0,0.0,0.0,False,1660.9272517351903,2.1544630546856665,1440,2023-11-19,0.06602245054420065,0.35644487858034535,2.642
303,5,261,1121.2233828644216,9508.05634137553,9032.653524306716,9071.508314430665,0.995716832440958,38.85479012395021,0.12413001116972203,0.19427011269388328,0.9572206727191683,0.0,0.0,0.0,0.0,False,1752.5778613573866,3.035819063536482,1440,2023-06-15,0.06569233829147963,0.3360855566715908,2.76
304,5,129,61.778561647758636,4641.654709193991,4409.571973734295,4417.12251953643,0.9982906188884868,7.550545802135812,0.014010103932024218,0.17478709213630858,0.9938345809123753,0.0,0.0,0.0,0.0,False,1056.447497890505,1.4646103455790485,1440,2023-04-10,0.06536387660002224,0.34722135099597107,2.657
305,5,189,641.3263701233953,6741.008361511929,6403.957943436304,6436.389181897906,0.9949612682600341,32.43123846160158,0.10014531260011142,0.19386030152079722,0.9628341907892523,0.0,0.0,0.0,0.0,False,1506.630916671316,2.8443936149034306,1440,2023-07-20,0.06503705721702213,0.40025327707532415,2.632
306,5,127,439.49033730586893,4433.597417972272,4211.917547073644,4230.7443055569975,0.9955500126872179,18.8267584833532,0.10434447787593042,0.19966089340613974,0.9985456605378898,0.0,0.0,0.0,0.0,False,1037.0833186365417,1.4283998816896908,1440,2023-11-21,0.06471187193093703,0.40102474221689177,2.599
307,5,147,191.21119870378504,5299.910959011881,5034.915411061313,5054.863668079712,0.9960536508344691,19.948257018398145,0.03797704292781347,0.192153073054668,0.9856453402187052,0.0,0.0,0.0,0.0,False,1144.2322256060672,1.8536137218114428,1440,2023-01-29,0.06438831257128233,0.3888975675120853,2.618
308,5,217,903.2468078045139,7451.866797742704,7079.273457855583,7115.90747027834,0.9948518143925045,36.634012422756975,0.12759032592563824,0.202390444597731,0.9857946141775816,0.0,0.0,0.0,0.0,False,1456.7959076638558,1.870004279630073,1440,2023-03-14,0.06406637100842592,0.39610537886874453,2.562
309,5,229,1006.9290359477095,8040.986201507264,7638.936891431898,7661.182398388019,0.9970963350303733,22.245506956120305,0.13181533638235926,0.19408840728712706,0.9540662700328812,0.0,0.0,0.0,0.0,False,2160.897045681032,2.8434070276300565,1440,2023-02-09,0.0637460391533838,0.3792298883294468,2.568
310,5,279,871.7083787750502,9899.835199188748,9404.843439229353,9457.468540187725,0.9944356039108403,52.6251009583725,0.09268717596499185,0.21691268305755368,0.9690935740958876,0.0,0.0,0.0,0.0,False,1785.091641438959,2.2170365382847157,1440,2023-11-11,0.06342730895761688,0.38428955761698097,2.713
311,5,193,627.1112128190979,6642.40402868528,6310.283827251013,6333.34869296941,0.9963581879292385,23.064865718396888,0.09937924029833856,0.1765262610027525,0.9916014366672136,0.0,0.0,0.0,0.0,False,1316.374814491491,1.688536331529444,1440,2023-11-17,0.06311017241282879,0.33727825219919205,2.612
312,5,267,146.17961579648275,9858.92956589466,9365.983087599907,9385.599919971515,0.9979099010677127,19.616832371609647,0.015607503710957716,0.1866157271038161,0.957523455154716,0.0,0.0,0.0,0.0,False,2100.9388973779405,2.6039208768051503,1440,2023-04-10,0.06279462155076464,0.3896930233353858,2.523
313,5,193,648.5187702603477,6936.59879793629,6589.768858039477,6618.432430948611,0.9956691296302883,28.663572909134682,0.09841297687841642,0.20107146448960347,0.9720171148465686,0.0,0.0,0.0,0.0,False,1531.362444978502,2.5137844696271854,1440,2023-05-07,0.06248064844301082,0.4100972284668102,2.559
314,5,130,92.27541675700971,4685.262147911764,4450.999040516166,4465.769995514167,0.9966924057860485,14.770954997999732,0.020731394439103018,0.20708871686254707,0.9923235036960628,0.0,0.0,0.0,0.0,False,809.53829919126,1.4995827734357814,1440,2023-12-29,0.062168245200795766,0.39456439709873725,2.583
315,5,135,493.2848336206232,5027.894415329807,4776.499694563301,4788.019400484195,0.9975940561310739,11.519705920894497,0.1032732890535069,0.20521067764617637,0.9643781888363138,0.0,0.0,0.0,0.0,False,1025.885417452662,3.060178048050793,1440,2023-06-18,0.06185740397479179,0.36854574094067566,2.586
316,5,274,952.5708442669065,10066.877995047937,9563.534095295567,9602.690965318125,0.9959223023875308,39.15687002255906,0.09960448039135336,0.22232785371701946,0.9715118147144011,0.0,0.0,0.0,0.0,False,1886.3687035195298,2.44809617012885,1440,2023-11-15,0.06154811695491783,0.35160196840793306,2.617
317,5,196,860.8347751168752,6677.71889796649,6343.832953068135,6370.624138824014,0.9957945744134225,26.791185755878306,0.13569631821729175,0.19597087736176053,0.9834794379134177,0.0,0.0,0.0,0.0,False,1528.6172711181512,1.9408440372189681,1440,2023-01-21,0.06124037637014324,0.29927277034003325,2.552
318,5,159,758.724250901071,5655.7293269453585,5372.94286059809,5389.240668579291,0.9969758619101534,16.297807981201608,0.1412120453513651,0.18995270042092494,0.9852783773853773,0.0,0.0,0.0,0.0,False,1238.4398953703862,1.8359069082751753,1440,2023-02-12,0.060934174488292525,0.315596215999195,2.474
319,5,129,426.4694202290655,4391.69988378552,4172.114889596223,4199.848755722261,0.9933964607443898,27.733866126038322,0.1022190019964525,0.22145520760002382,0.9587191455428068,0.0,0.0,0.0,0.0,False,767.7155905899324,3.2676091237289633,1440,2023-06-26,0.060629503615851066,0.3423973267753165,2.587
320,5,158,703.9195735946151,5312.683212215371,5047.049051604602,5076.126352721493,0.9942717538736399,29.077301116891384,0.1394715142248952,0.18605163086318763,0.9891710557124577,0.0,0.0,0.0,0.0,False,1287.9022525307337,1.902480961998202,1440,2023-02-22,0.06032635609777181,0.29345993922219493,2.564
321,5,283,665.9105674072949,9940.96526422188,9443.91700101078,9451.003364138403,0.9992501999148033,7.086363127624366,0.0705121156122002,0.18238970585938438,0.9510005375032234,0.0,12.222222222222221,1959.0718220036374,43.89040183171099,True,2201.181352282435,4.545991086405942,1829,2023-07-23,0.060024724317282944,0.3328953164575779,2.716
322,5,146,520.723752910019,5443.0036840367675,5170.853499834921,5196.817643993938,0.9950038377450047,25.964144159016303,0.10070363682255609,0.19683087181012973,0.9902873373895035,0.0,0.0,0.0,0.0,False,1056.6547105709421,1.6463530932030714,1440,2023-04-21,0.05972460069569653,0.37338036796128227,2.572
323,5,187,731.676944399574,7084.178717886728,6729.969781992377,6793.185640243481,0.9906942248307469,63.215858251104585,0.1087192020322808,0.2464914857320501,0.9547130703684645,0.0,0.0,0.0,0.0,False,1004.3933720711352,3.5089533186548874,1440,2023-08-29,0.05942597769221805,0.37415630048209947,2.71
324,5,174,579.3942431983845,6404.820315955478,6084.579300157722,6116.8248493997335,0.9947283844092453,32.24554924201156,0.09522338597565252,0.2045919613616127,0.9594208270959163,0.0,0.0,0.0,0.0,False,1189.3950099756883,3.2856635367357834,1440,2023-05-17,0.059128847803756955,0.2631991215839259,2.808
325,5,249,863.585015473643,9027.16538547878,8575.807116204824,8628.596371991438,0.9938820575779893,52.789255786613694,0.10070014446125018,0.2182081236824349,0.9587118159159409,0.0,0.0,0.0,0.0,False,1860.3450029220362,3.06699942985444,1440,2023-05-11,0.058833203564738173,0.2663827340122687,2.687
326,5,191,562.5717556429182,6440.636485962973,6118.604661664837,6154.7666376298275,0.994124557746203,36.161975964990575,0.09194445249382163,0.20934226089003227,0.98720913448954,0.0,0.0,0.0,0.0,False,1408.0809527278204,1.8563675084666806,1440,2023-11-11,0.05853903754691448,0.23806366066501236,2.662
327,5,226,573.9225357350975,8084.817564923528,7680.576686677348,7736.153921727051,0.9928159088337664,55.57723504970292,0.07472388586792159,0.2152548789501715,0.979168364436903,0.0,0.0,0.0,0.0,False,1491.8660949757214,2.1112837169110854,1440,2023-01-08,0.05824634235917991,0.23444618708599146,2.649
328,5,131,527.6941183068335,5018.233551283292,4767.321873719111,4786.278858713028,0.996039306201433,18.956984993917537,0.1106898447985778,0.20527163447715607,0.9835586868536088,0.0,0.0,0.0,0.0,False,1214.3828013539314,1.8294947145264633,1440,2023-10-26,0.057955110647384005,0.2177817045429598,2.587
329,5,199,689.2163139841066,7130.939977484136,6774.392978609934,6806.433645127395,0.9952925910707441,32.04066651746258,0.10173846072412672,0.18482278076028635,0.9779102366819137,0.0,0.0,0.0,0.0,False,1549.274687916743,2.324321043433197,1440,2023-09-09,0.05766533509414709,0.2261496746253107,2.613
330,5,217,687.4282017794102,7499.13729940466,7124.180434434455,7148.487497310343,0.9965996914892787,24.307062875889102,0.09649225031650689,0.17649163796454873,0.9665953436863052,0.0,0.0,0.0,0.0,False,1913.7648376167926,2.570304097730695,1440,2023-04-19,0.05737700841867635,0.2785903898302904,2.732
331,5,181,550.8026175327174,6590.197789911961,6260.687900416342,6302.0617993235355,0.9934348630298049,41.37389890719212,0.08797797083864993,0.19646415959543612,0.9808790283986394,0.0,0.0,0.0,0.0,False,1315.4133743026118,2.294793576938922,1440,2023-09-30,0.05709012337658297,0.34004689424666956,2.764
332,5,238,660.1807157659046,8419.360854615641,7998.392811884867,8024.101169791507,0.9967961074564432,25.708357906640668,0.08253917146766504,0.1844978721915804,0.9765360816755589,0.0,0.0,0.0,0.0,False,1783.5772179239566,2.2063010690724534,1440,2023-11-24,0.05680467275970005,0.34544934221204876,2.726
333,5,125,462.8905987939994,4753.7349971208905,4516.048247264848,4532.029427795603,0.9964737253397474,15.981180530753786,0.10249903753228275,0.18550465688786788,0.9942972199664031,0.0,0.0,0.0,0.0,False,963.414057220335,1.4033343928868722,1440,2023-12-05,0.056520649395901554,0.3768722392632557,2.696
334,5,133,524.495010992419,4812.222762039764,4571.611623937781,4588.511169666963,0.9963169871219015,16.899545729182016,0.11472868960391754,0.19091937239905746,0.9922424893127858,0.0,0.0,0.0,0.0,False,1139.0199050582664,1.6374836783301772,1440,2023-11-30,0.05623804614892205,0.4005203977279954,2.566
335,5,238,845.8761650231046,8716.464577879242,8280.641348985282,8362.80860214859,0.9901746820868054,82.16725316330698,0.10215104475292353,0.23406997453173056,0.9814494808408628,0.0,0.0,0.0,0.0,False,1134.9712671502657,2.1895919906116856,1440,2023-05-05,0.05595685591817744,0.40798058175521723,2.629
336,5,230,682.5065921906129,7810.049648247088,7419.547165834731,7499.46548009723,0.9893434652810131,79.9183142625011,0.0919876344116249,0.23917568872912537,0.9589473112596463,0.0,0.0,0.0,0.0,False,1501.8122598979849,3.292671353392435,1440,2023-07-11,0.05567707163858655,0.31731390555852734,2.623
337,5,138,365.49766272166954,4629.526653368989,4398.050320700522,4422.641043206979,0.9944398104512173,24.590722506456576,0.08310447495367743,0.2011476794767421,0.9611706516263917,0.0,0.0,0.0,0.0,False,1151.2271165739621,3.2425455731907786,1440,2023-05-16,0.05539868628039362,0.23158920893045065,2.601
338,5,223,609.3474947228009,7081.1802989440785,6727.121283996876,6757.647003008357,0.9954827887579963,30.52571901148098,0.09058072078652356,0.17861854055577844,0.9837682946071582,0.0,0.0,0.0,0.0,False,1458.896553422136,1.9592757603372681,1440,2023-04-23,0.05512169284899165,0.24661368800939537,2.565
339,5,162,349.203212925427,5506.150566989915,5230.843038640435,5278.580012713916,0.9909564742869289,47.73697407348093,0.06675849578086164,0.21307240158964771,0.9677706023775483,0.0,0.0,0.0,0.0,False,721.2254553595931,2.8896756824680407,1440,2023-05-27,0.05484608438474669,0.3092664498708822,2.646
340,5,209,676.2687094628733,7254.578290197972,6891.849375688086,6937.198141537618,0.9934629565244795,45.34876584953136,0.09812586906621915,0.21754050162307764,0.9736122695005082,0.0,0.0,0.0,0.0,False,1310.3058969974518,2.1546261862743283,1440,2023-11-15,0.05457185396282296,0.2829365450060769,2.692
341,5,293,1046.2280551295494,10291.455400775374,9776.882630736593,9819.673784443501,0.9956423039455039,42.79115370690619,0.10701039325565948,0.1770889628619157,0.9510000098195754,0.0,4.444444444444445,161.58620656748593,0.0,False,2027.8821107318356,3.657673912042254,1623,2023-05-14,0.05429899469300884,0.25116577595953293,2.704
342,5,152,52.71523061108731,5082.590960349678,4828.461412332198,4841.741166837561,0.9972572357654474,13.279754505362087,0.010917604203369888,0.16670250182173765,0.9883250622564429,0.0,0.0,0.0,0.0,False,1233.1381304681877,1.6705815162818196,1440,2023-03-13,0.05402749971954379,0.31588809785375827,2.748
343,5,188,563.7597124184822,6501.963082734051,6176.864928597348,6194.423810225226,0.9971653728957174,17.55888162787774,0.09126955485272391,0.1682850445431952,0.9742854424632075,0.0,0.0,0.0,0.0,False,1613.963850850745,2.3457915336323776,1440,2023-05-01,0.053757362220946084,0.3921810445664433,2.788
344,5,263,821.9636729559262,9432.963142330305,8961.314985213838,9024.459384919943,0.9930029714786438,63.14439970610441,0.0917235555621207,0.2064168335090946,0.9582734550424515,0.0,0.0,0.0,0.0,False,1321.547859459712,3.2581459955848624,1440,2023-06-24,0.053488575409841345,0.45131955572222504,2.8
345,5,185,613.5424957071821,6478.764098775412,6154.825893836654,6189.679437233515,0.994369087486631,34.853543396861674,0.09968478496224789,0.20715787968589866,0.9729171291616273,0.0,0.0,0.0,0.0,False,1115.0659444756002,2.5704077628576245,1440,2023-09-04,0.05322113253279214,0.41441958724641703,2.667
346,5,267,237.46453737925694,9864.763803749285,9371.525613561764,9445.329679687293,0.9921861842171323,73.8040661255298,0.025338941296347332,0.21488145736721412,0.9613986183905315,0.0,0.0,0.0,0.0,False,1853.6774395148846,2.8238857976287584,1440,2023-12-09,0.05295502687012817,0.3829114168925067,2.677
347,5,244,1110.7223538687458,8269.759495872186,7856.271521078588,7872.679582302615,0.9979158225541261,16.408061224027247,0.1413803419202923,0.17759363757199434,0.9630803088626101,0.0,0.0,0.0,0.0,False,1936.915412109984,2.7372222427140427,1440,2023-02-12,0.05269025173577754,0.33996893684212376,2.608
348,5,216,701.9354028009421,7612.527359016848,7231.90099106596,7260.459443600139,0.9960665777756871,28.558452534178187,0.0970609807391015,0.19751143049160405,0.9667748420776258,0.0,0.0,0.0,0.0,False,1738.9617579303444,2.348758278237613,1440,2023-05-08,0.05242680047709865,0.38876847447270113,2.573
349,5,168,189.50276060295548,6192.919159864057,5883.27320187086,5904.2413074135775,0.9964486367594108,20.968105542717225,0.03221043016372149,0.19428011859521038,0.9752512964792798,0.0,0.0,0.0,0.0,False,1404.909184671229,2.1366649254318517,1440,2023-01-29,0.05216466647471316,0.38411338862944155,2.588
350,5,262,136.75662230298724,8866.785188674392,8423.44592924068,8471.528250728818,0.9943242446858391,48.08232148813871,0.016235234778234634,0.20302219939490831,0.9663605639567514,0.0,0.0,0.0,0.0,False,1697.4340527377713,2.2577098751568143,1440,2023-11-18,0.0519038431423396,0.38778420019713933,2.666
351,5,186,630.2434564783902,6343.787059042246,6026.597706090119,6070.062779957154,0.9928394358604407,43.46507386703525,0.1045769913995593,0.2057689731049609,0.9838494681849643,0.0,0.0,0.0,0.0,False,1362.7340770106891,1.899754099508857,1440,2023-11-26,0.0516443239266279,0.37133716172221676,2.582
352,5,287,899.9200971461622,10486.01818030739,9961.717271291978,9977.109194697132,0.9984572762405634,15.39192340515123,0.09033784764596593,0.16637542496479063,0.9510010130853114,0.0,3.0555555555555554,36.26048144501156,0.0,False,2280.263968522315,3.093262878716125,1518,2023-03-26,0.05138610230699475,0.35184818012491503,2.652
353,5,175,821.5439881418506,6329.98364878346,6013.48446634429,6064.914843878882,0.9915200165445853,51.430377534590576,0.13661696354913552,0.228496838705641,0.9963043305112967,0.0,0.0,0.0,0.0,False,836.9984667238738,1.3497442140694873,1440,2023-02-23,0.05112917179545978,0.4246040295072086,2.599
354,5,137,490.6664520146659,5193.122406179472,4933.466285870505,4967.973760178576,0.9930540143781212,34.507474308072425,0.09945673560594491,0.1768416063695884,0.9690872807581773,0.0,0.0,0.0,0.0,False,1319.22137582684,2.5529247538926425,1440,2023-09-04,0.05087352593648248,0.3447167568478907,2.691
355,5,245,709.2496812007615,9220.96930745504,8759.920842082334,8802.379168081407,0.995176494310421,42.45832599907296,0.08096530710569351,0.19966071426243862,0.964442733971483,0.0,0.0,0.0,0.0,False,1693.9571211184573,3.0231726399967758,1440,2023-05-22,0.05061915830680006,0.39560636954127265,2.915
356,5,189,908.7037385014052,6983.0928386360865,6633.938196704266,6671.021719075225,0.9944411030374971,37.08352237095794,0.13697802294161382,0.19758717792234143,0.9812568291872923,0.0,0.0,0.0,0.0,False,1357.9933846366148,1.8460756917067302,1440,2023-03-02,0.05036606251526607,0.38613298661858575,2.651
357,5,133,668.8480926720049,4754.77139185526,4517.032822262485,4537.520597741253,0.9954848082697482,20.487775478768082,0.14807244467552777,0.18921922381822115,0.996583119274548,0.0,0.0,0.0,0.0,False,984.0261844548195,1.3483504196339187,1440,2023-01-20,0.050114232202689735,0.383236701332533,2.654
358,5,268,786.1372773960954,9391.324839904571,8921.758597909298,8975.650165090814,0.9939958035139207,53.891567181513125,0.0881146097788744,0.18517225472067494,0.9510004920374773,0.0,1.1805555555555556,46.087975950938834,0.0,False,1293.853257156603,3.7030878948061163,1494,2023-06-24,0.05,0.3998682109418444,2.736
359,5,188,424.03983531928753,6615.763086008648,6284.974931708246,6298.495237648868,0.9978534069757161,13.520305940622174,0.06746881887785576,0.17477399562965482,0.9510889942786809,0.0,0.0,0.0,0.0,False,1494.8067053084092,3.5900049962534335,1440,2023-08-08,0.05,0.42281813790786127,2.71
360,5,288,967.8595344305273,10012.620715287027,9511.989679522681,9542.982790409598,0.9967522616809009,30.99311088691765,0.10175153327953308,0.1856400565687663,0.9510011637615494,0.0,11.11111111111111,1105.299320375855,0.0,False,2327.2115994807145,4.349287403340243,1727,2023-08-31,0.05,0.46531554969943645,2.714
361,5,300,1193.5553656345896,10494.478057885457,9969.754154991266,9987.354295664834,0.9982377574528213,17.600140673569065,0.1197176326596827,0.18224666840527565,0.9510021957309229,0.0,3.0555555555555554,30.844177144454193,0.0,False,2350.5527056208475,3.114245410777296,1527,2023-04-13,0.05,0.476126142238213,2.794
362,5,279,968.9363841827856,10276.608521593356,9762.77809551372,9810.79243842954,0.9951059669015375,48.01434291581891,0.09924801882243334,0.1819203508995568,0.9510031735573734,0.0,4.375,464.8852173502167,0.0,False,2455.6386108398438,4.137148110759138,1536,2023-09-15,0.05,0.49312773680864985,2.63
363,5,236,766.6254842667091,8311.762050454185,7896.173947931451,7941.624165905974,0.9942769618625816,45.45021797452296,0.09708822137429493,0.18605692565799928,0.9586890917305011,0.0,0.0,0.0,0.0,False,1523.1858906149625,3.1805913585700436,1440,2023-07-08,0.05,0.508350893432603,2.664
364,5,163,668.5937982829258,5793.974134849138,5504.2754281067055,5519.437107812656,0.997253038777362,15.161679705950693,0.12146808549384323,0.17049417158368196,0.9546487939198051,0.0,0.0,0.0,0.0,False,1239.461778271269,3.5110387265750513,1440,2023-08-23,0.05,0.5121261079802921,2.624
365,5,206,220.2268139718863,7322.939450503417,6956.792477978219,6975.156387102522,0.9973672405168923,18.363909124303486,0.0316563724832983,0.16877604686839792,0.9752957712984879,0.0,0.0,0.0,0.0,False,1651.4175733290822,2.1952946922709056,1440,2023-11-23,0.05,0.5508596300027574,2.619
366,5,271,1034.7857964747432,9637.208249948562,9155.347837451165,9190.788294741413,0.9961439153907478,35.44045729024738,0.11302528476764308,0.18582580864498402,0.9626875006515668,0.0,0.0,0.0,0.0,False,1968.6351077181553,2.634229132788718,1440,2023-10-11,0.05,0.5871875196509345,2.838
367,5,172,596.6540963663576,6039.693123015744,5737.708466864944,5758.936540976998,0.9963138899064075,21.22807411205349,0.10398822104887573,0.18261775820111245,0.9543271756607867,0.0,0.0,0.0,0.0,False,1451.877251356611,3.591083104326569,1440,2023-08-29,0.05,0.5794490650287377,2.638
368,5,247,737.6403901426854,8672.567986226455,8238.939586915123,8256.972132050676,0.9978160825969659,18.03254513555161,0.08953098664713932,0.17709039274299557,0.9636802007352602,0.0,0.0,0.0,0.0,False,1949.3081706990652,2.8577315944029684,1440,2023-10-08,0.05,0.5811851243974421,2.608
369,5,124,469.51783109413174,4712.201030588941,4476.590979059485,4499.59146940393,0.9948883158613748,23.00049034444617,0.10488289711756861,0.20248103948600737,0.9946068309533181,0.0,0.0,0.0,0.0,False,889.384301471006,1.4346899295640552,1440,2023-11-21,0.05,0.5958796562631129,2.658
370,5,249,668.1307813241475,9097.109445038748,8642.253972786832,8682.582924276323,0.9953551895972416,40.32895148949176,0.0773097832380293,0.1739145161581491,0.9835167777248377,0.0,0.0,0.0,0.0,False,1575.8944254971436,1.9991916882152547,1440,2023-04-09,0.05,0.5516518069467233,2.651
371,5,284,926.3452921102953,9742.62264294509,9255.49151079786,9287.822187849,0.9965190249773044,32.33067705113862,0.10008601823356227,0.19529682669180015,0.9510000112142802,0.0,6.458333333333333,189.03989961057337,0.0,False,2116.298997864433,3.4681788683625063,1572,2023-08-15,0.05,0.5804201530069923,2.587
372,5,134,462.2174545161682,5082.002907423984,4827.902762052758,4843.011129935852,0.9968803772120807,15.108367883095386,0.09573876635403479,0.18463447914006012,0.9810838251931515,0.0,0.0,0.0,0.0,False,1017.2353084705484,2.3087872133665215,1440,2023-05-09,0.05,0.5566289053465852,2.583
373,5,286,998.3002555959883,10238.91516879058,9726.969410351106,9740.670968841096,0.998593366049031,13.701558489989958,0.10263219852769677,0.158115509739725,0.962061998144237,0.0,0.0,0.0,0.0,False,2144.5167526789382,2.6015651973025773,1440,2023-11-21,0.05,0.5618213478750846,2.691
374,5,135,659.5103055638906,4618.372666465367,4387.454033142092,4404.473274127451,0.9961359191153838,17.019240985358948,0.1503173140007987,0.18428543603190192,0.9927488652726116,0.0,0.0,0.0,0.0,False,977.861660871604,1.4538227079635035,1440,2023-02-05,0.05,0.6264112590916351,2.539
375,5,297,864.6459272272167,10955.223222559782,10407.46206143175,10457.725349319673,0.9951936691575867,50.26328788792156,0.0830794214884957,0.20054690572546072,0.9510001135667256,0.0,3.0555555555555554,67.9888683407989,0.0,False,2161.006123102736,3.301687858753721,1518,2023-05-30,0.05,0.6212950784204911,2.686
376,5,206,683.464527353132,7167.7898228886925,6809.400331744254,6843.868350839941,0.9949636642131702,34.46801909568697,0.10037073663696021,0.1889132349416166,0.9583842766910562,0.0,0.0,0.0,0.0,False,1624.3866738841762,3.216586427168109,1440,2023-07-06,0.05,0.5813995552714736,2.684
377,5,206,252.7268582700012,6951.697402221629,6604.112532110548,6638.946024413323,0.9947531592854224,34.83349230277405,0.03826810294966832,0.19516978733051168,0.9803021550546888,0.0,0.0,0.0,0.0,False,1508.6641958382374,2.0799061897294,1440,2023-03-12,0.05,0.5756315507296359,2.76
378,5,135,483.98216600602836,5075.384205305641,4821.614995040354,4836.535797057191,0.9969149815812558,14.920802016837994,0.10037760511858905,0.18446973290768182,0.9698350511437679,0.0,0.0,0.0,0.0,False,945.687422086213,2.7920569128182073,1440,2023-08-11,0.05,0.5574942424740708,2.724
379,5,227,871.731602530757,8070.244555735578,7666.732327948803,7723.475379945167,0.9926531711172791,56.74305199636592,0.11370314825690342,0.22188703346182592,0.976027186342996,0.0,0.0,0.0,0.0,False,1486.7732558626285,2.320038741430752,1440,2023-10-12,0.05,0.5673010289544604,2.688
380,5,158,354.18853218381906,5382.279068640981,5113.16511520892,5146.473926743606,0.9935278382813527,33.30881153468529,0.06926991876915893,0.20242154254082306,0.9873432553383812,0.0,0.0,0.0,0.0,False,1154.6495838390986,1.6244570695271345,1440,2023-12-26,0.05,0.4917340452465638,2.795
381,5,172,529.6758428563638,6206.650840905681,5896.318298860444,5918.308097066933,0.9962844451748993,21.98979820648873,0.08983162305853332,0.1913247036600895,0.9781097849295565,0.0,0.0,0.0,0.0,False,1358.7803803250126,2.084858649054107,1440,2023-03-26,0.05,0.47398346117941165,2.678
382,5,136,539.1051625950483,4690.436939027402,4455.915092076048,4464.765014488046,0.9980178301918957,8.8499224119987,0.12098640828092504,0.17498503562663026,0.994601680619389,0.0,0.0,0.0,0.0,False,1005.9405092845527,1.4542352023214002,1440,2023-03-07,0.05,0.4846298042802993,2.657
383,5,269,1012.8346457932294,10198.361511726729,9688.443436140431,9751.485047725404,0.9935351783573029,63.041611584973076,0.1045404922337773,0.20792170142107091,0.9747075817221528,0.0,0.0,0.0,0.0,False,1661.9845430586759,2.128481214055451,1440,2023-12-02,0.05,0.5303448966532882,2.734
384,5,140,650.6967338966792,5108.209829559072,4852.79933808114,4878.764131849339,0.9946779977333406,25.964793768197595,0.1340868823465454,0.19124848445703488,0.98177357809408,0.0,0.0,0.0,0.0,False,1307.0395632386208,1.8113650101730696,1440,2023-02-26,0.05,0.4940602207328563,2.626
385,5,225,175.23719880494104,8019.279049480935,7618.315097006923,7650.333926658142,0.9958147147617116,32.01882965121916,0.023002093845368523,0.20197704109115258,0.9624326742775918,0.0,0.0,0.0,0.0,False,1820.4097515876847,2.6591102605494843,1440,2023-10-14,0.05,0.5021511330945384,2.686
386,5,223,250.9597130116076,8032.265865085003,7630.652571830753,7663.644781439101,0.9956949714464515,32.99220960834786,0.032888368412689654,0.20202179535000667,0.9697018736353684,0.0,0.0,0.0,0.0,False,1727.022035027424,2.3552523182532377,1440,2023-01-04,0.05,0.4849221863342675,2.678
387,5,173,523.0836325125788,5777.855897535387,5488.963102658608,5520.148727617443,0.9943505824756472,31.18562495883596,0.0952973490128255,0.20958933213874573,0.9879237813316112,0.0,0.0,0.0,0.0,False,1095.5830266045682,1.905514418669187,1440,2023-05-01,0.05,0.47093947978907147,2.668
388,5,136,154.656301836178,4927.594577588659,4681.214848709237,4726.558414321793,0.9904066422885706,45.343565612555764,0.03303764232885439,0.2170580084551544,0.965813798025813,0.0,0.0,0.0,0.0,False,928.7713723361911,2.9205857978408907,1440,2023-08-06,0.05,0.4426252670107514,2.675
389,5,173,749.6019722707883,5841.739249429234,5549.652286957767,5605.961652285827,0.9899554494267544,56.30936532805982,0.13507188081538501,0.20447791266286824,0.9904604379722443,0.0,0.0,0.0,0.0,False,1153.1545001671197,1.6250226806741341,1440,2023-02-23,0.05,0.40268990846923847,2.614
390,5,167,628.9070401223781,6122.568337800728,5816.439920910692,5898.738941959546,0.986048031306584,82.29902104885224,0.10812576914297584,0.2409650195259631,0.9652951149749237,0.0,0.0,0.0,0.0,False,1271.0868884266517,2.8744868137926014,1440,2023-08-16,0.05,0.3981939367459143,2.586
391,5,184,769.0740271507876,6951.815310055137,6604.224544552366,6625.722625101611,0.9967553606201686,21.498080549245326,0.1164518289713778,0.19727334070140826,0.9782074202648132,0.0,0.0,0.0,0.0,False,1501.5741903103935,2.0571123755945018,1440,2023-11-29,0.05,0.31227727329214816,2.517
392,5,208,431.03864653532224,7808.1818370939245,7417.772745239206,7447.650612962716,0.9959882828456659,29.8778677235102,0.05810890429502127,0.19013006130722962,0.9732824465931995,0.0,0.0,0.0,0.0,False,1699.705391228199,2.381244195159819,1440,2023-12-17,0.05,0.33980196890808545,2.605
393,5,241,811.8079195198396,8872.950706132386,8429.30317082578,8493.088728443849,0.9924897102034921,63.78555761806842,0.09630783269601045,0.2383384550244312,0.9765456194407374,0.0,0.0,0.0,0.0,False,1571.7935713487734,2.248498597762845,1440,2023-12-11,0.05,0.37803043700266675,2.585
394,5,282,741.7174595121794,9683.025539129585,9198.874262173144,9242.992578872707,0.9952268362953782,44.118316699563124,0.08063132926625698,0.18393202413575505,0.9510094061293932,0.0,1.1805555555555556,32.428070785438834,0.0,False,1450.935684337949,3.655402433197177,1489,2023-05-13,0.05,0.30063782254926685,2.613
395,5,259,970.798144997903,9359.764844031055,8891.776601829488,8978.217348951006,0.9903721703583376,86.44074712151794,0.10917932247624854,0.22256296780189128,0.9700123831416033,0.0,0.0,0.0,0.0,False,1456.0251053019715,2.2608571085378433,1440,2023-09-10,0.05,0.35922127773484663,2.597
396,5,271,1027.8701623650384,9764.250291544811,9276.037776967562,9397.932126624106,0.9870296626944963,121.89434965654414,0.11080918244180119,0.2450551144058392,0.9682915824023268,0.0,0.0,0.0,0.0,False,1592.375227345168,2.721573759192312,1440,2023-05-02,0.05,0.31997181742771624,2.59
397,5,138,462.65807175585905,4654.069174247851,4421.365715535454,4478.228212796152,0.9873024565612315,56.86249726069722,0.10464143921191743,0.24404679686086425,0.9998900202631614,0.0,0.0,0.0,0.0,False,709.9716373567669,1.2618181413835954,1440,2023-12-02,0.05,0.23683677093303457,2.621
398,5,259,332.0049232330253,8964.380925024623,8516.161878773375,8602.312184375754,0.9899852151658884,86.15030560237831,0.038985276226436126,0.25881367360038515,0.9696388889650959,0.0,0.0,0.0,0.0,False,1444.9240054181237,2.162411296231107,1440,2023-01-11,0.05,0.17034469249319087,2.564
399,5,288,1264.3018345162636,10793.993779501523,10254.29409052643,10312.743472383192,0.9943323149641716,58.449381856762834,0.12329486782364729,0.23010209321608516,0.9510208603208239,0.0,11.527777777777779,1301.3157615336804,0.0,False,2137.0904469556517,4.215733973240367,1653,2023-08-22,0.05,0.08172321723435061,2.609
400,5,252,710.6659582617699,8429.361571925878,8007.893493329557,8089.344128700774,0.9899311199925057,81.45063537121656,0.0887456806029879,0.22981849641404367,0.9510061244288369,0.0,2.0833333333333335,68.576936574709,0.0,False,1988.3023674128603,3.05112219580624,1506,2023-09-28,0.05,0.07248640921193428,3.01
401,5,256,1191.3992109371386,9122.060302365726,8665.957287247438,8761.320131082117,0.989115470909873,95.36284383468046,0.1374803926959536,0.2283051217419516,0.9852663184521993,0.0,0.0,0.0,0.0,False,1215.0852746070789,1.813821957784933,1440,2023-02-04,0.05,0.06422995093779016,2.643
402,5,149,703.7179075669032,5354.670968820352,5086.937420379331,5126.327155982613,0.9923161877100817,39.38973560328062,0.13833822778075913,0.219614990649685,0.9939462948905817,0.0,0.0,0.0,0.0,False,943.4984380302311,1.4716146107142345,1440,2023-02-28,0.05,0.059538952509979925,2.629
403,5,265,935.9219024666305,9354.642527886257,8886.91040149199,8938.432467739107,0.9942358946679889,51.52206624711526,0.1053146549457168,0.20754478081241434,0.9555870291701418,0.0,0.0,0.0,0.0,False,2281.1735046906206,2.9832817628394963,1440,2023-04-18,0.05,0.07392369263823395,2.734
404,5,224,533.8237920602696,7825.126455687043,7433.870132902676,7509.3104882584685,0.9899537573424684,75.44035535579377,0.07180967416925124,0.21801637313165434,0.9862380897866945,0.0,0.0,0.0,0.0,False,1360.6992638272723,1.8445276612504684,1440,2023-10-31,0.05,0.1116087073422119,2.707
405,5,155,471.05568652887564,5342.191293756048,5075.081729068228,5098.292240482711,0.9954473948687795,23.21051141448222,0.09281735973449244,0.1868012132205673,0.9822001643299739,0.0,0.0,0.0,0.0,False,1227.316326477227,1.9330902655910933,1440,2023-05-01,0.05,0.11781839734648358,2.618
406,5,279,833.0220147196329,10036.64143858042,9534.809366651367,9591.031118464009,0.9941380909812285,56.221751812641166,0.08736640478971537,0.20807656858201937,0.9510002407237186,0.0,1.0416666666666667,26.69447461731548,0.0,False,1914.2967848975568,2.964144256699908,1457,2023-05-21,0.05,0.19211944049326404,2.763
407,5,145,322.66518669095103,5102.585748662118,4847.456461229007,4882.469745899016,0.9928287759080499,35.01328467000893,0.06656381326406872,0.2150913034255922,0.9896881541974425,0.0,0.0,0.0,0.0,False,1115.071092867217,1.708079308315911,1440,2023-12-26,0.05,0.20435066478639297,2.613
408,5,171,621.0236733828908,6128.34907241657,5821.931618795761,5876.70881364685,0.9906789332961528,54.77719485108872,0.10666969556597894,0.24031222313818107,0.9555681236405786,0.0,0.0,0.0,0.0,False,1366.2633168511375,3.282183612330656,1440,2023-08-17,0.05,0.1979486623937562,2.663
409,5,252,759.6240392814277,9064.71854979697,8611.482622307143,8706.736986342748,0.9890596943280795,95.25436403560676,0.08821059887105866,0.24420282440563104,0.9510012541210516,0.0,3.75,130.30110918836843,0.0,False,1698.9722039501512,3.5238046825687093,1506,2023-07-13,0.05,0.1353254259550422,2.601
410,5,162,463.14113989284476,6066.471824387107,5763.148233167718,5792.604932341167,0.9949147750420563,29.456699173450446,0.0803625242931291,0.20313572801870194,0.9902049254453456,0.0,0.0,0.0,0.0,False,1373.06044029645,1.7739455529949115,1440,2023-02-17,0.05,0.07445737279539957,2.777
411,5,289,951.2087694044219,11008.883328462063,10458.439162038954,10505.217954981117,0.9955470897279212,46.778792942163626,0.0909513125875445,0.19250716372967047,0.9561040195568558,0.0,0.0,0.0,0.0,False,2206.555341010315,3.1429875904762468,1440,2023-05-24,0.05,0.11595375591799431,2.799
412,5,135,422.38457992227313,4550.09983367951,4322.594841995516,4353.4718559699795,0.9929074965921459,30.877013974464464,0.09771551472246709,0.21598313944391248,0.9639322285603187,0.0,0.0,0.0,0.0,False,1034.9070059921446,3.033675178756141,1440,2023-06-25,0.05,0.17290834566545585,2.643
413,5,182,734.1832316050746,6845.700657212441,6503.41562435183,6558.062860377302,0.9916671680054119,54.64723602547224,0.11289194386653519,0.22360990659298527,0.9864624623188432,0.0,0.0,0.0,0.0,False,1085.067690916055,2.078324439429338,1440,2023-03-17,0.05,0.16602571391989704,2.738
414,5,258,1112.6434474624527,9444.14598996663,8971.938690468287,9023.52063544972,0.9942836120107279,51.58194498143204,0.12401371496714705,0.22256951679592588,0.9647306331109144,0.0,0.0,0.0,0.0,False,2124.6215347125017,2.7391075059375503,1440,2023-03-08,0.05,0.14256022546584057,2.75
415,5,138,407.3531317891689,4766.7634493490405,4528.4252768815595,4569.636085836948,0.9909815993699987,41.210808955388565,0.0899546987931503,0.20905835231530598,0.9623580246562002,0.0,0.0,0.0,0.0,False,1005.3716475573932,3.1269783987353965,1440,2023-07-11,0.05,0.12494821641632978,2.776
416,5,185,615.8303790335913,6352.957057350705,6035.309204483143,6077.388326494386,0.993076117609961,42.07912201124328,0.10203791689349416,0.20679243220526125,0.9899346952863294,0.0,0.0,0.0,0.0,False,1290.141073023824,1.6957781120119362,1440,2023-02-16,0.05,0.14013025341831967,2.72
417,5,179,188.4879312369705,6204.189007860593,5893.979557467531,5933.995863160864,0.9932564318182693,40.01630569333366,0.03197973956291735,0.21897169435364913,0.9886872437455194,0.0,0.0,0.0,0.0,False,803.3568640083248,1.9166527477008013,1440,2023-05-20,0.05,0.15692128565174687,2.675
418,5,237,40.66655423200341,8599.674846735326,8169.691104398582,8209.986098590747,0.995091953420106,40.29499419216545,0.004977734618400498,0.20265112814036476,0.9682099557352325,0.0,0.0,0.0,0.0,False,2016.5666142411628,2.502884718871856,1440,2023-10-28,0.05,0.14261114999435287,2.615
419,5,271,974.3732151325088,9807.359354325814,9316.991386609512,9369.345718339266,0.9944121677965968,52.354331729753575,0.10458024212975975,0.1987205915595195,0.9653050833159474,0.0,0.0,0.0,0.0,False,1984.3080075325315,2.632691089314862,1440,2023-03-11,0.05,0.16693573073064505,2.689
420,5,147,499.970013714813,5135.761403073036,4878.973332919365,4912.024170698365,0.9932714423564611,33.05083777899987,0.10247443049983893,0.21107939275100326,0.9672988762796618,0.0,0.0,0.0,0.0,False,1042.5845086616637,2.93796054794862,1440,2023-08-10,0.05,0.19510654621956236,2.642
421,5,269,786.3146041712507,9513.284909360627,9037.620663892618,9093.975668830994,0.9938030398375126,56.3550049383737,0.08700460369096473,0.20315984287348493,0.9657093539121832,0.0,0.0,0.0,0.0,False,1728.4237578299173,2.4436956806972687,1440,2023-09-30,0.05,0.18989986635188177,2.752
422,5,238,1252.4807165093662,8785.305454636795,8346.040181904958,8403.700109630761,0.9931387451987103,57.659927725803556,0.15006885771109374,0.21213523740725715,0.9804868030503027,0.0,0.0,0.0,0.0,False,1653.4291797509413,2.0546967501124884,1440,2023-01-20,0.05,0.20299954004460338,2.704
423,5,162,491.3135028543037,5795.68770608625,5505.903320781903,5531.111688497581,0.9954424410253546,25.208367715678385,0.08923395022209206,0.20514336974946523,0.9848088786079998,0.0,0.0,0.0,0.0,False,1173.2273744740928,1.7355031751845273,1440,2023-05-04,0.05,0.19312664915411892,2.617
424,5,206,1105.9410333834576,7334.278136914951,6967.564230069163,6994.081175018686,0.9962086592525927,26.516944949523808,0.15872706685797994,0.20009189219056547,0.968592693076053,0.0,0.0,0.0,0.0,False,1741.2205038321847,2.3488053694450257,1440,2023-01-24,0.05,0.20035327680140036,2.581
425,5,148,497.9516976638582,5242.3669625947205,4980.248614465016,4998.181542409395,0.9964121095257907,17.932927944379234,0.09998530921078301,0.17208230714261843,0.9877697469381083,0.0,0.0,0.0,0.0,False,1118.554821868406,1.9311491498090039,1440,2023-05-05,0.05,0.21724323493927672,2.75
426,5,163,499.47276868209417,5755.089741520702,5467.3352544446825,5514.962361923432,0.9913640194885865,47.62710747874898,0.09135579682552787,0.2160501813642278,0.963816206655035,0.0,0.0,0.0,0.0,False,1262.7862052219693,3.0357681459220123,1440,2023-07-24,0.05,0.29377217319793036,2.701
427,5,209,484.69139582587843,7475.874626840246,7102.080895498222,7130.291832695907,0.9960435087567772,28.21093719768446,0.06824639186144846,0.17833204844655978,0.9835791553749278,0.0,0.0,0.0,0.0,False,1439.8504164659485,2.056187111721451,1440,2023-12-26,0.05,0.2574634914491013,2.699
428,5,237,796.266034462522,8442.25068186383,8020.138147770664,8055.331701622254,0.9956310236306591,35.19355385158973,0.09928333150768207,0.1960051938712978,0.9510169819864286,0.0,1.0416666666666667,44.610490389361956,0.0,False,1869.486322456621,3.5239738266743865,1485,2023-06-25,0.05,0.31247983604657964,2.629
429,5,178,689.8603470994133,6125.806370585606,5819.516052056318,5840.400347198147,0.9964241671973997,20.884295141829405,0.11854256280565668,0.17750155273533277,0.9873476551118753,0.0,0.0,0.0,0.0,False,1116.39600306095,1.6682750172272987,1440,2023-02-25,0.05,0.3178117320965738,2.587
430,5,248,1061.1551179053954,9166.611160705814,8708.280602670498,8742.13293323434,0.9961276806447147,33.85233056384148,0.12185587101775057,0.17698565033517008,0.9860478317304409,0.0,0.0,0.0,0.0,False,1564.7454083588004,2.130276204065555,1440,2023-02-25,0.05,0.3639101817989256,2.65
431,5,273,913.8286126619163,9450.590800233012,8978.061260221346,8986.6449838792,0.9990448355673055,8.583723657853447,0.10178462656640268,0.15047064340823904,0.9723110376717566,0.0,0.0,0.0,0.0,False,1912.485606153334,2.4001380324677495,1440,2023-12-05,0.05,0.40307464432440643,2.688
432,5,143,486.8249149516283,5111.126895059062,4855.570550306093,4885.311322765124,0.993912205283532,29.740772459031497,0.10026111450917732,0.2059073293940858,0.9518670644173202,0.0,0.0,0.0,0.0,False,720.3323224782944,3.543409379943383,1440,2023-09-02,0.05,0.4952156974136274,2.627
433,5,204,201.5296862984057,7589.556190710651,7210.078381175092,7246.33372144634,0.9949967332909404,36.25534027124837,0.027951108940033546,0.18149855858471786,0.9873722541568394,0.0,0.0,0.0,0.0,False,1267.8500118785066,1.776765045596913,1440,2023-11-03,0.05,0.44667246424643714,2.805
434,5,121,-0.9479041604914018,4220.071767696964,4009.068179312118,4020.0321602519343,0.9972726633761235,10.96398093981571,-0.00023644001999837395,0.14351645974159008,0.9940568483725142,0.0,0.0,0.0,0.0,False,915.7574197446288,1.412421673418009,1440,2023-12-25,0.05,0.46246224556405835,2.588
435,5,161,660.4469567026624,6010.618198518553,5710.087288592613,5733.291575888745,0.9959527111103651,23.204287296131938,0.11566319800786186,0.18675917683381157,0.975970329388108,0.0,0.0,0.0,0.0,False,1199.501692796106,2.3241086350337774,1440,2023-10-11,0.05,0.561478865085957,2.621
436,5,187,625.4657911420655,6508.835292599025,6183.393527969073,6194.825727532638,0.9981545567112963,11.43219956356569,0.10115251250190102,0.14490401373683137,0.9734595652125242,0.0,0.0,0.0,0.0,False,1515.533656790982,1.9853613698557102,1440,2023-12-05,0.05,0.546220224258898,2.62
437,5,197,34.968401873089874,6909.980820636171,6564.481779604335,6592.6013413745,0.9957346788749852,28.11956177016484,0.005326909731356973,0.17152119664116747,0.9638950444115626,0.0,0.0,0.0,0.0,False,796.9478509764286,3.058166033777943,1440,2023-07-15,0.05,0.6288494697237659,2.702
438,5,173,589.5116099258076,5901.63995553125,5606.557957754701,5622.533848937335,0.9971585958196315,15.975891182634596,0.10514679672764742,0.15437915142274022,0.9794496115858561,0.0,0.0,0.0,0.0,False,1514.2579474676972,1.9222974468818346,1440,2023-04-26,0.05,0.6378190038740622,2.627
439,5,160,534.1371429037804,5368.9957085986225,5100.545923168667,5125.09098320016,0.9952108050155695,24.54506003149332,0.1047215633286471,0.18252409335028444,0.9516212700769096,0.0,0.0,0.0,0.0,False,975.2060570970642,3.6554489005120914,1440,2023-09-01,0.05,0.6849881731037022,2.755
440,5,140,238.85235582782573,4901.345172539027,4656.277913912087,4684.503036728223,0.9939747882337056,28.225122816137077,0.051296842723708484,0.18696284809654024,0.9540972049224079,0.0,0.0,0.0,0.0,False,781.6758578960316,3.459272832188029,1440,2023-07-29,0.05,0.6616784315793027,2.728
441,5,247,907.9761659203061,9150.466292813844,8692.94297817309,8714.62142024058,0.9975124057578519,21.67844206748909,0.10444980120082721,0.17669510678773753,0.9510067290733664,0.0,2.5,57.15953321272184,0.0,False,1975.8707089424133,3.6491374207883447,1528,2023-06-22,0.05,0.6339172355131935,2.848
442,5,248,649.6310881262134,8825.059533793652,8383.806557103879,8394.942187942625,0.9986735309678797,11.135630838746328,0.07748641189433925,0.1686654730252316,0.9510009632186415,0.0,4.166666666666667,103.52418645498614,0.0,False,2061.148602247238,3.3069562627596105,1556,2023-08-01,0.05,0.635462554200285,2.731
443,5,295,1085.4477905286833,10488.290762023624,9963.876223922449,9973.539361671908,0.9990311225133782,9.663137749457622,0.10893830534773327,0.15203978194872703,0.9510006645895681,0.0,4.166666666666667,977.7254576353131,0.0,False,2480.431201696396,4.415217743406242,1620,2023-09-26,0.05,0.6559307297762098,2.811
444,5,173,704.4315736430738,6267.55087468392,5954.173330949729,5969.878848731598,0.9973692066154397,15.70551778187034,0.118308879249693,0.16299569501441682,0.9675797072014694,0.0,0.0,0.0,0.0,False,1528.2054672173185,2.377988114121981,1440,2023-09-11,0.05,0.7112798015078233,2.783
445,5,230,446.9888052908266,7826.368066468732,7435.049663145297,7486.625903904163,0.9931108831373596,51.57624075886658,0.0601191418406389,0.1786742210724276,0.955865779696614,0.0,0.0,0.0,0.0,False,910.1811695585523,3.231288259912901,1440,2023-05-27,0.05,0.7333062653978757,2.618
446,5,134,446.2688505856153,4509.91923881451,4284.423276873792,4301.331709002289,0.9960690239041297,16.908432128496944,0.1041607753824089,0.16977134820675444,0.9523743688213644,0.0,0.0,0.0,0.0,False,1018.4407012086579,3.6117747826988653,1440,2023-09-01,0.05,0.7175009681286725,2.662
447,5,162,565.5493876237038,5791.091777221984,5501.537188360936,5508.857721737445,0.9986711340633063,7.320533376509103,0.10279843037691017,0.15307519483508014,0.9721116348430662,0.0,0.0,0.0,0.0,False,1429.7065171078468,2.127739534076352,1440,2023-07-09,0.05,0.7259544832074531,2.617
448,5,195,642.3540392590585,7003.249336481037,6653.086869656918,6675.426382437836,0.996653470280237,22.339512780918312,0.09654977484040923,0.18898192348700119,0.9510009997099107,0.0,0.9027777777777778,16.654375630288072,0.0,False,1467.8201909869592,3.781629399379925,1475,2023-08-27,0.05,0.7717950729464071,2.686
449,5,266,486.34279557333934,9387.309267474531,8917.943804100789,8936.62763368554,0.9979092975168479,18.683829584751663,0.05453530614867763,0.18541465828979387,0.951005388278273,0.0,1.9444444444444444,46.668195671553384,0.0,False,2093.9598844317993,3.5675191949870073,1496,2023-07-16,0.05,0.7300236455289941,2.632
450,5,295,648.3660142538441,10131.939089459578,9625.342134986595,9670.941884101878,0.9952848699059763,45.599749115281945,0.06736030835695038,0.19007533743907498,0.9614434595182463,0.0,0.0,0.0,0.0,False,2096.816120235082,2.5468262483014037,1440,2023-11-09,0.05,0.70518375411443,2.647
451,5,186,731.8306170736907,6835.701836484358,6493.916744660156,6508.200484224952,0.9978052705045861,14.283739564795708,0.112694795121213,0.16219337519522664,0.9684723199018931,0.0,0.0,0.0,0.0,False,1628.598003605231,2.2738931694494955,1440,2023-02-20,0.05,0.6755545799824065,2.554
452,5,274,641.3184809605594,10123.019035198771,9616.868083438812,9664.992523004772,0.9950207473568745,48.12443956595942,0.06668683353003174,0.18752794643782683,0.9702270306721954,0.0,0.0,0.0,0.0,False,1514.6881371817612,2.6996564185596266,1440,2023-05-19,0.05,0.7150818888534927,2.64
453,5,135,370.1551956492499,4921.390785322404,4675.32124605631,4680.912633628151,0.9988054920034884,5.5913875718401425,0.07917214158523979,0.15104246349136377,0.9806874229545847,0.0,0.0,0.0,0.0,False,1219.2883651256561,1.8829327376490594,1440,2023-09-27,0.05,0.6915912818947498,2.575
454,5,172,574.9291404716317,6152.352255961564,5844.734643163475,5868.272262019911,0.9959890036103516,23.53761885643691,0.09836702187055153,0.19990709860410025,0.9650920623954665,0.0,0.0,0.0,0.0,False,1333.6564831465462,2.999480223121976,1440,2023-08-14,0.05,0.7555147356354062,2.558
455,5,147,591.5492996391088,5615.067460790409,5334.314087750874,5348.798859614741,0.9972919580182326,14.484771863867326,0.11089510102104352,0.18853105313103302,0.9856415179901642,0.0,0.0,0.0,0.0,False,1223.1865393519402,1.8885813470332127,1440,2023-10-09,0.05,0.699155946449706,2.731
456,5,221,228.41126212418524,7918.666183457823,7522.732874284929,7567.698266423249,0.9940582472298314,44.965392138319544,0.030362803776399785,0.17703599342699927,0.972919378920382,0.0,0.0,0.0,0.0,False,1314.0338589836088,2.100055660814742,1440,2023-05-20,0.05,0.6796696624853421,2.648
457,5,187,497.5562947158612,6268.256471159022,5954.84364760105,5988.298907691282,0.994413228096002,33.455260090232215,0.08355488811470393,0.20052501768862763,0.983615262278326,0.0,0.0,0.0,0.0,False,1331.3461213739142,1.9287297027143113,1440,2023-12-08,0.05,0.6905179669913752,2.591
458,5,160,483.8432452892391,5639.373412161427,5357.404741553348,5372.065780268818,0.9972708750571672,14.66103871547105,0.09031299082864358,0.1935445472033207,0.9614158545791689,0.0,0.0,0.0,0.0,False,1300.251160164636,2.998622873578429,1440,2023-06-12,0.05,0.6474945063361881,2.593
459,5,271,961.8770969481499,9721.2768292195,9235.21298775848,9281.442519335997,0.9950191436857786,46.22953157751658,0.1041532120832669,0.17846196282133617,0.9638684615616908,0.0,0.0,0.0,0.0,False,1970.660669097213,2.6371620627101233,1440,2023-03-11,0.05,0.6287555455195474,2.759
460,5,274,1312.1200307553506,9646.073146465571,9163.769489142323,9210.62200795439,0.9949132079492999,46.8525188120657,0.14318562162765155,0.21080627596396073,0.9816289848626358,0.0,0.0,0.0,0.0,False,1671.0907298008233,2.0845689598287582,1440,2023-02-14,0.05,0.6480229643655341,2.647
461,5,161,501.56157074368826,5819.500480799513,5528.525456759563,5542.313441316956,0.9975122329865709,13.787984557393308,0.09072248552829651,0.18308534857659856,0.9773754027515931,0.0,0.0,0.0,0.0,False,1000.6248306078098,2.4532254358890446,1440,2023-07-07,0.05,0.5917390967303513,2.661
462,5,169,704.4542160539013,6043.453215293905,5741.280554529187,5781.31682983622,0.9930748864859967,40.036275307031374,0.12269984184942344,0.19448624318840702,0.9815725353215738,0.0,0.0,0.0,0.0,False,1515.1115783987375,2.1474013563804366,1440,2023-04-08,0.05,0.608543775445572,2.572
463,5,261,271.0912433590833,8925.74577992131,8479.458490925266,8525.249742430236,0.9946287495512223,45.79125150496928,0.031970348536903115,0.19911004210341327,0.9731308926973596,0.0,0.0,0.0,0.0,False,1520.7964492191302,2.314448762316334,1440,2023-05-20,0.05,0.5971812381123496,2.801
464,5,230,363.8308452251496,8293.183266143094,7878.524102835914,7895.7303817837355,0.9978208122471459,17.206278947820795,0.04618007643007487,0.17821979097382087,0.9749295446892503,0.0,0.0,0.0,0.0,False,1866.4130638492747,2.3415514064339993,1440,2023-10-20,0.05,0.5779633485275872,2.769
465,5,134,443.9196620947647,4664.901096243071,4431.656041430908,4453.091614303113,0.995186361582287,21.4355728722047,0.10017015263473165,0.1820008883594738,0.9612255304512187,0.0,0.0,0.0,0.0,False,1075.5004978483566,3.213614312239019,1440,2023-07-06,0.05,0.6096365997961896,2.645
466,5,210,764.5939128303324,7340.815858382137,6973.775065463032,7001.991025831887,0.9959702946969283,28.215960368855324,0.10963845344208364,0.1822125888547226,0.9732469368654858,0.0,0.0,0.0,0.0,False,1613.2500465952426,2.2649073851799373,1440,2023-03-17,0.05,0.6275567421446613,2.751
467,5,271,1545.956712417356,10032.219792700584,9530.608803065632,9542.614095812596,0.9987419282990567,12.005292746965694,0.16220964938987747,0.16920840114924016,0.9638019164773622,0.0,0.0,0.0,0.0,False,2067.49077319531,2.766742691592917,1440,2023-02-07,0.05,0.6423164854911552,2.725
468,5,286,1167.198902951477,10232.99695073909,9721.34710320218,9731.940126924661,0.9989115198424646,10.593023722480083,0.12006555167308093,0.17503977475691657,0.9510001852332345,0.0,4.652777777777778,164.92933907860441,0.0,False,2380.433696049371,3.345617328347222,1553,2023-09-11,0.05,0.6842730730629497,2.639
469,5,249,923.2170254225655,8908.101800712484,8462.696710676879,8480.985140665209,0.997843596034541,18.28842998832916,0.10909253361966732,0.17122590023409406,0.9744869348246797,0.0,0.0,0.0,0.0,False,1754.198332686039,2.330521657371559,1440,2023-11-25,0.05,0.7062573324456514,2.583
470,5,152,539.4720307430136,5283.375193061594,5019.206433408511,5034.432134362345,0.9969756865228331,15.22570095383486,0.1074815387452916,0.1888543702856662,0.9778010858089287,0.0,0.0,0.0,0.0,False,1108.0794760158715,2.428079990166964,1440,2023-05-02,0.05,0.7336739688903176,2.536
471,5,135,483.1668205899794,5006.523270433504,4756.197106911815,4776.207386493701,0.9958104248909979,20.010279581885115,0.10158679502324036,0.19883015277818736,0.9851322388235662,0.0,0.0,0.0,0.0,False,1009.4763846715017,2.1075684034948208,1440,2023-09-09,0.05,0.7173819254183084,2.574
472,5,281,2.62359238023865,9928.562362312101,9432.134244196535,9485.828570470603,0.9943395217534061,53.69432627406833,0.00027815469037168454,0.18439337961848318,0.9595326778827166,0.0,0.0,0.0,0.0,False,1611.7466849816083,3.256045942707063,1440,2023-07-01,0.05,0.6824600615182452,2.62
473,5,127,593.8239728581731,4711.541599801447,4475.964519811389,4481.557931689526,0.9987519045913509,5.593411878136871,0.1326694995525112,0.17768651503738295,0.9968378563254783,0.0,0.0,0.0,0.0,False,964.2136845013458,1.414348573485214,1440,2023-02-23,0.05,0.6870638023686196,2.61
474,5,160,537.8333662535268,5679.998872476406,5395.99892885261,5405.029704652792,0.9983291903479443,9.030775800181921,0.09967262287205275,0.17027908325358582,0.9676625435480348,0.0,0.0,0.0,0.0,False,1347.5185812061848,2.6655895419685898,1440,2023-07-20,0.05,0.7066175713754705,2.61
475,5,165,489.13845481255777,5874.762689274269,5581.024554810552,5591.256187584668,0.9981700654681439,10.23163277411521,0.08764312896472493,0.1679935422758339,0.9793565916901786,0.0,0.0,0.0,0.0,False,1466.5023554856593,2.042270787319028,1440,2023-05-04,0.05,0.7400429823426258,2.583
476,5,208,620.5606224308251,7333.074295238088,6966.420580476194,6983.677331640163,0.9975289879035811,17.25675116396859,0.08907883399546432,0.16861035620756024,0.9603666886468809,0.0,0.0,0.0,0.0,False,1663.7036006080311,3.1339787571254036,1440,2023-05-24,0.05,0.7734118241536123,2.634
477,5,152,237.58094152096604,5574.73392603398,5295.997229732262,5308.391398139973,0.99766517434791,12.394168407710913,0.04486047314888359,0.16390026465934618,0.9895700210260827,0.0,0.0,0.0,0.0,False,1298.1703594041146,1.7581832782934435,1440,2023-10-20,0.05,0.8003193891422258,2.601
478,5,284,765.5997779845084,10160.196008858256,9652.186208415362,9686.162704961458,0.9964922645240418,33.97649654609861,0.07931879487747677,0.17162242448731507,0.9576063676672102,0.0,0.0,0.0,0.0,False,1738.600539740999,3.323021354144968,1440,2023-08-05,0.05,0.8340126293062201,2.83
479,5,237,764.6134465521345,8659.141556852152,8226.18447900953,8257.315007935838,0.996229945339812,31.130528926307058,0.09294873565055248,0.19736559464736458,0.9728667474373055,0.0,0.0,0.0,0.0,False,1903.3990333339782,2.4134442029377494,1440,2023-11-11,0.05,0.8453973485915183,2.564
480,5,178,811.4448779438466,6621.243207236141,6290.181046874326,6307.287025204803,0.9972879023481698,17.10597833047708,0.12900183188639128,0.20701137101573683,0.9815530883787318,0.0,0.0,0.0,0.0,False,1515.7458799884112,1.939999474301928,1440,2023-01-26,0.05,0.7980018699352797,2.717
481,5,205,690.5069886214148,6724.583825320416,6388.354634054419,6426.906798629056,0.9940014433408525,38.552164574636116,0.10808839336196638,0.2151904335697279,0.9635088088932414,0.0,0.0,0.0,0.0,False,1509.7370231457346,2.6364466322781777,1440,2023-09-14,0.05,0.7385142104490829,2.759
482,5,149,91.33026890854774,5303.945021656365,5038.74777057356,5065.09636643142,0.9947980069969677,26.348595857860104,0.018125588552362012,0.18812044064354022,0.9895652569450636,0.0,0.0,0.0,0.0,False,1176.8464394880757,1.6242076893118742,1440,2023-11-01,0.05,0.672170623562859,2.697
483,5,223,798.9338833199594,8044.254421063313,7642.041700010097,7678.7905223378375,0.9952142434123138,36.74882232774046,0.10454455951462602,0.19256262955375478,0.9675100592461523,0.0,0.0,0.0,0.0,False,2024.6654766893269,2.5317650933728224,1440,2023-10-24,0.05,0.6792437164593155,2.57
484,5,276,975.0456122571869,9846.757913482576,9354.42001780837,9410.414312683417,0.994049752432305,55.99429487504691,0.10423367888131546,0.21510487084842636,0.96139091098829,0.0,0.0,0.0,0.0,False,1953.154436197974,2.62142792940695,1440,2023-03-11,0.05,0.675501243696321,2.638
485,5,171,909.6425171223028,6229.2400377166605,5917.778035830819,5957.888670116554,0.9932676428670242,40.1106342857349,0.15371352416643905,0.21956569030565543,0.9920690101119299,0.0,0.0,0.0,0.0,False,1246.3026835398214,1.7467312755257343,1440,2023-02-05,0.05,0.6221590910952266,2.55
486,5,210,748.1009842889687,7656.898681765626,7274.05374767735,7306.020234167938,0.9956246375638147,31.966486490588444,0.10284512738551621,0.18472125457206703,0.9510826555091314,0.0,0.20833333333333334,2.7858801276555822,0.0,False,1379.812526879779,3.6369390037712956,1446,2023-08-26,0.05,0.5686932816931642,2.588
487,5,297,929.201148136485,10630.469903145211,10098.946407987885,10134.730095707146,0.9964692017072643,35.78368771925942,0.09200971176572657,0.20756834806295318,0.9510067141682997,0.0,0.4166666666666667,0.698133165778569,0.0,False,2470.8618025779724,3.0323500865396964,1452,2023-11-11,0.05,0.6033423300568056,2.58
488,5,202,971.5830084922385,7228.636663154604,6867.204829996869,6898.161623421751,0.9955123125384926,30.956793424881425,0.14148158276104333,0.1941510261302228,0.9753534168488727,0.0,0.0,0.0,0.0,False,1754.9027086172055,2.2403862242436974,1440,2023-02-14,0.05,0.5804195456646215,2.603
489,5,138,566.764027299181,4964.35369451207,4716.136009786476,4727.846219695148,0.9975231406935595,11.710209908670478,0.12017550514299974,0.19116309818878352,0.9848514372324048,0.0,0.0,0.0,0.0,False,1342.157746325904,1.8952001102347102,1440,2023-04-16,0.05,0.5918918750963699,2.819
490,5,181,542.3611824601774,6715.866969273471,6380.0736208098,6413.374820189337,0.9948075388834745,33.301199379537174,0.08500860878645118,0.21112181729464188,0.9809522063852059,0.0,0.0,0.0,0.0,False,1287.9810607325608,2.304120101316337,1440,2023-09-30,0.05,0.6080850252034958,2.6
491,5,239,833.3279460876784,8819.278677229107,8378.314743367717,8412.245314400912,0.9959665262049467,33.93057103319401,0.09946247802964692,0.22202311467336924,0.9510005417875499,0.0,2.0833333333333335,105.1027815189153,0.0,False,1951.7668481243654,3.6562492792711296,1480,2023-06-27,0.05,0.5765742723915761,2.617
492,5,127,383.08068503623565,4327.641660596614,4111.259577566775,4149.204357347384,0.9908549262671489,37.94477978060906,0.09317842325659226,0.2246364150075088,0.974832130769149,0.0,0.0,0.0,0.0,False,684.1139627486964,2.51367365834636,1440,2023-07-07,0.05,0.5262816601751718,2.503
493,5,216,662.433130033169,7666.825551726377,7283.484274140066,7336.5819375824885,0.9927626156302537,53.09766344242344,0.0909500323059845,0.2349079687759026,0.9789331604708055,0.0,0.0,0.0,0.0,False,1516.3009015321732,2.2574836498208524,1440,2023-12-07,0.05,0.47906648891656567,2.527
494,5,200,532.7055009792871,6746.89454243666,6409.549815314817,6439.181461787015,0.9953982277641894,29.63164647219739,0.08311121940365514,0.21290093609454774,0.9739544864805063,0.0,0.0,0.0,0.0,False,1506.7257541089778,2.2520416945740123,1440,2023-01-15,0.05,0.4169515351804194,2.626
495,5,299,775.5391454732611,10682.628960123518,10148.497512117316,10250.744225280567,0.990025435137569,102.24671316324992,0.07641910977928178,0.23357817181973137,0.9510009933801887,0.0,1.0416666666666667,16.625851613851236,0.0,False,2135.3129294829478,3.1387556157299734,1472,2023-08-12,0.05,0.4150299972857556,2.612
496,5,262,758.1573407381267,9543.418447636914,9066.247525255083,9088.144109098059,0.9975906429761545,21.896583842974994,0.0836241607816455,0.1852783687753821,0.9510005574947494,0.0,4.166666666666667,129.45389525281612,0.0,False,1983.7370186187488,3.679580078254567,1561,2023-06-01,0.05,0.3663239397836341,2.64
497,5,292,1028.1627415312828,10121.905294789372,9615.810030049925,9648.087177208177,0.996654554776982,32.277147158253165,0.1069241944587319,0.20556314256276914,0.9532213403440972,0.0,0.0,0.0,0.0,False,2188.3845994287326,2.740152268681298,1440,2023-04-26,0.05,0.4343547420407361,2.7
498,5,135,392.44342652150146,4820.535820481855,4579.509029457783,4613.527936299937,0.9926262705435274,34.01890684215426,0.0856955241265169,0.21767451181955105,0.9578886263968538,0.0,0.0,0.0,0.0,False,1123.3700326333087,3.274073588333633,1440,2023-07-26,0.05,0.4438747243860278,2.683
499,5,206,633.5018694752529,6939.859353697417,6592.866386012567,6637.41221158886,0.9932886757434597,44.545825576291875,0.09608898958111621,0.23156984308274722,0.9571056740385453,0.0,0.0,0.0,0.0,False,1090.9068770933698,3.3922840903302056,1440,2023-08-18,0.05,0.42396197230636345,2.655
500,5,241,1130.3576961608017,8811.251892061984,8370.68929745891,8397.186198559546,0.9968445500106713,26.496901100635007,0.13503758842225147,0.1972510093900482,0.9569496446781429,0.0,0.0,0.0,0.0,False,2100.7037170089375,2.858961979994279,1440,2023-02-28,0.05,0.37588354970946297,2.977
501,5,201,715.8430829313331,7221.034144638423,6859.982437406499,6899.040000227275,0.994338695989661,39.05756282077648,0.10435057078687893,0.20261812926036737,0.9794180699162723,0.0,0.0,0.0,0.0,False,1559.8497791395525,1.9975643999149206,1440,2023-11-21,0.05,0.4130596952863781,2.734
502,5,192,728.3014748970119,6756.138903505728,6418.331958330442,6441.766339626378,0.9963621187015462,23.434381295935605,0.11347207960344577,0.20485385472332038,0.9874498319693386,0.0,0.0,0.0,0.0,False,1303.0006453314932,1.7093384242092609,1440,2023-02-15,0.05,0.4308620415701896,2.607
503,5,184,285.4702237604081,6407.424315301997,6087.053099536893,6129.1724606413245,0.9931280509114562,42.11936110443151,0.04689793551860536,0.23089903282394852,0.9878255257482943,0.0,0.0,0.0,0.0,False,1133.2121271874207,1.7087074799836466,1440,2023-10-20,0.05,0.43994262984257615,2.8
504,5,122,438.18975068234624,4704.932378725031,4469.685759788782,4486.679398625508,0.9962124240831801,16.993638836725573,0.0980359189060873,0.1886636337077151,0.9760386746141618,0.0,0.0,0.0,0.0,False,1106.913202251164,2.5219240750417087,1440,2023-09-04,0.05,0.3883627569979062,2.973
505,5,151,437.6826834980757,5450.159521766977,5177.6515456786055,5206.614624652444,0.9944372531747014,28.963078973838943,0.08453305125629328,0.2118866034829214,0.9843662324453463,0.0,0.0,0.0,0.0,False,1118.1387726164814,1.7827673204396477,1440,2023-11-14,0.05,0.4405835550924979,2.709
506,5,294,1108.5195353155898,10253.590448228117,9740.910925816679,9799.196574438547,0.9940519972041476,58.2856486218669,0.11380039749441107,0.23721687003305847,0.9694970152333494,0.0,0.0,0.0,0.0,False,1989.1238633370876,2.3814359466516675,1440,2023-10-25,0.05,0.43067532988857127,2.632
507,5,243,628.8950339560012,8185.146711836297,7775.8893762444695,7835.980911567002,0.9923313320947695,60.091535322533076,0.08087756956487714,0.2223218839212371,0.9631383089846149,0.0,0.0,0.0,0.0,False,2039.3645114898682,2.7790496096070494,1440,2023-12-12,0.05,0.3651613198134756,2.597
508,5,139,548.5480680430273,4741.495208216612,4504.420447805785,4523.272303192602,0.9958322528198202,18.851855386814265,0.12177994359079838,0.19498488013646365,0.9849199869271209,0.0,0.0,0.0,0.0,False,1255.4245608479432,1.9692548054327332,1440,2023-04-06,0.05,0.3444029870033442,2.627
509,5,280,636.6371477448868,9652.748422212788,9170.111001102141,9221.81023846863,0.9943938081537586,51.699237366488276,0.06942523898220757,0.21863273317759616,0.9563271302738463,0.0,0.0,0.0,0.0,False,2068.5936193870784,2.5977874704484476,1440,2023-01-08,0.05,0.38818848507491743,2.618
510,5,261,893.8631463307188,9172.46284794901,8713.83970555153,8764.424422742512,0.9942284039714325,50.5847171909803,0.1025797095809835,0.20577560770745837,0.9557611508334188,0.0,0.0,0.0,0.0,False,1662.6492545792767,3.3788141715040325,1440,2023-08-10,0.05,0.37025997018280477,2.597
511,5,206,119.74235702199014,7548.735607569524,7171.298827191025,7200.636803253175,0.9959256414586979,29.337976062148428,0.016697443504650723,0.1985801368662803,0.9840138067129982,0.0,0.0,0.0,0.0,False,1539.4497620460384,1.965544434712336,1440,2023-01-07,0.05,0.3839140539180448,2.751
512,5,168,462.31285164454454,5550.998245052578,5273.448332799935,5314.131818876087,0.9923442836077867,40.68348607615215,0.08766803474095664,0.21755902822183237,0.9645374920250193,0.0,0.0,0.0,0.0,False,1188.7634022833954,3.0029714955568028,1440,2023-07-12,0.05,0.41073834991351466,2.754
513,5,286,773.7260421422637,10074.251932522686,9570.539335896603,9624.940091768696,0.9943479382361438,54.40075587209343,0.0808445600594544,0.22946864995728183,0.9519297838805351,0.0,0.0,0.0,0.0,False,1949.8384855468473,3.021622491028679,1440,2023-05-15,0.05,0.3895662743165843,2.62
514,5,249,125.50739394850328,8560.902405336285,8132.857285069466,8151.3938417232075,0.9977259647842236,18.53655665374106,0.015432140212138405,0.18965080393476486,0.9510001908515575,0.0,6.25,746.5161495920361,36.57985718696372,True,2055.021232729126,4.449490720509511,1727,2023-07-02,0.05,0.3449540135231871,2.706
515,5,164,411.59149656617785,5633.726293107177,5352.039978451809,5388.790986059037,0.9931801014917252,36.75100760722806,0.0769036663072983,0.19585887916208902,0.9920943848365479,0.0,0.0,0.0,0.0,False,1145.0559920533783,1.543131299875369,1440,2023-04-09,0.05,0.3973809259412685,2.654
516,5,157,455.85789537234416,5420.476623864282,5149.452792671079,5193.584116421639,0.9915027228285336,44.13132375056038,0.0885255023642785,0.22537924916517335,0.9632438283656651,0.0,0.0,0.0,0.0,False,1063.5762328789685,3.1329790059103018,1440,2023-07-13,0.05,0.4258717464175159,2.595
517,5,168,594.1039904700309,5712.572510901965,5426.943885356863,5461.195388883547,0.9937282039759272,34.251503526684694,0.1094730299447281,0.21620520238009078,0.9700635839845032,0.0,0.0,0.0,0.0,False,1053.2545855312515,2.781720180158886,1440,2023-07-10,0.05,0.3824506263334697,2.623
518,5,158,498.157663607843,5576.0075430771685,5297.207165923315,5308.110675475909,0.9979458775034648,10.903509552594349,0.09404156718892699,0.19824735427160456,0.9851052216698422,0.0,0.0,0.0,0.0,False,1354.8921093877993,2.136603590555201,1440,2023-11-15,0.05,0.36708637307440983,2.525
519,5,292,847.9284945654803,9731.743159060534,9245.15600110753,9300.56435548266,0.9940424739556297,55.40835437512901,0.0917159747725081,0.20806026311537706,0.9510016916579623,0.0,4.166666666666667,190.93594846968483,0.0,False,1986.3836787772975,3.467666658618826,1512,2023-07-11,0.05,0.39438986859225145,2.658
520,5,194,575.5524150895028,6937.354291923425,6590.486577327281,6622.380753987732,0.9951838805642148,31.89417666044968,0.08733079239847469,0.1996190033355717,0.9535424429270247,0.0,0.0,0.0,0.0,False,1405.2762788499276,3.544206646453694,1440,2023-08-03,0.05,0.39424125239445634,2.653
521,5,286,802.959332356275,10614.758821656682,10084.020880573864,10124.436168396871,0.9960081443400115,40.41528782300773,0.07962690100167465,0.208994763005966,0.9559140030825184,0.0,0.0,0.0,0.0,False,1998.0596812433864,3.05170308115387,1440,2023-05-15,0.05,0.4127121807850134,2.735
522,5,156,548.4172520799225,5637.832713155416,5355.941077497642,5401.0617988218555,0.9916459535171296,45.120721324213065,0.10239419070236475,0.21712014315526587,0.9511922461177991,0.0,0.1388888888888889,1.179227079736369,0.0,False,1259.894060850372,3.5763844102227083,1444,2023-07-18,0.05,0.40641251407229345,2.643
523,5,212,16.76879234262663,7404.113492818111,7033.907818177178,7086.128905394777,0.9926305197217282,52.22108721759891,0.0023839937593854088,0.2311368811314004,0.9642655180706685,0.0,0.0,0.0,0.0,False,1226.3356299047543,2.4193589933520747,1440,2023-12-31,0.05,0.3826409372158943,2.672
524,5,274,1152.6961506357422,10091.30058090752,9586.735551862097,9667.266704605565,0.991669708180793,80.53115274346638,0.12023865104027473,0.2487426205397486,0.9510262875107339,0.0,0.4166666666666667,2.519134799632649,0.0,False,1963.2921766703457,3.129288145067066,1452,2023-06-19,0.05,0.3312300081267091,2.768
525,5,219,971.7111919096911,7695.936748958877,7311.1399115109125,7374.475141345076,0.9914115610100747,63.335229834163144,0.1329083020801989,0.24108112534221604,0.9825972405701869,0.0,0.0,0.0,0.0,False,1548.8200175949098,1.955377402506673,1440,2023-01-26,0.05,0.2489315071300074,2.66
526,5,146,506.6648865684339,5178.220626928714,4919.309595582279,4961.20820928242,0.9915547560326639,41.898613700140814,0.10299512090546965,0.25637581496450373,0.9959801977580249,0.0,0.0,0.0,0.0,False,1002.1139502867145,1.3423162677179272,1440,2023-10-23,0.05,0.1978939395001069,2.732
527,5,183,611.4978146906803,7021.939847535914,6670.842855159117,6704.293129016142,0.9950106188358243,33.45027385702457,0.09166724924688614,0.22386149702047362,0.962738325343904,0.0,0.0,0.0,0.0,False,1140.94007641412,3.1317934913686694,1440,2023-08-09,0.05,0.12059677747892844,2.694
528,5,296,197.02729388620907,11040.815037046714,10488.774285194344,10529.642523639517,0.9961187439788747,40.86823844517305,0.018784587076521152,0.21314537338753856,0.9510006240541853,0.0,10.347222222222221,515.4300127656564,0.0,False,2112.5864142986984,3.48855493347315,1624,2023-08-02,0.05,0.1290974724878282,2.726
529,5,125,120.52778299559562,4260.765942894099,4047.7276457493717,4073.2896465590975,0.9937244824140313,25.56200080972612,0.029776653358129245,0.21754410526004772,1.0025690486698884,0.0,0.0,0.0,0.0,False,929.5270698420143,1.2948343517026637,1440,2023-11-02,0.05,0.15881623181802823,2.541
530,5,167,614.982894542891,6233.20248709149,5921.542362736896,5963.427047229105,0.9929764069954256,41.8846844922084,0.10385518786673852,0.21462487043514214,0.9513203111487771,0.0,0.0,0.0,0.0,False,1493.9561368823051,3.048886207132451,1440,2023-09-16,0.05,0.17203682389966574,2.587
531,5,187,875.5460943909958,6768.3939344056835,6429.974237685408,6477.178815140183,0.9927121700971979,47.20457745477526,0.13616634562227503,0.21647212603325944,0.9910889888731136,0.0,0.0,0.0,0.0,False,1126.922624201064,1.6037638053529757,1440,2023-02-23,0.05,0.18830437065801087,2.594
532,5,159,843.722146582455,5631.6679613699325,5350.084563301443,5388.3850997215,0.9928920194620023,38.300536420057824,0.1577025814451443,0.23518667888712566,0.9896428513998313,0.0,0.0,0.0,0.0,False,1206.572711732072,1.7538671864206399,1440,2023-01-19,0.05,0.19643083944716597,2.618
533,5,298,1146.3476871447845,10932.289937904245,10385.675441009038,10446.572671764588,0.9941706019123242,60.89723075555205,0.11037776923186896,0.20721457942735808,0.9510002346302787,0.0,2.0833333333333335,44.69962170079344,0.0,False,2069.977129145022,3.327318338152107,1519,2023-07-10,0.05,0.1600006642556281,2.813
534,5,239,580.379600089981,7970.384695589306,7571.865460809813,7592.722685336049,0.9972529979836459,20.85722452623737,0.07664948658872621,0.19486378089996537,0.9571003379955794,0.0,0.0,0.0,0.0,False,1996.8667142227239,2.991096934889756,1440,2023-05-15,0.05,0.19203441394251852,2.804
535,5,211,636.9990316398314,7500.819505860866,7125.778530567799,7142.1828013991935,0.9977031852463674,16.40427083139543,0.0893936050506293,0.19181521942549526,0.9510014838242669,0.0,2.0833333333333335,22.978197800106408,0.0,False,2001.2960351727565,3.5272410701305024,1504,2023-09-07,0.05,0.24508998140729657,2.679
536,5,155,380.98969663507245,5915.515725130567,5619.739938874033,5635.95397188705,0.997123107624034,16.214033013016717,0.06779489812324078,0.18923758676927002,0.989258110588988,0.0,0.0,0.0,0.0,False,1152.8305270627584,1.5902028882307322,1440,2023-11-09,0.05,0.29465050965167855,2.625
537,5,266,934.2693521592121,9882.469564270283,9388.346086056798,9404.443507699947,0.9982883174714198,16.097421643149612,0.09951373155563067,0.18679505321533318,0.9510005390069507,0.0,6.25,240.56225035598013,0.0,False,2282.497393226803,3.539293121787035,1571,2023-05-11,0.05,0.34050784475241613,2.713
538,5,143,493.1805288211949,4920.262133888359,4674.249027193942,4697.2445299528135,0.9951044697349187,22.99550275887185,0.1055101099560505,0.18618976640969187,0.9573367012855643,0.0,0.0,0.0,0.0,False,1244.9192582562066,3.287094102485279,1440,2023-08-17,0.05,0.38322753399090054,2.741
539,5,149,540.2855496497883,5395.190694987113,5125.431160237731,5145.21872499537,0.9961541839491659,19.78756475763972,0.10541270241638138,0.19147837564232187,0.9868630639661548,0.0,0.0,0.0,0.0,False,1256.3920662999153,1.713468368298365,1440,2023-04-26,0.05,0.4194254280336144,2.654
540,5,197,37.8628270212431,7296.241486280049,6931.429411966012,6967.327840508524,0.9948476045100395,35.89842854251327,0.005462484686907284,0.20907557918615155,0.9840073281728663,0.0,0.0,0.0,0.0,False,1275.6268571322573,1.8146932644979177,1440,2023-12-28,0.05,0.4371748841738834,2.634
541,5,252,469.18685277408395,9307.86647421205,8842.473150501446,8880.659110095357,0.9957000984813726,38.18595959391145,0.05306059117040993,0.19749997300592628,0.9787829164505546,0.0,0.0,0.0,0.0,False,1736.5474190099194,2.150579290494773,1440,2023-11-22,0.05,0.41220682233036576,2.582
542,5,266,985.8594885920601,9588.379731569794,9108.960744991262,9157.348747619119,0.9947159375533844,48.388002627856466,0.10822963411431474,0.20624618279759122,0.9526582964073043,0.0,0.0,0.0,0.0,False,2014.4949142046926,2.7832175633868084,1440,2023-07-09,0.05,0.4178237078017508,2.62
543,5,226,722.537898884311,8038.305069004049,7636.389815553878,7656.6849441803715,0.9973493582700018,20.295128626492172,0.09461773381613367,0.18758351419327618,0.9510004283502325,0.0,2.7777777777777777,36.9281829150647,0.0,False,1856.130691393707,3.3327359094872877,1531,2023-06-13,0.05,0.4027632454973165,2.657
544,5,208,734.9802343184483,7336.074885101755,6969.271140846704,7005.9054991394205,0.9947709317093677,36.63435829271688,0.10546012911030964,0.22264075252829665,0.9627927580550576,0.0,0.0,0.0,0.0,False,1503.4412615011315,2.9122996993487344,1440,2023-08-16,0.05,0.43239357087359837,2.691
545,5,298,988.9538282035851,10830.031500819256,10288.5299257783,10328.38990794218,0.9961407361148102,39.85998216388062,0.09612197615576973,0.2265152007619691,0.9510012641672991,0.0,4.166666666666667,81.51661712172508,0.0,False,2068.9116589987266,3.4878033618237243,1554,2023-06-13,0.05,0.37783986921116397,2.778
546,5,160,-31.530770381945462,5790.1172221179195,5500.611361012059,5519.400889797278,0.9965957303771952,18.789528785218643,-0.005732230167256191,0.19318212230911674,0.9849548423361931,0.0,0.0,0.0,0.0,False,1321.1423529939957,1.7454666719984475,1440,2023-12-24,0.05,0.3243473617290386,2.597
547,5,176,526.0243005168171,6388.738743676613,6069.3018064927755,6113.07954568841,0.9928386766655914,43.777739195634936,0.08666965612981883,0.235296666457121,0.9550515535244384,0.0,0.0,0.0,0.0,False,970.3620099796924,3.151607312262805,1440,2023-05-23,0.05,0.3552270222241577,2.591
548,5,277,759.3909207794596,9888.803322848687,9394.363156706251,9416.172126695019,0.9976838815502386,21.808969988769206,0.08083474186723999,0.18617201943359157,0.9510000850766555,0.0,4.513888888888889,137.34617905506403,0.0,False,2041.4517745397452,4.1335482960779295,1621,2023-06-05,0.05,0.28551392017178756,2.673
549,5,204,585.6878861443785,7560.907434631933,7182.862062900301,7210.515868870807,0.9961647950752188,27.65380597050669,0.0815396259896837,0.20319720841820876,0.9629934761372733,0.0,0.0,0.0,0.0,False,1672.8516327403804,2.8822651717690024,1440,2023-05-23,0.05,0.3385090610099765,2.797
550,5,262,1005.4419057496194,8932.58585846592,8485.95656554258,8503.33879263931,0.9979558350524882,17.382227096731317,0.11848303700165509,0.18718295224650844,0.961588789054465,0.0,0.0,0.0,0.0,False,2213.7354592087404,2.7960674963542944,1440,2023-04-16,0.05,0.3432898974934595,2.79
551,5,169,647.4019610616538,5935.539216827343,5638.762255986002,5666.968612245091,0.9950226729334372,28.20635625908809,0.11481277834943018,0.22464680723444794,0.9779870642140178,0.0,0.0,0.0,0.0,False,1158.1027538243518,2.386948697284083,1440,2023-09-26,0.05,0.38298678264566116,2.678
552,5,207,483.43611379277786,7659.216725258317,7276.255888995402,7299.820928156156,0.9967718332555445,23.56503916075351,0.06644022986106439,0.17915144080864012,0.9643454359847649,0.0,0.0,0.0,0.0,False,1034.7712741495632,2.99377461170986,1440,2023-05-27,0.05,0.3310914694322332,2.713
553,5,253,876.8334584952846,9029.212971496263,8577.752322921373,8633.541879391409,0.9935380453063872,55.7895564700357,0.10222182052893042,0.23267188320209217,0.9718020479746324,0.0,0.0,0.0,0.0,False,1767.8205365650833,2.3328708024714313,1440,2023-04-27,0.05,0.39070745295783604,2.705
554,5,253,918.7114856911974,9496.202768847152,9021.392630404804,9055.13271580938,0.9962739270131656,33.74008540457847,0.10183699161866247,0.21466798489567088,0.963975843979315,0.0,0.0,0.0,0.0,False,1998.4593606595226,2.5244283247094264,1440,2023-04-25,0.05,0.3190216723526192,2.603
555,5,132,501.68695824537014,4858.78847560978,4615.8490518293065,4643.999333209398,0.9939383536989792,28.150281380092675,0.1086879039180336,0.22709702864183595,0.9668960475235142,0.0,0.0,0.0,0.0,False,974.9800383409947,2.9006306652519926,1440,2023-05-14,0.05,0.300548224897789,2.79
556,5,291,833.309114549197,10440.177167112066,9918.168308756412,9974.705750833862,0.9943319188064547,56.537442077449754,0.08401844862962216,0.21575124530443854,0.9599687924596133,0.0,0.0,0.0,0.0,False,2144.969134805174,2.8856866801215886,1440,2023-11-14,0.05,0.25707071926026986,2.869
557,5,252,-16.396085834292506,8276.520117043672,7862.694111191478,7924.748099042763,0.992169594910054,62.0539878512849,-0.0020853012469294594,0.23385067329051953,0.9599860779089607,0.0,0.0,0.0,0.0,False,1216.6389185143682,3.248379437511442,1440,2023-07-01,0.05,0.246461875827307,2.749
558,5,175,689.588403773917,6349.515309814534,6032.039544323801,6070.472774931559,0.9936688241537841,38.43323060775784,0.11432093551555465,0.24160038887584281,0.9876755633502698,0.0,0.0,0.0,0.0,False,1013.1663294684938,1.565011967980683,1440,2023-10-22,0.05,0.19646352584703253,2.607
559,5,271,821.4862757849107,9562.512311178536,9084.386695619585,9125.440083265414,0.9955012155828941,41.05338764582747,0.0904283693890997,0.20860845941938724,0.9510011981728744,0.0,1.0416666666666667,19.666162792980682,0.0,False,2152.4980439301717,3.241925170105379,1483,2023-10-08,0.05,0.13733545213130954,2.639
560,5,171,614.3860078057719,5701.821490768683,5416.730416230259,5450.706862162104,0.993766598206243,33.97644593184515,0.1134237742319379,0.23424023923997767,0.989475268300659,0.0,0.0,0.0,0.0,False,1375.97264574083,1.7435271015595386,1440,2023-10-25,0.05,0.16218481499196408,2.571
561,5,164,487.79645855039365,5702.5407287880325,5417.413692348629,5440.429061417357,0.9957695672880015,23.01536906872738,0.09004231285481128,0.20877345514023452,0.9669452644098866,0.0,0.0,0.0,0.0,False,1346.09771221259,2.840517121475447,1440,2023-05-24,0.05,0.12396237771318988,2.601
562,5,168,606.0652129325603,6165.451847155286,5857.179254797536,5886.092443466365,0.9950878806361726,28.91318866883008,0.10347390553842799,0.21370906548274415,0.9862467124676165,0.0,0.0,0.0,0.0,False,1336.867776848458,1.7814740778428209,1440,2023-11-21,0.05,0.14897268015259374,2.636
563,5,184,484.0758505592727,6131.578598993963,5824.999669044234,5846.145524553962,0.9963829406194364,21.145855509727813,0.08310315503223022,0.1934388433790825,0.9641225430430964,0.0,0.0,0.0,0.0,False,1643.2030960692105,2.668047640976152,1440,2023-05-23,0.05,0.15743712607645843,2.555
564,5,121,108.8300035355903,4411.14223862803,4190.58512669664,4203.686298918603,0.9968834086822004,13.101172221963282,0.025970121175268656,0.19155648026180053,0.9874641630108599,0.0,0.0,0.0,0.0,False,1060.5873440608493,1.7243040057044565,1440,2023-01-29,0.05,0.20913122927465175,2.538
565,5,182,575.3132481676242,6302.317776783049,5987.201887943906,6042.415449136368,0.9908623361539376,55.21356119246201,0.09609050420131988,0.24514206983800255,0.9582724314397241,0.0,0.0,0.0,0.0,False,1035.987272440291,3.300542721477541,1440,2023-05-17,0.05,0.2550498866781366,2.588
566,5,259,839.570724026651,9183.249459048531,8724.086986096107,8771.85883514164,0.9945539651351717,47.77184904553293,0.09623594140735933,0.2226027148971739,0.9829571409072961,0.0,0.0,0.0,0.0,False,1594.3515127701287,1.9918690394895835,1440,2023-01-06,0.05,0.17163941204138006,2.565
567,5,278,975.1063050816202,9507.579881877027,9032.200887783167,9101.955939460902,0.9923362569384326,69.75505167773491,0.10795888147268025,0.23348756802919826,0.9565872503983478,0.0,0.0,0.0,0.0,False,2200.0590224965317,2.7148568200591674,1440,2023-11-20,0.05,0.15336747745693907,2.659
568,5,258,744.8705149517709,9342.059080595822,8874.956126566041,8905.42849875554,0.9965782250462448,30.47237218950108,0.08392948701144524,0.1943448491401301,0.9544452146234206,0.0,0.0,0.0,0.0,False,1679.5989759497943,3.4667569766416975,1440,2023-06-11,0.05,0.11312887449747275,2.609
569,5,148,369.5415542219421,4895.990593104698,4651.191063449465,4689.564357015583,0.9918173010018061,38.3732935661175,0.07945095120385762,0.2229423271468505,0.9694330739713457,0.0,0.0,0.0,0.0,False,836.7772189197663,2.8318543120682915,1440,2023-08-05,0.05,0.16733473122884324,2.544
570,5,198,665.5342361347124,6887.176153220592,6542.817345559566,6576.762713242554,0.9948385901752791,33.94536768298835,0.10171982511270815,0.2186579150657804,0.9565506821312545,0.0,0.0,0.0,0.0,False,1428.891720444109,3.114753369673331,1440,2023-08-10,0.05,0.14663784864181215,2.635
571,5,285,755.7460839091303,9850.651899015678,9358.119304064894,9399.998256678082,0.9955447914489308,41.87895261318746,0.08075832967644003,0.20111406669554416,0.960224526310375,0.0,0.0,0.0,0.0,False,2058.220467115588,3.1403192821223564,1440,2023-06-09,0.05,0.13857315339725249,2.662
572,5,274,932.4082340192551,9482.303454857298,9008.188282114417,9076.651904764221,0.9924571721634639,68.46362264980547,0.10350674351140435,0.22021967556808902,0.9510001180284171,0.0,2.5,34.39676353009917,0.0,False,1563.0977266737589,3.8012529007526803,1503,2023-08-26,0.05,0.17066216028134726,2.607
573,5,136,134.38193326141163,4963.518147240714,4715.3422398786715,4732.06820782058,0.9964654000730028,16.725967941907523,0.028498871646031224,0.20260247124995676,1.0008387302632942,0.0,0.0,0.0,0.0,False,829.1199105783401,1.2993840751928263,1440,2023-11-03,0.05,0.15329004249061995,2.68
574,5,144,556.8758734610412,5183.105696349952,4923.950411532445,4952.3515828444815,0.9942651140903603,28.401171312035707,0.11309534559015366,0.23329260655290568,0.9934096971649578,0.0,0.0,0.0,0.0,False,1016.4133817817924,1.5879226393447976,1440,2023-10-26,0.05,0.1780200741954312,2.626
575,5,126,621.5947977536024,4840.358755276188,4598.340817512355,4622.922394307161,0.9946826758707702,24.581576794807027,0.13517806148389788,0.2170662840664988,0.9928687097438819,0.0,0.0,0.0,0.0,False,970.8401233494617,1.4697908422313364,1440,2023-01-28,0.05,0.1286211715651473,2.575
576,5,292,1076.3439337256023,10374.34337224509,9855.626203632804,9893.71174650324,0.9961505303725978,38.0855428704374,0.10921111571062421,0.20871534821958562,0.9514174286134385,0.0,1.0416666666666667,50.99363814283864,0.0,False,2051.9167745017166,3.6248396681622563,1455,2023-06-14,0.05,0.12394664472769037,2.706
577,5,266,767.8448798356947,9408.089779902031,8937.685290906978,8985.877168123112,0.9946369312294752,48.19187721613447,0.08591093273522224,0.23440158213072318,0.9708167335902981,0.0,0.0,0.0,0.0,False,1787.7108565175913,2.315501694588208,1440,2023-11-06,0.05,0.13814331470995456,2.626
578,5,252,861.453444552655,8942.160950814807,8495.052903274054,8527.810213836448,0.9961587664663027,32.7573105623932,0.10140648379254291,0.2023104284610309,0.9663693791763871,0.0,0.0,0.0,0.0,False,1996.033261534962,2.479548561160857,1440,2023-04-25,0.05,0.09127085698472714,2.809
579,5,131,532.2162326563507,4740.947267565982,4503.899904187672,4516.245713536697,0.9972663557007051,12.345809349025394,0.11816786429056791,0.19379091321064643,0.9933594204397874,0.0,0.0,0.0,0.0,False,1080.3367955831477,1.5707684577167158,1440,2023-10-15,0.05,0.12425790745481671,2.727
580,5,127,432.20467779485904,4184.152965652622,3974.9453173700053,4006.536085937586,0.9921151918040972,31.590768567579996,0.10873223234195942,0.2299230787800512,0.9667884289899549,0.0,0.0,0.0,0.0,False,827.4676612127884,2.951430103233891,1440,2023-06-29,0.05,0.16970093572120185,2.663
581,5,222,634.2228170338461,8020.7993478702365,7619.759380476738,7663.396960489134,0.9943057132186442,43.637580012394494,0.083233969127535,0.20418256778319166,0.9520399109760415,0.0,0.0,0.0,0.0,False,942.7724983455746,3.52842077945482,1440,2023-06-24,0.05,0.12506844014261687,2.578
582,5,151,691.3404485433915,5213.8080898110375,4953.1176853204925,4975.426720136554,0.9955161564884933,22.309034816061185,0.13957682665047724,0.20956199461008138,0.983423554121227,0.0,0.0,0.0,0.0,False,1273.555388148714,1.8088372360319767,1440,2023-02-22,0.05,0.1457824394836803,2.585
583,5,213,723.0515365960185,8038.376546107022,7636.457718801661,7682.2067168429785,0.994044810335419,45.748998041316895,0.09468415372952294,0.24870159840440623,0.9631093814857598,0.0,0.0,0.0,0.0,False,1528.2474135842142,2.693886079808049,1440,2023-09-07,0.05,0.1500408002068696,2.613
584,5,137,429.36617999855787,4210.060711969256,3999.557676370809,4028.088171937761,0.9929171124490983,28.530495566951902,0.10735341623780856,0.21791688214466265,0.957210069434215,0.0,0.0,0.0,0.0,False,1129.026325188137,3.3982821022424705,1440,2023-08-20,0.05,0.06490528051768613,2.647
585,5,280,1027.1650717685618,9650.877147215559,9168.333289854763,9222.675982856776,0.99410770874928,54.342693002012936,0.11203400217847373,0.2423456384442495,0.9670150706667179,0.0,0.0,0.0,0.0,False,1932.0887838587532,2.521999977278115,1440,2023-01-09,0.05,0.06362739643054202,2.642
586,5,240,944.2684801998456,8545.396055266014,8118.126252502713,8161.994131888444,0.9946253478406286,43.86787938572991,0.1163160624545276,0.22302543049724782,0.9541318131540681,0.0,0.0,0.0,0.0,False,1753.6888876580786,2.89136708695867,1440,2023-06-19,0.05,0.006744543379523182,2.558
587,5,242,716.8283187067124,8288.96937133629,7874.520902769463,7934.83872353623,0.992398355799236,60.317820766767554,0.09103135639078747,0.2376132647170807,0.9705904155244872,0.0,0.0,0.0,0.0,False,1630.2669694914944,2.144086497818141,1440,2023-03-29,0.05,0.0025914468972494387,2.605
588,5,261,713.1643254355547,9508.450066779274,9033.027563440355,9082.639278719866,0.9945377424163758,49.61171527950946,0.07895075271573024,0.2194340509192209,0.9573769344861675,0.0,0.0,0.0,0.0,False,1767.994808041711,3.4111625730629673,1440,2023-05-21,0.05,-0.03470492880805587,2.672
589,5,297,916.9528600920288,10327.204364504236,9810.844146279009,9865.894929440876,0.9944200922921255,55.05078316186664,0.09346319709296418,0.20713240321935814,0.9525811050012788,0.0,0.0,0.0,0.0,False,1925.5187873735676,3.5816679811577283,1440,2023-07-28,0.05,-0.02551946156296972,2.658
590,5,264,900.6697903353855,9506.968267819379,9031.619854428358,9088.678509515692,0.9937220075473464,57.058655087332504,0.09972405890110307,0.23441199476902916,0.9617064555113392,0.0,0.0,0.0,0.0,False,1656.9916424438227,3.021756469049336,1440,2023-08-14,0.05,0.00853591701182943,2.698
591,5,243,18.057132074322947,8613.540214620873,8182.863203889886,8224.5646867072,0.9949296425518165,41.70148281731386,0.0022067009583808185,0.20827104627072662,0.9558925439314871,0.0,0.0,0.0,0.0,False,1729.7597673149517,2.9681483989452655,1440,2023-12-31,0.05,-0.025955481276058984,2.621
592,5,159,566.3879115728722,5403.925495203471,5133.729220443296,5178.116984038699,0.9914278175382623,44.38776359540252,0.11032679895102936,0.24608560714988176,0.9688614358996399,0.0,0.0,0.0,0.0,False,907.5483024533896,2.7761559886973055,1440,2023-07-10,0.05,0.0035479344763595655,2.589
593,5,180,427.75216345440475,6152.453098791099,5844.83044385151,5877.345429983223,0.9944677428748975,32.51498613171259,0.07318470014889485,0.2175864697799217,0.9751673089670679,0.0,0.0,0.0,0.0,False,1508.5141422187953,2.1511762332069715,1440,2023-11-19,0.05,-0.058345647213340984,2.696
594,5,191,565.2117778893227,6688.7468138998465,6354.309473204863,6384.736724943681,0.9952343764434411,30.427251738817965,0.0889493626762645,0.22075807690149007,0.9853569673892226,0.0,0.0,0.0,0.0,False,1335.6930064185563,1.8631614797723042,1440,2023-03-29,0.05,-0.04604173384018534,2.687
595,5,289,1181.8340844741533,10387.18305247612,9867.823899852372,9932.702805189347,0.9934681519613092,64.87890533697322,0.11976643447111315,0.24437819682469972,0.9707928004078503,0.0,0.0,0.0,0.0,False,1834.3344358342736,2.405844515626919,1440,2023-11-29,0.05,-0.0442140426541858,2.699
596,5,243,1128.300476543296,8651.215231949252,8218.654470351792,8266.352444544264,0.9942298644399137,47.697974192470625,0.1372853038917209,0.23014567511590034,0.9713001640900238,0.0,0.0,0.0,0.0,False,1958.8086342661732,2.435976423865066,1440,2023-02-08,0.05,-0.09693506337768237,2.945
597,5,134,409.15961637132887,4996.832961326764,4746.991313260429,4778.74266725065,0.9933557096079232,31.751353990221176,0.08619346221013015,0.2639832775509448,0.9632315428887391,0.0,0.0,0.0,0.0,False,888.1356194284476,3.1159172799464887,1440,2023-07-26,0.05,-0.10930761595291605,3.623
598,5,237,589.4168956244823,8313.432392581912,7897.760772952832,7956.880893303178,0.9925699377503434,59.12012035034671,0.07463088748434069,0.2730424827228041,0.9738641552141084,0.0,0.0,0.0,0.0,False,1759.776722901397,2.303422952323399,1440,2023-11-19,0.05,-0.196847547247748,3.075
599,5,243,177.1500762561633,8914.276993166292,8468.563143508,8534.333228316656,0.9922934712004877,65.77008480865773,0.020918551737075554,0.2595596924928162,0.9694989321024904,0.0,0.0,0.0,0.0,False,1756.052382626165,2.4269197974080194,1440,2023-12-29,0.05,-0.29046186779784433,2.929
