episode,stage,n_ev,cost_eur,energy_drawn_kwh,energy_delivered_kwh,energy_requested_kwh,service_quality,unmet_kwh,cost_per_kwh,retail_price_paid,min_voltage_pu,violation_rate_pct,q_activation_pct,q_kvarh,curtailed_kwh,q_exhausted_any,peak_ev_kw,peak_feeder_mw,pf_solves,day,noise,w_retail,wall_s
0,0,60,114.43530540368971,1012.8603795850909,962.2173606058393,975.6466250000001,0.9862355241641299,13.429264394160839,0.11892874737952971,0.19365823683731093,1.0095034614753906,0.0,0.0,0.0,0.0,False,336.84231380007776,0.8570814292396002,1440,2023-03-02,0.3,0.0,0.286
1,0,60,48.53188793399978,900.9473825445863,855.9000134173639,868.6000972222223,0.985378675589062,12.700083804858327,0.05670275402873969,0.171512287791431,0.9624728064723548,0.0,0.0,0.0,0.0,False,377.5818845497452,3.1248947554392243,1440,2023-06-13,0.2985,0.01426896711605044,0.273
2,0,60,103.3475854495448,813.7077956454189,773.0224058631492,778.4774305555557,0.992992700265551,5.455024692406388,0.13369287185686152,0.1429824032767805,1.0082204513383666,0.0,0.0,0.0,0.0,False,313.6227465883091,1.0334975683311944,1440,2023-12-06,0.2970075,0.07582961432025512,2.038
3,0,60,58.90451075701614,927.1501729905682,880.7926643410432,889.5384827777779,0.9901681393148681,8.745818436734524,0.06687670452056388,0.1787302083931848,0.9996049902488099,0.0,0.0,0.0,0.0,False,255.13604543466516,1.4189238365834813,1440,2023-04-27,0.29552246249999997,0.1906947578520109,2.466
4,0,60,-32.793717065505035,738.1648311579181,701.2565896000278,712.1972083333333,0.9846382173290058,10.94061873330564,-0.04676421947665322,0.14474595033412335,0.970634651153705,0.0,0.0,0.0,0.0,False,267.6598943497483,2.7911863992995385,1440,2023-05-27,0.2940448501875,0.20500519100166684,2.377
5,0,60,62.10943692644139,1131.6172804469727,1075.036416424631,1078.281,0.9969909665705238,3.2445835753690186,0.05777426325054709,0.14536809637351697,0.9848721690408915,0.0,0.0,0.0,0.0,False,325.86778614347725,2.1343317563464277,1440,2023-05-03,0.29257462593656247,0.2939816077346206,2.253
6,0,60,61.5054029057349,809.8116915839372,769.3211070047479,774.0399999999998,0.9939035540860266,4.7188929952520855,0.07994763479868403,0.1951470621369375,0.9766827054390683,0.0,0.0,0.0,0.0,False,297.89560491188615,2.5037130934522036,1440,2023-05-12,0.2911117528068797,0.36652561501564185,2.311
7,0,60,85.0711360818863,745.0000197496726,707.7500187621919,711.3885052777778,0.9948853734793407,3.638486515585846,0.12019941197694364,0.1675216024622065,1.007199876914383,0.0,0.0,0.0,0.0,False,371.26703248886645,1.1406622605278351,1440,2023-02-24,0.28965619404284526,0.31528974305408675,2.364
8,0,60,101.65208885546406,931.5139294516381,884.9382329790582,894.8589888888889,0.9889136098167277,9.920755909830806,0.11486913444033514,0.1881633715155937,0.9729646732749572,0.0,0.0,0.0,0.0,False,260.2421541662203,2.6763320681064178,1440,2023-06-16,0.28820791307263105,0.33670097664614057,2.311
9,0,60,75.23018317353117,1008.3334932467038,957.9168185843716,968.3041111111111,0.98927269603883,10.387292526739355,0.07853519398971177,0.1824813972636268,1.0064116886387107,0.0,0.0,0.0,0.0,False,323.0740928083582,1.1269446191323145,1440,2023-10-18,0.28676687350726787,0.30900990302655207,2.396
10,0,60,77.5591735305782,735.0035410358903,698.2533639840983,703.4309999999999,0.9926394543090913,5.177636015901472,0.11107597547119659,0.15783459965532207,0.9551443755554189,0.0,0.0,0.0,0.0,False,242.91606390476227,3.489252020232782,1440,2023-08-23,0.28533303913973157,0.3002333176220271,2.329
11,0,60,67.86875279756481,760.7246178039101,722.6883869137188,729.0579119444444,0.9912633483206599,6.369525030725665,0.09391150325163258,0.18733820625131292,0.9685813693285195,0.0,0.0,0.0,0.0,False,208.451007604599,2.8671298317993448,1440,2023-09-25,0.2839063739440329,0.3495432740539115,2.591
12,0,60,49.85865358561392,911.7915877639808,866.202008375783,867.7144213888889,0.9982570152393166,1.5124130131060185,0.05756007617565327,0.1529258232911304,0.9640624226852602,0.0,0.0,0.0,0.0,False,395.9899508592291,3.080827303348178,1440,2023-07-13,0.2824868420743127,0.32471639437567346,2.433
13,0,60,81.34868944825404,866.7079274796408,823.3725311056595,826.5572713888889,0.9961469817114088,3.1847402832294094,0.098799372550133,0.15859334173592302,0.9707196734130497,0.0,0.0,0.0,0.0,False,347.22401758786384,2.7746280241449686,1440,2023-06-21,0.28107440786394117,0.38291584198092804,2.328
14,0,60,76.46535291083552,861.3033573744035,818.2381895056828,822.8169305555556,0.9944352858092246,4.578741049872647,0.09345121492927391,0.15801444671946954,0.9885787573352603,0.0,0.0,0.0,0.0,False,355.45985299721156,1.9079279964195366,1440,2023-03-18,0.27966903582462144,0.4190771923997918,2.362
15,0,60,65.40357373652125,847.073455271768,804.7197825081812,805.039,0.999603475742394,0.31921749181874726,0.08127496696137991,0.1745933280895514,1.0058191400333638,0.0,0.0,0.0,0.0,False,340.20120667795493,1.1474615251538067,1440,2023-11-14,0.27827069064549836,0.451379119435107,2.44
16,0,60,84.82686743848201,906.2258404045295,860.9145483843029,868.829572222222,0.9908900156129875,7.915023837919379,0.098531111592525,0.17532830249413048,0.975824723440298,0.0,0.0,0.0,0.0,False,284.3868373176018,2.530767416288704,1440,2023-09-13,0.2768793371922708,0.4420174556447015,2.384
17,0,60,48.41883971097523,842.946708296273,800.7993728814583,801.9760000000001,0.9985328399870548,1.1766271185416697,0.06046313390175772,0.17205087496395077,0.9994620541393412,0.0,0.0,0.0,0.0,False,183.5099080718932,1.3939077559982826,1440,2023-12-10,0.27549494050630946,0.43414476579759664,2.343
18,0,60,76.19082339107011,970.8585669561496,922.3156386083459,923.642286388889,0.998563677951851,1.3266477805430388,0.08260818769812049,0.18285110961316192,0.968864791329927,0.0,0.0,0.0,0.0,False,384.0146681406131,2.864377529747098,1440,2023-09-06,0.27411746580377794,0.43645441073811053,2.328
19,1,60,101.77023467834657,965.0546467494538,916.8019144119877,922.6255261111112,0.9936880006738268,5.8236116991233855,0.11100569608170952,0.15835109524969718,0.9556892491542359,0.0,0.0,0.0,0.0,False,328.79028964042664,3.473872966334639,1440,2023-08-23,0.27274687847475904,0.415399054981599,2.411
20,1,120,182.8953877764995,1922.9651694914457,1826.8169110168835,1849.765875,0.9875935845215457,22.948963983116478,0.10011697760926254,0.21391242584511408,0.9945056028249766,0.0,0.0,0.0,0.0,False,659.8122876566056,1.4815981005808496,1440,2023-02-18,0.27138314408238523,0.4545372472135274,2.315
21,1,120,189.55650442984256,1598.4448272439981,1518.522585881806,1536.539463611111,0.9882743800885124,18.016877729305097,0.12482955880420252,0.16272221643740498,0.9973472945754921,0.0,0.0,0.0,0.0,False,649.1508253464592,1.4269818504114098,1440,2023-02-24,0.2700262283619733,0.3629172523968972,2.256
22,1,120,17.187681308452888,1922.8890525321583,1826.7445999055567,1835.1274027777777,0.9954320322068473,8.38280287222112,0.009408913161337112,0.14242674643008757,0.9832003910701959,0.0,0.0,0.0,0.0,False,643.7855269749178,2.1580979102744697,1440,2023-09-20,0.26867609722016345,0.4041036064186828,2.475
23,1,120,224.91144034114922,1641.0133342100341,1558.962667499527,1571.352837777778,0.9921149661741323,12.390170278250707,0.14426993348204564,0.1416724735381289,0.9920306168841158,0.0,0.0,0.0,0.0,False,702.49181972625,1.6159276958479987,1440,2023-02-13,0.2673327167340626,0.48458138633070524,2.372
24,1,120,197.29489530361337,2004.4067416702192,1904.1864045867044,1923.3931483333333,0.9900141352987183,19.206743746628945,0.1036111248501616,0.21854663039576383,0.9694414719800788,0.0,0.0,0.0,0.0,False,529.7547073268026,2.7964727360112995,1440,2023-06-15,0.2659960531503923,0.5535393869457259,2.341
25,1,120,19.396440346522766,1803.6755517591027,1713.4917741711429,1722.4215972222223,0.9948155416388875,8.929823051079428,0.01131983277591472,0.1715953165779019,0.9701173598675374,0.0,0.0,0.0,0.0,False,548.479430805678,2.800160000476368,1440,2023-07-05,0.26466607288464034,0.4386553108311573,2.375
26,1,120,46.48506536369693,1589.4155958649828,1509.9448160717318,1513.868286388889,0.9974083146120222,3.923470317157119,0.030785936591134735,0.1329054668213357,0.9645700184789495,0.0,0.0,0.0,0.0,False,730.0875613974664,2.960458884503332,1440,2023-08-03,0.26334274252021717,0.45146117450990353,2.391
27,1,120,211.06890572042568,1916.094433884372,1820.2897121901483,1842.3334313888888,0.9880348916091034,22.043719198740604,0.11595346845446398,0.19150830469304408,1.0050851209390528,0.0,0.0,0.0,0.0,False,537.2896726999228,1.2135467552407377,1440,2023-02-01,0.26202602880761605,0.5501782615762794,2.365
28,1,120,141.7611209764687,1609.0461485448727,1528.5938411176298,1544.4103333333333,0.9897588795708415,15.816492215703573,0.092739560479205,0.20265154637592883,1.0028141270253113,0.0,0.0,0.0,0.0,False,452.71340387218436,1.1855305207403004,1440,2023-04-08,0.260715898663578,0.5006502726769695,2.441
29,1,120,265.0871628958921,1998.4835061687277,1898.5593308602972,1903.1770000000001,0.9975737048421125,4.617669139702806,0.13962542997050967,0.14599652012570108,0.9898871158316429,0.0,0.0,0.0,0.0,False,591.3464576898571,1.7902004648403351,1440,2023-02-11,0.2594123191702601,0.4363801725363786,2.443
30,1,120,196.05038243660445,1845.576726070266,1753.297889766754,1760.2388333333333,0.9960568171573426,6.940943566579184,0.11181806787133336,0.15857538870163346,1.0003789332726325,0.0,0.0,0.0,0.0,False,795.8260048841175,1.3542048259459452,1440,2023-03-20,0.2581152575744088,0.5123053241681219,2.49
31,1,120,248.98637804768333,1916.6547004906206,1820.8219654660709,1837.128,0.9911241706979976,16.306034533929164,0.13674394464148007,0.19540971273704313,1.0021027024877067,0.0,0.0,0.0,0.0,False,530.0248572500129,1.1424247010107287,1440,2023-02-23,0.25682468128653674,0.5474431651713837,2.418
32,1,120,21.96702874848059,1810.4315694079548,1719.9099909375614,1736.2125780555557,0.9906102586030956,16.302587117994175,0.012772196722053968,0.19752858211285604,0.9834728172466806,0.0,0.0,0.0,0.0,False,498.34622466559415,2.226014363453739,1440,2023-09-20,0.25554055788010405,0.4947474394592396,2.339
33,1,120,245.82454487391556,1939.8767380428692,1842.8829011407279,1849.8464966666666,0.9962355819585643,6.963595525938905,0.13339129942643257,0.19700616487518857,0.9987003628882745,0.0,0.0,0.0,0.0,False,636.2552788285823,1.2789563308896033,1440,2023-10-16,0.25426285509070357,0.4480529171570932,2.377
34,1,120,198.33912187939157,1726.7545485271216,1640.4168211007686,1669.6473527777778,0.9824929907334153,29.230531677009214,0.12090775913057274,0.20352155825636153,0.9957459519709791,0.0,0.0,0.0,0.0,False,680.8103046663373,1.4867295629741917,1440,2023-10-27,0.25299154081525005,0.4119963089944851,2.297
35,1,120,216.2825726041865,2016.5978862594336,1915.7679919464604,1921.4740897222223,0.9970303540358503,5.706097775761723,0.11289601533870439,0.16273964873570135,0.9629033670215102,0.0,0.0,0.0,0.0,False,605.1910694259952,3.130952089513545,1440,2023-06-22,0.25172658311117374,0.3686410791129999,2.324
36,1,120,-101.74516148188866,1840.1738931661225,1748.16519850781,1757.2610833333333,0.9948238284499709,9.0958848255234,-0.05820111369837117,0.09410199743728255,0.9613613564575646,0.0,0.0,0.0,0.0,False,699.0564612887848,3.000283040584744,1440,2023-07-30,0.2504679501956179,0.42554011371647926,2.317
37,1,120,218.18739229288784,1551.8806857880754,1474.2866514986688,1514.130993888889,0.9736850097177628,39.844342390220135,0.14799523014814792,0.2059928618585866,1.0035469215637567,0.0,0.0,0.0,0.0,False,382.3030813021504,1.235999137666043,1440,2023-02-08,0.24921561044463983,0.6273570743839199,2.316
38,1,120,141.21552849132544,1934.6722850237943,1837.9386707725998,1849.2837916666667,0.9938651271669655,11.345120894066646,0.07683364561449908,0.187376390023697,0.9718028707368437,0.0,0.0,0.0,0.0,False,643.70416978171,2.68142514991864,1440,2023-07-07,0.2479695323924166,0.5423510980980741,2.386
39,2,120,103.88811403804469,1666.6890350389183,1583.3545832869668,1600.7081819444443,0.9891587993031951,17.35359865747766,0.0656126651191283,0.1964678236304195,0.9986755566017894,0.0,0.0,0.0,0.0,False,560.5435363469626,1.3607036679211812,1440,2023-04-22,0.24672968473045453,0.5159337356049698,2.247
40,2,180,139.84981963553386,2771.7404199342113,2633.153398937505,2657.9695833333335,0.9906634806690651,24.816184395828557,0.0531111555034979,0.18954120390935086,0.992481132094453,0.0,0.0,0.0,0.0,False,961.2077531305576,1.5586332324791963,1440,2023-03-23,0.24549603630680228,0.4749753004941759,2.265
41,2,180,0.6954767856015085,2719.5856045598057,2583.606324331791,2624.421868611111,0.9844477960012882,40.81554427932025,0.00026918837403813164,0.21146474714481384,0.9510001090422109,0.0,1.0416666666666667,26.46576002437957,0.0,False,834.004763713182,3.6299942798659086,1487,2023-07-23,0.24426855612526827,0.45797005559642423,2.433
42,2,180,238.58481399105614,2637.847724492402,2505.9553382677755,2548.789941388889,0.983194141492189,42.83460312111358,0.09520712933215172,0.20698449046207104,0.9510765060529027,0.0,0.1388888888888889,1.9969983866605088,0.0,False,760.8154145101238,3.667401436006098,1444,2023-08-21,0.2430472133446419,0.3955608272029636,2.312
43,2,180,320.14003628133855,2922.1180439801115,2776.0121417810974,2802.601185,0.9905127267621195,26.589043218902095,0.11532371615490694,0.19547699119908554,0.9605324833639498,0.0,0.0,0.0,0.0,False,896.9548706743163,3.2425852400514303,1440,2023-06-22,0.2418319772779187,0.35514078466712573,2.292
44,2,180,279.76435090810224,2773.0491393493307,2634.396682381866,2664.6483941666665,0.9886470155495838,30.25171178480063,0.10619674431686417,0.21311104389066865,0.9983808683339163,0.0,0.0,0.0,0.0,False,663.3883357668146,1.4291955947344999,1440,2023-02-20,0.2406228173915291,0.3483473994570693,2.295
45,2,180,256.29334325218747,2444.3423741543947,2322.1252554466864,2344.6831880555555,0.9903791127416338,22.55793260886895,0.11037016313010498,0.2096727222448311,0.9893899575749977,0.0,0.0,0.0,0.0,False,942.7400832263606,1.6528017814956324,1440,2023-04-14,0.23941970330457144,0.30346222317300775,2.293
46,2,180,-91.55460928030634,2619.069942283349,2488.1164451691757,2511.6980416666665,0.990611293194367,23.581596497491496,-0.03679675421062587,0.1848141330594212,0.9542903037616015,0.0,0.0,0.0,0.0,False,893.9417719439593,3.4843261977326305,1440,2023-07-16,0.23822260478804858,0.27463475365435963,2.276
47,2,180,442.2164182335134,2454.7964752697903,2332.056651506289,2375.858694444444,0.9815637002989366,43.80204293815493,0.18962507533763523,0.20960386082829738,0.9938490907811312,0.0,0.0,0.0,0.0,False,712.5167875458643,1.5488522437496637,1440,2023-01-27,0.23703149176410834,0.30702096759437186,2.337
48,2,180,297.60687737320444,2678.8325040362884,2544.8908788344816,2568.195152777778,0.9909258165532747,23.304273943296284,0.1169428834251249,0.18002392345682042,0.9950838230137654,0.0,0.0,0.0,0.0,False,833.7146173146489,1.5003978636908568,1440,2023-12-08,0.2358463343052878,0.27791234461343917,2.328
49,2,180,132.50247004041768,2722.0875034861674,2585.9831283118565,2607.7423947222223,0.9916558988133167,21.75926641036587,0.051238721780414706,0.18193862398431618,0.9941275003935199,0.0,0.0,0.0,0.0,False,934.8144719748749,1.6616827964142102,1440,2023-03-23,0.23466710263376137,0.32070011227310136,2.253
50,2,180,57.566650088277996,2516.0757513168787,2390.2719637510268,2420.8207022222223,0.9873808339282819,30.548738471195463,0.024083723928192382,0.2164827609152339,0.961236976083213,0.0,0.0,0.0,0.0,False,779.8223221698488,3.1194754311590067,1440,2023-08-13,0.23349376712059255,0.3516210540411246,2.46
51,2,180,268.90847425089777,2719.993865903295,2583.994172608115,2633.2468197222224,0.9812958486286891,49.25264711410699,0.10406698169116964,0.23445453999891372,0.9510156639837257,0.0,2.2916666666666665,56.586236163422946,0.0,False,607.4305667988609,3.9094070154202227,1519,2023-08-29,0.2323262982849896,0.2995365681617625,2.444
52,2,180,175.31960715144788,2490.482205970621,2365.9580956720924,2417.237831111111,0.9787858129725501,51.27973543901874,0.07410089277242471,0.23216159138769413,0.9955569554973235,0.0,0.0,0.0,0.0,False,729.5053719362361,1.4547374326778395,1440,2023-04-27,0.23116466679356462,0.21660833847423153,2.372
53,2,180,284.80670660512396,2650.667769322735,2518.134380856568,2546.3729019444445,0.9889102962624551,28.238521087876816,0.11310226680922572,0.1872041684135318,0.99183751577003,0.0,0.0,0.0,0.0,False,648.1570014752353,1.662944463236654,1440,2023-04-14,0.23000884345959682,0.15370216209950519,2.518
54,2,180,182.89511445355566,2474.5265443617545,2350.8002171436683,2370.1560555555557,0.9918335173051083,19.355838411887476,0.07780121556896134,0.1798127307413018,0.9979439819028594,0.0,0.0,0.0,0.0,False,809.8352439623657,1.3358651244905113,1440,2023-11-02,0.22885879924229882,0.20292334312220456,2.383
55,2,180,315.59015098995985,2874.4770678575055,2730.753214464622,2789.0216524999996,0.9791079291252015,58.26843803537819,0.11556890213231256,0.2485532080234332,0.9946488541229913,0.0,0.0,0.0,0.0,False,791.2087809330538,1.5594476415126113,1440,2023-10-20,0.22771450524608736,0.259570814282205,2.322
56,2,180,229.12309694050785,2634.4402228373624,2502.718211695472,2535.4773750000004,0.9870796862052345,32.75916330452827,0.0915496981920661,0.21957704515816723,0.9651570915724555,0.0,0.0,0.0,0.0,False,999.9905366228852,2.9601815539846643,1440,2023-09-04,0.2265759327198569,0.15123208078834466,2.416
57,2,180,13.25960239069008,2685.675423497264,2551.3916523223847,2579.3598466666667,0.9891569241955807,27.968194344282,0.00519700782850043,0.1784330718740564,0.9892338315359048,0.0,0.0,0.0,0.0,False,823.1539300126872,1.6636629344046618,1440,2023-12-25,0.22544305305625761,0.1273298000389331,2.496
58,2,180,191.2958152538817,2757.036091763391,2619.184287175234,2644.942634722222,0.9902612830959591,25.758347546988446,0.07303640915629975,0.17118134837096227,0.9919998041754047,0.0,0.0,0.0,0.0,False,1002.6433175139048,1.5775017194699048,1440,2023-05-04,0.22431583779097633,0.19980306307074486,2.564
59,3,180,376.1450773989544,2770.053499720326,2631.550824734296,2660.7691847222222,0.9890188295340707,29.218359987925936,0.14293665691861882,0.19480600959466504,0.9939767081391692,0.0,0.0,0.0,0.0,False,936.4860302949858,1.6440573197182375,1440,2023-02-22,0.22319425860202144,0.27517639778445324,2.484
60,3,240,400.36190839477644,3395.2142481696987,3225.4535357612026,3327.81419,0.9692408745216639,102.36065423879754,0.12412577144760871,0.2573461528888359,0.9956024566061491,0.0,0.0,0.0,0.0,False,838.8059103098419,1.4510102194033947,1440,2023-02-27,0.22207828730901136,0.2837605103835406,2.454
61,3,240,307.7156510948781,3638.2245746341273,3456.313345902424,3470.776876111111,0.9958327686495096,14.463530208687413,0.08903002138382084,0.16359262973203326,0.969367694524991,0.0,0.0,0.0,0.0,False,1298.4374368055583,2.3782067671638774,1440,2023-01-14,0.2209678958724663,0.1501721775711929,2.362
62,3,240,254.68998385408867,3268.883722942605,3105.439536795484,3128.4822705555553,0.9926345327327109,23.04273376007175,0.08201414995730502,0.20034973778556195,0.9793148153241584,0.0,0.0,0.0,0.0,False,1110.4373154693294,2.05573097810373,1440,2023-04-29,0.21986305639310397,0.2513796307796788,2.553
63,3,240,459.51265217628566,3339.8108836918946,3172.820339507294,3223.205296388889,0.9843680584236928,50.384956881594746,0.14482781973329228,0.19519453039480542,0.9691736528704435,0.0,0.0,0.0,0.0,False,1128.1467930913695,2.3944257922071404,1440,2023-02-11,0.21876374111113842,0.25146246873942624,2.436
64,3,240,-5.441568503664687,3490.0378016467716,3315.535911564437,3334.3575333333333,0.9943552478758687,18.82162176889634,-0.0016412334683767852,0.17260204998342404,0.9786074795017367,0.0,0.0,0.0,0.0,False,1159.8633302640967,2.2432519824081982,1440,2023-03-25,0.21766992240558275,0.2631104688471484,2.39
65,3,240,476.29482046651174,3389.6698176307054,3220.1863267491863,3256.9733625,0.9887051468782734,36.78703575081341,0.14790908728170915,0.20412121531310487,0.9870689877123521,0.0,0.0,0.0,0.0,False,1012.0279781758667,1.5561223088875087,1440,2023-02-09,0.2165815727935548,0.32350222333919393,2.4
66,3,240,412.7383400026377,3655.39209728492,3472.622492420663,3489.637805,0.9951240462391377,17.015312579336978,0.11885494058265168,0.17768679777059113,0.9829045779650916,0.0,0.0,0.0,0.0,False,1189.4413730533258,1.998461443166826,1440,2023-02-27,0.21549866492958705,0.3022674024418772,2.475
67,3,240,470.3605594449205,3824.8450422972523,3633.602790182359,3660.018631111111,0.9927825938632633,26.415840928751813,0.1294474345725925,0.1290944146104028,0.9819575702852336,0.0,0.0,0.0,0.0,False,1362.3263816109193,1.89347275438296,1440,2023-10-25,0.21442117160493912,0.3445509244290246,2.494
68,3,240,381.6692977974817,3744.4865953346566,3557.2622655679215,3582.380380833333,0.9929884287554164,25.118115265412115,0.10729298806326491,0.19285763073393372,0.982690139595014,0.0,0.0,0.0,0.0,False,1130.544294962883,2.113108972121832,1440,2023-11-10,0.21334906574691442,0.4888262642406367,2.404
69,3,240,13.193862790170098,3659.926943922054,3476.9305967259374,3497.223767222222,0.9941973485693187,20.2931704962847,0.00379468684321572,0.16748345932275555,0.9839678058352394,0.0,0.0,0.0,0.0,False,1139.5934568309056,1.7688932187925577,1440,2023-04-11,0.21228232041817982,0.4643245790814616,2.341
70,3,240,438.5798840173889,3420.8328972786785,3249.791252414735,3291.4746563888884,0.9873359486778231,41.68340397415387,0.134956324869022,0.21451585080836216,0.9823118055117869,0.0,0.0,0.0,0.0,False,934.6280725811068,1.9064873719074982,1440,2023-02-10,0.21122090881608893,0.5021722350925757,2.481
71,3,240,308.8411696936995,3772.6506573313154,3584.018124464733,3610.6851813888884,0.9926144054149031,26.667056924156203,0.08617176559056168,0.20543436042148122,0.9639410897415431,0.0,0.0,0.0,0.0,False,1182.876570580271,2.6733381633237014,1440,2023-09-15,0.21016480427200848,0.42825330609271445,2.485
72,3,240,262.4504871111539,3594.6155202359914,3414.884744224217,3438.9388391666666,0.9930053728584837,24.054094942450124,0.0768548594663556,0.17738323057731853,0.9669185945748378,0.0,0.0,0.0,0.0,False,1386.1282880076415,2.6330688992089746,1440,2023-10-08,0.20911398025064845,0.38882572372288937,2.511
73,3,240,187.91046759025883,3379.560644860271,3210.5826126172424,3242.7392427777777,0.9900834980080022,32.15663016053522,0.058528463604017235,0.19131794235642668,0.981660889260835,0.0,0.0,0.0,0.0,False,1151.4164779957014,1.9151579242183727,1440,2023-10-22,0.20806841034939522,0.42012698195532133,2.407
74,3,240,316.31983687172306,3778.268411771072,3589.3549911825057,3614.932706388889,0.9929244283963632,25.577715206383303,0.08812720882965998,0.17350454421225164,0.9886197040465686,0.0,0.0,0.0,0.0,False,1021.2234639917559,1.840609200570885,1440,2023-01-14,0.20702806829764822,0.41494572550940756,2.369
75,3,240,185.7445131440106,3291.0840468124916,3126.5298444718765,3173.327453888889,0.9852528268522486,46.79760941701214,0.05940916043786749,0.22722209096966278,0.9599178573291784,0.0,0.0,0.0,0.0,False,834.9157321362502,3.279031167844309,1440,2023-07-11,0.20599292795615998,0.45131496905924917,2.369
76,3,240,262.7205652599127,3353.3242484901943,3185.658036065661,3224.331795555556,0.988005651421109,38.673759489894906,0.0824697950268312,0.19085485692225088,0.9770008872410034,0.0,0.0,0.0,0.0,False,919.2290269478715,2.233754857257139,1440,2023-10-08,0.20496296331637917,0.3608706564843347,2.336
77,3,240,128.50132747411055,3617.8166918850684,3436.9258572908043,3460.1608055555553,0.9932850091164996,23.234948264751047,0.03738844909951103,0.1871644357407425,0.9780447980109402,0.0,0.0,0.0,0.0,False,1175.7713525808208,2.23188616973174,1440,2023-04-25,0.2039381484997973,0.3689803784825968,2.363
78,3,240,255.98315002417192,3479.1849291111407,3305.2256826555667,3343.1482838888887,0.9886566200440237,37.922601233322,0.07744800948614909,0.19938650223940135,0.9694529356337733,0.0,0.0,0.0,0.0,False,1090.6032028276743,2.974385730152363,1440,2023-07-20,0.2029184577572983,0.38422886089348784,2.55
79,4,240,72.45963748669476,3385.255053347794,3215.9923006804097,3240.5542275,0.9924204549298534,24.561926819590447,0.022531035746374276,0.18940559147769795,0.9721281265501196,0.0,0.0,0.0,0.0,False,951.2212812393591,2.698427449600721,1440,2023-10-01,0.20190386546851183,0.36956977541318103,2.261
80,4,300,884.4514626814547,4761.609616060771,4523.529135257757,4585.996308611111,0.9863787126832048,62.46717335335408,0.1955224419331738,0.20941938464348347,0.9799248138078697,0.0,0.0,0.0,0.0,False,1071.1737043896005,2.1075962641607826,1440,2023-01-20,0.20089434614116924,0.3803302311307983,2.265
81,4,300,414.3364018727611,4151.08358132854,3943.529402262102,3976.0044780555554,0.9918322335971475,32.47507579345395,0.10506740526267863,0.17640430643204144,0.9688941004836111,0.0,0.0,0.0,0.0,False,1647.1528939213172,2.6289054836000316,1440,2023-06-20,0.19988987441046338,0.34443728150798975,2.373
82,4,300,220.17132663310355,4562.313980124902,4334.198281118615,4366.145564722222,0.9926829549931326,31.947283603607055,0.05079862810897508,0.19230295926456467,0.9760501821836545,0.0,0.0,0.0,0.0,False,1567.4796021375569,2.2251886919529213,1440,2023-03-23,0.19889042503841106,0.3895358785533133,2.464
83,4,300,502.4988942782504,4241.855358008535,4029.762590108073,4059.422111388889,0.992693659228587,29.659521280816037,0.12469689790454233,0.17728410074957715,0.9649464476279233,0.0,0.0,0.0,0.0,False,1534.275827461197,2.422950143261404,1440,2023-10-31,0.19789597291321903,0.39102257199479273,2.41
84,4,300,608.0788630485238,4581.342412617178,4352.2752919863,4371.690459722222,0.9955588878227312,19.415167735922616,0.13971516557515543,0.13482465431173696,0.9656683951399867,0.0,0.0,0.0,0.0,False,1709.5516602471248,2.5579077848549003,1440,2023-02-22,0.19690649304865293,0.4263892104434701,2.344
85,4,300,267.28694916015075,4489.432424982753,4264.960803733627,4304.009492222222,0.9909273693380183,39.048688488595054,0.06267043507789398,0.17353540031527492,0.950999999261351,0.0,3.8194444444444446,326.5979337823707,16.601854779243965,True,1699.568095866128,4.274284286938138,1591,2023-08-01,0.19592196058340966,0.5513520706500735,2.37
86,4,300,202.61478097356425,4493.469092066839,4268.79563746348,4281.6942008333335,0.9969875094378894,12.8985633698536,0.04746415574345884,0.1423225311609721,0.9751439928612642,0.0,0.0,0.0,0.0,False,1570.4094301352357,2.462319851844827,1440,2023-12-30,0.1949423507804926,0.5674819475918089,2.425
87,4,300,594.0207776252428,4659.449648328323,4426.477165911899,4441.573865277778,0.9966010473260619,15.0966993658793,0.13419718556322172,0.15656881267472086,0.9670703998255532,0.0,0.0,0.0,0.0,False,1753.7726005850307,2.6898096363003217,1440,2023-01-18,0.19396763902659017,0.6519380347266149,2.486
88,4,300,606.1834864722998,4788.635890770504,4549.204096231991,4590.6613963888885,0.9909692097549366,41.457300156897965,0.13325044857283688,0.19497119268060661,0.9720534311576262,0.0,0.0,0.0,0.0,False,1657.091717092597,2.191247958346219,1440,2023-02-08,0.1929978008314572,0.6903326444704765,2.48
89,4,300,437.9132354300028,4289.147639415141,4074.6902574443743,4117.472333333333,0.989609626385923,42.782075888958815,0.10747153961701615,0.20363219213481176,0.9510229607910617,0.0,0.1388888888888889,0.739039423678218,0.0,False,1403.7321343162603,3.4829644718235198,1444,2023-06-28,0.19203281182729992,0.6368145366185867,2.411
90,4,300,402.12123705277503,4706.346514075481,4471.029188371707,4541.158696944445,0.9845569130583511,70.12950857273705,0.08993930035138566,0.2345966238294663,0.9694366523920183,0.0,0.0,0.0,0.0,False,1221.659154297929,2.6221449844414018,1440,2023-09-22,0.19107264776816343,0.5747642419310829,2.669
91,4,300,715.8247527742428,4475.9892758331125,4252.189812041461,4309.16577361111,0.9867779601521566,56.97596156965018,0.16834261507968243,0.22606126500892462,0.9720266059732695,0.0,0.0,0.0,0.0,False,1382.017763320635,2.398428886732667,1440,2023-01-19,0.19011728452932258,0.4552724252613666,2.475
92,4,300,154.3558194043673,4151.1601353764345,3943.6021286076266,3991.157694722222,0.9880847689437374,47.555566114595315,0.039140819578283866,0.20274694744531738,0.951001042533106,0.0,3.611111111111111,117.01429953490413,0.0,False,1407.546751211531,4.104418502853658,1542,2023-07-22,0.189166698106676,0.37715369808033894,2.459
93,4,300,306.06051156995767,4345.85167883791,4128.559094895987,4153.327444444444,0.9940365044943452,24.76834954845716,0.07413252530364191,0.1875031342150704,0.9687472013826842,0.0,0.0,0.0,0.0,False,1693.9243044186894,2.5014843964691504,1440,2023-05-04,0.1882208646161426,0.36581286760318693,2.494
94,4,300,130.45734602442622,4377.101111908927,4158.246056313463,4193.084612222222,0.9916914254944414,34.83855590875931,0.031373166536490284,0.19798992083061365,0.9724170936609259,0.0,0.0,0.0,0.0,False,1545.9009220000055,2.3103828139088707,1440,2023-10-21,0.1872797602930619,0.39090143561725516,2.343
95,4,300,1.6215529816078378,4532.7561683392605,4306.118359922259,4333.8486697222215,0.9936014586772038,27.730309799963592,0.0003765695334108542,0.20832880312617527,0.9845906121296378,0.0,0.0,0.0,0.0,False,1037.3519348623272,1.9040931638890137,1440,2023-12-24,0.18634336149159655,0.3880018634327839,2.492
96,4,300,449.8490649971739,4586.091614844831,4356.787034102529,4397.521084722222,0.9907370425667291,40.73405061969332,0.10325247974619903,0.20391743181582792,0.9746253187052173,0.0,0.0,0.0,0.0,False,1557.3513739822686,2.310163554190276,1440,2023-02-20,0.1854116446841386,0.3625202244786626,2.429
97,4,300,220.3748396446806,4391.670061207736,4172.0865581474,4194.901764722223,0.9945612059937395,22.815206574822422,0.05282125300452473,0.1709559942033261,0.9510140505427117,0.0,0.06944444444444445,0.10733870423517683,0.0,False,1234.2475711653328,3.644370654420634,1442,2023-08-15,0.18448458646071791,0.3516440586073383,2.386
98,4,300,253.18504306863971,4480.8897428565,4256.845255713684,4285.843396388889,0.9932339710079846,28.998140675204656,0.05947715452630232,0.19089606855456015,0.9732567945315513,0.0,0.0,0.0,0.0,False,1419.6642173248365,2.3330956493363093,1440,2023-05-01,0.1835621635284143,0.41691048894761656,2.519
99,5,300,47.86506788618423,4592.647007686772,4363.014657302451,4426.326430555555,0.9856965422125098,63.31177325310381,0.010970641092408813,0.18646941381949705,0.9659270872139214,0.0,0.0,0.0,0.0,False,1879.7872490653926,2.552159786999259,1440,2023-04-11,0.18264435271077226,0.42571066621939624,2.466
100,5,273,264.6546074879529,3904.1971746113395,3708.9873158807513,3804.2526366666666,0.9749582033885668,95.26532078591528,0.07135495081225612,0.2407721387189955,0.9568544379464231,0.0,0.0,0.0,0.0,False,1181.0024787135685,3.3061946193515657,1440,2023-07-31,0.18173113094721838,0.443165977762984,2.423
101,5,235,356.62343811709536,3377.552993552751,3208.6753438751257,3260.9547275,0.9839680743850884,52.2793836248745,0.11114350936059499,0.2231793682834485,0.9890720974845486,0.0,0.0,0.0,0.0,False,1007.844437694434,1.6202228771901992,1440,2023-12-14,0.18082247529248227,0.33562562528300777,2.366
102,5,212,16.351272936628497,3219.749381210362,3058.7619121498465,3084.5452880555554,0.9916411096294967,25.783375905709246,0.005345716144718184,0.19140348542685895,0.9886775726858297,0.0,0.0,0.0,0.0,False,871.4949339985864,1.7577245304143072,1440,2023-12-25,0.1799183629160199,0.2871384698430578,2.479
103,5,168,196.906474372942,2661.4234349751873,2528.352263226425,2547.7032433333334,0.9924045392030861,19.35098010690847,0.07787936722142906,0.19947625682107145,0.976787440554856,0.0,0.0,0.0,0.0,False,662.5015363034503,2.329291190517568,1440,2023-07-20,0.1790187711014398,0.3186855135042519,2.411
104,5,175,235.04058800487394,2467.3586838905935,2343.9907496960564,2364.2571944444444,0.991427986432267,20.266444748387897,0.10027368411558428,0.20308581624148003,0.9726434135388283,0.0,0.0,0.0,0.0,False,874.2283761689573,2.553916522089043,1440,2023-09-13,0.1781236772459326,0.3261892385248861,2.251
105,5,127,289.10175802424703,1929.2844194471788,1832.8201984748184,1861.4149861111111,0.9846381447180496,28.594787636292867,0.15773601702164952,0.2244157667876115,0.9762750324897406,0.0,0.0,0.0,0.0,False,559.3148460932863,2.2864180885450662,1440,2023-01-16,0.17723305885970292,0.3240968970044206,2.385
106,5,133,-64.23507482949542,2245.641981937216,2133.359882840369,2149.261358611111,0.9926014229460591,15.901475770742342,-0.030109816607206668,0.19237501572471724,0.9710708731585385,0.0,0.0,0.0,0.0,False,826.9812167621046,2.6787885286139286,1440,2023-05-13,0.1763468935654044,0.2742763442471784,2.284
107,5,122,228.39475681160138,1878.1672135369286,1784.2588528600818,1805.342373888889,0.9883215941010729,21.083521028807194,0.12800539363752939,0.18899425394108962,0.9999391041593501,0.0,0.0,0.0,0.0,False,572.341596870384,1.2569427227689296,1440,2023-12-04,0.17546515909757737,0.3052908035935161,2.261
108,5,151,209.7788815745718,2114.6718180366074,2008.938227134769,2020.2935105555557,0.9943793892513845,11.355283420786687,0.10442276359774742,0.17476666525747286,0.9845767630489296,0.0,0.0,0.0,0.0,False,882.5996138858002,2.133714899109423,1440,2023-06-20,0.1745878333020895,0.33809033429751256,2.358
109,5,267,376.25923290193845,3743.2038346836252,3556.0436429494544,3590.4302374999997,0.9904227091808115,34.386594550545325,0.10580838445218334,0.2102491050083963,0.9855149425143728,0.0,0.0,0.0,0.0,False,1358.6008733502717,2.0328261167294497,1440,2023-11-09,0.17371489413557906,0.3968923207017929,2.387
110,5,237,385.8928825061119,3726.0179356940025,3539.717038909302,3573.423532222222,0.9905674507908222,33.70649331291962,0.10901800292630667,0.20693970621784127,0.9585946083573698,0.0,0.0,0.0,0.0,False,1252.7492559949374,3.046904281208247,1440,2023-09-26,0.17284631966490113,0.3653600871227659,2.311
111,5,285,487.16224053028367,4209.233216709621,3998.771555874104,4058.8389166666666,0.985200851271552,60.06736079256254,0.12182797484758875,0.20736702273892524,0.978558146668637,0.0,0.0,0.0,0.0,False,1133.3365486838302,2.2045468896995435,1440,2023-10-27,0.17198208806657664,0.3470679922878733,2.374
112,5,211,247.44190584941114,3090.403380522467,2935.883211496347,2949.5496255555554,0.9953666098916256,13.666414059208286,0.08428193086171712,0.19155590525759872,0.9597023949153214,0.0,0.0,0.0,0.0,False,1100.2783311986313,3.2935314790458365,1440,2023-06-27,0.17112217762624377,0.33112586893662815,2.44
113,5,229,376.41713117576484,3612.363082069548,3431.7449279660614,3505.6347222222216,0.9789225632129404,73.889794256161,0.10968680338339162,0.20634531075885823,0.9895196732886248,0.0,0.0,0.0,0.0,False,1115.198231991992,1.7722338568998302,1440,2023-02-20,0.17026656673811255,0.3535788334516705,2.415
114,5,295,106.24254516310964,4731.552845687677,4494.975203403277,4544.350632777779,0.9891347667985029,49.37542937450089,0.02363584677456514,0.19314508107720643,0.9511735416489969,0.0,1.0416666666666667,28.685849662851144,0.0,False,1798.7201942523634,3.603230484384594,1470,2023-05-14,0.16941523390442195,0.33868724742299056,2.377
115,5,252,37.09615764030851,3889.6651142754795,3695.1818585617193,3723.066568333333,0.9925102843959901,27.88470977161428,0.010039061421119745,0.20813640437945485,0.9511358479755307,0.0,0.0,0.0,0.0,False,1234.8711065877512,3.3268433300958073,1440,2023-09-19,0.16856815773489983,0.3561572298458202,2.535
116,5,234,152.29025210274548,3232.6461338130916,3071.0138271224264,3091.838799166667,0.9932645349913284,20.824972044239743,0.04958956900739295,0.19334687763578218,0.9581406183748336,0.0,0.0,0.0,0.0,False,1207.330073543203,3.1313121909933237,1440,2023-07-25,0.16772531694622533,0.3367454843001646,2.458
117,5,218,198.1650208235224,3418.633912300519,3247.702216685484,3274.933933611111,0.9916848041891336,27.23171692562728,0.06101699220003126,0.21017913457682438,0.9742996658057762,0.0,0.0,0.0,0.0,False,1093.9061399581215,2.3436714617742282,1440,2023-05-03,0.16688669036149426,0.35408570281793095,2.411
118,5,221,356.0984570367168,3662.911202961933,3479.7656428138325,3500.5954266666668,0.9940496454705511,20.82978385283412,0.10233403441180193,0.18568274968602022,0.9896255758988679,0.0,0.0,0.0,0.0,False,1183.0345158526698,1.7713874078348135,1440,2023-04-26,0.16605225690968675,0.33041795563301,2.416
119,5,289,388.29073330744257,3839.47044973148,3647.4969272448852,3665.9695383333333,0.9949610571241009,18.47261108844814,0.10645402615890225,0.17228865700121096,0.9830439325373211,0.0,0.0,0.0,0.0,False,1246.082347974526,1.9128694774613537,1440,2023-11-09,0.1652219956251383,0.3660916671605413,2.376
120,5,170,267.0998338532011,2495.095889616953,2370.3410951360875,2386.3148130555555,0.993306114586359,15.97371791946801,0.11268413411103022,0.18077829784468255,0.952036218625029,0.0,0.0,0.0,0.0,False,930.5220397026916,3.46630038351087,1440,2023-08-23,0.16439588564701263,0.42548320743908624,2.477
121,5,267,287.7319087727332,4216.331282025646,4005.514717924365,4037.466842222222,0.9920860961720566,31.95212429785761,0.07183394121238787,0.19725999559608168,0.9668355402811281,0.0,0.0,0.0,0.0,False,1115.8207494305284,2.9429101078921676,1440,2023-05-22,0.16357390621877757,0.4552803149140505,2.518
122,5,241,470.7580885392942,3684.5582733298593,3500.3303596633637,3537.704613611111,0.9894354509407167,37.374253947747654,0.13448961674136617,0.20461615423471238,0.9818907961908548,0.0,0.0,0.0,0.0,False,1261.1686005596034,1.9125820682091326,1440,2023-10-16,0.16275603668768368,0.4429952660611398,2.532
123,5,120,-12.342718659677342,1842.3883628871754,1750.2689447428143,1757.6447630555554,0.9958035784774173,7.375818312741315,-0.007051898336395947,0.208193870746068,0.9614635194202656,0.0,0.0,0.0,0.0,False,585.8439036607742,3.045804734429491,1440,2023-05-26,0.16194225650424526,0.41675287026208807,2.445
124,5,191,84.52063212070524,3045.9189136060954,2893.6229679257644,2907.279374722222,0.9953026850755399,13.65640679645751,0.02920927607278849,0.1933173950311015,0.9589343967722681,0.0,0.0,0.0,0.0,False,1061.6590610485819,3.108979469785832,1440,2023-07-08,0.16113254522172402,0.3874782837605609,2.485
125,5,275,60.21137893015618,4237.129351039649,4025.2728834876552,4052.2703947222226,0.9933376826803736,26.99751123456709,0.01495833467021661,0.17360911399035617,0.9551948015536839,0.0,0.0,0.0,0.0,False,1587.4560322559441,3.2994494468536044,1440,2023-07-05,0.1603268824956154,0.39712099138071044,2.518
126,5,220,231.29595944764407,3046.5485518743476,2894.2211242806407,2929.7886036111113,0.987860052671844,35.56747933047101,0.07991647822179887,0.21050545362500264,0.9604272055803313,0.0,0.0,0.0,0.0,False,741.0724096967535,2.9830999592190537,1440,2023-07-07,0.15952524808313734,0.4495129200669519,2.61
127,5,126,242.04303782000935,1942.149442773708,1845.0419706350233,1864.2077916666667,0.9897190532529057,19.165821031643414,0.13118565413268263,0.21090128120554405,1.0016832943500225,0.0,0.0,0.0,0.0,False,624.5102115631707,1.1647247122005908,1440,2023-10-19,0.15872762184272163,0.40972924313847275,2.571
128,5,258,291.569369064058,3600.070114653817,3420.066608921101,3454.662361111111,0.9899857790505225,34.595752190010145,0.0852525410772736,0.193465238068578,0.9563216926772614,0.0,0.0,0.0,0.0,False,1438.8942232291279,3.1329160615118052,1440,2023-06-14,0.15793398373350803,0.37648641685822115,2.638
129,5,252,262.13531397670897,3560.4275496053097,3382.406172125022,3397.587051111111,0.9955318645975164,15.180878986089208,0.07749965575897129,0.20051593403116577,0.985840205818399,0.0,0.0,0.0,0.0,False,1358.6422896689414,2.0355753242584247,1440,2023-12-20,0.15714431381484048,0.38857818883191636,2.432
130,5,273,88.66111752530242,3961.8751006224315,3763.78134559131,3785.257686111111,0.9943263200815622,21.47634051980124,0.023556394323797594,0.19502346097567358,0.9823758525330132,0.0,0.0,0.0,0.0,False,1138.0334328246613,1.8503185021244382,1440,2023-11-04,0.1563585922457663,0.38271427859162105,2.469
131,5,151,242.35142664214146,2100.6089542951995,1995.578506580437,2009.4966805555553,0.9930738009623035,13.918173975118066,0.1214441956770859,0.19203776999057265,0.995950739620882,0.0,0.0,0.0,0.0,False,444.939674147292,1.3588466455047592,1440,2023-04-07,0.15557679928453744,0.3903554180726839,2.505
132,5,136,-51.25690922141529,1899.4377437989747,1804.4658566090202,1821.2888177777777,0.9907631557364505,16.822961168757637,-0.028405585527530048,0.19091455914062028,0.9682057485661197,0.0,0.0,0.0,0.0,False,621.3769244705405,2.9042135849915867,1440,2023-06-11,0.1547989152881148,0.40343496132522766,2.514
133,5,276,337.7542856830881,4170.673412097074,3962.1397414921953,3985.623797222222,0.9941078092351833,23.48405573002679,0.08524542487637886,0.17088896213068883,0.9772982056547954,0.0,0.0,0.0,0.0,False,1384.1859213750436,2.1237083158356054,1440,2023-12-18,0.1540249207116742,0.4168239318401269,2.44
134,5,124,105.42184641348607,1718.8262557577289,1632.8849429698325,1639.5587247222222,0.9959295256389671,6.673781752389568,0.06456171138534023,0.19398073352592396,0.9987011445655686,0.0,0.0,0.0,0.0,False,720.4415050479172,1.4638878189874827,1440,2023-04-27,0.15325479610811582,0.473046973567361,2.445
135,5,218,81.61093930991872,3069.5236197435643,2916.0474387563836,2935.455618888889,0.9933883585200134,19.408180132505496,0.027986835270664735,0.16770288701499964,0.9510000568009256,0.0,2.7083333333333335,68.02880044676797,0.0,False,1319.866341860671,3.2891904199888,1557,2023-07-08,0.15248852212757524,0.4675244732033348,2.571
136,5,134,181.77024088678039,2095.5579283394436,1990.7800319224652,2036.9475505555556,0.9773349497288241,46.16751863309046,0.09130603982964793,0.21953350456814125,0.999427286007457,0.0,0.0,0.0,0.0,False,640.8788409510412,1.2909760828298034,1440,2023-11-13,0.15172607951693737,0.5225325908853973,2.5
137,5,174,21.607627024775486,2714.842911909437,2579.10076631396,2589.1586869444445,0.9961153711121683,10.057920630484228,0.008377969293404933,0.1821457750695095,0.9825535985908483,0.0,0.0,0.0,0.0,False,808.7272010004372,2.001181601452183,1440,2023-01-01,0.15096744911935267,0.4515350511857288,2.593
138,5,207,415.79234413786435,3200.92248085274,3040.8763568100976,3066.1304025,0.991763544802494,25.254045689902515,0.1367343802738608,0.18653483965523385,0.9922088937405913,0.0,0.0,0.0,0.0,False,966.4538030159913,1.4283181104340548,1440,2023-11-16,0.15021261187375592,0.47788273556950833,2.6
139,5,196,74.16274016274744,2745.8045886301447,2608.5143591986334,2647.914686388889,0.9851202429622126,39.4003271902559,0.028431026228098323,0.24878988746446648,0.9922900806205608,0.0,0.0,0.0,0.0,False,869.0893061196015,1.5587094243490776,1440,2023-11-04,0.14946154881438714,0.48997819900517675,2.665
140,5,192,337.2211619511177,2973.936956481733,2825.240108657648,2861.0283611111113,0.9874911227934963,35.788252453463166,0.1193601778899214,0.21662957228197818,0.9805156830988015,0.0,0.0,0.0,0.0,False,1074.4448652773308,2.173342491862578,1440,2023-03-04,0.1487142410703152,0.3602539702001763,2.631
141,5,125,200.42221631999996,1925.0821001395443,1828.8279951325667,1856.658597222222,0.985010382559673,27.830602089655194,0.10959052292146912,0.21491269863050969,0.9840201810584992,0.0,0.0,0.0,0.0,False,652.1609234213829,2.1009184562352394,1440,2023-09-11,0.14797066986496363,0.3263958019435513,2.503
142,5,120,94.65675071602845,1753.4986930755056,1665.8237584217331,1682.4837419444445,0.990097982460468,16.65998352271157,0.056822788267655626,0.20998327057230437,0.9631921461914059,0.0,0.0,0.0,0.0,False,463.46375397562747,3.1077864182260777,1440,2023-08-15,0.1472308165156388,0.30234075443995645,2.502
143,5,142,28.120808102515632,2214.9625959378104,2104.214466140912,2121.5377936111117,0.9918345421314823,17.323327470198887,0.013364040859432281,0.20069615440637764,0.972347708420496,0.0,0.0,0.0,0.0,False,523.5222933635981,2.6901823328155867,1440,2023-09-24,0.1464946624330606,0.2934422946365171,2.495
144,5,121,272.5899038098302,1992.2522446344858,1892.6396324027542,1908.6932652777775,0.9915892023265,16.053632875023627,0.14402631073712135,0.22374355461993775,1.0023552141363208,0.0,0.0,0.0,0.0,False,501.2047678691798,1.2845610753546943,1440,2023-02-22,0.1457621891208953,0.3067203746384855,2.543
145,5,241,448.5802074496929,3214.5866421401815,3053.8573100331932,3077.9190472222217,0.9921824658739015,24.061737189028932,0.14688970764151948,0.18143696382157054,0.9829782157434555,0.0,0.0,0.0,0.0,False,1331.6123010611345,1.8924636743340273,1440,2023-03-08,0.14503337817529083,0.26545138043923117,2.578
146,5,215,301.76659651795126,3111.173610883491,2955.614930339302,2979.8404452777777,0.9918701972862788,24.225514938475456,0.10209942892774218,0.20230173843908197,0.9752296413421274,0.0,0.0,0.0,0.0,False,967.5484275262785,2.472863593108684,1440,2023-10-02,0.14430821128441437,0.326438836645157,2.516
147,5,237,527.9413221182332,3858.7111745930356,3665.7756158633983,3682.7839561111105,0.9953816622287905,17.008340247712646,0.14401899555270173,0.19253000137422333,0.9997817059526768,0.0,0.0,0.0,0.0,False,778.6636451637479,1.254357852271812,1440,2023-11-16,0.1435866702279923,0.32921121052941843,2.479
148,5,166,121.40801099076167,2430.2946065559154,2308.7798762281236,2320.661513888889,0.9948800643309439,11.881637660765552,0.0525853556854052,0.1843507895997196,0.9687833950110971,0.0,0.0,0.0,0.0,False,558.5953289442748,2.815270679504504,1440,2023-07-25,0.14286873687685234,0.35330043111080545,2.629
149,5,231,82.94831493439628,3471.9624374365126,3298.364315564684,3316.7805972222222,0.9944475429960723,18.416281657537617,0.0251483180748017,0.16999217780611742,0.9567372728580446,0.0,0.0,0.0,0.0,False,1317.037235935864,3.0692871149973104,1440,2023-10-03,0.14215439319246806,0.39134853399983727,2.54
150,5,258,356.3849545640861,3940.875156415797,3743.831398595013,3769.2565225000003,0.993254605051894,25.42512390498701,0.09519257589907239,0.17728790609547274,0.979528798052826,0.0,0.0,0.0,0.0,False,1324.5929276749634,2.023175664216245,1440,2023-12-11,0.14144362122650572,0.45487635336668164,2.676
151,5,189,239.0199407538754,2711.330485728734,2575.763961442286,2593.6692175,0.9930965537405836,17.905256057714283,0.0927957469441561,0.18323393783557235,0.9673593981965162,0.0,0.0,0.0,0.0,False,970.1327497257278,2.9015714257891463,1440,2023-09-25,0.1407364031203732,0.4907836113188019,2.709
152,5,203,348.0102862200783,2922.80409979009,2776.6638948006057,2789.114638888889,0.9955359511170027,12.450744088283267,0.12533396169112831,0.17186516441590097,0.9976504566130873,0.0,0.0,0.0,0.0,False,794.653606828012,1.420639380590617,1440,2023-03-03,0.14003272110477133,0.5072664509605003,2.564
153,5,300,504.5134357135011,4571.8309402589175,4343.239393245962,4371.384523055555,0.9935615067351887,28.145129809593282,0.11616063266004965,0.17439894021057462,0.9710071571193347,0.0,0.0,0.0,0.0,False,1667.7718062108097,2.369955692924014,1440,2023-10-24,0.13933255749924747,0.5468707659763409,2.559
154,5,265,313.9794172484094,4115.817994042555,3910.0270943404003,3926.184402777778,0.9958847301145748,16.157308437377342,0.08030108479372979,0.19484553275627625,0.9794661470270197,0.0,0.0,0.0,0.0,False,1302.6589823766813,2.0212980695226896,1440,2023-03-12,0.13863589471175125,0.5742599642302028,2.547
155,5,297,475.3692453346055,4767.106473074805,4528.751149421034,4560.012005555556,0.9931445671422714,31.260856134522392,0.10496696101206131,0.21051954749945895,0.9510011206043137,0.0,5.069444444444445,236.01298971112323,0.0,False,1427.9703139921396,3.906035904149931,1545,2023-08-30,0.1379427152381925,0.5514465425949348,2.568
156,5,188,-311.76446879582846,2564.5273863304064,2436.301017013884,2454.140806944444,0.9927307390512887,17.839789930560087,-0.1279663172237849,0.10870375860300212,0.9915521363664846,0.0,0.0,0.0,0.0,False,914.0030081125401,1.4236893735651974,1440,2023-04-19,0.13725300166200152,0.49818699547674555,2.567
157,5,244,195.20257404081264,3278.923675625601,3114.977491844309,3130.1270555555557,0.9951600802643592,15.149563711246579,0.06266580562841804,0.16688236972784914,0.97910095579816,0.0,0.0,0.0,0.0,False,1180.0509971485717,2.0248262799237846,1440,2023-02-25,0.1365667366536915,0.684138905424249,2.583
158,5,291,457.6313532443857,4597.9138062149395,4368.018115904195,4387.226944444444,0.9956216469347288,19.208828540249343,0.10476864818351478,0.20450839932677803,0.9598807442232452,0.0,0.0,0.0,0.0,False,1427.6337044466102,2.9853126744296126,1440,2023-06-29,0.13588390297042305,0.706563370421196,2.676
159,5,237,310.45924971442867,3394.2012695665,3224.491206088169,3235.534807777778,0.9965867770412911,11.04360168960913,0.09628162394372479,0.172194285945185,0.9859955134039821,0.0,0.0,0.0,0.0,False,1199.9671342263573,1.8599361469014408,1440,2023-11-25,0.13520448345557096,0.641500257334771,2.62
160,5,272,118.6681887879385,4011.4702517798733,3810.8967391908977,3837.2945277777776,0.9931207290981213,26.397788586880058,0.03113917718304099,0.1535810792274842,0.9730858162182027,0.0,0.0,0.0,0.0,False,1636.865480253571,2.398703082813909,1440,2023-03-30,0.13452846103829308,0.6619311020078764,2.92
161,5,244,469.8870476713071,3605.74640839335,3425.459087973685,3451.2518272222223,0.9925265554240078,25.79273924853647,0.13717491162601117,0.1729173834011575,0.973534114582047,0.0,0.0,0.0,0.0,False,1445.946251318625,2.3389095608278416,1440,2023-01-28,0.13385581873310162,0.7215457785639284,2.878
162,5,247,271.09468437029415,3604.478753296138,3424.254815631319,3438.8968925,0.9957422169589865,14.642076868680881,0.07916895761751692,0.193708596095787,0.9680353092091586,0.0,0.0,0.0,0.0,False,1022.019794171078,2.700868703066856,1440,2023-09-07,0.1331865396394361,0.7280517814566307,2.736
163,5,190,215.81484873416238,3039.619199018602,2887.638239067668,2903.604258611111,0.9945013100541876,15.966019543442805,0.07473749509697673,0.19888136561998973,0.9525068020118408,0.0,0.0,0.0,0.0,False,952.1724117710842,3.4320403021056567,1440,2023-08-05,0.13252060694123893,0.6878304860378185,2.69
164,5,278,398.68125166356407,4397.407834000074,4177.5374423000385,4200.755907777777,0.9944727887105392,23.218465477738903,0.09543451307621578,0.1806146511633629,0.9820814529227248,0.0,0.0,0.0,0.0,False,1197.92104813871,2.010887486168464,1440,2023-11-18,0.13185800390653274,0.6443292884685231,2.648
165,5,144,137.09390913132617,2442.1534040215743,2320.0457338205033,2328.281088888889,0.9964629034236087,8.235355068385635,0.059091037358806144,0.1704561719359198,0.9810999409487945,0.0,0.0,0.0,0.0,False,824.54821126872,1.932321532018185,1440,2023-07-09,0.13119871388700008,0.6506843696594977,2.552
166,5,224,289.78294346369034,2875.175158337863,2731.4164004209633,2751.4814027777775,0.9927075638830205,20.065002356814443,0.10609255455119522,0.18195440109700442,0.9854917976981407,0.0,0.0,0.0,0.0,False,1096.0057246297893,1.711080003984533,1440,2023-04-12,0.13054272031756506,0.6795942803158563,2.551
167,5,250,419.16804866576604,3591.8697728162756,3412.2762841754593,3428.6668611111118,0.9952195481218782,16.39057693565185,0.12284118100567393,0.16705360224541813,0.9671492617022545,0.0,0.0,0.0,0.0,False,1526.1771324454724,2.6604663603820606,1440,2023-10-12,0.12989000671597725,0.6783283846317067,2.457
168,5,273,240.28482929326444,4170.4514321626175,3961.9288605544966,4001.0353052777778,0.9902259186086921,39.10644472328131,0.06064844618629399,0.21081608873943586,0.9555502918836907,0.0,0.0,0.0,0.0,False,1184.633631421154,3.2181589637930226,1440,2023-10-04,0.12924055668239737,0.7117447454456058,2.582
169,5,215,322.91019108915276,3230.2124882165103,3068.701863805689,3083.3445694444445,0.9952510316933556,14.642705638755967,0.10522696743459192,0.18153709440786475,0.9928938992640999,0.0,0.0,0.0,0.0,False,1011.8136097176454,1.4934805696378701,1440,2023-10-17,0.12859435389898535,0.6416595593729145,2.566
170,5,187,234.7583365976527,3051.7857710303556,2899.1964824788347,2915.8831111111112,0.9942773328023022,16.686628632276463,0.08097358630793197,0.16188240612383478,0.9951223085911484,0.0,0.0,0.0,0.0,False,818.3056175653256,1.352371786598412,1440,2023-03-22,0.12795138212949045,0.6509283433238247,2.524
171,5,176,327.626056600903,2738.265269953657,2601.352006455973,2605.982148888889,0.9982232639487227,4.6301424329158545,0.12594453030109284,0.15329616197181917,0.9929699692777467,0.0,0.0,0.0,0.0,False,1036.647290007768,1.7035597295083196,1440,2023-10-16,0.12731162521884298,0.7034895644032269,2.507
172,5,196,91.6408805544347,2751.2084684932934,2613.6480450686295,2626.267041111111,0.9951950826610751,12.618996042481413,0.03506244106865903,0.19436056617661074,0.9790995286868999,0.0,0.0,0.0,0.0,False,1076.576895671228,2.092362981099331,1440,2023-04-25,0.12667506709274878,0.7667634703025922,2.643
173,5,207,152.63318468314108,3016.089419594856,2865.2849486151044,2874.6415555555554,0.9967451222145006,9.356606940451389,0.05326980995621891,0.1872264726124346,0.963747844323101,0.0,0.0,0.0,0.0,False,1035.9258009974583,2.970303252298239,1440,2023-08-11,0.12604169175728502,0.7273228774627123,2.807
174,5,250,521.4990647343245,3945.443814308783,3748.1716235933345,3758.7886327777774,0.997175417342742,10.617009184442848,0.13913425453938222,0.17382992029555847,0.9821093474812838,0.0,0.0,0.0,0.0,False,932.3407838195375,1.9526208738451771,1440,2023-02-11,0.1254114832984986,0.7121040854013743,2.574
175,5,280,360.2318139237543,4300.7434261615035,4085.7062548534,4110.958288333333,0.9938573851377678,25.25203347993314,0.08816879908971328,0.16489281935403394,0.9671116658377448,0.0,0.0,0.0,0.0,False,1558.199949835993,2.306546414428362,1440,2023-03-31,0.12478442588200611,0.7307099708346534,2.492
176,5,133,108.04287614362504,2253.044349556126,2140.3921320783215,2152.123179166667,0.9945490819475826,11.731047088345319,0.05047807573405503,0.1708824477098377,0.9622617410573444,0.0,0.0,0.0,0.0,False,741.0099761730581,3.151493620332123,1440,2023-06-13,0.12416050375259607,0.767011660284929,2.377
177,5,289,103.91069142011908,4313.044265117607,4097.392051861743,4116.3715438888885,0.9953892665361265,18.979492027146097,0.025360202320133092,0.15921004591596902,0.9641186124028248,0.0,0.0,0.0,0.0,False,1585.1302615872632,2.697739562503961,1440,2023-09-10,0.12353970123383311,0.7843317070768892,2.687
178,5,216,59.91649283687079,3347.3601426680566,3179.9921355346555,3192.9980419444446,0.9959267415015799,13.005906409788917,0.01884171101158933,0.18939724427200938,0.9546392646786803,0.0,0.0,0.0,0.0,False,1109.7076814970542,3.3929313149631173,1440,2023-08-09,0.12292200272766393,0.8259065261611701,2.54
179,5,184,378.11435811159186,3024.5989850581104,2873.3690358052,2889.0951822222223,0.9945567226328188,15.726146417022733,0.13159268906983032,0.1964787597874249,0.9951649149248296,0.0,0.0,0.0,0.0,False,995.5880658123548,1.6674646261684658,1440,2023-02-15,0.1223073927140256,0.7932846828317055,2.473
180,5,241,25.82636555881099,3288.6323173779997,3124.200701509092,3141.3383886111105,0.9945444632249264,17.13768710201865,0.008266551360268245,0.17081003019191565,0.9537255937868698,0.0,0.0,0.0,0.0,False,1162.2021529129488,3.2788502476562242,1440,2023-08-06,0.12169585575045548,0.7517839360448485,2.436
181,5,223,20.568982598071475,3266.583597417709,3103.254417546821,3121.405890277778,0.9941848406234213,18.151472730956556,0.006628197314976073,0.1793214745650047,0.9624090394276428,0.0,0.0,0.0,0.0,False,1095.4694441399201,2.8650765521592243,1440,2023-09-19,0.1210873764717032,0.7765140422158874,2.464
182,5,166,142.6461176880203,2402.2876344708366,2282.173252747263,2292.7130525000002,0.9954029137046853,10.539799752736927,0.0625045085934225,0.1998957864231215,0.9523256707855501,0.0,0.0,0.0,0.0,False,697.5390744963461,3.326458031632214,1440,2023-06-13,0.12048193958934468,0.7786068758036724,2.605
183,5,178,274.39985764603705,2839.6201159269726,2697.639110130611,2706.6525933333332,0.9966698780534586,9.013483202722425,0.10171851995160001,0.17553633873537003,0.9922675876821976,0.0,0.0,0.0,0.0,False,1051.628120058687,1.5238241742254321,1440,2023-10-17,0.11987952989139797,0.7350228672648873,2.555
184,5,250,412.7659670627361,3710.8277659929026,3525.28637769323,3538.381346666667,0.996299164027141,13.094968973436654,0.11708721585700772,0.19602214698508647,0.9902393857236337,0.0,0.0,0.0,0.0,False,817.5402384442241,1.6650434220281887,1440,2023-03-05,0.11928013224194098,0.754969628410144,2.582
185,5,227,133.31710629258,3582.2790633296804,3403.1651101632056,3420.3378888888883,0.9949792157139009,17.172778725683358,0.03917444554613059,0.2024751099088367,0.9643519984867664,0.0,0.0,0.0,0.0,False,783.0237389414683,3.1089682620674512,1440,2023-07-08,0.11868373158073126,0.726057151827719,2.628
186,5,211,283.4257301700668,3467.9222865264683,3294.526172200144,3306.944674166667,0.9962447203717878,12.418501966522527,0.0860292847456088,0.15306738764240635,0.9832934823847089,0.0,0.0,0.0,0.0,False,920.5630201672393,2.014221924724636,1440,2023-12-09,0.11809031292282761,0.6886068966340866,2.609
187,5,181,92.32836637611206,2519.6427571790186,2393.660619320066,2398.9667,0.9977881807696897,5.306080679933532,0.038572037168050376,0.1772186450917824,0.9894649363351522,0.0,0.0,0.0,0.0,False,985.5695251087645,1.6937763355335311,1440,2023-04-23,0.11749986135821347,0.769690312083207,2.53
188,5,257,-9.753590522848452,3598.6961942692255,3418.7613845557476,3440.4065972222224,0.9937085306475254,21.645212666475096,-0.0028529603051298904,0.18473537096456613,0.9510022933367168,0.0,2.0833333333333335,75.98199334362921,0.0,False,1293.654064040008,3.5914639244091067,1500,2023-05-26,0.11691236205142241,0.782563345799287,2.671
189,5,190,174.16531655370324,2962.067269871869,2813.9639063782556,2823.6352183333333,0.996574872032944,9.671311955077623,0.06189323045648609,0.18066606286077136,0.9971756434065833,0.0,0.0,0.0,0.0,False,799.2228545576826,1.4481139135222092,1440,2023-04-27,0.11632780024116529,0.7770882073037985,2.543
190,5,179,226.44192930202811,2280.685299123763,2166.6510341675666,2172.788974166667,0.997175086917286,6.137939999099624,0.10451241373488082,0.16232409791365193,0.9670825414129922,0.0,0.0,0.0,0.0,False,797.2377077014914,2.927747010233006,1440,2023-06-29,0.11574616123995946,0.7826272711927176,2.546
191,5,281,384.17322307677597,4019.5586072040946,3818.580676843869,3849.689405,0.991919158954557,31.108728156130915,0.10060628688727945,0.1747093396761072,0.975013699155734,0.0,0.0,0.0,0.0,False,1123.2926663883002,2.3388870041470478,1440,2023-04-28,0.11516743043375967,0.8292946402918331,2.526
192,5,167,65.19364661488652,2260.956882549745,2147.909038422271,2158.81592,0.99494774821851,10.906881577729433,0.03035214501577496,0.16729030036147202,0.95795471576095,0.0,0.0,0.0,0.0,False,897.1928343219537,3.1432327901226014,1440,2023-08-03,0.11459159328159088,0.8406455367099184,2.589
193,5,161,303.53474759060686,2662.352378184762,2529.2347592755236,2537.5076816666665,0.9967397448879015,8.272922391142945,0.12001050771481238,0.17103472472126038,0.9839896319245801,0.0,0.0,0.0,0.0,False,1145.5307005482505,2.0751751440502533,1440,2023-03-01,0.11401863531518291,0.8676836253185105,2.532
194,5,249,242.96259676353708,3787.6824505762984,3598.2983280474887,3607.894300277778,0.9973402845450461,9.595972230289114,0.0675215267366043,0.1730219586034944,0.9565411204507785,0.0,0.0,0.0,0.0,False,1243.6745039584418,3.043292923436562,1440,2023-05-30,0.113448542138607,0.8825246263777868,2.601
195,5,232,294.27856834380844,3724.0460407661467,3537.843738727821,3554.6150105555553,0.9952818317095011,16.771271827734427,0.08318020525395747,0.1581241305606237,0.9811960136628681,0.0,0.0,0.0,0.0,False,1342.129418197002,2.0091757755163946,1440,2023-03-11,0.11288129942791396,0.8913744147541183,2.473
196,5,128,86.6920103207132,2136.5940032156377,2029.764303054833,2040.2899969444447,0.9948410795007694,10.525693889611633,0.04271038277214754,0.174037893088164,0.9537545208688976,0.0,0.0,0.0,0.0,False,542.8911155318422,3.4058414122892873,1440,2023-08-19,0.11231689293077439,0.9333232606214678,2.679
197,5,135,231.68966517011393,1778.1132115261205,1689.2075509498195,1700.3743333333337,0.993432750562858,11.166782383514079,0.13715879084239105,0.18308733736139202,0.992942373946482,0.0,0.0,0.0,0.0,False,685.9049400979394,1.3779672194287085,1440,2023-02-16,0.11175530846612053,0.9331701651003506,2.659
198,5,188,350.34595279905415,2746.4479349245366,2609.125538178305,2647.670885,0.9854417907300834,38.54534682169536,0.13427715442303562,0.1986181077939015,1.0000767812726352,0.0,0.0,0.0,0.0,False,825.8378017771465,1.4069507801749483,1440,2023-03-06,0.1111965319237899,0.9139845444142854,2.508
199,5,270,310.49145540401776,4096.312235610658,3891.4966238300904,3909.355998333333,0.9954316325986028,17.859374503242748,0.07978715785147611,0.17467333649655978,0.9510009595578638,0.0,0.6944444444444444,6.710122550781038,0.0,False,1669.8113003642934,3.4364503535755793,1460,2023-06-07,0.11064054926417097,0.8645374475242176,2.601
200,5,192,227.56459296373578,2947.876590186834,2800.482760677498,2813.092083333333,0.9955176289000487,12.609322655835207,0.0812590586733992,0.195436400399384,0.9839147030204944,0.0,0.0,0.0,0.0,False,740.997358824653,2.052778816964272,1440,2023-10-08,0.11008734651785011,0.878924600041487,2.556
201,5,262,473.2497243754554,3712.3255498672684,3526.709272373907,3554.3724075,0.9922171534227191,27.663135126093145,0.1341901721479016,0.17669089818478972,0.9826802828190964,0.0,0.0,0.0,0.0,False,1135.8474563650518,1.805363077052906,1440,2023-02-23,0.10953690978526086,0.8449837614491199,2.638
202,5,177,235.0759115414764,2476.692487383939,2352.8578630147126,2361.718298888889,0.9962483095979969,8.860435874176321,0.09991080006859149,0.16980624476918016,0.9684022187720889,0.0,0.0,0.0,0.0,False,899.3832673093355,2.7647631127018184,1440,2023-06-15,0.10898922523633456,0.8602366505380943,2.537
203,5,163,223.56152712505516,2437.434584030396,2315.5628548288705,2328.5429444444444,0.9944256601981327,12.980089615573846,0.09654738011487805,0.16727657013275637,0.9814744081610394,0.0,0.0,0.0,0.0,False,907.9994490355352,2.2833015918922857,1440,2023-10-02,0.10844427911015289,0.8890948870851558,2.597
204,5,263,-188.93533344551517,3975.6116778740743,3776.831093980375,3797.9322936111107,0.9944440295404339,21.10119963073621,-0.05002483000805778,0.1565256581041525,0.9510024833852749,0.0,2.0833333333333335,50.97418375581335,0.0,False,1325.4881954789098,3.8341362206322915,1525,2023-07-16,0.10790205771460211,0.9193829320162996,2.717
205,5,278,573.3168394643562,4096.02727862094,3891.225914689903,3908.366067777778,0.9956144964953039,17.140153087874772,0.14733578878060197,0.1875069802668824,0.9712689854387184,0.0,0.0,0.0,0.0,False,1606.5206534044733,2.341907218737861,1440,2023-02-04,0.10736254742602912,0.9694390915189355,2.645
206,5,134,126.200711915326,1887.8238057220317,1793.432615435932,1812.0996355555553,0.9896986789504538,18.667020119623572,0.0703682484801082,0.21133446071673673,0.965605236568793,0.0,0.0,0.0,0.0,False,502.8451379539823,2.8791958260342385,1440,2023-07-31,0.10682573468889896,0.9419497613496943,2.587
207,5,130,82.22246515052886,1721.5775783854197,1635.4986994661467,1643.199361111111,0.9953136169431338,7.70066164496437,0.05027363529996545,0.1703142169922019,0.9771152692803199,0.0,0.0,0.0,0.0,False,679.1004839745534,2.462108870472639,1440,2023-10-04,0.10629160601545447,0.866971117188785,2.647
208,5,241,274.2596716049811,3557.415987517016,3379.5451881411664,3406.2261208333334,0.9921670107192885,26.680932692167346,0.08115283457885371,0.17498147068264552,0.9510043878312721,0.0,1.0416666666666667,19.788221741532535,0.0,False,1225.3284430066778,3.457933891950054,1482,2023-05-12,0.1057601479853772,0.898717027204424,2.599
209,5,180,9.359001740063107,2742.599284563077,2605.4693203348907,2620.0827147222226,0.994422544637534,14.61339438733194,0.003592059851566458,0.16351937085059332,0.9659216016480354,0.0,0.0,0.0,0.0,False,926.9376158750946,2.8934370920865016,1440,2023-05-23,0.10523134724545032,0.9150967235638271,2.523
210,5,223,168.57864973163223,3001.0045828134366,2850.954353672724,2870.522598611111,0.9931830374901578,19.568244938386812,0.05913060288547301,0.17325613511290908,0.9793937722031978,0.0,0.0,0.0,0.0,False,1065.321772885275,2.367513168358997,1440,2023-05-07,0.10470519050922306,0.9552411317393347,2.509
211,5,147,245.8670436219291,2073.585517358117,1969.9062414902075,1977.284236111111,0.996268622140328,7.377994620903827,0.1248115460743624,0.17166942006155694,1.002051521690195,0.0,0.0,0.0,0.0,False,495.73294916188354,1.2984630158448252,1440,2023-12-05,0.10418166455667695,0.9672729701470006,2.531
212,5,275,311.21341408321604,4221.068713365469,4010.015277697179,4040.900667777778,0.9923568054204154,30.885390080598494,0.07760903451269037,0.2022042882453911,0.9648537782037714,0.0,0.0,0.0,0.0,False,1269.7554948118209,2.8460755632027994,1440,2023-07-20,0.10366075623389356,0.9818057429830302,2.63
213,5,201,-122.14903808867491,2818.1931825430224,2677.283523415864,2707.74302,0.9887509647853746,30.45949658413654,-0.0456242445076675,0.17956663596998296,0.9619254112151775,0.0,0.0,0.0,0.0,False,949.1602510928457,3.1737471920091274,1440,2023-08-08,0.10314245245272409,0.9261450368351493,2.553
214,5,281,446.1546782335158,4434.2491192920115,4212.53666332737,4236.691416666667,0.9942986753190769,24.15475333929613,0.10591116799470422,0.18069018049103777,0.9737200294381997,0.0,0.0,0.0,0.0,False,1592.1150649029237,2.2490957994253424,1440,2023-04-17,0.10262674019046046,0.9324409751242432,2.626
215,5,264,166.79571990265705,3652.9570631628,3470.309210004667,3490.638091388889,0.9941761704158413,20.328881384221866,0.04806364787950199,0.18000304402529252,0.951002873364577,0.0,1.0416666666666667,18.60079858116701,0.0,False,1403.6809327257163,3.4440189014956495,1480,2023-07-25,0.10211360648950817,0.9359714187846458,2.58
216,5,247,292.052024436095,3544.949120580701,3367.7016645516396,3397.629773611111,0.9911914743354563,29.92810905947105,0.08672146571361376,0.22491542048397964,0.9975036050549564,0.0,0.0,0.0,0.0,False,691.2964447155152,1.35696701516067,1440,2023-12-19,0.10160303845706062,0.9413073217363429,2.626
217,5,161,200.07546135135595,2351.774796417327,2234.186056596465,2240.4691358333334,0.9971956412447825,6.283079236868372,0.08955183511267131,0.17891059147868013,0.9895062346611617,0.0,0.0,0.0,0.0,False,1006.8674840450287,1.9030895562175525,1440,2023-03-16,0.10109502326477533,0.8455230448643899,2.625
218,5,258,386.0627178601359,3911.070139730793,3715.5166327442466,3727.0407647222223,0.9969079672841104,11.524131977975546,0.10390552809206333,0.16983486358489677,0.9737769401979265,0.0,0.0,0.0,0.0,False,1572.567846511346,2.2765903755288663,1440,2023-09-27,0.10058954814845145,0.8711607176045524,2.595
219,5,129,69.97786033050849,1946.3388614057924,1849.02191833551,1867.8468750000002,0.9899215739167644,18.824956664490077,0.03784587929249783,0.19429901909109915,0.9599777073761314,0.0,0.0,0.0,0.0,False,648.7224565560771,3.277492717624554,1440,2023-08-02,0.10008660040770918,0.9131457139837609,2.655
220,5,223,278.2798512117803,3182.5428702380314,3023.4157267261244,3048.611116388888,0.9917354530634238,25.195389662764335,0.09204154385778526,0.20188971034711023,0.985390512063709,0.0,0.0,0.0,0.0,False,1112.6814980125673,1.8079288428795866,1440,2023-04-08,0.09958616740567064,0.8931976180189277,2.554
221,5,193,-140.4878867476904,2831.3074145435303,2689.7420438163463,2704.462260277778,0.9945570634585524,14.720216461431576,-0.052230988867749885,0.17442090293707488,0.9544718239140333,0.0,0.0,0.0,0.0,False,1020.063194736382,3.3162959073219938,1440,2023-07-30,0.09908823656864228,0.8604451349664811,2.6
222,5,300,412.77423405415703,4234.42831496703,4022.706899218664,4045.495513888889,0.9943669163414005,22.78861467022476,0.10261106374275758,0.17334080817149658,0.9626076957884062,0.0,0.0,0.0,0.0,False,1647.4530409620754,2.661902982750669,1440,2023-10-02,0.09859279538579907,0.8959534796797479,2.592
223,5,155,201.39344307443335,2295.257357372378,2180.494489503762,2191.692722222222,0.994890600947424,11.19823271846007,0.09236136300452957,0.1857321986234746,0.9961815877762523,0.0,0.0,0.0,0.0,False,623.289668662295,1.5859874445246023,1440,2023-04-18,0.09809983140887008,0.9280693235260588,2.564
224,5,291,57.22514255667801,4575.0189841465335,4346.268034939225,4374.768637777778,0.9934852319749118,28.500602838552602,0.0131665010295386,0.2030635274516372,0.9510014306685155,0.0,2.1527777777777777,70.00042784838885,0.0,False,1718.5899093295066,3.6721995505534477,1496,2023-05-31,0.09760933225182573,0.9272143296775822,2.604
225,5,136,288.88851227283817,1982.8272894597453,1883.6859249867516,1885.8128408333334,0.9988721490274497,2.126915846581537,0.15336341820087124,0.16864356772849298,1.0011884522381198,0.0,0.0,0.0,0.0,False,553.182549547391,1.232836679195925,1440,2023-01-22,0.0971212855905666,0.8882482348042613,2.487
226,5,232,241.44410905210597,3302.6939240038505,3137.559227803665,3153.151006388889,0.9950551754249537,15.591778585223384,0.0769528450371661,0.21085160641288642,0.9986510438951431,0.0,0.0,0.0,0.0,False,665.5714836219249,1.357610340368992,1440,2023-10-18,0.09663567916261376,0.934367091910097,2.742
227,5,225,302.55018614366566,3208.070469328377,3047.666945861957,3061.3406119444444,0.9955334385108483,13.673666082487287,0.09927271959767796,0.17995833722174445,0.9510002666830423,0.0,3.5416666666666665,85.04045928602375,0.0,False,1197.590274160283,3.587867843401902,1580,2023-09-01,0.0961525007668007,0.877861912168456,2.749
228,5,282,328.8543245539304,4430.11601088339,4208.610210339215,4226.302400555555,0.995813789800272,17.692190216340826,0.07813846094514527,0.19990479445333945,0.9720313768366112,0.0,0.0,0.0,0.0,False,1036.4754857766,2.3672690082358088,1440,2023-10-08,0.09567173826296668,0.9016250437345682,2.567
229,5,174,-16.610784445270486,2630.237899657674,2498.7260046748,2508.8827300000003,0.9959516938740297,10.15672532520012,-0.0066477014343284575,0.20161900531542606,0.9902318548487441,0.0,0.0,0.0,0.0,False,722.9342970487216,1.8373893811641557,1440,2023-04-13,0.09519337957165185,0.8767581033552819,2.555
230,5,283,406.90185896394604,4236.137777422873,4024.33088855171,4041.4362522222223,0.9957675037776219,17.105363670512055,0.10111043804113813,0.1786458722327438,0.9676382074308181,0.0,0.0,0.0,0.0,False,1405.0595334477662,2.561897148087749,1440,2023-11-07,0.09471741267379359,0.8530123368894911,2.67
231,5,241,117.30318212714505,3957.6096879481242,3759.7292035506985,3767.2930575,0.997992231070465,7.56385394930164,0.031199901848346846,0.15709817611367016,0.9510035834956302,0.0,3.888888888888889,139.41105053482787,0.0,False,1512.926192165146,4.249667050266327,1585,2023-08-19,0.09424382561042462,0.8856243228871221,2.89
232,5,281,296.70932655923997,4023.243426937196,3822.081255590314,3869.0299294444444,0.9878655180470853,46.948673854130625,0.07763030315623515,0.2119366331923454,0.9523338749063982,0.0,4.166666666666667,305.89168805715127,0.0,False,1294.6315708542734,3.790900999804922,1500,2023-07-24,0.0937726064823725,0.9612639343415055,2.695
233,5,156,17.65460630411256,2017.8993657067952,1917.0043974214586,1930.294203888889,0.9931151394224488,13.289806467430038,0.009209476163883387,0.20642851429264064,0.9634066810333315,0.0,0.0,0.0,0.0,False,540.8651444246896,2.985327966376139,1440,2023-08-06,0.09330374344996065,0.9005341862723094,2.495
234,5,257,344.6003027134786,3821.835448876842,3630.743676432989,3647.5579363888883,0.995390269257095,16.814259955899562,0.0949117683383339,0.1760447699292352,0.9721726953339387,0.0,0.0,0.0,0.0,False,1422.3229677671065,2.259625742163496,1440,2023-11-18,0.09283722473271083,0.8637468236816711,2.516
235,5,290,546.168607430534,4187.847599275826,3978.455219312039,4000.535754444444,0.9944806054769353,22.08053513240575,0.1372815772260919,0.19385942882671092,0.9727210271798244,0.0,0.0,0.0,0.0,False,1404.999360598765,2.1587407307585282,1440,2023-02-21,0.09237303860904728,0.9023589327121905,2.524
236,5,128,35.473917968777215,1917.2653292843736,1821.402062820155,1828.9027494444445,0.9958988051023665,7.500686624289536,0.019476159982959186,0.16727780015823907,0.9539360197467172,0.0,0.0,0.0,0.0,False,787.7699208665523,3.3850103938757687,1440,2023-06-24,0.09191117341600205,0.894363398920824,2.548
237,5,186,142.64585405065867,2949.2738578517888,2801.8101649592186,2809.2199836111113,0.9973623216782163,7.409818651892442,0.05091203388247217,0.1987812990946915,0.9677058671257296,0.0,0.0,0.0,0.0,False,669.9629057867776,2.8121740923606664,1440,2023-07-25,0.09145161754892205,0.9480826649504568,2.541
238,5,235,318.7392440935646,3347.5429319521545,3180.1657853545607,3196.275110833333,0.9949599690514211,16.10932547877269,0.10022724147320765,0.15998997446048627,0.959750908318348,0.0,0.0,0.0,0.0,False,1148.7394368942444,2.9634631853108417,1440,2023-05-11,0.09099435946117741,0.9218113151592331,2.537
239,5,139,73.50190012881524,1943.908144358043,1846.7127371401318,1853.8869999999997,0.9961301509423887,7.174262859868045,0.03980148003020883,0.17051482316769062,0.9706602279095929,0.0,0.0,0.0,0.0,False,694.7726765782053,2.760110409045986,1440,2023-10-06,0.09053938766387153,0.9881356507984815,2.476
240,5,212,299.395731628096,3052.407851971494,2899.7874593729234,2924.627643611111,0.9915065480925576,24.84018423818779,0.10324747445208969,0.18532150560923874,0.9739580008321698,0.0,0.0,0.0,0.0,False,1154.0659001278377,2.605492731484344,1440,2023-06-19,0.09008669072555218,1.019514710995646,2.457
241,5,233,380.32704536560686,3332.8985524628656,3166.25362483973,3182.4186666666665,0.9949205169023634,16.16504182693659,0.1201189451097299,0.17990884756735376,0.9912289131484874,0.0,0.0,0.0,0.0,False,654.0206800799176,1.5554051865264529,1440,2023-02-19,0.08963625727192442,1.0127771825015097,2.623
242,5,258,421.03557898668026,3430.596713157273,3259.0668774993724,3268.2833705555554,0.9971800202090138,9.216493056182756,0.12918899636381007,0.15574310191991214,0.9854950499599329,0.0,0.0,0.0,0.0,False,1206.8367556778815,1.782429886179432,1440,2023-10-16,0.08918807598556479,1.0202995650199802,2.681
243,5,287,356.40250791287474,4290.819656234746,4076.2786734230344,4110.63842,0.9916412627270278,34.35974657696525,0.08743330288887917,0.1841423449303947,0.9727069286607011,0.0,0.0,0.0,0.0,False,1575.9221400214496,2.3111765620968074,1440,2023-03-31,0.08874213560563697,1.0816949563631324,2.654
244,5,194,360.80217646200356,2819.2822254624252,2678.3181141893065,2695.18678,0.9937411885751779,16.868665810693223,0.13471221904169284,0.16693588200007878,0.989851557564165,0.0,0.0,0.0,0.0,False,995.7220610921577,1.5813069208612545,1440,2023-02-23,0.08829842492760878,1.069125817568073,2.528
245,5,199,270.23712930727476,3201.8015572260747,3041.7114793647725,3053.587351944445,0.9961108456346892,11.875872579671992,0.08884377467770571,0.1658937490633514,0.9510004107858206,0.0,0.7638888888888888,7.773519986147864,0.0,False,1129.4092727811535,3.5644486150564196,1464,2023-08-21,0.08785693280297073,1.0985779308787162,2.583
246,5,205,278.6411962321784,3117.5173159586375,2961.6414501607014,2977.1079450000007,0.9948048592375446,15.466494839298836,0.09408336590408642,0.17109869643575035,0.9510001604381755,0.0,2.361111111111111,36.40262141550397,0.0,False,1097.0223389862713,3.5773384439363025,1525,2023-08-18,0.08741764813895588,1.1261376265348637,2.668
247,5,292,559.8023503696099,4487.933912556386,4263.537216928567,4274.390527777778,0.9974608518387176,10.853310849210098,0.1312999797789707,0.16390207031712817,0.9772280607028095,0.0,0.0,0.0,0.0,False,1630.9084546987806,2.2709063673698755,1440,2023-10-26,0.08698055989826112,1.1381795640187164,2.652
248,5,155,-1.1288321000498573,2132.340095086095,2025.7230903317868,2032.1770277777778,0.996824126364105,6.453937445990924,-0.0005572489672638176,0.15819351460257625,0.995113729835523,0.0,0.0,0.0,0.0,False,604.8579578643266,1.3847296377743672,1440,2023-12-24,0.08654565709876981,1.165450587950911,2.627
249,5,210,333.53590225181847,3361.306314388938,3193.240998669497,3204.1930525,0.996581961932051,10.952053830503083,0.10445058872499453,0.16256329192721133,0.977357405476387,0.0,0.0,0.0,0.0,False,1321.0017213154701,2.209018786011257,1440,2023-03-19,0.08611292881327597,1.2019165539385521,2.63
250,5,129,130.45527741380775,1742.1848070277365,1655.0755666763503,1659.4681783333335,0.9973530003682295,4.3926116569830995,0.07882134208275594,0.18008796922541778,0.9745300885198984,0.0,0.0,0.0,0.0,False,514.827153748255,2.6118596515900983,1440,2023-05-12,0.08568236416920957,1.223347652018107,2.566
251,5,196,182.958992160971,2814.2859036777127,2673.5716084938435,2694.7633225,0.9921359646581146,21.191714006156104,0.06843242633925221,0.19265846789216348,0.9736897637516715,0.0,0.0,0.0,0.0,False,1036.9971218557107,2.458795486212626,1440,2023-05-06,0.08525395234836353,1.202933841964426,2.671
252,5,291,633.4669341858354,4429.83189433011,4208.340299613617,4232.123116388889,0.9943804052667625,23.782816775271407,0.15052654706749743,0.18645128311558928,0.996432916170979,0.0,0.0,0.0,0.0,False,940.9708234009586,1.5168783369187548,1440,2023-11-29,0.0848276825866217,1.1593147734600326,2.577
253,5,232,301.2966401275801,3773.705679247879,3585.020395285498,3611.922394722222,0.9925518888567392,26.90199943672399,0.08404321507453681,0.19881900832458194,0.9510003053062785,0.0,2.0833333333333335,48.51647229576413,0.0,False,1193.4500071704501,3.65361119702092,1525,2023-07-21,0.08440354417368859,1.1387527610092014,2.648
254,5,183,166.5556316960167,2901.0391887680917,2755.987229329661,2769.1686250000002,0.9952399447432209,13.18139567033902,0.06043410866476621,0.20670997451481513,0.951422317771927,0.0,0.0,0.0,0.0,False,767.8010447392218,3.392251560828537,1440,2023-06-13,0.08398152645282016,1.0951532051725237,2.65
255,5,300,484.3139103790497,4521.349337259784,4295.281870396764,4313.334867777778,0.9958146079693752,18.0529973810136,0.1127548610294841,0.18880623101287655,0.9770515487333412,0.0,0.0,0.0,0.0,False,1519.491931413026,2.2324808950635826,1440,2023-02-01,0.08356161882055606,1.0425779361589278,2.57
256,5,229,10.186158402404196,3389.1773269454116,3219.718460598125,3229.5920625000003,0.996942771188807,9.873601901875341,0.0031636798456321923,0.16455023727411636,0.9510075200994774,0.0,3.125,203.07018837035346,0.0,False,1436.3746251797152,4.133673592122813,1576,2023-07-15,0.08314381072645327,1.040465645101672,2.803
257,5,291,314.9287480456469,4269.77344173087,4056.2847696443473,4072.7166944444443,0.9959653651277753,16.431924800096773,0.07763970380049517,0.14806390630266225,0.973741191546079,0.0,0.0,0.0,0.0,False,1727.2309072529067,2.419857356130229,1440,2023-02-26,0.082728091672821,1.093911486617434,2.564
258,5,122,139.71250256886884,1899.0592988753149,1804.1063339315535,1809.7244455555556,0.9968955983117764,5.618111624001962,0.07744139020032366,0.19080245769781418,0.9907720632957754,0.0,0.0,0.0,0.0,False,470.53837720971,1.6228296733052827,1440,2023-12-16,0.0823144512144569,1.1755348926521096,2.693
259,5,203,359.644260895398,2827.8233659037182,2686.4321976085535,2708.124006388889,0.9919900976730899,21.691808780335407,0.13387431151828483,0.19367161756044293,0.9965695150147068,0.0,0.0,0.0,0.0,False,877.5193713065198,1.4092790417036463,1440,2023-02-08,0.0819028789583846,1.147268681525625,2.533
260,5,271,324.9851053413753,4030.101985768353,3828.5968864799374,3842.3044058333335,0.99643247439412,13.707519353395751,0.08488360487598132,0.171860310976843,0.9510013590252622,0.0,2.638888888888889,67.45396271942259,0.0,False,1574.4314473371705,3.6562214095977144,1544,2023-09-08,0.0814933645635927,1.118659980048632,2.567
261,5,257,289.8811070600656,3829.342894403445,3637.875749683266,3650.671608888889,0.9964949300905437,12.795859205622628,0.07968416928074146,0.17221992923739013,0.9838147431251651,0.0,0.0,0.0,0.0,False,1336.2414959801808,1.8990532639774949,1440,2023-11-02,0.08108589774077472,1.145164877802115,2.597
262,5,193,125.77401388033365,2901.507824078402,2756.432432874464,2762.0693291666666,0.9979591763926132,5.6368962922022705,0.04562927513850718,0.1763008067783703,0.9578926211272186,0.0,0.0,0.0,0.0,False,1192.0283148297513,3.337367630585816,1440,2023-06-26,0.08068046825207086,1.1669666393698286,2.793
263,5,210,317.3894326999999,3226.701086702448,3065.366032367321,3073.9888633333335,0.997194904942934,8.622830966012227,0.10354046771206842,0.17518174323917016,0.9927086248759149,0.0,0.0,0.0,0.0,False,909.3486249766481,1.6173862415404328,1440,2023-12-13,0.0802770659108105,1.1766150776949247,2.743
264,5,196,398.88512248978356,3011.107720035821,2860.552334034025,2864.7518172222226,0.998534084815672,4.19948318819732,0.1394433927126463,0.16833373309068134,0.981489737358362,0.0,0.0,0.0,0.0,False,974.9725501359364,2.130874773963814,1440,2023-01-17,0.07987568058125645,1.188036680979283,2.727
265,5,215,535.586745187954,2989.66940681957,2840.1859364785896,2847.2565233333335,0.9975167018507816,7.070586854743825,0.18857453602210364,0.13611867508667091,0.9925928910921944,0.0,0.0,0.0,0.0,False,910.8482180361311,1.6619021145439388,1440,2023-01-27,0.07947630217835017,1.213822899278911,2.768
266,5,161,354.7566160997858,2757.859445749197,2619.9664734617313,2630.507491388889,0.9959927816356106,10.541017927157602,0.1354050212829823,0.19994543622854646,0.9852403542799251,0.0,0.0,0.0,0.0,False,752.9141418139986,1.8762477669581215,1440,2023-01-18,0.0790789206674584,1.3085190677731031,2.622
267,5,262,425.19129021840337,4192.6295777338,3982.9980988471007,4030.822795555555,0.9881352519983795,47.824696708455,0.10675156745404352,0.22926172442018772,0.9849200302338518,0.0,0.0,0.0,0.0,False,1119.4593070549995,1.9581915737159767,1440,2023-11-15,0.07868352606412113,1.243859856244903,2.549
268,5,134,297.7225076858319,2253.1764870372754,2140.5176626854277,2146.3528141666666,0.9972813642553429,5.835151481239231,0.13908902172398727,0.16501272926677255,0.9905320736504216,0.0,0.0,0.0,0.0,False,743.9668005791195,1.5316222660215204,1440,2023-02-22,0.0782901084338005,1.1261735667797228,2.606
269,5,195,164.8809825043872,2603.342986210525,2473.175836899991,2495.203526944444,0.9911719866509536,22.027690044453024,0.06666771526890612,0.20840567633262674,0.9598001937242755,0.0,0.0,0.0,0.0,False,666.2939251776534,3.2523907881198317,1440,2023-07-13,0.0778986578916315,1.1751216880817534,2.664
270,5,171,69.8188692268171,2592.0874965437097,2462.483121716528,2473.291866388889,0.995629814329943,10.808744672360898,0.028353034630405234,0.1919927135915553,0.972522892576924,0.0,0.0,0.0,0.0,False,899.2322349512402,2.611766464496755,1440,2023-10-03,0.07750916460217336,1.1183954177618673,2.711
271,5,252,268.1363216979274,3842.298658071622,3650.183725168023,3695.727404166667,0.9876766671299142,45.54367899864356,0.07345830837202165,0.20176670162130397,0.9812775581111313,0.0,0.0,0.0,0.0,False,1213.5248426504977,1.9994078991043487,1440,2023-12-27,0.07712161877916247,1.1095232838567382,2.629
272,5,255,194.90655938999907,4078.483685152501,3874.55950089487,3887.7055555555557,0.9966185570196024,13.146054660685857,0.05030418537771413,0.18870034975999472,0.9567825627921905,0.0,0.0,0.0,0.0,False,1214.217962905252,3.1046697258450795,1440,2023-07-25,0.07673601068526667,1.0808344679861221,2.736
273,5,248,396.4732518385128,3991.1554974874175,3791.597722613031,3802.278365277778,0.9971909887602438,10.680642664746802,0.10456627544476894,0.1812090094058229,0.9852020466838612,0.0,0.0,0.0,0.0,False,1355.2901348917776,2.0249474494338706,1440,2023-04-16,0.07635233063184034,1.08719437189651,2.689
274,5,287,455.01753713371073,4554.645833139893,4326.913541482898,4362.442431944444,0.9918557342553377,35.52889046154635,0.105159840327609,0.18935391589468353,0.9510024943776362,0.0,2.2916666666666665,111.74129106719826,0.0,False,1683.8805982967842,4.190269305759427,1495,2023-08-30,0.07597056897868114,1.1097027933337074,2.678
275,5,288,427.1824294557391,4652.203760087331,4419.593572082958,4473.436256388889,0.9879639093484269,53.84268430592968,0.09665649623397557,0.19800863763123847,0.9577784116078916,0.0,0.0,0.0,0.0,False,1801.087382796124,2.8161795474167213,1440,2023-12-07,0.07559071613378773,1.1103230404132376,2.688
276,5,153,312.8519237872995,2223.7415446635478,2112.5544674303856,2130.995263888889,0.9913463925654858,18.4407964585035,0.1480917669156423,0.1987875453151993,0.9963880093846881,0.0,0.0,0.0,0.0,False,612.1323053492557,1.4782551008067961,1440,2023-01-10,0.07521276255311879,1.0918784183748789,2.774
277,5,140,356.18787709553123,2067.7085302409596,1964.3231037289179,1981.5073294444444,0.991327700150196,17.184225715527113,0.18132855863649516,0.1604024148838449,1.0006891645810052,0.0,0.0,0.0,0.0,False,576.4234420695473,1.1622716876405728,1440,2023-12-01,0.0748366987403532,1.0754697465737182,2.701
278,5,143,256.9785897879555,2038.2638528706477,1936.3506602271132,1958.4024438888891,0.9887399120999938,22.0517836617761,0.13271283712517995,0.19129916223501545,1.0040434051326455,0.0,0.0,0.0,0.0,False,503.38879485936167,1.185682061799364,1440,2023-02-08,0.07446251524665143,1.148769975337577,2.657
279,5,251,368.5984410919112,3837.0024379509787,3645.152316053426,3684.920527777778,0.9892078509089762,39.76821172435129,0.10112017527184966,0.22735056421574645,0.9617179683509635,0.0,0.0,0.0,0.0,False,1151.428700464572,2.9356162160908053,1440,2023-05-11,0.07409020267041817,1.1398723560643382,2.656
280,5,295,501.78927208506985,4469.556839705495,4246.078997720251,4286.516111944444,0.9905664382990387,40.43711422419394,0.11817709287897939,0.21054809679991093,0.9960123551708259,0.0,0.0,0.0,0.0,False,1083.2594705517918,1.6188727976134336,1440,2023-03-07,0.07371975165706608,1.0520736480773514,2.764
281,5,287,452.20582483952626,4387.87120030142,4168.477640286361,4217.540128333334,0.9883670370514385,49.06248804697307,0.10848224792407934,0.21768053964509704,0.9510018115728256,0.0,8.75,588.38994007289,0.0,False,1287.6988844969303,4.21388669348508,1623,2023-08-25,0.07335115289878076,1.0182727051626048,2.687
282,5,240,395.8977695817336,3714.026612894243,3528.32528224953,3577.124361666667,0.9863580142921281,48.799079417136355,0.11220557570851965,0.2321822053691516,0.994556151552843,0.0,0.0,0.0,0.0,False,880.4231616520252,1.4074196394323528,1440,2023-10-17,0.07298439713428685,0.9746565495891432,2.617
283,5,295,637.2357596418448,4563.208814824197,4335.048374083002,4396.309956666667,0.986065226704326,61.26158258366523,0.14699622810475327,0.21823595612377758,0.9712002351121356,0.0,0.0,0.0,0.0,False,1682.5708453063912,2.275367089721615,1440,2023-03-08,0.07261947514861541,0.9062508502689963,2.565
284,5,277,305.2220008506201,4057.1065284848214,3854.2512020605805,3894.454986111111,0.9896766597138983,40.20378405053064,0.07919099841947008,0.21326243718202129,0.9510014824665298,0.0,0.9722222222222222,16.67299832869168,0.0,False,1168.9681766977944,3.484819783244874,1470,2023-07-07,0.07225637777287233,0.8812962413465127,2.602
285,5,122,14.418147415026395,1751.9667530954935,1664.3684154407204,1680.5985355555556,0.9903426548509576,16.23012011483513,0.008662834070429358,0.20590187111151811,0.9973741421723503,0.0,0.0,0.0,0.0,False,643.8052278757095,1.3329105090855917,1440,2023-03-13,0.07189509588400797,0.8716111740212886,2.734
286,5,141,205.1432773296977,2052.419955991529,1949.7989581919562,1959.6822916666667,0.9949566654162574,9.883333474710389,0.10521252792130249,0.1937402651718026,0.9820975841161724,0.0,0.0,0.0,0.0,False,735.1772904031819,2.165456344922538,1440,2023-06-19,0.07153562040458793,0.8797612719606405,2.766
287,5,276,70.21967636776077,4132.261371050961,3925.6483024984072,3962.5586613888886,0.9906852208271046,36.91035889048151,0.017887408895766524,0.2176241095065615,0.9712578799462431,0.0,0.0,0.0,0.0,False,953.2276389661082,2.7602490191426647,1440,2023-09-24,0.071177942302565,0.913349870120906,2.994
288,5,134,30.925031336725727,2152.843302081356,2045.2011369772804,2076.898728611111,0.9847380177005415,31.697591633830505,0.015120777500853338,0.21939296050539647,0.9510018548677334,0.0,0.4166666666666667,2.4966294216559612,0.0,False,547.3768759719949,3.3516899867918912,1453,2023-07-01,0.07082205259105216,0.8867950856373208,2.718
289,5,297,339.7400955065296,4342.879862904512,4125.735869759303,4187.93370888889,0.9851483229074108,62.19783912958659,0.08234654525432579,0.22494288008588767,0.9671008584191352,0.0,0.0,0.0,0.0,False,1457.7039421085078,2.5902617440198856,1440,2023-09-23,0.0704679423280969,0.8606901378277456,2.631
290,5,269,398.0395288203651,4041.1860685070747,3839.1267650817135,3861.513528055555,0.994202593669246,22.386762973841495,0.10367970457258216,0.21679190491734465,0.9773870370009164,0.0,0.0,0.0,0.0,False,1321.9050566698534,2.4008121248605625,1440,2023-09-11,0.07011560261645643,0.8263492124987105,2.564
291,5,293,624.0112073973062,4153.895374531041,3946.200605804509,4015.45375,0.9827533453235537,69.2531441954914,0.15812962130699626,0.24639753873751252,0.9759757093360171,0.0,0.0,0.0,0.0,False,1077.1884241267305,2.0328811326005343,1440,2023-01-09,0.06976502460337414,0.8159690223604099,2.539
292,5,185,-135.19874116350888,2953.035977656756,2805.3841787739057,2816.1736088888892,0.9961687624367588,10.789430114983487,-0.048192594150366086,0.2039831786232806,0.9607845322058977,0.0,0.0,0.0,0.0,False,1040.3356321030403,3.148363039096869,1440,2023-08-08,0.06941619948035727,0.7402125989085246,2.586
293,5,146,269.0712442793438,2251.4993006153913,2138.9243355846193,2164.153208333333,0.9883423813750492,25.228872748713908,0.12579745800395514,0.23103144003160578,0.9897165840293796,0.0,0.0,0.0,0.0,False,693.8604432343334,1.7935641979758241,1440,2023-10-31,0.06906911848295548,0.7727198934671624,2.535
294,5,213,288.38721412183924,3258.563667980843,3095.6354845818078,3170.008,0.9765386978776734,74.3725154181923,0.09315929332060804,0.24687966199943273,0.9757972179549581,0.0,0.0,0.0,0.0,False,998.4643433067306,2.424525200046586,1440,2023-09-22,0.0687237728905407,0.737667982014177,2.654
295,5,296,44.824448943205525,4301.386487679037,4086.3171632951157,4137.368726666666,0.987660862073398,51.0515633715508,0.01096940035537038,0.23177246972820112,0.9510056674789292,0.0,0.7638888888888888,11.177280921376198,0.0,False,1296.460296023018,3.5322788598842885,1464,2023-08-06,0.068380154026088,0.6724163814225979,2.693
296,5,186,-34.605417861595576,2637.2295232254623,2505.3680470641925,2566.664291666667,0.9761183241604723,61.296244602474495,-0.013812508666000766,0.26066602041490744,0.9761958429228832,0.0,0.0,0.0,0.0,False,718.9057245160287,2.455573149867758,1440,2023-05-21,0.06803825325595757,0.6518623004596338,2.681
297,5,281,258.3242460976993,4268.361174797603,4054.943116057711,4074.321084166667,0.9952438780084709,19.377968108956033,0.06370600985121755,0.2050577630530992,0.9825679421771576,0.0,0.0,0.0,0.0,False,1280.2894158393806,1.8450441004375207,1440,2023-04-27,0.06769806198967777,0.5688199231577635,2.717
298,5,189,350.6877548036583,2871.490298852695,2727.9157839100576,2774.0943508333335,0.9833536422762968,46.178566923275696,0.12855519839435808,0.2580880227968035,0.9844216235956316,0.0,0.0,0.0,0.0,False,701.5033860070891,2.131301184947951,1440,2023-10-31,0.06735957167972938,0.6244712993595902,2.763
299,5,268,367.3257286240925,3806.975286194074,3616.6265218843464,3649.7093419444445,0.9909354918541341,33.082820060098506,0.10156584496668107,0.2078229251483328,0.9752624400915861,0.0,0.0,0.0,0.0,False,915.2512484031105,2.5477924918201134,1440,2023-09-14,0.06702277382133073,0.5494214277450621,2.685
300,5,161,276.13057968094506,2638.9128189791554,2506.967178030185,2524.3373949999996,0.9931189004274072,17.370216969814976,0.11014527118696099,0.21055590306396732,0.9807128451520232,0.0,0.0,0.0,0.0,False,836.7542629114339,2.1664361970637462,1440,2023-09-21,0.06668765995222407,0.5995735990226584,2.636
301,5,206,463.01451361813145,3219.330822277852,3058.3642811639493,3099.856345,0.9866148430062004,41.49206383605055,0.1513928594019277,0.21873496157719907,0.9969290682606153,0.0,0.0,0.0,0.0,False,709.4544185082397,1.385113945678136,1440,2023-01-10,0.06635422165246296,0.6331549894771412,2.674
302,5,179,268.40252652386556,2393.9248605766056,2274.2286175477593,2292.273506388889,0.9921279512279682,18.0448888411293,0.11801914919761977,0.19041419747443772,0.9940616254489313,0.0,0.0,0.0,0.0,False,685.1317479089103,1.3518319549204265,1440,2023-04-04,0.06602245054420065,0.6410894250327576,2.658
303,5,162,-827.212469891878,2555.7488039138398,2427.9613637181383,2484.6316819444446,0.9771916623948236,56.67031822630594,-0.340702484913145,0.26210986711452844,0.9552298990107057,0.0,0.0,0.0,0.0,False,785.5852631578948,3.384207784176831,1440,2023-07-02,0.06569233829147963,0.7102219446296038,2.549
304,5,281,347.32880789113426,4039.200655943764,3837.2406231465648,3942.592166666667,0.9732786098418155,105.35154352010171,0.09051525353818499,0.247740081198655,0.9510006720836033,0.0,1.875,27.37974380314031,0.0,False,931.1851759384017,3.8249455545193416,1501,2023-06-30,0.06536387660002224,0.6046919937431549,2.559
305,5,265,206.43084390568777,3653.2045978853216,3470.544367991038,3530.049544444445,0.9831432460920965,59.50517645340627,0.059480825489397926,0.2432472011290086,0.9584325457293484,0.0,0.0,0.0,0.0,False,1164.3564093692307,3.274774206119198,1440,2023-07-11,0.06503705721702213,0.5494945579889844,2.582
306,5,145,155.3675234854527,2284.2163894164146,2170.0055699455897,2217.9889166666662,0.9783662820131721,47.98334672107718,0.07159775331330064,0.23558708441543366,0.9573412673304591,0.0,0.0,0.0,0.0,False,772.4217121247242,3.292892269904113,1440,2023-06-05,0.06471187193093703,0.5130585854824197,2.527
307,5,287,1.283110642234827,4358.15180659901,4140.244216269021,4216.256565277778,0.9819716025740126,76.01234900875673,0.00030991182529592454,0.24533542004235273,0.9510001859144596,0.0,4.166666666666667,397.03636613966967,0.0,False,1293.1025905356835,4.292344763973425,1580,2023-07-23,0.06438831257128233,0.498982710026261,2.59
308,5,295,628.371911184763,4227.001099284287,4015.651044320046,4056.5689961111116,0.989913162618387,40.917951791065406,0.15648070617927975,0.21123267816430324,0.9797559908910627,0.0,0.0,0.0,0.0,False,1187.4748348254489,2.252877753529343,1440,2023-01-02,0.06406637100842592,0.4640089002799946,2.492
309,5,168,-93.98219827253946,2430.106869088736,2308.601525634296,2345.169817777778,0.9844069747673398,36.56829214348194,-0.04070957990323494,0.22566421449565477,0.9599861361255181,0.0,0.0,0.0,0.0,False,655.0215015996521,3.1797966549125265,1440,2023-08-08,0.0637460391533838,0.5104942507064751,2.577
310,5,197,142.07084461015913,2921.695890696263,2775.611096161442,2812.891367777778,0.9867466365593109,37.28027161633547,0.05118542896972755,0.22622618182580853,0.9905263255477488,0.0,0.0,0.0,0.0,False,907.2010495102124,1.594627081988691,1440,2023-03-23,0.06342730895761688,0.5146499403939034,2.731
311,5,217,391.3196454742148,3252.270835431254,3089.657293659678,3149.7871213888893,0.980909875679885,60.129827729210916,0.12665470901165848,0.25854211754051604,0.9941329807223914,0.0,0.0,0.0,0.0,False,876.9990437432341,1.428866779494355,1440,2023-03-03,0.06311017241282879,0.5154268549262175,2.651
312,5,238,321.0639830202382,3563.809022351171,3385.618571233608,3483.4103077777772,0.9719264376275687,97.79173654416984,0.0948317054225199,0.2798180970355641,0.9510008986011297,0.0,2.2222222222222223,81.2418571472813,0.0,False,1109.276468083231,3.834754122426531,1521,2023-06-23,0.06279462155076464,0.4420262221026864,2.562
313,5,200,247.30924852556427,3210.6074981813467,3050.0771232722814,3076.0579166666666,0.9915538672878633,25.98079339438531,0.0810829492272766,0.20312143626541698,0.9781734294270528,0.0,0.0,0.0,0.0,False,1227.3379519334014,1.9802687856105488,1440,2023-03-12,0.06248064844301082,0.33250765610297756,2.585
314,5,146,106.11111020238944,2239.9987475951975,2127.998810215433,2162.7673369444447,0.983924055937458,34.768526729011604,0.04986427139573778,0.24636402187626155,0.9547451726723275,0.0,0.0,0.0,0.0,False,603.4608996105122,3.410606199171662,1440,2023-08-20,0.062168245200795766,0.4134693851842633,2.709
315,5,288,184.48229683109258,4603.659433384829,4373.476461715607,4418.472069722222,0.9898164778917695,44.99560800661453,0.04218207150444448,0.22724181438842309,0.983579589242547,0.0,0.0,0.0,0.0,False,1054.0200320831068,1.7396596258147998,1440,2023-10-21,0.06185740397479179,0.3807868790116207,2.685
316,5,245,329.62468133047844,3855.2241655298612,3662.462957253352,3713.3912130555555,0.9862852436276712,50.92825580220371,0.0900008232650301,0.2169164678821611,0.9874980648626412,0.0,0.0,0.0,0.0,False,970.1151626343593,1.703752923346292,1440,2023-03-31,0.06154811695491783,0.3953476398273302,2.657
317,5,127,122.5599923066128,1919.1893389641168,1823.2298720159113,1830.2849999999999,0.9961453391225472,7.05512798408886,0.06722136039330054,0.2088493667010432,0.9537447812032886,0.0,0.0,0.0,0.0,False,431.91513231924597,3.521538195276255,1440,2023-08-27,0.06124037637014324,0.42886618739956606,2.551
318,5,267,79.82473971508789,4073.275914566675,3869.6121188383136,3945.9864869444446,0.9806450507727736,76.37436810613102,0.02062861528846252,0.25935850608997724,0.9515881571001318,0.0,0.0,0.0,0.0,False,1016.385742889983,3.4112841838494443,1440,2023-10-14,0.060934174488292525,0.4729861797207619,2.545
319,5,252,446.82023328993904,3580.1098652232254,3401.104371962052,3418.409486388889,0.9949376707220885,17.305114426837246,0.13137504305172923,0.20924057156666742,0.9886829453873631,0.0,0.0,0.0,0.0,False,1111.5489990235885,1.718215248285434,1440,2023-10-26,0.060629503615851066,0.39419414161756483,2.548
320,5,153,78.65859899557125,2389.6583858152003,2270.175466524446,2294.5857194444443,0.9893618038702393,24.41025291999824,0.03464868692110158,0.22107340559113692,0.9601936433388993,0.0,0.0,0.0,0.0,False,901.2888999780135,3.1029869481377705,1440,2023-07-08,0.06032635609777181,0.44095793850795545,2.617
321,5,231,75.99069632787514,3509.9773296392946,3334.47846315733,3381.1943827777777,0.9861836042735678,46.71591962044722,0.02278937985879853,0.22105377006685523,0.9513629794347439,0.0,0.0,0.0,0.0,False,1137.6949292061522,3.486768017810511,1440,2023-10-13,0.060024724317282944,0.45128307088687813,2.552
322,5,210,262.2557526125351,3274.9454066183653,3111.198136287434,3177.103339444445,0.9792561978268748,65.90520315701065,0.08429413400378372,0.24190744429302724,0.9936347746884708,0.0,0.0,0.0,0.0,False,936.4436902521694,1.5642323721272933,1440,2023-03-12,0.05972460069569653,0.4585336864400933,2.516
323,5,125,306.4530933824245,1984.7354223309899,1885.4986512144371,1914.0163669444446,0.9851005894084733,28.51771573000738,0.16253158981844942,0.22596707731085963,0.9852301632772174,0.0,0.0,0.0,0.0,False,423.63665088115283,2.0637387995004675,1440,2023-01-16,0.05942597769221805,0.4163607233704356,2.543
324,5,287,597.6722589824428,3789.202481474453,3599.7423574007357,3628.682282222222,0.9920246738152663,28.93992482148675,0.16603195441298296,0.20262585781599973,0.9875348993209028,0.0,0.0,0.0,0.0,False,801.272227841886,1.6839300494293554,1440,2023-01-19,0.059128847803756955,0.41639280640993526,2.499
325,5,250,699.1294811085929,3887.231816029419,3692.8702252279313,3750.9757252777777,0.9845092305827857,58.10550004984635,0.18931872458784854,0.2321641534176631,0.984704610055861,0.0,0.0,0.0,0.0,False,1169.7207981262284,1.7705826351728748,1440,2023-12-01,0.058833203564738173,0.46763786283942677,2.524
326,5,176,94.15229535039012,2597.0765750929786,2467.222746338314,2510.952929722222,0.9825842281365483,43.73018338390793,0.03816124648255802,0.2447238967841845,0.983500048305705,0.0,0.0,0.0,0.0,False,954.5508373206542,1.9828604813432364,1440,2023-04-25,0.05853903754691448,0.4420414499884774,2.577
327,5,122,22.023005219514474,1841.9336242124646,1749.8369430018345,1766.710361111111,0.9904492448333949,16.873418109276603,0.012585747093517265,0.1942023744877732,0.956892168566099,0.0,0.0,0.0,0.0,False,609.5508431909917,3.260103777522199,1440,2023-08-09,0.05824634235917991,0.39169668946216163,2.687
328,5,136,143.07990537474083,2045.1251740911016,1942.8689153865485,1966.6248194444443,0.9879204697189743,23.75590405789582,0.07364362270744035,0.21682363822545866,0.9606739550055268,0.0,0.0,0.0,0.0,False,538.9477462123067,3.0028207603080395,1440,2023-08-05,0.057955110647384005,0.46285811136882515,2.612
329,5,257,348.0761277229748,3713.1670636222557,3527.5087104411505,3566.328140277778,0.9891150145724942,38.81942983662705,0.09867477483264508,0.22197493545575625,0.9833288341959134,0.0,0.0,0.0,0.0,False,1244.2604430799688,2.1959486250970666,1440,2023-12-07,0.05766533509414709,0.46917928675997506,2.655
330,5,147,220.4850850111852,2168.777085936527,2060.338231639683,2088.1628194444443,0.9866750870450973,27.8245878047614,0.10701402402056877,0.22927657743996155,0.977938339538228,0.0,0.0,0.0,0.0,False,570.163487624738,2.375942384816954,1440,2023-10-02,0.05737700841867635,0.4618046263934524,2.67
331,5,212,335.7880145577859,3026.5215970979475,2875.1955172430467,2941.479713888889,0.977465696488449,66.28419664584227,0.11678788887364595,0.24468843225558362,0.9997981993751839,0.0,0.0,0.0,0.0,False,859.6387755042792,1.3491603861987256,1440,2023-10-17,0.05709012337658297,0.43837745686298457,2.615
332,5,282,92.3124565206695,4131.784703997099,3925.195468797228,3961.370154166667,0.9908681380528428,36.17468536943914,0.02351792598725184,0.2043081327847525,0.9667721662851622,0.0,0.0,0.0,0.0,False,1429.9832221639253,2.766594224187504,1440,2023-09-24,0.05680467275970005,0.38349521903146255,2.72
333,5,288,453.38126431030634,4000.846998879209,3800.804648935258,3878.5800413888887,0.9799474571560524,77.77539245363134,0.11928560033657998,0.22720842004080455,0.9853075636824408,0.0,0.0,0.0,0.0,False,1224.3225255216296,1.836156532214219,1440,2023-02-27,0.056520649395901554,0.4282106809628358,2.639
334,5,168,338.1717022033733,2555.076239192984,2427.322427233337,2459.732018611111,0.9868239340169771,32.40959137777419,0.1393188224231181,0.22089669960195094,0.9991121269394931,0.0,0.0,0.0,0.0,False,574.401584497455,1.4225294003307976,1440,2023-02-14,0.05623804614892205,0.41224199754257973,2.549
335,5,131,209.56895156873358,2024.8751221022917,1923.6313659971784,1932.2927891666666,0.9955175410175683,8.6614231694885,0.1089444450080988,0.19881843834518503,1.000318617566336,0.0,0.0,0.0,0.0,False,485.4717165834962,1.2061034411351739,1440,2023-12-14,0.05595685591817744,0.4123080007917552,2.576
336,5,209,264.1693078833981,3137.109196054523,2980.253736251807,3003.2549075,0.992341252422246,23.001171248193437,0.0886398713874737,0.20689430982079407,0.9774478895498814,0.0,0.0,0.0,0.0,False,1066.9992620480098,1.906597284247952,1440,2023-05-05,0.05567707163858655,0.46099205623872147,2.597
337,5,272,125.55184414366121,4296.809377742836,4081.9689088556765,4140.480651111111,0.9858683695962369,58.51174225543427,0.03075766791640212,0.22313377646847593,0.9861322812747094,0.0,0.0,0.0,0.0,False,1081.8685214344457,1.837851606695768,1440,2023-10-11,0.05539868628039362,0.48182766785891473,2.589
338,5,233,344.35824176045395,3397.475095391192,3227.6013406216334,3248.52575,0.993558798363114,20.924409378366427,0.10669169002579817,0.20289945600280415,0.9914373527780647,0.0,0.0,0.0,0.0,False,914.7583162637095,1.3890747614541343,1440,2023-10-17,0.05512169284899165,0.46161264170674543,2.545
339,5,132,102.77751874831293,2066.853518816539,1963.510842875714,1976.5186825,0.9934188127137593,13.007839624286104,0.05234374901530326,0.20175927267484323,0.9686632457445624,0.0,0.0,0.0,0.0,False,754.8654898511952,2.8690180312898694,1440,2023-06-18,0.05484608438474669,0.48981115300934774,2.605
340,5,237,350.477920659794,3635.4659518106387,3453.6926542201027,3476.390430555555,0.9934708782604073,22.697776335452936,0.10147918640981021,0.18250117279919967,0.9872695127172536,0.0,0.0,0.0,0.0,False,1174.44275494167,2.114520330809846,1440,2023-11-07,0.05457185396282296,0.5147904017392015,2.531
341,5,182,185.86949614441306,2640.1080456422474,2508.102643360122,2527.7375952777775,0.9922322032340949,19.634951917656014,0.07410761143945946,0.19913965186785137,0.993750814504148,0.0,0.0,0.0,0.0,False,987.825380321804,1.5861011468655872,1440,2023-01-08,0.05429899469300884,0.5780165618095403,2.576
342,5,160,159.86236692096176,2334.8199848584604,2218.078985615534,2245.242999166667,0.9879015262217876,27.164013551132992,0.07207244104366227,0.21777761072325108,0.9653338219651281,0.0,0.0,0.0,0.0,False,488.50767600536346,3.0247922689091395,1440,2023-05-30,0.05402749971954379,0.5920358533213851,2.524
343,5,197,152.21011207278588,3007.4894587655326,2857.1149858272665,2896.3214566666666,0.9864633565624576,39.20647083940017,0.05327405891181311,0.2312810486368609,0.9648352153680214,0.0,0.0,0.0,0.0,False,647.0657913144009,2.961347694514119,1440,2023-07-04,0.053757362220946084,0.561358896512819,2.604
344,5,278,387.72982656839235,4142.366581715811,3935.248252630007,3993.728036666667,0.9853570940485298,58.47978403666003,0.09852741216752071,0.2184135668416383,0.9779395159239652,0.0,0.0,0.0,0.0,False,1335.0858235004657,2.0973980487939157,1440,2023-02-17,0.053488575409841345,0.5055457152241815,2.653
345,5,294,400.0775654278352,4439.764751026555,4217.776513475225,4287.208694166666,0.9838048050271235,69.43218069144135,0.09485508872972324,0.2524119895241276,0.9617134677968556,0.0,0.0,0.0,0.0,False,1110.6275316886836,3.003413203230135,1440,2023-09-15,0.05322113253279214,0.4882829518006794,2.626
346,5,145,219.8143244734935,2162.3118040490363,2054.1962138465624,2068.074692777778,0.9932891790709094,13.878478931215476,0.10700746257431885,0.1893080442563777,1.001910165778848,0.0,0.0,0.0,0.0,False,578.2270456852882,1.2615281598767734,1440,2023-12-03,0.05295502687012817,0.3970556116841948,2.596
347,5,221,128.0047337153192,3421.992498840955,3250.8928738988875,3287.9651505555557,0.9887248571809211,37.07227665666849,0.03937525433183515,0.23578462130132335,0.9530879064847666,0.0,0.0,0.0,0.0,False,882.0203578613633,3.41378618275503,1440,2023-07-04,0.05269025173577754,0.46343701696723794,2.62
348,5,257,382.98540970062936,3800.506648346396,3610.481315929059,3672.3210575000003,0.9831605841094297,61.839741570941044,0.10607599823628461,0.21639647761879444,0.968089949192235,0.0,0.0,0.0,0.0,False,1685.1302195166286,2.6267466199132894,1440,2023-03-19,0.05242680047709865,0.4125044406297259,2.591
349,5,166,192.77971193013948,2455.8477612364477,2333.055373174626,2365.1570719444444,0.9864272444521297,32.10169876981885,0.08262971987150954,0.225355950807171,0.998728247987271,0.0,0.0,0.0,0.0,False,594.6766866845575,1.3766183051628775,1440,2023-12-20,0.05216466647471316,0.4135924717803401,2.608
350,5,169,140.58508296729838,2368.3431000619835,2249.925945058881,2302.884015,0.9770035878506373,52.95806994111902,0.06248431566205137,0.24881409214604464,0.9597544054680652,0.0,0.0,0.0,0.0,False,603.7335580426768,3.181083226915702,1440,2023-08-15,0.0519038431423396,0.39348425814604454,2.512
351,5,163,380.5585225089357,2561.147144629409,2433.0897873979347,2460.743237222222,0.9887621555122088,27.65344982428734,0.1564095679822501,0.20456512187554693,0.9906729181616128,0.0,0.0,0.0,0.0,False,971.9256505332105,1.8027753472968113,1440,2023-02-06,0.0516443239266279,0.3233490716857838,2.52
352,5,157,271.9989046999163,2361.0437475336316,2242.99156015694,2285.899051944444,0.9812294896614066,42.9074917875042,0.12126612936558923,0.24360923744080878,0.999874697379626,0.0,0.0,0.0,0.0,False,713.1294890163754,1.4074852417184003,1440,2023-04-04,0.05138610230699475,0.3643604010188929,2.481
353,5,280,382.8381705362723,4446.651078418994,4224.318524498034,4281.9841925,0.9865329563563152,57.665668001965706,0.0906272025454719,0.21670871858344937,0.9689932705886463,0.0,0.0,0.0,0.0,False,1528.70172060176,2.4151719346017124,1440,2023-04-18,0.05112917179545978,0.30909194836976356,2.715
354,5,159,161.95222681424903,2617.0966395360465,2486.241807559245,2505.75604,0.9922122376922395,19.514232440755197,0.06513937072486053,0.20644617100912835,0.9798659419273248,0.0,0.0,0.0,0.0,False,697.7763855710548,2.133244511526724,1440,2023-05-03,0.05087352593648248,0.32322289180747843,2.675
355,5,160,249.05844247139876,2255.472550238203,2142.698922726282,2183.8920825000005,0.9811377310702264,41.19315977371812,0.11623585555104822,0.18449316311675334,1.0026894024738775,0.0,0.0,0.0,0.0,False,545.0979432596791,1.250790161494405,1440,2023-12-12,0.05061915830680006,0.35678294267070004,2.802
356,5,142,169.41368664223364,2091.131071270283,1986.5745177067768,2006.6232980555553,0.9900086975127788,20.048780348778795,0.08527930119520416,0.21336926286651342,0.9816516122386023,0.0,0.0,0.0,0.0,False,584.3628722786345,2.2770504907178863,1440,2023-05-08,0.05036606251526607,0.4327029425686648,2.582
357,5,142,59.70158448870557,1943.026567194416,1845.8752388347061,1876.4243483333335,0.9837195091154293,30.549109498627246,0.03234323925727231,0.20130533578816065,0.9553897162866289,0.0,0.0,0.0,0.0,False,806.7206749995291,3.3017073013908464,1440,2023-06-01,0.050114232202689735,0.4292430598942387,2.553
358,5,260,376.80126526352973,3819.996731270529,3628.996894707013,3645.2974397222224,0.9955283360864918,16.30054501520906,0.10383069376915265,0.18329084303330803,0.9903827368688594,0.0,0.0,0.0,0.0,False,864.1225884723018,1.5779660703230949,1440,2023-12-13,0.05,0.4529505265376659,2.794
359,5,172,224.51476837183375,2506.8345425875455,2381.4928154581635,2391.3773547222227,0.995866591592272,9.884539264058606,0.09427480398618816,0.18118300288255645,0.9927927753381725,0.0,0.0,0.0,0.0,False,877.6004686219878,1.6432595907132148,1440,2023-11-23,0.05,0.5123838417614179,2.556
360,5,265,396.8583808329208,3877.6784861733136,3683.7945618646436,3736.9247183333327,0.9857823851232451,53.13015646868991,0.10773086668330416,0.2389943137347234,0.9755209225089689,0.0,0.0,0.0,0.0,False,1240.0912126701605,2.1874307650198546,1440,2023-03-19,0.05,0.5655085921279452,2.61
361,5,226,319.1732350167452,3462.450793436121,3289.328253764327,3311.214705833333,0.9933902044979298,21.886452069005802,0.09703295335498408,0.18638525718197144,0.9885196040580503,0.0,0.0,0.0,0.0,False,1072.1501962784723,1.8058977529735634,1440,2023-11-25,0.05,0.4788737928596637,2.636
362,5,275,401.42246639349344,3956.302129128747,3758.487022672314,3789.6713483333333,0.9917712321743326,31.184325661018676,0.10680427096648025,0.19553222679939164,0.9782446827559461,0.0,0.0,0.0,0.0,False,1450.122310516364,2.3121502432122445,1440,2023-03-19,0.05,0.5259866150019943,2.668
363,5,220,355.84078366737845,3473.253918411066,3299.591222490522,3325.554815,0.9921927034874396,25.963592509478172,0.10784389934180721,0.20060916291120273,0.9911808436226708,0.0,0.0,0.0,0.0,False,1082.1082952756626,1.5603153469833007,1440,2023-10-17,0.05,0.5437769282175646,2.659
364,5,258,268.25533234699196,4045.188370344573,3842.9289518273577,3856.598844166667,0.9964554539137547,13.669892339309008,0.0698049159143141,0.19877658553126007,0.9551626627402554,0.0,0.0,0.0,0.0,False,1063.380837858149,3.1272119573651436,1440,2023-05-30,0.05,0.5468094611984764,2.775
365,5,266,175.62614781529822,4175.348616715306,3966.5811858795246,3993.4476980555555,0.9932723515600035,26.866512176031105,0.04427645359699249,0.20823977545813602,0.9510034166923339,0.0,1.0416666666666667,25.698186654514064,0.0,False,1083.3468983216706,3.652932657061856,1475,2023-07-22,0.05,0.5533283285425167,2.625
366,5,131,132.38626632852427,2044.5102384643253,1942.2847265411037,1960.3885277777779,0.9907651973166789,18.103801236673853,0.06816007175440383,0.20290433426830512,0.9944344309678448,0.0,0.0,0.0,0.0,False,674.2059343912728,1.5974031180636252,1440,2023-04-21,0.05,0.5373124158057149,2.563
367,5,221,282.85491236195435,3504.6837230906253,3329.449536936078,3352.6061452777776,0.9930929529630803,23.156608341699457,0.08495545861982076,0.17875355123295447,0.9864127838146939,0.0,0.0,0.0,0.0,False,1208.897295899714,1.877223127210418,1440,2023-12-18,0.05,0.5360924395204864,2.594
368,5,202,314.4038888451508,3309.0180099605045,3143.567109462507,3185.2992038888888,0.9868985323653641,41.732094426382275,0.10001500775942021,0.22447197804313399,0.9964836129980682,0.0,0.0,0.0,0.0,False,917.2403480991919,1.4969071358895878,1440,2023-11-24,0.05,0.5893105036084272,2.814
369,5,172,86.23041028782306,2657.310818826132,2524.4452778848304,2538.1748094444442,0.9945907856667213,13.72953155961396,0.03415816181211635,0.194736591191063,0.9945344601422875,0.0,0.0,0.0,0.0,False,724.621052631579,1.3952696676240488,1440,2023-12-23,0.05,0.5300808169942283,2.541
370,5,201,-939.2974855198277,3014.9787871558888,2864.229847798081,2879.680928888889,0.9946344468458977,15.45108109080824,-0.32794068054347186,0.19080460679439776,0.9510006439381178,0.0,2.0833333333333335,55.49898829248898,0.0,False,1236.8703363521313,3.6717407087962126,1531,2023-07-02,0.05,0.548378089217872,2.81
371,5,194,211.80169490788882,2976.708863256662,2827.8734200938216,2836.406214722222,0.9969916880790518,8.532794628400953,0.07489786968642387,0.17124424642047006,0.984612976527681,0.0,0.0,0.0,0.0,False,1068.8463261885531,1.6760426640692803,1440,2023-01-08,0.05,0.5721260423297307,2.544
372,5,209,345.2869424539088,3185.0952911633394,3025.8405266051604,3038.2488794444444,0.9959159524674777,12.40835283928407,0.11411273641750817,0.17782340686593642,1.0002002453328647,0.0,0.0,0.0,0.0,False,902.0205938838569,1.4078164959567316,1440,2023-03-02,0.05,0.6355949853208351,2.543
373,5,268,446.2923192440282,4296.629705403662,4081.7982201334908,4112.418066944445,0.9925542962042025,30.61984681095391,0.10933718306865073,0.192745758424614,0.9702481561520617,0.0,0.0,0.0,0.0,False,1410.6253474419825,2.7120470044461076,1440,2023-09-21,0.05,0.6730048163903958,2.678
374,5,269,175.29437943835134,4245.066882844221,4032.81353870203,4078.330347777778,0.9888393520891339,45.51680907574783,0.04346701818868874,0.23130983702367855,0.9851494302093962,0.0,0.0,0.0,0.0,False,1189.2410781879644,1.914971551139414,1440,2023-10-21,0.05,0.670466219895723,2.615
375,5,233,146.9279983090273,3636.744552902281,3454.9073252571643,3476.313500555556,0.9938422770860652,21.406175298391446,0.04252733415883761,0.18386701139595682,0.9810673171513187,0.0,0.0,0.0,0.0,False,1275.4820072507155,2.037132026132137,1440,2023-11-05,0.05,0.5820288779308588,2.67
376,5,248,245.3166198980625,3991.626210641641,3792.044900109556,3819.675996666667,0.9927661150890222,27.631096557110798,0.06469243544320244,0.18692658608419777,0.9734702617595766,0.0,0.0,0.0,0.0,False,1452.3230477166169,2.4171543818001973,1440,2023-04-01,0.05,0.6164598701701574,2.644
377,5,293,480.45249633845094,4733.452686321606,4496.780052005492,4513.633860555556,0.9962660222182954,16.85380855006438,0.10684367275739379,0.17422857576163545,0.9552743443727147,0.0,0.0,0.0,0.0,False,1560.979450611754,2.9791869004119054,1440,2023-09-12,0.05,0.6379272703432562,2.692
378,5,235,468.9111429987212,3498.046473976,3323.144150277197,3375.184625,0.9845814435342769,52.040474722803175,0.14110466527899712,0.23645492780872004,0.9944975953728776,0.0,0.0,0.0,0.0,False,983.5269438453563,1.6843706047771674,1440,2023-02-21,0.05,0.6843253844032906,2.641
379,5,186,19.933781807928074,2745.7222892999816,2608.436174835001,2641.8420119444445,0.9873550965733731,33.40583710944284,0.007642043152230475,0.20898459349839818,0.9918721973449264,0.0,0.0,0.0,0.0,False,826.2589473684211,1.7167925669780755,1440,2023-12-25,0.05,0.5827231547572962,2.637
380,5,134,92.43238426126877,2004.766731395511,1904.5283948257347,1911.3165761111113,0.9964484265086069,6.788181285376501,0.04853295152353261,0.17435245752566855,1.0000253301553064,0.0,0.0,0.0,0.0,False,657.9439267572608,1.316760990088791,1440,2023-12-22,0.05,0.5614268768482887,2.479
381,5,220,213.00963214762564,3305.2081665326987,3139.9477582060435,3167.2990833333333,0.9913644640409188,27.351325127289783,0.06783859113290634,0.21262947418557182,0.9857731401366258,0.0,0.0,0.0,0.0,False,950.8876640812657,1.8861204021038913,1440,2023-04-22,0.05,0.6218629307848046,2.455
382,5,161,66.5698478865377,2338.0125672937556,2221.111938929055,2234.147765277778,0.9941651906148194,13.035826348722932,0.029971406087095018,0.21591680943279928,1.0025726844482625,0.0,0.0,0.0,0.0,False,584.8496084963618,1.1596841263778832,1440,2023-11-19,0.05,0.5853708635729514,2.456
383,5,227,248.55730958210398,3497.5934770338754,3322.7138031821687,3349.746409166666,0.9919299544853539,27.032605984497888,0.07480551269388902,0.22863923181366524,0.9944247295096312,0.0,0.0,0.0,0.0,False,699.1402689442973,1.5293939456835024,1440,2023-04-22,0.05,0.5481492317879285,2.448
384,5,124,198.78466950117172,1901.7503998349737,1806.662879843221,1811.746638888889,0.9971940011166319,5.08375904566811,0.11002864547613991,0.19031843028087175,0.9840180776388349,0.0,0.0,0.0,0.0,False,467.00259759363746,2.1323729837256526,1440,2023-09-21,0.05,0.48895063553132184,2.498
385,5,273,233.45194338482474,3953.666317658104,3755.9830017752042,3771.418578888889,0.9959072224971028,15.435577113684793,0.06215468581047558,0.17282596656806287,0.9663448042233193,0.0,0.0,0.0,0.0,False,1301.1395724206604,2.464905629079226,1440,2023-05-07,0.05,0.5263816003841385,2.527
386,5,290,141.40313840340545,4725.999405058113,4489.699434805208,4523.463158055556,0.9925358686319307,33.76372325034785,0.03149501218438255,0.19334659979064467,0.9510007715514215,0.0,12.430555555555555,994.7111091257385,0.0,False,1342.0526335559166,4.295792181470616,1691,2023-07-29,0.05,0.5961684941061683,2.576
387,5,146,328.71469338117333,2116.721596754273,2010.8855169165574,2022.6802083333337,0.9941687809233597,11.794691416776162,0.16346763185465496,0.19754951019633968,0.9960910066146221,0.0,0.0,0.0,0.0,False,616.6208377914345,1.4834888053700643,1440,2023-02-02,0.05,0.60718528600458,2.571
388,5,268,212.50732257541227,4343.482913669442,4126.30876798598,4163.983622777779,0.9909522087008916,37.67485479179805,0.051500586728786046,0.22129390244781325,0.9750380527482035,0.0,0.0,0.0,0.0,False,1258.1540069863117,2.124177242396619,1440,2023-12-30,0.05,0.6068748411209633,2.493
389,5,193,393.9074245349697,3016.511364488443,2865.6857962640174,2895.0193094444444,0.9898675932541341,29.333513180426717,0.13745659941103983,0.21085680645200175,0.974080012797254,0.0,0.0,0.0,0.0,False,1144.6782575232028,2.3643306792974723,1440,2023-01-17,0.05,0.5533241271384376,2.602
390,5,127,15.597412767129477,1752.9496378564793,1665.3021559636502,1679.7078566666664,0.9914236867763399,14.405700703016143,0.009366115759397319,0.19576325041391637,0.9822293685214686,0.0,0.0,0.0,0.0,False,723.4154533551869,2.162480896996355,1440,2023-09-20,0.05,0.532902326820602,2.615
391,5,284,378.40899704226376,4103.4954006866965,3898.3206306523316,3929.482571388889,0.9920697088814054,31.16194073655699,0.09706974692303391,0.19749474981659051,0.9624969427682528,0.0,0.0,0.0,0.0,False,1479.1711627760687,2.709491248998235,1440,2023-04-24,0.05,0.5499825473294258,2.592
392,5,290,60.44338048087079,4336.032326772364,4119.230710433764,4141.369415555556,0.9946542549334924,22.138705121791823,0.014673463258023236,0.18569326260948188,0.9607868312664954,0.0,0.0,0.0,0.0,False,1470.1825845755968,2.7118200760960827,1440,2023-09-20,0.05,0.5599626875597719,2.547
393,5,127,254.32240334392299,2291.3244382943353,2176.758216379603,2181.412526111111,0.9978663780115878,4.654309731508374,0.11683539376592478,0.16059756346651882,1.0014390797252921,0.0,0.0,0.0,0.0,False,723.88405294389,1.2110176374275892,1440,2023-03-02,0.05,0.5946254084692139,2.436
394,5,227,274.8967294487476,3684.4733093078853,3500.2496438424887,3510.738902777778,0.997012236105912,10.489258935289158,0.07853632095423133,0.1686118723992362,0.9852591929430371,0.0,0.0,0.0,0.0,False,1212.2341500243901,1.890611748941582,1440,2023-12-20,0.05,0.6795362451379602,2.509
395,5,268,469.33599351383145,4182.656530262009,3973.5237037488937,3989.5336211111116,0.9959870203179891,16.00991736221721,0.1181158157106318,0.168550744192894,0.9743250128756771,0.0,0.0,0.0,0.0,False,1326.3622777867024,2.113285846975292,1440,2023-03-05,0.05,0.7314028412010173,2.552
396,5,262,315.71388600281836,3662.1052550327336,3478.999992281096,3492.458695833333,0.9961463528349545,13.458703552237317,0.09074845837979217,0.17528655770811066,0.9812993001568865,0.0,0.0,0.0,0.0,False,1381.7939316757286,2.0496813252694817,1440,2023-04-08,0.05,0.774603062895771,2.448
397,5,195,80.26634837553105,2846.923660864048,2704.5774778208506,2730.4911955555554,0.9905095032802579,25.913717734704967,0.029677962282006344,0.2209980573013951,0.9738110114866125,0.0,0.0,0.0,0.0,False,864.5532380132125,2.6027866337193126,1440,2023-10-01,0.05,0.7955801226326917,2.47
398,5,275,149.11253784503478,3909.585244419588,3714.105982198601,3753.277291111111,0.9895634385966421,39.171308912510234,0.04014762598582773,0.19330545067217414,0.9580807140700012,0.0,0.0,0.0,0.0,False,1349.340558812786,3.2715379267385374,1440,2023-05-16,0.05,0.710746568451933,2.548
399,5,270,130.60914035026192,3915.8889504600083,3720.094502936991,3749.661611111111,0.9921147262764975,29.567108174120243,0.03510909205321178,0.1999839525264804,0.9827745008263803,0.0,0.0,0.0,0.0,False,1253.9937167669598,1.8597051318469435,1440,2023-10-21,0.05,0.7041381871580031,2.507
400,5,140,197.09343994368598,1964.2754838669678,1866.0617096736146,1894.9893394444443,0.9847346741384252,28.927629770829974,0.10562000116178302,0.21365840217050797,1.0046549924852308,0.0,0.0,0.0,0.0,False,396.4663747380897,1.1750143215644344,1440,2023-02-20,0.05,0.6841595804170617,2.452
401,5,121,231.14284449290543,1752.019213268093,1664.4182526046827,1679.4513808333334,0.9910487862880607,15.033128228650693,0.13887305317109158,0.22613119364278744,1.0009432690950752,0.0,0.0,0.0,0.0,False,523.3932232318426,1.120662360046557,1440,2023-02-08,0.05,0.6374099856989224,2.506
402,5,138,35.532571069070826,2051.5408571942176,1948.9638143344973,1958.773222222222,0.9949920655559116,9.809407887724532,0.018231519132233837,0.19980165736172772,0.9565779227253224,0.0,0.0,0.0,0.0,False,620.7934849429234,3.258881507098633,1440,2023-06-24,0.05,0.5712636090032567,2.512
403,5,186,254.67469821203431,2879.967915857391,2735.969520064533,2766.5612222222226,0.9889423368216239,30.591702157689397,0.0930838945186887,0.22372528582783968,0.9513603924481989,0.0,0.0,0.0,0.0,False,628.9940457989378,3.56245187075128,1440,2023-07-27,0.05,0.5762814045969692,2.512
404,5,139,153.99248294046296,1885.9604179102644,1791.6623970147514,1820.763991388889,0.9840168223274567,29.101594374137633,0.085949497626921,0.20820651111028896,0.994409216152594,0.0,0.0,0.0,0.0,False,532.7720562428772,1.6084364107691498,1440,2023-12-09,0.05,0.526477394155101,2.478
405,5,134,234.76160313385046,1945.5497667824595,1848.2722784433354,1869.1101802777775,0.9888514320587857,20.83790183444246,0.12701678528207597,0.20187801571746905,0.9886601341404784,0.0,0.0,0.0,0.0,False,546.5610554176708,1.8350789201970876,1440,2023-10-31,0.05,0.5203651646247035,2.631
406,5,166,135.91073078447005,2393.7581704053578,2274.0702618851196,2302.304341944445,0.9877365995689867,28.234080059325052,0.05976540525700605,0.2326831038108477,0.9652322788523239,0.0,0.0,0.0,0.0,False,625.4045211725639,2.9597287331396975,1440,2023-08-11,0.05,0.5293041700787158,2.596
407,5,238,312.83887162086427,3548.421083471579,3371.0000292980008,3441.2073583333336,0.9795980533212227,70.20732903533249,0.09280298691839878,0.2590637155892539,0.9863782253861462,0.0,0.0,0.0,0.0,False,847.0958417856693,1.8649936471873603,1440,2023-10-10,0.05,0.4670500254459503,2.634
408,5,214,302.76711255566585,2902.975723917602,2757.8269377217302,2791.4906250000004,0.9879406052892368,33.66368727826956,0.10978466720097561,0.23697027121499756,0.9641698139355395,0.0,0.0,0.0,0.0,False,592.0302311144378,3.0152273731227837,1440,2023-06-29,0.05,0.35625617804778165,2.517
409,5,169,283.60465637330276,2416.420636273771,2295.5996044600543,2353.9894583333335,0.975195363060538,58.38985387327914,0.12354273620813293,0.2513833963282962,0.9912817795712735,0.0,0.0,0.0,0.0,False,737.0836922529056,1.4285231946584642,1440,2023-04-04,0.05,0.3143781641918606,2.62
410,5,292,346.27238814013236,4840.506838964648,4598.481497016387,4662.871717777778,0.986190865917264,64.39022076139065,0.0753014638342685,0.22280328004256666,0.9510607868352453,0.0,4.166666666666667,712.6464049533723,54.38014464406386,True,1754.610228343443,3.9556179836568717,1620,2023-06-09,0.05,0.24659770804145198,2.723
411,5,247,282.29222221968604,3436.8424093823596,3265.000288913222,3357.3697066666673,0.9724875644257976,92.36941775344445,0.086460091038353,0.27123577700268536,0.9510069298044193,0.0,2.986111111111111,79.18954719472734,0.0,False,1014.3872929396914,3.7878281698244978,1551,2023-08-04,0.05,0.25410943494760174,2.565
412,5,234,342.2486306094866,3512.7916945793154,3337.1521098503654,3391.657277777778,0.9839296357316136,54.50516792741283,0.10255709639343731,0.25551775295859236,0.9913755948971692,0.0,0.0,0.0,0.0,False,855.0174981885835,1.6421116305602312,1440,2023-11-11,0.05,0.15000553431012625,2.757
413,5,290,393.86474522935913,4188.057194745359,3978.654335008051,4043.8713686111114,0.9838726241123096,65.21703360306,0.09899446196261785,0.2223400972298811,0.9672775542193973,0.0,0.0,0.0,0.0,False,1697.0331235820213,2.2486176909866273,1440,2023-04-20,0.05,0.09852617904922079,2.708
414,5,262,169.5461182118726,4075.6311298252945,3871.8495733340155,3890.6958061111113,0.9951560765178573,18.8462327770959,0.0437894383551368,0.2102242509028027,0.9510002670845686,0.0,1.1111111111111112,11.411495334491324,0.0,False,979.6744393066278,3.552424924443871,1474,2023-07-22,0.05,0.12921653258216714,2.584
415,5,142,231.02155934924917,2021.0545808326697,1920.0018517910337,1956.5178333333333,0.9813362388422051,36.5159815422994,0.12032361277867806,0.22937228961329129,1.0067783276782738,0.0,0.0,0.0,0.0,False,534.0868562342422,1.109518044071946,1440,2023-03-07,0.05,0.17991246478295653,2.58
416,5,126,182.65001456471484,1973.4871316633598,1874.8127750801923,1891.5123333333331,0.9911713193940893,16.699558253141067,0.09742306911520926,0.21871584457894605,0.9991109296963534,0.0,0.0,0.0,0.0,False,563.7345334521483,1.2394932520504016,1440,2023-11-23,0.05,0.17687491089984858,2.676
417,5,276,224.2995988943328,4004.1614501153203,3803.953377609541,3832.626870277778,0.9925185796481777,28.67349266823726,0.05896486539887245,0.20369339626925362,0.9765070524826691,0.0,0.0,0.0,0.0,False,1280.4396106035758,2.2533044963996423,1440,2023-05-01,0.05,0.19695325463997448,2.568
418,5,193,120.04786847770308,2846.3612392378227,2704.043177275894,2714.682386111111,0.9960808642330868,10.639208835217417,0.044395692157046716,0.1770456228442925,0.9889737816083447,0.0,0.0,0.0,0.0,False,897.721806128108,1.758183616549879,1440,2023-01-15,0.05,0.24588064609993582,2.491
419,5,130,205.48304367291362,2119.598270756326,2013.6183572185214,2019.8553233333334,0.9969121718556955,6.236966114812031,0.10204666784859583,0.19467718163084424,0.9977684085537288,0.0,0.0,0.0,0.0,False,394.24705389893353,1.433794101674455,1440,2023-11-12,0.05,0.3447953796606048,2.516
420,5,206,410.14571249284313,3235.0426947038586,3073.290559968659,3113.764,0.9870017637716472,40.473440031340395,0.1334549091567267,0.24274089675609536,0.9901542498468797,0.0,0.0,0.0,0.0,False,952.3347089280264,1.6396070236470743,1440,2023-10-26,0.05,0.3854038780971839,2.554
421,5,188,352.19478183963605,3059.261873510962,2906.2987798354056,2939.2027105555558,0.9888051509336249,32.90393072015009,0.12118326728251323,0.2102193710734825,0.9753642795108257,0.0,0.0,0.0,0.0,False,995.5360958870501,2.1589543514504688,1440,2023-03-10,0.05,0.31001345873308994,2.662
422,5,198,32.14322772406291,2915.4017396885743,2769.6316527041377,2790.082959722222,0.9926700003858953,20.4513070180843,0.011605596611621541,0.17597069618605324,0.9605473989755808,0.0,0.0,0.0,0.0,False,1244.5953538495617,2.907393239641431,1440,2023-07-05,0.05,0.32073751118988897,2.651
423,5,197,180.71643233313517,2977.3196915561625,2828.4537069783405,2855.6476366666666,0.9904771410382869,27.193929688326104,0.06389230691217357,0.21006764607165324,0.9603564595348176,0.0,0.0,0.0,0.0,False,759.012157222048,3.1207007026908378,1440,2023-08-01,0.05,0.4058653030983699,2.581
424,5,176,33.75819757462684,2436.4376826372218,2314.6157985053624,2331.061353611111,0.9929450354962677,16.445555105748788,0.014584795280679335,0.21245799686854844,0.9717661021908106,0.0,0.0,0.0,0.0,False,759.4380622010481,2.6332069465103753,1440,2023-10-14,0.05,0.39845086457325196,2.786
425,5,208,239.25704770507429,3260.115145170843,3097.1093879123046,3111.957656111111,0.9952286406694357,14.848268198806476,0.07725172660638646,0.2157798852277019,0.951093372264333,0.0,0.0,0.0,0.0,False,798.4626171912645,3.5377642314228797,1440,2023-07-14,0.05,0.38663764215656077,2.63
426,5,208,201.03209184289906,3006.4240574885634,2856.102854614131,2902.3638055555557,0.9840609399645647,46.260950941424184,0.07038685302181079,0.23926513286038778,0.9577009288787945,0.0,0.0,0.0,0.0,False,620.868690178979,3.3275430956746597,1440,2023-07-13,0.05,0.36908991557168513,2.527
427,5,296,430.4846533442993,4426.26142013313,4204.948349126446,4234.885217222222,0.9929308903169252,29.93686809577564,0.10237572916531305,0.20873753417093602,0.9510021510171817,0.0,0.06944444444444445,0.017605653109325457,0.0,False,1293.6294832870838,3.2869668742454246,1442,2023-06-15,0.05,0.3014209328688563,2.502
428,5,245,271.32558322453883,3490.714369415229,3316.1786509444732,3344.549027777778,0.9915174283295961,28.370376833304732,0.08181874735465872,0.20239147154920772,0.9730678005915268,0.0,0.0,0.0,0.0,False,1211.522392067814,2.4141775085904875,1440,2023-04-29,0.05,0.3140095871148402,2.606
429,5,260,150.92383663065652,4004.8713677158744,3804.627799330086,3830.5432638888888,0.9932345198126041,25.91546455880332,0.03966848916396789,0.1985933667855199,0.9749810139826496,0.0,0.0,0.0,0.0,False,1454.1125676922934,2.2597832172221515,1440,2023-11-05,0.05,0.33792227470196934,2.581
430,5,121,270.3286548012162,1807.346353398465,1716.9790357285253,1727.3884783333335,0.9939738844299507,10.40944260480817,0.15744435381909833,0.19657876057401438,0.9765434535766162,0.0,0.0,0.0,0.0,False,576.4271110022767,2.2717533263747804,1440,2023-01-16,0.05,0.3654785869125098,2.576
431,5,175,278.60893953415354,2519.5399587652373,2393.5629608269783,2425.387415,0.9868786100001175,31.824454173022055,0.11639925253434481,0.18153519160047535,0.9963508148324585,0.0,0.0,0.0,0.0,False,814.5119478760093,1.3818668687261852,1440,2023-12-12,0.05,0.39212683231755363,2.566
432,5,298,443.8259091500706,4455.291475907517,4232.52690211215,4256.547191111111,0.9943568606383311,24.020288998960993,0.10486074144705115,0.19982413896805712,0.9751598195167133,0.0,0.0,0.0,0.0,False,1587.132609854958,2.228262263470498,1440,2023-04-12,0.05,0.4474645208033507,2.698
433,5,168,77.99432488213745,2434.7879206903617,2313.0485246558305,2316.639355833333,0.9984499826576542,3.5908311775025337,0.03371927741712318,0.20677786752039126,1.0006594166649978,0.0,0.0,0.0,0.0,False,517.839655706438,1.181972660837326,1440,2023-12-23,0.05,0.4515077804349056,2.67
434,5,212,107.86952919518671,3092.3207513736666,2937.7047138049857,2947.8132513888886,0.9965708351507205,10.108537583903235,0.03671898291488647,0.18175015796832447,0.9849657147770214,0.0,0.0,0.0,0.0,False,1178.831272618768,1.8352017830695528,1440,2023-04-23,0.05,0.43910529194899495,2.771
435,5,276,265.8696715391609,3898.718245570198,3703.7823332916932,3741.535211944444,0.9899097892939163,37.75287865275132,0.07178328735718989,0.19726456859788508,0.9911448552988825,0.0,0.0,0.0,0.0,False,937.0844668568964,1.639998213903904,1440,2023-11-03,0.05,0.48515675427639704,2.603
436,5,235,283.4027622886179,3271.235295944823,3107.673531147606,3128.048496944444,0.9934863651197412,20.37496579683866,0.09119450915552335,0.21270469093886138,0.988068673874578,0.0,0.0,0.0,0.0,False,911.1229711391103,1.788819443579379,1440,2023-10-10,0.05,0.4880029923233912,2.653
437,5,279,513.0725319921522,4141.7395291674175,3934.652552709044,3971.0326486111107,0.9908386308748202,36.3800959020672,0.1303984341994561,0.19537995140501682,0.9697342748214655,0.0,0.0,0.0,0.0,False,1400.0274485789582,2.365901234222665,1440,2023-02-10,0.05,0.4556764790638956,2.577
438,5,149,206.8061711743081,2013.051473557643,1912.3988998797638,1918.4936844444446,0.9968231406680675,6.094784564680667,0.10813966227825712,0.19304907958155818,0.9565796999366224,0.0,0.0,0.0,0.0,False,802.7860043298292,3.4171889831362257,1440,2023-08-23,0.05,0.4681606978605063,2.569
439,5,212,269.58166505803445,3105.702971358024,2950.4178227901184,2981.043111111111,0.9897266536646705,30.62528832099229,0.09137067400274157,0.19070432961507655,0.9510004710822197,0.0,3.8194444444444446,182.91669534442178,0.0,False,1326.202971973011,3.8189190934428936,1633,2023-06-23,0.05,0.4836235369303259,2.638
440,5,235,378.04316846119224,3447.9086405753455,3275.5132085465784,3294.7886799999997,0.9941497093363143,19.275471453421503,0.11541494245078585,0.1981632693904236,0.9807854294725071,0.0,0.0,0.0,0.0,False,1342.15764555837,2.1482845293101236,1440,2023-03-29,0.05,0.5016170416316874,2.65
441,5,182,268.52177634319986,2727.733312502281,2591.3466468771794,2607.805138888889,0.9936887569679681,16.458492011709673,0.10362248395705541,0.21340087690079904,0.9789672536407951,0.0,0.0,0.0,0.0,False,823.9074592129248,2.160571964499312,1440,2023-09-28,0.05,0.4996940144174919,2.545
442,5,223,252.10183683271157,3501.912376192518,3326.8167573828705,3345.795349444444,0.9943276291346616,18.978592061573984,0.07577869633884922,0.19871611361619282,0.9871794515850096,0.0,0.0,0.0,0.0,False,1113.011954289823,1.8326555618458482,1440,2023-05-04,0.05,0.4639628122782696,2.626
443,5,300,345.6840062886308,4285.47354323517,4071.1998660734016,4093.013128888889,0.9946706101034646,21.813262815487274,0.0849096132983608,0.20884930143956495,0.986677765458879,0.0,0.0,0.0,0.0,False,1029.2213505322543,1.9490392861611918,1440,2023-05-05,0.05,0.4677485241122158,2.656
444,5,253,425.79127530736025,3664.3402537903385,3481.1232411008023,3516.985024166667,0.9898032596614875,35.861783065864174,0.122314335292742,0.2213966309558413,0.9527984136254147,0.0,0.0,0.0,0.0,False,1010.7781698418639,3.628997461142785,1440,2023-08-24,0.05,0.4480416152959758,2.705
445,5,177,239.1318627435043,2463.4582500774486,2340.285337573574,2347.701131111111,0.9968412531564326,7.415793537536626,0.10218064391730886,0.18603924191069676,0.9762467710153044,0.0,0.0,0.0,0.0,False,977.9891435308346,2.414236356830417,1440,2023-09-26,0.05,0.4036021317593838,2.678
446,5,131,80.56614554695653,1746.2460246342416,1658.933723402529,1663.3764455555556,0.997329093985371,4.442722153026331,0.04856501764381078,0.1921132131095063,1.001267103257387,0.0,0.0,0.0,0.0,False,669.6860543690029,1.3212846250744477,1440,2023-04-15,0.05,0.4465348387338933,2.59
447,5,153,266.801679981142,2035.5490242072983,1933.7715729969254,1942.2053255555556,0.9956576411115453,8.433752558630298,0.13796959460297445,0.18821271630246442,0.9932619612575118,0.0,0.0,0.0,0.0,False,643.2477782565041,1.4167894425525223,1440,2023-02-22,0.05,0.46791260702064463,2.745
448,5,169,316.9605586777965,2506.5600624512385,2381.232059328657,2397.335759444444,0.9932826680399917,16.103700115787056,0.13310779914795765,0.20073816414053228,0.9965245276216839,0.0,0.0,0.0,0.0,False,894.2160775120474,1.3309911972000477,1440,2023-11-16,0.05,0.4941852788104146,2.674
449,5,279,260.85947211904494,3967.904203170096,3769.5089930115746,3795.353801388889,0.9931904086602263,25.844808377314273,0.06920250690545147,0.17662691371417005,0.9510008286779206,0.0,1.1111111111111112,25.45754019993751,0.0,False,1742.0906635955134,3.6035671611557984,1483,2023-06-05,0.05,0.48761052279145467,2.701
450,5,169,52.28836958009656,2447.9695117065103,2325.5710361211673,2341.447944444444,0.9932191922690624,15.876908323277519,0.022484099074139063,0.16321938315775653,0.9743368984183475,0.0,0.0,0.0,0.0,False,1065.3688820112825,2.600901568734942,1440,2023-10-01,0.05,0.536564123228575,2.59
451,5,267,302.15714867333526,3979.1387769931766,3780.1818381435023,3801.3794583333333,0.99442370317876,21.197620189831202,0.07993190846653257,0.19590644040220406,0.9523000376427686,0.0,0.0,0.0,0.0,False,1235.40056075111,3.2738587875770815,1440,2023-05-12,0.05,0.6070626016444933,2.588
452,5,169,21.36289200866858,2454.738471059078,2332.001547506111,2339.8297433333337,0.9966543737425653,7.828195827222441,0.009160753787455452,0.1734288041861554,0.9893522256112951,0.0,0.0,0.0,0.0,False,758.5330246117835,1.905585741970416,1440,2023-10-29,0.05,0.5917545364193332,2.558
453,5,240,308.8655258084439,3405.4979967978165,3235.223096957915,3244.9954336111114,0.996988489859808,9.772336653196206,0.09546962189373297,0.17923400213395838,0.9902011700430976,0.0,0.0,0.0,0.0,False,949.1780946431998,1.6038477557426665,1440,2023-12-11,0.05,0.6302874437052044,2.585
454,5,215,226.24402695370128,3370.6885666012977,3202.154138271215,3216.2091930555553,0.9956299314066112,14.055054784340898,0.07065369660057849,0.17384311442749623,0.9580252213583106,0.0,0.0,0.0,0.0,False,1201.826752090581,3.3060731262990677,1440,2023-06-05,0.05,0.6493806339420369,2.577
455,5,293,426.52006420224683,4508.701458764851,4283.266385826582,4297.699611111111,0.9966416393441706,14.433225284528987,0.09957822506991641,0.19087944586869335,0.9776967173770736,0.0,0.0,0.0,0.0,False,1346.9347368421054,2.3334656492930774,1440,2023-11-07,0.05,0.6778229833643448,2.614
456,5,222,128.97356452038792,3252.4902799208176,3089.8657659247488,3102.435033055556,0.9959485800679514,12.569267130806713,0.04174083092628723,0.18501954466284778,0.9936794815354848,0.0,0.0,0.0,0.0,False,935.1163900096503,1.7193296584170743,1440,2023-11-05,0.05,0.6635529614381227,2.585
457,5,287,324.9359155712009,4383.586577299837,4164.407248434876,4193.299779999999,0.9931098340016312,28.8925315651232,0.07802693064981162,0.19888775795777866,0.9510000728454127,0.0,3.125,167.76110621041,0.0,False,1601.2947368421053,3.9874285037698662,1602,2023-07-24,0.05,0.6657777493168628,2.737
458,5,294,140.18392859169157,4408.160379098094,4187.752360143162,4209.4719958333335,0.9948402945282282,21.719635690171422,0.03347474170772105,0.2083262920999882,0.984667971593118,0.0,0.0,0.0,0.0,False,1217.130721158605,1.931192596081451,1440,2023-10-21,0.05,0.6371031224731183,2.797
459,5,255,54.496200879052346,3740.797857029944,3553.7579641784405,3572.4190197222224,0.994776353098346,18.661055543781686,0.015334809356284005,0.20727893833412378,0.9569409591257145,0.0,0.0,0.0,0.0,False,1152.1722767209876,3.30755639043826,1440,2023-07-12,0.05,0.5929823312802621,2.746
460,5,233,68.77488876161115,3534.375666493962,3357.656883169255,3390.644402777778,0.9902710176326665,32.98751960852279,0.020483000840960053,0.19841702720187,0.973472296192097,0.0,0.0,0.0,0.0,False,1412.2863601124914,2.5885522294152254,1440,2023-10-01,0.05,0.5596259296941727,2.643
461,5,275,375.53887508824704,4640.595004211467,4408.5652540009105,4448.390637500001,0.9910472378114994,39.82538349908973,0.08518392117422642,0.20105786631399836,0.9510010853422236,0.0,7.361111111111111,758.647696332048,26.60563941856398,True,1626.6584705000012,4.479663980789784,1712,2023-08-04,0.05,0.5525161615561661,2.715
462,5,300,141.64968470615696,4297.964911166246,4083.0666656078965,4124.869626666667,0.9898656285307734,41.802961058769895,0.034691984311519396,0.23274058788001387,0.9910616172003295,0.0,0.0,0.0,0.0,False,840.9212032134313,1.486678267129716,1440,2023-10-15,0.05,0.5409656076833784,2.663
463,5,164,84.23406854101852,2330.0522024328684,2213.549592311214,2228.362008611111,0.9933527782996403,14.812416299897459,0.03805384294691493,0.19501436689568763,0.9664327178292721,0.0,0.0,0.0,0.0,False,684.562663201579,2.9616174111654967,1440,2023-09-03,0.05,0.4603861477459135,2.594
464,5,221,386.6957840295207,3761.9089416661786,3573.813494582865,3640.7589122222225,0.981612235456015,66.94541763935698,0.10820256418407637,0.2474213014011316,0.9510018066683269,0.0,4.166666666666667,206.95652161626504,0.0,False,998.969109794326,4.018294325390028,1665,2023-08-30,0.05,0.4791695476166749,2.626
465,5,145,209.00505090407705,2205.8033527094403,2095.513185073958,2122.2794027777777,0.9873879859226894,26.766217703819823,0.09973931559714835,0.22103033574409764,0.9950992153504903,0.0,0.0,0.0,0.0,False,589.6926727832017,1.345760209480745,1440,2023-02-17,0.05,0.37652994653125066,2.486
466,5,138,203.22042702998786,2123.7723642388364,2017.583746026877,2042.2235994444445,0.9879347915555033,24.639853417567704,0.10072465513770087,0.20804256403266944,0.9599038617110015,0.0,0.0,0.0,0.0,False,429.48379173281,3.2671061620630484,1440,2023-08-17,0.05,0.3514268733211811,2.493
467,5,241,383.57206638582664,3772.9032393524726,3584.2580773848513,3631.877174722222,0.98688857165413,47.619097337370974,0.10701575001141903,0.24550450916931607,0.964836122954072,0.0,0.0,0.0,0.0,False,842.1600000000002,2.9162157611631305,1440,2023-06-21,0.05,0.35951538431663405,2.568
468,5,128,227.2771324334412,2029.6497366199244,1928.1672497889235,1945.4144691666668,0.9911344242313921,17.247219377743065,0.11787210495268045,0.21609107142913905,0.9953219041458399,0.0,0.0,0.0,0.0,False,731.6189447497055,1.4387598974675673,1440,2023-04-07,0.05,0.28129468835390803,2.54
469,5,249,267.1273179658906,3540.5845878442374,3363.5553584520294,3422.6967366666668,0.9827208243192955,59.141378214637186,0.07941814226266446,0.2502650573463676,0.9535350586022465,0.0,0.0,0.0,0.0,False,814.1899523796849,3.398823531095373,1440,2023-06-12,0.05,0.28262314104065966,2.649
470,5,268,769.2940343586798,4065.7981620503188,3862.508253947807,3882.5746791666666,0.9948316705080953,20.06642521885948,0.19916955091873184,0.1858445750267,0.9808710246904554,0.0,0.0,0.0,0.0,False,1301.3513176418205,2.2059123521395994,1440,2023-01-25,0.05,0.20598988130483978,2.683
471,5,150,35.0518902991138,1884.3305456574724,1790.114018374608,1804.477405,0.9920401404940883,14.36338662539248,0.019580814372338304,0.1946238922862203,0.98638299875552,0.0,0.0,0.0,0.0,False,559.6868659336449,2.069991397691161,1440,2023-09-20,0.05,0.28711610586811764,2.592
472,5,243,508.0734730749334,3547.157433973494,3369.7995622748285,3416.751625,0.9862582745606593,46.95206272517133,0.15077260937500733,0.20848134049962008,0.9831272583736489,0.0,0.0,0.0,0.0,False,948.294444115783,1.7598290930335865,1440,2023-01-21,0.05,0.33297139293348427,2.551
473,5,191,346.0023871042498,2859.556933513721,2716.5790868380077,2742.5046147222224,0.9905467696407722,25.925527884214464,0.12736694793118764,0.2026196841889103,0.9907336598369202,0.0,0.0,0.0,0.0,False,776.2723476638448,1.557547626450192,1440,2023-03-09,0.05,0.33874516949131706,2.635
474,5,281,616.5612018701567,4236.889578732946,4025.04509979622,4050.8261980555553,0.9936355950616418,25.78109825933531,0.15318119091420168,0.19514128391159793,0.9949285105923831,0.0,0.0,0.0,0.0,False,1034.1423333602675,1.561227463171759,1440,2023-11-29,0.05,0.3561288504116992,2.664
475,5,284,205.35720381054557,4322.983724858712,4106.834538615743,4137.836513333334,0.992507684965877,31.00197471758986,0.050003768566669264,0.2133754494316015,0.955636042471194,0.0,0.0,0.0,0.0,False,1436.1268932523224,3.20659584642571,1440,2023-07-11,0.05,0.38673121156251233,2.618
476,5,224,345.2087524283888,3384.4008928488656,3215.1808482063984,3234.1480366666665,0.9941353369588435,18.967188460268353,0.10736837793151352,0.19736546558351176,0.991416357401825,0.0,0.0,0.0,0.0,False,1116.6823507577494,1.8359132094832795,1440,2023-12-14,0.05,0.37042916386757485,2.546
477,5,221,164.30753860553335,2927.3927909565327,2781.0231514087327,2795.192562222222,0.9949307926026304,14.169410813489216,0.05908168672465134,0.18970280812749632,0.990586343981046,0.0,0.0,0.0,0.0,False,900.5878329075526,1.7387811964880193,1440,2023-04-22,0.05,0.39274121689824676,2.659
478,5,248,645.3113434970809,3637.583753974191,3455.7045662754736,3483.2396705555557,0.9920949728171617,27.535104280081864,0.18673799542783007,0.18036206501056481,0.985412457976768,0.0,0.0,0.0,0.0,False,1098.0779652881329,1.8188419374816391,1440,2023-01-27,0.05,0.4279635653196434,2.762
479,5,224,309.3909912021214,3348.5468865076227,3181.119542182226,3205.9499519444444,0.9922548978822459,24.830409762218558,0.09725852395659465,0.2101043467140569,0.9510011545448736,0.0,5.347222222222222,168.57154751402962,0.0,False,1102.2140029405919,3.7877779625732715,1641,2023-08-28,0.05,0.47767297566348177,2.754
480,5,255,49.13694410261175,3851.278692601277,3658.714757971218,3685.5075975,0.9927302172577378,26.79283952878188,0.013430110668113004,0.1894408619735031,0.9547191230666302,0.0,0.0,0.0,0.0,False,1325.736991437491,3.1371629388797255,1440,2023-05-31,0.05,0.451502266855167,2.674
481,5,155,169.89872624379024,2257.8704159160206,2144.976895120252,2159.3740049999997,0.993332739096418,14.397109879748225,0.07920771856811323,0.21258517856486164,0.9743991487032618,0.0,0.0,0.0,0.0,False,746.1971252160879,2.591063729837659,1440,2023-09-07,0.05,0.4765533231390584,2.79
482,5,261,367.8961309341655,3974.0362306372654,3775.334419105388,3816.4493744444444,0.9892269092800317,41.11495533905686,0.09744729607856648,0.21525574585503357,0.9849543091111218,0.0,0.0,0.0,0.0,False,1120.4138451081824,1.9647241264408124,1440,2023-12-07,0.05,0.44504741273693965,2.671
483,5,215,699.2911604323149,3191.9221154424763,3032.326009670349,3075.896513888889,0.9858348601710747,43.57050421854004,0.2306121301608782,0.20881723565198243,0.9857651880319555,0.0,0.0,0.0,0.0,False,989.1959559748375,1.8798305789106036,1440,2023-01-23,0.05,0.41320464908411475,2.698
484,5,256,440.64466265226974,4164.667008375029,3956.4336579562787,3993.6939394444444,0.9906702210902649,37.2602814881656,0.11137420736630968,0.20594017569344097,0.9750124372832075,0.0,0.0,0.0,0.0,False,1360.890310489064,2.151610091750059,1440,2023-10-20,0.05,0.40145429882596817,2.608
485,5,214,283.4144776951812,3374.85890081553,3206.115955774761,3222.7741122222224,0.9948311126168334,16.65815644746128,0.08839807468120528,0.20360800022180522,0.9851319977332212,0.0,0.0,0.0,0.0,False,1229.3012202211444,1.8489589005186322,1440,2023-03-15,0.05,0.3980865417435701,2.802
486,5,175,272.60873325682473,2720.2337006401744,2584.2220156081466,2604.8227733333333,0.9920913015902328,20.600757725186924,0.1054896721761236,0.21237809387781942,0.9614634877768906,0.0,0.0,0.0,0.0,False,961.3214621635416,3.1090348972213917,1440,2023-06-28,0.05,0.40034272210416,2.559
487,5,136,208.34385913406695,2190.887061540087,2081.3427084630903,2099.465111111111,0.991368085827142,18.122402648020856,0.10010069859562565,0.20914183144276677,0.9752966071800626,0.0,0.0,0.0,0.0,False,629.2486258986601,2.4989796043904864,1440,2023-09-13,0.05,0.3822345556555098,2.546
488,5,215,365.974501992637,3262.1853747106934,3099.0761059751467,3118.8395,0.9936632218410555,19.763394024853564,0.1180914858099235,0.2031005296753754,0.9799588272403108,0.0,0.0,0.0,0.0,False,1268.3025974092761,2.0699208043558377,1440,2023-04-06,0.05,0.3744107082815671,2.576
489,5,297,2.443672287061477,4569.120422645907,4340.66440151367,4381.503443888889,0.9906792171001989,40.8390423752183,0.0005629719464626944,0.21348494570036045,0.9657937855943896,0.0,0.0,0.0,0.0,False,1209.8976046167666,2.817275508961899,1440,2023-05-20,0.05,0.38128746778690514,2.591
490,5,126,143.25283636869761,1892.0064747749068,1797.4061510361614,1805.9720102777778,0.9952569258034631,8.565859241616216,0.07969975861388691,0.19956629542545004,0.9708764494618431,0.0,0.0,0.0,0.0,False,782.1371507648419,2.7701738958531275,1440,2023-05-24,0.05,0.36326891285119045,2.609
491,5,223,6.373565904980072,3218.596135397792,3057.666328627878,3078.342680555555,0.9932832845224543,20.676351927676855,0.002084454358314564,0.17320006192445858,0.9510013522553559,0.0,1.1111111111111112,74.67872503975221,0.0,False,1271.1559130515552,3.9810252453973582,1498,2023-07-15,0.05,0.3794967847361492,2.629
492,5,200,203.3130074151378,3278.708628140571,3114.7731967335176,3147.67349,0.9895477426832849,32.90029326648226,0.06527377583329452,0.22970403117382546,0.9539111656348152,0.0,0.0,0.0,0.0,False,865.6070905634494,3.4512010146277596,1440,2023-06-06,0.05,0.4518247928500743,2.737
493,5,121,158.86554749269018,1630.9811219662404,1549.432065867941,1564.1996297222222,0.9905590286727637,14.767563854281352,0.10253147007364852,0.20140748434464315,0.9898275281541568,0.0,0.0,0.0,0.0,False,592.4887886574024,1.8631536449738229,1440,2023-11-07,0.05,0.38389326543391616,2.682
494,5,218,49.80711321574618,3495.297476217728,3320.5326024068427,3348.3251966666667,0.9916995534700476,27.79259425982447,0.014999736241000667,0.20378791488743847,0.9608013632553383,0.0,0.0,0.0,0.0,False,1019.9953074304686,3.101073305229858,1440,2023-05-31,0.05,0.39173007230795853,2.648
495,5,259,330.16032049481845,3841.9595563433613,3649.861578526202,3681.3683194444448,0.9914415678670812,31.506740918242578,0.09045831284049291,0.20291304823255896,0.9807431694333766,0.0,0.0,0.0,0.0,False,1274.52207086115,2.0878601811867403,1440,2023-10-10,0.05,0.3925731748686707,2.594
496,5,254,330.30122992251654,3521.1642705117,3345.106056986111,3389.407764444444,0.9869293662677395,44.301707458333865,0.09874163159422002,0.2242651500235181,0.9744421818377733,0.0,0.0,0.0,0.0,False,1026.9810526315791,2.4029932130647884,1440,2023-04-24,0.05,0.3950267111463475,2.859
497,5,297,492.65763606577156,4789.104697514465,4549.649462638736,4606.374939166666,0.9876854408776823,56.72547652793051,0.10828474591535601,0.22832707376415234,0.9795020080411163,0.0,0.0,0.0,0.0,False,1296.5729094338299,2.280954576237891,1440,2023-04-17,0.05,0.348801658727203,2.807
498,5,215,126.58082475327598,3122.9282244562155,2966.781813233417,2988.536972222222,0.9927204651670651,21.75515898880514,0.0426660377209603,0.2140188294948776,0.9646079555523718,0.0,0.0,0.0,0.0,False,688.6937494554941,2.9048207012420937,1440,2023-08-10,0.05,0.30146903087428434,2.771
499,5,226,264.7590127380228,3402.854937154654,3232.7121902968947,3253.248608333334,0.9936874120275241,20.536418036438825,0.0818999642259236,0.17657427832580286,0.9618378821381599,0.0,0.0,0.0,0.0,False,1105.077699449172,2.9670802710368944,1440,2023-07-10,0.05,0.29438012450961,2.83
500,5,294,61.9796279430164,3972.0254179511767,3773.424147053588,3836.459965277778,0.983569275114376,63.035818224189754,0.016425301139659083,0.22416404937497098,0.9640190329481376,0.0,0.0,0.0,0.0,False,1114.3598676671481,2.85657972162946,1440,2023-07-05,0.05,0.3722582980735448,2.637
501,5,177,213.58379200177225,2764.959876898852,2626.7118830539107,2644.095828888889,0.9934253722406561,17.383945834978377,0.08131222665862081,0.2009387930605322,0.9914276199797065,0.0,0.0,0.0,0.0,False,1067.880356917444,1.7541775252149738,1440,2023-03-11,0.05,0.32865513814777425,2.557
502,5,264,832.1821738148382,3856.561407837112,3663.733337445258,3720.4750350000004,0.9847488030369911,56.74169755474269,0.2271404868115002,0.20112165656165384,0.9763625157646871,0.0,0.0,0.0,0.0,False,1421.2722432545827,2.1875600632040273,1440,2023-01-24,0.05,0.3448212344458966,2.673
503,5,153,194.7996978825374,2341.482267062575,2224.4081537094166,2233.295,0.9960207467931539,8.88684629058324,0.08757372047827193,0.18670943716655208,0.9954329305213916,0.0,0.0,0.0,0.0,False,768.326153060838,1.5695620110688313,1440,2023-10-10,0.05,0.35729572895384404,2.784
504,5,185,256.46870121976605,2693.4222337685915,2558.7511220801616,2613.5703013888888,0.979025175148495,54.81917930872782,0.10023198387941197,0.241076992711656,0.9942320778303475,0.0,0.0,0.0,0.0,False,673.7189556205791,1.6021811729019173,1440,2023-12-07,0.05,0.3996467353710983,2.697
505,5,241,330.5790620467507,3457.7822129886713,3284.8931023392233,3305.5158055555557,0.9937611240031973,20.622703216332663,0.1006361704164255,0.2026453110221375,0.9676717640438548,0.0,0.0,0.0,0.0,False,1267.3154750283577,2.7195809732535867,1440,2023-06-19,0.05,0.31186506867009023,2.635
506,5,224,362.5147891521526,3275.563932809466,3111.7857361689876,3135.8694933333336,0.9923199108841912,24.083757164345656,0.11649734907470057,0.1821758341665323,0.9863995322826479,0.0,0.0,0.0,0.0,False,1387.794211864567,2.0799984216068563,1440,2023-10-24,0.05,0.3260571694751177,2.598
507,5,155,170.3527996980695,2359.8336590255403,2241.8419760742563,2249.724696666666,0.996496139903656,7.882720592410003,0.07598787136476871,0.16525821848985134,0.9917690766041829,0.0,0.0,0.0,0.0,False,698.7634964415968,1.6382982487371947,1440,2023-11-06,0.05,0.38333490749314447,2.598
508,5,239,181.98382625668646,3877.566265571202,3683.687952292641,3700.575266111111,0.9954365706399436,16.887313818470247,0.0494026173263194,0.17979177854209424,0.9605332862933058,0.0,0.0,0.0,0.0,False,1269.611911514984,3.1086497206023185,1440,2023-07-25,0.05,0.4681129414717714,2.608
509,5,224,371.8190598563267,3063.4310761451634,2910.259522337919,2922.7538255555555,0.9957251605973823,12.494303217636634,0.1277614786593433,0.15795752504123475,0.986996361689997,0.0,0.0,0.0,0.0,False,1123.1332923785117,1.6984429689350542,1440,2023-10-19,0.05,0.5049719476126339,2.563
510,5,286,26.86229522726576,4144.655123169455,3937.4223670109905,3950.3676819444445,0.9967230101155845,12.945314933453842,0.006822304727155217,0.1597259135390173,0.9557139657440167,0.0,0.0,0.0,0.0,False,1745.8150626558163,3.094503611377635,1440,2023-09-24,0.05,0.5845966339751529,2.536
511,5,229,273.60079679247684,3220.975639508611,3059.926857533195,3068.7470483333336,0.9971258006407113,8.82019080013875,0.08941416234146334,0.14866025553567636,0.988482554731434,0.0,0.0,0.0,0.0,False,1271.0753343746171,1.9061575481083994,1440,2023-11-08,0.05,0.6464196326930959,2.692
512,5,280,1.661595876983792,4367.090147599087,4148.735640219142,4171.883911111111,0.9944513626493015,23.148270891969073,0.000400506569007618,0.18026201607077552,0.9769469982087728,0.0,0.0,0.0,0.0,False,1430.7563182494819,2.060581473885284,1440,2023-04-10,0.05,0.7227894664980163,2.605
513,5,294,275.89654236311134,4518.513837003738,4292.588145153501,4303.882097222222,0.9973758686196328,11.293952068721541,0.0642727727500737,0.18013985210869857,0.9532472852043423,0.0,0.0,0.0,0.0,False,1412.779287679925,3.1869961593628657,1440,2023-06-12,0.05,0.7153483595611959,2.635
514,5,135,106.70854847345497,2084.228233792653,1980.0168221030194,1986.2429780555553,0.9968653603706475,6.2261559525359935,0.05389274842630755,0.17551535192998313,0.9619205912605132,0.0,0.0,0.0,0.0,False,637.7196110531373,3.167961606733835,1440,2023-08-15,0.05,0.7106572421228738,2.685
515,5,133,32.13540298300742,2014.5474139322516,1913.8200432356412,1921.9254755555555,0.9957826500439246,8.10543231991446,0.016791235464687162,0.1765689744388476,0.9618291759533593,0.0,0.0,0.0,0.0,False,818.0189289888019,3.1664116420274784,1440,2023-08-09,0.05,0.718302480968891,2.609
516,5,210,196.11738528470633,3381.5453812256246,3212.4681121643353,3232.787274166667,0.993714661597222,20.31916200233116,0.0610488192994315,0.18995426477353694,0.9733800869994216,0.0,0.0,0.0,0.0,False,1056.7261047176312,2.2357288110980105,1440,2023-05-03,0.05,0.7232722538042606,2.568
517,5,210,363.43479225820516,3169.505240012316,3011.029978011718,3016.3206944444446,0.9982459701839823,5.290716432726475,0.12070115372886228,0.15809717907960996,0.9914871941078207,0.0,0.0,0.0,0.0,False,887.849544165506,1.6929769210345653,1440,2023-11-26,0.05,0.6983027200975629,2.695
518,5,220,402.6663165713083,3688.5821699083453,3504.1530614129115,3519.831924166667,0.9955455649327724,15.678862753755219,0.11491116669685342,0.18053435767747042,0.9810718923636598,0.0,0.0,0.0,0.0,False,1206.4022056376914,1.8900774881992068,1440,2023-02-05,0.05,0.7505078227048635,2.572
519,5,254,458.36264475292285,4508.128284308024,4282.721870092611,4294.5454197222225,0.9972468448988075,11.823549629611646,0.10702601258180958,0.2015669044079737,0.9712526948886925,0.0,0.0,0.0,0.0,False,1116.413438863127,2.420888464913318,1440,2023-06-20,0.05,0.7438833939915375,2.568
520,5,177,-87.95847710892409,2884.954553056395,2740.706825403551,2753.0748944444445,0.9955075435594392,12.368069040892937,-0.03209335500376724,0.18648250663907412,0.9794750237972248,0.0,0.0,0.0,0.0,False,793.3915903687791,2.3891007942630456,1440,2023-05-21,0.05,0.6922339029933708,2.543
521,5,152,237.68554948375237,2363.3718375822323,2245.203245703122,2264.427083333333,0.9915105071072049,19.22383763021171,0.10586371186601296,0.17645503848426417,0.9875148784257161,0.0,0.0,0.0,0.0,False,798.4322598621137,1.96045268393375,1440,2023-11-10,0.05,0.6847758599544628,2.563
522,5,243,75.52772985792186,3806.0806275513605,3615.776596173763,3636.2064894444447,0.9943815365464015,20.429893270681795,0.020888383960957588,0.18395685997909578,0.9511601275217245,0.0,0.1388888888888889,1.5634851159617003,0.0,False,981.5428383951971,3.556823723838588,1444,2023-10-13,0.05,0.702047103539705,2.533
523,5,190,142.25102939762527,2903.1742515194346,2758.015538943451,2776.072254722222,0.9934955886871979,18.05671577877139,0.05157731252381531,0.18697225970793022,0.9574356786696955,0.0,0.0,0.0,0.0,False,1010.2534964808289,3.1449773941037846,1440,2023-07-11,0.05,0.7001622481203146,2.603
524,5,288,253.9462479398453,4357.276216461627,4139.41240563853,4175.221305555556,0.9914234726026669,35.80889991702561,0.06134838065275415,0.19754876424724563,0.9692332355050839,0.0,0.0,0.0,0.0,False,1186.2177478661374,2.4865670651170295,1440,2023-05-07,0.05,0.6926718713959699,2.668
525,5,131,206.0281128704743,1806.829925226157,1716.4884289648521,1758.9760555555554,0.9758452501632924,42.48762659070341,0.12002883875816274,0.23798418033172708,0.9939279410575558,0.0,0.0,0.0,0.0,False,463.4815880710159,1.6774448322043218,1440,2023-03-04,0.05,0.6635338218176379,2.655
526,5,248,96.51457015617268,3857.1295594901644,3664.2730815156506,3682.362902777778,0.9950874420203176,18.0898212621271,0.026339349717966826,0.18738912846704317,0.9693696386518246,0.0,0.0,0.0,0.0,False,1368.277551042675,2.463994640378923,1440,2023-09-10,0.05,0.5493662577525269,2.705
527,5,251,361.64563461540683,3428.5595531434933,3257.1315754863067,3283.43711,0.9919884153000594,26.305534513693402,0.11103193906479239,0.18892384941506368,0.9830208170140831,0.0,0.0,0.0,0.0,False,1051.8619933945045,2.160506755522132,1440,2023-04-14,0.05,0.5699718641793905,2.602
528,5,169,277.3613654593679,2760.1071032060104,2622.1017480456794,2633.1874627777775,0.9957900017037132,11.085714732098594,0.10577826190997071,0.20206792911321247,0.9948461364769714,0.0,0.0,0.0,0.0,False,731.9697004627767,1.5357029841525114,1440,2023-11-15,0.05,0.583633770764483,2.511
529,5,135,295.29084089902886,1936.2214058139996,1839.4103355232905,1862.4440972222224,0.9876325084155353,23.03376169893175,0.16053559947787405,0.22508986645897908,0.9810664846088027,0.0,0.0,0.0,0.0,False,606.8037425307888,2.223791411911648,1440,2023-01-16,0.05,0.5655429242409691,2.503
530,5,177,285.8378651605198,2848.844065240955,2706.401861978885,2729.395111111111,0.9915756978391942,22.993249132226076,0.10561545540451224,0.2041041548562038,0.9961351075771198,0.0,0.0,0.0,0.0,False,809.2609931458926,1.5768553174179458,1440,2023-04-12,0.05,0.4991674915385224,2.562
531,5,191,282.1665894670902,2923.0379842978605,2776.886085082967,2790.4955447222223,0.995122923716902,13.60945963925494,0.10161259080192327,0.2040254295789211,0.9921874401872293,0.0,0.0,0.0,0.0,False,859.3365827064245,1.4881274565510307,1440,2023-04-26,0.05,0.4920305031598605,2.621
532,5,297,332.57829668535237,3859.48995753124,3666.5154596546845,3723.8312580555557,0.9846083792661434,57.31579840087144,0.09070691241996696,0.2437269653556407,0.9522647305504266,0.0,0.0,0.0,0.0,False,993.0370580193099,3.348760680442622,1440,2023-06-14,0.05,0.48629283658800687,2.639
533,5,278,355.02048908454674,4051.0830944936165,3848.5289397689426,3888.6896419444447,0.989672433165579,40.16070217550219,0.09224836155340471,0.21362598098078187,0.9510001462431874,0.0,1.9444444444444444,41.606583223424934,0.0,False,1278.292295232266,3.7165402771531655,1513,2023-08-21,0.05,0.39217297635395887,2.629
534,5,161,289.7229586851733,2190.7398661389343,2081.2028728319788,2113.2158997222223,0.9848510382235665,32.01302689024351,0.13920937860850408,0.2220075974521804,1.0005820687885463,0.0,0.0,0.0,0.0,False,613.6745465560016,1.160934125831631,1440,2023-02-08,0.05,0.3824179547423707,2.771
535,5,205,378.9651380667736,3123.4742649791806,2967.3005517302045,2991.679545277778,0.9918510678772215,24.378993547573167,0.12771376928629716,0.20621153743771645,0.9857152650830546,0.0,0.0,0.0,0.0,False,1072.9141760098744,1.6746568073295443,1440,2023-03-09,0.05,0.35507400134341444,2.576
536,5,228,437.3790248561432,3633.3459380977765,3451.678641192886,3485.978281111111,0.990160684561898,34.2996399182253,0.12671487421696556,0.22950033841551376,0.9956784859284956,0.0,0.0,0.0,0.0,False,788.9837953677186,1.5276144467301556,1440,2023-12-02,0.05,0.3676395937841843,2.512
537,5,285,185.54951953887502,4432.003792253372,4210.4036026407075,4235.0594902777775,0.9941781484548986,24.655887637070528,0.044069295262454386,0.21233841657036104,0.9883422617558527,0.0,0.0,0.0,0.0,False,1040.2898072705173,2.0321785845545155,1440,2023-12-29,0.05,0.3249816886648704,2.655
538,5,144,167.65268868806592,2350.244598517331,2232.7323685914635,2253.0244116666668,0.990993420679276,20.292043075203587,0.07508857355520443,0.19573112946976665,0.9917358289822612,0.0,0.0,0.0,0.0,False,712.5754195818668,1.4911118975911846,1440,2023-12-27,0.05,0.3279946718002373,2.487
539,5,258,261.6319058218749,3621.680792460241,3440.596752837225,3473.939587222222,0.9904020108732926,33.342834384997346,0.07604259511264287,0.214442900725174,0.9592947903163976,0.0,0.0,0.0,0.0,False,1039.6795417595813,3.4434877951645775,1440,2023-06-17,0.05,0.3671545334563501,2.512
540,5,287,316.56864232747125,4347.815107049986,4130.424351697463,4172.300366944444,0.9899633268067781,41.87601524698124,0.07664312801113822,0.22185602458515538,0.9712966226929374,0.0,0.0,0.0,0.0,False,1062.0159238764047,2.5977711873494997,1440,2023-10-28,0.05,0.3565943809830854,2.536
541,5,285,399.3257167380401,4331.4185468151445,4114.8476194744135,4138.650323055555,0.994248679708807,23.802703581141905,0.09704508007736279,0.22071910526093524,0.9510018392065402,0.0,3.4027777777777777,76.90794059698635,0.0,False,1150.5723626230206,3.8532828679364144,1563,2023-08-22,0.05,0.3307445852832569,2.616
542,5,170,-120.56006990058688,2732.439461295387,2595.8174882306166,2605.6673455555556,0.996219833148794,9.849857324939144,-0.046443970135498266,0.1701536792882406,0.9529006682350505,0.0,0.0,0.0,0.0,False,986.7835648339897,3.473064123719945,1440,2023-07-16,0.05,0.31153001597363156,2.571
543,5,143,68.45019270764956,2194.46952777602,2084.746051387207,2093.2800744444444,0.9959231336688177,8.534023057237158,0.032833827727891486,0.18193189223691647,0.9520741918857253,0.0,0.0,0.0,0.0,False,698.5375702319843,3.353380292673531,1440,2023-06-01,0.05,0.4088946137014476,2.524
544,5,227,-156.91222780554622,3374.315949149261,3205.6001516917904,3216.4289202777777,0.9966332946089006,10.828768585987405,-0.04894940740589062,0.18189351489222202,0.9560491990336947,0.0,0.0,0.0,0.0,False,1253.831188377644,3.2077349238036303,1440,2023-08-08,0.05,0.4617776287847677,2.502
545,5,133,133.03333840051295,1899.8687727841013,1804.8753341449074,1821.2440874999998,0.9910123231326112,16.36875335509268,0.0737077713256799,0.21622790464770503,1.0047442018319794,0.0,0.0,0.0,0.0,False,522.1822343035835,1.1473022069910364,1440,2023-12-21,0.05,0.5050737952651403,2.583
546,5,143,258.67312532725464,1989.6016366937636,1890.121554859079,1901.2069166666668,0.9941693028200089,11.085361807587919,0.1368552856625882,0.2052438934402226,0.9946155270778665,0.0,0.0,0.0,0.0,False,674.6058834794949,1.388643838205847,1440,2023-12-06,0.05,0.46336367575499066,2.617
547,5,132,214.1176194036745,2045.2261442736672,1942.964837059988,1955.1250780555554,0.9937803258052108,12.160240995567541,0.11020148966137143,0.16796726403584142,0.982991863997289,0.0,0.0,0.0,0.0,False,621.6907302067153,2.168957366072046,1440,2023-09-21,0.05,0.4538982101313212,2.634
548,5,158,270.4054267142031,2521.675379296004,2395.591610331164,2415.9591972222224,0.9915695650346759,20.367586891058526,0.11287626219262914,0.18000724373590274,0.9923059474499707,0.0,0.0,0.0,0.0,False,953.5947886313778,1.6853739941766832,1440,2023-03-29,0.05,0.529936059120232,2.571
549,5,277,378.63194893298555,4246.964950817264,4034.6167032763824,4064.381701944445,0.9926766231985981,29.76499866806242,0.09384582892979913,0.19755708077094392,0.9510012588861136,0.0,4.166666666666667,332.53990111834804,0.0,False,1355.9073129492929,4.153962340532313,1532,2023-06-23,0.05,0.5652780207844307,2.671
550,5,241,202.61134480594063,3290.2883250369687,3125.7739087851255,3139.1145522222223,0.9957501890373345,13.340643437096734,0.06481957771689517,0.20395878587301514,0.9967696165997649,0.0,0.0,0.0,0.0,False,768.46462918974,1.5120431100747624,1440,2023-04-27,0.05,0.5550640946001518,2.71
551,5,234,-1.1080432795600592,3443.1649408391568,3271.006693797176,3282.5669083333332,0.9964783004097161,11.560214536156835,-0.00033874687008780705,0.168286969278609,0.9921501812405965,0.0,0.0,0.0,0.0,False,1115.3808515863666,1.820091652166145,1440,2023-12-24,0.05,0.5326112631345213,2.622
552,5,298,686.1925039133803,4663.006111911645,4429.855806316084,4447.862831111111,0.9959515332466924,18.007024795026183,0.15490176969981903,0.1883026154813655,0.9676797671279331,0.0,0.0,0.0,0.0,False,1776.8789047357739,2.494413687195441,1440,2023-02-06,0.05,0.59471264600578,2.72
553,5,209,266.72973164226516,3183.3628043429994,3024.194664125849,3037.9555494444444,0.9954703467201448,13.760885318595339,0.08819859872326176,0.17090551829976694,0.9511269411392447,0.0,0.6944444444444444,9.636941520102901,0.0,False,1331.0688352807397,3.605154618918041,1460,2023-06-30,0.05,0.6009441998826544,2.629
554,5,127,210.4258830337775,2078.4057822479213,1974.485493135512,1982.2714444444441,0.9960722072999875,7.785951308932324,0.10657251408802103,0.17896794437517471,1.000543342614848,0.0,0.0,0.0,0.0,False,686.4606365655957,1.3038401394805756,1440,2023-03-21,0.05,0.6456577808686823,2.399
555,5,149,27.58838171544311,2100.239579729174,1995.2276007427076,1998.568638888889,0.9983282845126407,3.3410381461811793,0.01382718528210694,0.1377787449504545,0.963515316353121,0.0,0.0,0.0,0.0,False,789.7281847763775,3.114931934173807,1440,2023-08-13,0.05,0.6647429110728489,2.565
556,5,167,31.029790368347676,2496.8455009179156,2372.0032258720225,2377.5680138888893,0.9976594621123942,5.56478801686681,0.013081681352663488,0.1573783342750806,0.9623932046201493,0.0,0.0,0.0,0.0,False,1077.885723540641,3.1289595778389696,1440,2023-05-31,0.05,0.7737383167230437,2.5
557,5,241,265.60656183899073,3662.644903334014,3479.5126581673285,3502.4096688888894,0.9934624978554194,22.897010721561056,0.07633441459554473,0.1826704007864028,0.9510014319756733,0.0,5.347222222222222,304.37115441264655,0.0,False,1430.8407207203395,3.9239832916351385,1590,2023-07-24,0.05,0.8199466280152683,2.587
558,5,184,255.206501139028,2715.08282839547,2579.3286869756967,2587.4972777777775,0.99684305337353,8.168590802080686,0.09894299335625256,0.16626819990493505,0.9658923583406105,0.0,0.0,0.0,0.0,False,1007.4758555746746,2.785421071212025,1440,2023-05-11,0.05,0.802137210684819,2.569
559,5,177,311.1014009378021,2873.1460809218984,2729.4887768757867,2740.3783711111114,0.9960262442770231,10.889594235324333,0.11397790076055685,0.18368880318668523,0.9623140450699208,0.0,0.0,0.0,0.0,False,973.2800931573231,3.1616925485432192,1440,2023-06-22,0.05,0.8256611087644419,2.476
560,5,140,-72.5414588091457,2111.4167032914206,2005.845868126831,2012.0711111111111,0.9969060522016826,6.2252429842801345,-0.03616502143152649,0.18109734079329015,0.9787577324517455,0.0,0.0,0.0,0.0,False,789.9293239306148,2.3767582357023724,1440,2023-06-04,0.05,0.8069704598489553,2.618
561,5,248,409.4987100176883,3704.211453684176,3519.000880999968,3551.837423888889,0.9907550546463446,32.83654288892084,0.11636789073531693,0.2220200219085108,0.9969268357103739,0.0,0.0,0.0,0.0,False,959.6260232842199,1.4905193829410397,1440,2023-03-20,0.05,0.7986642909423709,2.531
562,5,124,282.77538107150366,1930.8194182539596,1834.2784473412578,1843.3675122222223,0.9950693148161175,9.089064880964171,0.15416164404121943,0.1943081870165031,0.9920484114986499,0.0,0.0,0.0,0.0,False,449.6278018945735,1.649955299424053,1440,2023-01-02,0.05,0.7008884562681924,2.533
563,5,203,28.675463145925217,2729.8268032753126,2593.3354631115562,2607.062625,0.9947346251843705,13.727161888443769,0.011057367453541701,0.19867759081157488,0.9604107116516918,0.0,0.0,0.0,0.0,False,948.2689241511608,3.0248000373943884,1440,2023-08-06,0.05,0.6839184159404412,2.511
564,5,254,332.09820543507544,4070.87648002428,3867.3326560230703,3883.0797491666663,0.9959446897409265,15.747093143596341,0.0858726763310258,0.17674406864607287,0.9510000375429345,0.0,3.4027777777777777,287.01593614723225,12.120991493410276,True,1427.274805352847,4.185541750029557,1608,2023-08-04,0.05,0.6607958157885038,2.594
565,5,211,10.08514026653253,2914.135808116775,2768.4290177109083,2785.5499916666668,0.9938536468535916,17.12097395575832,0.0036429109079601715,0.20577248808838616,0.9736589784530103,0.0,0.0,0.0,0.0,False,702.2905263157897,2.4428573569331187,1440,2023-05-20,0.05,0.6917142809987546,2.508
566,5,244,105.06918478790699,3474.381501083309,3300.662426029152,3319.1746249999997,0.9944226498866875,18.51219897084841,0.03183275695185528,0.17332868558009532,0.9510002683767338,0.0,7.986111111111111,342.85123877906744,0.0,False,1168.792518524682,4.102227511532764,1644,2023-07-29,0.05,0.6522979059894467,2.546
567,5,262,516.1077508687688,4016.4044667271028,3815.5842433907383,3847.430785,0.9917226472966266,31.84654160926176,0.13526309942252174,0.21019393432132566,0.9723798171733211,0.0,0.0,0.0,0.0,False,1193.1413254314966,2.2834305248691043,1440,2023-01-17,0.05,0.6934747372212355,2.551
568,5,160,283.1131961908951,2462.4619580283625,2339.3388601269166,2358.4985963888885,0.9918762994850591,19.159736261972178,0.12102273895263524,0.1937137326556695,0.993052739071065,0.0,0.0,0.0,0.0,False,868.0512997945046,1.4452335801075762,1440,2023-10-23,0.05,0.6448029582598934,2.495
569,5,136,242.25240534457663,2143.7818764751432,2036.5927826513675,2045.5444444444447,0.9956238243478946,8.95166179307685,0.11894984967451218,0.20409494187652819,1.000623472477259,0.0,0.0,0.0,0.0,False,668.9017497519756,1.1802217760677394,1440,2023-10-23,0.05,0.64243629212248,2.47
570,5,130,174.41650164883677,1999.1574382942172,1899.1995663795158,1920.1092644444448,0.9891101519834712,20.90969806492855,0.09183684786814196,0.21622997470876215,0.9907986381020668,0.0,0.0,0.0,0.0,False,694.3543440313404,1.6515223831165926,1440,2023-03-16,0.05,0.6174995518328336,2.511
571,5,224,269.48370124620044,3431.9929523833644,3260.3933047641913,3276.2494858333334,0.9951602644616336,15.856181069142092,0.08265374022588692,0.2098550713472443,0.9598466948970609,0.0,0.0,0.0,0.0,False,916.7149900636074,3.2304336247845518,1440,2023-07-06,0.05,0.5700415886347636,2.562
572,5,167,182.35426430114066,2569.1204353748813,2440.664413606135,2459.1489722222223,0.992483351425683,18.484558616087014,0.07471500927557191,0.2075009246715794,0.9608958444043367,0.0,0.0,0.0,0.0,False,809.5672139305818,3.0762194305899944,1440,2023-06-09,0.05,0.5456072519042848,2.596
573,5,155,238.2325261075366,2363.606447289056,2245.426124924587,2265.503195277778,0.9911379200898768,20.0770703531906,0.10609679982926967,0.20863527740800586,0.9934705494681683,0.0,0.0,0.0,0.0,False,779.2221513462395,1.6424432420415827,1440,2023-01-30,0.05,0.5308638589727854,2.451
574,5,253,290.8082534924077,3630.6175543670593,3449.0866766487156,3484.0929838888887,0.9899525335856278,35.00630724017301,0.08431456810327823,0.19751351962513272,0.9510001597772904,0.0,0.6944444444444444,5.321674573497565,0.0,False,1179.9441503252947,3.62433786620198,1461,2023-07-21,0.05,0.5161418047370475,2.462
575,5,266,368.796976331413,3812.905950118392,3622.2606526124696,3652.798978611111,0.9916397463486335,30.538325998640932,0.10181403595719346,0.20311446538639905,0.9709413551898635,0.0,0.0,0.0,0.0,False,1175.536127334128,2.437231518088242,1440,2023-05-09,0.05,0.5289563524895216,2.511
576,5,292,147.98005126928592,4502.8537861866935,4277.711096877389,4297.605269166666,0.9953708702769868,19.894172289278224,0.03459327848888797,0.2151362468034013,0.9854356705543452,0.0,0.0,0.0,0.0,False,985.463157894737,1.7452478718347495,1440,2023-12-29,0.05,0.5267301867473947,2.469
577,5,208,424.2422024018786,3154.583913293727,2996.8547176290454,3014.9410611111116,0.9940010955055285,18.086343482065978,0.14156248546393227,0.20648085120065512,0.9979476369788672,0.0,0.0,0.0,0.0,False,636.656192277587,1.3888926620869428,1440,2023-11-21,0.05,0.4977445226961183,2.447
578,5,214,453.7103876397779,3420.0621282536977,3249.0590218410143,3267.6653369444443,0.9943059300188836,18.606315103429882,0.13964362745946424,0.20448629197384688,0.9856041977679249,0.0,0.0,0.0,0.0,False,1092.9574912726914,1.8710754377885288,1440,2023-01-06,0.05,0.49327381922110614,2.476
579,5,298,389.5403582424145,4302.48380369926,4087.3596135142825,4103.529029722222,0.9960596315778876,16.169416207939502,0.09530366668850322,0.21003058712450537,0.9795004091935406,0.0,0.0,0.0,0.0,False,1213.1456124192637,1.905419696856747,1440,2023-11-23,0.05,0.49386097214138197,2.426
580,5,211,380.451661054714,3098.7068767940304,2943.7715329543175,2970.5551866666665,0.9909836202227222,26.78365371234877,0.12923953397731902,0.22125217562327174,1.003977431881597,0.0,0.0,0.0,0.0,False,593.5733951486384,1.130751964796695,1440,2023-12-05,0.05,0.48163171578992875,2.614
581,5,153,345.2296897858478,2204.55657265572,2094.3287440229346,2118.0585502777776,0.9887964351827144,23.729806254843236,0.16484025765826346,0.229762440733341,0.9994721230390008,0.0,0.0,0.0,0.0,False,449.9037362742732,1.350088739684165,1440,2023-01-19,0.05,0.44609820723031657,2.648
582,5,166,240.14229352036696,2467.4375833549157,2344.0657041871573,2364.0490919444446,0.9915469658285095,19.98338775728682,0.10244691225651467,0.20408175206947574,0.988154195733489,0.0,0.0,0.0,0.0,False,902.3964399886759,1.8872839010520484,1440,2023-11-07,0.05,0.39746069510380744,2.62
583,5,294,107.5333317947987,4381.887496298999,4162.793121484068,4189.344666388889,0.9936621245041394,26.55154490482102,0.02583201438472211,0.21624848018178933,0.9510005829157574,0.0,4.027777777777778,171.26302150061258,0.0,False,1199.343951224148,3.9185099821003044,1514,2023-06-24,0.05,0.4148441128596299,2.636
584,5,127,134.9134755823524,1772.1269140340669,1683.5205683323582,1692.212625,0.9948634961474526,8.692056667641852,0.0801377055440394,0.22230425229923936,0.9642643650457764,0.0,0.0,0.0,0.0,False,542.1021722024394,3.0459869636323793,1440,2023-06-07,0.05,0.4011716212081085,2.644
585,5,264,418.5495017868688,4141.618962647505,3934.5380145150957,3947.2791444444447,0.996772174081663,12.741129929348629,0.10637830928123644,0.198935931370605,0.9737715099570066,0.0,0.0,0.0,0.0,False,1355.1444318807753,2.55793744155669,1440,2023-10-02,0.05,0.37579571661353933,2.595
586,5,237,315.18265541803066,3192.558643622295,3032.930711441157,3054.623531388889,0.9928983654696497,21.692819947731625,0.10392016350029486,0.20740619408608182,0.9933935834375619,0.0,0.0,0.0,0.0,False,982.9490728661871,1.5657346399614926,1440,2023-04-26,0.05,0.4069585024123494,2.55
587,5,207,309.36939420044337,3080.19160687024,2926.182026526709,2963.4322199999997,0.9874300504590954,37.250193473291134,0.1057245897199552,0.22217515798734744,0.977844956148848,0.0,0.0,0.0,0.0,False,884.0179748560101,2.4561224946836084,1440,2023-10-02,0.05,0.4128838433730443,2.482
588,5,270,342.24228376860566,3955.1849834836366,3757.425734309465,3789.8875883333335,0.9914346129621897,32.461854023868455,0.09108424436537865,0.21943067715564443,0.9860453049918393,0.0,0.0,0.0,0.0,False,1105.5836953690687,1.8569887418439959,1440,2023-03-31,0.05,0.3840236376594486,2.612
589,5,267,207.5380179698649,3777.7116427279275,3588.826060591533,3623.8848802777775,0.9903256254421754,35.05881968624514,0.057828943076627455,0.20610903338999964,0.9786763664986694,0.0,0.0,0.0,0.0,False,979.3763641918995,1.9538209216553644,1440,2023-05-01,0.05,0.36600179706053626,2.539
590,5,199,160.02288385460372,2992.5978751071043,2842.9679813517123,2851.446388888889,0.9970266291625842,8.478407537176105,0.05628726208112957,0.18474936123653002,0.9510098174446954,0.0,0.20833333333333334,0.620274079010479,0.0,False,1222.1858960678076,3.380900713596797,1446,2023-05-18,0.05,0.38058648919632504,2.494
591,5,229,422.3884265948474,3412.106227160259,3241.500915802258,3281.0581247222226,0.9879437646587521,39.557208919964005,0.13030643444699072,0.24664111073466247,0.9511885221753085,0.0,0.0,0.0,0.0,False,555.5200508068738,3.6487056343910855,1440,2023-08-24,0.05,0.44000805358076267,2.579
592,5,258,81.5964240037675,4150.558203897544,3943.0302937026822,3963.0770433333337,0.9949416200060067,20.04674963065095,0.020693836447080602,0.1972964224474954,0.9527891449868015,0.0,0.0,0.0,0.0,False,1084.8166661137602,3.356608230238442,1440,2023-05-17,0.05,0.3490514006556884,2.67
593,5,238,359.577261805297,3533.302195432637,3356.637085660995,3390.357563055555,0.9900540055827712,33.720477394560284,0.10712425937893383,0.22211478499057585,0.9644868496458946,0.0,0.0,0.0,0.0,False,833.6336842105264,3.0136662690053,1440,2023-06-29,0.05,0.3849795714250217,2.693
594,5,207,324.84063543485036,3264.634443435433,3101.402721263664,3132.492405,0.9900750968504467,31.089683736335182,0.10473990791576217,0.2126330434624714,0.9999199440886289,0.0,0.0,0.0,0.0,False,628.331834974354,1.3218124959982518,1440,2023-12-13,0.05,0.35801597119618256,2.449
595,5,285,547.9190767155452,4296.020293894513,4081.219279199799,4097.523666111112,0.9960209169635408,16.304386911312076,0.1342537705601977,0.1965487391821792,0.9872899966434456,0.0,0.0,0.0,0.0,False,1049.0142038360395,1.6155963237835338,1440,2023-02-28,0.05,0.3566732702018175,2.572
596,5,279,407.718808355103,4484.196266991226,4259.986453641686,4292.085589444444,0.9925213197328359,32.099135802757246,0.09570894480346553,0.2029517889021568,0.951014354339105,0.0,1.0416666666666667,32.518796097039285,0.0,False,1474.927769954278,3.658687545055985,1481,2023-05-15,0.05,0.3911571418638593,2.68
597,5,131,125.16900488540588,2054.9601065921743,1952.2121012625619,1963.9560149999998,0.9940202766010328,11.743913737438287,0.06411649881918816,0.2043593986244754,1.0006214135522664,0.0,0.0,0.0,0.0,False,450.8636208900459,1.3563944412592035,1440,2023-04-15,0.05,0.40450994036443416,2.599
598,5,219,243.3170879606015,3358.3584937519695,3190.4405690643844,3221.674773888889,0.9903049789265967,31.234204824504747,0.07626441636929024,0.2205807316329221,0.9755642620032102,0.0,0.0,0.0,0.0,False,906.3908735790114,2.3851926465504407,1440,2023-07-20,0.05,0.4118774678445693,2.713
599,5,271,578.8220034175432,4290.6289228374,4076.097476695533,4113.063905555557,0.991012435082739,36.966428860022944,0.1420039650000693,0.20802935854088575,0.9820911770447999,0.0,0.0,0.0,0.0,False,1280.4368968494975,2.0913475081536417,1440,2023-02-22,0.05,0.3810555206284486,2.654
