step,hour,price_eur_kwh,ev_kw,vmin_pre_pu,vmin_pu,q_kvar,curtailed_kw,method,episode,day
0,12.0,-0.00023999999999999998,0.0,0.9910750431411606,0.9910750431411606,0.0,0.0,uncoordinated+L3,26,2024-06-29
1,12.016666666666667,-0.00023999999999999998,0.0,0.993015178232799,0.993015178232799,0.0,0.0,uncoordinated+L3,26,2024-06-29
2,12.033333333333333,-0.00023999999999999998,0.0,0.9914937393405874,0.9914937393405874,0.0,0.0,uncoordinated+L3,26,2024-06-29
3,12.05,-0.00023999999999999998,0.0,0.9919395864647692,0.9919395864647692,0.0,0.0,uncoordinated+L3,26,2024-06-29
4,12.066666666666666,-0.00023999999999999998,0.0,0.9919149580058848,0.9919149580058848,0.0,0.0,uncoordinated+L3,26,2024-06-29
5,12.083333333333334,-0.00023999999999999998,0.0,0.9918818355829717,0.9918818355829717,0.0,0.0,uncoordinated+L3,26,2024-06-29
6,12.1,-0.00023999999999999998,0.0,0.9926255477516005,0.9926255477516005,0.0,0.0,uncoordinated+L3,26,2024-06-29
7,12.116666666666667,-0.00023999999999999998,0.0,0.9921904608610672,0.9921904608610672,0.0,0.0,uncoordinated+L3,26,2024-06-29
8,12.133333333333333,-0.00023999999999999998,0.0,0.9918541722994632,0.9918541722994632,0.0,0.0,uncoordinated+L3,26,2024-06-29
9,12.15,-0.00023999999999999998,0.0,0.9920031766959444,0.9920031766959444,0.0,0.0,uncoordinated+L3,26,2024-06-29
10,12.166666666666666,-0.00023999999999999998,0.0,0.9910756522855192,0.9910756522855192,0.0,0.0,uncoordinated+L3,26,2024-06-29
11,12.183333333333334,-0.00023999999999999998,0.0,0.9922846018172042,0.9922846018172042,0.0,0.0,uncoordinated+L3,26,2024-06-29
12,12.2,-0.00023999999999999998,0.0,0.9914231139925448,0.9914231139925448,0.0,0.0,uncoordinated+L3,26,2024-06-29
13,12.216666666666667,-0.00023999999999999998,0.0,0.993212092811431,0.993212092811431,0.0,0.0,uncoordinated+L3,26,2024-06-29
14,12.233333333333333,-0.00023999999999999998,0.0,0.9923947839494767,0.9923947839494767,0.0,0.0,uncoordinated+L3,26,2024-06-29
15,12.25,-0.00023999999999999998,0.0,0.9877162809647617,0.9877162809647617,0.0,0.0,uncoordinated+L3,26,2024-06-29
16,12.266666666666667,-0.00023999999999999998,0.0,0.9857955713017583,0.9857955713017583,0.0,0.0,uncoordinated+L3,26,2024-06-29
17,12.283333333333333,-0.00023999999999999998,0.0,0.9878120559054553,0.9878120559054553,0.0,0.0,uncoordinated+L3,26,2024-06-29
18,12.3,-0.00023999999999999998,0.0,0.9875672961375027,0.9875672961375027,0.0,0.0,uncoordinated+L3,26,2024-06-29
19,12.316666666666666,-0.00023999999999999998,0.0,0.9862643327340233,0.9862643327340233,0.0,0.0,uncoordinated+L3,26,2024-06-29
20,12.333333333333334,-0.00023999999999999998,0.0,0.9870388358002092,0.9870388358002092,0.0,0.0,uncoordinated+L3,26,2024-06-29
21,12.35,-0.00023999999999999998,0.0,0.9870268810259579,0.9870268810259579,0.0,0.0,uncoordinated+L3,26,2024-06-29
22,12.366666666666667,-0.00023999999999999998,0.0,0.9885784550136705,0.9885784550136705,0.0,0.0,uncoordinated+L3,26,2024-06-29
23,12.383333333333333,-0.00023999999999999998,0.0,0.9866822753227097,0.9866822753227097,0.0,0.0,uncoordinated+L3,26,2024-06-29
24,12.4,-0.00023999999999999998,0.0,0.9887692268285382,0.9887692268285382,0.0,0.0,uncoordinated+L3,26,2024-06-29
25,12.416666666666666,-0.00023999999999999998,0.0,0.9884401935589723,0.9884401935589723,0.0,0.0,uncoordinated+L3,26,2024-06-29
26,12.433333333333334,-0.00023999999999999998,0.0,0.9885707127436765,0.9885707127436765,0.0,0.0,uncoordinated+L3,26,2024-06-29
27,12.45,-0.00023999999999999998,0.0,0.9876741024832375,0.9876741024832375,0.0,0.0,uncoordinated+L3,26,2024-06-29
28,12.466666666666667,-0.00023999999999999998,0.0,0.9875854093548281,0.9875854093548281,0.0,0.0,uncoordinated+L3,26,2024-06-29
29,12.483333333333333,-0.00023999999999999998,0.0,0.9875853879480471,0.9875853879480471,0.0,0.0,uncoordinated+L3,26,2024-06-29
30,12.5,-0.00023999999999999998,0.0,0.9861212940031172,0.9861212940031172,0.0,0.0,uncoordinated+L3,26,2024-06-29
31,12.516666666666666,-0.00023999999999999998,0.0,0.9882034194087124,0.9882034194087124,0.0,0.0,uncoordinated+L3,26,2024-06-29
32,12.533333333333333,-0.00023999999999999998,0.0,0.9883225864858696,0.9883225864858696,0.0,0.0,uncoordinated+L3,26,2024-06-29
33,12.55,-0.00023999999999999998,0.0,0.9869322328917586,0.9869322328917586,0.0,0.0,uncoordinated+L3,26,2024-06-29
34,12.566666666666666,-0.00023999999999999998,0.0,0.9871988443449363,0.9871988443449363,0.0,0.0,uncoordinated+L3,26,2024-06-29
35,12.583333333333334,-0.00023999999999999998,0.0,0.9870540963274049,0.9870540963274049,0.0,0.0,uncoordinated+L3,26,2024-06-29
36,12.6,-0.00023999999999999998,0.0,0.9882604104466148,0.9882604104466148,0.0,0.0,uncoordinated+L3,26,2024-06-29
37,12.616666666666667,-0.00023999999999999998,0.0,0.9881448681959711,0.9881448681959711,0.0,0.0,uncoordinated+L3,26,2024-06-29
38,12.633333333333333,-0.00023999999999999998,0.0,0.9891370223165549,0.9891370223165549,0.0,0.0,uncoordinated+L3,26,2024-06-29
39,12.65,-0.00023999999999999998,0.0,0.9896771964314601,0.9896771964314601,0.0,0.0,uncoordinated+L3,26,2024-06-29
40,12.666666666666666,-0.00023999999999999998,0.0,0.9887671519301372,0.9887671519301372,0.0,0.0,uncoordinated+L3,26,2024-06-29
41,12.683333333333334,-0.00023999999999999998,0.0,0.9883750112204143,0.9883750112204143,0.0,0.0,uncoordinated+L3,26,2024-06-29
42,12.7,-0.00023999999999999998,0.0,0.9870767036437793,0.9870767036437793,0.0,0.0,uncoordinated+L3,26,2024-06-29
43,12.716666666666667,-0.00023999999999999998,0.0,0.9881076075911187,0.9881076075911187,0.0,0.0,uncoordinated+L3,26,2024-06-29
44,12.733333333333333,-0.00023999999999999998,0.0,0.9895886912966938,0.9895886912966938,0.0,0.0,uncoordinated+L3,26,2024-06-29
45,12.75,-0.00023999999999999998,0.0,0.9896397035499879,0.9896397035499879,0.0,0.0,uncoordinated+L3,26,2024-06-29
46,12.766666666666666,-0.00023999999999999998,0.0,0.9895594768437441,0.9895594768437441,0.0,0.0,uncoordinated+L3,26,2024-06-29
47,12.783333333333333,-0.00023999999999999998,0.0,0.9898395866671922,0.9898395866671922,0.0,0.0,uncoordinated+L3,26,2024-06-29
48,12.8,-0.00023999999999999998,0.0,0.9889938779399976,0.9889938779399976,0.0,0.0,uncoordinated+L3,26,2024-06-29
49,12.816666666666666,-0.00023999999999999998,0.0,0.9901270014489422,0.9901270014489422,0.0,0.0,uncoordinated+L3,26,2024-06-29
50,12.833333333333334,-0.00023999999999999998,0.0,0.98875667522823,0.98875667522823,0.0,0.0,uncoordinated+L3,26,2024-06-29
51,12.85,-0.00023999999999999998,0.0,0.9913156947577142,0.9913156947577142,0.0,0.0,uncoordinated+L3,26,2024-06-29
52,12.866666666666667,-0.00023999999999999998,0.0,0.9893819280364506,0.9893819280364506,0.0,0.0,uncoordinated+L3,26,2024-06-29
53,12.883333333333333,-0.00023999999999999998,0.0,0.9903888507809964,0.9903888507809964,0.0,0.0,uncoordinated+L3,26,2024-06-29
54,12.9,-0.00023999999999999998,0.0,0.9894680133475708,0.9894680133475708,0.0,0.0,uncoordinated+L3,26,2024-06-29
55,12.916666666666666,-0.00023999999999999998,0.0,0.9902412771128885,0.9902412771128885,0.0,0.0,uncoordinated+L3,26,2024-06-29
56,12.933333333333334,-0.00023999999999999998,0.0,0.9888994995071775,0.9888994995071775,0.0,0.0,uncoordinated+L3,26,2024-06-29
57,12.95,-0.00023999999999999998,0.0,0.9887611395088793,0.9887611395088793,0.0,0.0,uncoordinated+L3,26,2024-06-29
58,12.966666666666667,-0.00023999999999999998,0.0,0.9905976979816385,0.9905976979816385,0.0,0.0,uncoordinated+L3,26,2024-06-29
59,12.983333333333333,-0.00023999999999999998,0.0,0.9895707757180665,0.9895707757180665,0.0,0.0,uncoordinated+L3,26,2024-06-29
60,13.0,-8e-05,22.0,0.9900204322546666,0.9900204322546666,0.0,0.0,uncoordinated+L3,26,2024-06-29
61,13.016666666666666,-8e-05,22.0,0.9891636289033373,0.9891636289033373,0.0,0.0,uncoordinated+L3,26,2024-06-29
62,13.033333333333333,-8e-05,22.0,0.9891156434678606,0.9891156434678606,0.0,0.0,uncoordinated+L3,26,2024-06-29
63,13.05,-8e-05,22.0,0.9895490141936075,0.9895490141936075,0.0,0.0,uncoordinated+L3,26,2024-06-29
64,13.066666666666666,-8e-05,22.0,0.9895938264493407,0.9895938264493407,0.0,0.0,uncoordinated+L3,26,2024-06-29
65,13.083333333333334,-8e-05,22.0,0.9893674114411612,0.9893674114411612,0.0,0.0,uncoordinated+L3,26,2024-06-29
66,13.1,-8e-05,22.0,0.9877421295741647,0.9877421295741647,0.0,0.0,uncoordinated+L3,26,2024-06-29
67,13.116666666666667,-8e-05,22.0,0.9876714414099995,0.9876714414099995,0.0,0.0,uncoordinated+L3,26,2024-06-29
68,13.133333333333333,-8e-05,22.0,0.9897157424358468,0.9897157424358468,0.0,0.0,uncoordinated+L3,26,2024-06-29
69,13.15,-8e-05,22.0,0.9891456628107994,0.9891456628107994,0.0,0.0,uncoordinated+L3,26,2024-06-29
70,13.166666666666666,-8e-05,22.0,0.9891231273820073,0.9891231273820073,0.0,0.0,uncoordinated+L3,26,2024-06-29
71,13.183333333333334,-8e-05,22.0,0.9886550594970197,0.9886550594970197,0.0,0.0,uncoordinated+L3,26,2024-06-29
72,13.2,-8e-05,22.0,0.987710689694701,0.987710689694701,0.0,0.0,uncoordinated+L3,26,2024-06-29
73,13.216666666666667,-8e-05,22.0,0.9900813227672457,0.9900813227672457,0.0,0.0,uncoordinated+L3,26,2024-06-29
74,13.233333333333334,-8e-05,22.0,0.9883496775678589,0.9883496775678589,0.0,0.0,uncoordinated+L3,26,2024-06-29
75,13.25,-8e-05,22.0,0.9866653597465881,0.9866653597465881,0.0,0.0,uncoordinated+L3,26,2024-06-29
76,13.266666666666666,-8e-05,22.0,0.9856636091133856,0.9856636091133856,0.0,0.0,uncoordinated+L3,26,2024-06-29
77,13.283333333333333,-8e-05,22.0,0.9873803946384904,0.9873803946384904,0.0,0.0,uncoordinated+L3,26,2024-06-29
78,13.3,-8e-05,22.0,0.9876717367288053,0.9876717367288053,0.0,0.0,uncoordinated+L3,26,2024-06-29
79,13.316666666666666,-8e-05,22.0,0.9871338788599245,0.9871338788599245,0.0,0.0,uncoordinated+L3,26,2024-06-29
80,13.333333333333334,-8e-05,22.0,0.9873663140020542,0.9873663140020542,0.0,0.0,uncoordinated+L3,26,2024-06-29
81,13.35,-8e-05,22.0,0.98798234210676,0.98798234210676,0.0,0.0,uncoordinated+L3,26,2024-06-29
82,13.366666666666667,-8e-05,22.0,0.9879513147457759,0.9879513147457759,0.0,0.0,uncoordinated+L3,26,2024-06-29
83,13.383333333333333,-8e-05,22.0,0.9867210780855048,0.9867210780855048,0.0,0.0,uncoordinated+L3,26,2024-06-29
84,13.4,-8e-05,22.0,0.9863564975071429,0.9863564975071429,0.0,0.0,uncoordinated+L3,26,2024-06-29
85,13.416666666666666,-8e-05,22.0,0.9881093133145683,0.9881093133145683,0.0,0.0,uncoordinated+L3,26,2024-06-29
86,13.433333333333334,-8e-05,22.0,0.9870387020200809,0.9870387020200809,0.0,0.0,uncoordinated+L3,26,2024-06-29
87,13.45,-8e-05,22.0,0.9882830761363469,0.9882830761363469,0.0,0.0,uncoordinated+L3,26,2024-06-29
88,13.466666666666667,-8e-05,22.0,0.9867614641255102,0.9867614641255102,0.0,0.0,uncoordinated+L3,26,2024-06-29
89,13.483333333333334,-8e-05,22.0,0.9864371024270092,0.9864371024270092,0.0,0.0,uncoordinated+L3,26,2024-06-29
90,13.5,-8e-05,33.0,0.976839682167118,0.976839682167118,0.0,0.0,uncoordinated+L3,26,2024-06-29
91,13.516666666666666,-8e-05,33.0,0.9743038826505426,0.9743038826505426,0.0,0.0,uncoordinated+L3,26,2024-06-29
92,13.533333333333333,-8e-05,33.0,0.9764176540077588,0.9764176540077588,0.0,0.0,uncoordinated+L3,26,2024-06-29
93,13.55,-8e-05,33.0,0.9763206700238198,0.9763206700238198,0.0,0.0,uncoordinated+L3,26,2024-06-29
94,13.566666666666666,-8e-05,33.0,0.974943477576316,0.974943477576316,0.0,0.0,uncoordinated+L3,26,2024-06-29
95,13.583333333333334,-8e-05,33.0,0.9760442052653729,0.9760442052653729,0.0,0.0,uncoordinated+L3,26,2024-06-29
96,13.6,-8e-05,33.0,0.9769606066399752,0.9769606066399752,0.0,0.0,uncoordinated+L3,26,2024-06-29
97,13.616666666666667,-8e-05,33.0,0.9738205658865785,0.9738205658865785,0.0,0.0,uncoordinated+L3,26,2024-06-29
98,13.633333333333333,-8e-05,33.0,0.9750418480183336,0.9750418480183336,0.0,0.0,uncoordinated+L3,26,2024-06-29
99,13.65,-8e-05,33.0,0.9744519381162042,0.9744519381162042,0.0,0.0,uncoordinated+L3,26,2024-06-29
100,13.666666666666666,-8e-05,33.0,0.97588460667433,0.97588460667433,0.0,0.0,uncoordinated+L3,26,2024-06-29
101,13.683333333333334,-8e-05,33.0,0.9757922473638212,0.9757922473638212,0.0,0.0,uncoordinated+L3,26,2024-06-29
102,13.7,-8e-05,33.0,0.976502612595148,0.976502612595148,0.0,0.0,uncoordinated+L3,26,2024-06-29
103,13.716666666666667,-8e-05,33.0,0.9764492342124391,0.9764492342124391,0.0,0.0,uncoordinated+L3,26,2024-06-29
104,13.733333333333334,-8e-05,33.0,0.9761570626305026,0.9761570626305026,0.0,0.0,uncoordinated+L3,26,2024-06-29
105,13.75,-8e-05,44.0,0.9797395511799817,0.9797395511799817,0.0,0.0,uncoordinated+L3,26,2024-06-29
106,13.766666666666666,-8e-05,44.0,0.9788884964761061,0.9788884964761061,0.0,0.0,uncoordinated+L3,26,2024-06-29
107,13.783333333333333,-8e-05,44.0,0.9792224687414613,0.9792224687414613,0.0,0.0,uncoordinated+L3,26,2024-06-29
108,13.8,-8e-05,44.0,0.978603262480932,0.978603262480932,0.0,0.0,uncoordinated+L3,26,2024-06-29
109,13.816666666666666,-8e-05,44.0,0.9790266178554918,0.9790266178554918,0.0,0.0,uncoordinated+L3,26,2024-06-29
110,13.833333333333334,-8e-05,44.0,0.9800330697408214,0.9800330697408214,0.0,0.0,uncoordinated+L3,26,2024-06-29
111,13.85,-8e-05,44.0,0.978067055746506,0.978067055746506,0.0,0.0,uncoordinated+L3,26,2024-06-29
112,13.866666666666667,-8e-05,44.0,0.9782270381369778,0.9782270381369778,0.0,0.0,uncoordinated+L3,26,2024-06-29
113,13.883333333333333,-8e-05,44.0,0.9807219187306269,0.9807219187306269,0.0,0.0,uncoordinated+L3,26,2024-06-29
114,13.9,-8e-05,44.0,0.9795535028823341,0.9795535028823341,0.0,0.0,uncoordinated+L3,26,2024-06-29
115,13.916666666666666,-8e-05,44.0,0.9805001637007517,0.9805001637007517,0.0,0.0,uncoordinated+L3,26,2024-06-29
116,13.933333333333334,-8e-05,44.0,0.9778228859909371,0.9778228859909371,0.0,0.0,uncoordinated+L3,26,2024-06-29
117,13.95,-8e-05,44.0,0.9780848292130668,0.9780848292130668,0.0,0.0,uncoordinated+L3,26,2024-06-29
118,13.966666666666667,-8e-05,44.0,0.9780332314252449,0.9780332314252449,0.0,0.0,uncoordinated+L3,26,2024-06-29
119,13.983333333333334,-8e-05,44.0,0.9797598508269527,0.9797598508269527,0.0,0.0,uncoordinated+L3,26,2024-06-29
120,14.0,0.00136,77.0,0.9891161690462342,0.9891161690462342,0.0,0.0,uncoordinated+L3,26,2024-06-29
121,14.016666666666666,0.00136,77.0,0.9898693536540072,0.9898693536540072,0.0,0.0,uncoordinated+L3,26,2024-06-29
122,14.033333333333333,0.00136,77.0,0.9881805871791389,0.9881805871791389,0.0,0.0,uncoordinated+L3,26,2024-06-29
123,14.05,0.00136,77.0,0.9873018244001065,0.9873018244001065,0.0,0.0,uncoordinated+L3,26,2024-06-29
124,14.066666666666666,0.00136,77.0,0.9892260162582229,0.9892260162582229,0.0,0.0,uncoordinated+L3,26,2024-06-29
125,14.083333333333334,0.00136,77.0,0.9883613064698012,0.9883613064698012,0.0,0.0,uncoordinated+L3,26,2024-06-29
126,14.1,0.00136,77.0,0.9891792254106956,0.9891792254106956,0.0,0.0,uncoordinated+L3,26,2024-06-29
127,14.116666666666667,0.00136,77.0,0.9892984900979387,0.9892984900979387,0.0,0.0,uncoordinated+L3,26,2024-06-29
128,14.133333333333333,0.00136,77.0,0.9887783614216659,0.9887783614216659,0.0,0.0,uncoordinated+L3,26,2024-06-29
129,14.15,0.00136,77.0,0.9894410068992662,0.9894410068992662,0.0,0.0,uncoordinated+L3,26,2024-06-29
130,14.166666666666666,0.00136,77.0,0.9884822396227894,0.9884822396227894,0.0,0.0,uncoordinated+L3,26,2024-06-29
131,14.183333333333334,0.00136,77.0,0.987203077872415,0.987203077872415,0.0,0.0,uncoordinated+L3,26,2024-06-29
132,14.2,0.00136,77.0,0.9897629362600229,0.9897629362600229,0.0,0.0,uncoordinated+L3,26,2024-06-29
133,14.216666666666667,0.00136,77.0,0.9900284397624656,0.9900284397624656,0.0,0.0,uncoordinated+L3,26,2024-06-29
134,14.233333333333334,0.00136,77.0,0.9887951862548116,0.9887951862548116,0.0,0.0,uncoordinated+L3,26,2024-06-29
135,14.25,0.00136,44.0,0.9825212234900472,0.9825212234900472,0.0,0.0,uncoordinated+L3,26,2024-06-29
136,14.266666666666666,0.00136,44.0,0.9805716215075423,0.9805716215075423,0.0,0.0,uncoordinated+L3,26,2024-06-29
137,14.283333333333333,0.00136,44.0,0.9839560024767324,0.9839560024767324,0.0,0.0,uncoordinated+L3,26,2024-06-29
138,14.3,0.00136,44.0,0.9821669102901632,0.9821669102901632,0.0,0.0,uncoordinated+L3,26,2024-06-29
139,14.316666666666666,0.00136,44.0,0.981880973850621,0.981880973850621,0.0,0.0,uncoordinated+L3,26,2024-06-29
140,14.333333333333334,0.00136,44.0,0.9836688134670554,0.9836688134670554,0.0,0.0,uncoordinated+L3,26,2024-06-29
141,14.35,0.00136,44.0,0.983866476398656,0.983866476398656,0.0,0.0,uncoordinated+L3,26,2024-06-29
142,14.366666666666667,0.00136,44.0,0.985600174824756,0.985600174824756,0.0,0.0,uncoordinated+L3,26,2024-06-29
143,14.383333333333333,0.00136,44.0,0.9835248446040903,0.9835248446040903,0.0,0.0,uncoordinated+L3,26,2024-06-29
144,14.4,0.00136,44.0,0.9817653911404187,0.9817653911404187,0.0,0.0,uncoordinated+L3,26,2024-06-29
145,14.416666666666666,0.00136,44.0,0.9827568577792914,0.9827568577792914,0.0,0.0,uncoordinated+L3,26,2024-06-29
146,14.433333333333334,0.00136,44.0,0.9844273796004793,0.9844273796004793,0.0,0.0,uncoordinated+L3,26,2024-06-29
147,14.45,0.00136,44.0,0.9844273624044565,0.9844273624044565,0.0,0.0,uncoordinated+L3,26,2024-06-29
148,14.466666666666667,0.00136,44.0,0.9840142065521748,0.9840142065521748,0.0,0.0,uncoordinated+L3,26,2024-06-29
149,14.483333333333334,0.00136,44.0,0.9845197925252146,0.9845197925252146,0.0,0.0,uncoordinated+L3,26,2024-06-29
150,14.5,0.00136,99.0,0.9818561484677599,0.9818561484677599,0.0,0.0,uncoordinated+L3,26,2024-06-29
151,14.516666666666666,0.00136,99.0,0.9819296901480177,0.9819296901480177,0.0,0.0,uncoordinated+L3,26,2024-06-29
152,14.533333333333333,0.00136,99.0,0.9831604923541707,0.9831604923541707,0.0,0.0,uncoordinated+L3,26,2024-06-29
153,14.55,0.00136,99.0,0.9820289840766214,0.9820289840766214,0.0,0.0,uncoordinated+L3,26,2024-06-29
154,14.566666666666666,0.00136,99.0,0.980726425440001,0.980726425440001,0.0,0.0,uncoordinated+L3,26,2024-06-29
155,14.583333333333334,0.00136,99.0,0.9830852695345447,0.9830852695345447,0.0,0.0,uncoordinated+L3,26,2024-06-29
156,14.6,0.00136,99.0,0.9832119485995793,0.9832119485995793,0.0,0.0,uncoordinated+L3,26,2024-06-29
157,14.616666666666667,0.00136,99.0,0.9800745967901213,0.9800745967901213,0.0,0.0,uncoordinated+L3,26,2024-06-29
158,14.633333333333333,0.00136,99.0,0.98292790262049,0.98292790262049,0.0,0.0,uncoordinated+L3,26,2024-06-29
159,14.65,0.00136,99.0,0.9806585843114478,0.9806585843114478,0.0,0.0,uncoordinated+L3,26,2024-06-29
160,14.666666666666666,0.00136,99.0,0.9808094056349733,0.9808094056349733,0.0,0.0,uncoordinated+L3,26,2024-06-29
161,14.683333333333334,0.00136,99.0,0.9813038115239805,0.9813038115239805,0.0,0.0,uncoordinated+L3,26,2024-06-29
162,14.7,0.00136,99.0,0.9800616539302979,0.9800616539302979,0.0,0.0,uncoordinated+L3,26,2024-06-29
163,14.716666666666667,0.00136,99.0,0.9823416810815787,0.9823416810815787,0.0,0.0,uncoordinated+L3,26,2024-06-29
164,14.733333333333334,0.00136,99.0,0.9824412111798534,0.9824412111798534,0.0,0.0,uncoordinated+L3,26,2024-06-29
165,14.75,0.00136,66.0,0.9813652881605365,0.9813652881605365,0.0,0.0,uncoordinated+L3,26,2024-06-29
166,14.766666666666666,0.00136,66.0,0.9828640705253537,0.9828640705253537,0.0,0.0,uncoordinated+L3,26,2024-06-29
167,14.783333333333333,0.00136,66.0,0.9813999826479604,0.9813999826479604,0.0,0.0,uncoordinated+L3,26,2024-06-29
168,14.8,0.00136,66.0,0.9819122930447561,0.9819122930447561,0.0,0.0,uncoordinated+L3,26,2024-06-29
169,14.816666666666666,0.00136,66.0,0.9829710426179606,0.9829710426179606,0.0,0.0,uncoordinated+L3,26,2024-06-29
170,14.833333333333334,0.00136,66.0,0.9832342606801163,0.9832342606801163,0.0,0.0,uncoordinated+L3,26,2024-06-29
171,14.85,0.00136,66.0,0.9837635056488269,0.9837635056488269,0.0,0.0,uncoordinated+L3,26,2024-06-29
172,14.866666666666667,0.00136,66.0,0.9819567406328072,0.9819567406328072,0.0,0.0,uncoordinated+L3,26,2024-06-29
173,14.883333333333333,0.00136,66.0,0.9843256397203474,0.9843256397203474,0.0,0.0,uncoordinated+L3,26,2024-06-29
174,14.9,0.00136,66.0,0.9827841670116274,0.9827841670116274,0.0,0.0,uncoordinated+L3,26,2024-06-29
175,14.916666666666666,0.00136,66.0,0.982418148028413,0.982418148028413,0.0,0.0,uncoordinated+L3,26,2024-06-29
176,14.933333333333334,0.00136,66.0,0.9820192561954707,0.9820192561954707,0.0,0.0,uncoordinated+L3,26,2024-06-29
177,14.95,0.00136,66.0,0.9816946746054425,0.9816946746054425,0.0,0.0,uncoordinated+L3,26,2024-06-29
178,14.966666666666667,0.00136,66.0,0.9830912886633942,0.9830912886633942,0.0,0.0,uncoordinated+L3,26,2024-06-29
179,14.983333333333334,0.00136,66.0,0.9824100647580241,0.9824100647580241,0.0,0.0,uncoordinated+L3,26,2024-06-29
180,15.0,0.0121,154.0,0.9727483701848598,0.9727483701848598,0.0,0.0,uncoordinated+L3,26,2024-06-29
181,15.016666666666666,0.0121,154.0,0.9707312057940082,0.9707312057940082,0.0,0.0,uncoordinated+L3,26,2024-06-29
182,15.033333333333333,0.0121,154.0,0.9728368986224788,0.9728368986224788,0.0,0.0,uncoordinated+L3,26,2024-06-29
183,15.05,0.0121,154.0,0.972796357828807,0.972796357828807,0.0,0.0,uncoordinated+L3,26,2024-06-29
184,15.066666666666666,0.0121,154.0,0.9719821691629608,0.9719821691629608,0.0,0.0,uncoordinated+L3,26,2024-06-29
185,15.083333333333334,0.0121,154.0,0.9735407590293698,0.9735407590293698,0.0,0.0,uncoordinated+L3,26,2024-06-29
186,15.1,0.0121,154.0,0.9719090498467039,0.9719090498467039,0.0,0.0,uncoordinated+L3,26,2024-06-29
187,15.116666666666667,0.0121,154.0,0.9743590682490914,0.9743590682490914,0.0,0.0,uncoordinated+L3,26,2024-06-29
188,15.133333333333333,0.0121,154.0,0.9737881564373447,0.9737881564373447,0.0,0.0,uncoordinated+L3,26,2024-06-29
189,15.15,0.0121,154.0,0.972895915115487,0.972895915115487,0.0,0.0,uncoordinated+L3,26,2024-06-29
190,15.166666666666666,0.0121,154.0,0.9737529891758852,0.9737529891758852,0.0,0.0,uncoordinated+L3,26,2024-06-29
191,15.183333333333334,0.0121,154.0,0.9728602541102748,0.9728602541102748,0.0,0.0,uncoordinated+L3,26,2024-06-29
192,15.2,0.0121,154.0,0.9717492853874057,0.9717492853874057,0.0,0.0,uncoordinated+L3,26,2024-06-29
193,15.216666666666667,0.0121,154.0,0.9721850288193092,0.9721850288193092,0.0,0.0,uncoordinated+L3,26,2024-06-29
194,15.233333333333334,0.0121,154.0,0.972767255201319,0.972767255201319,0.0,0.0,uncoordinated+L3,26,2024-06-29
195,15.25,0.0121,220.0,0.9742067331567178,0.9742067331567178,0.0,0.0,uncoordinated+L3,26,2024-06-29
196,15.266666666666666,0.0121,220.0,0.9743521981460685,0.9743521981460685,0.0,0.0,uncoordinated+L3,26,2024-06-29
197,15.283333333333333,0.0121,220.0,0.9733001048689456,0.9733001048689456,0.0,0.0,uncoordinated+L3,26,2024-06-29
198,15.3,0.0121,220.0,0.9760335602527956,0.9760335602527956,0.0,0.0,uncoordinated+L3,26,2024-06-29
199,15.316666666666666,0.0121,220.0,0.9759550376608058,0.9759550376608058,0.0,0.0,uncoordinated+L3,26,2024-06-29
200,15.333333333333334,0.0121,220.0,0.9745463334367063,0.9745463334367063,0.0,0.0,uncoordinated+L3,26,2024-06-29
201,15.35,0.0121,220.0,0.9774705301498949,0.9774705301498949,0.0,0.0,uncoordinated+L3,26,2024-06-29
202,15.366666666666667,0.0121,220.0,0.9755382470939045,0.9755382470939045,0.0,0.0,uncoordinated+L3,26,2024-06-29
203,15.383333333333333,0.0121,220.0,0.9761120064845551,0.9761120064845551,0.0,0.0,uncoordinated+L3,26,2024-06-29
204,15.4,0.0121,220.0,0.9738854320178757,0.9738854320178757,0.0,0.0,uncoordinated+L3,26,2024-06-29
205,15.416666666666666,0.0121,220.0,0.9763657618847302,0.9763657618847302,0.0,0.0,uncoordinated+L3,26,2024-06-29
206,15.433333333333334,0.0121,220.0,0.974451239134538,0.974451239134538,0.0,0.0,uncoordinated+L3,26,2024-06-29
207,15.45,0.0121,220.0,0.9749355052007971,0.9749355052007971,0.0,0.0,uncoordinated+L3,26,2024-06-29
208,15.466666666666667,0.0121,220.0,0.9730075058644939,0.9730075058644939,0.0,0.0,uncoordinated+L3,26,2024-06-29
209,15.483333333333334,0.0121,220.0,0.975261275406958,0.975261275406958,0.0,0.0,uncoordinated+L3,26,2024-06-29
210,15.5,0.0121,198.0,0.9685917003424807,0.9685917003424807,0.0,0.0,uncoordinated+L3,26,2024-06-29
211,15.516666666666666,0.0121,198.0,0.9699745459378091,0.9699745459378091,0.0,0.0,uncoordinated+L3,26,2024-06-29
212,15.533333333333333,0.0121,198.0,0.9697917608896931,0.9697917608896931,0.0,0.0,uncoordinated+L3,26,2024-06-29
213,15.55,0.0121,198.0,0.9681478538056656,0.9681478538056656,0.0,0.0,uncoordinated+L3,26,2024-06-29
214,15.566666666666666,0.0121,198.0,0.966646887704483,0.966646887704483,0.0,0.0,uncoordinated+L3,26,2024-06-29
215,15.583333333333334,0.0121,198.0,0.9667919248011814,0.9667919248011814,0.0,0.0,uncoordinated+L3,26,2024-06-29
216,15.6,0.0121,198.0,0.967260127071336,0.967260127071336,0.0,0.0,uncoordinated+L3,26,2024-06-29
217,15.616666666666667,0.0121,198.0,0.96892537179945,0.96892537179945,0.0,0.0,uncoordinated+L3,26,2024-06-29
218,15.633333333333333,0.0121,198.0,0.9682200861214777,0.9682200861214777,0.0,0.0,uncoordinated+L3,26,2024-06-29
219,15.65,0.0121,198.0,0.967862677304144,0.967862677304144,0.0,0.0,uncoordinated+L3,26,2024-06-29
220,15.666666666666666,0.0121,198.0,0.9679980529569137,0.9679980529569137,0.0,0.0,uncoordinated+L3,26,2024-06-29
221,15.683333333333334,0.0121,198.0,0.9696276960096126,0.9696276960096126,0.0,0.0,uncoordinated+L3,26,2024-06-29
222,15.7,0.0121,198.0,0.9701296305256044,0.9701296305256044,0.0,0.0,uncoordinated+L3,26,2024-06-29
223,15.716666666666667,0.0121,198.0,0.9685477716726654,0.9685477716726654,0.0,0.0,uncoordinated+L3,26,2024-06-29
224,15.733333333333334,0.0121,198.0,0.967082485965777,0.967082485965777,0.0,0.0,uncoordinated+L3,26,2024-06-29
225,15.75,0.0121,317.0266158510397,0.9698065505626197,0.9698065505626197,0.0,0.0,uncoordinated+L3,26,2024-06-29
226,15.766666666666666,0.0121,317.0266158510397,0.9699924177578453,0.9699924177578453,0.0,0.0,uncoordinated+L3,26,2024-06-29
227,15.783333333333333,0.0121,317.0266158510397,0.9688558961535406,0.9688558961535406,0.0,0.0,uncoordinated+L3,26,2024-06-29
228,15.8,0.0121,317.0266158510397,0.970220467392079,0.970220467392079,0.0,0.0,uncoordinated+L3,26,2024-06-29
229,15.816666666666666,0.0121,317.0266158510397,0.9711454703294303,0.9711454703294303,0.0,0.0,uncoordinated+L3,26,2024-06-29
230,15.833333333333334,0.0121,317.0266158510397,0.9710279653504242,0.9710279653504242,0.0,0.0,uncoordinated+L3,26,2024-06-29
231,15.85,0.0121,317.0266158510397,0.9701573048477845,0.9701573048477845,0.0,0.0,uncoordinated+L3,26,2024-06-29
232,15.866666666666667,0.0121,317.0266158510397,0.9714237326308659,0.9714237326308659,0.0,0.0,uncoordinated+L3,26,2024-06-29
233,15.883333333333333,0.0121,317.0266158510397,0.9693202037374589,0.9693202037374589,0.0,0.0,uncoordinated+L3,26,2024-06-29
234,15.9,0.0121,317.0266158510397,0.9714236124176829,0.9714236124176829,0.0,0.0,uncoordinated+L3,26,2024-06-29
235,15.916666666666666,0.0121,317.0266158510397,0.9723727346131249,0.9723727346131249,0.0,0.0,uncoordinated+L3,26,2024-06-29
236,15.933333333333334,0.0121,317.0266158510397,0.9721520330224802,0.9721520330224802,0.0,0.0,uncoordinated+L3,26,2024-06-29
237,15.95,0.0121,317.0266158510397,0.9707838128239827,0.9707838128239827,0.0,0.0,uncoordinated+L3,26,2024-06-29
238,15.966666666666667,0.0121,317.0266158510397,0.9678920619275702,0.9678920619275702,0.0,0.0,uncoordinated+L3,26,2024-06-29
239,15.983333333333334,0.0121,317.0266158510397,0.9706255181827189,0.9706255181827189,0.0,0.0,uncoordinated+L3,26,2024-06-29
240,16.0,0.06834,318.6718311148993,0.9663604977897589,0.9663604977897589,0.0,0.0,uncoordinated+L3,26,2024-06-29
241,16.016666666666666,0.06834,318.6718311148993,0.9673669857563748,0.9673669857563748,0.0,0.0,uncoordinated+L3,26,2024-06-29
242,16.03333333333333,0.06834,318.6718311148993,0.9662251942137344,0.9662251942137344,0.0,0.0,uncoordinated+L3,26,2024-06-29
243,16.05,0.06834,318.6718311148993,0.9668741697987262,0.9668741697987262,0.0,0.0,uncoordinated+L3,26,2024-06-29
244,16.066666666666666,0.06834,318.6718311148993,0.96568223168061,0.96568223168061,0.0,0.0,uncoordinated+L3,26,2024-06-29
245,16.083333333333332,0.06834,318.6718311148993,0.9670249711765425,0.9670249711765425,0.0,0.0,uncoordinated+L3,26,2024-06-29
246,16.1,0.06834,318.6718311148993,0.9654667996847001,0.9654667996847001,0.0,0.0,uncoordinated+L3,26,2024-06-29
247,16.116666666666667,0.06834,318.6718311148993,0.9674259657507681,0.9674259657507681,0.0,0.0,uncoordinated+L3,26,2024-06-29
248,16.133333333333333,0.06834,318.6718311148993,0.9700358015810369,0.9700358015810369,0.0,0.0,uncoordinated+L3,26,2024-06-29
249,16.15,0.06834,318.6718311148993,0.9675233849073421,0.9675233849073421,0.0,0.0,uncoordinated+L3,26,2024-06-29
250,16.166666666666668,0.06834,318.6718311148993,0.966269580645632,0.966269580645632,0.0,0.0,uncoordinated+L3,26,2024-06-29
251,16.183333333333334,0.06834,318.6718311148993,0.968274650437229,0.968274650437229,0.0,0.0,uncoordinated+L3,26,2024-06-29
252,16.2,0.06834,318.6718311148993,0.9674948301483755,0.9674948301483755,0.0,0.0,uncoordinated+L3,26,2024-06-29
253,16.21666666666667,0.06834,318.6718311148993,0.9657504416783802,0.9657504416783802,0.0,0.0,uncoordinated+L3,26,2024-06-29
254,16.233333333333334,0.06834,318.6718311148993,0.9661337993793285,0.9661337993793285,0.0,0.0,uncoordinated+L3,26,2024-06-29
255,16.25,0.06834,429.0,0.9590889577698201,0.9590889577698201,0.0,0.0,uncoordinated+L3,26,2024-06-29
256,16.266666666666666,0.06834,429.0,0.9604624128748166,0.9604624128748166,0.0,0.0,uncoordinated+L3,26,2024-06-29
257,16.28333333333333,0.06834,429.0,0.9626061701411656,0.9626061701411656,0.0,0.0,uncoordinated+L3,26,2024-06-29
258,16.3,0.06834,429.0,0.961412907805629,0.961412907805629,0.0,0.0,uncoordinated+L3,26,2024-06-29
259,16.316666666666666,0.06834,429.0,0.9596424468468201,0.9596424468468201,0.0,0.0,uncoordinated+L3,26,2024-06-29
260,16.333333333333332,0.06834,429.0,0.958519794986345,0.958519794986345,0.0,0.0,uncoordinated+L3,26,2024-06-29
261,16.35,0.06834,429.0,0.9613210839432933,0.9613210839432933,0.0,0.0,uncoordinated+L3,26,2024-06-29
262,16.366666666666667,0.06834,429.0,0.9620860896160369,0.9620860896160369,0.0,0.0,uncoordinated+L3,26,2024-06-29
263,16.383333333333333,0.06834,429.0,0.9586601940629678,0.9586601940629678,0.0,0.0,uncoordinated+L3,26,2024-06-29
264,16.4,0.06834,429.0,0.9595148891928234,0.9595148891928234,0.0,0.0,uncoordinated+L3,26,2024-06-29
265,16.416666666666668,0.06834,429.0,0.960242479938051,0.960242479938051,0.0,0.0,uncoordinated+L3,26,2024-06-29
266,16.433333333333334,0.06834,429.0,0.9596996111649679,0.9596996111649679,0.0,0.0,uncoordinated+L3,26,2024-06-29
267,16.45,0.06834,429.0,0.9604901394974756,0.9604901394974756,0.0,0.0,uncoordinated+L3,26,2024-06-29
268,16.46666666666667,0.06834,429.0,0.9620997647421433,0.9620997647421433,0.0,0.0,uncoordinated+L3,26,2024-06-29
269,16.483333333333334,0.06834,429.0,0.9597066012914784,0.9597066012914784,0.0,0.0,uncoordinated+L3,26,2024-06-29
270,16.5,0.06834,447.80386109012306,0.9633642331300558,0.9633642331300558,0.0,0.0,uncoordinated+L3,26,2024-06-29
271,16.516666666666666,0.06834,447.80386109012306,0.9634845365239139,0.9634845365239139,0.0,0.0,uncoordinated+L3,26,2024-06-29
272,16.53333333333333,0.06834,447.80386109012306,0.9617080942314575,0.9617080942314575,0.0,0.0,uncoordinated+L3,26,2024-06-29
273,16.55,0.06834,447.80386109012306,0.9645573494006492,0.9645573494006492,0.0,0.0,uncoordinated+L3,26,2024-06-29
274,16.566666666666666,0.06834,447.80386109012306,0.9608949662469273,0.9608949662469273,0.0,0.0,uncoordinated+L3,26,2024-06-29
275,16.583333333333332,0.06834,447.80386109012306,0.9621830264555201,0.9621830264555201,0.0,0.0,uncoordinated+L3,26,2024-06-29
276,16.6,0.06834,447.80386109012306,0.9627033045104673,0.9627033045104673,0.0,0.0,uncoordinated+L3,26,2024-06-29
277,16.616666666666667,0.06834,447.80386109012306,0.962737307182155,0.962737307182155,0.0,0.0,uncoordinated+L3,26,2024-06-29
278,16.633333333333333,0.06834,447.80386109012306,0.963210925116617,0.963210925116617,0.0,0.0,uncoordinated+L3,26,2024-06-29
279,16.65,0.06834,447.80386109012306,0.9630327828755271,0.9630327828755271,0.0,0.0,uncoordinated+L3,26,2024-06-29
280,16.666666666666668,0.06834,447.80386109012306,0.9644264946614745,0.9644264946614745,0.0,0.0,uncoordinated+L3,26,2024-06-29
281,16.683333333333334,0.06834,447.80386109012306,0.9634435083233459,0.9634435083233459,0.0,0.0,uncoordinated+L3,26,2024-06-29
282,16.7,0.06834,447.80386109012306,0.9596236984480923,0.9596236984480923,0.0,0.0,uncoordinated+L3,26,2024-06-29
283,16.71666666666667,0.06834,447.80386109012306,0.9654653449506065,0.9654653449506065,0.0,0.0,uncoordinated+L3,26,2024-06-29
284,16.733333333333334,0.06834,447.8038610901199,0.9624987143344717,0.9624987143344717,0.0,0.0,uncoordinated+L3,26,2024-06-29
285,16.75,0.06834,455.19858793797613,0.9654913728003173,0.9654913728003173,0.0,0.0,uncoordinated+L3,26,2024-06-29
286,16.766666666666666,0.06834,455.19858793797613,0.9662724136820768,0.9662724136820768,0.0,0.0,uncoordinated+L3,26,2024-06-29
287,16.78333333333333,0.06834,455.19858793797613,0.9651121283779666,0.9651121283779666,0.0,0.0,uncoordinated+L3,26,2024-06-29
288,16.8,0.06834,455.19858793797613,0.965131441782329,0.965131441782329,0.0,0.0,uncoordinated+L3,26,2024-06-29
289,16.816666666666666,0.06834,455.19858793797613,0.963297471531242,0.963297471531242,0.0,0.0,uncoordinated+L3,26,2024-06-29
290,16.833333333333332,0.06834,455.19858793797613,0.9664883391346634,0.9664883391346634,0.0,0.0,uncoordinated+L3,26,2024-06-29
291,16.85,0.06834,455.19858793797613,0.9644468633435013,0.9644468633435013,0.0,0.0,uncoordinated+L3,26,2024-06-29
292,16.866666666666667,0.06834,455.19858793797613,0.9648583890433095,0.9648583890433095,0.0,0.0,uncoordinated+L3,26,2024-06-29
293,16.883333333333333,0.06834,455.19858793797613,0.9655362631365211,0.9655362631365211,0.0,0.0,uncoordinated+L3,26,2024-06-29
294,16.9,0.06834,455.19858793797613,0.9655420038494851,0.9655420038494851,0.0,0.0,uncoordinated+L3,26,2024-06-29
295,16.916666666666668,0.06834,455.19858793797613,0.9629415895311126,0.9629415895311126,0.0,0.0,uncoordinated+L3,26,2024-06-29
296,16.933333333333334,0.06834,455.19858793797613,0.963195019108394,0.963195019108394,0.0,0.0,uncoordinated+L3,26,2024-06-29
297,16.95,0.06834,455.19858793797613,0.9644190463464057,0.9644190463464057,0.0,0.0,uncoordinated+L3,26,2024-06-29
298,16.96666666666667,0.06834,455.19858793797613,0.9636789495256992,0.9636789495256992,0.0,0.0,uncoordinated+L3,26,2024-06-29
299,16.983333333333334,0.06834,455.1985879379756,0.9655727909123397,0.9655727909123397,0.0,0.0,uncoordinated+L3,26,2024-06-29
300,17.0,0.10325,592.1281107387704,0.9613556123652284,0.9613556123652284,0.0,0.0,uncoordinated+L3,26,2024-06-29
301,17.016666666666666,0.10325,592.1281107387704,0.9599507604460092,0.9599507604460092,0.0,0.0,uncoordinated+L3,26,2024-06-29
302,17.03333333333333,0.10325,592.1281107387704,0.9617773263317859,0.9617773263317859,0.0,0.0,uncoordinated+L3,26,2024-06-29
303,17.05,0.10325,592.1281107387704,0.9595382031150037,0.9595382031150037,0.0,0.0,uncoordinated+L3,26,2024-06-29
304,17.066666666666666,0.10325,592.1281107387704,0.9598716751320263,0.9598716751320263,0.0,0.0,uncoordinated+L3,26,2024-06-29
305,17.083333333333332,0.10325,592.1281107387704,0.9604312435931582,0.9604312435931582,0.0,0.0,uncoordinated+L3,26,2024-06-29
306,17.1,0.10325,592.1281107387704,0.959601243347971,0.959601243347971,0.0,0.0,uncoordinated+L3,26,2024-06-29
307,17.116666666666667,0.10325,592.1281107387704,0.9585444088403415,0.9585444088403415,0.0,0.0,uncoordinated+L3,26,2024-06-29
308,17.133333333333333,0.10325,592.1281107387704,0.9596045400127612,0.9596045400127612,0.0,0.0,uncoordinated+L3,26,2024-06-29
309,17.15,0.10325,592.1281107387704,0.9612984044864666,0.9612984044864666,0.0,0.0,uncoordinated+L3,26,2024-06-29
310,17.166666666666668,0.10325,592.1281107387704,0.962435599884206,0.962435599884206,0.0,0.0,uncoordinated+L3,26,2024-06-29
311,17.183333333333334,0.10325,592.1281107387704,0.9593879858466252,0.9593879858466252,0.0,0.0,uncoordinated+L3,26,2024-06-29
312,17.2,0.10325,592.1281107387704,0.9595737011688656,0.9595737011688656,0.0,0.0,uncoordinated+L3,26,2024-06-29
313,17.21666666666667,0.10325,592.1281107387704,0.9599547226992245,0.9599547226992245,0.0,0.0,uncoordinated+L3,26,2024-06-29
314,17.233333333333334,0.10325,592.1281107387699,0.9615921129765663,0.9615921129765663,0.0,0.0,uncoordinated+L3,26,2024-06-29
315,17.25,0.10325,621.28343029545,0.962165147602344,0.962165147602344,0.0,0.0,uncoordinated+L3,26,2024-06-29
316,17.266666666666666,0.10325,621.28343029545,0.9623175761858762,0.9623175761858762,0.0,0.0,uncoordinated+L3,26,2024-06-29
317,17.28333333333333,0.10325,621.28343029545,0.9619033505513201,0.9619033505513201,0.0,0.0,uncoordinated+L3,26,2024-06-29
318,17.3,0.10325,621.28343029545,0.9603871175276485,0.9603871175276485,0.0,0.0,uncoordinated+L3,26,2024-06-29
319,17.316666666666666,0.10325,621.28343029545,0.9642876757075693,0.9642876757075693,0.0,0.0,uncoordinated+L3,26,2024-06-29
320,17.333333333333332,0.10325,621.28343029545,0.9615815182264995,0.9615815182264995,0.0,0.0,uncoordinated+L3,26,2024-06-29
321,17.35,0.10325,621.28343029545,0.9618694415267235,0.9618694415267235,0.0,0.0,uncoordinated+L3,26,2024-06-29
322,17.366666666666667,0.10325,621.28343029545,0.9633791463601034,0.9633791463601034,0.0,0.0,uncoordinated+L3,26,2024-06-29
323,17.383333333333333,0.10325,621.28343029545,0.9610025411202994,0.9610025411202994,0.0,0.0,uncoordinated+L3,26,2024-06-29
324,17.4,0.10325,621.28343029545,0.961152333593014,0.961152333593014,0.0,0.0,uncoordinated+L3,26,2024-06-29
325,17.416666666666668,0.10325,621.28343029545,0.9613936558585207,0.9613936558585207,0.0,0.0,uncoordinated+L3,26,2024-06-29
326,17.433333333333334,0.10325,621.28343029545,0.9625066513128417,0.9625066513128417,0.0,0.0,uncoordinated+L3,26,2024-06-29
327,17.45,0.10325,621.28343029545,0.9616506244261471,0.9616506244261471,0.0,0.0,uncoordinated+L3,26,2024-06-29
328,17.46666666666667,0.10325,621.28343029545,0.9634335596010489,0.9634335596010489,0.0,0.0,uncoordinated+L3,26,2024-06-29
329,17.483333333333334,0.10325,621.2834302954494,0.9596602569067282,0.9596602569067282,0.0,0.0,uncoordinated+L3,26,2024-06-29
330,17.5,0.10325,725.5439477554908,0.9693313501742974,0.9693313501742974,0.0,0.0,uncoordinated+L3,26,2024-06-29
331,17.516666666666666,0.10325,725.5439477554908,0.969763237612815,0.969763237612815,0.0,0.0,uncoordinated+L3,26,2024-06-29
332,17.53333333333333,0.10325,725.5439477554908,0.9696956004163477,0.9696956004163477,0.0,0.0,uncoordinated+L3,26,2024-06-29
333,17.55,0.10325,725.5439477554908,0.9689422829718685,0.9689422829718685,0.0,0.0,uncoordinated+L3,26,2024-06-29
334,17.566666666666666,0.10325,725.5439477554908,0.969330024932729,0.969330024932729,0.0,0.0,uncoordinated+L3,26,2024-06-29
335,17.583333333333332,0.10325,725.5439477554908,0.9689865679977951,0.9689865679977951,0.0,0.0,uncoordinated+L3,26,2024-06-29
336,17.6,0.10325,725.5439477554908,0.9679207211434353,0.9679207211434353,0.0,0.0,uncoordinated+L3,26,2024-06-29
337,17.616666666666667,0.10325,725.5439477554908,0.9700954195935936,0.9700954195935936,0.0,0.0,uncoordinated+L3,26,2024-06-29
338,17.633333333333333,0.10325,725.5439477554908,0.9701783171255696,0.9701783171255696,0.0,0.0,uncoordinated+L3,26,2024-06-29
339,17.65,0.10325,725.5439477554908,0.9697253747042062,0.9697253747042062,0.0,0.0,uncoordinated+L3,26,2024-06-29
340,17.666666666666668,0.10325,725.5439477554908,0.970541842872189,0.970541842872189,0.0,0.0,uncoordinated+L3,26,2024-06-29
341,17.683333333333334,0.10325,725.5439477554908,0.9689756449397172,0.9689756449397172,0.0,0.0,uncoordinated+L3,26,2024-06-29
342,17.7,0.10325,725.5439477554908,0.9675740369398516,0.9675740369398516,0.0,0.0,uncoordinated+L3,26,2024-06-29
343,17.71666666666667,0.10325,725.5439477554908,0.9713069266267074,0.9713069266267074,0.0,0.0,uncoordinated+L3,26,2024-06-29
344,17.733333333333334,0.10325,725.5439477554908,0.9691300526055233,0.9691300526055233,0.0,0.0,uncoordinated+L3,26,2024-06-29
345,17.75,0.10325,837.9716871406281,0.9546904799247736,0.9546904799247736,0.0,0.0,uncoordinated+L3,26,2024-06-29
346,17.766666666666666,0.10325,837.9716871406281,0.957061629189791,0.957061629189791,0.0,0.0,uncoordinated+L3,26,2024-06-29
347,17.78333333333333,0.10325,837.9716871406281,0.9568620153526632,0.9568620153526632,0.0,0.0,uncoordinated+L3,26,2024-06-29
348,17.8,0.10325,837.9716871406281,0.9546833838710802,0.9546833838710802,0.0,0.0,uncoordinated+L3,26,2024-06-29
349,17.816666666666666,0.10325,837.9716871406281,0.9552780585001096,0.9552780585001096,0.0,0.0,uncoordinated+L3,26,2024-06-29
350,17.833333333333332,0.10325,837.9716871406281,0.9551835911397447,0.9551835911397447,0.0,0.0,uncoordinated+L3,26,2024-06-29
351,17.85,0.10325,837.9716871406281,0.9557387420163379,0.9557387420163379,0.0,0.0,uncoordinated+L3,26,2024-06-29
352,17.866666666666667,0.10325,837.9716871406281,0.9557441492483074,0.9557441492483074,0.0,0.0,uncoordinated+L3,26,2024-06-29
353,17.883333333333333,0.10325,837.9716871406281,0.9546607714408759,0.9546607714408759,0.0,0.0,uncoordinated+L3,26,2024-06-29
354,17.9,0.10325,837.9716871406281,0.9531357788772242,0.9531357788772242,0.0,0.0,uncoordinated+L3,26,2024-06-29
355,17.916666666666668,0.10325,837.9716871406281,0.9563064343413787,0.9563064343413787,0.0,0.0,uncoordinated+L3,26,2024-06-29
356,17.933333333333334,0.10325,837.9716871406281,0.9558191243595472,0.9558191243595472,0.0,0.0,uncoordinated+L3,26,2024-06-29
357,17.95,0.10325,837.9716871406281,0.9565213534727298,0.9565213534727298,0.0,0.0,uncoordinated+L3,26,2024-06-29
358,17.96666666666667,0.10325,837.9716871406281,0.9555398261978207,0.9555398261978207,0.0,0.0,uncoordinated+L3,26,2024-06-29
359,17.983333333333334,0.10325,837.971687140627,0.956520484402001,0.956520484402001,0.0,0.0,uncoordinated+L3,26,2024-06-29
360,18.0,0.12693000000000002,933.9267351073272,0.9502462126526551,0.9511562886399264,42.659342724988676,0.0,uncoordinated+L3,26,2024-06-29
361,18.016666666666666,0.12693000000000002,933.9267351073272,0.9510195060211433,0.9510195060211433,0.0,0.0,uncoordinated+L3,26,2024-06-29
362,18.03333333333333,0.12693000000000002,933.9267351073272,0.9490998648958454,0.9510776712470433,82.91066574828798,0.0,uncoordinated+L3,26,2024-06-29
363,18.05,0.12693000000000002,933.9267351073272,0.9512122102579145,0.9512122102579145,0.0,0.0,uncoordinated+L3,26,2024-06-29
364,18.066666666666666,0.12693000000000002,933.9267351073272,0.9505389281293269,0.9510904304967054,25.810460297593472,0.0,uncoordinated+L3,26,2024-06-29
365,18.083333333333332,0.12693000000000002,933.9267351073272,0.9510636775175241,0.9510636775175241,0.0,0.0,uncoordinated+L3,26,2024-06-29
366,18.1,0.12693000000000002,933.9267351073272,0.9516043838047072,0.9516043838047072,0.0,0.0,uncoordinated+L3,26,2024-06-29
367,18.116666666666667,0.12693000000000002,933.9267351073272,0.9495820917320117,0.9511375773960895,70.379710880063,0.0,uncoordinated+L3,26,2024-06-29
368,18.133333333333333,0.12693000000000002,933.9267351073272,0.9517063264769724,0.9517063264769724,0.0,0.0,uncoordinated+L3,26,2024-06-29
369,18.15,0.12693000000000002,933.9267351073272,0.9511963228269341,0.9511963228269341,0.0,0.0,uncoordinated+L3,26,2024-06-29
370,18.166666666666668,0.12693000000000002,933.9267351073272,0.9499268585264596,0.9512083190994908,60.078989645310934,0.0,uncoordinated+L3,26,2024-06-29
371,18.183333333333334,0.12693000000000002,933.9267351073272,0.9516048139275196,0.9516048139275196,0.0,0.0,uncoordinated+L3,26,2024-06-29
372,18.2,0.12693000000000002,933.9267351073272,0.9509454626973911,0.9510122285021595,3.15594871016053,0.0,uncoordinated+L3,26,2024-06-29
373,18.21666666666667,0.12693000000000002,933.9267351073272,0.9522371872867894,0.9522371872867894,0.0,0.0,uncoordinated+L3,26,2024-06-29
374,18.233333333333334,0.12693000000000002,933.9267351073266,0.9501145789545385,0.9511759908245856,49.94354665367194,0.0,uncoordinated+L3,26,2024-06-29
375,18.25,0.12693000000000002,1012.5420278018366,0.9477382422333049,0.9511504912143142,121.46257689477937,0.0,uncoordinated+L3,26,2024-06-29
376,18.266666666666666,0.12693000000000002,1012.5420278018366,0.9472281493228931,0.9511544760265846,133.5581077604392,0.0,uncoordinated+L3,26,2024-06-29
377,18.28333333333333,0.12693000000000002,1012.5420278018366,0.948026947317001,0.9510704235942776,111.58775269769649,0.0,uncoordinated+L3,26,2024-06-29
378,18.3,0.12693000000000002,1012.5420278018366,0.9489912445107874,0.9511111806093607,88.94684651327597,0.0,uncoordinated+L3,26,2024-06-29
379,18.316666666666666,0.12693000000000002,1012.5420278018366,0.94806407224008,0.9510722795145259,110.77630730737616,0.0,uncoordinated+L3,26,2024-06-29
380,18.333333333333332,0.12693000000000002,1012.5420278018366,0.9479284756089857,0.9510654380240902,113.72288399535014,0.0,uncoordinated+L3,26,2024-06-29
381,18.35,0.12693000000000002,1012.5420278018366,0.9471964527340833,0.9510266304354219,128.95617641888686,0.0,uncoordinated+L3,26,2024-06-29
382,18.366666666666667,0.12693000000000002,1012.5420278018366,0.9507337204359007,0.9510598316570795,15.46022533026281,0.0,uncoordinated+L3,26,2024-06-29
383,18.383333333333333,0.12693000000000002,1012.5420278018366,0.9499032181337633,0.9512062946471688,61.22944140824025,0.0,uncoordinated+L3,26,2024-06-29
384,18.4,0.12693000000000002,1012.5420278018366,0.9494284462942094,0.9511262568425224,76.38006418962239,0.0,uncoordinated+L3,26,2024-06-29
385,18.416666666666668,0.12693000000000002,1012.5420278018366,0.9500947762836343,0.9511914133579747,51.9197081502694,0.0,uncoordinated+L3,26,2024-06-29
386,18.433333333333334,0.12693000000000002,1012.5420278018366,0.9493831422978868,0.9510961112129662,76.11125089626303,0.0,uncoordinated+L3,26,2024-06-29
387,18.45,0.12693000000000002,1012.5420278018366,0.9491841031514272,0.9510642201419702,82.08928913476421,0.0,uncoordinated+L3,26,2024-06-29
388,18.46666666666667,0.12693000000000002,1012.5420278018366,0.9475231360531983,0.9510007709383205,122.20475591466725,0.0,uncoordinated+L3,26,2024-06-29
389,18.483333333333334,0.12693000000000002,1012.5420278018348,0.9483752987873001,0.9510152712068676,101.92507218108165,0.0,uncoordinated+L3,26,2024-06-29
390,18.5,0.12693000000000002,1060.3991388761954,0.9492344165328709,0.9510648916574406,80.08808687817357,0.0,uncoordinated+L3,26,2024-06-29
391,18.516666666666666,0.12693000000000002,1060.3991388761954,0.9515894964217816,0.9515894964217816,0.0,0.0,uncoordinated+L3,26,2024-06-29
392,18.53333333333333,0.12693000000000002,1060.3991388761954,0.9477026412825827,0.9510007706247011,118.08063481274041,0.0,uncoordinated+L3,26,2024-06-29
393,18.55,0.12693000000000002,1060.3991388761954,0.9488525365517978,0.9510593250138095,91.88022574515773,0.0,uncoordinated+L3,26,2024-06-29
394,18.566666666666666,0.12693000000000002,1060.3991388761954,0.9495877910521575,0.9511687764949178,72.81294973559686,0.0,uncoordinated+L3,26,2024-06-29
395,18.583333333333332,0.12693000000000002,1060.3991388761954,0.945778914084391,0.9510016044923392,163.04083401601284,0.0,uncoordinated+L3,26,2024-06-29
396,18.6,0.12693000000000002,1060.3991388761954,0.9487504114744565,0.9510120656117966,92.63538847998625,0.0,uncoordinated+L3,26,2024-06-29
397,18.616666666666667,0.12693000000000002,1060.3991388761954,0.9470615742661088,0.9510032794022951,134.03121671631783,0.0,uncoordinated+L3,26,2024-06-29
398,18.633333333333333,0.12693000000000002,1060.3991388761954,0.9495911960335157,0.9511376866204019,70.46890153710275,0.0,uncoordinated+L3,26,2024-06-29
399,18.65,0.12693000000000002,1060.3991388761954,0.9503211724134341,0.9511458766530325,39.53847839516268,0.0,uncoordinated+L3,26,2024-06-29
400,18.666666666666668,0.12693000000000002,1060.3991388761954,0.9488659969742799,0.9510393938969802,91.69744940583956,0.0,uncoordinated+L3,26,2024-06-29
401,18.683333333333334,0.12693000000000002,1060.3991388761954,0.949863442343255,0.9512063511892491,63.73410890874201,0.0,uncoordinated+L3,26,2024-06-29
402,18.7,0.12693000000000002,1060.3991388761954,0.9481371858260943,0.9510005185332695,109.62361082476282,0.0,uncoordinated+L3,26,2024-06-29
403,18.71666666666667,0.12693000000000002,1060.3991388761954,0.9507182974517667,0.9510629831793704,16.57988161517121,0.0,uncoordinated+L3,26,2024-06-29
404,18.733333333333334,0.12693000000000002,1060.3991388761942,0.9494647641772789,0.9511489591580624,76.86089967895873,0.0,uncoordinated+L3,26,2024-06-29
405,18.75,0.12693000000000002,1069.2967745228939,0.9468240581757509,0.9510061612967162,143.10749354607495,0.0,uncoordinated+L3,26,2024-06-29
406,18.766666666666666,0.12693000000000002,1069.2967745228939,0.9486574298772372,0.9511038012110179,102.14084513497988,0.0,uncoordinated+L3,26,2024-06-29
407,18.78333333333333,0.12693000000000002,1069.2967745228939,0.9492334734960737,0.9511451007119146,86.45160136319825,0.0,uncoordinated+L3,26,2024-06-29
408,18.8,0.12693000000000002,1069.2967745228939,0.9461255415911745,0.9510001393323221,158.5839835802604,0.0,uncoordinated+L3,26,2024-06-29
409,18.816666666666666,0.12693000000000002,1069.2967745228939,0.9480949823018429,0.9510066512772348,112.32202336208033,0.0,uncoordinated+L3,26,2024-06-29
410,18.833333333333332,0.12693000000000002,1069.2967745228939,0.9475462367881304,0.951002259990111,126.38034793978312,0.0,uncoordinated+L3,26,2024-06-29
411,18.85,0.12693000000000002,1069.2967745228939,0.9453096607365449,0.95100100054624,177.10434352842742,0.0,uncoordinated+L3,26,2024-06-29
412,18.866666666666667,0.12693000000000002,1069.2967745228939,0.9484259565533241,0.9510293721472094,105.21642979456749,0.0,uncoordinated+L3,26,2024-06-29
413,18.883333333333333,0.12693000000000002,1069.2967745228939,0.949412705786882,0.9511508141279998,79.47277356619833,0.0,uncoordinated+L3,26,2024-06-29
414,18.9,0.12693000000000002,1069.2967745228939,0.9465469268320168,0.9510018725340422,150.31202691688037,0.0,uncoordinated+L3,26,2024-06-29
415,18.916666666666668,0.12693000000000002,1069.2967745228939,0.9462994819793051,0.9510120852818402,155.31833398199572,0.0,uncoordinated+L3,26,2024-06-29
416,18.933333333333334,0.12693000000000002,1069.2967745228939,0.9458119945656613,0.9510110740439363,165.92761099183753,0.0,uncoordinated+L3,26,2024-06-29
417,18.95,0.12693000000000002,1069.2967745228939,0.9480543007301918,0.9510084889348795,113.63887388443115,0.0,uncoordinated+L3,26,2024-06-29
418,18.96666666666667,0.12693000000000002,1069.2967745228939,0.947400731107714,0.9510110483318966,130.4221651759635,0.0,uncoordinated+L3,26,2024-06-29
419,18.983333333333334,0.12693000000000002,1069.2967745228937,0.9489710193299956,0.9510588468375957,90.19487804183464,0.0,uncoordinated+L3,26,2024-06-29
420,19.0,0.139,1136.220947783927,0.9506961606044148,0.9510598240661825,17.529470805757285,0.0,uncoordinated+L3,26,2024-06-29
421,19.016666666666666,0.139,1136.220947783927,0.950121974185222,0.9511721205547391,50.6226615072909,0.0,uncoordinated+L3,26,2024-06-29
422,19.03333333333333,0.139,1136.220947783927,0.9506517452911271,0.9510685459055438,20.09090597392928,0.0,uncoordinated+L3,26,2024-06-29
423,19.05,0.139,1136.220947783927,0.952463270976656,0.952463270976656,0.0,0.0,uncoordinated+L3,26,2024-06-29
424,19.066666666666666,0.139,1136.220947783927,0.950648063439513,0.9510641800478851,19.994438349143973,0.0,uncoordinated+L3,26,2024-06-29
425,19.083333333333332,0.139,1136.220947783927,0.9513436992717722,0.9513436992717722,0.0,0.0,uncoordinated+L3,26,2024-06-29
426,19.1,0.139,1136.220947783927,0.9498450275771589,0.9511608104282961,62.12999629696492,0.0,uncoordinated+L3,26,2024-06-29
427,19.116666666666667,0.139,1136.220947783927,0.9511508967307876,0.9511508967307876,0.0,0.0,uncoordinated+L3,26,2024-06-29
428,19.133333333333333,0.139,1136.220947783927,0.9481766175454852,0.9510171234813695,110.1907643614515,0.0,uncoordinated+L3,26,2024-06-29
429,19.15,0.139,1136.220947783927,0.9495767211406871,0.9511317967733026,71.42521672667165,0.0,uncoordinated+L3,26,2024-06-29
430,19.166666666666668,0.139,1136.220947783927,0.950041209720938,0.9511579260963984,53.64103443091377,0.0,uncoordinated+L3,26,2024-06-29
431,19.183333333333334,0.139,1136.220947783927,0.9496797965688355,0.9511221897776893,66.37247630702144,0.0,uncoordinated+L3,26,2024-06-29
432,19.2,0.139,1136.220947783927,0.9507736067593175,0.9510375087801451,12.675927126393306,0.0,uncoordinated+L3,26,2024-06-29
433,19.21666666666667,0.139,1136.220947783927,0.950900913652862,0.9510164332779989,5.548680218666616,0.0,uncoordinated+L3,26,2024-06-29
434,19.233333333333334,0.139,1136.2209477839244,0.9505129871394821,0.9510805206413553,27.260559392165035,0.0,uncoordinated+L3,26,2024-06-29
435,19.25,0.139,1219.786769185927,0.9407228673530362,0.9510485698374173,247.24638147426435,0.0,uncoordinated+L3,26,2024-06-29
436,19.266666666666666,0.139,1219.786769185927,0.9386692300238836,0.9510289004513615,275.42359840709855,0.0,uncoordinated+L3,26,2024-06-29
437,19.28333333333333,0.139,1219.786769185927,0.9422215935479946,0.9510585869924288,225.26593847463943,0.0,uncoordinated+L3,26,2024-06-29
438,19.3,0.139,1219.786769185927,0.9401058139138064,0.9510432801423031,255.91192866144624,0.0,uncoordinated+L3,26,2024-06-29
439,19.316666666666666,0.139,1219.786769185927,0.9401446375305988,0.9510436302383743,255.37231560180493,0.0,uncoordinated+L3,26,2024-06-29
440,19.333333333333332,0.139,1219.786769185927,0.9411115974069154,0.9510515804907852,241.68218967048193,0.0,uncoordinated+L3,26,2024-06-29
441,19.35,0.139,1219.786769185927,0.9384343315769215,0.9513816528098449,275.6650804135241,0.0,uncoordinated+L3,26,2024-06-29
442,19.366666666666667,0.139,1219.786769185927,0.9417252442862143,0.9510187215808805,217.78652819549353,0.0,uncoordinated+L3,26,2024-06-29
443,19.383333333333333,0.139,1219.786769185927,0.9414050646208049,0.9510143624254889,221.78738852177813,0.0,uncoordinated+L3,26,2024-06-29
444,19.4,0.139,1219.786769185927,0.9401413440844721,0.9516144342312008,249.9564455780492,0.0,uncoordinated+L3,26,2024-06-29
445,19.416666666666668,0.139,1219.786769185927,0.9420848008838678,0.951149397142997,207.56459568779871,0.0,uncoordinated+L3,26,2024-06-29
446,19.433333333333334,0.139,1219.786769185927,0.9414685781971207,0.95129314584055,221.30149397631598,0.0,uncoordinated+L3,26,2024-06-29
447,19.45,0.139,1219.786769185927,0.9406661663132508,0.9514865197561135,239.15594590056344,0.0,uncoordinated+L3,26,2024-06-29
448,19.46666666666667,0.139,1219.786769185927,0.941069666104811,0.9513884832989888,230.18200503724256,0.0,uncoordinated+L3,26,2024-06-29
449,19.483333333333334,0.139,1219.7867691859265,0.9429466219321095,0.95133896206909,195.42529815459162,0.0,uncoordinated+L3,26,2024-06-29
450,19.5,0.139,1193.57719709758,0.9496843797774096,0.9511548625978342,69.23903676163758,0.0,uncoordinated+L3,26,2024-06-29
451,19.516666666666666,0.139,1193.57719709758,0.9485717055161813,0.9510011629921935,99.56386891317072,0.0,uncoordinated+L3,26,2024-06-29
452,19.53333333333333,0.139,1193.57719709758,0.9500368159016049,0.9511833297218669,56.10010600848874,0.0,uncoordinated+L3,26,2024-06-29
453,19.55,0.139,1193.57719709758,0.9514887639245504,0.9514887639245504,0.0,0.0,uncoordinated+L3,26,2024-06-29
454,19.566666666666666,0.139,1193.57719709758,0.949523475809907,0.9511329423624261,74.26422479844878,0.0,uncoordinated+L3,26,2024-06-29
455,19.583333333333332,0.139,1193.57719709758,0.9500470618878102,0.9511813932751695,55.503947016771974,0.0,uncoordinated+L3,26,2024-06-29
456,19.6,0.139,1193.57719709758,0.9498952406325865,0.9511800744054217,62.08803314536342,0.0,uncoordinated+L3,26,2024-06-29
457,19.616666666666667,0.139,1193.57719709758,0.9501403712644374,0.9511655325893926,50.26752494609486,0.0,uncoordinated+L3,26,2024-06-29
458,19.633333333333333,0.139,1193.57719709758,0.9501977956275958,0.951158789786048,47.279664308773505,0.0,uncoordinated+L3,26,2024-06-29
459,19.65,0.139,1193.57719709758,0.9509871414915131,0.9510025852282474,0.7613172464971376,0.0,uncoordinated+L3,26,2024-06-29
460,19.666666666666668,0.139,1193.57719709758,0.9520038367484679,0.9520038367484679,0.0,0.0,uncoordinated+L3,26,2024-06-29
461,19.683333333333334,0.139,1193.57719709758,0.9508148210410868,0.9510371844392068,10.961909971978466,0.0,uncoordinated+L3,26,2024-06-29
462,19.7,0.139,1193.57719709758,0.9517837863061572,0.9517837863061572,0.0,0.0,uncoordinated+L3,26,2024-06-29
463,19.71666666666667,0.139,1193.57719709758,0.9500466241917694,0.9511941605841185,56.814315489368326,0.0,uncoordinated+L3,26,2024-06-29
464,19.733333333333334,0.139,1193.5771970975784,0.9495047273596712,0.9511475878299842,76.62578304194821,0.0,uncoordinated+L3,26,2024-06-29
465,19.75,0.139,1238.9947614050088,0.9530909018980666,0.9530909018980666,0.0,0.0,uncoordinated+L3,26,2024-06-29
466,19.766666666666666,0.139,1238.9947614050088,0.9558237160123382,0.9558237160123382,0.0,0.0,uncoordinated+L3,26,2024-06-29
467,19.78333333333333,0.139,1238.9947614050088,0.9557158608976738,0.9557158608976738,0.0,0.0,uncoordinated+L3,26,2024-06-29
468,19.8,0.139,1238.9947614050088,0.9529773733175434,0.9529773733175434,0.0,0.0,uncoordinated+L3,26,2024-06-29
469,19.816666666666666,0.139,1238.9947614050088,0.952521482410736,0.952521482410736,0.0,0.0,uncoordinated+L3,26,2024-06-29
470,19.833333333333332,0.139,1238.9947614050088,0.9549570139350453,0.9549570139350453,0.0,0.0,uncoordinated+L3,26,2024-06-29
471,19.85,0.139,1238.9947614050088,0.954282072146741,0.954282072146741,0.0,0.0,uncoordinated+L3,26,2024-06-29
472,19.866666666666667,0.139,1238.9947614050088,0.9527074069606829,0.9527074069606829,0.0,0.0,uncoordinated+L3,26,2024-06-29
473,19.883333333333333,0.139,1238.9947614050088,0.9530598533661931,0.9530598533661931,0.0,0.0,uncoordinated+L3,26,2024-06-29
474,19.9,0.139,1238.9947614050088,0.9537947501452706,0.9537947501452706,0.0,0.0,uncoordinated+L3,26,2024-06-29
475,19.916666666666668,0.139,1238.9947614050088,0.9560922045343141,0.9560922045343141,0.0,0.0,uncoordinated+L3,26,2024-06-29
476,19.933333333333334,0.139,1238.9947614050088,0.9545441842337952,0.9545441842337952,0.0,0.0,uncoordinated+L3,26,2024-06-29
477,19.95,0.139,1238.9947614050088,0.9541892099526009,0.9541892099526009,0.0,0.0,uncoordinated+L3,26,2024-06-29
478,19.96666666666667,0.139,1238.9947614050088,0.9556133721602785,0.9556133721602785,0.0,0.0,uncoordinated+L3,26,2024-06-29
479,19.983333333333334,0.139,1238.994761405006,0.9562466813928662,0.9562466813928662,0.0,0.0,uncoordinated+L3,26,2024-06-29
480,20.0,0.1135,1182.2821995720876,0.9520174372382175,0.9520174372382175,0.0,0.0,uncoordinated+L3,26,2024-06-29
481,20.016666666666666,0.1135,1182.2821995720876,0.9519750020935911,0.9519750020935911,0.0,0.0,uncoordinated+L3,26,2024-06-29
482,20.03333333333333,0.1135,1182.2821995720876,0.9509078315603043,0.9510164972851642,5.381719760465836,0.0,uncoordinated+L3,26,2024-06-29
483,20.05,0.1135,1182.2821995720876,0.9524116111477349,0.9524116111477349,0.0,0.0,uncoordinated+L3,26,2024-06-29
484,20.066666666666666,0.1135,1182.2821995720876,0.9499760326408339,0.95117132291906,58.98252120505115,0.0,uncoordinated+L3,26,2024-06-29
485,20.083333333333336,0.1135,1182.2821995720876,0.9507231158155889,0.9510482560833179,16.093553211200437,0.0,uncoordinated+L3,26,2024-06-29
486,20.1,0.1135,1182.2821995720876,0.9509997589626606,0.9510000420966471,0.01401408826264669,0.0,uncoordinated+L3,26,2024-06-29
487,20.116666666666667,0.1135,1182.2821995720876,0.9509484845693431,0.9510089930816374,2.9949466866234875,0.0,uncoordinated+L3,26,2024-06-29
488,20.133333333333333,0.1135,1182.2821995720876,0.9521351678750466,0.9521351678750466,0.0,0.0,uncoordinated+L3,26,2024-06-29
489,20.15,0.1135,1182.2821995720876,0.953007903658101,0.953007903658101,0.0,0.0,uncoordinated+L3,26,2024-06-29
490,20.166666666666664,0.1135,1182.2821995720876,0.9517477639435966,0.9517477639435966,0.0,0.0,uncoordinated+L3,26,2024-06-29
491,20.183333333333334,0.1135,1182.2821995720876,0.9503770303014676,0.9510975173009022,35.56719771206098,0.0,uncoordinated+L3,26,2024-06-29
492,20.2,0.1135,1182.2821995720876,0.9516833972647554,0.9516833972647554,0.0,0.0,uncoordinated+L3,26,2024-06-29
493,20.21666666666667,0.1135,1182.2821995720876,0.9505701881572055,0.9510672523557122,24.60836084708128,0.0,uncoordinated+L3,26,2024-06-29
494,20.233333333333334,0.1135,1182.2821995720822,0.9497725633772687,0.9511333528950537,65.20672457815824,0.0,uncoordinated+L3,26,2024-06-29
495,20.25,0.1135,1279.1638421983876,0.9479438634262026,0.9510118625593097,115.40807081881057,0.0,uncoordinated+L3,26,2024-06-29
496,20.266666666666666,0.1135,1279.1638421983876,0.9489220075602324,0.9510431577042225,90.56924899068481,0.0,uncoordinated+L3,26,2024-06-29
497,20.28333333333333,0.1135,1279.1638421983876,0.9488892894245506,0.951039213368227,91.38277359794978,0.0,uncoordinated+L3,26,2024-06-29
498,20.3,0.1135,1279.1638421983876,0.9483444799945504,0.9510040738973115,105.24897240068927,0.0,uncoordinated+L3,26,2024-06-29
499,20.316666666666666,0.1135,1279.1638421983876,0.9481996515315267,0.951006104863697,109.31419878213472,0.0,uncoordinated+L3,26,2024-06-29
500,20.333333333333336,0.1135,1279.1638421983876,0.9477560819973634,0.9510130483949811,120.63401541846916,0.0,uncoordinated+L3,26,2024-06-29
501,20.35,0.1135,1279.1638421983876,0.9497886237181888,0.9511504227879092,65.93444349915589,0.0,uncoordinated+L3,26,2024-06-29
502,20.366666666666667,0.1135,1279.1638421983876,0.9477526379767189,0.9510120005054905,121.24430894565309,0.0,uncoordinated+L3,26,2024-06-29
503,20.383333333333333,0.1135,1279.1638421983876,0.948032267871346,0.9510078625386277,114.2098871569926,0.0,uncoordinated+L3,26,2024-06-29
504,20.4,0.1135,1279.1638421983876,0.9474664655440312,0.9510151018911003,127.90793343422102,0.0,uncoordinated+L3,26,2024-06-29
505,20.416666666666664,0.1135,1279.1638421983876,0.9495637444128993,0.9511235432130981,73.29175901945246,0.0,uncoordinated+L3,26,2024-06-29
506,20.433333333333334,0.1135,1279.1638421983876,0.9487286706663071,0.9510265136756766,96.09030447817281,0.0,uncoordinated+L3,26,2024-06-29
507,20.45,0.1135,1279.1638421983876,0.9481777660588884,0.9510053061243076,110.27344499544552,0.0,uncoordinated+L3,26,2024-06-29
508,20.46666666666667,0.1135,1279.1638421983876,0.9477862540838616,0.9510112452728848,120.2951205485454,0.0,uncoordinated+L3,26,2024-06-29
509,20.483333333333334,0.1135,1279.1638421983832,0.9481591219119196,0.9510056195187803,110.7698524530118,0.0,uncoordinated+L3,26,2024-06-29
510,20.5,0.1135,1210.9099165616542,0.9469323726419355,0.9510129862134674,133.8032205368268,0.0,uncoordinated+L3,26,2024-06-29
511,20.516666666666666,0.1135,1210.9099165616542,0.9471681434526041,0.951009035534236,125.73921241225106,0.0,uncoordinated+L3,26,2024-06-29
512,20.53333333333333,0.1135,1210.9099165616542,0.9464539123070179,0.9510035911821719,137.05586988775318,0.0,uncoordinated+L3,26,2024-06-29
513,20.55,0.1135,1210.9099165616542,0.9470745383436627,0.9510081256307722,127.21121209902272,0.0,uncoordinated+L3,26,2024-06-29
514,20.566666666666666,0.1135,1210.9099165616542,0.945210248369714,0.9512649414048171,166.01964904605143,0.0,uncoordinated+L3,26,2024-06-29
515,20.583333333333336,0.1135,1210.9099165616542,0.9469278376443485,0.9510073972741936,129.67507456513195,0.0,uncoordinated+L3,26,2024-06-29
516,20.6,0.1135,1210.9099165616542,0.9483729767391537,0.9510038534747438,100.68009279636586,0.0,uncoordinated+L3,26,2024-06-29
517,20.616666666666667,0.1135,1210.9099165616542,0.946262247757955,0.9510011652265304,140.15981671364045,0.0,uncoordinated+L3,26,2024-06-29
518,20.633333333333333,0.1135,1210.9099165616542,0.9478791555495389,0.9510075489098337,112.17505018652449,0.0,uncoordinated+L3,26,2024-06-29
519,20.65,0.1135,1210.9099165616542,0.9479447402352438,0.9510064746496906,111.66171685477255,0.0,uncoordinated+L3,26,2024-06-29
520,20.666666666666664,0.1135,1210.9099165616542,0.9463164560734277,0.9510016309728122,140.53341099143228,0.0,uncoordinated+L3,26,2024-06-29
521,20.683333333333334,0.1135,1210.9099165616542,0.9485048074230364,0.9510009859467041,98.42057191785136,0.0,uncoordinated+L3,26,2024-06-29
522,20.7,0.1135,1210.9099165616542,0.9467142805699655,0.9510053441934391,134.52570837804782,0.0,uncoordinated+L3,26,2024-06-29
523,20.71666666666667,0.1135,1210.9099165616542,0.9463322479267201,0.9510018056801165,140.3054782796227,0.0,uncoordinated+L3,26,2024-06-29
524,20.733333333333334,0.1135,1210.9099165616535,0.9478409285338087,0.9510067324657537,114.17144917310834,0.0,uncoordinated+L3,26,2024-06-29
525,20.75,0.1135,1146.1539400839024,0.9589693781481833,0.9589693781481833,0.0,0.0,uncoordinated+L3,26,2024-06-29
526,20.766666666666666,0.1135,1146.1539400839024,0.9598093460879086,0.9598093460879086,0.0,0.0,uncoordinated+L3,26,2024-06-29
527,20.78333333333333,0.1135,1146.1539400839024,0.9596554285348745,0.9596554285348745,0.0,0.0,uncoordinated+L3,26,2024-06-29
528,20.8,0.1135,1146.1539400839024,0.9577168226994852,0.9577168226994852,0.0,0.0,uncoordinated+L3,26,2024-06-29
529,20.816666666666666,0.1135,1146.1539400839024,0.9573317724651214,0.9573317724651214,0.0,0.0,uncoordinated+L3,26,2024-06-29
530,20.833333333333336,0.1135,1146.1539400839024,0.958192524536345,0.958192524536345,0.0,0.0,uncoordinated+L3,26,2024-06-29
531,20.85,0.1135,1146.1539400839024,0.9594723658050232,0.9594723658050232,0.0,0.0,uncoordinated+L3,26,2024-06-29
532,20.866666666666667,0.1135,1146.1539400839024,0.9596558982939711,0.9596558982939711,0.0,0.0,uncoordinated+L3,26,2024-06-29
533,20.883333333333333,0.1135,1146.1539400839024,0.9587468405028191,0.9587468405028191,0.0,0.0,uncoordinated+L3,26,2024-06-29
534,20.9,0.1135,1146.1539400839024,0.9599645263713792,0.9599645263713792,0.0,0.0,uncoordinated+L3,26,2024-06-29
535,20.916666666666664,0.1135,1146.1539400839024,0.9594658029928352,0.9594658029928352,0.0,0.0,uncoordinated+L3,26,2024-06-29
536,20.933333333333334,0.1135,1146.1539400839024,0.958227445660052,0.958227445660052,0.0,0.0,uncoordinated+L3,26,2024-06-29
537,20.95,0.1135,1146.1539400839024,0.9573746162566481,0.9573746162566481,0.0,0.0,uncoordinated+L3,26,2024-06-29
538,20.96666666666667,0.1135,1146.1539400839024,0.9590297578895637,0.9590297578895637,0.0,0.0,uncoordinated+L3,26,2024-06-29
539,20.983333333333334,0.1135,1146.1539400839001,0.9582794863174997,0.9582794863174997,0.0,0.0,uncoordinated+L3,26,2024-06-29
540,21.0,0.1001,1180.0120556059846,0.9573588788586849,0.9573588788586849,0.0,0.0,uncoordinated+L3,26,2024-06-29
541,21.016666666666666,0.1001,1180.0120556059846,0.9566129555525219,0.9566129555525219,0.0,0.0,uncoordinated+L3,26,2024-06-29
542,21.03333333333333,0.1001,1180.0120556059846,0.9566043789368021,0.9566043789368021,0.0,0.0,uncoordinated+L3,26,2024-06-29
543,21.05,0.1001,1180.0120556059846,0.9574904205810649,0.9574904205810649,0.0,0.0,uncoordinated+L3,26,2024-06-29
544,21.066666666666666,0.1001,1180.0120556059846,0.9575065231028047,0.9575065231028047,0.0,0.0,uncoordinated+L3,26,2024-06-29
545,21.083333333333336,0.1001,1180.0120556059846,0.9557512267836074,0.9557512267836074,0.0,0.0,uncoordinated+L3,26,2024-06-29
546,21.1,0.1001,1180.0120556059846,0.9571860082659601,0.9571860082659601,0.0,0.0,uncoordinated+L3,26,2024-06-29
547,21.116666666666667,0.1001,1180.0120556059846,0.957655160272666,0.957655160272666,0.0,0.0,uncoordinated+L3,26,2024-06-29
548,21.133333333333333,0.1001,1180.0120556059846,0.9583843529171716,0.9583843529171716,0.0,0.0,uncoordinated+L3,26,2024-06-29
549,21.15,0.1001,1180.0120556059846,0.9561036403694938,0.9561036403694938,0.0,0.0,uncoordinated+L3,26,2024-06-29
550,21.166666666666664,0.1001,1180.0120556059846,0.9568689700966185,0.9568689700966185,0.0,0.0,uncoordinated+L3,26,2024-06-29
551,21.183333333333334,0.1001,1180.0120556059846,0.9573484451037297,0.9573484451037297,0.0,0.0,uncoordinated+L3,26,2024-06-29
552,21.2,0.1001,1180.0120556059846,0.9567859595674195,0.9567859595674195,0.0,0.0,uncoordinated+L3,26,2024-06-29
553,21.21666666666667,0.1001,1180.0120556059846,0.9571131998646845,0.9571131998646845,0.0,0.0,uncoordinated+L3,26,2024-06-29
554,21.233333333333334,0.1001,1180.012055605982,0.9570820788202555,0.9570820788202555,0.0,0.0,uncoordinated+L3,26,2024-06-29
555,21.25,0.1001,1136.244797518369,0.9662292149740936,0.9662292149740936,0.0,0.0,uncoordinated+L3,26,2024-06-29
556,21.266666666666666,0.1001,1136.244797518369,0.9652680187127837,0.9652680187127837,0.0,0.0,uncoordinated+L3,26,2024-06-29
557,21.28333333333333,0.1001,1136.244797518369,0.9652621795419964,0.9652621795419964,0.0,0.0,uncoordinated+L3,26,2024-06-29
558,21.3,0.1001,1136.244797518369,0.9658711760735907,0.9658711760735907,0.0,0.0,uncoordinated+L3,26,2024-06-29
559,21.316666666666666,0.1001,1136.244797518369,0.9652032031833575,0.9652032031833575,0.0,0.0,uncoordinated+L3,26,2024-06-29
560,21.333333333333336,0.1001,1136.244797518369,0.9657868616686598,0.9657868616686598,0.0,0.0,uncoordinated+L3,26,2024-06-29
561,21.35,0.1001,1136.244797518369,0.9654245459864347,0.9654245459864347,0.0,0.0,uncoordinated+L3,26,2024-06-29
562,21.366666666666667,0.1001,1136.244797518369,0.9654891585299685,0.9654891585299685,0.0,0.0,uncoordinated+L3,26,2024-06-29
563,21.383333333333333,0.1001,1136.244797518369,0.9664128783724192,0.9664128783724192,0.0,0.0,uncoordinated+L3,26,2024-06-29
564,21.4,0.1001,1136.244797518369,0.9657953853682189,0.9657953853682189,0.0,0.0,uncoordinated+L3,26,2024-06-29
565,21.416666666666664,0.1001,1136.244797518369,0.9647704335734671,0.9647704335734671,0.0,0.0,uncoordinated+L3,26,2024-06-29
566,21.433333333333334,0.1001,1136.244797518369,0.9675595638168798,0.9675595638168798,0.0,0.0,uncoordinated+L3,26,2024-06-29
567,21.45,0.1001,1136.244797518369,0.9670199422837573,0.9670199422837573,0.0,0.0,uncoordinated+L3,26,2024-06-29
568,21.46666666666667,0.1001,1136.244797518369,0.9643100538094049,0.9643100538094049,0.0,0.0,uncoordinated+L3,26,2024-06-29
569,21.483333333333334,0.1001,1136.2447975183632,0.964700183778691,0.964700183778691,0.0,0.0,uncoordinated+L3,26,2024-06-29
570,21.5,0.1001,1119.0083196447226,0.9628643234284455,0.9628643234284455,0.0,0.0,uncoordinated+L3,26,2024-06-29
571,21.516666666666666,0.1001,1119.0083196447226,0.9621292732112163,0.9621292732112163,0.0,0.0,uncoordinated+L3,26,2024-06-29
572,21.53333333333333,0.1001,1119.0083196447226,0.9628823064737003,0.9628823064737003,0.0,0.0,uncoordinated+L3,26,2024-06-29
573,21.55,0.1001,1119.0083196447226,0.9619673932905779,0.9619673932905779,0.0,0.0,uncoordinated+L3,26,2024-06-29
574,21.566666666666666,0.1001,1119.0083196447226,0.9632765914412442,0.9632765914412442,0.0,0.0,uncoordinated+L3,26,2024-06-29
575,21.583333333333336,0.1001,1119.0083196447226,0.9635191421740712,0.9635191421740712,0.0,0.0,uncoordinated+L3,26,2024-06-29
576,21.6,0.1001,1119.0083196447226,0.9646948149632503,0.9646948149632503,0.0,0.0,uncoordinated+L3,26,2024-06-29
577,21.616666666666667,0.1001,1119.0083196447226,0.9633229532958736,0.9633229532958736,0.0,0.0,uncoordinated+L3,26,2024-06-29
578,21.633333333333333,0.1001,1119.0083196447226,0.9627131334046714,0.9627131334046714,0.0,0.0,uncoordinated+L3,26,2024-06-29
579,21.65,0.1001,1119.0083196447226,0.9641022778681222,0.9641022778681222,0.0,0.0,uncoordinated+L3,26,2024-06-29
580,21.666666666666664,0.1001,1119.0083196447226,0.9641463590091356,0.9641463590091356,0.0,0.0,uncoordinated+L3,26,2024-06-29
581,21.683333333333334,0.1001,1119.0083196447226,0.9633928735558703,0.9633928735558703,0.0,0.0,uncoordinated+L3,26,2024-06-29
582,21.7,0.1001,1119.0083196447226,0.9633519644804244,0.9633519644804244,0.0,0.0,uncoordinated+L3,26,2024-06-29
583,21.71666666666667,0.1001,1119.0083196447226,0.9634304188811516,0.9634304188811516,0.0,0.0,uncoordinated+L3,26,2024-06-29
584,21.733333333333334,0.1001,1119.008319644717,0.9622857061877036,0.9622857061877036,0.0,0.0,uncoordinated+L3,26,2024-06-29
585,21.75,0.1001,1065.2021796142453,0.9597110553315993,0.9597110553315993,0.0,0.0,uncoordinated+L3,26,2024-06-29
586,21.766666666666666,0.1001,1065.2021796142453,0.9590216811337353,0.9590216811337353,0.0,0.0,uncoordinated+L3,26,2024-06-29
587,21.78333333333333,0.1001,1065.2021796142453,0.9608201194992662,0.9608201194992662,0.0,0.0,uncoordinated+L3,26,2024-06-29
588,21.8,0.1001,1065.2021796142453,0.9608068602366661,0.9608068602366661,0.0,0.0,uncoordinated+L3,26,2024-06-29
589,21.816666666666666,0.1001,1065.2021796142453,0.9586103238684638,0.9586103238684638,0.0,0.0,uncoordinated+L3,26,2024-06-29
590,21.833333333333336,0.1001,1065.2021796142453,0.9592660197552554,0.9592660197552554,0.0,0.0,uncoordinated+L3,26,2024-06-29
591,21.85,0.1001,1065.2021796142453,0.9605362738817369,0.9605362738817369,0.0,0.0,uncoordinated+L3,26,2024-06-29
592,21.866666666666667,0.1001,1065.2021796142453,0.9605682882455947,0.9605682882455947,0.0,0.0,uncoordinated+L3,26,2024-06-29
593,21.883333333333333,0.1001,1065.2021796142453,0.9598444255514622,0.9598444255514622,0.0,0.0,uncoordinated+L3,26,2024-06-29
594,21.9,0.1001,1065.2021796142453,0.9596718681773914,0.9596718681773914,0.0,0.0,uncoordinated+L3,26,2024-06-29
595,21.916666666666664,0.1001,1065.2021796142453,0.9592693160474687,0.9592693160474687,0.0,0.0,uncoordinated+L3,26,2024-06-29
596,21.933333333333334,0.1001,1065.2021796142453,0.959253670310505,0.959253670310505,0.0,0.0,uncoordinated+L3,26,2024-06-29
597,21.95,0.1001,1065.2021796142453,0.9593140102651756,0.9593140102651756,0.0,0.0,uncoordinated+L3,26,2024-06-29
598,21.96666666666667,0.1001,1065.2021796142453,0.9602429188855038,0.9602429188855038,0.0,0.0,uncoordinated+L3,26,2024-06-29
599,21.983333333333334,0.1001,1065.2021796142426,0.9586921165725539,0.9586921165725539,0.0,0.0,uncoordinated+L3,26,2024-06-29
600,22.0,0.09381,992.4968830844598,0.9664557319893252,0.9664557319893252,0.0,0.0,uncoordinated+L3,26,2024-06-29
601,22.016666666666666,0.09381,992.4968830844598,0.9645998527590277,0.9645998527590277,0.0,0.0,uncoordinated+L3,26,2024-06-29
602,22.03333333333333,0.09381,992.4968830844598,0.9648688349792169,0.9648688349792169,0.0,0.0,uncoordinated+L3,26,2024-06-29
603,22.05,0.09381,992.4968830844598,0.9627606399401336,0.9627606399401336,0.0,0.0,uncoordinated+L3,26,2024-06-29
604,22.066666666666666,0.09381,992.4968830844598,0.9649212868148994,0.9649212868148994,0.0,0.0,uncoordinated+L3,26,2024-06-29
605,22.083333333333336,0.09381,992.4968830844598,0.9657404060064646,0.9657404060064646,0.0,0.0,uncoordinated+L3,26,2024-06-29
606,22.1,0.09381,992.4968830844598,0.9647685071234419,0.9647685071234419,0.0,0.0,uncoordinated+L3,26,2024-06-29
607,22.116666666666667,0.09381,992.4968830844598,0.9659875987224157,0.9659875987224157,0.0,0.0,uncoordinated+L3,26,2024-06-29
608,22.133333333333333,0.09381,992.4968830844598,0.9641378671456857,0.9641378671456857,0.0,0.0,uncoordinated+L3,26,2024-06-29
609,22.15,0.09381,992.4968830844598,0.964697186524255,0.964697186524255,0.0,0.0,uncoordinated+L3,26,2024-06-29
610,22.166666666666664,0.09381,992.4968830844598,0.9641458762588117,0.9641458762588117,0.0,0.0,uncoordinated+L3,26,2024-06-29
611,22.183333333333334,0.09381,992.4968830844598,0.9674914448807553,0.9674914448807553,0.0,0.0,uncoordinated+L3,26,2024-06-29
612,22.2,0.09381,992.4968830844598,0.9656564913291138,0.9656564913291138,0.0,0.0,uncoordinated+L3,26,2024-06-29
613,22.21666666666667,0.09381,992.4968830844598,0.9653997197629308,0.9653997197629308,0.0,0.0,uncoordinated+L3,26,2024-06-29
614,22.233333333333334,0.09381,992.4968830844521,0.9651677593958626,0.9651677593958626,0.0,0.0,uncoordinated+L3,26,2024-06-29
615,22.25,0.09381,993.9445113801386,0.9637080397797337,0.9637080397797337,0.0,0.0,uncoordinated+L3,26,2024-06-29
616,22.266666666666666,0.09381,993.9445113801386,0.9634013784906219,0.9634013784906219,0.0,0.0,uncoordinated+L3,26,2024-06-29
617,22.28333333333333,0.09381,993.9445113801386,0.962993264930817,0.962993264930817,0.0,0.0,uncoordinated+L3,26,2024-06-29
618,22.3,0.09381,993.9445113801386,0.9619459343155728,0.9619459343155728,0.0,0.0,uncoordinated+L3,26,2024-06-29
619,22.316666666666666,0.09381,993.9445113801386,0.9625860297334352,0.9625860297334352,0.0,0.0,uncoordinated+L3,26,2024-06-29
620,22.333333333333336,0.09381,993.9445113801386,0.9622770146523733,0.9622770146523733,0.0,0.0,uncoordinated+L3,26,2024-06-29
621,22.35,0.09381,993.9445113801386,0.9640407765942244,0.9640407765942244,0.0,0.0,uncoordinated+L3,26,2024-06-29
622,22.366666666666667,0.09381,993.9445113801386,0.960885696707098,0.960885696707098,0.0,0.0,uncoordinated+L3,26,2024-06-29
623,22.383333333333333,0.09381,993.9445113801386,0.9633963475843436,0.9633963475843436,0.0,0.0,uncoordinated+L3,26,2024-06-29
624,22.4,0.09381,993.9445113801386,0.9626921933659002,0.9626921933659002,0.0,0.0,uncoordinated+L3,26,2024-06-29
625,22.416666666666664,0.09381,993.9445113801386,0.9625218021397227,0.9625218021397227,0.0,0.0,uncoordinated+L3,26,2024-06-29
626,22.433333333333334,0.09381,993.9445113801386,0.9616047436325491,0.9616047436325491,0.0,0.0,uncoordinated+L3,26,2024-06-29
627,22.45,0.09381,993.9445113801386,0.9621300958591935,0.9621300958591935,0.0,0.0,uncoordinated+L3,26,2024-06-29
628,22.46666666666667,0.09381,993.9445113801386,0.9620465185432382,0.9620465185432382,0.0,0.0,uncoordinated+L3,26,2024-06-29
629,22.483333333333334,0.09381,993.944511380135,0.9619409300274817,0.9619409300274817,0.0,0.0,uncoordinated+L3,26,2024-06-29
630,22.5,0.09381,919.518695177301,0.9638873737604278,0.9638873737604278,0.0,0.0,uncoordinated+L3,26,2024-06-29
631,22.516666666666666,0.09381,919.518695177301,0.9629377163271006,0.9629377163271006,0.0,0.0,uncoordinated+L3,26,2024-06-29
632,22.53333333333333,0.09381,919.518695177301,0.9622240931412429,0.9622240931412429,0.0,0.0,uncoordinated+L3,26,2024-06-29
633,22.55,0.09381,919.518695177301,0.9638089563759961,0.9638089563759961,0.0,0.0,uncoordinated+L3,26,2024-06-29
634,22.566666666666666,0.09381,919.518695177301,0.9637635733208476,0.9637635733208476,0.0,0.0,uncoordinated+L3,26,2024-06-29
635,22.583333333333336,0.09381,919.518695177301,0.9633881580150109,0.9633881580150109,0.0,0.0,uncoordinated+L3,26,2024-06-29
636,22.6,0.09381,919.518695177301,0.9626244519757963,0.9626244519757963,0.0,0.0,uncoordinated+L3,26,2024-06-29
637,22.616666666666667,0.09381,919.518695177301,0.9648060301673478,0.9648060301673478,0.0,0.0,uncoordinated+L3,26,2024-06-29
638,22.633333333333333,0.09381,912.1596204378869,0.9634127714830885,0.9634127714830885,0.0,0.0,uncoordinated+L3,26,2024-06-29
639,22.65,0.09381,912.1596204378869,0.9616637512154963,0.9616637512154963,0.0,0.0,uncoordinated+L3,26,2024-06-29
640,22.666666666666664,0.09381,912.1596204378869,0.9641706266598238,0.9641706266598238,0.0,0.0,uncoordinated+L3,26,2024-06-29
641,22.683333333333334,0.09381,912.1596204378869,0.9604307545416926,0.9604307545416926,0.0,0.0,uncoordinated+L3,26,2024-06-29
642,22.7,0.09381,912.1596204378869,0.9633148363759827,0.9633148363759827,0.0,0.0,uncoordinated+L3,26,2024-06-29
643,22.71666666666667,0.09381,912.1596204378869,0.9644520073186271,0.9644520073186271,0.0,0.0,uncoordinated+L3,26,2024-06-29
644,22.733333333333334,0.09381,912.1596204378836,0.9622678022423555,0.9622678022423555,0.0,0.0,uncoordinated+L3,26,2024-06-29
645,22.75,0.09381,888.955988073267,0.9742602154426321,0.9742602154426321,0.0,0.0,uncoordinated+L3,26,2024-06-29
646,22.766666666666666,0.09381,888.955988073267,0.9741610863859627,0.9741610863859627,0.0,0.0,uncoordinated+L3,26,2024-06-29
647,22.78333333333333,0.09381,888.955988073267,0.972646764327846,0.972646764327846,0.0,0.0,uncoordinated+L3,26,2024-06-29
648,22.8,0.09381,888.955988073267,0.9724022693678425,0.9724022693678425,0.0,0.0,uncoordinated+L3,26,2024-06-29
649,22.816666666666666,0.09381,888.955988073267,0.9736696813193922,0.9736696813193922,0.0,0.0,uncoordinated+L3,26,2024-06-29
650,22.833333333333336,0.09381,888.955988073267,0.9735718383315339,0.9735718383315339,0.0,0.0,uncoordinated+L3,26,2024-06-29
651,22.85,0.09381,888.955988073267,0.9741150302203452,0.9741150302203452,0.0,0.0,uncoordinated+L3,26,2024-06-29
652,22.866666666666667,0.09381,888.955988073267,0.9721751011998899,0.9721751011998899,0.0,0.0,uncoordinated+L3,26,2024-06-29
653,22.883333333333333,0.09381,888.955988073267,0.9721731615344262,0.9721731615344262,0.0,0.0,uncoordinated+L3,26,2024-06-29
654,22.9,0.09381,888.955988073267,0.9729291001217394,0.9729291001217394,0.0,0.0,uncoordinated+L3,26,2024-06-29
655,22.916666666666664,0.09381,888.955988073267,0.9738188400102673,0.9738188400102673,0.0,0.0,uncoordinated+L3,26,2024-06-29
656,22.933333333333334,0.09381,888.955988073267,0.9731885570446853,0.9731885570446853,0.0,0.0,uncoordinated+L3,26,2024-06-29
657,22.95,0.09381,888.955988073267,0.9745414032161108,0.9745414032161108,0.0,0.0,uncoordinated+L3,26,2024-06-29
658,22.96666666666667,0.09381,888.955988073267,0.9732005003791542,0.9732005003791542,0.0,0.0,uncoordinated+L3,26,2024-06-29
659,22.983333333333334,0.09381,888.9559880732636,0.9740510870920036,0.9740510870920036,0.0,0.0,uncoordinated+L3,26,2024-06-29
660,23.0,0.08070000000000001,768.6548513828443,0.9673889492207286,0.9673889492207286,0.0,0.0,uncoordinated+L3,26,2024-06-29
661,23.016666666666666,0.08070000000000001,768.6548513828443,0.9662431711538572,0.9662431711538572,0.0,0.0,uncoordinated+L3,26,2024-06-29
662,23.03333333333333,0.08070000000000001,768.6548513828443,0.9684462372775974,0.9684462372775974,0.0,0.0,uncoordinated+L3,26,2024-06-29
663,23.05,0.08070000000000001,768.6548513828443,0.9677374154860883,0.9677374154860883,0.0,0.0,uncoordinated+L3,26,2024-06-29
664,23.066666666666666,0.08070000000000001,768.6548513828443,0.9661288065105544,0.9661288065105544,0.0,0.0,uncoordinated+L3,26,2024-06-29
665,23.083333333333336,0.08070000000000001,768.6548513828443,0.9678152292587022,0.9678152292587022,0.0,0.0,uncoordinated+L3,26,2024-06-29
666,23.1,0.08070000000000001,768.6548513828443,0.9669970189051086,0.9669970189051086,0.0,0.0,uncoordinated+L3,26,2024-06-29
667,23.116666666666667,0.08070000000000001,768.6548513828443,0.9685877701933049,0.9685877701933049,0.0,0.0,uncoordinated+L3,26,2024-06-29
668,23.133333333333333,0.08070000000000001,768.6548513828443,0.9678666648479476,0.9678666648479476,0.0,0.0,uncoordinated+L3,26,2024-06-29
669,23.15,0.08070000000000001,768.6548513828443,0.9681419311308908,0.9681419311308908,0.0,0.0,uncoordinated+L3,26,2024-06-29
670,23.166666666666664,0.08070000000000001,768.6548513828443,0.9686777581454628,0.9686777581454628,0.0,0.0,uncoordinated+L3,26,2024-06-29
671,23.183333333333334,0.08070000000000001,768.6548513828443,0.9696102405641733,0.9696102405641733,0.0,0.0,uncoordinated+L3,26,2024-06-29
672,23.2,0.08070000000000001,768.6548513828443,0.9684515445529338,0.9684515445529338,0.0,0.0,uncoordinated+L3,26,2024-06-29
673,23.21666666666667,0.08070000000000001,768.6548513828443,0.967817841763773,0.967817841763773,0.0,0.0,uncoordinated+L3,26,2024-06-29
674,23.233333333333334,0.08070000000000001,768.6548513828411,0.9695663824026144,0.9695663824026144,0.0,0.0,uncoordinated+L3,26,2024-06-29
675,23.25,0.08070000000000001,665.7301945235242,0.9819930273508851,0.9819930273508851,0.0,0.0,uncoordinated+L3,26,2024-06-29
676,23.266666666666666,0.08070000000000001,665.7301945235242,0.9820990644893396,0.9820990644893396,0.0,0.0,uncoordinated+L3,26,2024-06-29
677,23.28333333333333,0.08070000000000001,665.7301945235242,0.9807653245082659,0.9807653245082659,0.0,0.0,uncoordinated+L3,26,2024-06-29
678,23.3,0.08070000000000001,665.7301945235242,0.982740424667173,0.982740424667173,0.0,0.0,uncoordinated+L3,26,2024-06-29
679,23.316666666666666,0.08070000000000001,665.7301945235242,0.9824617142381832,0.9824617142381832,0.0,0.0,uncoordinated+L3,26,2024-06-29
680,23.333333333333336,0.08070000000000001,665.7301945235242,0.9817963204050502,0.9817963204050502,0.0,0.0,uncoordinated+L3,26,2024-06-29
681,23.35,0.08070000000000001,665.7301945235242,0.9816220904036185,0.9816220904036185,0.0,0.0,uncoordinated+L3,26,2024-06-29
682,23.366666666666667,0.08070000000000001,665.7301945235242,0.9841649259182073,0.9841649259182073,0.0,0.0,uncoordinated+L3,26,2024-06-29
683,23.383333333333333,0.08070000000000001,665.7301945235242,0.982529653146794,0.982529653146794,0.0,0.0,uncoordinated+L3,26,2024-06-29
684,23.4,0.08070000000000001,665.7301945235242,0.9838765264095346,0.9838765264095346,0.0,0.0,uncoordinated+L3,26,2024-06-29
685,23.416666666666664,0.08070000000000001,665.7301945235242,0.9830091818260384,0.9830091818260384,0.0,0.0,uncoordinated+L3,26,2024-06-29
686,23.433333333333334,0.08070000000000001,665.7301945235242,0.981990537846315,0.981990537846315,0.0,0.0,uncoordinated+L3,26,2024-06-29
687,23.45,0.08070000000000001,665.7301945235242,0.9824562865921836,0.9824562865921836,0.0,0.0,uncoordinated+L3,26,2024-06-29
688,23.46666666666667,0.08070000000000001,665.7301945235242,0.9832174865455376,0.9832174865455376,0.0,0.0,uncoordinated+L3,26,2024-06-29
689,23.483333333333334,0.08070000000000001,665.7301945235149,0.9822112899452508,0.9822112899452508,0.0,0.0,uncoordinated+L3,26,2024-06-29
690,23.5,0.08070000000000001,594.4087989434992,0.9825495244111344,0.9825495244111344,0.0,0.0,uncoordinated+L3,26,2024-06-29
691,23.516666666666666,0.08070000000000001,594.4087989434992,0.9825893471935964,0.9825893471935964,0.0,0.0,uncoordinated+L3,26,2024-06-29
692,23.53333333333333,0.08070000000000001,594.4087989434992,0.9823269143105458,0.9823269143105458,0.0,0.0,uncoordinated+L3,26,2024-06-29
693,23.55,0.08070000000000001,594.4087989434992,0.9821773813193528,0.9821773813193528,0.0,0.0,uncoordinated+L3,26,2024-06-29
694,23.566666666666666,0.08070000000000001,594.4087989434992,0.9827953612094936,0.9827953612094936,0.0,0.0,uncoordinated+L3,26,2024-06-29
695,23.583333333333336,0.08070000000000001,594.4087989434992,0.9825755206724223,0.9825755206724223,0.0,0.0,uncoordinated+L3,26,2024-06-29
696,23.6,0.08070000000000001,594.4087989434992,0.9818591180779384,0.9818591180779384,0.0,0.0,uncoordinated+L3,26,2024-06-29
697,23.616666666666667,0.08070000000000001,594.4087989434992,0.9828085794410605,0.9828085794410605,0.0,0.0,uncoordinated+L3,26,2024-06-29
698,23.633333333333333,0.08070000000000001,594.4087989434992,0.9837623738618013,0.9837623738618013,0.0,0.0,uncoordinated+L3,26,2024-06-29
699,23.65,0.08070000000000001,594.4087989434992,0.9820791497105851,0.9820791497105851,0.0,0.0,uncoordinated+L3,26,2024-06-29
700,23.666666666666664,0.08070000000000001,594.4087989434992,0.9835300600635922,0.9835300600635922,0.0,0.0,uncoordinated+L3,26,2024-06-29
701,23.683333333333334,0.08070000000000001,594.4087989434992,0.9830318192923946,0.9830318192923946,0.0,0.0,uncoordinated+L3,26,2024-06-29
702,23.7,0.08070000000000001,594.4087989434992,0.9833714553409244,0.9833714553409244,0.0,0.0,uncoordinated+L3,26,2024-06-29
703,23.71666666666667,0.08070000000000001,594.4087989434992,0.9830433491548568,0.9830433491548568,0.0,0.0,uncoordinated+L3,26,2024-06-29
704,23.733333333333334,0.08070000000000001,594.4087989434869,0.9821614376886618,0.9821614376886618,0.0,0.0,uncoordinated+L3,26,2024-06-29
705,23.75,0.08070000000000001,520.5733703726426,0.9793885761766826,0.9793885761766826,0.0,0.0,uncoordinated+L3,26,2024-06-29
706,23.766666666666666,0.08070000000000001,520.5733703726426,0.9802803675542899,0.9802803675542899,0.0,0.0,uncoordinated+L3,26,2024-06-29
707,23.78333333333333,0.08070000000000001,520.5733703726426,0.9786778054033473,0.9786778054033473,0.0,0.0,uncoordinated+L3,26,2024-06-29
708,23.8,0.08070000000000001,520.5733703726426,0.9800306169810844,0.9800306169810844,0.0,0.0,uncoordinated+L3,26,2024-06-29
709,23.816666666666666,0.08070000000000001,520.5733703726426,0.9803170970401238,0.9803170970401238,0.0,0.0,uncoordinated+L3,26,2024-06-29
710,23.833333333333336,0.08070000000000001,520.5733703726426,0.9811240695744413,0.9811240695744413,0.0,0.0,uncoordinated+L3,26,2024-06-29
711,23.85,0.08070000000000001,520.5733703726426,0.9798350469365973,0.9798350469365973,0.0,0.0,uncoordinated+L3,26,2024-06-29
712,23.866666666666667,0.08070000000000001,520.5733703726426,0.9788795832221422,0.9788795832221422,0.0,0.0,uncoordinated+L3,26,2024-06-29
713,23.883333333333333,0.08070000000000001,520.5733703726426,0.9794370397228419,0.9794370397228419,0.0,0.0,uncoordinated+L3,26,2024-06-29
714,23.9,0.08070000000000001,520.5733703726426,0.9809424627689601,0.9809424627689601,0.0,0.0,uncoordinated+L3,26,2024-06-29
715,23.916666666666664,0.08070000000000001,520.5733703726426,0.9800538846381328,0.9800538846381328,0.0,0.0,uncoordinated+L3,26,2024-06-29
716,23.933333333333334,0.08070000000000001,520.5733703726426,0.9798567010650369,0.9798567010650369,0.0,0.0,uncoordinated+L3,26,2024-06-29
717,23.95,0.08070000000000001,520.5733703726426,0.97962955297066,0.97962955297066,0.0,0.0,uncoordinated+L3,26,2024-06-29
718,23.96666666666667,0.08070000000000001,520.5733703726426,0.9776552418955884,0.9776552418955884,0.0,0.0,uncoordinated+L3,26,2024-06-29
719,23.983333333333334,0.08070000000000001,520.5733703726326,0.980947172251193,0.980947172251193,0.0,0.0,uncoordinated+L3,26,2024-06-29
720,0.0,0.083,511.1673578273096,0.9875311546150247,0.9875311546150247,0.0,0.0,uncoordinated+L3,26,2024-06-29
721,0.01666666666666572,0.083,511.1673578273096,0.9874347883487931,0.9874347883487931,0.0,0.0,uncoordinated+L3,26,2024-06-29
722,0.03333333333333144,0.083,511.1673578273096,0.9874021657904839,0.9874021657904839,0.0,0.0,uncoordinated+L3,26,2024-06-29
723,0.05000000000000071,0.083,511.1673578273096,0.9876601647838316,0.9876601647838316,0.0,0.0,uncoordinated+L3,26,2024-06-29
724,0.06666666666666643,0.083,511.1673578273096,0.9869219170934354,0.9869219170934354,0.0,0.0,uncoordinated+L3,26,2024-06-29
725,0.0833333333333357,0.083,511.1673578273096,0.9869741701280391,0.9869741701280391,0.0,0.0,uncoordinated+L3,26,2024-06-29
726,0.10000000000000142,0.083,511.1673578273096,0.9867677102002582,0.9867677102002582,0.0,0.0,uncoordinated+L3,26,2024-06-29
727,0.11666666666666714,0.083,511.1673578273096,0.9865211777272351,0.9865211777272351,0.0,0.0,uncoordinated+L3,26,2024-06-29
728,0.13333333333333286,0.083,511.1673578273096,0.9872943333594886,0.9872943333594886,0.0,0.0,uncoordinated+L3,26,2024-06-29
729,0.14999999999999858,0.083,511.1673578273096,0.9870792194173023,0.9870792194173023,0.0,0.0,uncoordinated+L3,26,2024-06-29
730,0.1666666666666643,0.083,511.1673578273096,0.9873412848856833,0.9873412848856833,0.0,0.0,uncoordinated+L3,26,2024-06-29
731,0.18333333333333357,0.083,511.1673578273096,0.9865966186697543,0.9865966186697543,0.0,0.0,uncoordinated+L3,26,2024-06-29
732,0.1999999999999993,0.083,511.1673578273096,0.9864430059573518,0.9864430059573518,0.0,0.0,uncoordinated+L3,26,2024-06-29
733,0.21666666666666856,0.083,511.1673578273096,0.9866242796412282,0.9866242796412282,0.0,0.0,uncoordinated+L3,26,2024-06-29
734,0.23333333333333428,0.083,511.16735782730876,0.9873963235825478,0.9873963235825478,0.0,0.0,uncoordinated+L3,26,2024-06-29
735,0.25,0.083,421.5336818075158,0.9916434947443248,0.9916434947443248,0.0,0.0,uncoordinated+L3,26,2024-06-29
736,0.2666666666666657,0.083,421.5336818075158,0.989866612913748,0.989866612913748,0.0,0.0,uncoordinated+L3,26,2024-06-29
737,0.28333333333333144,0.083,421.5336818075158,0.9908534758092165,0.9908534758092165,0.0,0.0,uncoordinated+L3,26,2024-06-29
738,0.3000000000000007,0.083,421.5336818075158,0.9914594974279268,0.9914594974279268,0.0,0.0,uncoordinated+L3,26,2024-06-29
739,0.31666666666666643,0.083,421.5336818075158,0.9911757225918308,0.9911757225918308,0.0,0.0,uncoordinated+L3,26,2024-06-29
740,0.3333333333333357,0.083,421.5336818075158,0.9909179344867743,0.9909179344867743,0.0,0.0,uncoordinated+L3,26,2024-06-29
741,0.3500000000000014,0.083,421.5336818075158,0.9905229055273992,0.9905229055273992,0.0,0.0,uncoordinated+L3,26,2024-06-29
742,0.36666666666666714,0.083,421.5336818075158,0.9911128348525471,0.9911128348525471,0.0,0.0,uncoordinated+L3,26,2024-06-29
743,0.38333333333333286,0.083,421.5336818075158,0.991728349191792,0.991728349191792,0.0,0.0,uncoordinated+L3,26,2024-06-29
744,0.3999999999999986,0.083,421.5336818075158,0.9901609443572852,0.9901609443572852,0.0,0.0,uncoordinated+L3,26,2024-06-29
745,0.4166666666666643,0.083,421.5336818075158,0.9898737763425332,0.9898737763425332,0.0,0.0,uncoordinated+L3,26,2024-06-29
746,0.43333333333333357,0.083,421.5336818075158,0.9912348881977755,0.9912348881977755,0.0,0.0,uncoordinated+L3,26,2024-06-29
747,0.4499999999999993,0.083,421.5336818075158,0.9902978510238979,0.9902978510238979,0.0,0.0,uncoordinated+L3,26,2024-06-29
748,0.46666666666666856,0.083,421.5336818075158,0.9903024134886637,0.9903024134886637,0.0,0.0,uncoordinated+L3,26,2024-06-29
749,0.4833333333333343,0.083,421.53368180751477,0.9904191159441249,0.9904191159441249,0.0,0.0,uncoordinated+L3,26,2024-06-29
750,0.5,0.083,401.49938675551186,0.9871844124915965,0.9871844124915965,0.0,0.0,uncoordinated+L3,26,2024-06-29
751,0.5166666666666657,0.083,401.49938675551186,0.9882451838489844,0.9882451838489844,0.0,0.0,uncoordinated+L3,26,2024-06-29
752,0.5333333333333314,0.083,401.49938675551186,0.9884436889377064,0.9884436889377064,0.0,0.0,uncoordinated+L3,26,2024-06-29
753,0.5500000000000007,0.083,401.49938675551186,0.9871917857442818,0.9871917857442818,0.0,0.0,uncoordinated+L3,26,2024-06-29
754,0.5666666666666664,0.083,401.49938675551186,0.9881608581754279,0.9881608581754279,0.0,0.0,uncoordinated+L3,26,2024-06-29
755,0.5833333333333357,0.083,401.49938675551186,0.9876809721530893,0.9876809721530893,0.0,0.0,uncoordinated+L3,26,2024-06-29
756,0.6000000000000014,0.083,401.49938675551186,0.9884233282979973,0.9884233282979973,0.0,0.0,uncoordinated+L3,26,2024-06-29
757,0.6166666666666671,0.083,401.49938675551186,0.9866562242872617,0.9866562242872617,0.0,0.0,uncoordinated+L3,26,2024-06-29
758,0.6333333333333329,0.083,401.49938675551186,0.9873689797797611,0.9873689797797611,0.0,0.0,uncoordinated+L3,26,2024-06-29
759,0.6499999999999986,0.083,401.49938675551186,0.987666789742465,0.987666789742465,0.0,0.0,uncoordinated+L3,26,2024-06-29
760,0.6666666666666643,0.083,401.49938675551186,0.9881140494972491,0.9881140494972491,0.0,0.0,uncoordinated+L3,26,2024-06-29
761,0.6833333333333336,0.083,401.49938675551186,0.9876193990471195,0.9876193990471195,0.0,0.0,uncoordinated+L3,26,2024-06-29
762,0.6999999999999993,0.083,401.49938675551186,0.9879909836265865,0.9879909836265865,0.0,0.0,uncoordinated+L3,26,2024-06-29
763,0.7166666666666686,0.083,401.49938675551186,0.9867890576890056,0.9867890576890056,0.0,0.0,uncoordinated+L3,26,2024-06-29
764,0.7333333333333343,0.083,401.4993867555072,0.9880766763508457,0.9880766763508457,0.0,0.0,uncoordinated+L3,26,2024-06-29
765,0.75,0.083,385.755060472877,0.9853231597201952,0.9853231597201952,0.0,0.0,uncoordinated+L3,26,2024-06-29
766,0.7666666666666657,0.083,385.755060472877,0.9845201943625672,0.9845201943625672,0.0,0.0,uncoordinated+L3,26,2024-06-29
767,0.7833333333333314,0.083,385.755060472877,0.9831334715681965,0.9831334715681965,0.0,0.0,uncoordinated+L3,26,2024-06-29
768,0.8000000000000007,0.083,385.755060472877,0.9840416947507046,0.9840416947507046,0.0,0.0,uncoordinated+L3,26,2024-06-29
769,0.8166666666666664,0.083,385.755060472877,0.9848777057994719,0.9848777057994719,0.0,0.0,uncoordinated+L3,26,2024-06-29
770,0.8333333333333357,0.083,385.755060472877,0.984137512108025,0.984137512108025,0.0,0.0,uncoordinated+L3,26,2024-06-29
771,0.8500000000000014,0.083,385.755060472877,0.9830120655324924,0.9830120655324924,0.0,0.0,uncoordinated+L3,26,2024-06-29
772,0.8666666666666671,0.083,385.755060472877,0.9841906236000052,0.9841906236000052,0.0,0.0,uncoordinated+L3,26,2024-06-29
773,0.8833333333333329,0.083,385.755060472877,0.9850124675020773,0.9850124675020773,0.0,0.0,uncoordinated+L3,26,2024-06-29
774,0.8999999999999986,0.083,385.755060472877,0.9843875467558547,0.9843875467558547,0.0,0.0,uncoordinated+L3,26,2024-06-29
775,0.9166666666666643,0.083,385.755060472877,0.9842231415342523,0.9842231415342523,0.0,0.0,uncoordinated+L3,26,2024-06-29
776,0.9333333333333336,0.083,385.755060472877,0.9832246981551236,0.9832246981551236,0.0,0.0,uncoordinated+L3,26,2024-06-29
777,0.9499999999999993,0.083,385.755060472877,0.9844982093373991,0.9844982093373991,0.0,0.0,uncoordinated+L3,26,2024-06-29
778,0.9666666666666686,0.083,385.755060472877,0.984036151970319,0.984036151970319,0.0,0.0,uncoordinated+L3,26,2024-06-29
779,0.9833333333333343,0.083,385.7550604728766,0.9843154643034067,0.9843154643034067,0.0,0.0,uncoordinated+L3,26,2024-06-29
780,1.0,0.07529999999999999,297.11840122487433,0.9973022959649924,0.9973022959649924,0.0,0.0,uncoordinated+L3,26,2024-06-29
781,1.0166666666666657,0.07529999999999999,297.11840122487433,0.9975852729570536,0.9975852729570536,0.0,0.0,uncoordinated+L3,26,2024-06-29
782,1.0333333333333314,0.07529999999999999,297.11840122487433,0.9968048076136562,0.9968048076136562,0.0,0.0,uncoordinated+L3,26,2024-06-29
783,1.0499999999999972,0.07529999999999999,297.11840122487433,0.9974792512002765,0.9974792512002765,0.0,0.0,uncoordinated+L3,26,2024-06-29
784,1.0666666666666664,0.07529999999999999,297.11840122487433,0.9980304498572645,0.9980304498572645,0.0,0.0,uncoordinated+L3,26,2024-06-29
785,1.0833333333333357,0.07529999999999999,297.11840122487433,0.9969066243176161,0.9969066243176161,0.0,0.0,uncoordinated+L3,26,2024-06-29
786,1.1000000000000014,0.07529999999999999,297.11840122487433,0.9972478480029501,0.9972478480029501,0.0,0.0,uncoordinated+L3,26,2024-06-29
787,1.1166666666666671,0.07529999999999999,297.11840122487433,0.9970247110033638,0.9970247110033638,0.0,0.0,uncoordinated+L3,26,2024-06-29
788,1.1333333333333329,0.07529999999999999,297.11840122487433,0.9970660390065863,0.9970660390065863,0.0,0.0,uncoordinated+L3,26,2024-06-29
789,1.1499999999999986,0.07529999999999999,297.11840122487433,0.997233174477917,0.997233174477917,0.0,0.0,uncoordinated+L3,26,2024-06-29
790,1.1666666666666643,0.07529999999999999,297.11840122487433,0.9970449396771919,0.9970449396771919,0.0,0.0,uncoordinated+L3,26,2024-06-29
791,1.1833333333333336,0.07529999999999999,297.11840122487433,0.9967934739982411,0.9967934739982411,0.0,0.0,uncoordinated+L3,26,2024-06-29
792,1.1999999999999993,0.07529999999999999,297.11840122487433,0.9970203061262746,0.9970203061262746,0.0,0.0,uncoordinated+L3,26,2024-06-29
793,1.2166666666666686,0.07529999999999999,297.11840122487433,0.997036516939027,0.997036516939027,0.0,0.0,uncoordinated+L3,26,2024-06-29
794,1.2333333333333343,0.07529999999999999,297.1184012248626,0.9967410061847092,0.9967410061847092,0.0,0.0,uncoordinated+L3,26,2024-06-29
795,1.25,0.07529999999999999,245.6300462260263,0.9965521776610377,0.9965521776610377,0.0,0.0,uncoordinated+L3,26,2024-06-29
796,1.2666666666666657,0.07529999999999999,245.6300462260263,0.9964207602074397,0.9964207602074397,0.0,0.0,uncoordinated+L3,26,2024-06-29
797,1.2833333333333314,0.07529999999999999,245.6300462260263,0.996302681816053,0.996302681816053,0.0,0.0,uncoordinated+L3,26,2024-06-29
798,1.2999999999999972,0.07529999999999999,245.6300462260263,0.9949423091619641,0.9949423091619641,0.0,0.0,uncoordinated+L3,26,2024-06-29
799,1.3166666666666664,0.07529999999999999,245.6300462260263,0.9958551940874011,0.9958551940874011,0.0,0.0,uncoordinated+L3,26,2024-06-29
800,1.3333333333333357,0.07529999999999999,245.6300462260263,0.9966893604961549,0.9966893604961549,0.0,0.0,uncoordinated+L3,26,2024-06-29
801,1.3500000000000014,0.07529999999999999,245.6300462260263,0.9971306492303104,0.9971306492303104,0.0,0.0,uncoordinated+L3,26,2024-06-29
802,1.3666666666666671,0.07529999999999999,245.6300462260263,0.995898457098589,0.995898457098589,0.0,0.0,uncoordinated+L3,26,2024-06-29
803,1.3833333333333329,0.07529999999999999,245.6300462260263,0.9964195589218753,0.9964195589218753,0.0,0.0,uncoordinated+L3,26,2024-06-29
804,1.3999999999999986,0.07529999999999999,245.6300462260263,0.9967014941475247,0.9967014941475247,0.0,0.0,uncoordinated+L3,26,2024-06-29
805,1.4166666666666643,0.07529999999999999,245.6300462260263,0.9968500896801507,0.9968500896801507,0.0,0.0,uncoordinated+L3,26,2024-06-29
806,1.4333333333333336,0.07529999999999999,245.6300462260263,0.9958878774410788,0.9958878774410788,0.0,0.0,uncoordinated+L3,26,2024-06-29
807,1.4499999999999993,0.07529999999999999,245.6300462260263,0.9966475532049364,0.9966475532049364,0.0,0.0,uncoordinated+L3,26,2024-06-29
808,1.4666666666666686,0.07529999999999999,245.6300462260263,0.9958053329938997,0.9958053329938997,0.0,0.0,uncoordinated+L3,26,2024-06-29
809,1.4833333333333343,0.07529999999999999,245.6300462260263,0.9959404799703568,0.9959404799703568,0.0,0.0,uncoordinated+L3,26,2024-06-29
810,1.5,0.07529999999999999,187.0,0.9979112823092271,0.9979112823092271,0.0,0.0,uncoordinated+L3,26,2024-06-29
811,1.5166666666666657,0.07529999999999999,187.0,0.9989008160984669,0.9989008160984669,0.0,0.0,uncoordinated+L3,26,2024-06-29
812,1.5333333333333314,0.07529999999999999,187.0,0.9992768339038597,0.9992768339038597,0.0,0.0,uncoordinated+L3,26,2024-06-29
813,1.5499999999999972,0.07529999999999999,187.0,0.9986026892454142,0.9986026892454142,0.0,0.0,uncoordinated+L3,26,2024-06-29
814,1.5666666666666664,0.07529999999999999,187.0,0.9980155755707225,0.9980155755707225,0.0,0.0,uncoordinated+L3,26,2024-06-29
815,1.5833333333333357,0.07529999999999999,187.0,0.9969904264535551,0.9969904264535551,0.0,0.0,uncoordinated+L3,26,2024-06-29
816,1.6000000000000014,0.07529999999999999,187.0,0.9993745392446493,0.9993745392446493,0.0,0.0,uncoordinated+L3,26,2024-06-29
817,1.6166666666666671,0.07529999999999999,187.0,0.9985444764424528,0.9985444764424528,0.0,0.0,uncoordinated+L3,26,2024-06-29
818,1.6333333333333329,0.07529999999999999,187.0,0.998584701124692,0.998584701124692,0.0,0.0,uncoordinated+L3,26,2024-06-29
819,1.6499999999999986,0.07529999999999999,187.0,0.9978117342160753,0.9978117342160753,0.0,0.0,uncoordinated+L3,26,2024-06-29
820,1.6666666666666643,0.07529999999999999,187.0,0.9980026109471907,0.9980026109471907,0.0,0.0,uncoordinated+L3,26,2024-06-29
821,1.6833333333333336,0.07529999999999999,187.0,0.9981401322118209,0.9981401322118209,0.0,0.0,uncoordinated+L3,26,2024-06-29
822,1.6999999999999993,0.07529999999999999,187.0,0.9976453577919598,0.9976453577919598,0.0,0.0,uncoordinated+L3,26,2024-06-29
823,1.7166666666666686,0.07529999999999999,187.0,0.998285045818656,0.998285045818656,0.0,0.0,uncoordinated+L3,26,2024-06-29
824,1.7333333333333343,0.07529999999999999,187.0,0.9989742041740847,0.9989742041740847,0.0,0.0,uncoordinated+L3,26,2024-06-29
825,1.75,0.07529999999999999,213.61920527343233,1.0023124131857284,1.0023124131857284,0.0,0.0,uncoordinated+L3,26,2024-06-29
826,1.7666666666666657,0.07529999999999999,213.61920527343233,1.002966358976375,1.002966358976375,0.0,0.0,uncoordinated+L3,26,2024-06-29
827,1.7833333333333314,0.07529999999999999,213.61920527343233,1.0018094174540388,1.0018094174540388,0.0,0.0,uncoordinated+L3,26,2024-06-29
828,1.7999999999999972,0.07529999999999999,213.61920527343233,1.0028875836742508,1.0028875836742508,0.0,0.0,uncoordinated+L3,26,2024-06-29
829,1.8166666666666664,0.07529999999999999,213.61920527343233,1.001794126723343,1.001794126723343,0.0,0.0,uncoordinated+L3,26,2024-06-29
830,1.8333333333333357,0.07529999999999999,213.61920527343233,1.0017379768087409,1.0017379768087409,0.0,0.0,uncoordinated+L3,26,2024-06-29
831,1.8500000000000014,0.07529999999999999,213.61920527343233,1.0013028963113677,1.0013028963113677,0.0,0.0,uncoordinated+L3,26,2024-06-29
832,1.8666666666666671,0.07529999999999999,213.61920527343233,1.0023233827224,1.0023233827224,0.0,0.0,uncoordinated+L3,26,2024-06-29
833,1.8833333333333329,0.07529999999999999,213.61920527343233,1.0015305496297073,1.0015305496297073,0.0,0.0,uncoordinated+L3,26,2024-06-29
834,1.8999999999999986,0.07529999999999999,213.61920527343233,1.0019112517317272,1.0019112517317272,0.0,0.0,uncoordinated+L3,26,2024-06-29
835,1.9166666666666643,0.07529999999999999,213.61920527343233,1.0013729470327675,1.0013729470327675,0.0,0.0,uncoordinated+L3,26,2024-06-29
836,1.9333333333333336,0.07529999999999999,213.61920527343233,1.001487720082274,1.001487720082274,0.0,0.0,uncoordinated+L3,26,2024-06-29
837,1.9499999999999993,0.07529999999999999,213.61920527343233,1.001449734077164,1.001449734077164,0.0,0.0,uncoordinated+L3,26,2024-06-29
838,1.9666666666666686,0.07529999999999999,213.61920527343233,1.0018373053946095,1.0018373053946095,0.0,0.0,uncoordinated+L3,26,2024-06-29
839,1.9833333333333343,0.07529999999999999,212.7549181119391,1.0014134038380975,1.0014134038380975,0.0,0.0,uncoordinated+L3,26,2024-06-29
840,2.0,0.06705,176.7121406999093,1.00233070775901,1.00233070775901,0.0,0.0,uncoordinated+L3,26,2024-06-29
841,2.0166666666666657,0.06705,176.7121406999093,1.0017389132647638,1.0017389132647638,0.0,0.0,uncoordinated+L3,26,2024-06-29
842,2.0333333333333314,0.06705,176.7121406999093,1.0020397934244267,1.0020397934244267,0.0,0.0,uncoordinated+L3,26,2024-06-29
843,2.049999999999997,0.06705,176.7121406999093,1.0016858278918588,1.0016858278918588,0.0,0.0,uncoordinated+L3,26,2024-06-29
844,2.0666666666666664,0.06705,176.7121406999093,1.00244903974569,1.00244903974569,0.0,0.0,uncoordinated+L3,26,2024-06-29
845,2.0833333333333357,0.06705,176.7121406999093,1.0026806957405465,1.0026806957405465,0.0,0.0,uncoordinated+L3,26,2024-06-29
846,2.1000000000000014,0.06705,176.7121406999093,1.0024808548377386,1.0024808548377386,0.0,0.0,uncoordinated+L3,26,2024-06-29
847,2.116666666666667,0.06705,176.7121406999093,1.0019513335607075,1.0019513335607075,0.0,0.0,uncoordinated+L3,26,2024-06-29
848,2.133333333333333,0.06705,176.7121406999093,1.0025509322196828,1.0025509322196828,0.0,0.0,uncoordinated+L3,26,2024-06-29
849,2.1499999999999986,0.06705,176.7121406999093,1.0027275972869423,1.0027275972869423,0.0,0.0,uncoordinated+L3,26,2024-06-29
850,2.1666666666666643,0.06705,176.7121406999093,1.0028185874445246,1.0028185874445246,0.0,0.0,uncoordinated+L3,26,2024-06-29
851,2.1833333333333336,0.06705,172.27317680165996,1.002378508452046,1.002378508452046,0.0,0.0,uncoordinated+L3,26,2024-06-29
852,2.1999999999999993,0.06705,172.27317680165996,1.0025293680296494,1.0025293680296494,0.0,0.0,uncoordinated+L3,26,2024-06-29
853,2.2166666666666686,0.06705,172.27317680165996,1.0031855371251401,1.0031855371251401,0.0,0.0,uncoordinated+L3,26,2024-06-29
854,2.2333333333333343,0.06705,172.27317680165368,1.0025555838802602,1.0025555838802602,0.0,0.0,uncoordinated+L3,26,2024-06-29
855,2.25,0.06705,164.22836649275936,0.9981710498550619,0.9981710498550619,0.0,0.0,uncoordinated+L3,26,2024-06-29
856,2.2666666666666657,0.06705,164.22836649275936,0.9983161829503132,0.9983161829503132,0.0,0.0,uncoordinated+L3,26,2024-06-29
857,2.2833333333333314,0.06705,164.22836649275936,0.9983734243412569,0.9983734243412569,0.0,0.0,uncoordinated+L3,26,2024-06-29
858,2.299999999999997,0.06705,164.22836649275936,0.9974136201256627,0.9974136201256627,0.0,0.0,uncoordinated+L3,26,2024-06-29
859,2.3166666666666664,0.06705,164.22836649275936,0.9987833982585548,0.9987833982585548,0.0,0.0,uncoordinated+L3,26,2024-06-29
860,2.3333333333333357,0.06705,164.22836649275936,0.9976972210066565,0.9976972210066565,0.0,0.0,uncoordinated+L3,26,2024-06-29
861,2.3500000000000014,0.06705,164.22836649275936,0.9980080776105871,0.9980080776105871,0.0,0.0,uncoordinated+L3,26,2024-06-29
862,2.366666666666667,0.06705,164.22836649275936,0.9975089491027427,0.9975089491027427,0.0,0.0,uncoordinated+L3,26,2024-06-29
863,2.383333333333333,0.06705,164.22836649275936,0.99744147994469,0.99744147994469,0.0,0.0,uncoordinated+L3,26,2024-06-29
864,2.3999999999999986,0.06705,164.22836649275936,0.9981448397825575,0.9981448397825575,0.0,0.0,uncoordinated+L3,26,2024-06-29
865,2.4166666666666643,0.06705,164.22836649275936,0.9984170399608101,0.9984170399608101,0.0,0.0,uncoordinated+L3,26,2024-06-29
866,2.4333333333333336,0.06705,164.22836649275936,0.9978947401610049,0.9978947401610049,0.0,0.0,uncoordinated+L3,26,2024-06-29
867,2.4499999999999993,0.06705,164.22836649275936,0.9971294349007446,0.9971294349007446,0.0,0.0,uncoordinated+L3,26,2024-06-29
868,2.4666666666666686,0.06705,164.22836649275936,0.9973708164691837,0.9973708164691837,0.0,0.0,uncoordinated+L3,26,2024-06-29
869,2.4833333333333343,0.06705,164.22836649275683,0.9983309929600395,0.9983309929600395,0.0,0.0,uncoordinated+L3,26,2024-06-29
870,2.5,0.06705,143.0,0.9987471034850699,0.9987471034850699,0.0,0.0,uncoordinated+L3,26,2024-06-29
871,2.5166666666666657,0.06705,143.0,0.9993345124903715,0.9993345124903715,0.0,0.0,uncoordinated+L3,26,2024-06-29
872,2.5333333333333314,0.06705,143.0,0.999648596020495,0.999648596020495,0.0,0.0,uncoordinated+L3,26,2024-06-29
873,2.549999999999997,0.06705,143.0,0.998977779970075,0.998977779970075,0.0,0.0,uncoordinated+L3,26,2024-06-29
874,2.5666666666666664,0.06705,143.0,0.9987299874723351,0.9987299874723351,0.0,0.0,uncoordinated+L3,26,2024-06-29
875,2.5833333333333357,0.06705,143.0,1.0001632283258417,1.0001632283258417,0.0,0.0,uncoordinated+L3,26,2024-06-29
876,2.6000000000000014,0.06705,143.0,0.9985090302754976,0.9985090302754976,0.0,0.0,uncoordinated+L3,26,2024-06-29
877,2.616666666666667,0.06705,143.0,0.9989377184181137,0.9989377184181137,0.0,0.0,uncoordinated+L3,26,2024-06-29
878,2.633333333333333,0.06705,143.0,0.9989499158067998,0.9989499158067998,0.0,0.0,uncoordinated+L3,26,2024-06-29
879,2.6499999999999986,0.06705,143.0,0.9985950282799649,0.9985950282799649,0.0,0.0,uncoordinated+L3,26,2024-06-29
880,2.6666666666666643,0.06705,143.0,0.9986944071895593,0.9986944071895593,0.0,0.0,uncoordinated+L3,26,2024-06-29
881,2.6833333333333336,0.06705,143.0,0.999586321732676,0.999586321732676,0.0,0.0,uncoordinated+L3,26,2024-06-29
882,2.6999999999999993,0.06705,143.0,0.9988930363035664,0.9988930363035664,0.0,0.0,uncoordinated+L3,26,2024-06-29
883,2.7166666666666686,0.06705,143.0,0.999023667601737,0.999023667601737,0.0,0.0,uncoordinated+L3,26,2024-06-29
884,2.7333333333333343,0.06705,143.0,0.997913278154021,0.997913278154021,0.0,0.0,uncoordinated+L3,26,2024-06-29
885,2.75,0.06705,88.09033395248387,1.0070014234472981,1.0070014234472981,0.0,0.0,uncoordinated+L3,26,2024-06-29
886,2.7666666666666657,0.06705,88.09033395248387,1.0072458802066935,1.0072458802066935,0.0,0.0,uncoordinated+L3,26,2024-06-29
887,2.7833333333333314,0.06705,88.09033395248387,1.0072523001198828,1.0072523001198828,0.0,0.0,uncoordinated+L3,26,2024-06-29
888,2.799999999999997,0.06705,88.09033395248387,1.0062815563102399,1.0062815563102399,0.0,0.0,uncoordinated+L3,26,2024-06-29
889,2.8166666666666664,0.06705,88.09033395248387,1.0061915726715063,1.0061915726715063,0.0,0.0,uncoordinated+L3,26,2024-06-29
890,2.8333333333333357,0.06705,88.09033395248387,1.005839423873358,1.005839423873358,0.0,0.0,uncoordinated+L3,26,2024-06-29
891,2.8500000000000014,0.06705,88.09033395248387,1.0063584270851675,1.0063584270851675,0.0,0.0,uncoordinated+L3,26,2024-06-29
892,2.866666666666667,0.06705,88.09033395248387,1.006938034120421,1.006938034120421,0.0,0.0,uncoordinated+L3,26,2024-06-29
893,2.883333333333333,0.06705,88.09033395248387,1.0068233157675013,1.0068233157675013,0.0,0.0,uncoordinated+L3,26,2024-06-29
894,2.8999999999999986,0.06705,88.09033395248387,1.0069073347931088,1.0069073347931088,0.0,0.0,uncoordinated+L3,26,2024-06-29
895,2.9166666666666643,0.06705,88.09033395248387,1.0069199482653979,1.0069199482653979,0.0,0.0,uncoordinated+L3,26,2024-06-29
896,2.9333333333333336,0.06705,88.09033395248387,1.0066896684348592,1.0066896684348592,0.0,0.0,uncoordinated+L3,26,2024-06-29
897,2.9499999999999993,0.06705,88.09033395248387,1.0062476154596733,1.0062476154596733,0.0,0.0,uncoordinated+L3,26,2024-06-29
898,2.9666666666666686,0.06705,88.09033395248387,1.0057614487311688,1.0057614487311688,0.0,0.0,uncoordinated+L3,26,2024-06-29
899,2.9833333333333343,0.06705,88.09033395248053,1.0067322431546557,1.0067322431546557,0.0,0.0,uncoordinated+L3,26,2024-06-29
900,3.0,0.06436,110.0,1.0022834717269156,1.0022834717269156,0.0,0.0,uncoordinated+L3,26,2024-06-29
901,3.0166666666666657,0.06436,110.0,1.0040506850018796,1.0040506850018796,0.0,0.0,uncoordinated+L3,26,2024-06-29
902,3.0333333333333314,0.06436,110.0,1.002614928805603,1.002614928805603,0.0,0.0,uncoordinated+L3,26,2024-06-29
903,3.049999999999997,0.06436,110.0,1.00245632559582,1.00245632559582,0.0,0.0,uncoordinated+L3,26,2024-06-29
904,3.0666666666666664,0.06436,110.0,1.0029878432103263,1.0029878432103263,0.0,0.0,uncoordinated+L3,26,2024-06-29
905,3.0833333333333357,0.06436,110.0,1.0025791945744902,1.0025791945744902,0.0,0.0,uncoordinated+L3,26,2024-06-29
906,3.1000000000000014,0.06436,110.0,1.0038340143406632,1.0038340143406632,0.0,0.0,uncoordinated+L3,26,2024-06-29
907,3.116666666666667,0.06436,110.0,1.0031899903615873,1.0031899903615873,0.0,0.0,uncoordinated+L3,26,2024-06-29
908,3.133333333333333,0.06436,110.0,1.0024514597090044,1.0024514597090044,0.0,0.0,uncoordinated+L3,26,2024-06-29
909,3.1499999999999986,0.06436,110.0,1.0021420853688086,1.0021420853688086,0.0,0.0,uncoordinated+L3,26,2024-06-29
910,3.1666666666666643,0.06436,110.0,1.0027343984373625,1.0027343984373625,0.0,0.0,uncoordinated+L3,26,2024-06-29
911,3.1833333333333336,0.06436,110.0,1.002916363148141,1.002916363148141,0.0,0.0,uncoordinated+L3,26,2024-06-29
912,3.1999999999999993,0.06436,110.0,1.0015634190633562,1.0015634190633562,0.0,0.0,uncoordinated+L3,26,2024-06-29
913,3.2166666666666686,0.06436,110.0,1.0033567648259967,1.0033567648259967,0.0,0.0,uncoordinated+L3,26,2024-06-29
914,3.2333333333333343,0.06436,110.0,1.0026325878439701,1.0026325878439701,0.0,0.0,uncoordinated+L3,26,2024-06-29
915,3.25,0.06436,73.20261011695727,1.0048626812632957,1.0048626812632957,0.0,0.0,uncoordinated+L3,26,2024-06-29
916,3.2666666666666657,0.06436,73.20261011695727,1.0043402079494366,1.0043402079494366,0.0,0.0,uncoordinated+L3,26,2024-06-29
917,3.2833333333333314,0.06436,73.20261011695727,1.005957396819212,1.005957396819212,0.0,0.0,uncoordinated+L3,26,2024-06-29
918,3.299999999999997,0.06436,73.20261011695727,1.0051038408112183,1.0051038408112183,0.0,0.0,uncoordinated+L3,26,2024-06-29
919,3.3166666666666664,0.06436,73.20261011695727,1.00528312932534,1.00528312932534,0.0,0.0,uncoordinated+L3,26,2024-06-29
920,3.3333333333333357,0.06436,73.20261011695727,1.0052489051089921,1.0052489051089921,0.0,0.0,uncoordinated+L3,26,2024-06-29
921,3.3500000000000014,0.06436,73.20261011695727,1.0048424088554122,1.0048424088554122,0.0,0.0,uncoordinated+L3,26,2024-06-29
922,3.366666666666667,0.06436,73.20261011695727,1.005257804664884,1.005257804664884,0.0,0.0,uncoordinated+L3,26,2024-06-29
923,3.383333333333333,0.06436,73.20261011695727,1.0047400468235261,1.0047400468235261,0.0,0.0,uncoordinated+L3,26,2024-06-29
924,3.3999999999999986,0.06436,73.20261011695727,1.004531047850962,1.004531047850962,0.0,0.0,uncoordinated+L3,26,2024-06-29
925,3.4166666666666643,0.06436,73.20261011695727,1.0047494402139046,1.0047494402139046,0.0,0.0,uncoordinated+L3,26,2024-06-29
926,3.4333333333333336,0.06436,73.20261011695727,1.0055339748029366,1.0055339748029366,0.0,0.0,uncoordinated+L3,26,2024-06-29
927,3.4499999999999993,0.06436,73.20261011695727,1.0049036723537608,1.0049036723537608,0.0,0.0,uncoordinated+L3,26,2024-06-29
928,3.4666666666666686,0.06436,73.20261011695727,1.0053946083145344,1.0053946083145344,0.0,0.0,uncoordinated+L3,26,2024-06-29
929,3.4833333333333343,0.06436,73.20261011695519,1.0048368177546483,1.0048368177546483,0.0,0.0,uncoordinated+L3,26,2024-06-29
930,3.5,0.06436,69.8379841904688,1.0019824336263543,1.0019824336263543,0.0,0.0,uncoordinated+L3,26,2024-06-29
931,3.5166666666666657,0.06436,69.8379841904688,1.0026579617083977,1.0026579617083977,0.0,0.0,uncoordinated+L3,26,2024-06-29
932,3.5333333333333314,0.06436,69.8379841904688,1.0033895352414688,1.0033895352414688,0.0,0.0,uncoordinated+L3,26,2024-06-29
933,3.549999999999997,0.06436,69.8379841904688,1.0027873535025775,1.0027873535025775,0.0,0.0,uncoordinated+L3,26,2024-06-29
934,3.5666666666666664,0.06436,69.8379841904688,1.00192887848922,1.00192887848922,0.0,0.0,uncoordinated+L3,26,2024-06-29
935,3.5833333333333357,0.06436,69.8379841904688,1.0032986647037694,1.0032986647037694,0.0,0.0,uncoordinated+L3,26,2024-06-29
936,3.6000000000000014,0.06436,69.8379841904688,1.0024422791170036,1.0024422791170036,0.0,0.0,uncoordinated+L3,26,2024-06-29
937,3.616666666666667,0.06436,69.8379841904688,1.0025948150207449,1.0025948150207449,0.0,0.0,uncoordinated+L3,26,2024-06-29
938,3.633333333333333,0.06436,69.8379841904688,1.0025547533241672,1.0025547533241672,0.0,0.0,uncoordinated+L3,26,2024-06-29
939,3.6499999999999986,0.06436,69.8379841904688,1.0027909857803357,1.0027909857803357,0.0,0.0,uncoordinated+L3,26,2024-06-29
940,3.6666666666666643,0.06436,69.8379841904688,1.003246829471442,1.003246829471442,0.0,0.0,uncoordinated+L3,26,2024-06-29
941,3.6833333333333336,0.06436,69.8379841904688,1.0036683824865218,1.0036683824865218,0.0,0.0,uncoordinated+L3,26,2024-06-29
942,3.6999999999999993,0.06436,69.8379841904688,1.001903383092381,1.001903383092381,0.0,0.0,uncoordinated+L3,26,2024-06-29
943,3.7166666666666686,0.06436,69.8379841904688,1.0035831766378605,1.0035831766378605,0.0,0.0,uncoordinated+L3,26,2024-06-29
944,3.7333333333333343,0.06436,69.83798419046839,1.0024415367483164,1.0024415367483164,0.0,0.0,uncoordinated+L3,26,2024-06-29
945,3.75,0.06436,33.0,1.0079382112682413,1.0079382112682413,0.0,0.0,uncoordinated+L3,26,2024-06-29
946,3.7666666666666657,0.06436,33.0,1.008107223652306,1.008107223652306,0.0,0.0,uncoordinated+L3,26,2024-06-29
947,3.7833333333333314,0.06436,33.0,1.0078480939879926,1.0078480939879926,0.0,0.0,uncoordinated+L3,26,2024-06-29
948,3.799999999999997,0.06436,33.0,1.0077816585393058,1.0077816585393058,0.0,0.0,uncoordinated+L3,26,2024-06-29
949,3.8166666666666664,0.06436,33.0,1.0081799394097888,1.0081799394097888,0.0,0.0,uncoordinated+L3,26,2024-06-29
950,3.8333333333333357,0.06436,33.0,1.0075171982988695,1.0075171982988695,0.0,0.0,uncoordinated+L3,26,2024-06-29
951,3.8500000000000014,0.06436,33.0,1.0068225561816797,1.0068225561816797,0.0,0.0,uncoordinated+L3,26,2024-06-29
952,3.866666666666667,0.06436,33.0,1.0081385424858769,1.0081385424858769,0.0,0.0,uncoordinated+L3,26,2024-06-29
953,3.883333333333333,0.06436,33.0,1.0076663106230668,1.0076663106230668,0.0,0.0,uncoordinated+L3,26,2024-06-29
954,3.8999999999999986,0.06436,33.0,1.0073753739414186,1.0073753739414186,0.0,0.0,uncoordinated+L3,26,2024-06-29
955,3.9166666666666643,0.06436,33.0,1.0077155988699111,1.0077155988699111,0.0,0.0,uncoordinated+L3,26,2024-06-29
956,3.9333333333333336,0.06436,33.0,1.0074486306801136,1.0074486306801136,0.0,0.0,uncoordinated+L3,26,2024-06-29
957,3.9499999999999993,0.06436,33.0,1.0077895062100448,1.0077895062100448,0.0,0.0,uncoordinated+L3,26,2024-06-29
958,3.9666666666666686,0.06436,33.0,1.0075786666075515,1.0075786666075515,0.0,0.0,uncoordinated+L3,26,2024-06-29
959,3.9833333333333343,0.06436,33.0,1.0076189071215067,1.0076189071215067,0.0,0.0,uncoordinated+L3,26,2024-06-29
960,4.0,0.05139,44.0,1.0062742186857982,1.0062742186857982,0.0,0.0,uncoordinated+L3,26,2024-06-29
961,4.016666666666666,0.05139,44.0,1.0055416275367872,1.0055416275367872,0.0,0.0,uncoordinated+L3,26,2024-06-29
962,4.033333333333331,0.05139,44.0,1.0059315114507834,1.0059315114507834,0.0,0.0,uncoordinated+L3,26,2024-06-29
963,4.050000000000001,0.05139,44.0,1.0057105598088205,1.0057105598088205,0.0,0.0,uncoordinated+L3,26,2024-06-29
964,4.066666666666666,0.05139,44.0,1.005361608805889,1.005361608805889,0.0,0.0,uncoordinated+L3,26,2024-06-29
965,4.083333333333332,0.05139,44.0,1.0055727565462902,1.0055727565462902,0.0,0.0,uncoordinated+L3,26,2024-06-29
966,4.100000000000001,0.05139,44.0,1.0046126962009625,1.0046126962009625,0.0,0.0,uncoordinated+L3,26,2024-06-29
967,4.116666666666667,0.05139,44.0,1.005731184196233,1.005731184196233,0.0,0.0,uncoordinated+L3,26,2024-06-29
968,4.133333333333333,0.05139,44.0,1.0054685839884314,1.0054685839884314,0.0,0.0,uncoordinated+L3,26,2024-06-29
969,4.149999999999999,0.05139,44.0,1.0059222511774542,1.0059222511774542,0.0,0.0,uncoordinated+L3,26,2024-06-29
970,4.166666666666668,0.05139,44.0,1.0052705756296283,1.0052705756296283,0.0,0.0,uncoordinated+L3,26,2024-06-29
971,4.183333333333334,0.05139,44.0,1.0060040028310826,1.0060040028310826,0.0,0.0,uncoordinated+L3,26,2024-06-29
972,4.199999999999999,0.05139,44.0,1.0063289217795492,1.0063289217795492,0.0,0.0,uncoordinated+L3,26,2024-06-29
973,4.216666666666665,0.05139,44.0,1.0049801811467043,1.0049801811467043,0.0,0.0,uncoordinated+L3,26,2024-06-29
974,4.233333333333334,0.05139,44.0,1.0050892207958007,1.0050892207958007,0.0,0.0,uncoordinated+L3,26,2024-06-29
975,4.25,0.05139,36.50045997580172,1.0109923092636213,1.0109923092636213,0.0,0.0,uncoordinated+L3,26,2024-06-29
976,4.266666666666666,0.05139,36.50045997580172,1.0103984519813625,1.0103984519813625,0.0,0.0,uncoordinated+L3,26,2024-06-29
977,4.283333333333331,0.05139,36.50045997580172,1.0105435674743846,1.0105435674743846,0.0,0.0,uncoordinated+L3,26,2024-06-29
978,4.300000000000001,0.05139,36.50045997580172,1.0108323813613627,1.0108323813613627,0.0,0.0,uncoordinated+L3,26,2024-06-29
979,4.316666666666666,0.05139,36.50045997580172,1.010194249972158,1.010194249972158,0.0,0.0,uncoordinated+L3,26,2024-06-29
980,4.333333333333332,0.05139,36.50045997580172,1.010209194491199,1.010209194491199,0.0,0.0,uncoordinated+L3,26,2024-06-29
981,4.350000000000001,0.05139,36.50045997580172,1.010464462309746,1.010464462309746,0.0,0.0,uncoordinated+L3,26,2024-06-29
982,4.366666666666667,0.05139,36.50045997580172,1.0104551376794024,1.0104551376794024,0.0,0.0,uncoordinated+L3,26,2024-06-29
983,4.383333333333333,0.05139,36.50045997580172,1.0107727137571632,1.0107727137571632,0.0,0.0,uncoordinated+L3,26,2024-06-29
984,4.399999999999999,0.05139,36.50045997580172,1.0104504250628197,1.0104504250628197,0.0,0.0,uncoordinated+L3,26,2024-06-29
985,4.416666666666668,0.05139,36.50045997580172,1.0102012142077823,1.0102012142077823,0.0,0.0,uncoordinated+L3,26,2024-06-29
986,4.433333333333334,0.05139,36.50045997580172,1.0107618041447963,1.0107618041447963,0.0,0.0,uncoordinated+L3,26,2024-06-29
987,4.449999999999999,0.05139,36.50045997580172,1.0105910389677506,1.0105910389677506,0.0,0.0,uncoordinated+L3,26,2024-06-29
988,4.466666666666665,0.05139,36.50045997580172,1.0099424424566195,1.0099424424566195,0.0,0.0,uncoordinated+L3,26,2024-06-29
989,4.483333333333334,0.05139,36.50045997580172,1.0106845349114226,1.0106845349114226,0.0,0.0,uncoordinated+L3,26,2024-06-29
990,4.5,0.05139,33.0,1.0056458816290545,1.0056458816290545,0.0,0.0,uncoordinated+L3,26,2024-06-29
991,4.516666666666666,0.05139,33.0,1.005176835750652,1.005176835750652,0.0,0.0,uncoordinated+L3,26,2024-06-29
992,4.533333333333331,0.05139,33.0,1.005625031891648,1.005625031891648,0.0,0.0,uncoordinated+L3,26,2024-06-29
993,4.550000000000001,0.05139,33.0,1.0048468293940591,1.0048468293940591,0.0,0.0,uncoordinated+L3,26,2024-06-29
994,4.566666666666666,0.05139,33.0,1.0058467152102006,1.0058467152102006,0.0,0.0,uncoordinated+L3,26,2024-06-29
995,4.583333333333332,0.05139,33.0,1.0047724734464838,1.0047724734464838,0.0,0.0,uncoordinated+L3,26,2024-06-29
996,4.600000000000001,0.05139,33.0,1.0055548927078453,1.0055548927078453,0.0,0.0,uncoordinated+L3,26,2024-06-29
997,4.616666666666667,0.05139,33.0,1.0056418919956647,1.0056418919956647,0.0,0.0,uncoordinated+L3,26,2024-06-29
998,4.633333333333333,0.05139,33.0,1.0046280631699238,1.0046280631699238,0.0,0.0,uncoordinated+L3,26,2024-06-29
999,4.649999999999999,0.05139,33.0,1.0047508750560687,1.0047508750560687,0.0,0.0,uncoordinated+L3,26,2024-06-29
1000,4.666666666666668,0.05139,33.0,1.005835409768542,1.005835409768542,0.0,0.0,uncoordinated+L3,26,2024-06-29
1001,4.683333333333334,0.05139,33.0,1.00520747956586,1.00520747956586,0.0,0.0,uncoordinated+L3,26,2024-06-29
1002,4.699999999999999,0.05139,33.0,1.0054168932287404,1.0054168932287404,0.0,0.0,uncoordinated+L3,26,2024-06-29
1003,4.716666666666665,0.05139,33.0,1.0056646302602086,1.0056646302602086,0.0,0.0,uncoordinated+L3,26,2024-06-29
1004,4.733333333333334,0.05139,33.0,1.0068479886441977,1.0068479886441977,0.0,0.0,uncoordinated+L3,26,2024-06-29
1005,4.75,0.05139,33.0,1.0120191845649178,1.0120191845649178,0.0,0.0,uncoordinated+L3,26,2024-06-29
1006,4.766666666666666,0.05139,33.0,1.0124060529759766,1.0124060529759766,0.0,0.0,uncoordinated+L3,26,2024-06-29
1007,4.783333333333331,0.05139,33.0,1.0123870097508587,1.0123870097508587,0.0,0.0,uncoordinated+L3,26,2024-06-29
1008,4.800000000000001,0.05139,33.0,1.012372532719737,1.012372532719737,0.0,0.0,uncoordinated+L3,26,2024-06-29
1009,4.816666666666666,0.05139,33.0,1.0125738096930734,1.0125738096930734,0.0,0.0,uncoordinated+L3,26,2024-06-29
1010,4.833333333333332,0.05139,33.0,1.0123639501321329,1.0123639501321329,0.0,0.0,uncoordinated+L3,26,2024-06-29
1011,4.850000000000001,0.05139,33.0,1.01232593987462,1.01232593987462,0.0,0.0,uncoordinated+L3,26,2024-06-29
1012,4.866666666666667,0.05139,33.0,1.0119434788038424,1.0119434788038424,0.0,0.0,uncoordinated+L3,26,2024-06-29
1013,4.883333333333333,0.05139,33.0,1.012251853297786,1.012251853297786,0.0,0.0,uncoordinated+L3,26,2024-06-29
1014,4.899999999999999,0.05139,33.0,1.0118713105736108,1.0118713105736108,0.0,0.0,uncoordinated+L3,26,2024-06-29
1015,4.916666666666668,0.05139,33.0,1.012099265341858,1.012099265341858,0.0,0.0,uncoordinated+L3,26,2024-06-29
1016,4.933333333333334,0.05139,33.0,1.012317719886458,1.012317719886458,0.0,0.0,uncoordinated+L3,26,2024-06-29
1017,4.949999999999999,0.05139,33.0,1.012608201747555,1.012608201747555,0.0,0.0,uncoordinated+L3,26,2024-06-29
1018,4.966666666666665,0.05139,33.0,1.0120946712132044,1.0120946712132044,0.0,0.0,uncoordinated+L3,26,2024-06-29
1019,4.983333333333334,0.05139,33.0,1.0119876042428064,1.0119876042428064,0.0,0.0,uncoordinated+L3,26,2024-06-29
1020,5.0,0.05156,44.0,1.0082077096981343,1.0082077096981343,0.0,0.0,uncoordinated+L3,26,2024-06-29
1021,5.016666666666666,0.05156,44.0,1.0073199199067953,1.0073199199067953,0.0,0.0,uncoordinated+L3,26,2024-06-29
1022,5.033333333333331,0.05156,44.0,1.008431357605841,1.008431357605841,0.0,0.0,uncoordinated+L3,26,2024-06-29
1023,5.050000000000001,0.05156,44.0,1.0074402807019656,1.0074402807019656,0.0,0.0,uncoordinated+L3,26,2024-06-29
1024,5.066666666666666,0.05156,44.0,1.0080578435914114,1.0080578435914114,0.0,0.0,uncoordinated+L3,26,2024-06-29
1025,5.083333333333332,0.05156,44.0,1.0080509235563153,1.0080509235563153,0.0,0.0,uncoordinated+L3,26,2024-06-29
1026,5.100000000000001,0.05156,44.0,1.008163665364718,1.008163665364718,0.0,0.0,uncoordinated+L3,26,2024-06-29
1027,5.116666666666667,0.05156,44.0,1.0082867641507256,1.0082867641507256,0.0,0.0,uncoordinated+L3,26,2024-06-29
1028,5.133333333333333,0.05156,44.0,1.0082669531343273,1.0082669531343273,0.0,0.0,uncoordinated+L3,26,2024-06-29
1029,5.149999999999999,0.05156,44.0,1.0080760777228999,1.0080760777228999,0.0,0.0,uncoordinated+L3,26,2024-06-29
1030,5.166666666666668,0.05156,44.0,1.008392253175531,1.008392253175531,0.0,0.0,uncoordinated+L3,26,2024-06-29
1031,5.183333333333334,0.05156,44.0,1.0080591374416357,1.0080591374416357,0.0,0.0,uncoordinated+L3,26,2024-06-29
1032,5.199999999999999,0.05156,44.0,1.0083053527128634,1.0083053527128634,0.0,0.0,uncoordinated+L3,26,2024-06-29
1033,5.216666666666665,0.05156,44.0,1.007832383121825,1.007832383121825,0.0,0.0,uncoordinated+L3,26,2024-06-29
1034,5.233333333333334,0.05156,44.0,1.0086710014423002,1.0086710014423002,0.0,0.0,uncoordinated+L3,26,2024-06-29
1035,5.25,0.05156,13.06881252086607,0.998595775830399,0.998595775830399,0.0,0.0,uncoordinated+L3,26,2024-06-29
1036,5.266666666666666,0.05156,13.06881252086607,0.9984213446709255,0.9984213446709255,0.0,0.0,uncoordinated+L3,26,2024-06-29
1037,5.283333333333331,0.05156,13.06881252086607,0.9973414905654817,0.9973414905654817,0.0,0.0,uncoordinated+L3,26,2024-06-29
1038,5.300000000000001,0.05156,13.06881252086607,1.0008871929058956,1.0008871929058956,0.0,0.0,uncoordinated+L3,26,2024-06-29
1039,5.316666666666666,0.05156,13.06881252086607,0.9970780823590153,0.9970780823590153,0.0,0.0,uncoordinated+L3,26,2024-06-29
1040,5.333333333333332,0.05156,13.06881252086607,0.9975899513501193,0.9975899513501193,0.0,0.0,uncoordinated+L3,26,2024-06-29
1041,5.350000000000001,0.05156,13.06881252086607,0.9985375925713154,0.9985375925713154,0.0,0.0,uncoordinated+L3,26,2024-06-29
1042,5.366666666666667,0.05156,13.06881252086607,0.9996300691517718,0.9996300691517718,0.0,0.0,uncoordinated+L3,26,2024-06-29
1043,5.383333333333333,0.05156,13.06881252086607,0.9976547186116909,0.9976547186116909,0.0,0.0,uncoordinated+L3,26,2024-06-29
1044,5.399999999999999,0.05156,13.06881252086607,0.999064436999182,0.999064436999182,0.0,0.0,uncoordinated+L3,26,2024-06-29
1045,5.416666666666668,0.05156,13.06881252086607,0.9988340501542811,0.9988340501542811,0.0,0.0,uncoordinated+L3,26,2024-06-29
1046,5.433333333333334,0.05156,13.06881252086607,0.9977788043201579,0.9977788043201579,0.0,0.0,uncoordinated+L3,26,2024-06-29
1047,5.449999999999999,0.05156,13.06881252086607,0.9995601261482095,0.9995601261482095,0.0,0.0,uncoordinated+L3,26,2024-06-29
1048,5.466666666666665,0.05156,13.06881252086607,0.9979602703419128,0.9979602703419128,0.0,0.0,uncoordinated+L3,26,2024-06-29
1049,5.483333333333334,0.05156,13.06881252086607,0.9984073699698948,0.9984073699698948,0.0,0.0,uncoordinated+L3,26,2024-06-29
1050,5.5,0.05156,11.0,1.0095919177970396,1.0095919177970396,0.0,0.0,uncoordinated+L3,26,2024-06-29
1051,5.516666666666666,0.05156,11.0,1.0090897559172423,1.0090897559172423,0.0,0.0,uncoordinated+L3,26,2024-06-29
1052,5.533333333333331,0.05156,11.0,1.009562382385132,1.009562382385132,0.0,0.0,uncoordinated+L3,26,2024-06-29
1053,5.550000000000001,0.05156,11.0,1.0091215293675138,1.0091215293675138,0.0,0.0,uncoordinated+L3,26,2024-06-29
1054,5.566666666666666,0.05156,11.0,1.009820799734309,1.009820799734309,0.0,0.0,uncoordinated+L3,26,2024-06-29
1055,5.583333333333332,0.05156,11.0,1.0091321834923486,1.0091321834923486,0.0,0.0,uncoordinated+L3,26,2024-06-29
1056,5.600000000000001,0.05156,11.0,1.0089817416753173,1.0089817416753173,0.0,0.0,uncoordinated+L3,26,2024-06-29
1057,5.616666666666667,0.05156,11.0,1.0089038024831085,1.0089038024831085,0.0,0.0,uncoordinated+L3,26,2024-06-29
1058,5.633333333333333,0.05156,11.0,1.0095585634510473,1.0095585634510473,0.0,0.0,uncoordinated+L3,26,2024-06-29
1059,5.649999999999999,0.05156,11.0,1.0095508114605043,1.0095508114605043,0.0,0.0,uncoordinated+L3,26,2024-06-29
1060,5.666666666666668,0.05156,11.0,1.008870848447925,1.008870848447925,0.0,0.0,uncoordinated+L3,26,2024-06-29
1061,5.683333333333334,0.05156,11.0,1.0097571459563284,1.0097571459563284,0.0,0.0,uncoordinated+L3,26,2024-06-29
1062,5.699999999999999,0.05156,11.0,1.0093592341721684,1.0093592341721684,0.0,0.0,uncoordinated+L3,26,2024-06-29
1063,5.716666666666665,0.05156,11.0,1.0089528521759998,1.0089528521759998,0.0,0.0,uncoordinated+L3,26,2024-06-29
1064,5.733333333333334,0.05156,11.0,1.0094936701913042,1.0094936701913042,0.0,0.0,uncoordinated+L3,26,2024-06-29
1065,5.75,0.05156,33.0,1.0106428893467696,1.0106428893467696,0.0,0.0,uncoordinated+L3,26,2024-06-29
1066,5.766666666666666,0.05156,33.0,1.0102171550415593,1.0102171550415593,0.0,0.0,uncoordinated+L3,26,2024-06-29
1067,5.783333333333331,0.05156,33.0,1.0103089721482947,1.0103089721482947,0.0,0.0,uncoordinated+L3,26,2024-06-29
1068,5.800000000000001,0.05156,33.0,1.0102156369195008,1.0102156369195008,0.0,0.0,uncoordinated+L3,26,2024-06-29
1069,5.816666666666666,0.05156,33.0,1.0104355118695163,1.0104355118695163,0.0,0.0,uncoordinated+L3,26,2024-06-29
1070,5.833333333333332,0.05156,33.0,1.0094796703017406,1.0094796703017406,0.0,0.0,uncoordinated+L3,26,2024-06-29
1071,5.850000000000001,0.05156,33.0,1.0099685022775657,1.0099685022775657,0.0,0.0,uncoordinated+L3,26,2024-06-29
1072,5.866666666666667,0.05156,33.0,1.0104689091189334,1.0104689091189334,0.0,0.0,uncoordinated+L3,26,2024-06-29
1073,5.883333333333333,0.05156,33.0,1.0103997668388567,1.0103997668388567,0.0,0.0,uncoordinated+L3,26,2024-06-29
1074,5.899999999999999,0.05156,33.0,1.0106955688398,1.0106955688398,0.0,0.0,uncoordinated+L3,26,2024-06-29
1075,5.916666666666668,0.05156,33.0,1.0102475404025186,1.0102475404025186,0.0,0.0,uncoordinated+L3,26,2024-06-29
1076,5.933333333333334,0.05156,33.0,1.010823299494744,1.010823299494744,0.0,0.0,uncoordinated+L3,26,2024-06-29
1077,5.949999999999999,0.05156,33.0,1.0098847792966703,1.0098847792966703,0.0,0.0,uncoordinated+L3,26,2024-06-29
1078,5.966666666666665,0.05156,33.0,1.0107029226276492,1.0107029226276492,0.0,0.0,uncoordinated+L3,26,2024-06-29
1079,5.983333333333334,0.05156,33.0,1.010870736589952,1.010870736589952,0.0,0.0,uncoordinated+L3,26,2024-06-29
1080,6.0,0.02042,25.00110317276993,1.0081348437002347,1.0081348437002347,0.0,0.0,uncoordinated+L3,26,2024-06-29
1081,6.016666666666666,0.02042,25.00110317276993,1.0081820062915423,1.0081820062915423,0.0,0.0,uncoordinated+L3,26,2024-06-29
1082,6.033333333333331,0.02042,25.00110317276993,1.0078552048275489,1.0078552048275489,0.0,0.0,uncoordinated+L3,26,2024-06-29
1083,6.050000000000001,0.02042,25.00110317276993,1.0078440205248476,1.0078440205248476,0.0,0.0,uncoordinated+L3,26,2024-06-29
1084,6.066666666666666,0.02042,25.00110317276993,1.0086662049485438,1.0086662049485438,0.0,0.0,uncoordinated+L3,26,2024-06-29
1085,6.083333333333332,0.02042,25.00110317276993,1.0085358732560512,1.0085358732560512,0.0,0.0,uncoordinated+L3,26,2024-06-29
1086,6.100000000000001,0.02042,25.00110317276993,1.008310560062829,1.008310560062829,0.0,0.0,uncoordinated+L3,26,2024-06-29
1087,6.116666666666667,0.02042,25.00110317276993,1.0084985206576502,1.0084985206576502,0.0,0.0,uncoordinated+L3,26,2024-06-29
1088,6.133333333333333,0.02042,25.00110317276993,1.0081327693508109,1.0081327693508109,0.0,0.0,uncoordinated+L3,26,2024-06-29
1089,6.149999999999999,0.02042,25.00110317276993,1.0078014615034205,1.0078014615034205,0.0,0.0,uncoordinated+L3,26,2024-06-29
1090,6.166666666666668,0.02042,25.00110317276993,1.0082560993027603,1.0082560993027603,0.0,0.0,uncoordinated+L3,26,2024-06-29
1091,6.183333333333334,0.02042,25.00110317276993,1.0074941283041503,1.0074941283041503,0.0,0.0,uncoordinated+L3,26,2024-06-29
1092,6.199999999999999,0.02042,25.00110317276993,1.0091050873421665,1.0091050873421665,0.0,0.0,uncoordinated+L3,26,2024-06-29
1093,6.216666666666665,0.02042,25.00110317276993,1.0084661965814088,1.0084661965814088,0.0,0.0,uncoordinated+L3,26,2024-06-29
1094,6.233333333333334,0.02042,25.001103172768257,1.0085952633275612,1.0085952633275612,0.0,0.0,uncoordinated+L3,26,2024-06-29
1095,6.25,0.02042,11.0,1.014465691319625,1.014465691319625,0.0,0.0,uncoordinated+L3,26,2024-06-29
1096,6.266666666666666,0.02042,11.0,1.0142911963863734,1.0142911963863734,0.0,0.0,uncoordinated+L3,26,2024-06-29
1097,6.283333333333331,0.02042,11.0,1.0147027170175644,1.0147027170175644,0.0,0.0,uncoordinated+L3,26,2024-06-29
1098,6.300000000000001,0.02042,11.0,1.0144869614373675,1.0144869614373675,0.0,0.0,uncoordinated+L3,26,2024-06-29
1099,6.316666666666666,0.02042,11.0,1.0153316911336483,1.0153316911336483,0.0,0.0,uncoordinated+L3,26,2024-06-29
1100,6.333333333333332,0.02042,11.0,1.014512113375908,1.014512113375908,0.0,0.0,uncoordinated+L3,26,2024-06-29
1101,6.350000000000001,0.02042,11.0,1.0146090645469592,1.0146090645469592,0.0,0.0,uncoordinated+L3,26,2024-06-29
1102,6.366666666666667,0.02042,11.0,1.014024763197658,1.014024763197658,0.0,0.0,uncoordinated+L3,26,2024-06-29
1103,6.383333333333333,0.02042,11.0,1.0143020427490006,1.0143020427490006,0.0,0.0,uncoordinated+L3,26,2024-06-29
1104,6.399999999999999,0.02042,11.0,1.0139240691754114,1.0139240691754114,0.0,0.0,uncoordinated+L3,26,2024-06-29
1105,6.416666666666668,0.02042,11.0,1.0145692064687635,1.0145692064687635,0.0,0.0,uncoordinated+L3,26,2024-06-29
1106,6.433333333333334,0.02042,11.0,1.014645717445229,1.014645717445229,0.0,0.0,uncoordinated+L3,26,2024-06-29
1107,6.449999999999999,0.02042,11.0,1.0143884952200348,1.0143884952200348,0.0,0.0,uncoordinated+L3,26,2024-06-29
1108,6.466666666666665,0.02042,11.0,1.014702870863318,1.014702870863318,0.0,0.0,uncoordinated+L3,26,2024-06-29
1109,6.483333333333334,0.02042,11.0,1.0145228438641318,1.0145228438641318,0.0,0.0,uncoordinated+L3,26,2024-06-29
1110,6.5,0.02042,28.077677815396903,1.0079975465585396,1.0079975465585396,0.0,0.0,uncoordinated+L3,26,2024-06-29
1111,6.516666666666666,0.02042,28.077677815396903,1.0081008259281579,1.0081008259281579,0.0,0.0,uncoordinated+L3,26,2024-06-29
1112,6.533333333333331,0.02042,28.077677815396903,1.008465686409043,1.008465686409043,0.0,0.0,uncoordinated+L3,26,2024-06-29
1113,6.550000000000001,0.02042,28.077677815396903,1.008306559054768,1.008306559054768,0.0,0.0,uncoordinated+L3,26,2024-06-29
1114,6.566666666666666,0.02042,28.077677815396903,1.0084732237527931,1.0084732237527931,0.0,0.0,uncoordinated+L3,26,2024-06-29
1115,6.583333333333332,0.02042,28.077677815396903,1.0080874811508966,1.0080874811508966,0.0,0.0,uncoordinated+L3,26,2024-06-29
1116,6.600000000000001,0.02042,28.077677815396903,1.0087667156147748,1.0087667156147748,0.0,0.0,uncoordinated+L3,26,2024-06-29
1117,6.616666666666667,0.02042,28.077677815396903,1.008265496221327,1.008265496221327,0.0,0.0,uncoordinated+L3,26,2024-06-29
1118,6.633333333333333,0.02042,28.077677815396903,1.0079311764973697,1.0079311764973697,0.0,0.0,uncoordinated+L3,26,2024-06-29
1119,6.649999999999999,0.02042,28.077677815396903,1.0087441793635947,1.0087441793635947,0.0,0.0,uncoordinated+L3,26,2024-06-29
1120,6.666666666666668,0.02042,28.077677815396903,1.008364084033092,1.008364084033092,0.0,0.0,uncoordinated+L3,26,2024-06-29
1121,6.683333333333334,0.02042,28.077677815396903,1.0087647710769188,1.0087647710769188,0.0,0.0,uncoordinated+L3,26,2024-06-29
1122,6.699999999999999,0.02042,28.077677815396903,1.0078824957082244,1.0078824957082244,0.0,0.0,uncoordinated+L3,26,2024-06-29
1123,6.716666666666665,0.02042,28.077677815396903,1.0084137499320596,1.0084137499320596,0.0,0.0,uncoordinated+L3,26,2024-06-29
1124,6.733333333333334,0.02042,28.077677815395226,1.0091834121502206,1.0091834121502206,0.0,0.0,uncoordinated+L3,26,2024-06-29
1125,6.75,0.02042,22.0,1.009242421510891,1.009242421510891,0.0,0.0,uncoordinated+L3,26,2024-06-29
1126,6.766666666666666,0.02042,22.0,1.009929587768027,1.009929587768027,0.0,0.0,uncoordinated+L3,26,2024-06-29
1127,6.783333333333331,0.02042,22.0,1.00942786968851,1.00942786968851,0.0,0.0,uncoordinated+L3,26,2024-06-29
1128,6.800000000000001,0.02042,22.0,1.0097558848609482,1.0097558848609482,0.0,0.0,uncoordinated+L3,26,2024-06-29
1129,6.816666666666666,0.02042,22.0,1.0095875326320387,1.0095875326320387,0.0,0.0,uncoordinated+L3,26,2024-06-29
1130,6.833333333333332,0.02042,22.0,1.008972875152716,1.008972875152716,0.0,0.0,uncoordinated+L3,26,2024-06-29
1131,6.850000000000001,0.02042,22.0,1.0097937237006862,1.0097937237006862,0.0,0.0,uncoordinated+L3,26,2024-06-29
1132,6.866666666666667,0.02042,22.0,1.0102036104817758,1.0102036104817758,0.0,0.0,uncoordinated+L3,26,2024-06-29
1133,6.883333333333333,0.02042,22.0,1.0090623450254068,1.0090623450254068,0.0,0.0,uncoordinated+L3,26,2024-06-29
1134,6.899999999999999,0.02042,22.0,1.0102364978733076,1.0102364978733076,0.0,0.0,uncoordinated+L3,26,2024-06-29
1135,6.916666666666668,0.02042,22.0,1.0090967683807175,1.0090967683807175,0.0,0.0,uncoordinated+L3,26,2024-06-29
1136,6.933333333333334,0.02042,22.0,1.0102368622851003,1.0102368622851003,0.0,0.0,uncoordinated+L3,26,2024-06-29
1137,6.949999999999999,0.02042,22.0,1.0100523467254456,1.0100523467254456,0.0,0.0,uncoordinated+L3,26,2024-06-29
1138,6.966666666666665,0.02042,22.0,1.0101595665547514,1.0101595665547514,0.0,0.0,uncoordinated+L3,26,2024-06-29
1139,6.983333333333334,0.02042,22.0,1.0091556074201442,1.0091556074201442,0.0,0.0,uncoordinated+L3,26,2024-06-29
1140,7.0,0.00683,11.0,1.012244564463695,1.012244564463695,0.0,0.0,uncoordinated+L3,26,2024-06-29
1141,7.016666666666666,0.00683,11.0,1.0124220303757767,1.0124220303757767,0.0,0.0,uncoordinated+L3,26,2024-06-29
1142,7.033333333333331,0.00683,11.0,1.011507597117617,1.011507597117617,0.0,0.0,uncoordinated+L3,26,2024-06-29
1143,7.050000000000001,0.00683,11.0,1.0115743085964475,1.0115743085964475,0.0,0.0,uncoordinated+L3,26,2024-06-29
1144,7.066666666666666,0.00683,11.0,1.0120295709808598,1.0120295709808598,0.0,0.0,uncoordinated+L3,26,2024-06-29
1145,7.083333333333332,0.00683,11.0,1.0123368043870413,1.0123368043870413,0.0,0.0,uncoordinated+L3,26,2024-06-29
1146,7.100000000000001,0.00683,11.0,1.0122157411943318,1.0122157411943318,0.0,0.0,uncoordinated+L3,26,2024-06-29
1147,7.116666666666667,0.00683,11.0,1.0122637719126835,1.0122637719126835,0.0,0.0,uncoordinated+L3,26,2024-06-29
1148,7.133333333333333,0.00683,11.0,1.0116519342040662,1.0116519342040662,0.0,0.0,uncoordinated+L3,26,2024-06-29
1149,7.149999999999999,0.00683,11.0,1.0121512956210463,1.0121512956210463,0.0,0.0,uncoordinated+L3,26,2024-06-29
1150,7.166666666666668,0.00683,11.0,1.0121353128520871,1.0121353128520871,0.0,0.0,uncoordinated+L3,26,2024-06-29
1151,7.183333333333334,0.00683,11.0,1.012870411208794,1.012870411208794,0.0,0.0,uncoordinated+L3,26,2024-06-29
1152,7.199999999999999,0.00683,11.0,1.0119756288331905,1.0119756288331905,0.0,0.0,uncoordinated+L3,26,2024-06-29
1153,7.216666666666665,0.00683,11.0,1.0119363068277223,1.0119363068277223,0.0,0.0,uncoordinated+L3,26,2024-06-29
1154,7.233333333333334,0.00683,11.0,1.0115205349995282,1.0115205349995282,0.0,0.0,uncoordinated+L3,26,2024-06-29
1155,7.25,0.00683,11.0,1.0088793667790192,1.0088793667790192,0.0,0.0,uncoordinated+L3,26,2024-06-29
1156,7.266666666666666,0.00683,11.0,1.0099629536712011,1.0099629536712011,0.0,0.0,uncoordinated+L3,26,2024-06-29
1157,7.283333333333331,0.00683,11.0,1.0092692966724763,1.0092692966724763,0.0,0.0,uncoordinated+L3,26,2024-06-29
1158,7.300000000000001,0.00683,11.0,1.009512548741823,1.009512548741823,0.0,0.0,uncoordinated+L3,26,2024-06-29
1159,7.316666666666666,0.00683,11.0,1.0090819938977227,1.0090819938977227,0.0,0.0,uncoordinated+L3,26,2024-06-29
1160,7.333333333333332,0.00683,11.0,1.0098238333408802,1.0098238333408802,0.0,0.0,uncoordinated+L3,26,2024-06-29
1161,7.350000000000001,0.00683,11.0,1.0100540131918403,1.0100540131918403,0.0,0.0,uncoordinated+L3,26,2024-06-29
1162,7.366666666666667,0.00683,11.0,1.0104123710560946,1.0104123710560946,0.0,0.0,uncoordinated+L3,26,2024-06-29
1163,7.383333333333333,0.00683,11.0,1.0092735705048819,1.0092735705048819,0.0,0.0,uncoordinated+L3,26,2024-06-29
1164,7.399999999999999,0.00683,11.0,1.009515410857409,1.009515410857409,0.0,0.0,uncoordinated+L3,26,2024-06-29
1165,7.416666666666668,0.00683,11.0,1.0096074320296693,1.0096074320296693,0.0,0.0,uncoordinated+L3,26,2024-06-29
1166,7.433333333333334,0.00683,11.0,1.0096760646184157,1.0096760646184157,0.0,0.0,uncoordinated+L3,26,2024-06-29
1167,7.449999999999999,0.00683,11.0,1.0091932786043327,1.0091932786043327,0.0,0.0,uncoordinated+L3,26,2024-06-29
1168,7.466666666666665,0.00683,11.0,1.0095978435781323,1.0095978435781323,0.0,0.0,uncoordinated+L3,26,2024-06-29
1169,7.483333333333334,0.00683,11.0,1.0098602891824704,1.0098602891824704,0.0,0.0,uncoordinated+L3,26,2024-06-29
1170,7.5,0.00683,15.974757570354374,1.0105469525646311,1.0105469525646311,0.0,0.0,uncoordinated+L3,26,2024-06-29
1171,7.516666666666666,0.00683,15.974757570354374,1.0106810699145856,1.0106810699145856,0.0,0.0,uncoordinated+L3,26,2024-06-29
1172,7.533333333333331,0.00683,11.0,1.0105128326638073,1.0105128326638073,0.0,0.0,uncoordinated+L3,26,2024-06-29
1173,7.550000000000001,0.00683,11.0,1.0111073852497465,1.0111073852497465,0.0,0.0,uncoordinated+L3,26,2024-06-29
1174,7.566666666666666,0.00683,11.0,1.010854499652858,1.010854499652858,0.0,0.0,uncoordinated+L3,26,2024-06-29
1175,7.583333333333332,0.00683,11.0,1.0107117624950028,1.0107117624950028,0.0,0.0,uncoordinated+L3,26,2024-06-29
1176,7.600000000000001,0.00683,11.0,1.0107748128973237,1.0107748128973237,0.0,0.0,uncoordinated+L3,26,2024-06-29
1177,7.616666666666667,0.00683,11.0,1.011229195008722,1.011229195008722,0.0,0.0,uncoordinated+L3,26,2024-06-29
1178,7.633333333333333,0.00683,11.0,1.0101691008284779,1.0101691008284779,0.0,0.0,uncoordinated+L3,26,2024-06-29
1179,7.649999999999999,0.00683,11.0,1.0108922796201092,1.0108922796201092,0.0,0.0,uncoordinated+L3,26,2024-06-29
1180,7.666666666666668,0.00683,11.0,1.0097719470730182,1.0097719470730182,0.0,0.0,uncoordinated+L3,26,2024-06-29
1181,7.683333333333334,0.00683,11.0,1.0106526817845523,1.0106526817845523,0.0,0.0,uncoordinated+L3,26,2024-06-29
1182,7.699999999999999,0.00683,11.0,1.010837717703905,1.010837717703905,0.0,0.0,uncoordinated+L3,26,2024-06-29
1183,7.716666666666665,0.00683,11.0,1.0099991713528156,1.0099991713528156,0.0,0.0,uncoordinated+L3,26,2024-06-29
1184,7.733333333333334,0.00683,11.0,1.0107286292490398,1.0107286292490398,0.0,0.0,uncoordinated+L3,26,2024-06-29
1185,7.75,0.00683,0.0,1.0098977373036302,1.0098977373036302,0.0,0.0,uncoordinated+L3,26,2024-06-29
1186,7.766666666666666,0.00683,0.0,1.010370292000709,1.010370292000709,0.0,0.0,uncoordinated+L3,26,2024-06-29
1187,7.783333333333331,0.00683,0.0,1.0102422537904145,1.0102422537904145,0.0,0.0,uncoordinated+L3,26,2024-06-29
1188,7.800000000000001,0.00683,0.0,1.0106248641214175,1.0106248641214175,0.0,0.0,uncoordinated+L3,26,2024-06-29
1189,7.816666666666666,0.00683,0.0,1.010186007921791,1.010186007921791,0.0,0.0,uncoordinated+L3,26,2024-06-29
1190,7.833333333333332,0.00683,0.0,1.0111535996056986,1.0111535996056986,0.0,0.0,uncoordinated+L3,26,2024-06-29
1191,7.850000000000001,0.00683,0.0,1.0104608042667824,1.0104608042667824,0.0,0.0,uncoordinated+L3,26,2024-06-29
1192,7.866666666666667,0.00683,0.0,1.0099521113194594,1.0099521113194594,0.0,0.0,uncoordinated+L3,26,2024-06-29
1193,7.883333333333333,0.00683,0.0,1.0101655662360463,1.0101655662360463,0.0,0.0,uncoordinated+L3,26,2024-06-29
1194,7.899999999999999,0.00683,0.0,1.0106882782467026,1.0106882782467026,0.0,0.0,uncoordinated+L3,26,2024-06-29
1195,7.916666666666668,0.00683,0.0,1.0104367045916935,1.0104367045916935,0.0,0.0,uncoordinated+L3,26,2024-06-29
1196,7.933333333333334,0.00683,0.0,1.0098488653567816,1.0098488653567816,0.0,0.0,uncoordinated+L3,26,2024-06-29
1197,7.949999999999999,0.00683,0.0,1.0103423364080568,1.0103423364080568,0.0,0.0,uncoordinated+L3,26,2024-06-29
1198,7.966666666666665,0.00683,0.0,1.0092062858647795,1.0092062858647795,0.0,0.0,uncoordinated+L3,26,2024-06-29
1199,7.983333333333334,0.00683,0.0,1.010370502391338,1.010370502391338,0.0,0.0,uncoordinated+L3,26,2024-06-29
1200,8.0,0.00082,11.0,1.0080613598891626,1.0080613598891626,0.0,0.0,uncoordinated+L3,26,2024-06-29
1201,8.016666666666666,0.00082,11.0,1.008757721427653,1.008757721427653,0.0,0.0,uncoordinated+L3,26,2024-06-29
1202,8.033333333333331,0.00082,11.0,1.0084143689210825,1.0084143689210825,0.0,0.0,uncoordinated+L3,26,2024-06-29
1203,8.049999999999997,0.00082,11.0,1.0084214204947053,1.0084214204947053,0.0,0.0,uncoordinated+L3,26,2024-06-29
1204,8.066666666666663,0.00082,11.0,1.0086497653668471,1.0086497653668471,0.0,0.0,uncoordinated+L3,26,2024-06-29
1205,8.083333333333329,0.00082,11.0,1.008087870129307,1.008087870129307,0.0,0.0,uncoordinated+L3,26,2024-06-29
1206,8.100000000000001,0.00082,11.0,1.0086984485092834,1.0086984485092834,0.0,0.0,uncoordinated+L3,26,2024-06-29
1207,8.116666666666667,0.00082,11.0,1.0084219720649898,1.0084219720649898,0.0,0.0,uncoordinated+L3,26,2024-06-29
1208,8.133333333333333,0.00082,11.0,1.0083169336542794,1.0083169336542794,0.0,0.0,uncoordinated+L3,26,2024-06-29
1209,8.149999999999999,0.00082,11.0,1.0085502834389006,1.0085502834389006,0.0,0.0,uncoordinated+L3,26,2024-06-29
1210,8.166666666666671,0.00082,11.0,1.0081736163755037,1.0081736163755037,0.0,0.0,uncoordinated+L3,26,2024-06-29
1211,8.183333333333337,0.00082,11.0,1.008705858578232,1.008705858578232,0.0,0.0,uncoordinated+L3,26,2024-06-29
1212,8.200000000000003,0.00082,11.0,1.0094842929094243,1.0094842929094243,0.0,0.0,uncoordinated+L3,26,2024-06-29
1213,8.216666666666669,0.00082,11.0,1.007958668305944,1.007958668305944,0.0,0.0,uncoordinated+L3,26,2024-06-29
1214,8.233333333333334,0.00082,11.0,1.0088531299772507,1.0088531299772507,0.0,0.0,uncoordinated+L3,26,2024-06-29
1215,8.25,0.00082,11.0,1.0115134871750033,1.0115134871750033,0.0,0.0,uncoordinated+L3,26,2024-06-29
1216,8.266666666666666,0.00082,11.0,1.0114448995623733,1.0114448995623733,0.0,0.0,uncoordinated+L3,26,2024-06-29
1217,8.283333333333331,0.00082,11.0,1.0109146811494782,1.0109146811494782,0.0,0.0,uncoordinated+L3,26,2024-06-29
1218,8.299999999999997,0.00082,11.0,1.0117612038070092,1.0117612038070092,0.0,0.0,uncoordinated+L3,26,2024-06-29
1219,8.316666666666663,0.00082,11.0,1.0114209427801732,1.0114209427801732,0.0,0.0,uncoordinated+L3,26,2024-06-29
1220,8.333333333333329,0.00082,11.0,1.011944270299868,1.011944270299868,0.0,0.0,uncoordinated+L3,26,2024-06-29
1221,8.350000000000001,0.00082,11.0,1.011224687152543,1.011224687152543,0.0,0.0,uncoordinated+L3,26,2024-06-29
1222,8.366666666666667,0.00082,11.0,1.0117848757661843,1.0117848757661843,0.0,0.0,uncoordinated+L3,26,2024-06-29
1223,8.383333333333333,0.00082,11.0,1.01195560669627,1.01195560669627,0.0,0.0,uncoordinated+L3,26,2024-06-29
1224,8.399999999999999,0.00082,11.0,1.0116576236513937,1.0116576236513937,0.0,0.0,uncoordinated+L3,26,2024-06-29
1225,8.416666666666671,0.00082,11.0,1.0112410462665946,1.0112410462665946,0.0,0.0,uncoordinated+L3,26,2024-06-29
1226,8.433333333333337,0.00082,11.0,1.0115335812159385,1.0115335812159385,0.0,0.0,uncoordinated+L3,26,2024-06-29
1227,8.450000000000003,0.00082,11.0,1.0112464000558627,1.0112464000558627,0.0,0.0,uncoordinated+L3,26,2024-06-29
1228,8.466666666666669,0.00082,11.0,1.0115775519062857,1.0115775519062857,0.0,0.0,uncoordinated+L3,26,2024-06-29
1229,8.483333333333334,0.00082,11.0,1.0113711304364432,1.0113711304364432,0.0,0.0,uncoordinated+L3,26,2024-06-29
1230,8.5,0.00082,0.0,1.0107104612718651,1.0107104612718651,0.0,0.0,uncoordinated+L3,26,2024-06-29
1231,8.516666666666666,0.00082,0.0,1.0108268744885172,1.0108268744885172,0.0,0.0,uncoordinated+L3,26,2024-06-29
1232,8.533333333333331,0.00082,0.0,1.0100087254202779,1.0100087254202779,0.0,0.0,uncoordinated+L3,26,2024-06-29
1233,8.549999999999997,0.00082,0.0,1.0107059244300658,1.0107059244300658,0.0,0.0,uncoordinated+L3,26,2024-06-29
1234,8.566666666666663,0.00082,0.0,1.009534515851709,1.009534515851709,0.0,0.0,uncoordinated+L3,26,2024-06-29
1235,8.583333333333329,0.00082,0.0,1.0095748125953932,1.0095748125953932,0.0,0.0,uncoordinated+L3,26,2024-06-29
1236,8.600000000000001,0.00082,0.0,1.0100683245009705,1.0100683245009705,0.0,0.0,uncoordinated+L3,26,2024-06-29
1237,8.616666666666667,0.00082,0.0,1.0102727247355217,1.0102727247355217,0.0,0.0,uncoordinated+L3,26,2024-06-29
1238,8.633333333333333,0.00082,0.0,1.0099690318770216,1.0099690318770216,0.0,0.0,uncoordinated+L3,26,2024-06-29
1239,8.649999999999999,0.00082,0.0,1.0096931507339055,1.0096931507339055,0.0,0.0,uncoordinated+L3,26,2024-06-29
1240,8.666666666666671,0.00082,0.0,1.0092794996174679,1.0092794996174679,0.0,0.0,uncoordinated+L3,26,2024-06-29
1241,8.683333333333337,0.00082,0.0,1.0100450100657496,1.0100450100657496,0.0,0.0,uncoordinated+L3,26,2024-06-29
1242,8.700000000000003,0.00082,0.0,1.0099436333923393,1.0099436333923393,0.0,0.0,uncoordinated+L3,26,2024-06-29
1243,8.716666666666669,0.00082,0.0,1.0104520820708154,1.0104520820708154,0.0,0.0,uncoordinated+L3,26,2024-06-29
1244,8.733333333333334,0.00082,0.0,1.010659728270527,1.010659728270527,0.0,0.0,uncoordinated+L3,26,2024-06-29
1245,8.75,0.00082,11.0,1.0074617831340544,1.0074617831340544,0.0,0.0,uncoordinated+L3,26,2024-06-29
1246,8.766666666666666,0.00082,11.0,1.0076870916075198,1.0076870916075198,0.0,0.0,uncoordinated+L3,26,2024-06-29
1247,8.783333333333331,0.00082,11.0,1.0075601926734172,1.0075601926734172,0.0,0.0,uncoordinated+L3,26,2024-06-29
1248,8.799999999999997,0.00082,11.0,1.0075006056122997,1.0075006056122997,0.0,0.0,uncoordinated+L3,26,2024-06-29
1249,8.816666666666663,0.00082,11.0,1.0075361485938246,1.0075361485938246,0.0,0.0,uncoordinated+L3,26,2024-06-29
1250,8.833333333333329,0.00082,11.0,1.0075931203699748,1.0075931203699748,0.0,0.0,uncoordinated+L3,26,2024-06-29
1251,8.850000000000001,0.00082,11.0,1.0075822149472486,1.0075822149472486,0.0,0.0,uncoordinated+L3,26,2024-06-29
1252,8.866666666666667,0.00082,11.0,1.007740325051549,1.007740325051549,0.0,0.0,uncoordinated+L3,26,2024-06-29
1253,8.883333333333333,0.00082,11.0,1.0072410287983793,1.0072410287983793,0.0,0.0,uncoordinated+L3,26,2024-06-29
1254,8.899999999999999,0.00082,11.0,1.0070953940810554,1.0070953940810554,0.0,0.0,uncoordinated+L3,26,2024-06-29
1255,8.916666666666671,0.00082,11.0,1.0074066887274065,1.0074066887274065,0.0,0.0,uncoordinated+L3,26,2024-06-29
1256,8.933333333333337,0.00082,11.0,1.0074556216569752,1.0074556216569752,0.0,0.0,uncoordinated+L3,26,2024-06-29
1257,8.950000000000003,0.00082,11.0,1.0081344974384074,1.0081344974384074,0.0,0.0,uncoordinated+L3,26,2024-06-29
1258,8.966666666666669,0.00082,11.0,1.0076447710471426,1.0076447710471426,0.0,0.0,uncoordinated+L3,26,2024-06-29
1259,8.983333333333334,0.00082,11.0,1.007531320470952,1.007531320470952,0.0,0.0,uncoordinated+L3,26,2024-06-29
1260,9.0,0.0,11.0,1.0063001285283282,1.0063001285283282,0.0,0.0,uncoordinated+L3,26,2024-06-29
1261,9.016666666666666,0.0,11.0,1.0072831776961046,1.0072831776961046,0.0,0.0,uncoordinated+L3,26,2024-06-29
1262,9.033333333333331,0.0,11.0,1.0065464889116118,1.0065464889116118,0.0,0.0,uncoordinated+L3,26,2024-06-29
1263,9.049999999999997,0.0,11.0,1.0066204278701107,1.0066204278701107,0.0,0.0,uncoordinated+L3,26,2024-06-29
1264,9.066666666666663,0.0,11.0,1.0061622628509315,1.0061622628509315,0.0,0.0,uncoordinated+L3,26,2024-06-29
1265,9.083333333333329,0.0,11.0,1.0064702644735035,1.0064702644735035,0.0,0.0,uncoordinated+L3,26,2024-06-29
1266,9.100000000000001,0.0,11.0,1.006283169419011,1.006283169419011,0.0,0.0,uncoordinated+L3,26,2024-06-29
1267,9.116666666666667,0.0,11.0,1.005784247148068,1.005784247148068,0.0,0.0,uncoordinated+L3,26,2024-06-29
1268,9.133333333333333,0.0,11.0,1.0060048016152994,1.0060048016152994,0.0,0.0,uncoordinated+L3,26,2024-06-29
1269,9.149999999999999,0.0,11.0,1.0069197011594282,1.0069197011594282,0.0,0.0,uncoordinated+L3,26,2024-06-29
1270,9.166666666666671,0.0,11.0,1.0064971980585178,1.0064971980585178,0.0,0.0,uncoordinated+L3,26,2024-06-29
1271,9.183333333333337,0.0,11.0,1.0059934914816626,1.0059934914816626,0.0,0.0,uncoordinated+L3,26,2024-06-29
1272,9.200000000000003,0.0,11.0,1.0070959503451993,1.0070959503451993,0.0,0.0,uncoordinated+L3,26,2024-06-29
1273,9.216666666666669,0.0,11.0,1.00593582853388,1.00593582853388,0.0,0.0,uncoordinated+L3,26,2024-06-29
1274,9.233333333333334,0.0,11.0,1.0054099247812742,1.0054099247812742,0.0,0.0,uncoordinated+L3,26,2024-06-29
1275,9.25,0.0,11.0,1.001934873862993,1.001934873862993,0.0,0.0,uncoordinated+L3,26,2024-06-29
1276,9.266666666666666,0.0,11.0,1.0029307300606252,1.0029307300606252,0.0,0.0,uncoordinated+L3,26,2024-06-29
1277,9.283333333333331,0.0,11.0,1.0023983752980425,1.0023983752980425,0.0,0.0,uncoordinated+L3,26,2024-06-29
1278,9.299999999999997,0.0,11.0,1.0026138320033209,1.0026138320033209,0.0,0.0,uncoordinated+L3,26,2024-06-29
1279,9.316666666666663,0.0,11.0,1.0016801021422874,1.0016801021422874,0.0,0.0,uncoordinated+L3,26,2024-06-29
1280,9.333333333333329,0.0,11.0,1.0020815031228416,1.0020815031228416,0.0,0.0,uncoordinated+L3,26,2024-06-29
1281,9.350000000000001,0.0,11.0,1.002513278201603,1.002513278201603,0.0,0.0,uncoordinated+L3,26,2024-06-29
1282,9.366666666666667,0.0,11.0,1.0024618202879436,1.0024618202879436,0.0,0.0,uncoordinated+L3,26,2024-06-29
1283,9.383333333333333,0.0,11.0,1.0027731188143618,1.0027731188143618,0.0,0.0,uncoordinated+L3,26,2024-06-29
1284,9.399999999999999,0.0,11.0,1.0023593199216385,1.0023593199216385,0.0,0.0,uncoordinated+L3,26,2024-06-29
1285,9.416666666666671,0.0,11.0,1.0026461022047062,1.0026461022047062,0.0,0.0,uncoordinated+L3,26,2024-06-29
1286,9.433333333333337,0.0,11.0,1.003311006582541,1.003311006582541,0.0,0.0,uncoordinated+L3,26,2024-06-29
1287,9.450000000000003,0.0,11.0,1.003412099581577,1.003412099581577,0.0,0.0,uncoordinated+L3,26,2024-06-29
1288,9.466666666666669,0.0,11.0,1.0026410748471155,1.0026410748471155,0.0,0.0,uncoordinated+L3,26,2024-06-29
1289,9.483333333333334,0.0,11.0,1.0030564760665082,1.0030564760665082,0.0,0.0,uncoordinated+L3,26,2024-06-29
1290,9.5,0.0,7.149637408463928,1.0082712042282849,1.0082712042282849,0.0,0.0,uncoordinated+L3,26,2024-06-29
1291,9.516666666666666,0.0,7.149637408463928,1.008571258197935,1.008571258197935,0.0,0.0,uncoordinated+L3,26,2024-06-29
1292,9.533333333333331,0.0,7.149637408463928,1.0086116016963032,1.0086116016963032,0.0,0.0,uncoordinated+L3,26,2024-06-29
1293,9.549999999999997,0.0,7.149637408463928,1.0078510374564165,1.0078510374564165,0.0,0.0,uncoordinated+L3,26,2024-06-29
1294,9.566666666666663,0.0,7.149637408463928,1.0080391664255504,1.0080391664255504,0.0,0.0,uncoordinated+L3,26,2024-06-29
1295,9.583333333333329,0.0,7.149637408463928,1.0086243747958985,1.0086243747958985,0.0,0.0,uncoordinated+L3,26,2024-06-29
1296,9.600000000000001,0.0,7.149637408463928,1.0081161384175665,1.0081161384175665,0.0,0.0,uncoordinated+L3,26,2024-06-29
1297,9.616666666666667,0.0,7.149637408463928,1.007272931098082,1.007272931098082,0.0,0.0,uncoordinated+L3,26,2024-06-29
1298,9.633333333333333,0.0,7.149637408463928,1.0073306501906294,1.0073306501906294,0.0,0.0,uncoordinated+L3,26,2024-06-29
1299,9.649999999999999,0.0,7.149637408463928,1.0082620906498692,1.0082620906498692,0.0,0.0,uncoordinated+L3,26,2024-06-29
1300,9.666666666666671,0.0,7.149637408463928,1.0077578859242653,1.0077578859242653,0.0,0.0,uncoordinated+L3,26,2024-06-29
1301,9.683333333333337,0.0,7.149637408463928,1.008030232387955,1.008030232387955,0.0,0.0,uncoordinated+L3,26,2024-06-29
1302,9.700000000000003,0.0,7.149637408463928,1.0078554967936362,1.0078554967936362,0.0,0.0,uncoordinated+L3,26,2024-06-29
1303,9.716666666666669,0.0,7.149637408463928,1.0082127525200493,1.0082127525200493,0.0,0.0,uncoordinated+L3,26,2024-06-29
1304,9.733333333333334,0.0,7.149637408462254,1.008390991881106,1.008390991881106,0.0,0.0,uncoordinated+L3,26,2024-06-29
1305,9.75,0.0,0.0,1.0035429969612366,1.0035429969612366,0.0,0.0,uncoordinated+L3,26,2024-06-29
1306,9.766666666666666,0.0,0.0,1.0040246750167816,1.0040246750167816,0.0,0.0,uncoordinated+L3,26,2024-06-29
1307,9.783333333333331,0.0,0.0,1.004057158180436,1.004057158180436,0.0,0.0,uncoordinated+L3,26,2024-06-29
1308,9.799999999999997,0.0,0.0,1.0046701342852178,1.0046701342852178,0.0,0.0,uncoordinated+L3,26,2024-06-29
1309,9.816666666666663,0.0,0.0,1.0037124204131076,1.0037124204131076,0.0,0.0,uncoordinated+L3,26,2024-06-29
1310,9.833333333333329,0.0,0.0,1.0040943305307235,1.0040943305307235,0.0,0.0,uncoordinated+L3,26,2024-06-29
1311,9.850000000000001,0.0,0.0,1.005154696605659,1.005154696605659,0.0,0.0,uncoordinated+L3,26,2024-06-29
1312,9.866666666666667,0.0,0.0,1.0044950942799618,1.0044950942799618,0.0,0.0,uncoordinated+L3,26,2024-06-29
1313,9.883333333333333,0.0,0.0,1.0029933650670055,1.0029933650670055,0.0,0.0,uncoordinated+L3,26,2024-06-29
1314,9.899999999999999,0.0,0.0,1.0050508267711737,1.0050508267711737,0.0,0.0,uncoordinated+L3,26,2024-06-29
1315,9.916666666666671,0.0,0.0,1.0041033748867774,1.0041033748867774,0.0,0.0,uncoordinated+L3,26,2024-06-29
1316,9.933333333333337,0.0,0.0,1.0050107425917922,1.0050107425917922,0.0,0.0,uncoordinated+L3,26,2024-06-29
1317,9.950000000000003,0.0,0.0,1.004154078045021,1.004154078045021,0.0,0.0,uncoordinated+L3,26,2024-06-29
1318,9.966666666666669,0.0,0.0,1.0040177809413668,1.0040177809413668,0.0,0.0,uncoordinated+L3,26,2024-06-29
1319,9.983333333333334,0.0,0.0,1.0047212756463515,1.0047212756463515,0.0,0.0,uncoordinated+L3,26,2024-06-29
1320,10.0,0.0,0.0,1.0033247486791024,1.0033247486791024,0.0,0.0,uncoordinated+L3,26,2024-06-29
1321,10.016666666666666,0.0,0.0,1.0031626794570587,1.0031626794570587,0.0,0.0,uncoordinated+L3,26,2024-06-29
1322,10.033333333333331,0.0,0.0,1.002658237329812,1.002658237329812,0.0,0.0,uncoordinated+L3,26,2024-06-29
1323,10.049999999999997,0.0,0.0,1.0028916319358883,1.0028916319358883,0.0,0.0,uncoordinated+L3,26,2024-06-29
1324,10.066666666666663,0.0,0.0,1.0032764833899481,1.0032764833899481,0.0,0.0,uncoordinated+L3,26,2024-06-29
1325,10.083333333333329,0.0,0.0,1.003311115667093,1.003311115667093,0.0,0.0,uncoordinated+L3,26,2024-06-29
1326,10.100000000000001,0.0,0.0,1.0034306191048368,1.0034306191048368,0.0,0.0,uncoordinated+L3,26,2024-06-29
1327,10.116666666666667,0.0,0.0,1.0029651447687815,1.0029651447687815,0.0,0.0,uncoordinated+L3,26,2024-06-29
1328,10.133333333333333,0.0,0.0,1.0031780624173967,1.0031780624173967,0.0,0.0,uncoordinated+L3,26,2024-06-29
1329,10.149999999999999,0.0,0.0,1.0039765432163987,1.0039765432163987,0.0,0.0,uncoordinated+L3,26,2024-06-29
1330,10.166666666666671,0.0,0.0,1.003573192533279,1.003573192533279,0.0,0.0,uncoordinated+L3,26,2024-06-29
1331,10.183333333333337,0.0,0.0,1.0026954407045237,1.0026954407045237,0.0,0.0,uncoordinated+L3,26,2024-06-29
1332,10.200000000000003,0.0,0.0,1.0026480662087673,1.0026480662087673,0.0,0.0,uncoordinated+L3,26,2024-06-29
1333,10.216666666666669,0.0,0.0,1.0027149541900033,1.0027149541900033,0.0,0.0,uncoordinated+L3,26,2024-06-29
1334,10.233333333333334,0.0,0.0,1.0034747281729464,1.0034747281729464,0.0,0.0,uncoordinated+L3,26,2024-06-29
1335,10.25,0.0,0.0,1.0082911015854865,1.0082911015854865,0.0,0.0,uncoordinated+L3,26,2024-06-29
1336,10.266666666666666,0.0,0.0,1.008123722921552,1.008123722921552,0.0,0.0,uncoordinated+L3,26,2024-06-29
1337,10.283333333333331,0.0,0.0,1.0084949652527302,1.0084949652527302,0.0,0.0,uncoordinated+L3,26,2024-06-29
1338,10.299999999999997,0.0,0.0,1.0075085172447467,1.0075085172447467,0.0,0.0,uncoordinated+L3,26,2024-06-29
1339,10.316666666666663,0.0,0.0,1.007822547927328,1.007822547927328,0.0,0.0,uncoordinated+L3,26,2024-06-29
1340,10.333333333333329,0.0,0.0,1.007500537145306,1.007500537145306,0.0,0.0,uncoordinated+L3,26,2024-06-29
1341,10.350000000000001,0.0,0.0,1.0080793100931311,1.0080793100931311,0.0,0.0,uncoordinated+L3,26,2024-06-29
1342,10.366666666666667,0.0,0.0,1.0080899898729963,1.0080899898729963,0.0,0.0,uncoordinated+L3,26,2024-06-29
1343,10.383333333333333,0.0,0.0,1.0074433633333173,1.0074433633333173,0.0,0.0,uncoordinated+L3,26,2024-06-29
1344,10.399999999999999,0.0,0.0,1.0077917590683392,1.0077917590683392,0.0,0.0,uncoordinated+L3,26,2024-06-29
1345,10.416666666666671,0.0,0.0,1.0078666354090067,1.0078666354090067,0.0,0.0,uncoordinated+L3,26,2024-06-29
1346,10.433333333333337,0.0,0.0,1.0076073711268534,1.0076073711268534,0.0,0.0,uncoordinated+L3,26,2024-06-29
1347,10.450000000000003,0.0,0.0,1.007345843767496,1.007345843767496,0.0,0.0,uncoordinated+L3,26,2024-06-29
1348,10.466666666666669,0.0,0.0,1.0075487119372966,1.0075487119372966,0.0,0.0,uncoordinated+L3,26,2024-06-29
1349,10.483333333333334,0.0,0.0,1.0073754907942238,1.0073754907942238,0.0,0.0,uncoordinated+L3,26,2024-06-29
1350,10.5,0.0,0.0,1.0000817688426284,1.0000817688426284,0.0,0.0,uncoordinated+L3,26,2024-06-29
1351,10.516666666666666,0.0,0.0,1.000121256765991,1.000121256765991,0.0,0.0,uncoordinated+L3,26,2024-06-29
1352,10.533333333333331,0.0,0.0,0.9998485160089646,0.9998485160089646,0.0,0.0,uncoordinated+L3,26,2024-06-29
1353,10.549999999999997,0.0,0.0,0.9996767881705749,0.9996767881705749,0.0,0.0,uncoordinated+L3,26,2024-06-29
1354,10.566666666666663,0.0,0.0,1.0001530077626961,1.0001530077626961,0.0,0.0,uncoordinated+L3,26,2024-06-29
1355,10.583333333333329,0.0,0.0,0.9994335861275909,0.9994335861275909,0.0,0.0,uncoordinated+L3,26,2024-06-29
1356,10.600000000000001,0.0,0.0,1.000400541287862,1.000400541287862,0.0,0.0,uncoordinated+L3,26,2024-06-29
1357,10.616666666666667,0.0,0.0,0.9999863497826695,0.9999863497826695,0.0,0.0,uncoordinated+L3,26,2024-06-29
1358,10.633333333333333,0.0,0.0,0.9990238152331473,0.9990238152331473,0.0,0.0,uncoordinated+L3,26,2024-06-29
1359,10.649999999999999,0.0,0.0,1.0007136159287888,1.0007136159287888,0.0,0.0,uncoordinated+L3,26,2024-06-29
1360,10.666666666666671,0.0,0.0,0.9994680590628318,0.9994680590628318,0.0,0.0,uncoordinated+L3,26,2024-06-29
1361,10.683333333333337,0.0,0.0,1.0003093711176883,1.0003093711176883,0.0,0.0,uncoordinated+L3,26,2024-06-29
1362,10.700000000000003,0.0,0.0,0.9999286666764698,0.9999286666764698,0.0,0.0,uncoordinated+L3,26,2024-06-29
1363,10.716666666666669,0.0,0.0,0.9997960310685627,0.9997960310685627,0.0,0.0,uncoordinated+L3,26,2024-06-29
1364,10.733333333333334,0.0,0.0,1.000426942344046,1.000426942344046,0.0,0.0,uncoordinated+L3,26,2024-06-29
1365,10.75,0.0,0.0,0.9988296142088211,0.9988296142088211,0.0,0.0,uncoordinated+L3,26,2024-06-29
1366,10.766666666666666,0.0,0.0,0.9968010492635275,0.9968010492635275,0.0,0.0,uncoordinated+L3,26,2024-06-29
1367,10.783333333333331,0.0,0.0,0.9984812369928872,0.9984812369928872,0.0,0.0,uncoordinated+L3,26,2024-06-29
1368,10.799999999999997,0.0,0.0,0.99777654662552,0.99777654662552,0.0,0.0,uncoordinated+L3,26,2024-06-29
1369,10.816666666666663,0.0,0.0,0.9989249499375191,0.9989249499375191,0.0,0.0,uncoordinated+L3,26,2024-06-29
1370,10.833333333333329,0.0,0.0,0.9988104565442872,0.9988104565442872,0.0,0.0,uncoordinated+L3,26,2024-06-29
1371,10.850000000000001,0.0,0.0,0.9980143423196642,0.9980143423196642,0.0,0.0,uncoordinated+L3,26,2024-06-29
1372,10.866666666666667,0.0,0.0,0.9979606660674164,0.9979606660674164,0.0,0.0,uncoordinated+L3,26,2024-06-29
1373,10.883333333333333,0.0,0.0,0.9982418988109124,0.9982418988109124,0.0,0.0,uncoordinated+L3,26,2024-06-29
1374,10.899999999999999,0.0,0.0,0.9989966559287424,0.9989966559287424,0.0,0.0,uncoordinated+L3,26,2024-06-29
1375,10.916666666666671,0.0,0.0,0.9990298650800874,0.9990298650800874,0.0,0.0,uncoordinated+L3,26,2024-06-29
1376,10.933333333333337,0.0,0.0,0.9975173970712798,0.9975173970712798,0.0,0.0,uncoordinated+L3,26,2024-06-29
1377,10.950000000000003,0.0,0.0,0.998371248446478,0.998371248446478,0.0,0.0,uncoordinated+L3,26,2024-06-29
1378,10.966666666666669,0.0,0.0,0.999081272858316,0.999081272858316,0.0,0.0,uncoordinated+L3,26,2024-06-29
1379,10.983333333333334,0.0,0.0,0.9987658372669338,0.9987658372669338,0.0,0.0,uncoordinated+L3,26,2024-06-29
1380,11.0,-2e-05,0.0,0.9979267996686604,0.9979267996686604,0.0,0.0,uncoordinated+L3,26,2024-06-29
1381,11.016666666666666,-2e-05,0.0,0.9985736545389575,0.9985736545389575,0.0,0.0,uncoordinated+L3,26,2024-06-29
1382,11.033333333333331,-2e-05,0.0,0.9986512705158835,0.9986512705158835,0.0,0.0,uncoordinated+L3,26,2024-06-29
1383,11.049999999999997,-2e-05,0.0,0.9983841179999566,0.9983841179999566,0.0,0.0,uncoordinated+L3,26,2024-06-29
1384,11.066666666666663,-2e-05,0.0,0.998147221829967,0.998147221829967,0.0,0.0,uncoordinated+L3,26,2024-06-29
1385,11.083333333333329,-2e-05,0.0,0.9975130434055126,0.9975130434055126,0.0,0.0,uncoordinated+L3,26,2024-06-29
1386,11.100000000000001,-2e-05,0.0,0.9988008964280283,0.9988008964280283,0.0,0.0,uncoordinated+L3,26,2024-06-29
1387,11.116666666666667,-2e-05,0.0,0.9986285725278324,0.9986285725278324,0.0,0.0,uncoordinated+L3,26,2024-06-29
1388,11.133333333333333,-2e-05,0.0,0.9990979292971744,0.9990979292971744,0.0,0.0,uncoordinated+L3,26,2024-06-29
1389,11.149999999999999,-2e-05,0.0,0.9978665861093178,0.9978665861093178,0.0,0.0,uncoordinated+L3,26,2024-06-29
1390,11.166666666666671,-2e-05,0.0,0.9981317776191592,0.9981317776191592,0.0,0.0,uncoordinated+L3,26,2024-06-29
1391,11.183333333333337,-2e-05,0.0,0.9973563958987222,0.9973563958987222,0.0,0.0,uncoordinated+L3,26,2024-06-29
1392,11.200000000000003,-2e-05,0.0,0.9981065053566308,0.9981065053566308,0.0,0.0,uncoordinated+L3,26,2024-06-29
1393,11.216666666666669,-2e-05,0.0,0.9991641398135488,0.9991641398135488,0.0,0.0,uncoordinated+L3,26,2024-06-29
1394,11.233333333333334,-2e-05,0.0,0.9984308387285823,0.9984308387285823,0.0,0.0,uncoordinated+L3,26,2024-06-29
1395,11.25,-2e-05,0.0,0.9928930175704251,0.9928930175704251,0.0,0.0,uncoordinated+L3,26,2024-06-29
1396,11.266666666666666,-2e-05,0.0,0.9939442818727782,0.9939442818727782,0.0,0.0,uncoordinated+L3,26,2024-06-29
1397,11.283333333333331,-2e-05,0.0,0.992731301415715,0.992731301415715,0.0,0.0,uncoordinated+L3,26,2024-06-29
1398,11.299999999999997,-2e-05,0.0,0.9949341544164353,0.9949341544164353,0.0,0.0,uncoordinated+L3,26,2024-06-29
1399,11.316666666666663,-2e-05,0.0,0.993943477908944,0.993943477908944,0.0,0.0,uncoordinated+L3,26,2024-06-29
1400,11.333333333333329,-2e-05,0.0,0.9928298932581735,0.9928298932581735,0.0,0.0,uncoordinated+L3,26,2024-06-29
1401,11.350000000000001,-2e-05,0.0,0.9940428195522648,0.9940428195522648,0.0,0.0,uncoordinated+L3,26,2024-06-29
1402,11.366666666666667,-2e-05,0.0,0.992939905560772,0.992939905560772,0.0,0.0,uncoordinated+L3,26,2024-06-29
1403,11.383333333333333,-2e-05,0.0,0.9947711440101411,0.9947711440101411,0.0,0.0,uncoordinated+L3,26,2024-06-29
1404,11.399999999999999,-2e-05,0.0,0.9933003311673272,0.9933003311673272,0.0,0.0,uncoordinated+L3,26,2024-06-29
1405,11.416666666666671,-2e-05,0.0,0.99395679789118,0.99395679789118,0.0,0.0,uncoordinated+L3,26,2024-06-29
1406,11.433333333333337,-2e-05,0.0,0.9945434152313719,0.9945434152313719,0.0,0.0,uncoordinated+L3,26,2024-06-29
1407,11.450000000000003,-2e-05,0.0,0.993946920433047,0.993946920433047,0.0,0.0,uncoordinated+L3,26,2024-06-29
1408,11.466666666666669,-2e-05,0.0,0.9941558669141733,0.9941558669141733,0.0,0.0,uncoordinated+L3,26,2024-06-29
1409,11.483333333333334,-2e-05,0.0,0.9950257414504146,0.9950257414504146,0.0,0.0,uncoordinated+L3,26,2024-06-29
1410,11.5,-2e-05,0.0,0.9824560140453099,0.9824560140453099,0.0,0.0,uncoordinated+L3,26,2024-06-29
1411,11.516666666666666,-2e-05,0.0,0.9826260551584951,0.9826260551584951,0.0,0.0,uncoordinated+L3,26,2024-06-29
1412,11.533333333333331,-2e-05,0.0,0.982280557609118,0.982280557609118,0.0,0.0,uncoordinated+L3,26,2024-06-29
1413,11.549999999999997,-2e-05,0.0,0.9832983558811063,0.9832983558811063,0.0,0.0,uncoordinated+L3,26,2024-06-29
1414,11.566666666666663,-2e-05,0.0,0.9831267626855323,0.9831267626855323,0.0,0.0,uncoordinated+L3,26,2024-06-29
1415,11.583333333333329,-2e-05,0.0,0.9839763224753275,0.9839763224753275,0.0,0.0,uncoordinated+L3,26,2024-06-29
1416,11.600000000000001,-2e-05,0.0,0.9827897050041483,0.9827897050041483,0.0,0.0,uncoordinated+L3,26,2024-06-29
1417,11.616666666666667,-2e-05,0.0,0.9823208970992431,0.9823208970992431,0.0,0.0,uncoordinated+L3,26,2024-06-29
1418,11.633333333333333,-2e-05,0.0,0.9832973001186762,0.9832973001186762,0.0,0.0,uncoordinated+L3,26,2024-06-29
1419,11.649999999999999,-2e-05,0.0,0.9805987522957412,0.9805987522957412,0.0,0.0,uncoordinated+L3,26,2024-06-29
1420,11.666666666666671,-2e-05,0.0,0.9825743997932738,0.9825743997932738,0.0,0.0,uncoordinated+L3,26,2024-06-29
1421,11.683333333333337,-2e-05,0.0,0.9836967011807182,0.9836967011807182,0.0,0.0,uncoordinated+L3,26,2024-06-29
1422,11.700000000000003,-2e-05,0.0,0.9831630840216896,0.9831630840216896,0.0,0.0,uncoordinated+L3,26,2024-06-29
1423,11.716666666666669,-2e-05,0.0,0.9833626498358984,0.9833626498358984,0.0,0.0,uncoordinated+L3,26,2024-06-29
1424,11.733333333333334,-2e-05,0.0,0.9796490166439998,0.9796490166439998,0.0,0.0,uncoordinated+L3,26,2024-06-29
1425,11.75,-2e-05,0.0,0.9893642748496771,0.9893642748496771,0.0,0.0,uncoordinated+L3,26,2024-06-29
1426,11.766666666666666,-2e-05,0.0,0.9892533627861033,0.9892533627861033,0.0,0.0,uncoordinated+L3,26,2024-06-29
1427,11.783333333333331,-2e-05,0.0,0.9900239587340102,0.9900239587340102,0.0,0.0,uncoordinated+L3,26,2024-06-29
1428,11.799999999999997,-2e-05,0.0,0.9904929356905269,0.9904929356905269,0.0,0.0,uncoordinated+L3,26,2024-06-29
1429,11.816666666666663,-2e-05,0.0,0.9911864424842297,0.9911864424842297,0.0,0.0,uncoordinated+L3,26,2024-06-29
1430,11.833333333333329,-2e-05,0.0,0.9913066590872711,0.9913066590872711,0.0,0.0,uncoordinated+L3,26,2024-06-29
1431,11.850000000000001,-2e-05,0.0,0.9916010721603651,0.9916010721603651,0.0,0.0,uncoordinated+L3,26,2024-06-29
1432,11.866666666666667,-2e-05,0.0,0.9888627208333622,0.9888627208333622,0.0,0.0,uncoordinated+L3,26,2024-06-29
1433,11.883333333333333,-2e-05,0.0,0.9919476300405087,0.9919476300405087,0.0,0.0,uncoordinated+L3,26,2024-06-29
1434,11.899999999999999,-2e-05,0.0,0.989612590386813,0.989612590386813,0.0,0.0,uncoordinated+L3,26,2024-06-29
1435,11.916666666666671,-2e-05,0.0,0.9898974611051204,0.9898974611051204,0.0,0.0,uncoordinated+L3,26,2024-06-29
1436,11.933333333333337,-2e-05,0.0,0.990308632908913,0.990308632908913,0.0,0.0,uncoordinated+L3,26,2024-06-29
1437,11.950000000000003,-2e-05,0.0,0.9907778490442485,0.9907778490442485,0.0,0.0,uncoordinated+L3,26,2024-06-29
1438,11.966666666666669,-2e-05,0.0,0.9894853988805313,0.9894853988805313,0.0,0.0,uncoordinated+L3,26,2024-06-29
1439,11.983333333333334,-2e-05,0.0,0.9908800781702893,0.9908800781702893,0.0,0.0,uncoordinated+L3,26,2024-06-29
