episode,stage,n_ev,cost_eur,energy_drawn_kwh,energy_delivered_kwh,energy_requested_kwh,service_quality,unmet_kwh,cost_per_kwh,retail_price_paid,min_voltage_pu,violation_rate_pct,q_activation_pct,q_kvarh,curtailed_kwh,q_exhausted_any,peak_ev_kw,peak_feeder_mw,pf_solves,day,w_retail,wall_s
0,0,60,312.6839665985394,2095.4644513793896,1990.6912288104081,1991.397668869006,0.9996452541500668,0.7064400585976731,0.15707306189588843,0.1957466065425498,0.990112971257401,0.0,0.0,0.0,0.0,False,273.4526106470762,1.7403113774988928,1440,2023-02-21,0.0,0.232
1,0,60,169.47962603408223,2137.918255205861,2031.0223424455573,2032.4205962019962,0.9993120253952101,1.398253756438951,0.0834454759517867,0.2003953250545594,0.9597555933449603,0.0,0.0,0.0,0.0,False,327.119421589383,3.1859991633172227,1440,2023-08-07,0.009570135279262974,0.224
2,0,60,4.337107981677678,2061.33275835645,1958.2661204386286,1968.3358341283583,0.9948841485710243,10.06971368972947,0.002214769451613766,0.19642724081298896,1.003962342232736,0.0,0.0,0.0,0.0,False,249.56055142271828,1.167336092314454,1440,2023-12-24,0.00697929652352427,1.914
3,0,60,196.49762938293637,1963.033999565066,1864.882299586808,1870.0885029123576,0.9972160658078792,5.206203325549804,0.1053673089322974,0.22467340774064481,0.9902891615810513,0.0,0.0,0.0,0.0,False,224.71329998970032,1.8057001156582166,1440,2023-10-08,0.01381504880973883,2.252
4,0,60,302.92093417028093,2007.6513823594316,1907.268813241464,1922.632898476104,0.9920088305745638,15.364085234640214,0.15882445729055736,0.22923995581329473,0.9978824116602907,0.0,0.0,0.0,0.0,False,255.100788963023,1.4513111130860277,1440,2023-02-28,-0.04409158698916465,2.266
5,0,60,229.94302998638642,1816.8406950844476,1725.9986603302234,1733.297593522578,0.9957889901770873,7.29893319235455,0.1332231798733801,0.2330385039932601,0.9616647820073018,0.0,0.0,0.0,0.0,False,261.111832678318,3.1714966382355536,1440,2023-06-28,-0.10192529917878199,2.205
6,0,60,232.57023130000752,2370.849887766593,2252.307393378246,2267.791274633771,0.9931722635020609,15.483881255524913,0.10325865465067553,0.22830426429637335,0.9642808501062846,0.0,0.0,0.0,0.0,False,313.16598380866736,2.945879492702642,1440,2023-07-25,-0.15820100012606267,2.261
7,0,60,191.1967302007626,1911.8195187813258,1816.2285428422658,1828.1043871838442,0.9935037383943524,11.875844341578567,0.10527129471357916,0.23106610060577992,0.968659098253504,0.0,0.0,0.0,0.0,False,200.90926375405343,2.8412446168503163,1440,2023-07-05,-0.19422144676555506,2.15
8,0,60,258.5132476134518,2199.6111855537074,2089.630626276024,2104.545254380987,0.9929131349996321,14.914628104962663,0.1237124132671016,0.23189926096648014,1.0081334154970623,0.0,0.0,0.0,0.0,False,321.8433607816696,1.0201750631143243,1440,2023-10-22,-0.2306671489881324,2.207
9,0,60,345.95464475435784,2216.4966254654905,2105.6717941922216,2125.4475571327225,0.9906957182386664,19.775762940500577,0.16429656592663486,0.233002209187606,1.0002819586982907,0.0,0.0,0.0,0.0,False,232.58083510398865,1.3125390286015652,1440,2023-02-12,-0.2632516266080588,2.388
10,0,60,244.04000642964863,2173.3798196647267,2064.7108286814805,2074.3453097524834,0.9953554111624007,9.634481071002773,0.11819573135357264,0.2316904924895671,0.9940511541681504,0.0,0.0,0.0,0.0,False,262.27164834706684,1.680938716746529,1440,2023-07-09,-0.2933958052498571,2.188
11,0,60,209.7822317034851,2154.635542302148,2046.903765187028,2053.908391484271,0.9965896111402608,7.0046262972429005,0.10248758894843162,0.2273749968733194,0.9639049132269139,0.0,0.0,0.0,0.0,False,295.2854480483286,3.039867801551482,1440,2023-06-12,-0.3162098960520885,2.125
12,0,60,317.66243470929237,2219.183224767721,2108.224063529323,2116.648013917641,0.996020145847147,8.42395038831814,0.1506777387681943,0.22666614554303896,1.0030645582108388,0.0,0.0,0.0,0.0,False,303.739461183548,1.1930872252354878,1440,2023-04-05,-0.32633582818179463,2.198
13,0,60,30.14356134454661,2028.7253475212565,1927.2890801451892,1930.852917705546,0.9981542677188526,3.5638375603566654,0.015640394404287185,0.19805558138598067,0.971492242985078,0.0,0.0,0.0,0.0,False,381.39757883548737,2.743050748411306,1440,2023-10-13,-0.33421040823609455,2.175
14,0,60,96.22949209933638,2131.8080236601113,2025.2176224771072,2031.1357746992019,0.9970862842869422,5.918152222094664,0.04751563043463698,0.1991835684149322,1.0017468973253842,0.0,0.0,0.0,0.0,False,282.0789546254094,1.3789954976523744,1440,2023-11-13,-0.27746961020330524,2.217
15,0,60,222.65821384542178,2106.5241969148424,2001.1979870691011,2005.7939428456964,0.9977086600580343,4.595955776595282,0.11126246142767753,0.20979744470410683,0.9776839873030544,0.0,0.0,0.0,0.0,False,288.0528802871704,2.209860761805629,1440,2023-07-20,-0.23451772166151383,2.168
16,0,60,194.6081920692374,2070.6002712516683,1967.0702576890847,1972.6392076642321,0.9971769039399042,5.568949975147586,0.0989330153859696,0.21540789594860085,0.9862483163068151,0.0,0.0,0.0,0.0,False,243.05026152532906,1.991068069325471,1440,2023-09-23,-0.22399661089947015,2.271
17,0,60,218.8938983423492,2158.5893199051793,2050.6598539099064,2058.5543208136164,0.9961650431937158,7.894466903710354,0.10674315290514585,0.21815513433709488,0.9800018864303969,0.0,0.0,0.0,0.0,False,253.33082167736836,2.351358261063514,1440,2023-07-07,-0.22869310982515215,2.301
18,0,60,272.41610371569254,2155.6310153212753,2047.8494645552162,2052.978223283929,0.9975017958444251,5.128758728713004,0.13302545349682726,0.2109066405357023,0.9891313752302464,0.0,0.0,0.0,0.0,False,328.8009039759636,1.8548367677515336,1440,2023-04-13,-0.23940199013723934,2.169
19,1,60,225.26460834890338,2237.5393927014275,2125.662423066352,2129.385052507074,0.998251781923453,3.722629440722283,0.10597383945092763,0.21119186988963737,1.0057413820200956,0.0,0.0,0.0,0.0,False,364.00445574518653,1.1889853668922927,1440,2023-12-03,-0.23256774005063052,2.137
20,1,120,626.0982298204817,4217.6642537555945,4006.781041067809,4016.9023100071736,0.9974803298267548,10.121268939364185,0.15625965666784383,0.20312546630424907,1.002249828368264,0.0,0.0,0.0,0.0,False,523.2449273126738,1.1655533671949134,1440,2023-01-27,-0.22828743805448246,2.194
21,1,120,330.65026114152704,4517.028435837904,4291.177014046007,4303.714230166575,0.9970868846187114,12.537216120568473,0.07705351237183479,0.19882181672041124,1.0003480789267358,0.0,0.0,0.0,0.0,False,597.847407664674,1.304367369521081,1440,2023-03-12,-0.20727338188492225,2.136
22,1,120,314.166386841554,4350.965983346922,4133.4176841795415,4139.124421288243,0.9986212694937725,5.7067371087006995,0.07600644571779204,0.18990963418180545,0.9907562143867623,0.0,0.0,0.0,0.0,False,783.8565325244682,1.5782011770055413,1440,2023-01-04,-0.1809351987008514,2.132
23,1,120,433.21930340542565,4420.2912021938055,4199.276642084146,4203.331633337964,0.9990352911434214,4.054991253819246,0.10316522113923274,0.17681052313321724,0.9908534206115642,0.0,0.0,0.0,0.0,False,637.9967752530181,1.6281364581158353,1440,2023-05-04,-0.13975333227775227,2.242
24,1,120,569.3193678556831,4500.067455854402,4275.064083061671,4278.365516660719,0.9992283423222744,3.301433599046203,0.13317212486039598,0.1711060761224241,0.9457978350764835,2.2222222222222223,0.0,0.0,0.0,False,913.3828301269248,3.5138460080155602,1440,2023-07-06,-0.07683032098903976,2.281
25,1,120,620.7701422918249,4417.550818524684,4196.673277598419,4198.412659081385,0.9995857049737111,1.739381482965754,0.14791957849219697,0.18699330900295877,0.9460920437328083,1.1111111111111112,0.0,0.0,0.0,False,667.9251883518526,3.6954632213141503,1440,2023-08-24,-0.012497432340446021,2.15
26,1,120,433.2967106970252,4413.564963780234,4192.886715591199,4204.388881758153,0.9972642477919066,11.502166166953556,0.10334090570246426,0.20095713077759061,0.9967517478871036,0.0,0.0,0.0,0.0,False,572.250888766798,1.2641670581643005,1440,2023-01-13,0.004667300791104764,2.22
27,1,120,527.8651553492452,4042.894465638011,3840.7497423561117,3844.907790227324,0.9989185571935482,4.158047871212524,0.13743805005775406,0.1851421038926878,0.9681315369080505,0.0,0.0,0.0,0.0,False,748.5746974878546,2.9051921025153082,1440,2023-06-15,-0.012369177146724204,2.187
28,1,120,617.0911396868545,4456.341829378834,4233.524737909862,4245.141567724943,0.9972635000200224,11.61682981508108,0.14576297007573866,0.196234615920155,1.0018018894888452,0.0,0.0,0.0,0.0,False,465.28679530552415,1.2225943576279643,1440,2023-01-21,0.00953759445516443,2.214
29,1,120,185.07153751564906,3714.6911991434226,3528.956639186259,3530.92867763997,0.9994414958120794,1.9720384537106561,0.052443698361316404,0.19235766776273147,0.9793685316385332,0.0,0.0,0.0,0.0,False,649.53491780112,2.277563460063923,1440,2023-10-29,0.002847754480239717,2.234
30,1,120,379.5710451654118,4327.532009941603,4111.155409444533,4128.011537224132,0.9959166471247477,16.856127779599177,0.09232709721783455,0.1879922218087788,1.0011044697637825,0.0,0.0,0.0,0.0,False,683.841336691977,1.358610972829601,1440,2023-01-08,0.006407285058495152,2.355
31,1,120,535.785187628163,4213.950614496758,4003.2530837718873,4011.3571104860384,0.9979797294304796,8.104026714151424,0.13383745079722595,0.1858640240938968,0.9843257277033017,0.0,0.0,0.0,0.0,False,687.2640596723955,2.0140974810279264,1440,2023-04-13,0.019459279529356423,2.138
32,1,120,452.8127491208014,4672.373855819025,4438.755163028098,4454.846012845937,0.9963880121172672,16.090849817839334,0.1020134547839973,0.19759551338296005,0.95963148015616,0.0,0.0,0.0,0.0,False,744.6873602425433,3.2361969750318016,1440,2023-08-09,0.03528970887409104,2.171
33,1,120,517.5031076330939,4032.497672444715,3830.872788822453,3834.466378080326,0.9990628189417917,3.593589257872619,0.13508752082372483,0.1860172356872898,0.9820880093436998,0.0,0.0,0.0,0.0,False,619.7894262042653,2.0602323291693976,1440,2023-06-19,0.022265000244791555,2.119
34,1,120,293.69455247092606,4233.612183185199,4021.9315740259804,4025.207624816724,0.9991861163209207,3.2760507907436107,0.07302325936314621,0.18366813535230977,0.9954774888397295,0.0,0.0,0.0,0.0,False,586.2620374682651,1.4865175045441104,1440,2023-12-18,0.03801658248746201,2.113
35,1,120,351.17375175083004,4268.671399114837,4055.2378291590817,4060.1235754083186,0.9987966508510161,4.8857462492363775,0.0865975724594312,0.18622459443722308,0.9904384549661422,0.0,0.0,0.0,0.0,False,892.3242451375169,1.614109279848733,1440,2023-11-09,0.05660246225093896,2.23
36,1,120,475.7012893171109,4313.001605373225,4097.351525104564,4101.49309684818,0.9989902282788677,4.141571743616229,0.11609970157612265,0.1780016483114598,0.9718896841356482,0.0,0.0,0.0,0.0,False,732.8832619200364,2.653367167502556,1440,2023-05-10,0.06653572635305009,2.249
37,1,120,482.9957421328949,4234.3128716178635,4022.597228036973,4026.8865936908405,0.9989348183630034,4.2893656538674,0.12007061973952506,0.18382100848462135,0.9937266881686452,0.0,0.0,0.0,0.0,False,724.1690279039678,1.4276316471484747,1440,2023-02-16,0.09367273669584528,2.225
38,1,120,498.9664338610228,4063.358411163516,3860.1904906053564,3865.468418897164,0.9986345954177234,5.2779282918072346,0.129259536563123,0.19898282195417108,0.9921129420362188,0.0,0.0,0.0,0.0,False,706.9168483969834,1.8129893767514937,1440,2023-03-04,0.10338870216489487,2.18
39,2,120,375.61255342516273,3949.106373757992,3751.6510550701205,3756.7817958689457,0.9986342723432947,5.130740798824684,0.1001192669338333,0.20154740801856333,0.9632345878016824,0.0,0.0,0.0,0.0,False,589.3539403551658,3.114558065227518,1440,2023-06-30,0.07785634380941663,2.181
40,2,180,313.0753534578646,6118.952326451958,5813.004710129385,5819.576167489685,0.9988708013829236,6.571457360299476,0.05385774983328651,0.19107967314464958,0.9863782271703786,0.0,0.0,0.0,0.0,False,1021.6869799159165,1.456803352800715,1440,2023-11-02,0.05171099738244291,2.223
41,2,180,480.6480907934436,6756.573776166205,6418.7450873579055,6453.097217367114,0.9946766445859893,34.35213000920883,0.07488194097941483,0.2058362661259178,0.957178701237568,0.0,0.0,0.0,0.0,False,1005.7854256098035,3.1487224252619135,1440,2023-06-10,0.05426975330624172,2.239
42,2,180,69.2257155393035,6353.725104741406,6036.0388495042935,6042.627874466365,0.9989095762474611,6.589024962071424,0.011468732601843445,0.19472138070634473,0.9692944367516286,0.0,0.0,0.0,0.0,False,1072.8143547657203,2.8160641373050814,1440,2023-10-13,0.02356044018019479,2.342
43,2,180,725.6741115902762,6508.308611496684,6182.893180921847,6201.391448369646,0.9970170779248804,18.49826744779908,0.11736804928628589,0.1940380573153697,0.9707801917288493,0.0,0.0,0.0,0.0,False,660.2963825493343,2.7499876957821225,1440,2023-09-08,0.02370966856710075,2.555
44,2,180,730.3822426200572,6373.584558791344,6054.9053308517805,6086.517169221192,0.9948062516722588,31.61183836941151,0.12062653381193492,0.18507190189307846,0.9592543215959636,0.0,0.0,0.0,0.0,False,635.6488031930603,3.1925103855325725,1440,2023-06-29,0.025630459871002133,2.405
45,2,180,516.995778682785,6640.266329165254,6308.253012706982,6330.487544509412,0.9964877062554661,22.23453180243101,0.08195546019498243,0.19041538764819968,0.9952827557264595,0.0,0.0,0.0,0.0,False,748.3801046302997,1.5748701496020527,1440,2023-12-26,0.04763903974851002,2.46
46,2,180,575.2700668385319,6375.957636336425,6057.159754519596,6089.975356351257,0.9946115378287308,32.81560183166013,0.09497356684530067,0.19190709249365498,0.971082189749457,0.0,0.0,0.0,0.0,False,736.8663718169142,2.6588817008882923,1440,2023-05-06,0.053969465606839656,2.466
47,2,180,683.263776949156,6366.221877818354,6047.910783927438,6091.203513043658,0.9928925820614083,43.29272911621946,0.11297517462806436,0.19974733136603112,0.9905386213813206,0.0,0.0,0.0,0.0,False,714.3658026924543,1.8837923445550298,1440,2023-04-28,0.056156701008818956,2.395
48,2,180,598.2180674399076,6455.66477624721,6132.881537434809,6179.439201039511,0.9924657137824302,46.55766360470129,0.0975427397037451,0.203714901882193,0.969969438715713,0.0,0.0,0.0,0.0,False,600.9859970126216,2.713574230608453,1440,2023-05-12,0.04067059724287333,2.397
49,2,180,800.7728311705104,6559.248630463031,6231.286198939868,6279.766902427841,0.9922798562046579,48.48070348797317,0.12850843399020034,0.199466952619505,0.99246437767286,0.0,0.0,0.0,0.0,False,800.4342987616501,1.8036138316980541,1440,2023-10-09,0.019367314000451073,2.399
50,2,180,907.0647601566491,6466.078194134678,6142.774284427952,6184.5792377791,0.993240453110249,41.8049533511478,0.14766369691558995,0.20154902863235316,0.9946916310742226,0.0,0.0,0.0,0.0,False,737.924633436159,1.4562049159084651,1440,2023-02-08,0.011696828153451584,2.492
51,2,180,985.6038310381573,6558.018268371912,6230.1173549533305,6264.081273944103,0.9945779887735418,33.96391899077135,0.1581998821024681,0.19087306345634503,0.9900127571328807,0.0,0.0,0.0,0.0,False,765.0006867726271,1.5167303035937114,1440,2023-02-12,0.0009024208159683911,2.534
52,2,180,541.8182463303988,6415.125886163915,6094.369591855737,6122.913314852676,0.9953382121338058,28.543722996938577,0.08890472396922927,0.18957395422206774,0.9620280445181447,0.0,0.0,0.0,0.0,False,852.6530479989995,3.1641913775718598,1440,2023-06-07,0.016210365160382482,2.558
53,2,180,669.8142230093719,6689.783587589286,6355.294408209826,6383.03799961787,0.9956535443765641,27.743591408043795,0.10539468040128872,0.18003816481340243,0.9602594721544081,0.0,0.0,0.0,0.0,False,1060.129424970095,3.2506042827375126,1440,2023-06-13,0.0318360632402204,2.283
54,2,180,827.4988671500048,6608.326320496377,6277.910004471545,6306.407657768789,0.9954811590300322,28.49765329724317,0.13181120254361803,0.1878444821403315,0.9896166327399352,0.0,0.0,0.0,0.0,False,985.7170759056306,1.6294450787256052,1440,2023-03-19,0.06631345016248429,2.316
55,2,180,691.9363633889412,6776.476209155614,6437.652398697831,6455.665110122718,0.9972097822427867,18.012711424888252,0.10748271583114706,0.18475430088785955,0.9756282186123136,0.0,0.0,0.0,0.0,False,909.1529161905196,2.231723296116325,1440,2023-09-15,0.07732923747403486,2.318
56,2,180,469.21437992099675,6289.8205297907125,5975.329503301157,5999.871085751259,0.9959096483742153,24.541582450102712,0.0785252729011467,0.21430118625141664,0.9551931451179497,0.0,0.0,0.0,0.0,False,1037.073119080477,3.124238463067383,1440,2023-05-27,0.09370255103432065,2.26
57,2,180,725.1687619654289,6207.288302551237,5896.923887423692,5917.194855966011,0.9965742266334391,20.270968542320155,0.12297407526523935,0.18785361158484093,0.9880773211115497,0.0,0.0,0.0,0.0,False,997.480549374274,1.6813094763476188,1440,2023-01-18,0.041082994770152856,2.247
58,2,180,509.87331668017856,6372.6058061439635,6053.975515836776,6082.788762629534,0.9952631518342744,28.81324679275849,0.0842212386466357,0.18694873229685585,0.9605267889827006,0.0,0.0,0.0,0.0,False,936.2662742460118,3.1411486472047914,1440,2023-05-31,0.057779333446043135,2.263
59,3,180,742.2106449935999,6218.378154977763,5907.459247228893,5936.697371240788,0.9950750186200271,29.238124011894598,0.12563957091058403,0.19052387922405847,0.9949717576040461,0.0,0.0,0.0,0.0,False,954.0072072915752,1.3749937565237569,1440,2023-04-08,0.07377970220547973,2.304
60,3,240,591.8430049845969,8491.700010118848,8067.115009612937,8098.474919303514,0.9961276771240191,31.359909690577496,0.07336488996119986,0.20178563192182897,0.9844166180581052,0.0,0.0,0.0,0.0,False,1322.616101140364,1.9176495094320551,1440,2023-03-22,0.07918848001198031,2.367
61,3,240,780.7788691472176,7946.114602614585,7548.808872483821,7562.693558186676,0.9981640554921303,13.884685702855762,0.1034307375291003,0.18313206498630571,0.9793012220043199,0.0,0.0,0.0,0.0,False,1470.198017682522,1.9904253307197393,1440,2023-04-27,0.05865036472599425,2.32
62,3,240,847.2742415510569,8600.66259651652,8170.629466690687,8190.986794602391,0.9975146672284811,20.357327911702566,0.10369754802921256,0.2015430603847808,0.9772578798988973,0.0,0.0,0.0,0.0,False,1349.716059903209,2.1432254708196554,1440,2023-09-29,0.08410111650604127,2.311
63,3,240,788.4270907123619,8826.165899942038,8384.857604944973,8413.25950840653,0.9966241498395267,28.401903461556504,0.09402987240324591,0.18612456790224702,0.9576476715362833,0.0,0.0,0.0,0.0,False,1253.533366014824,3.139981524645089,1440,2023-08-03,0.06388037503419468,2.359
64,3,240,1083.8127841915552,8977.062906211735,8528.209760901103,8535.465846116575,0.999149889959577,7.2560852154733535,0.1270856152202614,0.16335783944121587,0.9878349924553873,0.0,0.0,0.0,0.0,False,1383.8479847408094,1.8808019340693423,1440,2023-11-30,0.08231823692317936,2.368
65,3,240,1354.7541370826154,8668.808743985961,8235.368306786675,8249.233209504215,0.9983192495150258,13.864902717539573,0.16450437753538935,0.1595137040493617,0.9819292938064109,0.0,0.0,0.0,0.0,False,1067.3445836211486,1.8855552876973891,1440,2023-02-05,0.1489874370765748,2.376
66,3,240,878.5063488590118,8471.509478693699,8047.934004758979,8073.544612680212,0.996827835956835,25.610607921233495,0.10915923867411503,0.17653755466989765,0.9483061902281867,0.2777777777777778,0.0,0.0,0.0,False,1085.8822034679115,3.5846998465511777,1440,2023-06-27,0.21280420985890233,2.41
67,3,240,1204.1797705248991,8405.310149123165,7985.0446416670065,8006.305718695597,0.9973444585086298,21.26107702859016,0.15080438802324683,0.17764456510372487,0.980155486579813,0.0,0.0,0.0,0.0,False,1344.071647834085,1.7089646396134386,1440,2023-01-27,0.22757827898609034,2.492
68,3,240,533.0160419467061,8382.84630301045,7963.703987859903,8000.664259477577,0.9953803496286086,36.96027161767463,0.06693066979376065,0.18396311814203783,0.9546693250985083,0.0,0.0,0.0,0.0,False,1212.5971103560175,3.3053348445270183,1440,2023-08-07,0.23807988307823466,2.58
69,3,240,761.1700089371798,8471.745049285042,8048.157796820784,8069.818207442961,0.9973158737823612,21.660410622176165,0.09457692408042251,0.18613744625619782,0.9895888389099035,0.0,0.0,0.0,0.0,False,1106.8183339481043,1.5416648686480372,1440,2023-11-27,0.23338219376055966,2.405
70,3,240,677.1004381914089,9132.768512154575,8676.130086546844,8697.81753718201,0.9975065640843285,21.687450635164613,0.0780417572624132,0.18224664891205408,0.9693612678493047,0.0,0.0,0.0,0.0,False,1530.2532322848392,2.3662849649361983,1440,2023-12-15,0.2255336481424578,2.374
71,3,240,899.5663666497527,8002.391585721277,7602.2720064352325,7638.770074160437,0.9952219968174372,36.4980677252026,0.11832862148161503,0.18551752396833934,0.9836015015571817,0.0,0.0,0.0,0.0,False,995.6807431221722,2.014003288472666,1440,2023-03-17,0.22870223335948983,2.332
72,3,240,863.3361324974121,8122.722880638367,7716.586736606485,7744.123929959457,0.996444117681738,27.537193352972363,0.11188057128961665,0.1980281976597753,0.9466027716382233,1.0416666666666667,0.0,0.0,0.0,False,1084.2688626104123,3.445710520806805,1440,2023-08-15,0.2247653002108709,2.319
73,3,240,763.898253243001,8316.407387328733,7900.587017962265,7926.773217607477,0.996696486839431,26.186199645211783,0.0966887968585437,0.18539364871332387,0.9838035076262123,0.0,0.0,0.0,0.0,False,1123.9635447704316,1.7191839577482726,1440,2023-02-17,0.19419086168782787,2.334
74,3,240,1202.8798864697842,8672.446343741494,8238.824026554366,8269.525155671552,0.9962874374841063,30.701129117186078,0.14600140536960243,0.18586470201150745,0.9761957721856268,0.0,0.0,0.0,0.0,False,1284.3759446504098,1.893098625639917,1440,2023-02-21,0.19825763611592045,2.339
75,3,240,408.4827024688445,7816.299822136262,7425.484831029418,7441.643293861713,0.997828643191535,16.158462832294646,0.05501091332944185,0.1828028101180921,0.9568424718315995,0.0,0.0,0.0,0.0,False,1034.6600210155225,3.194373675766367,1440,2023-09-18,0.20118150330181522,2.333
76,3,240,897.1474313950897,8548.700895825512,8121.265851034217,8153.985346184043,0.9959873002267365,32.71949514982669,0.11046891554237703,0.19236837560137618,0.9611377356896053,0.0,0.0,0.0,0.0,False,946.0662771347971,2.9271797940160855,1440,2023-08-10,0.2111166187101402,2.258
77,3,240,1106.7744235089754,8403.579055374557,7983.400102605825,8017.652648569045,0.9957278585809859,34.25254596321992,0.13863446768097196,0.19102615172949267,0.9616115923724565,0.0,0.0,0.0,0.0,False,933.9659906257527,3.031455547165096,1440,2023-06-21,0.19840204819350643,2.405
78,3,240,706.1137008505151,8225.72735792066,7814.440990024623,7842.35409589675,0.9964407235976847,27.91310587212678,0.09036010403711427,0.1831790041078457,0.9509122519523994,0.0,0.0,0.0,0.0,False,1267.6466283876834,3.555924001255044,1440,2023-07-17,0.1916319767118685,2.418
79,4,240,1061.9065562304697,8938.277611575406,8491.363730996653,8534.075772261902,0.9949951181117849,42.712041265249624,0.12505724520480896,0.1960928948349345,0.9657264438470751,0.0,0.0,0.0,0.0,False,1034.1080816842195,2.936461665093823,1440,2023-06-16,0.20432069408878917,2.43
80,4,300,489.07478673124444,10452.495897143226,9929.871102286088,9950.044945431038,0.9979724872344206,20.173843144950013,0.049252883717558836,0.18874866043820582,0.9789407252192401,0.0,0.0,0.0,0.0,False,1328.7395900771567,2.1004644816886064,1440,2023-12-20,0.18625646364898363,2.368
81,4,300,439.6661387526377,11225.15194668726,10663.894349352895,10707.996213638933,0.9958814083040238,44.101864286039316,0.041229416229101847,0.20660207607380937,0.9810754905710589,0.0,0.0,0.0,0.0,False,1175.2012554447801,1.960336628796999,1440,2023-11-03,0.18852496194803203,2.436
82,4,300,97.69969526072921,10557.389861186319,10029.52036812699,10056.228796132684,0.9973440910556883,26.708428005694486,0.009741213106382533,0.19495544771881296,0.9668941177881952,0.0,0.0,0.0,0.0,False,1355.624854051097,2.265853716875314,1440,2023-12-31,0.15073214238525245,2.425
83,4,300,726.8959472442363,11025.639783110943,10474.357793955402,10518.539165020404,0.9957996666293806,44.181371065002125,0.06939766251480518,0.20296740977081615,0.980633241957292,0.0,0.0,0.0,0.0,False,1126.0451509488744,2.0345410083581363,1440,2023-03-23,0.14637269673008027,2.478
84,4,300,914.2457406516603,10572.175123247522,10043.566367085148,10069.79354164402,0.9973954605473878,26.227174558871926,0.09102799814693646,0.18990951373594242,0.9600373042067664,0.0,0.0,0.0,0.0,False,1223.8795899612378,3.288216363961036,1440,2023-08-01,0.1251104532029947,2.39
85,4,300,1271.5267768968095,10457.811790301095,9934.921200785953,9971.41167542119,0.9963404906122587,36.49047463523661,0.12798559255771638,0.19298061298610333,0.9714374110265208,0.0,0.0,0.0,0.0,False,1234.5066400161952,2.450495962450147,1440,2023-06-20,0.13733255397125133,2.425
86,4,300,1374.2615398250562,10860.740492993087,10317.703468343454,10341.989162316893,0.9976517385976453,24.28569397344092,0.13319451795077603,0.18681316375336612,0.9733142447362905,0.0,0.0,0.0,0.0,False,1567.628701356789,2.2272545319882115,1440,2023-04-16,0.14070478558619742,2.398
87,4,300,1303.6748015119927,10988.20058150139,10438.790552426322,10452.090342220119,0.9987275473748947,13.299789793797002,0.12488753318352337,0.18692642287620678,0.9719850440989055,0.0,0.0,0.0,0.0,False,1813.8277257264954,2.6014579086853153,1440,2023-10-25,0.15763030100250788,2.427
88,4,300,1231.6467231364306,10876.907817108073,10333.062426252698,10343.194397170595,0.9990204214937052,10.131970917895037,0.11919474327448627,0.1915944530124368,0.9700386760248217,0.0,0.0,0.0,0.0,False,1739.4879063741469,2.327789561179596,1440,2023-03-28,0.17157522212149645,2.391
89,4,300,478.1395087365658,10506.54116666709,9981.214108333792,10001.363682391606,0.9979853173329464,20.149574057814384,0.047903942701453955,0.2113402267077773,0.9689724401893597,0.0,0.0,0.0,0.0,False,1453.7743309845264,2.5222779110028855,1440,2023-03-24,0.17288177006635944,2.445
90,4,300,1342.461868758496,10351.792591943395,9834.202962346222,9847.98540618323,0.9986004808832927,13.782443837007964,0.1365094735077762,0.18828788332879673,0.9510883599329419,0.0,0.0,0.0,0.0,False,1360.1419877405133,3.2534286853774725,1440,2023-06-15,0.12991929495711185,2.417
91,4,300,541.6260756143175,11184.583072712932,10625.35391907723,10630.576571468835,0.999508714098761,5.222652391604345,0.0509748738479062,0.18245960936421607,0.9586798769044317,0.0,0.0,0.0,0.0,False,1929.1441416864802,2.708957815036677,1440,2023-10-18,0.14685007613703122,2.379
92,4,300,464.45570308075645,11081.591502577512,10527.51192744857,10534.025572827253,0.9993816565819352,6.513645378680602,0.04411827849558383,0.18862028226454322,0.9622551238696987,0.0,0.0,0.0,0.0,False,1652.122692000001,2.676725322310028,1440,2023-12-29,0.17409392333483334,2.474
93,4,300,920.568540178488,10885.283331664681,10341.019165081534,10354.232064997772,0.99872391309821,13.212899916240373,0.08902106508872616,0.189390911914054,0.9676889176422274,0.0,0.0,0.0,0.0,False,1347.7995888880464,2.236366265458881,1440,2023-03-22,0.18290450659912816,2.507
94,4,300,550.835474422727,10643.172240076321,10111.013628072535,10131.896715458533,0.9979388767994312,20.883087385999175,0.054478758973617654,0.1883079138294987,0.931119240928816,6.805555555555555,0.0,0.0,0.0,False,1593.5103681139542,3.5698711846399167,1440,2023-08-06,0.1887880423859376,2.341
95,4,300,1049.2523713782302,10545.96900410756,10018.670553902217,10051.97244510997,0.9966870291985377,33.30189120775408,0.10472970098508252,0.1873116649682257,0.934194741750457,7.847222222222222,0.0,0.0,0.0,False,1589.659016145201,3.997881723618541,1440,2023-06-13,0.19646207110993183,2.438
96,4,300,936.0894250908356,11352.757340320573,10785.119473304536,10809.936329410815,0.9977042551084451,24.81685610628095,0.08679453458145327,0.18245179344170984,0.9438248113139611,2.361111111111111,0.0,0.0,0.0,False,1514.259326588216,3.16968135589001,1440,2023-09-20,0.20542745833551657,2.464
97,4,300,295.1596608996471,10992.325299742291,10442.709034755178,10446.716303603649,0.9996164087611829,4.007268848469458,0.02826466388341413,0.17195229301739892,0.9514116737527643,0.0,0.0,0.0,0.0,False,1608.9262004494667,3.326348666188675,1440,2023-10-28,0.22416889580223376,2.909
98,4,300,1429.9697802075152,10597.796557732865,10067.906729846269,10116.641075161808,0.995182754339759,48.73434531553993,0.14203248188308853,0.2017674990240007,0.9827861192620037,0.0,0.0,0.0,0.0,False,1287.541740649463,1.8244546322926007,1440,2023-11-29,0.26366333205822157,2.748
99,5,300,364.5733132597066,10476.11411137483,9952.308405806005,9964.15804378406,0.9988107737827937,11.84963797805548,0.036632035342375524,0.18461920340589102,0.966975723352841,0.0,0.0,0.0,0.0,False,1557.1425592446417,2.1045827670391684,1440,2023-12-21,0.2295770528972879,3.263
100,5,251,182.98693346893117,8878.790785991487,8434.85124669191,8447.38597529326,0.9985161411307578,12.534728601349814,0.021694150627813075,0.17258465567038828,0.9712577627986209,0.0,0.0,0.0,0.0,False,1532.2622175393578,2.4335763374809862,1440,2023-11-04,0.2408033197580877,3.348
101,5,290,1662.0991954359802,10382.676489832444,9863.542665340841,9917.068366661062,0.9946026689197625,53.525701320220584,0.16850935326476282,0.19039103726030066,0.981866801530645,0.0,0.0,0.0,0.0,False,1203.814041205388,1.8798432961287506,1440,2023-01-19,0.27763110548131414,2.82
102,5,279,937.0855591596362,10229.18283593577,9717.72369413899,9758.114572234723,0.9958607907504324,40.3908780957334,0.09643056220304111,0.18572833074811296,0.9822185178460009,0.0,0.0,0.0,0.0,False,1251.806584105478,1.8729169835864798,1440,2023-11-10,0.2683997426990731,2.793
103,5,212,825.9522718588821,7894.657586775467,7499.924707436707,7536.603823543772,0.9951332036331162,36.679116107064715,0.11012807515786018,0.18276267360723333,0.9538738384076378,0.0,0.0,0.0,0.0,False,1001.7960116872938,3.5590989770666166,1440,2023-08-31,0.27198619026268744,2.863
104,5,290,693.3165516104942,10231.838640006476,9720.246708006103,9763.843139225468,0.9955349107315931,43.59643121936393,0.07132705294809467,0.18273219260908283,0.9665587227008443,0.0,0.0,0.0,0.0,False,1428.6657771291314,2.8277596972752495,1440,2023-10-02,0.28224166034315257,2.495
105,5,296,456.65143282410105,10587.025504218895,10057.674229007993,10072.62013781899,0.9985161846067359,14.945908810997494,0.045403283346267365,0.17299985469879267,0.9662468622224085,0.0,0.0,0.0,0.0,False,1987.1398487079528,2.533057425782736,1440,2023-01-10,0.2913764849730015,2.337
106,5,295,1237.1259154938266,10501.576172980265,9976.49736433124,10036.092765540448,0.9940618921525085,59.59540120920707,0.12400403371196154,0.18889308357030946,0.9522375715177972,0.0,0.0,0.0,0.0,False,1223.623286723993,3.59455873957043,1440,2023-08-24,0.32144549534457945,2.348
107,5,134,43.44337018400896,5032.24688953703,4780.63454506014,4796.187668964189,0.9967571902983089,15.55312390404999,0.00908736482040847,0.17402909971249864,0.9895726473796032,0.0,0.0,0.0,0.0,False,623.9256028532982,2.0538368828403013,1440,2023-10-28,0.3110909459459894,2.326
108,5,202,708.0337895322685,7116.8304434513375,6760.988921278748,6793.924157394151,0.9951522514304848,32.935236115402034,0.10472340626145467,0.18915604448904444,0.964943864018211,0.0,0.0,0.0,0.0,False,786.930297428068,2.738691085721271,1440,2023-05-07,0.3368066159286762,2.342
109,5,229,763.3292354224559,8249.29471533491,7836.829979568135,7862.187796600584,0.9967747123716107,25.357817032449177,0.09740280667215914,0.18126301367222325,0.9513438137752837,0.0,0.0,0.0,0.0,False,1000.821120142906,3.6110478109726483,1440,2023-08-18,0.32464207118197264,2.37
110,5,171,591.9594209335175,6579.9190165631435,6250.923065734949,6286.0054959375575,0.994418962849256,35.082430202608336,0.0946995211280717,0.19409432380130484,0.9795527302934126,0.0,0.0,0.0,0.0,False,787.4324823112886,2.3265288767158165,1440,2023-07-07,0.3332119524980053,2.268
111,5,188,619.1838223538149,7110.748939483716,6755.2114925094975,6787.673407387052,0.9952175196228171,32.4619148775545,0.09166016830715006,0.18529439179504664,0.9882552762101982,0.0,0.0,0.0,0.0,False,844.706976401302,1.637198659081189,1440,2023-01-13,0.31213425907678666,2.232
112,5,233,330.20844183269344,7977.867756434746,7578.974368613001,7598.646022266117,0.9974111633052162,19.671653653116813,0.04356901419276387,0.1758139539826835,0.9615433033608557,0.0,0.0,0.0,0.0,False,1234.5119467257841,2.928763433239231,1440,2023-08-06,0.3153672351638275,2.289
113,5,265,884.8608929707192,9974.6348001402,9475.903060133227,9520.062680682382,0.9953614149370296,44.15962054915755,0.09338011241308314,0.19888165524290893,0.9702959495726977,0.0,0.0,0.0,0.0,False,1324.0521721313598,2.007369709937355,1440,2023-12-14,0.3400198815215248,2.277
114,5,225,480.4582858373052,8208.203286423495,7797.793122102336,7817.8495300656905,0.997434536455809,20.056407963353678,0.06161464895439166,0.19337300498495014,0.9803276122750202,0.0,0.0,0.0,0.0,False,955.1758247464895,1.8484734202387072,1440,2023-01-12,0.3090489730730413,2.244
115,5,151,530.1129488291231,5158.361984641438,4900.443885409365,4920.867754028075,0.9958495392195834,20.423868618709495,0.10817651650036993,0.19955133709810682,0.9624367467002286,0.0,0.0,0.0,0.0,False,500.69051730636045,2.90968714521914,1440,2023-09-06,0.29672262663251636,2.343
116,5,242,1112.6293103337548,8783.785558760022,8344.59628082202,8383.58299358869,0.995349635973487,38.986712766672916,0.13333530741215807,0.19983200088772213,0.9796063826563666,0.0,0.0,0.0,0.0,False,926.0276265116784,1.7914542175835169,1440,2023-03-19,0.27329165197624633,2.428
117,5,277,1139.8261132407522,9873.105245806773,9379.449983516435,9412.466942224382,0.9964922098626627,33.01695870794974,0.12152376901032545,0.19791467939104385,0.9786207967706329,0.0,0.0,0.0,0.0,False,932.2673786870446,1.5562879893579393,1440,2023-03-09,0.25393781186969056,2.406
118,5,159,435.34399190377223,5769.042174572859,5480.590065844217,5503.198684308036,0.9958917313800998,22.608618463819457,0.079433781157415,0.1988596609460985,1.0019264701024502,0.0,0.0,0.0,0.0,False,578.628882982051,1.2278842586831287,1440,2023-10-19,0.24277711310758596,2.859
119,5,218,1058.881275978918,8020.781888165264,7619.7427937569855,7641.390131182725,0.9971670943304672,21.64733742573898,0.13896548802755934,0.19093700242791808,0.9874736302670377,0.0,0.0,0.0,0.0,False,783.2815868818413,1.4880692005028409,1440,2023-11-30,0.23182661162947713,3.563
120,5,181,606.4543783888984,6695.885159468897,6361.090901495458,6390.107390032568,0.9954591547894217,29.016488537109822,0.09533810910426138,0.19472637578694016,0.9831802768806673,0.0,0.0,0.0,0.0,False,728.6436963190258,1.657344739236879,1440,2023-11-27,0.24094920906559106,3.588
121,5,283,1138.2166585646758,10348.915735685783,9831.469948901533,9897.474454249821,0.9933311769933443,66.00450534828857,0.11577278519697336,0.22677481074382685,0.9846430185790221,0.0,0.0,0.0,0.0,False,1000.0646933468279,1.589740392251896,1440,2023-02-16,0.2401743468352866,3.365
122,5,130,42.203854981685765,5018.831246205937,4767.88968389565,4798.356545209377,0.9936505632654278,30.466861313727065,0.008851684451558598,0.23465756778278996,0.9982891679924224,0.0,0.0,0.0,0.0,False,516.4391934275627,1.4180936997034246,1440,2023-12-25,0.167709159608701,3.324
123,5,206,847.1816264848165,7539.654277772117,7162.671563883516,7189.5918011597,0.9962556654090096,26.920237276183016,0.11827732417001746,0.197236470912144,0.9929838631796011,0.0,0.0,0.0,0.0,False,872.2329719795615,1.4298349302759221,1440,2023-11-26,0.09066206595257423,2.742
124,5,282,819.6207094807243,9816.16500211163,9325.356752006057,9403.748957369402,0.9916637284003725,78.39220536334618,0.08789161972858665,0.2148999759217765,0.9644030663654332,0.0,0.0,0.0,0.0,False,1163.3187806317762,3.0868280537807866,1440,2023-05-22,0.11148898059748669,2.534
125,5,197,524.5107287759158,6454.285887431728,6131.571593060169,6170.979670135119,0.9936139674441535,39.40807707495068,0.0855426248907486,0.19218756750584648,0.9421810327583122,1.0416666666666667,0.0,0.0,0.0,False,875.7594953917355,3.825005186592976,1440,2023-07-23,0.0885458024961363,2.506
126,5,145,178.3308218366599,5166.310272377047,4907.994758758191,4958.24419110294,0.9898654785024674,50.24943234474865,0.036334762077411174,0.2130292726031155,1.0011920662056546,0.0,0.0,0.0,0.0,False,534.6373569667339,1.2017222038965751,1440,2023-11-01,0.12054918015480971,2.56
127,5,262,934.298822609832,9104.206559644508,8648.99623166231,8711.043072732962,0.9928772202648303,62.0468410706511,0.1080239599584451,0.19010719835149298,0.9576035647686457,0.0,0.0,0.0,0.0,False,1235.2295545154207,3.3360214207907575,1440,2023-06-26,0.09964866743760085,2.478
128,5,294,1622.5173147008072,10393.93629751716,9874.2394826413,9948.36407852099,0.9925490668320304,74.12459587968837,0.1643182057264418,0.20213834884082102,0.9878267592503118,0.0,0.0,0.0,0.0,False,1120.465807474623,1.814413822587611,1440,2023-02-05,0.13385146069982864,2.409
129,5,298,698.6407912537871,10423.464063760433,9902.290860572395,9942.247118300424,0.9959811642928809,39.95625772802948,0.07055345082172255,0.19894756563823038,0.9714539175337107,0.0,0.0,0.0,0.0,False,1371.2454494425951,2.657940242170313,1440,2023-10-02,0.13463824679104816,2.404
130,5,288,391.8066419968799,9785.076073389215,9295.822269719745,9350.832985735113,0.9941170250715324,55.01071601536664,0.04214868041024759,0.2007347151180825,0.9666478174006261,0.0,0.0,0.0,0.0,False,1571.8860331874664,2.680456532206867,1440,2023-10-14,0.14234002042781163,2.399
131,5,186,774.0113155053086,6672.816353335629,6339.175535668863,6367.976295395436,0.995477250795139,28.800759726573634,0.12209968175674453,0.18585703121907826,0.9890724617125355,0.0,0.0,0.0,0.0,False,968.0866543336931,1.6724588234613234,1440,2023-10-25,0.14453297472564366,2.433
132,5,252,157.31377315671088,8940.122534132057,8493.11640742546,8529.990654802807,0.9956771057707331,36.87424737734766,0.01852250288470941,0.20071306674826864,0.9729371341464622,0.0,0.0,0.0,0.0,False,1350.2561961563597,2.1664133276345052,1440,2023-11-04,0.17972539118076467,2.616
133,5,295,1159.9346566192098,10189.88865788663,9680.394224992257,9709.557565816574,0.9969964294843886,29.1633408243169,0.1198230805130395,0.19677756781691322,0.9605391763519333,0.0,0.0,0.0,0.0,False,1338.2676556096972,2.899054161105306,1440,2023-07-10,0.1751603928432292,2.48
134,5,223,825.5466492318833,7788.219194067127,7398.808234363765,7415.466700764697,0.9977535511825286,16.658466400931925,0.11157832762817556,0.19604966133783983,0.9557042887927247,0.0,0.0,0.0,0.0,False,1225.0270709584208,3.344237082558567,1440,2023-06-24,0.18032761343133713,2.508
135,5,288,1077.2531631946217,10616.473992710102,10085.650293074548,10106.396427762362,0.9979472272994533,20.746134687811672,0.10681048141579255,0.20392599343151277,0.956205338918275,0.0,0.0,0.0,0.0,False,1355.5750770312955,3.1570976848647883,1440,2023-07-20,0.18626030108889294,2.688
136,5,226,650.9853841071024,7924.4897487116095,7528.265261276025,7534.680094658177,0.999148625648128,6.414833382153334,0.0864721634419085,0.19693772456721279,0.9829479439246989,0.0,0.0,0.0,0.0,False,1127.6116201545308,1.6753170968739073,1440,2023-03-22,0.17348222093728144,2.527
137,5,152,506.5577503637583,5203.54059802458,4943.363568123398,4944.243579216105,0.9998220129978211,0.8800110927069489,0.1024722829674569,0.2000945778131782,0.9534496079606732,0.0,0.0,0.0,0.0,False,681.2080031406214,3.3442703628343553,1440,2023-05-18,0.1787870620890916,2.507
138,5,203,727.7759008698215,7009.569717098333,6659.091231243424,6663.992898618912,0.9992644548921258,4.901667375487268,0.10929057368296889,0.20350678756453977,0.9812089406127033,0.0,0.0,0.0,0.0,False,1109.7191938765993,1.8042845874089397,1440,2023-04-22,0.1760811289787569,2.51
139,5,230,987.4229078105222,9090.52036379085,8635.994345601295,8649.978901080402,0.9983832844404558,13.98455547910563,0.11433806789295337,0.20780993093182196,0.9744547674846936,0.0,0.0,0.0,0.0,False,1374.7464998577798,2.1860620257638526,1440,2023-04-25,0.1662341816592667,2.453
140,5,175,623.9365386848351,6499.13439785505,6174.177677962281,6189.002032392357,0.99760472619778,14.82435443007555,0.10105581200098511,0.21208370546716104,0.9901728675454589,0.0,0.0,0.0,0.0,False,880.7348103422025,1.6596038121614818,1440,2023-12-07,0.14849921184906262,2.54
141,5,247,929.2854770377216,9008.231335472961,8557.819768699359,8571.637689781954,0.9983879485364778,13.817921082594793,0.10858904512532834,0.20160413239444394,0.970682654251469,0.0,0.0,0.0,0.0,False,1171.0025662993567,2.3280106981112336,1440,2023-09-29,0.12430474674979532,2.475
142,5,193,619.532313879705,6868.182895946413,6524.773751149056,6529.903572612127,0.9992144108399108,5.129821463071633,0.09495077339204311,0.20140258178995551,0.9819748459437884,0.0,0.0,0.0,0.0,False,978.8079382870038,1.570837557718743,1440,2023-10-17,0.1279240288106369,2.467
143,5,290,1027.849338711067,10228.995753375035,9717.545965706355,9735.43879628276,0.9981620930549903,17.892830576406553,0.10577252141007538,0.2006054002689004,0.9482102212656077,0.5555555555555556,0.0,0.0,0.0,False,1357.7420303045405,3.1149464290268494,1440,2023-05-24,0.1311927366996869,2.549
144,5,157,597.6203492067617,5514.229484649776,5238.518010417258,5248.702619096432,0.9980595950240886,10.1846086791749,0.11408194989849049,0.20159199135315248,0.9750992437099394,0.0,0.0,0.0,0.0,False,475.87847844722074,2.5545425173258938,1440,2023-07-04,0.13553123234380318,2.41
145,5,240,972.1396650292545,8627.75587234161,8196.368078724527,8211.300762858886,0.9981814471828991,14.932684134357881,0.11860615039393564,0.19992401309032354,0.9748081771006615,0.0,0.0,0.0,0.0,False,1465.4655521303516,2.1392611636837415,1440,2023-03-28,0.136751928906084,2.422
146,5,136,481.5743488826926,5001.574868492252,4751.496125067639,4758.202254085818,0.9985906170734082,6.706129018178954,0.1013521501873975,0.20142089346706088,0.9886253754784795,0.0,0.0,0.0,0.0,False,723.576771270662,1.7752021818938448,1440,2023-12-08,0.14140183767961614,2.404
147,5,144,623.0596059480772,5201.141232839321,4941.084171197349,4947.617659792928,0.9986794677671491,6.533488595578574,0.12609775190231057,0.20829432121023878,0.9882043444754002,0.0,0.0,0.0,0.0,False,670.083071126539,1.7821692969059537,1440,2023-01-18,0.14175758319626663,2.561
148,5,214,1064.361841096406,7536.49337702066,7159.668708169656,7173.1545842776195,0.9981199518357625,13.485876107963708,0.1486607669265337,0.20283369652979646,0.9878458078458786,0.0,0.0,0.0,0.0,False,849.6474540218644,1.7908341406166064,1440,2023-04-05,0.12650592251408377,2.468
149,5,210,845.4549325948406,7926.434521422971,7530.1127953518535,7541.114019268189,0.9985411672747254,11.001223916335393,0.11227652965792469,0.2017524162354687,0.9797222404186233,0.0,0.0,0.0,0.0,False,862.5583504440624,1.979918756275203,1440,2023-09-22,0.1261762834388207,2.498
150,5,210,1228.8109931928416,7861.698763934746,7468.613825738037,7487.154324734896,0.9975236921542263,18.540498996858844,0.16452999470372434,0.20042568452656567,0.98526038744219,0.0,0.0,0.0,0.0,False,879.6853209066519,1.9050648080524943,1440,2023-02-05,0.12820376801435793,2.624
151,5,209,734.2267738649058,7703.126077620868,7317.969773739823,7329.892316165491,0.9983734355279171,11.922542425666839,0.10033203150136569,0.1978164909422973,0.9488519571798016,0.2777777777777778,0.0,0.0,0.0,False,1041.8513927171148,3.5062593785293132,1440,2023-07-24,0.13272328120804605,2.586
152,5,274,957.7221205958552,9914.261861360257,9418.548768292201,9441.834607139906,0.9975337590821495,23.28583884770314,0.10168468032145808,0.1992753800254425,0.9792294497212697,0.0,0.0,0.0,0.0,False,1316.6509920607568,2.1110255365602186,1440,2023-01-13,0.14218829310127212,2.539
153,5,210,903.2530149346873,7446.538512289053,7074.211586674615,7081.390830096243,0.9989861817270252,7.179243421628203,0.1276824991545497,0.1940452254293334,0.9838004841366615,0.0,0.0,0.0,0.0,False,882.7990234399202,2.168886946216306,1440,2023-03-17,0.14658697763166137,2.522
154,5,185,884.7610142927839,6676.9414698553,6343.0943963625605,6354.04411630996,0.9982767321493262,10.949719947400805,0.13948413171970908,0.18845041639855517,0.9865837668180469,0.0,0.0,0.0,0.0,False,835.6291775107384,1.6892196297551765,1440,2023-03-07,0.1619100040959462,2.501
155,5,293,1485.556345683431,10846.405184662217,10304.084925429112,10317.781525941467,0.9986725246626013,13.696600512355424,0.14417159373534233,0.1914567654622259,0.9666372417073881,0.0,0.0,0.0,0.0,False,1572.7099367751778,2.281071917770026,1440,2023-01-28,0.18705448431515836,2.506
156,5,279,1280.7873466146295,10293.788175681913,9779.098766897809,9795.944808692318,0.9982803045419814,16.846041794509997,0.13097192053628573,0.19990871362421356,0.9618320108674377,0.0,0.0,0.0,0.0,False,1136.033053539059,2.791691030239334,1440,2023-06-20,0.20098326227734123,2.526
157,5,183,730.0030231933723,6509.747834033918,6184.260442332254,6204.579929992713,0.9967250824568742,20.319487660460066,0.11804208926848951,0.20042485529738394,0.976634462123052,0.0,0.0,0.0,0.0,False,1054.7054588165881,2.392351982785272,1440,2023-10-30,0.19353656300950398,2.399
158,5,156,384.347958207673,5631.5578250817525,5349.979933827668,5357.977225101018,0.9985074047653871,7.997291273351471,0.07184100930499929,0.20132365389045354,0.9876823910000215,0.0,0.0,0.0,0.0,False,861.152057340292,1.690714676610395,1440,2023-12-17,0.18642244914939013,2.406
159,5,160,486.39220982059254,5671.619672575596,5388.038688946817,5404.013436305582,0.9970439105033599,15.974747358764109,0.0902725904359952,0.18460206076880628,0.9639467356746593,0.0,0.0,0.0,0.0,False,586.336847025324,3.09767877375958,1440,2023-05-13,0.17868761846202327,2.437
160,5,149,783.54560316756,5307.027089465541,5041.675734992244,5054.912544139785,0.9973813970010448,13.23680914754117,0.15541372439510243,0.19580350792221252,0.9938784270217097,0.0,0.0,0.0,0.0,False,562.8718443559634,1.6297990042130228,1440,2023-02-28,0.21005715574131342,2.613
161,5,214,795.0098454451324,7455.029994428227,7082.278494706805,7099.584605149164,0.997562377039664,17.30611044236091,0.11225340065902684,0.1889876325548626,0.9714288835977822,0.0,0.0,0.0,0.0,False,954.8585725923703,2.435763536234631,1440,2023-09-15,0.21071942643114122,2.523
162,5,224,778.8040481944147,8156.602432971304,7748.772311322717,7766.230779980664,0.9977520023351675,17.458468657947787,0.10050676635012298,0.20040028891331904,0.9886331521233102,0.0,0.0,0.0,0.0,False,1017.0791391043172,1.8431656558431033,1440,2023-11-14,0.22679478716343018,2.48
163,5,236,732.2047503000591,8680.381478876474,8246.362404932606,8268.289037936676,0.997348105163781,21.92663300407015,0.08879124083390841,0.20297672892562857,0.9866503124454361,0.0,0.0,0.0,0.0,False,1168.9225467609042,1.9262021492318893,1440,2023-11-09,0.2145272173149912,2.414
164,5,282,582.2825694212542,10220.416695716618,9709.395860930781,9732.699945149412,0.9976055889578467,23.30408421863168,0.059971040192549556,0.20134608507255702,0.9461049402711597,1.3888888888888888,0.0,0.0,0.0,False,1310.0502772198456,3.78624087785252,1440,2023-07-30,0.1988961569628776,2.445
165,5,289,1416.041624135771,10114.43888530098,9608.716941036026,9645.910101908685,0.9961441522386468,37.193160872659206,0.14737052124912436,0.20315332679761786,0.9863452448822302,0.0,0.0,0.0,0.0,False,1019.9837200803915,1.7920384896702455,1440,2023-11-30,0.18991142090431629,2.549
166,5,216,344.9271292006293,7595.385007680425,7215.615757296386,7238.54931065011,0.9968317473060545,22.933553353724008,0.04780286822394071,0.2000381875388289,0.9904351550530666,0.0,0.0,0.0,0.0,False,791.1504024138462,1.6122139051470517,1440,2023-11-03,0.17859003392245248,2.502
167,5,225,1276.11673949716,8017.5847242781565,7616.705488064226,7638.396582217876,0.9971602555693238,21.69109415365044,0.16754182520210364,0.2000001877183357,0.9908306821957481,0.0,0.0,0.0,0.0,False,1052.7855953460462,1.8179431976472291,1440,2023-01-20,0.17638432132935572,2.53
168,5,134,748.0696303317566,4800.686795213453,4560.652455452762,4583.719158711581,0.9949676883639392,23.066703258819043,0.1640268881785449,0.20177823118048607,1.0010869021461823,0.0,0.0,0.0,0.0,False,557.3059417547195,1.2320004218203984,1440,2023-01-27,0.1747033414740466,2.491
169,5,168,678.3323360674957,6017.144428497351,5716.28720707249,5736.892797604853,0.9964082315533305,20.60559053236283,0.11866659450354898,0.20046148141877954,0.9824955220966775,0.0,0.0,0.0,0.0,False,674.0811584210901,2.2047965314205897,1440,2023-09-10,0.16935795041404414,2.457
170,5,300,1164.776597881985,11353.944879715875,10786.247635730035,10806.040473435412,0.9981683542872124,19.792837705377337,0.10798719232289818,0.1957985584188512,0.9333547840131513,13.88888888888889,0.0,0.0,0.0,False,1490.1960057075814,4.270123615481621,1440,2023-08-27,0.16795541297085756,2.499
171,5,288,990.6486504528942,10101.559062948067,9596.481109800685,9625.155150612281,0.9970209268980176,28.674040811597184,0.10323040697085993,0.20771442007217222,0.9768656559044345,0.0,0.0,0.0,0.0,False,1205.26949328714,2.369947162024154,1440,2023-09-27,0.17730188569520813,2.543
172,5,124,463.9428426131273,4180.576074683398,3971.5472709492383,3984.0933134123093,0.996850966712844,12.54604246307088,0.11681664876728018,0.19899225613942653,0.9745387650917604,0.0,0.0,0.0,0.0,False,455.15756028219096,2.598233476202516,1440,2023-07-04,0.15817844723377367,2.416
173,5,209,450.4360659018267,7768.795492951221,7380.355718303643,7404.753228625841,0.9967051555171507,24.39751032219852,0.06103175552700302,0.202695281431156,0.9798119061714069,0.0,0.0,0.0,0.0,False,1034.589044690781,2.071610577537157,1440,2023-10-10,0.16211884430969534,2.626
174,5,210,778.2198050515548,7353.634485646974,6985.95276136465,6997.118662964145,0.9984042143434558,11.165901599495717,0.11139780522929499,0.19833101590227997,0.9792412898122074,0.0,0.0,0.0,0.0,False,796.5692893311618,1.9793663443035325,1440,2023-09-22,0.15698974225707,2.599
175,5,242,215.13140492695828,8548.114517519685,8120.708791643713,8136.871788018798,0.9980136105377887,16.162996375084433,0.026491702934641686,0.19401504455818608,0.9569369196643839,0.0,0.0,0.0,0.0,False,1148.3048270259878,3.2517697747285257,1440,2023-07-15,0.162571293983383,2.446
176,5,140,368.5899990787351,4929.188220684742,4682.7288096504935,4696.545599814938,0.9970580951742513,13.816790164444857,0.07871265111896276,0.19478566931314978,0.956724092650643,0.0,0.0,0.0,0.0,False,558.1205759389576,3.309227154741669,1440,2023-07-16,0.17683092009353069,2.424
177,5,206,788.8564672848089,7528.197271389277,7151.787407819807,7174.188549282078,0.9968775365592374,22.401141462270765,0.11030200176563812,0.20985746265722327,0.9915323155738158,0.0,0.0,0.0,0.0,False,793.6950241147921,1.6830352788748737,1440,2023-12-04,0.18680396305507121,2.416
178,5,186,739.4812379340749,6833.855928246198,6492.163131833917,6512.7405684810565,0.9968404335424129,20.577436647139372,0.11390367477182987,0.1929416826658467,0.9506892746550271,0.0,0.0,0.0,0.0,False,956.8833550376064,3.5039905022904017,1440,2023-08-17,0.16113157893448077,2.552
179,5,159,617.5905538657302,5607.852827738004,5327.4601863511,5340.247927706003,0.9976054030584314,12.787741354904394,0.11592588818363975,0.19823659892690643,0.9510097072372613,0.0,0.0,0.0,0.0,False,714.0884517198529,3.680902371163402,1440,2023-08-30,0.17816130348574455,2.449
180,5,266,938.1069685642224,9481.123533006974,9007.067356356649,9029.539369600614,0.9975112780038791,22.47201324396541,0.10415232077754616,0.19660645401245266,0.9534883742638384,0.0,0.0,0.0,0.0,False,1549.3986627819527,3.0327870417219343,1440,2023-09-07,0.18022443740607888,2.557
181,5,245,865.7188572211282,8861.522195234544,8418.446085472857,8444.589827532316,0.9969040838461779,26.14374205945823,0.10283594483250784,0.19629875683335155,0.9520045936090143,0.0,0.0,0.0,0.0,False,1225.1007323547783,3.3866671871664304,1440,2023-06-13,0.18563094065352193,2.544
182,5,152,1076.6647503026475,5630.899294719137,5349.354329983163,5371.338221520073,0.9959071853921184,21.98389153691011,0.20127003819282174,0.2129901241322758,0.9992455289376263,0.0,0.0,0.0,0.0,False,621.1820403984932,1.3922147995616918,1440,2023-01-23,0.19081813920383128,2.547
183,5,259,1150.3668077993832,9185.544177843803,8726.26696895163,8741.232293806777,0.9982879616566476,14.965324855146134,0.1318280556728816,0.19829250379769867,0.9673400327039264,0.0,0.0,0.0,0.0,False,1541.8068062716716,2.2404097766150204,1440,2023-03-03,0.1575973837798316,2.449
184,5,217,631.0832457614787,7554.304746238004,7176.589508926109,7206.66867078898,0.9958262044174735,30.07916186287163,0.08793637214118893,0.20300336618950685,0.9622144417650009,0.0,0.0,0.0,0.0,False,673.1838644122812,3.1904527553237756,1440,2023-05-13,0.16344091898681665,2.511
185,5,154,591.7508750869255,5564.182372787092,5285.97325414774,5300.862471430604,0.9971911708022777,14.88921728286533,0.11194738350645207,0.2064092023257089,0.9762683155450863,0.0,0.0,0.0,0.0,False,625.162071038041,2.62520365724534,1440,2023-05-08,0.15760168158095134,2.723
186,5,239,958.2097636401583,8153.586688424673,7745.907354003417,7763.034063002268,0.9977938124630323,17.126708998850955,0.12370529620973511,0.20202991638490403,0.9838071553562511,0.0,0.0,0.0,0.0,False,886.6592079384153,2.0898329396558615,1440,2023-04-26,0.1451169920403291,2.56
187,5,203,150.71969797494665,7190.977059232322,6831.428206270708,6878.657531570059,0.9931339327357716,47.22932529935123,0.022062692225411656,0.2354994619001767,0.9560001672160969,0.0,0.0,0.0,0.0,False,999.3117063710613,3.516960212251441,1440,2023-07-01,0.14466217365835687,2.481
188,5,206,813.2311709925776,7625.272318486747,7244.0087025623925,7263.940000254221,0.9972561312880984,19.93129769182767,0.11226258890397478,0.20220885682730913,0.9713981518158141,0.0,0.0,0.0,0.0,False,906.3006032880139,2.7410518524137553,1440,2023-08-11,0.06889034572417034,2.392
189,5,185,451.946109853064,6675.32802144157,6341.561620369488,6367.737284618717,0.9958893303729008,26.17566424922873,0.07126732134895372,0.20972239353393743,0.9980439902331911,0.0,0.0,0.0,0.0,False,612.2037497803236,1.5415275954364498,1440,2023-12-19,0.08140177169576433,2.429
190,5,296,1042.8557752273052,10777.171577516763,10238.312998640935,10278.49350140409,0.9960908179046214,40.18050276315675,0.10185816504786845,0.2170315257242247,0.9710304113528667,0.0,0.0,0.0,0.0,False,1399.3232819438613,1.8887953487789666,1440,2023-11-11,0.07439501204176038,2.44
191,5,150,796.8853125322457,5398.254704629096,5128.341969397614,5143.081110810536,0.9971341806408728,14.739141412922539,0.1553884895522772,0.21300485547682005,0.9970176070400634,0.0,0.0,0.0,0.0,False,555.5472168008057,1.29418545174521,1440,2023-10-16,0.051857937213714,2.482
192,5,300,850.643821828609,10691.837304021838,10157.24543882084,10168.278367687471,0.9989149658902248,11.032928866630781,0.08374749108429151,0.2026708821466319,0.961372114950593,0.0,0.0,0.0,0.0,False,1264.377706570449,3.293905431680403,1440,2023-05-21,0.04203670912172611,2.476
193,5,160,732.247432084805,5583.538781905797,5304.361842810536,5313.249966118528,0.9983271776474529,8.888123307993494,0.13804628224548518,0.2123334033690134,0.9906784096052751,0.0,0.0,0.0,0.0,False,617.4690497997381,1.7998450676164088,1440,2023-03-19,0.05678092386721814,2.386
194,5,265,1010.6250504072523,9438.033326050601,8966.131659748022,8991.012245300197,0.99723272698631,24.88058555217635,0.11271583875399552,0.21600853459496983,0.9789248186512619,0.0,0.0,0.0,0.0,False,1133.4149858213536,1.916824133774866,1440,2023-11-12,0.04670207880592177,2.564
195,5,294,273.43155230039065,10772.205894353347,10233.595599635677,10257.261710410503,0.9976927457402393,23.666110774825597,0.026719010892918713,0.20036826901535582,0.9781814806171362,0.0,0.0,0.0,0.0,False,1206.9534439991191,2.1828610919408526,1440,2023-11-04,0.029753287330032074,2.644
196,5,143,621.9766954741394,5576.6828855597605,5297.84874128177,5320.373850477437,0.9957662544346116,22.52510919566557,0.11740174660472796,0.2065916274876488,0.952306701550164,0.0,0.0,0.0,0.0,False,547.6411861271432,3.6476030553435734,1440,2023-08-25,0.05058442497370334,2.611
197,5,280,1350.1089871248796,9642.202808134758,9160.092667728106,9199.480254342914,0.995718498705814,39.38758661480895,0.14739031973786076,0.2138453127087383,0.971526893505692,0.0,0.0,0.0,0.0,False,1211.3439165080795,2.222246349703841,1440,2023-01-28,0.05322836507521332,2.687
198,5,126,364.34379823117064,4615.783440863115,4384.994268819965,4393.354949126478,0.9980969713571232,8.3606803065121,0.08308877409986178,0.20027116150104177,0.9680564659140075,0.0,0.0,0.0,0.0,False,426.13383685548644,2.878472553975799,1440,2023-07-31,0.03869314403458754,2.481
199,5,189,493.07001510536895,7053.898188237123,6701.203278825213,6718.154734994649,0.9974767690179661,16.95145616943518,0.07357932517334544,0.19838156146858854,0.9920921971657212,0.0,0.0,0.0,0.0,False,1008.6543833293435,1.600141909145647,1440,2023-01-04,0.05691454178396718,2.539
200,5,216,1506.8949517186022,7781.241772596144,7392.179683966322,7410.022585161867,0.9975920584599466,17.842901195545842,0.20384988138032759,0.20801843177854473,0.9810848774067877,0.0,0.0,0.0,0.0,False,856.4758341976546,1.8161463296870366,1440,2023-01-23,0.07572970198143858,2.619
201,5,253,1047.945364382878,9152.101274910237,8694.49621116469,8705.75910432605,0.9987062709837945,11.262893161361283,0.12052973961127282,0.1943075715664774,0.9748278599966753,0.0,0.0,0.0,0.0,False,1524.8622507029258,2.4269231797680444,1440,2023-04-02,0.06917979386858485,2.683
202,5,150,702.9588201307536,5378.216840032854,5109.305998031235,5119.3358223359155,0.9980407957882114,10.029824304681236,0.13758401246698165,0.2044372582937504,0.9896448148024205,0.0,0.0,0.0,0.0,False,593.9779503300781,1.5587847399416428,1440,2023-03-20,0.0943883812665261,2.545
203,5,127,377.66305094281444,4728.730328392493,4492.293811972891,4503.356501917708,0.9975434567660575,11.062689944816285,0.08406908958988044,0.18442372331234405,0.9554315444996064,0.0,0.0,0.0,0.0,False,719.3361109544547,3.433058491800282,1440,2023-06-02,0.09204807747019099,2.574
204,5,173,287.55842329198947,6202.381517642173,5892.262441760087,5900.097410461883,0.9986720611276854,7.8349687017963605,0.04880271816373685,0.1888316402245847,0.9902933295409645,0.0,0.0,0.0,0.0,False,882.1926865801556,1.6334718962215682,1440,2023-11-01,0.1349844252265997,2.42
205,5,285,995.884878029282,10043.71044224988,9541.524920137423,9583.209227865622,0.9956502767771165,41.68430772819858,0.1043737648190242,0.19914430552538187,0.9652930673797636,0.0,0.0,0.0,0.0,False,1241.1947249516888,2.5751893961043275,1440,2023-03-26,0.16019450421356796,2.603
206,5,179,692.4067689070154,6428.005726603526,6106.605440273372,6121.9954112627875,0.9974861185029472,15.389970989415096,0.1133865247524521,0.19332375551739558,0.9665494497904454,0.0,0.0,0.0,0.0,False,955.1093071459475,2.75600945734981,1440,2023-05-11,0.1577174884651197,2.624
207,5,217,851.2992702107651,7990.768694267842,7591.230259554453,7610.358577700705,0.9974865418033916,19.128318146251733,0.11214246454180535,0.20815359280393714,0.9449277732927545,3.4027777777777777,0.0,0.0,0.0,False,1014.9073946904476,3.8752985426639732,1440,2023-08-26,0.16887489810806117,2.593
208,5,132,616.4520798616819,4350.531493614261,4133.004918933566,4139.618474507651,0.99840237557765,6.613555574084588,0.14915348322903624,0.1988194695059696,1.000389199566078,0.0,0.0,0.0,0.0,False,589.0997562959365,1.2143728898108637,1440,2023-02-23,0.14476750415182604,2.612
209,5,268,1054.8035247532396,9823.73554843544,9332.54877101367,9350.769088667545,0.9980514632025341,18.220317653876478,0.11302416420575216,0.19623347771976418,0.9655390080685278,0.0,0.0,0.0,0.0,False,1121.8848502026126,3.0619404126313734,1440,2023-09-04,0.14607568676706809,2.581
210,5,293,1191.4916123110281,10565.991722374603,10037.692136255806,10060.33428703753,0.9977493639738295,22.642150781726436,0.11870174898146164,0.1958668233316853,0.9577128697737864,0.0,0.0,0.0,0.0,False,1769.2165885017234,2.885082180687145,1440,2023-03-10,0.15299974090292542,2.593
211,5,169,777.6243322611734,5926.189953183125,5629.880455523953,5641.951157277477,0.9978605447978836,12.070701753523768,0.13812448388636392,0.19802501500544056,0.9764375470336434,0.0,0.0,0.0,0.0,False,702.6789137355881,2.209237485929193,1440,2023-06-19,0.1595522826988005,2.49
212,5,274,1250.8535378532042,9591.47265633027,9111.899023513746,9122.180840042707,0.9988728773624145,10.281816528961857,0.13727693147447192,0.19162267747362863,0.9630755270509188,0.0,0.0,0.0,0.0,False,1284.2753461876096,2.35054350472992,1440,2023-03-07,0.16014504370296703,2.509
213,5,188,893.9916696075179,6310.482615354748,5994.958484587015,6013.239021274338,0.9969599517626611,18.28053668732293,0.14912391335252154,0.19563012417521494,0.9973029691398284,0.0,0.0,0.0,0.0,False,671.8763146385643,1.4733485600007419,1440,2023-02-04,0.17512326120260507,2.523
214,5,175,685.7891673777668,6509.839614790896,6184.347634051374,6201.20957855859,0.9972808620167398,16.86194450721434,0.11089110896705938,0.19242796169279547,0.9548292996518062,0.0,0.0,0.0,0.0,False,680.731156796217,3.450456269373178,1440,2023-08-14,0.17850794625006483,2.513
215,5,182,527.9545150239658,6170.483287251353,5861.959122888817,5876.144839875889,0.9975858803052629,14.185716987072622,0.09006451664981688,0.19134713448499258,0.962118306503445,0.0,0.0,0.0,0.0,False,1171.296486338245,3.0862800060162856,1440,2023-10-07,0.18863905366471573,2.634
216,5,147,551.7166707952408,4770.861227011525,4532.3181656609795,4544.443518843511,0.9973318288295907,12.125353182532022,0.12172946616486711,0.19638297510389457,0.9786857818033308,0.0,0.0,0.0,0.0,False,480.57726977513653,2.250468056212172,1440,2023-09-28,0.1995544027293532,2.452
217,5,296,915.9867454968822,10378.408531707673,9859.488105122347,9889.044512158689,0.9970111968856039,29.556407036342605,0.0929040874871582,0.19890830503737675,0.9846854365523948,0.0,0.0,0.0,0.0,False,1027.9580577175798,1.8205600202526186,1440,2023-10-31,0.19738868386428404,2.688
218,5,137,490.5140346845957,4790.569530743989,4551.04105420677,4562.999205612499,0.9973793220496247,11.958151405729087,0.10778062180546304,0.20026924532148593,0.962028826951052,0.0,0.0,0.0,0.0,False,560.5472971530521,3.1609821998063,1440,2023-07-05,0.19015496766669912,2.587
219,5,197,783.6401390855477,7068.389257551158,6714.96979467358,6721.478151206886,0.9990317075519858,6.508356533304763,0.11670047119305638,0.19251088322432872,0.9909848390626971,0.0,0.0,0.0,0.0,False,926.8945635427526,1.566827618479652,1440,2023-11-20,0.18136046381751664,2.5
220,5,234,833.1434855977294,8333.40454345842,7916.734316285494,7932.306538851126,0.998036860717704,15.57222256563259,0.1052382778444228,0.1992995240419973,0.9494447940566808,0.2777777777777778,0.0,0.0,0.0,False,815.930545223343,3.5858685743798957,1440,2023-06-13,0.19176771319070013,2.652
221,5,210,190.83218989359818,7856.664026329679,7463.830825013194,7477.919902447634,0.9981159095552992,14.089077434439906,0.025567593152576694,0.18575999730032994,0.9867201729559407,0.0,0.0,0.0,0.0,False,1187.9420008649076,1.8563035651708646,1440,2023-12-22,0.18519352668827616,2.511
222,5,137,374.46790003788453,5236.000901187157,4974.200856127796,4982.159954631299,0.998402480334638,7.959098503502672,0.07528202235271052,0.17075465229103007,0.9578713381100697,0.0,0.0,0.0,0.0,False,645.5448358690849,3.326879670152436,1440,2023-08-07,0.21043313645298867,2.465
223,5,293,815.4450539916185,10493.342751307942,9968.67561374258,9991.494516212824,0.9977161672427266,22.818902470243174,0.08180074120051266,0.2110863360571882,0.9749862718226066,0.0,0.0,0.0,0.0,False,1482.1366923033697,1.9879080784958245,1440,2023-11-19,0.26509885067066685,2.555
224,5,275,873.7532997556377,9340.867834513148,8873.82444278751,8907.541376176156,0.9962147879010899,33.71693338864711,0.09846411830536146,0.21659095292820585,0.9535818686035298,0.0,0.0,0.0,0.0,False,785.464531527203,3.44100021275626,1440,2023-07-24,0.21954740095640216,2.527
225,5,283,1369.6999140733233,10262.75297833613,9749.615329419334,9788.333308260237,0.9960444768663292,38.71797884090139,0.14048758518095295,0.2145368246484292,0.9402783196770718,2.8472222222222223,0.0,0.0,0.0,False,953.1148628571631,4.082979990004388,1440,2023-08-22,0.17016653642234125,2.517
226,5,145,438.2013133589241,5012.840798840286,4762.198758898294,4770.9988807915215,0.9981554969696895,8.800121893228866,0.09201659475890908,0.18455504609048365,0.9565283266997601,0.0,0.0,0.0,0.0,False,559.9478913996247,3.3011859879854315,1440,2023-05-25,0.13445408577817974,2.471
227,5,191,762.7128134437895,6845.406303341097,6503.135988174016,6514.805480712646,0.9982087734509989,11.669492538630216,0.11728384810509673,0.19756304601335434,0.9899912337897462,0.0,0.0,0.0,0.0,False,700.3887288210112,1.4830564603299479,1440,2023-11-20,0.17261628578580654,2.434
228,5,192,823.6368258103138,7246.830755780331,6884.4892179913095,6900.423470996331,0.9976908296900914,15.934253005021137,0.11963659172533742,0.20305315423397993,0.9527167569682258,0.0,0.0,0.0,0.0,False,850.9799631337958,3.595921040696997,1440,2023-08-29,0.17465029366092474,2.422
229,5,175,747.9490103940815,6251.899870593996,5939.304877064247,5949.032072308533,0.998364911278666,9.727195244286726,0.12593207890075295,0.20294696547746183,0.9760417208932824,0.0,0.0,0.0,0.0,False,891.2365150314959,2.2558414781666443,1440,2023-03-17,0.16404660416394395,2.497
230,5,120,327.5873251245565,4387.368460143358,4168.000037136218,4172.848270821698,0.9988381476222415,4.848233685479501,0.07859580667125851,0.1859236884271954,0.963049577582916,0.0,0.0,0.0,0.0,False,604.473559004559,3.1859522207046673,1440,2023-08-07,0.15564991955682614,2.537
231,5,266,1125.220314921694,9304.022883846797,8838.821739654464,8850.983066814832,0.9986259913651893,12.161327160365941,0.1273043340011609,0.21070273551001173,0.9829019193395138,0.0,0.0,0.0,0.0,False,1093.7556386503334,1.8964515828056046,1440,2023-02-15,0.18708759696035823,2.681
232,5,253,302.49780475853544,8897.685390315477,8452.801120799602,8470.550714979834,0.9979045525164211,17.749594180232947,0.03578669371673568,0.19571706914421583,0.988319670983633,0.0,0.0,0.0,0.0,False,1216.7783755700764,1.6468598849063638,1440,2023-03-13,0.1571886985254874,2.718
233,5,139,561.5968559982285,5186.125275604728,4926.81901182448,4936.962610653143,0.9979453766154164,10.143598828662356,0.11398771796779687,0.2009191770341006,0.996792268991183,0.0,0.0,0.0,0.0,False,609.440238093727,1.2219434889298932,1440,2023-01-31,0.16645219232513092,2.422
234,5,152,405.98516929583013,5720.201067744061,5434.191014356825,5446.645347269343,0.9977133938197826,12.454332912518067,0.07470940351990578,0.1972387385213144,0.9842945601011908,0.0,0.0,0.0,0.0,False,591.5023416271627,1.8325344836589808,1440,2023-04-01,0.1623723911553942,2.466
235,5,190,1004.3837488676522,6812.552357694084,6471.924739809355,6486.537658598004,0.9977471927925556,14.612918788649106,0.15519088822056337,0.19346553849695525,0.9857898101046249,0.0,0.0,0.0,0.0,False,784.2472339627241,1.818521038439262,1440,2023-02-12,0.16734357802166874,2.429
236,5,284,1104.003824781752,10420.013692853901,9899.01300821123,9935.703587318727,0.9963071987016273,36.69057910749473,0.11152665663394734,0.22220347471850463,0.9538926642948582,0.0,0.0,0.0,0.0,False,909.6698928165332,3.340059354903712,1440,2023-08-10,0.17994829064343076,2.449
237,5,278,1039.5760518398472,10391.379672624356,9871.81068899316,9919.067395143036,0.9952357712406495,47.25670614987572,0.1053075352223833,0.2211493300508101,0.9656028362117441,0.0,0.0,0.0,0.0,False,1152.878748846653,2.8515629283809067,1440,2023-05-09,0.1256984273175065,2.578
238,5,143,558.9189658566416,5264.1766163722805,5000.967785553642,5016.939195192287,0.9968165032468501,15.971409638644596,0.11176216081039311,0.21836543630757466,0.9881682007313017,0.0,0.0,0.0,0.0,False,672.4789971552339,1.5556388883547279,1440,2023-02-24,0.08356018842315452,2.491
239,5,286,1020.5816751385371,10171.148841866909,9662.591399773544,9709.283402904068,0.9951909938980092,46.692003130521414,0.10562194269773797,0.2333884443606452,0.9653700995429368,0.0,0.0,0.0,0.0,False,1085.4604256895836,3.059556881663148,1440,2023-09-07,0.05505589172741221,2.642
240,5,173,756.5238802729859,5850.261689755765,5557.748605267982,5567.832796326275,0.9981888480801819,10.084191058293039,0.1361205649992706,0.20495105539189395,0.9843242131448616,0.0,0.0,0.0,0.0,False,694.97405780188,1.6720095853697634,1440,2023-03-08,-0.0024675855639691158,2.501
241,5,162,938.8544498243788,6420.478926565389,6099.454980237097,6117.623590906116,0.9970301195555694,18.16861066901944,0.1539243182983349,0.21944109953986315,0.9460135016211926,1.0416666666666667,0.0,0.0,0.0,False,822.0829217353564,3.7892985363625584,1440,2023-08-23,0.013828335564583863,2.67
242,5,297,1010.1953017674531,10248.574105684467,9736.145400400255,9762.66103816031,0.9972839743532619,26.515637760054446,0.10375721193789111,0.21343993154757906,0.9626420141855545,0.0,0.0,0.0,0.0,False,1593.1825090739148,3.1080141273974786,1440,2023-05-12,-0.005985079635099144,2.63
243,5,134,636.4807151726068,4804.576260693197,4564.347447658531,4575.727908623285,0.9975128632663435,11.380460964754016,0.13944615796045845,0.20587591694256632,0.965975931560677,0.0,0.0,0.0,0.0,False,616.12024297178,3.0081833798099,1440,2023-06-21,-0.009305238789199505,2.565
244,5,126,246.50880574610798,4713.630503699682,4477.948978514677,4487.037757262041,0.9979744367578244,9.08877874736303,0.05504948960536711,0.21662507603443454,0.9589390876262688,0.0,0.0,0.0,0.0,False,587.3837882550109,3.239611683090095,1440,2023-07-30,0.004385670171419942,2.604
245,5,262,1181.0368068388418,9341.530366008721,8874.453847708297,8907.684675762226,0.9962694202518921,33.230828053928334,0.13308275946962392,0.21511458697696376,0.9806275381933097,0.0,0.0,0.0,0.0,False,1004.76492612718,2.1200723541441677,1440,2023-04-06,-0.009141006463916329,2.685
246,5,164,417.15912362354,5808.960917855561,5518.5128719627955,5532.050785890211,0.9975528218283995,13.537913927416044,0.07559267021790365,0.22493741883248683,0.957612709033235,0.0,0.0,0.0,0.0,False,680.380075297797,3.376708569934572,1440,2023-05-29,-0.01739500119459779,2.544
247,5,232,819.5683120276163,8492.28154746132,8067.667470088269,8095.391829988164,0.9965752911678475,27.724359899895823,0.10158677400453757,0.23035187575785754,0.9886596894658103,0.0,0.0,0.0,0.0,False,894.0451816954444,1.7029078934930504,1440,2023-11-10,-0.04685529800291807,2.534
248,5,180,629.9067638308591,6669.670905086868,6336.1873598324855,6349.268633218656,0.9979397196524761,13.081273386170594,0.09941416313287686,0.20761384388918766,0.9759203157656101,0.0,0.0,0.0,0.0,False,900.7945991655565,2.1210970107625,1440,2023-04-12,-0.08385293447328272,2.585
249,5,162,642.9335791398141,6000.718202832118,5700.682292690488,5708.687989135642,0.99859762935715,8.005696445154513,0.11278186471892926,0.2286134239704645,0.9499910150360783,0.06944444444444445,0.0,0.0,0.0,False,666.8897493510292,3.4900320770778674,1440,2023-08-15,-0.0638080657329601,2.613
250,5,193,926.6294530319533,6861.959628256528,6518.861646843742,6525.081392580765,0.9990467941527756,6.219745737023494,0.14214589958058127,0.1980576751910989,0.9861764603762465,0.0,0.0,0.0,0.0,False,771.471931868086,1.488274112433468,1440,2023-01-26,-0.09540191811803427,2.641
251,5,211,1075.8845049533486,7435.380560807331,7063.61153276696,7085.103999185027,0.9969665277432006,21.49246641806629,0.15231365710904302,0.2197939049779684,0.9803150197440497,0.0,0.0,0.0,0.0,False,855.2519626381328,1.8094776136366166,1440,2023-02-22,-0.05335723647104426,2.494
252,5,147,582.0114328796005,5206.840215473237,4946.498204699586,4953.49848468814,0.998586800821643,7.000279988553995,0.11766130478459311,0.22324292494951378,0.9902257232758299,0.0,0.0,0.0,0.0,False,630.7386597423816,1.4209506229152722,1440,2023-11-16,-0.0685308919334636,2.51
253,5,132,495.31201140072284,5004.113316390134,4753.907650570647,4757.4457607979175,0.9992563004592874,3.5381102272699625,0.1041904992288327,0.20557094977579746,1.0012716092090754,0.0,0.0,0.0,0.0,False,670.6137940966378,1.17369632414881,1440,2023-01-31,-0.08941980648827455,2.475
254,5,299,1230.0382562479886,10794.056385473894,10254.353566200196,10280.814364323956,0.9974261962928167,26.460798123760778,0.119952783791498,0.2209872422064304,0.9400340912079128,4.583333333333333,0.0,0.0,0.0,False,1213.4950394701518,3.766501096172696,1440,2023-06-22,-0.06753114023873728,2.569
255,5,246,785.329624317102,8637.573671522425,8205.694987946343,8220.712862587032,0.9981731663796413,15.017874640689707,0.09570543695210491,0.21066871164675935,0.9761420088732559,0.0,0.0,0.0,0.0,False,1154.2541792512282,1.9345618619816283,1440,2023-12-14,-0.08498541269682144,2.675
256,5,182,695.4276888981177,6488.824462806992,6164.383239666612,6171.616758394641,0.9988279377979539,7.233518728028443,0.11281383098039317,0.21165659532972886,0.9618043997321339,0.0,0.0,0.0,0.0,False,851.8490461241432,3.1408669784007466,1440,2023-06-18,-0.07678149901435043,2.585
257,5,215,1074.123029293693,7750.215717154265,7362.704931296552,7385.249898536422,0.9969472979859032,22.54496723987006,0.14588701290037204,0.20261748914326033,0.987545079266318,0.0,0.0,0.0,0.0,False,936.9748713466223,1.6227937754161048,1440,2023-01-21,-0.07297454193739297,2.521
258,5,294,1024.2051731226609,10546.99366871072,10019.643985275223,10051.582932835834,0.9968224957428073,31.938947560610757,0.10221971705060813,0.2132776802112116,0.9657066534448229,0.0,0.0,0.0,0.0,False,1519.3440480326383,2.620517133323191,1440,2023-09-28,-0.050173817122759284,2.546
259,5,247,1395.4852683299441,9470.598927827812,8997.068981436487,9008.08331410593,0.9987772834369554,11.014332669442673,0.1551044313663958,0.2100120997813263,0.9795083310256387,0.0,0.0,0.0,0.0,False,1411.908159999446,1.911157623768852,1440,2023-01-27,-0.05604954163110569,2.451
260,5,225,657.3393116548117,8040.222875993011,7638.211732193386,7648.261933831442,0.9986859496020135,10.050201638056718,0.08605932051926118,0.19492495796267648,0.9463019031502042,0.7638888888888888,0.0,0.0,0.0,False,1238.353197297269,3.5180998174387215,1440,2023-06-02,-0.05406644928110145,2.894
261,5,135,506.3231451378787,4673.82546165944,4440.134188576455,4443.449695286083,0.9992538439867689,3.315506709628533,0.11403329801170047,0.20129125904173717,0.9951915820445784,0.0,0.0,0.0,0.0,False,605.9683813761665,1.5847512222247142,1440,2023-04-25,-0.0190345112982023,2.559
262,5,128,481.2482787689152,4355.671763028121,4137.888174876709,4149.92302942809,0.9970999812608478,12.034854551381002,0.11630287200384634,0.2163861762302167,0.9517629548995734,0.0,0.0,0.0,0.0,False,691.0662352401878,3.467008184706864,1440,2023-08-30,-0.005079386237903355,2.607
263,5,236,623.3913502989075,7951.417116644008,7553.84626081179,7576.297192836364,0.9970366880478497,22.45093202457578,0.08252634866729647,0.20804913868503347,0.9870926058434618,0.0,0.0,0.0,0.0,False,1168.805763812521,1.721138378872642,1440,2023-03-22,-0.02794341281582998,2.559
264,5,236,820.237822786702,8466.26009569228,8042.94709090763,8057.851160183685,0.9981503667690338,14.904069276054893,0.10198224774025462,0.20976151917153965,0.9528403184476029,0.0,0.0,0.0,0.0,False,1511.8619198120973,3.0892518578208676,1440,2023-09-07,-0.028295608413019875,2.602
265,5,187,698.0734693949767,6608.688621948071,6278.254190850675,6287.538312366885,0.998523409153953,9.284121516210165,0.111189105788721,0.22252666872817606,0.9889854477009434,0.0,0.0,0.0,0.0,False,1085.8202036761227,1.7795129250238828,1440,2023-02-24,-0.03283267791966236,2.52
266,5,220,349.141228439702,7680.120091016604,7296.114086465734,7308.241008509609,0.998340651049992,12.126922043875979,0.04785303852188356,0.1929051232281228,0.9364094511208443,5.416666666666667,0.0,0.0,0.0,False,1413.086638595576,3.770510023648714,1440,2023-07-02,-0.06567199598598525,2.577
267,5,210,1020.9425856018687,7595.363859436745,7215.595666464869,7227.370067433978,0.9983708595437553,11.77440096910848,0.14149110243895613,0.19104473401116728,0.9772988371668407,0.0,0.0,0.0,0.0,False,1037.578112424104,1.8608660227812517,1440,2023-10-16,-0.026421306500332545,2.597
268,5,272,1001.3237343725943,9417.292130178088,8946.42752366911,8964.339231490274,0.9980018931280241,17.911707821164818,0.11192442253887855,0.20854423350506962,0.9625091773518946,0.0,0.0,0.0,0.0,False,1179.9645051094017,2.852273361508381,1440,2023-05-11,0.009519864664933403,2.537
269,5,180,876.9511247529579,6356.8856705059015,6039.041386980612,6047.351794140492,0.9986257774571785,8.310407159880029,0.14521363053473196,0.17727574008817087,0.9895250419293898,0.0,0.0,0.0,0.0,False,838.3217688104435,1.626080830251965,1440,2023-10-16,-0.0006533089646924561,2.546
270,5,218,642.2615192123448,8215.707520737828,7804.92214470098,7817.162761870353,0.9984341355627033,12.240617169373632,0.08228929223187668,0.19833350162012528,0.9756584789505818,0.0,0.0,0.0,0.0,False,1377.0362302386354,1.926755423483279,1440,2023-11-22,0.061135050644375556,2.608
271,5,234,678.3728389121559,8220.92763651846,7809.881254692598,7821.226939280919,0.9985493727932456,11.345684588321632,0.086860839081843,0.19412566788914853,0.9509174297085369,0.0,0.0,0.0,0.0,False,1250.149824325668,3.3563891129975607,1440,2023-08-08,0.064321987880324,2.685
272,5,251,1287.6776300994225,9139.87039123397,8682.876871672283,8698.690098589017,0.9981821140036591,15.81322691673337,0.14830080503622547,0.20289448697597715,0.9730388254993957,0.0,0.0,0.0,0.0,False,1093.2530833422763,1.8773461788616346,1440,2023-03-02,0.07642248848277419,2.715
273,5,222,988.5345780931625,8370.811448682849,7952.270876248675,7972.668192943183,0.9974415946831248,20.39731669450917,0.12430846401946055,0.2177028627702566,0.9338104312013075,10.694444444444445,0.0,0.0,0.0,False,1174.253115038718,4.1168505129857715,1440,2023-07-18,0.06666676262491253,2.699
274,5,226,739.2024293697039,7544.772740956277,7167.534103908426,7171.690037286269,0.9994205085054937,4.15593337784323,0.1031320421575141,0.18946739174438662,0.9763412816926378,0.0,0.0,0.0,0.0,False,1256.2546033218925,2.097106043971875,1440,2023-04-11,0.025398612052695568,2.509
275,5,231,1245.5053194878185,7918.43011902053,7522.5086130695,7528.097815615683,0.99925755447351,5.589202546183209,0.16557047436594424,0.1808166085572388,0.9620270712645737,0.0,0.0,0.0,0.0,False,1266.9011914302905,2.452743276980457,1440,2023-01-19,0.05502875826461662,2.563
276,5,128,529.7320873063385,4640.156861279491,4408.149018215516,4411.372313075757,0.9992693215100691,3.2232948602407907,0.12017109338122646,0.18155127117669345,0.9699236033569792,0.0,0.0,0.0,0.0,False,816.8574038763854,2.464013323954453,1440,2023-03-10,0.09872376781801674,2.412
277,5,131,860.1546922974047,4844.062474284826,4601.859350570572,4609.388986499092,0.9983664568231115,7.52963592852133,0.18691459837657934,0.1829062425464949,0.9852651895584051,0.0,0.0,0.0,0.0,False,683.3972531518332,1.8520043960495423,1440,2023-02-07,0.13298595413910191,2.506
278,5,176,600.4622201142301,6166.612666602565,5858.282033272454,5872.9877379789195,0.9974960436897615,14.705704706464445,0.10249800482528325,0.2225723920398863,0.9528638770942088,0.0,0.0,0.0,0.0,False,924.7079226508424,3.410920206082499,1440,2023-05-18,0.15826945405508214,2.683
279,5,160,531.0566386143078,5766.455152265454,5478.13239465221,5486.935571303667,0.9983956114415673,8.803176651456948,0.09694118366557349,0.19562849895563592,0.991205689102326,0.0,0.0,0.0,0.0,False,879.4482366823647,1.4973393791984226,1440,2023-10-17,0.09010210550041092,2.523
280,5,291,897.1968013224082,10480.888420123913,9956.843999117751,9977.277310981142,0.9979520152415828,20.433311863390923,0.09010855260983364,0.22213442454495216,0.9814779988423715,0.0,0.0,0.0,0.0,False,1339.4651329677124,2.291145320933648,1440,2023-12-26,0.095063366494243,2.672
281,5,133,420.92895425892664,4549.343511810006,4321.876336219508,4331.383754997225,0.997804992742389,9.507418777716715,0.097394955688882,0.19514766461007524,0.9907956736610571,0.0,0.0,0.0,0.0,False,647.8475011132962,1.5370437709013456,1440,2023-11-14,0.03961261776556531,2.529
282,5,224,642.3776034535913,7965.207535457525,7566.94715868468,7569.622782949955,0.9996465313606774,2.6756242652748514,0.08489257159888139,0.2000336164201213,0.9830786461145081,0.0,0.0,0.0,0.0,False,1097.6938270058313,1.9336385836985106,1440,2023-11-19,0.05486550740884863,2.487
283,5,189,536.026299174399,7106.130626321331,6750.8240950052295,6763.478537353169,0.9981290038435028,12.654442347939758,0.07940160958585661,0.19333015359223882,0.9563076730760754,0.0,0.0,0.0,0.0,False,1153.310032336348,3.064244686675293,1440,2023-10-03,0.05631704432036788,2.537
284,5,276,1037.8050935115928,10092.76382533296,9588.125634066404,9618.924127269695,0.9967981353428107,30.79849320329086,0.10823857895898793,0.22536256653302397,0.9439289116891767,3.263888888888889,0.0,0.0,0.0,False,1265.2492364736645,3.5926660954712113,1440,2023-09-02,0.07255938439131282,2.578
285,5,207,170.2322674234119,7292.0707669777075,6927.4672286288505,6932.58496649514,0.9992617850497292,5.1177378662898905,0.02457352186667881,0.19633749286227245,0.9706450112645557,0.0,0.0,0.0,0.0,False,1297.6073247251888,2.3737041208857077,1440,2023-11-04,0.013813819651690207,2.559
286,5,144,596.3043871524256,4933.235486022617,4686.573711721463,4687.394055281479,0.9998249894183545,0.8203435600165929,0.12723674561247694,0.19208285888531343,0.978029658879225,0.0,0.0,0.0,0.0,False,843.8000798547805,2.1016483929724856,1440,2023-10-11,0.03085565529253185,2.663
287,5,140,336.52077345713565,4786.048309289312,4546.745893824828,4547.257789938013,0.9998874275141565,0.5118961131844877,0.07401354316153493,0.18795025720675668,0.9940361922631001,0.0,0.0,0.0,0.0,False,782.8701599083183,1.673690067884558,1440,2023-01-04,0.054245175610249344,2.627
288,5,261,823.9783623633803,9545.796037110043,9068.506235254521,9083.697826176482,0.9983275983841974,15.19159092196095,0.09086153121449049,0.21737777063368613,0.9446444452831196,3.888888888888889,0.0,0.0,0.0,False,1352.1389319854502,3.7226512981499473,1440,2023-06-01,0.08265100269691036,2.664
289,5,240,1054.1252720360155,8520.674737595373,8094.6410007157,8100.671584442514,0.9992555452144986,6.030583726814084,0.1302250800181025,0.19264651246697098,0.9720113776103697,0.0,0.0,0.0,0.0,False,1379.1179777275197,2.2369331465106015,1440,2023-04-16,0.03976624629531007,2.673
290,5,258,1048.1920504372406,9448.77378201614,8976.335092915315,9005.933840895472,0.9967134171199714,29.59874798015559,0.11677282984505996,0.2243811098011886,0.9436331251989841,3.75,0.0,0.0,0.0,False,1086.4921822666292,3.677612124759352,1440,2023-07-06,0.060234883517454624,2.718
291,5,208,569.9084909848408,7478.485840319022,7104.561548303093,7127.396037043797,0.9967962368553642,22.83448874070375,0.08021726423370378,0.23521504753016848,0.9830914547184557,0.0,0.0,0.0,0.0,False,1012.1725939655857,1.9682562507577526,1440,2023-12-15,0.005574623669832045,2.703
292,5,216,722.7297291277082,7984.631950020417,7585.400352519375,7595.358614684266,0.9986889016476932,9.958262164890519,0.095279048638173,0.21184442684172092,0.9858927999376083,0.0,0.0,0.0,0.0,False,1060.738793867946,1.7025020193430644,1440,2023-11-27,-0.06374899958853014,2.527
293,5,210,685.2065394419201,7418.606400326958,7047.676080310564,7055.417454227275,0.9989027759212076,7.741373916710359,0.09722446543140865,0.21052630152128776,0.9569951236611158,0.0,0.0,0.0,0.0,False,1047.5493663234918,3.2971764298048067,1440,2023-06-11,-0.06838475402272132,2.506
294,5,225,1288.9181769844777,8013.865398480071,7613.172128556063,7624.8046512603105,0.9984743841663767,11.632522704247522,0.16930106862419486,0.21102865123490328,0.9842104119202636,0.0,0.0,0.0,0.0,False,911.7791566926621,1.7744721540775985,1440,2023-01-20,-0.0697197969411857,2.592
295,5,228,135.90500384145506,8222.45023542977,7811.327723658254,7819.460652104039,0.9989599118394955,8.13292844578239,0.01739845115316799,0.2003241843666406,0.9793781882385727,0.0,0.0,0.0,0.0,False,1458.2713119831396,2.2394969008929753,1440,2023-12-27,-0.0724444332076565,2.554
296,5,120,469.294306104078,4190.6571721195805,3981.1243135136206,3981.2979162538722,0.9999563954409081,0.17360274025219535,0.11787984226242183,0.1878307065941285,0.9986751293011705,0.0,0.0,0.0,0.0,False,753.9280711889373,1.4264687702714083,1440,2023-10-24,-0.05109052432898727,2.579
297,5,289,807.860306733409,10127.74651398495,9621.359188285733,9655.387815235017,0.9964756851200123,34.02862694928491,0.08396529959270213,0.22090593831040672,0.9765362390542762,0.0,0.0,0.0,0.0,False,1464.090580943343,2.148852446404073,1440,2023-10-27,-0.005913281456231725,2.486
298,5,220,1143.4514014568879,7921.59851845726,7525.518592534454,7536.960879036764,0.9984818434530905,11.442286502309717,0.15194320330179328,0.20952687340586554,0.986687252415103,0.0,0.0,0.0,0.0,False,1117.4087868808617,1.7754501937922202,1440,2023-01-21,-0.043582293849359695,2.478
299,5,226,704.3238476725209,7648.049716991541,7265.647231141978,7292.89108508016,0.9962643273263854,27.243853938181964,0.09693889962805402,0.21764566395338564,0.9562380253992998,0.0,0.0,0.0,0.0,False,998.2214335692676,3.3454517836325532,1440,2023-07-27,-0.04915990464416474,2.663
300,5,258,655.788699851826,9306.409816936946,8841.089326090108,8853.26137579646,0.9986251338134411,12.17204970635103,0.0741751016943794,0.1909628434939955,0.9533435084946862,0.0,0.0,0.0,0.0,False,1109.9046863687222,3.2185770943111662,1440,2023-08-07,-0.07236561568222227,2.637
301,5,136,560.3895203953423,5060.563776623505,4807.5355877923375,4823.373841937329,0.9967163536014387,15.838254144993,0.11656481999183246,0.20000374060328893,0.9464585603442186,0.3472222222222222,0.0,0.0,0.0,False,618.218043230368,3.8184678203571627,1440,2023-08-28,-0.03177612167670979,2.682
302,5,233,841.0057952567954,8269.293260897959,7855.828597853064,7879.941880317842,0.996939916203569,24.11328246477848,0.1070550082376588,0.21060253529100678,0.9843218220327813,0.0,0.0,0.0,0.0,False,1058.3807477878001,1.8792882874955306,1440,2023-04-27,-0.019194687142909776,2.641
303,5,146,555.6172690874439,5266.3237816717765,5003.007592588177,5022.117547718684,0.9961948411304734,19.109955130506492,0.11105665118529424,0.21826445194055147,0.9823937388422712,0.0,0.0,0.0,0.0,False,577.0173093661815,2.1709731381981348,1440,2023-05-05,-0.03297701459339938,2.689
304,5,214,808.8843917803725,7649.358009824407,7266.890109333154,7283.755729006614,0.9976844885659338,16.865619673459687,0.11131094314216894,0.2120587153605078,0.9804237408227519,0.0,0.0,0.0,0.0,False,1007.6149101796497,2.10307809441695,1440,2023-10-30,-0.06177231577981694,2.715
305,5,245,1562.280919526823,8907.740964582577,8462.353916353448,8480.648741132869,0.9978427564520286,18.294824779419645,0.18461540783678695,0.1946099018631376,0.9662347868320782,0.0,0.0,0.0,0.0,False,1308.3373613603346,2.290495868774314,1440,2023-02-07,-0.07175887202088031,2.538
306,5,154,448.95690951307074,5295.896130289097,5031.101323774645,5044.238489547808,0.9973956097039454,13.137165773163677,0.08923630843837496,0.19680408912451977,0.9658586917227582,0.0,0.0,0.0,0.0,False,692.889689325668,2.7977688715598346,1440,2023-10-07,-0.041091222412673434,2.512
307,5,178,526.4292943716962,6462.691194014241,6139.556634313549,6148.530664379017,0.9985404594113096,8.974030065466799,0.0857438616054977,0.18221026841316154,0.9569894763700721,0.0,0.0,0.0,0.0,False,628.681161304718,3.2776286168052153,1440,2023-05-31,-0.021224519157374715,2.607
308,5,231,859.5784946594113,8362.088246380628,7943.983834061587,7969.110287092244,0.9968470190365724,25.126453030656354,0.10820496524348129,0.22503723761857042,0.9676564147814399,0.0,0.0,0.0,0.0,False,688.8324713753118,2.9091146980787155,1440,2023-05-07,0.02766473559119429,2.519
309,5,256,1190.6850178906689,9377.75911678973,8908.871160950248,8931.684462129779,0.9974458008143638,22.813301179529127,0.13365161493295932,0.21469515405877318,0.936329406546575,5.277777777777778,0.0,0.0,0.0,False,923.785311318384,4.071377266126135,1440,2023-08-21,-0.02869505474277855,2.507
310,5,123,730.881834424182,4338.938249115696,4121.991336659926,4126.029260985647,0.9990213534441206,4.0379243257211535,0.17731280217013262,0.1760786568319716,0.9952843815610206,0.0,0.0,0.0,0.0,False,697.088899040488,1.501851470651947,1440,2023-01-22,-0.05176506088134156,2.536
311,5,212,848.5410879852712,7375.866447968635,7007.073125570223,7026.9412767076665,0.9971725747583375,19.86815113744246,0.12109779258457767,0.2174039259025626,0.9851750068246361,0.0,0.0,0.0,0.0,False,824.6146207202445,1.595223091115504,1440,2023-04-20,0.01593129526517292,2.594
312,5,235,859.2610098813553,8470.270110983996,8046.756605434773,8064.2355053604015,0.997832540987424,17.47889992562861,0.10678352186034945,0.21846081991476526,0.9709746594168787,0.0,0.0,0.0,0.0,False,845.3385512137118,2.4229738378360057,1440,2023-10-08,-0.021697408068043825,2.657
313,5,188,679.1643126874134,6505.581316548364,6180.302250720926,6202.940067342135,0.9963504698779221,22.63781662120937,0.10989176340173161,0.22812233762703457,0.9467314617488652,1.1805555555555556,0.0,0.0,0.0,False,681.1188253377103,3.79235529288092,1440,2023-08-18,-0.05504857855720134,2.573
314,5,128,623.1928352502598,4542.988512861347,4315.839087218272,4319.419545719755,0.9991710787841781,3.580458501482676,0.14439667991698277,0.19766323616600864,0.9673366540970479,0.0,0.0,0.0,0.0,False,625.3084939811476,2.9467147899234405,1440,2023-06-15,-0.10439097079687157,2.514
315,5,253,776.6807577871774,8871.30145297567,8427.736380326867,8443.001435993674,0.9981919870815454,15.265055666807214,0.09215769487050023,0.20942357783166313,0.9451847648997092,1.0416666666666667,0.0,0.0,0.0,False,906.2229356936822,3.6749558248812586,1440,2023-06-30,-0.07673802318265112,2.528
316,5,258,907.4817925011338,9388.571828386073,8919.143236966733,8949.278661509237,0.9966326420617433,30.135424542502193,0.10174539957379973,0.22373198957203783,0.9425029292425108,8.055555555555555,0.0,0.0,0.0,False,931.1019187449438,3.9643098776427115,1440,2023-07-19,-0.0809595956472978,2.531
317,5,153,667.633934264943,5579.346581230017,5300.379252168538,5310.571120790877,0.9980808337953638,10.19186862233814,0.12595965354588443,0.1994581119992636,0.9915903704228732,0.0,0.0,0.0,0.0,False,715.3313963250921,1.5101502735199432,1440,2023-11-26,-0.11700195892644136,2.516
318,5,271,1005.623442757299,9767.188222154175,9278.828811046491,9306.87915645516,0.9969860632187093,28.05034540866801,0.10837827308119959,0.22626698945725202,0.9761243184579534,0.0,0.0,0.0,0.0,False,1130.4411871173143,2.3507271743655616,1440,2023-04-23,-0.0924062244896161,2.615
319,5,171,804.614156573681,5791.367708714,5501.799323278294,5513.843546120829,0.9978156393554168,12.044222842535342,0.14624563879844402,0.19946963066767134,0.9896515349543201,0.0,0.0,0.0,0.0,False,775.146367490106,1.6754628179415598,1440,2023-03-01,-0.13302251682059302,2.558
320,5,180,652.8255561272915,6483.20893268924,6159.048486054751,6170.796880952372,0.9980961300259478,11.748394897620695,0.10599454730798302,0.22063309046991406,0.9974236798119765,0.0,0.0,0.0,0.0,False,594.3033114460801,1.350854524400171,1440,2023-01-13,-0.10653484288168062,2.507
321,5,172,599.9285445766579,5954.617370755506,5656.886502217754,5672.746667785917,0.9972041470389945,15.860165568162405,0.1060527808612492,0.21657010746286548,0.9459659089951761,6.458333333333333,0.0,0.0,0.0,False,745.0808029376242,3.771329359691826,1440,2023-07-19,-0.13293596981898037,2.63
322,5,162,642.2007515183371,5803.237997114254,5513.076097258539,5526.699930105615,0.9975349063601477,13.62383284707413,0.11648682880283136,0.21404635355913185,0.993128024543073,0.0,0.0,0.0,0.0,False,581.1584694682746,1.548492667122387,1440,2023-04-21,-0.14594681412645658,2.67
323,5,195,1097.7308241920935,7228.682601525768,6867.248471449482,6883.740136024667,0.9976042581141495,16.4916645751844,0.1598501683397504,0.218373701609979,0.9866940203032436,0.0,0.0,0.0,0.0,False,784.6835849179913,1.5970894887760307,1440,2023-02-14,-0.15150554866218013,2.501
324,5,214,1071.402262479811,7853.512158072295,7460.836550168697,7470.329178416461,0.9987292891623584,9.492628247763951,0.14360350280768255,0.2136653659487367,0.9390069438030691,4.166666666666667,0.0,0.0,0.0,False,787.007666607029,3.9957872550503364,1440,2023-08-22,-0.16639138708312162,2.736
325,5,284,1154.923949980794,10166.335421643538,9658.018650561386,9702.875128831822,0.9953769910799793,44.85647827043556,0.11958187199334747,0.22776889569455303,0.9478368893377802,0.06944444444444445,0.0,0.0,0.0,False,1192.0256222903333,3.910813972071814,1440,2023-06-22,-0.16862498766257866,2.649
326,5,203,437.8615391941323,7457.34555029573,7084.478272780966,7096.922781810369,0.9982464922598145,12.444509029403678,0.06180575651935095,0.2022825715640003,0.9854226061416254,0.0,0.0,0.0,0.0,False,873.9704074400767,1.5874491625761713,1440,2023-01-12,-0.20282807835166783,2.715
327,5,267,766.4968313695176,9893.44931480667,9398.776849066322,9425.051650227362,0.9972122379657827,26.27480116103969,0.08155282795608257,0.21212817035177337,0.9509935944973317,0.0,0.0,0.0,0.0,False,1355.8919172814221,3.4755475089017067,1440,2023-07-23,-0.1742347663939232,2.698
328,5,196,910.3032956160664,6794.176634792357,6454.4678030527575,6468.767524321184,0.9977894210582366,14.299721268426932,0.14103460167320409,0.20593803900766652,0.9571824750126317,0.0,0.0,0.0,0.0,False,873.6754156900503,3.1381858810261463,1440,2023-06-15,-0.1736268426784169,2.722
329,5,268,471.4991612609401,9662.957677041682,9179.809793189615,9194.38808683587,0.9984144356852712,14.57829364625574,0.05136262862556688,0.2015496398690365,0.9502549366800642,0.0,0.0,0.0,0.0,False,1448.4594579785648,3.4611398478928823,1440,2023-07-14,-0.15981911669936014,2.606
330,5,246,1230.4213454716937,8871.921293469897,8428.32522879646,8442.490923453744,0.998322095364304,14.165694657282303,0.14598645781581854,0.2063715839881229,0.9708363669926076,0.0,0.0,0.0,0.0,False,1051.702096167978,1.9603172974403615,1440,2023-01-30,-0.1391959398045805,2.646
331,5,234,1130.9859766998973,8438.638880794471,8016.706936754782,8024.36173093817,0.9990460556938909,7.6547941833879865,0.14107862313321987,0.20389932802730656,0.9394868815401439,4.722222222222222,0.0,0.0,0.0,False,1363.0562890690965,3.7468452061030915,1440,2023-09-25,-0.13362425455015298,2.638
332,5,250,1000.2572781555067,8094.11326853115,7689.407605104614,7699.23917586865,0.9987230464544016,9.83157076403772,0.1300824887331354,0.1992486777935136,0.9706182447466633,0.0,0.0,0.0,0.0,False,970.1028251092157,2.2937029625317336,1440,2023-04-13,-0.1239229096341804,2.617
333,5,121,259.91305752012164,4071.7546668502937,3868.1669335077654,3880.3867708431612,0.9968508713030324,12.219837335396383,0.06719282336774049,0.19932930143707173,0.9985726224767582,0.0,0.0,0.0,0.0,False,514.0856527981989,1.1372310615573564,1440,2023-11-23,-0.10589283707673347,2.469
334,5,246,876.5067058124591,8434.069525592597,8012.366049312959,8026.239687203328,0.9982714647916024,13.87363789036808,0.10939424140358857,0.20824087227123536,0.9703238184201672,0.0,0.0,0.0,0.0,False,951.3464356711233,2.727581193149447,1440,2023-08-11,-0.09161261611845739,2.559
335,5,171,803.8909644720152,5678.329137582635,5394.412680703517,5403.776214680925,0.9982672239549876,9.363533977407258,0.14902288943291878,0.19646065639340274,0.9891450782685035,0.0,0.0,0.0,0.0,False,771.5634408358201,1.4579033343167715,1440,2023-03-14,-0.10020593880055831,2.571
336,5,247,1296.1564203901112,8673.06231186374,8239.409196270564,8257.314085998582,0.9978316327147616,17.904889728017213,0.15731181563076094,0.21211446123633967,0.9791488907806313,0.0,0.0,0.0,0.0,False,977.3434625816224,1.717772008052179,1440,2023-02-14,-0.08098715483467739,2.681
337,5,210,708.1559550617566,7556.204494623088,7178.394269891958,7197.038840308684,0.9974094108937829,18.644570416724747,0.09865102534586959,0.20132180917039053,0.992111246465364,0.0,0.0,0.0,0.0,False,725.5751862955035,1.5323461034194565,1440,2023-05-04,-0.10065622137825089,2.6
338,5,128,428.112794599874,4537.687778248547,4310.803389336151,4318.853611741331,0.9981360279535071,8.050222405180131,0.09931160295060498,0.19764758332231172,0.9619639697184118,0.0,0.0,0.0,0.0,False,443.74426414798654,3.170754350760795,1440,2023-07-24,-0.09271373052654111,2.683
339,5,282,328.24305884276646,10376.775907693664,9857.937112309008,9878.573370402384,0.9979110082681366,20.636258093376888,0.03329733747569857,0.19022632255049457,0.9812202538659385,0.0,0.0,0.0,0.0,False,1165.8734642725203,1.6541944668941946,1440,2023-03-13,-0.07815882014551549,2.745
340,5,255,436.5749969300361,9396.982584291025,8927.133455076455,8939.094171840537,0.9986619766461617,11.960716764081695,0.04890427583803799,0.18527388911411682,0.9679811372209731,0.0,0.0,0.0,0.0,False,1519.8294769844897,2.053161054962382,1440,2023-01-10,-0.04969943427022199,2.649
341,5,185,963.9880257130218,6511.872771859372,6186.279133266411,6197.427955149933,0.998201056637656,11.148821883522514,0.15582679102357727,0.20104252427309463,0.9873955488219948,0.0,0.0,0.0,0.0,False,732.1562487707159,1.824278558463228,1440,2023-02-22,-0.015300266465661991,2.565
342,5,190,955.497676283994,6785.146752555513,6445.889414927765,6456.880115985858,0.9982978310173544,10.990701058092323,0.1482336439206042,0.18214412688484716,0.9544656068053889,0.0,0.0,0.0,0.0,False,933.2842481655979,3.4762443630604603,1440,2023-09-25,-0.022524055785419893,2.57
343,5,219,588.5910308159833,7733.146239876716,7346.488927882922,7350.665214744296,0.9994318491266618,4.1762868613732955,0.0801186848022108,0.1914568786032157,0.9582614796304065,0.0,0.0,0.0,0.0,False,764.5109732522658,3.371824122787937,1440,2023-08-07,0.014166180668675872,2.515
344,5,291,1407.3888192458512,10643.569893604355,10111.391398924143,10132.259938910582,0.9979403864377484,20.86853998643994,0.13918844239335826,0.19322041954458652,0.9680109490025485,0.0,0.0,0.0,0.0,False,1408.1045796946405,2.01333870094382,1440,2023-03-01,0.023457472121380912,2.624
345,5,273,974.4420947302981,9560.90574085535,9082.860453812635,9102.24493514235,0.9978703625899064,19.38448132971485,0.10728361397661514,0.2137456542757381,0.9762197891312941,0.0,0.0,0.0,0.0,False,1559.7767216563598,2.216894454892956,1440,2023-11-08,0.027349694235299808,2.549
346,5,130,634.9537359196913,4883.452943766071,4639.280296577779,4650.403162279394,0.9976081932440105,11.12286570161438,0.1368647064476946,0.1890596084866789,0.9797050273638114,0.0,0.0,0.0,0.0,False,590.978459439733,2.1633418117366903,1440,2023-01-16,-0.015379327195885466,2.582
347,5,181,1005.197505693552,6890.911749205556,6546.366161745291,6553.000068967022,0.9989876534179898,6.633907221731201,0.15355045545230575,0.195041576878004,0.9905043080063669,0.0,0.0,0.0,0.0,False,763.0618104896619,1.5147677912557846,1440,2023-03-02,0.005293775970762596,2.773
348,5,149,633.2086158704337,5446.798622575719,5174.458691446944,5179.704982167277,0.9989871448782517,5.246290720334519,0.12237195301550825,0.1839071136513863,0.9902364051556215,0.0,0.0,0.0,0.0,False,747.1973782357104,1.8231627957263072,1440,2023-10-26,0.008919849199265653,2.578
349,5,255,969.4501884109368,9093.019790009657,8638.36880050919,8659.089644554651,0.9976070412830877,20.72084404546164,0.11222607077782931,0.2098391767811071,0.9717004970004679,0.0,0.0,0.0,0.0,False,907.6892023958176,2.4479805711859433,1440,2023-09-15,0.037121171198057745,2.619
350,5,256,898.5251824718243,8845.074606173428,8402.820875864738,8423.501890137548,0.9975448436359914,20.68101427280792,0.10693137408803287,0.20397421080493372,0.9782994763081584,0.0,0.0,0.0,0.0,False,1008.7199362286372,2.211180716805882,1440,2023-09-29,0.0021397310726502528,2.682
351,5,227,817.3928737327664,8285.59226861924,7871.3126551883,7876.748068171478,0.999309942004475,5.435412983177469,0.10384454404742642,0.2062547551204358,0.9683204044997745,0.0,0.0,0.0,0.0,False,1209.1168983336001,2.1535911384213233,1440,2023-11-15,-0.013141206420340962,2.706
352,5,278,914.9690022282089,9917.068376726658,9421.214957890348,9445.81225578229,0.9973959573591055,24.597297891940002,0.09711794140329157,0.21288303848227036,0.9522761819511293,0.0,0.0,0.0,0.0,False,1353.6606031881643,3.6376208669129606,1440,2023-07-27,-0.030695891664860333,2.644
353,5,215,704.3063765743564,7490.635191445561,7116.103431873255,7129.903749651998,0.9980644454310599,13.800317778741565,0.09897360027395688,0.21613782362492098,0.9746007105239188,0.0,0.0,0.0,0.0,False,835.2735231861045,2.263247066642423,1440,2023-11-07,-0.059966015180625346,2.792
354,5,236,1613.3761389301512,9001.419580555912,8551.348601528127,8559.457714452914,0.9990526137057615,8.109112924784368,0.18866920460263317,0.19034535141467046,0.9681826358289782,0.0,0.0,0.0,0.0,False,1188.334159307986,2.375566653356606,1440,2023-02-07,-0.09134953248831479,2.693
355,5,233,893.3441590497961,8605.707460776683,8175.4220877378275,8188.006370825002,0.9984630833786337,12.584283087174967,0.10927193109572989,0.195377461204315,0.9553599609545728,0.0,0.0,0.0,0.0,False,1105.656905388432,2.8913480780338636,1440,2023-09-03,-0.05923017504264871,2.664
356,5,238,750.3677136144853,8323.997783689456,7907.797894505026,7919.625554603176,0.9985065379648821,11.827660098149089,0.09488959172007938,0.21398468755626204,0.9862353535034036,0.0,0.0,0.0,0.0,False,988.831964742402,1.620831022576962,1440,2023-12-08,-0.04437420368354961,2.729
357,5,207,156.87416215674645,8027.364721679989,7625.996485595939,7634.479061405653,0.9988889122962435,8.48257580971336,0.0205709722595666,0.1918637853946697,0.9821473672737429,0.0,0.0,0.0,0.0,False,1068.994088153278,2.017940762346124,1440,2023-11-04,-0.07412455894836689,2.691
358,5,185,891.4552581257876,6682.380965709367,6348.261917423941,6353.606082662527,0.999158876837963,5.344165238586157,0.14042509110706808,0.17965451057952667,0.9910325964962763,0.0,0.0,0.0,0.0,False,1032.9793016358285,1.904035958412045,1440,2023-10-15,-0.048852047674451046,2.796
359,5,140,755.6219429422664,5118.316362192047,4862.400544082475,4867.704875730418,0.9989103013055721,5.304331647942838,0.15540100740196233,0.18578867198517496,0.9833574634148134,0.0,0.0,0.0,0.0,False,597.7799559777061,1.8988215974247538,1440,2023-02-22,-0.0007563595909800408,2.807
360,5,231,892.7379035026676,8336.996358877523,7920.146540933609,7927.4095294700355,0.9990838131284341,7.262988536426867,0.11271734669159715,0.19655197020986945,0.9559173436213216,0.0,0.0,0.0,0.0,False,1267.336068114491,3.1978195258855164,1440,2023-06-18,0.024935602184111783,2.789
361,5,282,221.38707659838065,10268.834668098796,9755.392934693886,9769.62201252141,0.9985435385515133,14.229077827520635,0.022693814393784595,0.19386111854022461,0.9756456829053799,0.0,0.0,0.0,0.0,False,1158.9167125733366,2.381511523827359,1440,2023-10-28,0.021982316999363895,2.617
362,5,181,795.253370095028,6562.379816554516,6234.260825726817,6237.470994895235,0.9994853412270701,3.2101691684185423,0.1275617739336907,0.176623679015859,0.9830880153024315,0.0,0.0,0.0,0.0,False,1039.159132995384,1.6654501040628331,1440,2023-01-15,0.025846506597772982,2.575
363,5,295,787.9075804910502,10724.294612235088,10188.079881623284,10207.313936646442,0.9981156595023394,19.234055023158266,0.07733621935103159,0.1904312756341244,0.956136206952145,0.0,0.0,0.0,0.0,False,1344.0460243442578,3.3428245132703487,1440,2023-08-07,0.0680290412793117,2.589
364,5,229,1023.5335855534614,7984.6708299021075,7585.437288406976,7592.706613387759,0.999042591087615,7.269324980781427,0.13493402511121605,0.20324508633811825,0.9780654933952982,0.0,0.0,0.0,0.0,False,995.4238176777457,2.011798601578655,1440,2023-03-19,0.07187679268265251,2.642
365,5,270,879.125891615551,9842.824791115683,9350.683551559823,9365.970044975573,0.9983678686412253,15.286493415748367,0.09401728619817326,0.19494571381452178,0.9691756119681165,0.0,0.0,0.0,0.0,False,1264.1042105792687,1.9147953642661557,1440,2023-02-19,0.04660235593963281,2.678
366,5,271,545.1920845112058,9393.099033561406,8923.444081883434,8935.99010484366,0.9985960119904983,12.54602296022766,0.061096598971025824,0.18236245650649408,0.9813293794362167,0.0,0.0,0.0,0.0,False,1147.5851036469026,1.6768721481531002,1440,2023-03-12,0.04489414040640319,2.666
367,5,184,178.41118579017572,6691.868783987173,6357.275344787782,6363.948141680627,0.9989514690025298,6.672796892843613,0.02806409603391678,0.1827694869304295,0.960174725868367,0.0,0.0,0.0,0.0,False,788.397553545336,3.0924760924540236,1440,2023-07-15,0.07209261123215573,2.547
368,5,127,593.2867553940822,4824.13775710909,4582.930869253642,4589.414637814412,0.9985872340870343,6.48376856076942,0.1294557505491464,0.18397817246747009,0.9866095861665338,0.0,0.0,0.0,0.0,False,564.2525856901333,1.6088315916402962,1440,2023-12-01,0.09381744661357837,2.525
369,5,234,338.3158437746301,8301.477060376561,7886.40320735774,7899.0457816669805,0.9983994808159509,12.642574309240448,0.04289862372988908,0.1960447952799414,0.985883847051637,0.0,0.0,0.0,0.0,False,893.8040556657951,1.6572330190693219,1440,2023-11-18,0.10933929811385368,2.713
370,5,288,1145.454301135194,10397.081565960783,9877.227487662838,9890.643160062536,0.9986435995938192,13.415672399699057,0.11596921328033855,0.19401837455947255,0.9581681374558321,0.0,0.0,0.0,0.0,False,1615.5236636563454,2.5502496245782966,1440,2023-03-27,0.09540796936263998,2.511
371,5,259,348.16107091968036,9139.74688903396,8682.759544582263,8698.767040326467,0.998159797167806,16.007495744205393,0.040097974512828774,0.2020782204826993,0.9749854687838628,0.0,0.0,0.0,0.0,False,1109.491967219039,1.9593704385875867,1440,2023-11-13,0.08902011321872685,2.619
372,5,242,980.5079821614638,8625.631533687125,8194.349957002738,8206.717192228845,0.9984930350423409,12.367235226107951,0.11965659110318325,0.18440106592242997,0.9559694886659944,0.0,0.0,0.0,0.0,False,978.9021999708468,3.1752049572020837,1440,2023-06-29,0.06607425624836254,2.647
373,5,131,451.36263356527473,4486.0578728290875,4261.754979187614,4266.8010417144815,0.9988173663413094,5.046062526867988,0.10591003841598481,0.19003575345185514,0.9565855458688326,0.0,0.0,0.0,0.0,False,435.4591948624175,3.3559254511217818,1440,2023-08-13,0.08738725740854211,2.644
374,5,151,167.25121478105913,5335.087943820528,5068.333546629512,5072.786105559049,0.9991222655880054,4.4525589295371155,0.032999251774241005,0.17001031741360972,0.9645842092098473,0.0,0.0,0.0,0.0,False,676.4505512397835,3.065535697711543,1440,2023-09-19,0.09253955809935765,2.622
375,5,262,1074.4405424164722,9480.232427687723,9006.220806303343,9014.555903366332,0.999075373523406,8.335097062987504,0.11929982236994284,0.1923160682793938,0.9547596890386161,0.0,0.0,0.0,0.0,False,1283.5032172847432,3.2939406360393937,1440,2023-06-29,0.1422168420654695,2.609
376,5,186,788.0688638462354,6328.064521443527,6011.661295371347,6022.255937391047,0.9982407519491292,10.59464201969966,0.13109003071297542,0.1979232824408402,0.9907150068500733,0.0,0.0,0.0,0.0,False,783.1739166632237,1.3534273426086216,1440,2023-02-02,0.13327021391966434,2.715
377,5,135,457.6619298028145,4598.467483492897,4368.544109318218,4381.087442102207,0.9971369362173765,12.543332783989113,0.10476303279772538,0.18011980817781817,0.9574794101187457,0.0,0.0,0.0,0.0,False,501.40744178424,3.3412238378417802,1440,2023-07-11,0.1138808761257961,2.661
378,5,245,548.2545897197052,8729.258771351544,8292.795832783926,8303.511707042933,0.998709476828952,10.715874259005393,0.06611215334064892,0.19798010855344217,0.9939548604735563,0.0,0.0,0.0,0.0,False,1034.8504650662994,1.7528464207036447,1440,2023-12-19,0.13853105886045908,2.556
379,5,290,1123.3103351220395,10405.756303314925,9885.468488149225,9909.779509868,0.9975467646182676,24.31102171877336,0.11363248352555799,0.19241884917018534,0.9470042545347304,0.6944444444444444,0.0,0.0,0.0,False,1405.5684665870722,3.831715273835055,1440,2023-08-25,0.11905953879414455,2.633
380,5,289,1032.3257338507622,10373.731908397647,9855.045312977782,9879.176025744611,0.9975574164582202,24.130712766831277,0.1047509880539389,0.1977176480842894,0.9405048848183297,11.180555555555555,0.0,0.0,0.0,False,1336.8935340146293,3.787445793344111,1440,2023-08-27,0.11609615092574868,2.663
381,5,163,817.642885332389,5988.5928886358115,5689.163244204098,5696.468242960276,0.9987176267040186,7.304998756177336,0.14371935735283609,0.1734726674241333,0.9381399005345771,2.7083333333333335,0.0,0.0,0.0,False,818.9299993950289,3.590496490565073,1440,2023-08-23,0.10218220061578859,2.518
382,5,290,1045.9831900160232,10467.695347989838,9944.310580590325,9967.207729127329,0.9977027519482622,22.89714853700368,0.10518408305323972,0.2009092962694771,0.9720895859500744,0.0,0.0,0.0,0.0,False,1428.9779317522507,2.165505307455172,1440,2023-11-12,0.14571636444895725,2.611
383,5,294,1467.958058663473,10794.209086045545,10254.49863174327,10264.267768311853,0.9990482383362268,9.76913656858261,0.14315259198722222,0.18126689914885077,0.9217879634096582,8.333333333333334,0.0,0.0,0.0,False,1451.4866114297388,3.6631444804318267,1440,2023-09-25,0.12013764724226199,2.648
384,5,249,906.0461147424379,9016.022315850605,8565.221200058066,8577.465613292283,0.9985724905483454,12.244413234216262,0.10578198666209526,0.1859205767211989,0.9599038739181265,0.0,0.0,0.0,0.0,False,1127.1149899709137,3.152325119526358,1440,2023-05-24,0.14382460218484114,2.647
385,5,162,865.404835303264,5804.48062294752,5514.256591800167,5516.02696622741,0.9996790489897742,1.7703744272426856,0.15693952954422577,0.1772417022214202,0.9852079471983161,0.0,0.0,0.0,0.0,False,680.9995751100166,1.826640223799213,1440,2023-02-12,0.15324004664367863,2.641
386,5,164,766.2499258922317,5880.367141857381,5586.348784764543,5600.429108928563,0.9974858490501071,14.080324164019673,0.13716471266205196,0.1799127247330513,0.9801316634512782,0.0,0.0,0.0,0.0,False,785.9083791952675,2.396083115936789,1440,2023-10-09,0.1810038409991908,2.616
387,5,216,809.3335422726319,7917.605489918672,7521.725215422743,7538.060278287483,0.9978329885591667,16.335062864739978,0.10759945612120385,0.18946578594776464,0.9752367498786091,0.0,0.0,0.0,0.0,False,964.9152005017129,2.5735516510452525,1440,2023-07-04,0.1983429907213595,2.643
388,5,254,1464.779193339345,9315.016804459348,8849.265964236412,8862.822013236386,0.998470459072773,13.556048999973703,0.16552550225737714,0.19706698841031298,0.9730423017196121,0.0,0.0,0.0,0.0,False,1183.2663045007903,1.8053721297132153,1440,2023-01-20,0.19172428652933693,2.568
389,5,270,1107.1940272216966,9907.152639093963,9411.795007139259,9434.523445407998,0.9975909288476249,22.728438268738973,0.11763898665258236,0.2075551248681233,0.9798037044792627,0.0,0.0,0.0,0.0,False,1271.2773846768562,1.6636751147783135,1440,2023-02-16,0.16985332833759684,2.683
390,5,149,579.5424740484464,4919.232363260195,4673.270745097188,4676.8518945522865,0.999234282047873,3.581149455098511,0.12401217598112729,0.1944829983153386,0.9886260492908586,0.0,0.0,0.0,0.0,False,756.2939083703966,1.5285551462685154,1440,2023-11-26,0.12890490533361593,2.592
391,5,298,1190.5948850875948,10659.5232506606,10126.547088127614,10134.55832893106,0.9992095125861996,8.011240803447205,0.11757165346946846,0.2014160151523488,0.9473549724399465,1.0416666666666667,0.0,0.0,0.0,False,1839.6935021174543,2.945096299886265,1440,2023-03-10,0.12518069543079058,2.607
392,5,131,631.2740786129151,4679.915601555466,4445.919821477666,4449.377973401199,0.9992227785672052,3.458151923531413,0.1419895328663624,0.1665355687041169,0.9602700962731345,0.0,0.0,0.0,0.0,False,537.9882166037416,3.039881955051719,1440,2023-09-25,0.10687788970949041,2.735
393,5,247,1432.5851829415028,8546.237770568421,8118.925882039963,8121.642199696798,0.9996655457615534,2.7163176568345397,0.1764500875800028,0.1750109008562044,0.9765011260680099,0.0,0.0,0.0,0.0,False,1315.5704988474151,2.0483261014408534,1440,2023-01-22,0.17064584888335466,2.615
394,5,179,212.84857167615837,6657.904163500757,6325.0089553257085,6334.985544117057,0.998425159975209,9.97658879134794,0.033651900444652834,0.1947209619513024,0.9915054418070413,0.0,0.0,0.0,0.0,False,950.2778665254882,1.4412264977624678,1440,2023-12-21,0.20426394044504328,2.614
395,5,271,1242.233301119056,9687.544160804062,9203.16695276374,9210.972706104629,0.9991525592801165,7.8057533408879465,0.13497889449305375,0.20454385254584667,0.9755251467565726,0.0,0.0,0.0,0.0,False,1026.0428927467287,1.9317485966349899,1440,2023-03-07,0.1880602311876135,2.591
396,5,255,792.4243004509362,8945.472197205643,8498.19858734532,8508.013089452576,0.9988464401730384,9.814502107255993,0.09324615002889394,0.17888151212355716,0.9525409910416759,0.0,0.0,0.0,0.0,False,1147.862827702696,3.318691476410374,1440,2023-06-11,0.15325971184637993,2.595
397,5,190,190.99222963526822,6564.790734462086,6236.551197738987,6243.534669806929,0.9988814874206252,6.983472067942707,0.03062465513062908,0.1921461921116467,0.9563996383481143,0.0,0.0,0.0,0.0,False,1014.4466820689764,3.3281363184177315,1440,2023-08-02,0.18293236969625218,2.583
398,5,125,604.7784142966693,4366.4056445242995,4148.085362298031,4150.597474253524,0.9993947589543252,2.512111955492848,0.1457970030688142,0.18667107667898006,0.9886863622976929,0.0,0.0,0.0,0.0,False,461.99964048108706,1.781688877266713,1440,2023-01-17,0.17788089039677057,2.593
399,5,255,655.3787514191266,9057.635142428246,8604.753385306842,8632.164011188968,0.9968245939434657,27.41062588212531,0.07616473384794817,0.1906050066726219,0.9592376727209059,0.0,0.0,0.0,0.0,False,1010.731059246831,3.166927598472391,1440,2023-05-27,0.18655140707510298,2.666
400,5,290,1144.3599385472526,10351.021490311397,9833.470415795775,9850.921648403202,0.9982284670175754,17.451232607427126,0.11637396464924891,0.20615895822833646,0.9754375873709185,0.0,0.0,0.0,0.0,False,1323.2945955184275,1.901200593847092,1440,2023-10-24,0.18530292409812574,2.808
401,5,189,611.5394694174142,6722.430882065505,6386.309337962254,6391.415778556749,0.9992010470338002,5.106440594495016,0.09575788410095157,0.1853826991913017,0.9527236267715042,0.0,0.0,0.0,0.0,False,753.6831396659593,3.512299704096077,1440,2023-05-16,0.14977749638255508,2.668
402,5,169,499.960338768872,6273.161428416681,5959.503356995807,5972.027562503249,0.9979028553742655,12.524205507441753,0.0838929536270792,0.1953637297717694,0.9930085610018153,0.0,0.0,0.0,0.0,False,709.42486583248,1.7897295761799552,1440,2023-03-25,0.16779578913200993,2.778
403,5,288,659.304444367675,10386.709064415916,9867.373611195097,9878.353226108386,0.998888517684884,10.97961491328867,0.0668166089930614,0.19572621007013974,0.9450115733801924,0.9722222222222222,0.0,0.0,0.0,False,1299.2305087976672,3.8854086000466648,1440,2023-07-29,0.1604839695659564,2.801
404,5,180,754.3201174573848,6599.636967016583,6269.655118665681,6279.081739115718,0.9984987262721372,9.426620450037323,0.12031285663730744,0.19574097954575106,0.9453507385939574,2.5694444444444446,0.0,0.0,0.0,False,752.607758033515,3.7546374916315073,1440,2023-08-20,0.15405074675319183,2.62
405,5,260,917.7419483905803,9529.993482585554,9053.493808456225,9068.658276554834,0.9983278156882576,15.164468098606994,0.10136881604021011,0.18570483439376817,0.9531506570775501,0.0,0.0,0.0,0.0,False,1042.815545908441,3.468589150852238,1440,2023-07-11,0.14908462667934771,2.675
406,5,167,552.4556656850805,5928.223996892087,5631.812797047483,5644.797081683888,0.9976997783182436,12.984284636404402,0.09809553079866383,0.19237958633302987,0.9568067656294156,0.0,0.0,0.0,0.0,False,553.7842246872854,3.255127159332055,1440,2023-07-24,0.1679060082349464,2.633
407,5,188,632.5198226548819,6218.637175296721,5907.705316531916,5919.478156730969,0.9980111692471292,11.77284019905311,0.10706692171744933,0.2037089055907651,0.9653709189217273,0.0,0.0,0.0,0.0,False,667.3377005510056,2.941104905947674,1440,2023-09-07,0.16865967989639813,2.695
408,5,196,1087.728848814966,6774.620030683524,6435.889029149368,6447.005834281271,0.9982756638635581,11.11680513190253,0.16900988253346738,0.20090360041007616,0.9860574192355838,0.0,0.0,0.0,0.0,False,812.186930578351,1.7819602163358959,1440,2023-02-06,0.14415266957900374,2.64
409,5,261,559.5287709037173,9498.096978980122,9023.192130031237,9050.141545709683,0.9970222105872785,26.94941567844535,0.06201006947879101,0.20135574727211172,0.9836031171032741,0.0,0.0,0.0,0.0,False,1309.2312917202084,1.876304215377365,1440,2023-10-20,0.13067355270210007,2.653
410,5,121,433.51166511145544,4172.399144441865,3963.779187219779,3967.1880982909474,0.999140723609088,3.4089110711687454,0.10936826816922751,0.18449652382326265,0.9953030231437159,0.0,0.0,0.0,0.0,False,612.8913856761322,1.5733867789680716,1440,2023-04-19,0.11882774874049334,2.559
411,5,132,633.5291007620716,4793.751689635734,4554.064105153939,4560.101136973533,0.9986761188758192,6.037031819595543,0.13911290797270337,0.20260772563241514,0.9623545924710981,0.0,0.0,0.0,0.0,False,525.6412148647837,3.103270131224947,1440,2023-06-16,0.14721657096751278,2.648
412,5,181,649.8083109490084,6085.125097859466,5780.868842966498,5793.418953907513,0.9978337297818674,12.55011094101567,0.11240668636508179,0.20970108937842802,0.9807113077140662,0.0,0.0,0.0,0.0,False,909.311033458907,1.7759508975667224,1440,2023-10-23,0.1299525984873721,2.633
413,5,287,881.8585523648969,10534.401835981096,10007.681744181988,10025.086621384246,0.9982638676492698,17.404877202257538,0.08811816511626876,0.1948529096715063,0.9558208315588143,0.0,0.0,0.0,0.0,False,1274.2269496711672,3.2972544042843603,1440,2023-05-25,0.10005096579310982,2.754
414,5,121,471.66074111716716,3918.8971063385243,3722.952251021586,3725.943912349927,0.9991970729032112,2.9916613283404203,0.126689978628585,0.18976603605374623,0.9686498653644555,0.0,0.0,0.0,0.0,False,498.86795975114813,2.846539730966657,1440,2023-06-17,0.10905300950935241,2.764
415,5,245,849.213969113647,9055.21679347948,8602.45595380546,8615.434864037303,0.9984935281344858,12.978910231841015,0.09871761897693658,0.1927639570632425,0.950168670000619,0.0,0.0,0.0,0.0,False,1076.5688533087828,3.542758886615571,1440,2023-08-09,0.12795746463873137,2.651
416,5,271,775.5321470860671,9684.260786968853,9200.047747620414,9221.340772052492,0.9976908971310754,21.293024432076855,0.08429653501381641,0.2047104459530774,0.9815629366674994,0.0,0.0,0.0,0.0,False,1160.6588101026712,1.9383896343457794,1440,2023-10-27,0.1368474046681806,2.648
417,5,179,636.5090818229422,5562.05107166254,5283.948518079417,5294.589752275384,0.997990168323921,10.641234195967147,0.12046087876236487,0.21536200258433297,0.9938760765847505,0.0,0.0,0.0,0.0,False,578.062025102072,1.5431180861678797,1440,2023-03-11,0.11744155883644933,2.574
418,5,300,1083.328264685389,10649.589013407562,10117.10956273709,10130.641488215591,0.9986642577872051,13.531925478500865,0.10707883096131111,0.20422179072360944,0.9835289303546162,0.0,0.0,0.0,0.0,False,1459.9962512341663,1.963313817288911,1440,2023-04-22,0.07771535745308543,2.672
419,5,237,776.2196843801272,8234.966493468084,7823.21816879465,7837.495810733903,0.9981782903258846,14.277641939252888,0.09921999714597272,0.21043854500537126,0.9832606846528015,0.0,0.0,0.0,0.0,False,1006.556949199346,1.7042565750752223,1440,2023-12-14,0.07023177290380561,2.638
420,5,203,604.5288966490599,7374.769741224381,7006.0312541632,7014.105389312151,0.9988488717091059,8.074135148950436,0.08628692546722942,0.1918227188320304,0.9610622368720431,0.0,0.0,0.0,0.0,False,1052.7472233876538,3.2009915714692907,1440,2023-05-25,0.050046118594237174,2.573
421,5,261,906.6625799660228,9192.530253340565,8732.903740673508,8748.14269015102,0.998258036017786,15.238949477511447,0.10382143292651229,0.19865903060850665,0.9367295382110963,4.027777777777778,0.0,0.0,0.0,False,1287.6990766403196,4.085359850732576,1440,2023-08-27,0.07526127678633082,2.547
422,5,171,352.21734722511775,6220.068713867345,5909.065278173948,5928.269481950763,0.9967605717258157,19.20420377681497,0.059606271151900675,0.2162315682007937,0.9586541374021257,0.0,0.0,0.0,0.0,False,728.5260561188347,3.2795923473945527,1440,2023-07-22,0.08046056590133265,2.652
423,5,233,814.9286296887108,8171.732505885495,7763.145880591232,7776.503808757434,0.9982822707357052,13.357928166202218,0.10497401983983416,0.18977662195272268,0.9503270811981712,0.0,0.0,0.0,0.0,False,1056.0117593589302,3.5360660090484957,1440,2023-07-11,0.04514883608026292,2.659
424,5,253,695.4399793162364,9517.347852058725,9041.480459455823,9057.341234168682,0.9982488487180957,15.860774712858541,0.07691660480103417,0.19279377968933806,0.9567446926586017,0.0,0.0,0.0,0.0,False,1311.6739858051747,3.1817845460799745,1440,2023-05-27,0.07561150287152722,2.644
425,5,280,1331.2838226439978,10605.802598052514,10075.512468149896,10100.51899205353,0.9975242337623138,25.00652390363429,0.1321306312559656,0.18597577036368595,0.9446474741055296,4.513888888888889,0.0,0.0,0.0,False,1599.9488143909139,3.8266179579953983,1440,2023-08-24,0.09370420029951794,2.705
426,5,158,567.2947812412727,5558.588695136047,5280.659260379245,5286.259395189365,0.9989406242880899,5.600134810120939,0.10742877986801423,0.19757131444213147,0.9651944791766948,0.0,0.0,0.0,0.0,False,637.8264469968392,3.0032459676242134,1440,2023-05-24,0.12387919024016085,2.693
427,5,195,603.8232921069609,7159.397886606144,6801.427992275822,6811.204383129132,0.9985646604765634,9.776390853309815,0.08877889948885806,0.19709895953604378,0.9501792958620255,0.0,0.0,0.0,0.0,False,1062.372535010551,3.25623114993338,1440,2023-10-07,0.12263041949798847,2.726
428,5,199,692.130230343904,6844.678514090379,6502.444588385858,6517.17726274755,0.9977394086783699,14.732674361692457,0.10644154224399409,0.20391575291738487,0.9452180185981187,2.2916666666666665,0.0,0.0,0.0,False,786.7957215548771,3.853882390228598,1440,2023-08-27,0.1228156357208413,2.743
429,5,177,625.1596019623869,6280.379715441422,5966.360729669383,5987.4501382789695,0.9964777312340761,21.089408609586627,0.10478072484850061,0.20207117276300918,0.9496323222143457,0.06944444444444445,0.0,0.0,0.0,False,693.5439284317853,3.6504222798544324,1440,2023-07-28,0.10777107561430391,2.615
430,5,215,1110.8476791458008,7833.436674286369,7441.764840572021,7457.205237834218,0.9979294659634873,15.440397262194972,0.14927207496392939,0.20877999657743537,0.994637661915923,0.0,0.0,0.0,0.0,False,905.571231120727,1.4967421920453945,1440,2023-01-21,0.09968994523055008,2.634
431,5,187,677.8737645713011,6350.66068828143,6033.127653867341,6039.89665160649,0.9988792858339143,6.768997739148848,0.1123585979714472,0.20383851564184158,0.9492607158623736,0.3472222222222222,0.0,0.0,0.0,False,817.576780111255,3.768007454352883,1440,2023-08-31,0.07802662870293761,2.538
432,5,220,787.0289467290892,7861.413979263569,7468.343280300373,7485.510475903057,0.997706609902164,17.16719560268384,0.10538199935253047,0.21017941112642885,0.9839363205106397,0.0,0.0,0.0,0.0,False,1052.297899583212,1.8210949559985101,1440,2023-11-12,0.0713753077570619,2.573
433,5,170,515.8681038998022,5855.862849115106,5563.069706659377,5571.940499747885,0.9984079526533154,8.870793088508943,0.0927308358696769,0.19417749422948083,0.9580356619218577,0.0,0.0,0.0,0.0,False,801.4498581258803,3.3735356526425435,1440,2023-05-25,0.05159531037794789,2.673
434,5,233,885.1806382660831,8161.018428483623,7752.967507059432,7760.808332560922,0.9989896895831594,7.840825501490146,0.11417313918316896,0.20635769834627493,0.9730103772303528,0.0,0.0,0.0,0.0,False,1089.911055111261,2.3706250055717617,1440,2023-04-24,0.07126665493646829,2.602
435,5,206,618.5968513362345,7259.59324190194,6896.613579806855,6908.794762725329,0.9982368584772277,12.181182918474308,0.08969573895621374,0.20673736925430294,0.9880020877355891,0.0,0.0,0.0,0.0,False,894.81119633965,1.7974071227200914,1440,2023-12-12,0.059889396609023836,2.558
436,5,120,487.25093208330344,4447.793139827421,4225.403482836044,4233.529457966263,0.9980805672404313,8.125975130219711,0.11531465197644654,0.19636919512737416,0.9671300093824843,0.0,0.0,0.0,0.0,False,611.2716612059387,2.977600742282311,1440,2023-09-04,0.049615445486691494,2.66
437,5,257,1236.8816465879595,9569.781343835213,9091.292276643435,9114.174343528124,0.9974893977202732,22.882066884689404,0.13605124650602746,0.2141866346975536,0.9826872369341066,0.0,0.0,0.0,0.0,False,1040.741479613167,1.9985796446097306,1440,2023-03-07,0.06438780791170025,2.71
438,5,171,737.1307595415803,6132.9310388868935,5826.284486942521,5837.972562047702,0.9979979222271161,11.688075105181383,0.12651815427028812,0.2013900566833832,0.9851380662394188,0.0,0.0,0.0,0.0,False,780.7717147469521,1.9508110142123893,1440,2023-10-11,0.03629799906243476,2.47
439,5,278,993.8596433508825,9777.629113894036,9288.747658199325,9305.908060092981,0.998155966963907,17.160401893657436,0.10699608600881592,0.19554028745872779,0.9685484077899792,0.0,0.0,0.0,0.0,False,1329.6902205899044,2.7076722673412763,1440,2023-05-08,0.04190912078002815,2.609
440,5,242,1092.9145992699766,8689.805618095288,8255.31533719052,8270.454863543715,0.9981694445344317,15.139526353195901,0.1323892007306315,0.2025810324959009,0.9753303647089255,0.0,0.0,0.0,0.0,False,1196.1432261953296,1.9542919184250716,1440,2023-03-20,0.05949049607540837,2.513
441,5,234,631.1941916928871,8240.311029450158,7828.295477977672,7848.078837435231,0.9974792098974347,19.7833594575596,0.08062983742355458,0.1919765815543525,0.9808804799921739,0.0,0.0,0.0,0.0,False,1215.3799272124566,2.044577037276417,1440,2023-03-30,0.057936905605136646,2.534
442,5,157,709.1034430633366,5382.989870693346,5113.840377158665,5119.355504052688,0.9989226911689066,5.515126894023094,0.1386635856352885,0.1906205928346497,0.992047892198167,0.0,0.0,0.0,0.0,False,746.8048585220427,1.3359451100547846,1440,2023-11-29,0.08042499622260815,2.578
443,5,262,1600.096992095702,9157.66192040632,8699.778824386003,8707.095564760726,0.9991596807086469,7.316740374723833,0.18392387029547624,0.1912247054006925,0.974708355046006,0.0,0.0,0.0,0.0,False,1285.0661099436434,2.007168844130321,1440,2023-02-07,0.10186761425819901,2.725
444,5,219,825.3761824556284,7856.475624081637,7463.651842877544,7469.334321891795,0.9992392255093474,5.682479014250767,0.11058610447421566,0.19788990360705444,0.9807215130496277,0.0,0.0,0.0,0.0,False,1113.839273101326,1.6077170597438588,1440,2023-04-21,0.11813142577134292,2.701
445,5,295,1442.890605804634,10476.563213033633,9952.735052381962,9968.145259405946,0.9984540547290437,15.4102070239848,0.1449742807590674,0.19702998870863594,0.9774439058958627,0.0,0.0,0.0,0.0,False,1347.827643888697,1.9162231928627296,1440,2023-02-09,0.11658454374750903,2.727
446,5,122,49.83166262918687,4233.597815266825,4021.917924503461,4028.1105297033546,0.9984626526123777,6.19260519989414,0.0123900247505272,0.2093178874157184,0.9670932067854751,0.0,0.0,0.0,0.0,False,428.17431504099585,2.8665923917243252,1440,2023-10-13,0.11738735146953083,2.657
447,5,239,131.53865372386264,8607.729236261499,8177.34277444841,8225.415898915582,0.994155538752331,48.073124467170686,0.0160857453762216,0.2408027901257522,0.9960652044565896,0.0,0.0,0.0,0.0,False,804.1244708048811,1.5802554126982251,1440,2023-12-23,0.09053032612078092,2.623
448,5,170,736.6495413566427,6084.13742175655,5779.930550668732,5785.0020959708245,0.9991233287010174,5.07154530209181,0.12744954890010107,0.1915489881663941,1.0004410111622175,0.0,0.0,0.0,0.0,False,692.045661543197,1.2876186350786922,1440,2023-04-14,-0.0022622196265809635,2.66
449,5,135,456.0498319234759,4692.596065048891,4457.966261796473,4463.949086943319,0.9986597461058986,5.982825146844625,0.10229997383149704,0.18900674341160884,0.9470200760451511,0.2777777777777778,0.0,0.0,0.0,False,443.5601600163234,3.8767955665392346,1440,2023-07-19,0.03228465867779766,2.653
450,5,263,1002.22516004097,9578.775958188167,9099.837160278816,9119.924656958356,0.9977974054134083,20.087496679540216,0.11013660380822267,0.190819304222732,0.9673742068540488,0.0,0.0,0.0,0.0,False,1074.1165067787786,2.928132944104874,1440,2023-09-03,0.06606476261124769,2.717
451,5,233,346.2502690684792,8407.265142593722,7986.9018854640035,8013.241648135934,0.9967129703772183,26.339762671930714,0.0433522627464158,0.21356680412442436,0.9965470000770696,0.0,0.0,0.0,0.0,False,859.8841996207883,1.5630162973465531,1440,2023-11-03,0.08956024676240018,2.553
452,5,265,838.4591298102978,9028.605171757756,8577.174913169925,8592.596374275345,0.9982052617819233,15.421461105420875,0.0977546964237462,0.19166489462081712,0.946324112471705,0.625,0.0,0.0,0.0,False,1019.3071423673823,3.6954738578009527,1440,2023-07-27,0.05763379409337774,2.608
453,5,123,393.2322132059168,4134.376992079298,3927.658142475327,3929.1099759276262,0.9996304930477401,1.4518334522990042,0.10011874734039103,0.17999333600429537,0.9981929000178804,0.0,0.0,0.0,0.0,False,449.5734811029251,1.463833321758305,1440,2023-02-17,0.08069358813505484,2.52
454,5,139,480.78802115084176,5363.956857736968,5095.7590148501,5104.693648661165,0.9982497218391533,8.934633811064225,0.09435061975060548,0.18011844724040216,0.9622674038468452,0.0,0.0,0.0,0.0,False,479.6922724295655,3.124735215920748,1440,2023-05-15,0.12581918552452964,2.503
455,5,242,892.574962721493,8249.68153833171,7837.197461415128,7846.947234032383,0.998757507559759,9.749772617254052,0.11388955900574244,0.20339670612575822,0.9859052566836279,0.0,0.0,0.0,0.0,False,873.2854650925428,1.9411488841719904,1440,2023-07-09,0.16263849635465444,2.55
456,5,155,273.7577717279804,5724.1952239797265,5437.985462780738,5442.1252457397695,0.999239307665278,4.1397829590308035,0.050341762331227925,0.1862779908607267,0.9528793134298186,0.0,0.0,0.0,0.0,False,641.1956365198719,3.4660978198700274,1440,2023-07-30,0.140711940164683,2.557
457,5,300,620.3165820480723,10912.426860241787,10366.805517229712,10382.828607203652,0.9984567702521042,16.023089973938166,0.05983681096525842,0.2022488634248235,0.9850049703914625,0.0,0.0,0.0,0.0,False,1194.962639167332,1.855732943037258,1440,2023-12-16,0.1615179692527389,2.578
458,5,187,1097.8420012113697,6452.806490300895,6130.166165785855,6138.216249463825,0.9986885304539941,8.050083677971024,0.17908845723281175,0.1955422129809321,0.9872525416702559,0.0,0.0,0.0,0.0,False,933.4615811703476,1.6331897200317458,1440,2023-01-24,0.14291442971092944,2.577
459,5,208,867.8392119504257,7564.328253619834,7186.11184093883,7201.832947982852,0.9978170686327257,15.721107044022299,0.12076617107549036,0.20836845038559645,0.9974541500214522,0.0,0.0,0.0,0.0,False,769.5817328951031,1.5151631745959508,1440,2023-03-11,0.14300911840499636,2.644
460,5,259,583.4555633493743,9709.304818098124,9223.839577193237,9233.80135378287,0.9989211619128506,9.96177658963173,0.06325517247633188,0.1888182001283579,0.9598594679190383,0.0,0.0,0.0,0.0,False,1636.8009828397576,2.9801362616709444,1440,2023-01-01,0.11444872455070848,2.629
461,5,288,962.08777519441,10520.252012050094,9994.23941144762,10008.907061082216,0.9985345403304193,14.667649634594419,0.0962642313823715,0.19517870337973214,0.9781992939556816,0.0,0.0,0.0,0.0,False,1416.7741941873214,2.392507329314114,1440,2023-11-07,0.13517005002678512,2.522
462,5,194,690.2380598925995,6597.112250016744,6267.256637515874,6272.771216217056,0.9991208704237571,5.514578701182259,0.11013400277257294,0.20407951683848974,0.9602913401922436,0.0,0.0,0.0,0.0,False,770.4973168063636,3.1429702947775873,1440,2023-09-17,0.1379950680856365,2.537
463,5,123,426.9064314486061,4307.7763734127475,4092.3875547421358,4095.4745848968655,0.9992462338391468,3.087030154729579,0.10431720499049993,0.18775114386587854,0.9511364431080187,0.0,0.0,0.0,0.0,False,465.32554518184855,3.566431532402024,1440,2023-08-13,0.12046931708152639,2.447
464,5,237,985.3700454262605,8762.272516683242,8324.158890849012,8335.383806279175,0.9986533415027984,11.224915430163838,0.11837472810730537,0.19984627912676145,0.9919152365777494,0.0,0.0,0.0,0.0,False,1055.141755287857,1.7902658506334903,1440,2023-04-26,0.142983579624689,2.517
465,5,294,847.4725520384568,10439.05976130029,9917.106773235211,9930.800726645313,0.9986210625117711,13.693953410100676,0.08545562444942698,0.1911100342090902,0.9737045066908238,0.0,0.0,0.0,0.0,False,1469.9649624288368,1.9822600286123957,1440,2023-01-08,0.13439337812893865,2.522
466,5,127,393.4403978405268,4172.4658532138765,3963.8425605531793,3969.622405688774,0.998543981128454,5.779845135595298,0.09925732211362596,0.20682240107383393,0.9515322781177504,0.0,0.0,0.0,0.0,False,415.55515312655325,3.584116146938153,1440,2023-05-16,0.14718545404076055,2.484
467,5,150,722.0168057708784,5661.921017213934,5378.824966353244,5389.564414886499,0.9980073624310729,10.73944853325605,0.13423318481032373,0.18142069427443364,0.9773624666225987,0.0,0.0,0.0,0.0,False,582.5093118092336,2.221285348473262,1440,2023-04-13,0.12251078761409023,2.446
468,5,182,546.1802110123567,6508.435843362483,6183.014051194363,6190.48235188562,0.9987935833967797,7.468300691257618,0.08833559272064924,0.20880162456237392,0.9911354079847156,0.0,0.0,0.0,0.0,False,872.2088748519201,1.8298114931662122,1440,2023-10-27,0.15958377471771293,2.501
469,5,271,1235.4934777246924,9298.791273809366,8833.85171011886,8851.462755732537,0.9980103801936838,17.611045613675607,0.13985897865021651,0.20198935090592435,0.9553710331639325,0.0,0.0,0.0,0.0,False,1201.974440785042,3.3819842355332455,1440,2023-06-21,0.12856403653902376,2.581
470,5,207,789.3503348971849,7592.49512980295,7212.8703733128,7221.101637055428,0.9988601096956746,8.23126374262696,0.10943636777637583,0.1959480631649043,0.9623859385875692,0.0,0.0,0.0,0.0,False,987.4345067326838,2.971753020021745,1440,2023-10-01,0.11863578049496529,2.512
471,5,173,687.2294088950832,6411.261189879973,6090.698130385948,6093.240744813525,0.9995827155804173,2.5426144275772193,0.11283261691571236,0.19994495462055217,0.9714603459546887,0.0,0.0,0.0,0.0,False,666.5151635590478,2.7510314208083875,1440,2023-08-11,0.1241866055317174,2.711
472,5,149,681.3996436335067,5313.092524991108,5047.4378987415585,5050.269571073329,0.9994393027358403,2.831672331769994,0.13499911386792796,0.1807198557889363,0.9881517282553408,0.0,0.0,0.0,0.0,False,571.5604368615426,1.8527795751744356,1440,2023-04-03,0.11983685662766613,2.54
473,5,191,846.6453202748628,6868.411709950537,6524.99112445303,6531.840359348871,0.9989514080995507,6.84923489584064,0.12975424856931655,0.1996391330591008,0.9845819933036462,0.0,0.0,0.0,0.0,False,710.0847482190591,2.012659417214971,1440,2023-03-04,0.15961628214453327,2.74
474,5,290,214.6610806458187,10707.259661964918,10171.896678866688,10195.083093780302,0.9977257257542355,23.186414913614378,0.021103348512357817,0.21061995786175244,0.9885089736639051,0.0,0.0,0.0,0.0,False,1459.9112314109311,2.014571418610885,1440,2023-11-04,0.14983545591070999,2.581
475,5,143,674.211768494522,5310.201682847854,5044.6915987054435,5044.86464712869,0.9999656981038441,0.17304842324698555,0.13364776722278454,0.19259438941406062,0.9787473516637183,0.0,0.0,0.0,0.0,False,665.399678133289,2.269072162733315,1440,2023-10-12,0.11732198246473013,2.583
476,5,162,828.8655762474897,6198.801485473221,5888.861411199573,5894.295110205714,0.9990781426948351,5.433699006141808,0.14075141498000512,0.1878369626361053,0.9924497422291839,0.0,0.0,0.0,0.0,False,638.9067082041202,1.6315691847522096,1440,2023-10-15,0.1313377348221652,2.517
477,5,126,527.1599347924113,4085.9124647762023,3881.6168415373886,3884.4235826207323,0.9992774369160199,2.806741083343138,0.1358093692172923,0.18149199817946574,0.9694461868806695,0.0,0.0,0.0,0.0,False,659.6687439387658,2.5842834929585843,1440,2023-09-26,0.15362482748780976,2.569
478,5,137,674.8090157153081,4582.780755072961,4353.641717319277,4357.543496223992,0.9991045920922885,3.9017789047153117,0.15499874806666838,0.1819810291958713,0.97763217761498,0.0,0.0,0.0,0.0,False,609.0958282865118,2.2866302284019557,1440,2023-09-11,0.18633882351595915,2.636
479,5,256,739.0211299650862,9167.987740735922,8709.58835369916,8725.575516741705,0.9981677812527243,15.987163042543523,0.08485144187683762,0.20498440953813846,0.9934784191665651,0.0,0.0,0.0,0.0,False,1001.3146174842294,1.7712650545365318,1440,2023-11-19,0.2123351006425928,2.751
480,5,269,542.5436884489365,9786.200716071276,9296.890680267756,9309.209383781983,0.9986767186120351,12.318703514227385,0.0583575420113804,0.19229421001648453,0.9571583005864545,0.0,0.0,0.0,0.0,False,1254.79891637247,3.1937666828791675,1440,2023-09-24,0.1822754651140051,2.686
481,5,255,1128.752723360828,9364.11943286851,8895.91346122508,8905.202738568183,0.9989568707624285,9.28927734310268,0.12688440914817356,0.20682943930165856,0.9514201535310824,0.0,0.0,0.0,0.0,False,967.6450898274115,3.6307722603324297,1440,2023-06-28,0.18653148513794937,2.602
482,5,221,828.7601947319158,7722.97732966757,7336.82846318422,7342.714753516584,0.999198349584594,5.886290332364345,0.11295891663415418,0.19500588586968534,0.9868981209734523,0.0,0.0,0.0,0.0,False,934.5329119873522,1.896635118218562,1440,2023-03-27,0.15761732476463897,2.748
483,5,142,97.44332140402831,5204.5667093675565,4944.338373899193,4949.504610898929,0.9989562112967105,5.16623699973518,0.019708060823349915,0.20637260242628436,0.9962253446041222,0.0,0.0,0.0,0.0,False,590.6306671671124,1.3856814416691523,1440,2023-12-27,0.16074751972284745,2.602
484,5,298,1009.7572776562154,10519.930621462074,9993.934090388982,10012.270356946066,0.9981686205122934,18.33626655708418,0.10103701590620694,0.20308030174465264,0.9859893603204216,0.0,0.0,0.0,0.0,False,1226.8887551771188,1.701826987936784,1440,2023-11-11,0.1379262691435822,2.884
485,5,232,1273.7023292405015,8015.024161719653,7614.272953633675,7618.205595494853,0.9994837837057714,3.9326418611787144,0.1672782597887651,0.19084704775799785,0.9810707154200253,0.0,0.0,0.0,0.0,False,1206.3742220195036,2.0058207547220976,1440,2023-01-19,0.12675831509252714,2.672
486,5,260,1121.5142964650029,9834.199950529619,9342.48995300312,9359.367425243883,0.9981967293863,16.877472240763932,0.12004447445025027,0.20155741276118408,0.9722330466760518,0.0,0.0,0.0,0.0,False,1141.9345212575834,2.3353388553021412,1440,2023-03-10,0.14519475823442374,2.674
487,5,166,701.945790255277,6160.241389113597,5852.2293196578985,5863.043442870239,0.9981555444168692,10.814123212340133,0.11994502469296783,0.1955627301828027,0.9794350142152414,0.0,0.0,0.0,0.0,False,766.1528976464623,2.1798921382632916,1440,2023-03-10,0.1363032391028721,2.643
488,5,245,1314.0868780812007,8371.064740146969,7952.511503139608,7963.623406142075,0.9986046674439808,11.111903002467411,0.16524174502135663,0.2048186979651991,0.9924349972679258,0.0,0.0,0.0,0.0,False,1193.710235948918,1.6545913545302746,1440,2023-01-20,0.14260018896092966,2.645
489,5,282,1023.2648908371558,10046.196040456527,9543.886238433774,9557.968530641027,0.998526643798616,14.082292207254763,0.10721679463407786,0.20886995664796854,0.9824841766057014,0.0,0.0,0.0,0.0,False,1128.0092633743452,2.1377227967082226,1440,2023-09-29,0.1270336848278437,2.606
490,5,232,906.3493444350961,8825.85497212435,8384.56222351816,8397.599812333501,0.9984474624765766,13.037588815341346,0.10809739617565772,0.2090052279349945,0.9563420648275406,0.0,0.0,0.0,0.0,False,953.347543478999,3.255413794160474,1440,2023-09-17,0.10522421458688375,2.603
491,5,144,588.3187044870868,4976.186375675006,4727.377056891237,4729.39192953387,0.9995739679280858,2.0148726426343937,0.1244492870797089,0.20596782941340253,0.9709116523125125,0.0,0.0,0.0,0.0,False,576.647558628887,2.714610911930202,1440,2023-09-08,0.08702878016590897,2.607
492,5,139,613.155344390303,4798.30490883565,4558.389663393865,4561.583062304233,0.9992999362574897,3.193398910368692,0.13451139320410566,0.1911733673106979,0.9889825002685327,0.0,0.0,0.0,0.0,False,578.2818016593608,1.8047474146106746,1440,2023-04-06,0.07885631790596134,2.609
493,5,226,777.227751524025,8597.93164406973,8168.035061866179,8184.750823983795,0.9979576944396847,16.715762117617317,0.09515480107971637,0.2115734744054835,0.95444526771805,0.0,0.0,0.0,0.0,False,805.0100025222081,3.4463849198890104,1440,2023-06-07,0.10530749635841852,2.675
494,5,186,619.6689508300719,6345.477191018983,6028.203331468024,6042.078589863944,0.9977035620789182,13.87525839592127,0.10279496505954229,0.21609640868528623,0.9446727153111081,1.5972222222222223,0.0,0.0,0.0,False,613.152242069878,3.903358087814678,1440,2023-07-19,0.0810095297915818,2.79
495,5,281,1063.7044224221142,10600.969455053366,10070.9209823007,10087.451506293273,0.998361278467385,16.5305239925727,0.10562136514540611,0.1913941061344716,0.9908460334566177,0.0,0.0,0.0,0.0,False,1065.6851224752793,1.7978589097052162,1440,2023-11-15,0.05081588068828205,2.693
496,5,143,603.0993356061701,5308.983034963129,5043.533883214937,5051.633568108379,0.9983966206605768,8.09968489344226,0.11957872189841065,0.20458482607690506,0.9949464339960633,0.0,0.0,0.0,0.0,False,572.711949626196,1.559886227501757,1440,2023-11-25,0.08143632171071084,2.59
497,5,217,831.8943167493787,7393.72485541872,7024.038612647802,7035.504548793577,0.9983702752139162,11.46593614577461,0.11843532796807696,0.20693953472235205,0.9963122037783589,0.0,0.0,0.0,0.0,False,781.2556030338069,1.479027210270589,1440,2023-10-24,0.07668384935145504,2.628
498,5,293,1401.8845475542166,10979.734232903345,10430.747521258203,10454.487294429655,0.9977292264553135,23.739773171451624,0.1343992407732169,0.19671360131364285,0.9862855239887883,0.0,0.0,0.0,0.0,False,1202.28821401189,1.7964097977998454,1440,2023-03-08,0.06735453570794944,2.677
499,5,241,758.4452827120766,8933.56774519578,8486.889357935936,8520.272148118576,0.9960819572893558,33.38279018264086,0.0893666985304655,0.21519744328570403,0.9520815249494373,0.0,0.0,0.0,0.0,False,711.1777549889885,3.403709732392893,1440,2023-06-30,0.08255245822662304,2.597
500,5,180,497.53921353957776,6282.15366015288,5968.04597714523,5979.859861016481,0.9980243878375366,11.813883871251557,0.08336718843067156,0.19763673999144188,0.9971065343232033,0.0,0.0,0.0,0.0,False,561.5678522423757,1.5153045125216489,1440,2023-03-31,0.053286471738742125,2.651
501,5,266,898.1129788213518,9814.209526989634,9323.499050640185,9353.560735011757,0.9967860705432695,30.061684371572447,0.09632788869750399,0.19552998323201715,0.9923833031549212,0.0,0.0,0.0,0.0,False,962.783861050381,1.5887033709317708,1440,2023-11-14,0.06862539279624202,2.577
502,5,255,684.4174694507676,9053.51334462222,8600.837677391113,8617.838106911215,0.998027297645976,17.00042952010147,0.07957567566353276,0.1938813393506417,0.9961717394235222,0.0,0.0,0.0,0.0,False,924.8520828313001,1.4478561069812934,1440,2023-10-19,0.08575489535137551,2.669
503,5,247,460.15135335717036,9216.890227292603,8756.045715927976,8801.888855717341,0.9947916702266029,45.84313978936834,0.05255241558642353,0.21396624145253615,0.9487103903545672,0.4166666666666667,0.0,0.0,0.0,False,901.0736669459214,3.62686077417332,1440,2023-07-14,0.10339144696697622,2.506
504,5,253,717.9531578791116,9412.553472052216,8941.925798449567,8977.62838635806,0.99602316041921,35.70258790849173,0.08029066378560162,0.1991523344299119,0.9711810226883737,0.0,0.0,0.0,0.0,False,1101.1129823531599,2.7761197318665913,1440,2023-10-02,0.07261559156266217,2.562
505,5,269,1372.971233561394,9555.746093998774,9077.958789298887,9097.671641919384,0.9978331980537014,19.712852620497713,0.1512422853450111,0.19567716919796324,0.9893172805003948,0.0,0.0,0.0,0.0,False,1115.1905104452585,1.9754756307894763,1440,2023-02-27,0.0806278859674887,2.576
506,5,168,496.0207784824831,6027.960744919064,5726.562707673102,5759.350030484328,0.9943071140601486,32.787322811227185,0.08661754071388372,0.21697148569221877,0.9540189672782269,0.0,0.0,0.0,0.0,False,574.6508537540917,3.4655591399826164,1440,2023-05-26,0.09489922654173878,2.736
507,5,160,591.2936285631293,5864.398975532527,5571.17902675588,5585.786030021938,0.9973849690647745,14.607003266057939,0.10613437940576144,0.20424941363554558,0.9937923249788629,0.0,0.0,0.0,0.0,False,573.2015089082364,1.6458309784349212,1440,2023-12-11,0.058620228429165755,2.702
508,5,183,647.7729051088705,6546.030058716878,6218.728555781003,6237.6615357681485,0.9969647311130013,18.93297998714605,0.10416484644705923,0.21249728311656235,0.9671772322687081,0.0,0.0,0.0,0.0,False,607.0789512767433,2.8074680787340704,1440,2023-05-12,0.057373117782011075,2.534
509,5,284,1497.8011903202753,10288.894788553145,9774.45004912545,9802.484046001911,0.9971401129810666,28.033996876461927,0.15323636448009556,0.2160525910266314,0.9758867106953814,0.0,0.0,0.0,0.0,False,1081.9846312495042,2.0629348067997615,1440,2023-02-04,0.037605252250222314,2.668
510,5,265,758.2059549514064,9218.806820326401,8757.86647931007,8794.92464828151,0.9957864142726134,37.05816897143999,0.08657427659380536,0.21951164859116903,0.9423889630839557,3.1944444444444446,0.0,0.0,0.0,False,912.002024957536,3.7787242677058934,1440,2023-06-02,0.013166652871307805,2.653
511,5,211,742.3236887396691,7418.7814037635335,7047.842333575346,7067.317572764169,0.9972443237496675,19.47523918882224,0.10532637559204462,0.20847583237081788,0.9866527174950795,0.0,0.0,0.0,0.0,False,677.7799953365924,1.8853375550566525,1440,2023-04-30,-0.014969735703365017,2.654
512,5,259,607.1646114217122,8694.331607160413,8259.615026802356,8303.161887859584,0.9947553881707522,43.54686105722883,0.0735100376290505,0.2274033283057357,0.9351774250948347,7.916666666666667,0.0,0.0,0.0,False,785.2056431511458,4.04031768770073,1440,2023-06-03,-0.013623842496871638,2.644
513,5,285,1154.898312272508,9978.979892250594,9480.030897638137,9495.071363895146,0.9984159712254296,15.040466257011175,0.12182431942919515,0.1937536806770724,0.9601494292127213,0.0,0.0,0.0,0.0,False,1019.6804096883527,2.8898372491369195,1440,2023-09-21,-0.05555778540378292,2.688
514,5,147,710.1614256484395,5170.81785162647,4912.276959045143,4917.064267183963,0.9990263889429368,4.787308138821416,0.14456868608371015,0.18052159886838764,0.987595486745489,0.0,0.0,0.0,0.0,False,751.6309728488001,1.6388258500492692,1440,2023-01-26,-0.01476339898010634,2.651
515,5,246,1237.3511060313047,8774.965767803795,8336.2174794136,8356.383866569075,0.9975867088590613,20.16638715547413,0.14843076120398244,0.2082268829614536,0.987781688979317,0.0,0.0,0.0,0.0,False,833.494489934571,1.5410896465748636,1440,2023-10-16,0.047956610194522034,2.648
516,5,160,596.1604203623741,5682.252989832642,5398.140340340986,5404.56700361781,0.9988108828565689,6.4266632768240814,0.11043811067807775,0.19172654203481954,0.952873577954129,0.0,0.0,0.0,0.0,False,584.940798566761,3.513188047659373,1440,2023-07-11,0.03676964838140692,2.839
517,5,252,954.5388878527581,9089.652265765391,8635.169652477085,8646.872121382557,0.9986466240345415,11.702468905472394,0.11054083779106054,0.20320499444019713,0.9558586068068651,0.0,0.0,0.0,0.0,False,928.0721591865142,3.1392421079694843,1440,2023-09-07,0.06453450186776882,2.627
518,5,135,475.20666142082433,4721.7794207108755,4485.6904496753305,4503.448172148655,0.9960568609220048,17.757722473324982,0.10593835369429455,0.20330453342005092,0.9959732056832594,0.0,0.0,0.0,0.0,False,439.3496297705603,1.5948265123360343,1440,2023-04-11,0.0613335396430178,2.572
519,5,292,1269.0187450664944,10761.08888535246,10223.034441084832,10245.160203944331,0.9978403692651892,22.12576285950175,0.12413327494686897,0.20439899869481845,0.9743174421218131,0.0,0.0,0.0,0.0,False,1076.3631712983133,2.408247210484538,1440,2023-03-18,0.05838855743653609,2.629
520,5,261,699.1946071382141,9822.475385103788,9331.351615848647,9351.47538936068,0.9978480643241678,20.123773512030894,0.07492961747906714,0.1995781020967934,0.9447102330339606,3.125,0.0,0.0,0.0,False,752.459707804152,3.7621003035665272,1440,2023-07-16,0.05340479813212122,2.616
521,5,139,766.7584206701154,4881.231101498242,4637.169546423349,4638.890876945512,0.9996289348967621,1.7213305221635942,0.16535052535689934,0.18591991061264482,0.9897187363345736,0.0,0.0,0.0,0.0,False,597.2993678945792,1.6749746621413766,1440,2023-02-05,0.060044858099404755,2.435
522,5,273,512.56757099511,9592.996011600439,9113.346211020453,9133.28368296752,0.9978170532484119,19.93747194706717,0.05624361887791335,0.1903511478938623,0.9915630901392903,0.0,0.0,0.0,0.0,False,968.4267826625111,1.3697745448568635,1440,2023-01-10,0.09610893180772624,2.659
523,5,277,961.3306819707807,9844.604897330408,9352.374652463868,9374.353171640356,0.997655462859776,21.978519176487076,0.1027900097776258,0.20187942984208038,0.9472850823751368,0.8333333333333334,0.0,0.0,0.0,False,977.0005316467335,3.6330137447000506,1440,2023-08-09,0.1156939113610119,2.658
524,5,149,432.43026465503914,5189.401766890206,4929.931678545692,4943.018650361413,0.9973524332515387,13.086971815721748,0.08771526521085667,0.2009813316548718,0.9739800276160655,0.0,0.0,0.0,0.0,False,643.8772797690292,2.3029788235513466,1440,2023-08-12,0.10590570322545659,2.652
525,5,172,632.7823312079887,6216.873546313633,5906.0298689979345,5916.4326129193105,0.9982417202050674,10.402743921375992,0.10714174246385105,0.20848996406609466,0.9464355930754046,2.0833333333333335,0.0,0.0,0.0,False,688.6957377174457,3.621708402475496,1440,2023-05-17,0.10000188614612761,2.489
526,5,147,597.3205201929718,5399.245811793099,5129.2835212033915,5141.688764224232,0.9975873212888428,12.405243020840185,0.11645301292544523,0.21171387397961616,0.9873028128721036,0.0,0.0,0.0,0.0,False,499.9214242416262,1.8335045678098274,1440,2023-04-25,0.07833534297466943,2.468
527,5,268,879.5637847905773,9512.027959822994,9036.426561831802,9057.525568976347,0.9976705550556972,21.099007144545112,0.09733535471927503,0.21044739460378334,0.9864517921295394,0.0,0.0,0.0,0.0,False,862.867361562048,1.6352147420144982,1440,2023-11-14,0.053323812928774764,2.626
528,5,139,849.5292784193643,5387.856746020726,5118.463908719714,5131.187738863377,0.9975202953407273,12.723830143663584,0.16597348219494584,0.2039808348960293,0.9953605337584043,0.0,0.0,0.0,0.0,False,577.9410437117641,1.3293143364595492,1440,2023-01-20,0.03557847378870206,2.479
529,5,160,443.43949186964437,6091.379605372205,5786.810625103576,5802.167668225811,0.9973532231399768,15.35704312223488,0.07662934224008884,0.20569653818195854,0.9866276618398819,0.0,0.0,0.0,0.0,False,514.1447341807645,1.9940078156205359,1440,2023-04-01,0.03540959208890132,2.522
530,5,130,669.412846833569,4515.290534487774,4289.52600776339,4297.8361575603285,0.9980664340164945,8.31014979693881,0.15605753307522405,0.19773853963975682,0.9975032386305809,0.0,0.0,0.0,0.0,False,483.2466810826525,1.4567402866963906,1440,2023-02-08,0.03121511259091849,2.61
531,5,204,719.3046824511767,7192.102188676645,6832.497079242813,6839.741364781668,0.9989408538784585,7.244285538855975,0.10527698352574943,0.2032485858637787,0.9568044428525406,0.0,0.0,0.0,0.0,False,790.8257335513206,3.2143160921784064,1440,2023-07-05,0.045480198803388154,2.503
532,5,132,502.0144480102604,5126.769826381647,4870.431335062556,4880.680852570875,0.997899982027524,10.249517508317663,0.10307391963340605,0.20043014676057563,0.9929134839477775,0.0,0.0,0.0,0.0,False,524.9994449738299,1.5879712012630562,1440,2023-02-17,0.04460773678732684,2.424
533,5,145,759.2839837800707,4998.540829453195,4748.61378798053,4759.965863258919,0.9976150931320721,11.35207527838802,0.15989592282740173,0.2004587413622281,0.9805539820738535,0.0,0.0,0.0,0.0,False,512.3427740899233,2.2361651685775445,1440,2023-09-11,0.05008882586349574,2.493
534,5,183,974.6552856976874,6528.1550092224015,6201.747258761288,6215.3594245657005,0.9978099149422298,13.612165804412447,0.15715817575777202,0.19295249927133817,0.9918721562351634,0.0,0.0,0.0,0.0,False,549.6396817874856,1.717112964026188,1440,2023-02-28,0.05438785193268403,2.521
535,5,265,182.00169642597507,9488.651478008418,9014.21890410799,9088.17346281634,0.9918625498279792,73.95455870834812,0.02019051216329267,0.21766810601127654,0.9527521762937246,0.0,0.0,0.0,0.0,False,926.4808545860947,3.399512950759816,1440,2023-07-15,0.07469318042442559,2.512
536,5,244,15.788925252184715,8422.655109563972,8001.522354085753,8020.370203971695,0.9976500025052948,18.847849885942473,0.001973240160245574,0.2025209795678816,0.9905353569645982,0.0,0.0,0.0,0.0,False,769.6932440099266,1.6903077749268878,1440,2023-12-24,0.03567970308939061,2.584
537,5,172,166.09431289003206,6252.538452072836,5939.911529469159,5962.656429220891,0.9961854418375898,22.744899751732266,0.027962422010160082,0.1980870156317977,0.9819973789476538,0.0,0.0,0.0,0.0,False,598.1409863732084,2.2028919511497143,1440,2023-10-28,0.037666550418437424,2.609
538,5,219,1037.109424061895,7874.710449312534,7480.974926846903,7506.754391675746,0.9965658307860146,25.77946482884228,0.13863292340949177,0.2025382233605596,0.9885249906929834,0.0,0.0,0.0,0.0,False,679.8084234147248,1.7108860938975723,1440,2023-02-25,0.04910639815946955,2.601
539,5,205,640.1513928318107,7119.870245390168,6763.876733120659,6778.595500516212,0.9978286405503275,14.718767395552373,0.09464267580412618,0.2055635178625637,0.9992498194929484,0.0,0.0,0.0,0.0,False,687.0330396676933,1.4022527723677376,1440,2023-01-08,0.048338708180991105,2.769
540,5,184,584.6483843206325,6136.49449454897,5829.669769821533,5836.7754328784085,0.998782604686682,7.1056630568763115,0.10028842239867229,0.19888092098239324,0.9745879391757535,0.0,0.0,0.0,0.0,False,643.1750077965795,2.278489635456257,1440,2023-11-07,0.04079073240067117,2.61
541,5,263,73.53053787483158,9262.079721912569,8798.975735816868,8818.344384278746,0.9978035958205026,19.368648461877704,0.008356715609013467,0.20247623659912364,0.9940771112965967,0.0,0.0,0.0,0.0,False,866.545382408224,1.53927938953476,1440,2023-12-25,0.04951001886367054,2.609
542,5,257,1146.1096633624845,9309.042961502919,8843.590813427814,8867.34592854592,0.9973210569081745,23.75511511810555,0.12959777171307718,0.2017056842412395,0.9898122176225576,0.0,0.0,0.0,0.0,False,919.875734736934,1.6613872985750477,1440,2023-04-08,0.048451941847306966,2.565
543,5,187,8.97820252694327,7020.630737771364,6669.599200882747,6691.444902026085,0.9967352789325481,21.845701143338278,0.0013461382395744217,0.2209473910897723,0.9909876557719719,0.0,0.0,0.0,0.0,False,644.1049014035235,1.639225259619028,1440,2023-12-24,0.049215411209499266,2.547
544,5,204,782.4714252133498,7056.400337880911,6703.580320986853,6715.478521759708,0.9982282423010806,11.898200772855644,0.11672440513074363,0.1943761426979982,0.9384002058502174,5.972222222222222,0.0,0.0,0.0,False,784.8100086459449,4.1299786494123385,1440,2023-09-01,0.006447062077992331,2.606
545,5,280,946.5292404811172,10524.19972376782,9997.989737579426,10009.75291452288,0.9988248284404316,11.763176943453601,0.09467195559557331,0.19913138605839217,0.9363254439619308,7.569444444444445,0.0,0.0,0.0,False,1129.84942978174,4.026890341825285,1440,2023-06-05,0.030970322099789907,2.619
546,5,165,622.0909981602791,5831.132365089457,5539.575746834971,5546.095717012862,0.9988244035965894,6.519970177891484,0.11229939377861381,0.2055582700613949,0.9576797788602095,0.0,0.0,0.0,0.0,False,579.6058912996095,3.254616664320884,1440,2023-07-08,0.04017082542144158,2.515
547,5,212,626.7013965981364,7572.251968794336,7193.639370354624,7206.898646059042,0.9981601967287733,13.259275704418473,0.08711882321774521,0.1974400507113301,0.9518587172909966,0.0,0.0,0.0,0.0,False,745.5648164945374,3.5207673428321207,1440,2023-05-31,0.03311416976908717,2.568
548,5,297,1288.8175896439632,11126.698389251684,10570.363469789108,10592.826717745384,0.9978793905956524,22.463247956276096,0.12192746193898635,0.20244255383569237,0.9784763838749163,0.0,0.0,0.0,0.0,False,1087.5561030247336,2.279823856773034,1440,2023-04-17,0.04545692528177969,2.596
549,5,290,900.153478337846,10091.321115260856,9586.755059497842,9602.523658690425,0.9983578692692611,15.768599192580647,0.09389553323843827,0.19250812780666496,0.9828375114243664,0.0,0.0,0.0,0.0,False,1184.8047524380495,1.7689507311431438,1440,2023-02-19,0.04420349512655211,2.525
550,5,216,517.0469145885195,7645.178951134997,7262.920003578209,7273.010529081515,0.9986126067791379,10.090525503306429,0.07118995036896826,0.18552914328455164,0.9912125629995007,0.0,0.0,0.0,0.0,False,793.2778527567693,1.5872827042687878,1440,2023-01-04,0.06543108187589712,2.729
551,5,259,988.2594643196447,9228.020821555567,8766.61978047773,8783.33302616354,0.998097163612489,16.713245685810747,0.11272981936782371,0.20023161646053814,0.957840209428597,0.0,0.0,0.0,0.0,False,986.9537744334873,3.147871246672672,1440,2023-09-07,0.09849046005979484,2.668
552,5,210,867.7543743192067,8012.152031237031,7611.5444296751275,7617.950538284787,0.9991590771589465,6.40610860965934,0.11400503305690404,0.20200105617302339,0.9402548934345223,2.2222222222222223,0.0,0.0,0.0,False,863.8518631335719,3.8891224214963422,1440,2023-06-26,0.09258094079671582,2.561
553,5,299,1150.2559196557665,10742.68746771735,10205.553094331488,10228.56349548535,0.9977503780306962,23.010401153861658,0.11270882714770823,0.19840590939383332,0.9839124245122121,0.0,0.0,0.0,0.0,False,1274.6084463701861,1.702861337401425,1440,2023-11-17,0.08386050521013387,2.609
554,5,214,1127.2462638442096,7943.650807563313,7546.468267185143,7563.480460876852,0.9977507453374532,17.012193691707665,0.1493740149608654,0.2061599062187443,0.9938637236109336,0.0,0.0,0.0,0.0,False,871.7769825009375,1.4633808684378002,1440,2023-03-02,0.08487318418539481,2.674
555,5,248,483.37262309551755,8886.073214227486,8441.769553516082,8476.68823630983,0.9958806220282852,34.91868279374861,0.05725963259612885,0.2180558528462347,0.941687295646177,4.305555555555555,0.0,0.0,0.0,False,777.9600238996197,3.89329153737396,1440,2023-07-14,0.06831653903986218,2.579
556,5,130,247.76698412324146,4864.830460260354,4621.588937247383,4627.45788691035,0.9987317119233936,5.868949662966992,0.05361077921196761,0.18934588993364282,0.9603608319669297,0.0,0.0,0.0,0.0,False,438.1639567776383,3.2563908336906873,1440,2023-07-30,0.027997347700645492,2.567
557,5,176,573.3859503171038,6430.86158566778,6109.318506384362,6115.518247601578,0.9989862279914467,6.199741217215322,0.0938543226577406,0.20058910388567305,0.9462349712953982,1.4583333333333333,0.0,0.0,0.0,False,674.8719771383674,3.6979757449281117,1440,2023-06-05,0.05943661854029213,2.607
558,5,176,413.05134879513565,6255.3407920620775,5942.573752458963,5946.087582289059,0.999409051787168,3.5138298300964923,0.06950714723973264,0.20138082070097313,0.9949422281691088,0.0,0.0,0.0,0.0,False,672.802623231243,1.6075695509593761,1440,2023-12-19,0.05982350932325925,2.565
559,5,215,815.821707876415,7632.744933673192,7251.107686989482,7259.9673314953525,0.998779657799914,8.859644505869493,0.11250994235545937,0.20109767015907176,0.9604398467506609,0.0,0.0,0.0,0.0,False,789.4793053866215,3.1495295125168923,1440,2023-10-01,0.05832220392092413,2.561
560,5,122,442.3418391265423,4518.2885538261135,4292.374126134823,4301.37068249344,0.9979084443023634,8.996556358616623,0.10305295534079184,0.205140368647118,0.9963242287942616,0.0,0.0,0.0,0.0,False,455.1600794127341,1.408461456512656,1440,2023-11-11,0.05768920728328546,2.574
561,5,290,1464.0834118193563,10031.91756251649,9530.321684390645,9561.63718011829,0.9967248814049585,31.31549572764272,0.15362371390016388,0.19820953526871338,0.9816614800029714,0.0,0.0,0.0,0.0,False,1052.2502777312354,2.12068839691228,1440,2023-02-11,0.04803185486711692,2.653
562,5,242,938.4695043940601,8560.022459760825,8132.021336772812,8138.684219394727,0.9991813317187025,6.662882621914642,0.11540421077725445,0.19395924426485386,0.9931102808835589,0.0,0.0,0.0,0.0,False,893.4847440688274,1.4984834387026071,1440,2023-01-31,0.05564332960323657,2.597
563,5,287,1270.0485142856808,10342.372972818572,9825.254324177664,9840.246243980851,0.9984764690403598,14.991919803187695,0.12926367831114427,0.19568991686097284,0.9890547661373036,0.0,0.0,0.0,0.0,False,1053.263079853337,1.691044846951999,1440,2023-04-07,0.07138518738738052,2.513
564,5,203,451.00264503081024,7678.7030716669915,7294.767918083638,7302.987020645574,0.9988745560496409,8.21910256193618,0.06182549603980963,0.18720420851842773,0.991276035219883,0.0,0.0,0.0,0.0,False,920.0026848439751,1.5411990723783175,1440,2023-01-11,0.0803866980601853,2.492
565,5,165,669.6724242714896,5612.294679344852,5331.679945377611,5336.81479437274,0.9990378438838569,5.134848995128339,0.12560251761774885,0.19976533100218113,0.9931110547802006,0.0,0.0,0.0,0.0,False,717.7963685985408,1.6390688873294355,1440,2023-02-15,0.10689625452610696,2.569
566,5,127,543.8874898174931,4662.70195881734,4429.5668608764945,4436.930386855984,0.9983404008317771,7.363525979489806,0.12278570499100044,0.199481931711001,0.9879880943564849,0.0,0.0,0.0,0.0,False,429.59589761669463,1.9687201988802476,1440,2023-04-17,0.10048116368447775,2.611
567,5,166,554.727626368226,6292.8954232525,5978.250652089877,5995.292361241427,0.9971574848856877,17.04170915155021,0.0927909615456328,0.1883430237536071,0.9946597371064018,0.0,0.0,0.0,0.0,False,634.6431046701822,1.4683048968487,1440,2023-01-13,0.09599847286622061,2.556
568,5,129,300.6001186852762,4575.32629377567,4346.559979086889,4352.475969047045,0.9986407759624114,5.91598996015544,0.06915816648834679,0.18951902558152084,0.9857291143319368,0.0,0.0,0.0,0.0,False,579.3118532678675,1.9688584570581893,1440,2023-01-01,0.11750076653020117,2.633
569,5,165,682.7070357480019,5993.639673826766,5693.957690135425,5715.01743779703,0.9963150160273662,21.059747661603346,0.11990026496522217,0.19150319421866346,0.9622819973392002,0.0,0.0,0.0,0.0,False,596.15501740994,3.0484916936215436,1440,2023-06-17,0.13263944616089932,2.838
570,5,138,551.5218320498877,4923.287643495027,4677.12326132027,4684.333671924131,0.9984607393262618,7.210410603861352,0.11791902869247939,0.19754065842116292,0.9653730696059927,0.0,0.0,0.0,0.0,False,473.6050587409418,2.9180553210045557,1440,2023-05-14,0.14081005915281092,2.568
571,5,233,544.5528124084942,8418.976229730459,7998.027418243928,8031.9133407944455,0.9957810896217705,33.88592255051769,0.06808588967403889,0.21642695654301344,0.9354532126632495,8.88888888888889,0.0,0.0,0.0,False,862.5934888539769,4.062026117167778,1440,2023-07-29,0.13418709537978324,2.519
572,5,294,1230.9037620714093,10432.63056301325,9910.999034862587,9942.282291728192,0.9968535135145346,31.28325686560658,0.1241957301924483,0.19857281152879494,0.9374019179876648,15.833333333333334,0.0,0.0,0.0,False,949.4620654382825,4.134925172545007,1440,2023-07-18,0.08651752066613927,2.529
573,5,155,221.13275977074952,5744.439603008469,5457.217622858063,5471.331372375396,0.9974204177088243,14.11374951733306,0.040521154744592634,0.19375320828702566,0.9935039393365864,0.0,0.0,0.0,0.0,False,594.336211902171,1.6400689031345304,1440,2023-12-09,0.08773233935006505,2.658
574,5,192,780.6470552524816,6884.502199514512,6540.277089538789,6543.5524830225595,0.9994994472051277,3.275393483770451,0.11935993606465557,0.1876660652470861,0.9912638730661787,0.0,0.0,0.0,0.0,False,798.1709134252226,1.4891180515952258,1440,2023-01-15,0.0996196610147468,2.542
575,5,247,899.1769456556576,9010.743689292265,8560.206504827645,8570.182392068826,0.9988359772540649,9.975887241182294,0.10504150164468047,0.18659344431529395,0.9873469670939736,0.0,0.0,0.0,0.0,False,924.203594638341,1.6684780556995895,1440,2023-12-03,0.12313792977200495,2.522
576,5,150,445.9744177356618,5094.059932008976,4839.3569354084975,4844.8299287492355,0.9988703435577251,5.472993340737962,0.09215571897013139,0.19882769271926787,0.9571229182945943,0.0,0.0,0.0,0.0,False,502.11135669418445,3.322928266723561,1440,2023-08-01,0.14498263861198948,2.575
577,5,177,1025.9586021084406,6049.313394140188,5746.847724433124,5757.812330102299,0.9980956993662592,10.964605669174011,0.17852545452814175,0.18492618466961086,0.9891951044669365,0.0,0.0,0.0,0.0,False,710.9619108367507,1.520758017818408,1440,2023-01-24,0.1356016745592711,2.673
578,5,171,326.0814352889633,5748.437787755884,5461.015898368064,5464.762009041418,0.999314497014297,3.746110673355004,0.0597107646924096,0.19799858214733473,0.997370926216868,0.0,0.0,0.0,0.0,False,595.521833149714,1.4704638802203165,1440,2023-12-16,0.1594339117928613,2.62
579,5,271,504.25227579612033,9703.46149653623,9218.288421709445,9276.668304916595,0.9937068049338135,58.379883207149135,0.05470129081756497,0.21247244471334334,0.9526421137898043,0.0,0.0,0.0,0.0,False,905.528951919481,3.4228190915583516,1440,2023-07-22,0.14984049802137417,2.671
580,5,222,1126.248345685227,8334.799669999302,7918.059686499316,7947.711903208733,0.996269087622886,29.65221670941809,0.14223792068725324,0.183029942932698,0.993601882178454,0.0,0.0,0.0,0.0,False,861.6668862787706,1.4515752712396366,1440,2023-03-01,0.10969964712329837,2.671
581,5,164,712.4336879909924,6041.114316582017,5739.058600752913,5745.234783375818,0.9989249903866808,6.176182622905007,0.1241377266817815,0.18443185341494725,0.9974907885239273,0.0,0.0,0.0,0.0,False,606.5307396600858,1.5497104176981977,1440,2023-01-18,0.1432089731756226,2.559
582,5,255,1246.0284715970508,9311.619507800831,8846.038532410832,8857.526666049116,0.9987030088566012,11.488133638284928,0.1408572285811045,0.19358404986700942,0.991705930457906,0.0,0.0,0.0,0.0,False,1000.8917485224301,1.5758353995281515,1440,2023-03-01,0.16771063828578622,2.617
583,5,287,1379.0946534164075,10774.209584193692,10235.49910498401,10260.019484068056,0.9976101040429678,24.520379084046898,0.13473643437132243,0.1859457276840353,0.9763578556129692,0.0,0.0,0.0,0.0,False,1125.4918133989413,2.2969221856221704,1440,2023-06-19,0.16749793568602994,2.612
584,5,177,558.0319259453754,6141.965846351213,5834.867554033661,5846.124474987249,0.9980744643734919,11.256920953588125,0.0956374623378737,0.1988453992155544,0.997282452738515,0.0,0.0,0.0,0.0,False,638.0857093412967,1.4948383356358281,1440,2023-12-13,0.18483479602456615,2.513
585,5,179,726.5532481412658,6202.49811394203,5892.373208244895,5917.704135104515,0.9957194671647481,25.3309268596201,0.12330401053426779,0.20361647004288916,0.9385650260113813,6.25,0.0,0.0,0.0,False,506.6926873496551,3.954676067245298,1440,2023-08-28,0.1703827369652754,2.709
586,5,165,671.0356005305974,5870.333009940455,5576.816359443399,5588.863603863825,0.9978444196755675,12.047244420426264,0.12032592742529735,0.18317308694392107,0.9978801556648865,0.0,0.0,0.0,0.0,False,605.2097503441862,1.3499714248471504,1440,2023-10-24,0.14814391039556185,2.5
587,5,126,12.105818989719785,4556.413442680587,4328.59277054654,4347.330147247452,0.9956899117236873,18.73737670091144,0.0027967100698620974,0.20679454562990118,1.0006092926205734,0.0,0.0,0.0,0.0,False,383.8410560818853,1.3338025190041847,1440,2023-12-24,0.1761696376103248,2.495
588,5,162,319.3520109646491,6098.095957214624,5793.191159353861,5818.663457749319,0.99562231110625,25.47229839545794,0.05512540535608146,0.1986517798617322,0.9941132062379053,0.0,0.0,0.0,0.0,False,611.0539834342219,1.4519043207110989,1440,2023-12-16,0.14628328299148385,2.504
589,5,149,220.70896245871003,5291.047977834334,5026.495578942657,5044.9849783639465,0.9963350932657711,18.489399421290056,0.04390911301768956,0.19208222558152258,0.9970390464634055,0.0,0.0,0.0,0.0,False,637.6787212973023,1.3074693872817358,1440,2023-01-14,0.14035569499329625,2.494
590,5,141,560.5330430286687,5001.562662529938,4751.484529403422,4762.984744598187,0.997585502408378,11.500215194765534,0.11797008694018561,0.1845812321690118,0.9453273109135661,0.7638888888888888,0.0,0.0,0.0,False,486.2352940707219,3.8117276194836016,1440,2023-07-18,0.15046253273213123,2.473
591,5,267,928.3184900472614,9447.044925479031,8974.692679205107,9004.557789997245,0.9966833339861161,29.86511079213785,0.10343735693571215,0.19168396131376192,0.9837753305196736,0.0,0.0,0.0,0.0,False,931.1926648290914,2.052941837193381,1440,2023-10-08,0.1758211268222723,2.576
592,5,160,603.0226813171398,5435.805282412301,5164.0150182916595,5182.100355715916,0.9965100372083092,18.08533742425694,0.1167739983677719,0.19443839833528237,0.997685766675075,0.0,0.0,0.0,0.0,False,550.8565222145901,1.4654702331560325,1440,2023-02-18,0.1808977999102468,2.483
593,5,150,69.69343512022343,5358.6741954584895,5090.740485685554,5106.556177781145,0.9969028653470207,15.815692095590933,0.013690235303919256,0.20206488700877587,1.0021728302150479,0.0,0.0,0.0,0.0,False,670.0108704335087,1.2456556282623947,1440,2023-12-23,0.17917745701651727,2.548
594,5,166,607.0522316227932,6217.567571812737,5906.689193222064,5920.16897028395,0.9977230756200461,13.479777061886063,0.10277368789259923,0.19565148122904968,0.9917419374900096,0.0,0.0,0.0,0.0,False,575.4905464351177,1.7766636886510714,1440,2023-12-11,0.16091966326940918,2.553
595,5,165,624.666257016597,5781.646189392784,5492.56387992314,5504.81445085943,0.9977745715054253,12.2505709362886,0.1137294477902983,0.18832774847909975,0.9984242096001971,0.0,0.0,0.0,0.0,False,608.1466986776587,1.310492016148166,1440,2023-04-15,0.1606403469256678,2.554
596,5,232,808.1225032972475,8319.810901769737,7903.820356681272,7911.342625514118,0.9990491792368357,7.522268832845369,0.10224454337630838,0.1987883718216197,0.988004463301179,0.0,0.0,0.0,0.0,False,813.4624401737424,1.933178835991702,1440,2023-12-11,0.17711271847660962,2.666
597,5,300,1640.2935743147914,10486.62149875211,9962.29042381446,9982.700802623713,0.997955425168719,20.410378809252776,0.1646502465330397,0.19416900548164687,0.9834086877045626,0.0,0.0,0.0,0.0,False,1262.0855193092762,1.7749456970476412,1440,2023-01-19,0.16733782577273815,2.784
598,5,295,1189.2999345470114,10624.974458001885,10093.72573510181,10119.061829737886,0.9974962012227638,25.33609463607705,0.11782566375972722,0.183788390657425,0.9888756891330956,0.0,0.0,0.0,0.0,False,1039.997524858774,1.788129936642261,1440,2023-04-26,0.1699720672834989,2.609
599,5,195,775.8243036059243,7345.400284415488,6978.130270194713,6991.133439822458,0.9981400484285313,13.0031696277444,0.11117939527722176,0.1979869916983188,0.941891440821087,6.111111111111111,0.0,0.0,0.0,False,675.1005074365205,4.011578729717104,1440,2023-08-26,0.19572739357252433,2.66
