episode,stage,n_ev,cost_eur,energy_drawn_kwh,energy_delivered_kwh,energy_requested_kwh,service_quality,unmet_kwh,cost_per_kwh,retail_price_paid,min_voltage_pu,violation_rate_pct,q_activation_pct,q_kvarh,curtailed_kwh,q_exhausted_any,peak_ev_kw,peak_feeder_mw,pf_solves,day,w_retail,wall_s
0,0,60,243.70284853974186,2243.7943664381064,2131.6046481162043,2132.1436021879185,0.9997472243093002,0.5389540717144454,0.11432835294064175,0.20277781045932505,0.9733990330553732,0.0,0.0,0.0,0.0,False,265.7920511364937,2.6319511049665496,1440,2023-10-05,0.0,0.315
1,0,60,236.8659461998933,2028.8722521135828,1927.4286395078975,1930.5687369686639,0.9983734858020663,3.1400974607662993,0.12289220018042736,0.20393674608470275,0.9660385585412586,0.0,0.0,0.0,0.0,False,238.24307501726827,2.9876329910383834,1440,2023-09-06,-0.006250073533481344,0.312
2,0,60,253.8934187086933,2041.7082573856853,1939.6228445164018,1940.5458196274674,0.9995243734511546,0.9229751110653472,0.13089834419432997,0.2038199563782538,0.9657027123054197,0.0,0.0,0.0,0.0,False,267.18505362685505,2.979115931347218,1440,2023-06-29,-0.013996628040332484,0.305
3,0,60,274.58716495375296,2285.8452139266083,2171.552953230287,2174.0394456362487,0.9988562799948489,2.4864924059617675,0.12644737239554377,0.2021661694790932,0.9679137541838634,0.0,0.0,0.0,0.0,False,271.20308402412354,2.8084195927768283,1440,2023-06-17,-0.020127932110538434,0.321
4,0,60,244.66905908159953,2208.4069388617636,2097.9865919186773,2099.5538083798997,0.9992535478467057,1.5672164612222437,0.11662088786651476,0.20064981705288226,0.9948557783532181,0.0,0.0,0.0,0.0,False,253.1652581691742,1.5673686975158188,1440,2023-04-25,-0.021502952662504474,0.321
5,0,60,240.2711979582642,2046.5309485216392,1944.2044010955544,1948.734733939736,0.9976752439594369,4.530332844181727,0.1235833011296919,0.20278459989038855,0.9974851790403866,0.0,0.0,0.0,0.0,False,257.1628840535209,1.4895367054970423,1440,2023-03-27,-0.01929948461905738,0.31
6,0,60,332.2727458387019,2335.6980478223613,2218.913145431258,2224.182466547462,0.9976308953085204,5.269321116203768,0.14974571966588754,0.20275546871510008,1.0045964312213396,0.0,0.0,0.0,0.0,False,239.4138052002687,1.1754183191553047,1440,2023-04-05,-0.02237246242133297,0.316
7,0,60,263.94994083679353,2149.6581421604283,2042.1752350524027,2043.360755662356,0.999419818254477,1.1855206099529578,0.12924940833004495,0.2022269723525341,0.9581771000426769,0.0,0.0,0.0,0.0,False,243.25028443930245,3.3105774072068197,1440,2023-06-22,-0.02490452951327382,0.322
8,0,60,105.48877584486854,2296.271306922866,2181.457741576724,2184.695607576476,0.9985179326636977,3.2378659997525254,0.04835701092638305,0.2007590852106021,1.0052711851210558,0.0,0.0,0.0,0.0,False,236.55224540594378,1.1642722200968105,1440,2023-04-10,-0.025878839806808017,0.31
9,0,60,331.41492344798485,2099.8237836240423,1994.8325944428389,1997.5175868352887,0.998655835417848,2.6849923924499866,0.1661367096022159,0.20582565260343932,1.0067180343227387,0.0,0.0,0.0,0.0,False,240.07062863568285,1.1088422571787024,1440,2023-01-27,-0.02346689058991509,0.307
10,0,60,263.54947746325286,2356.6772306441953,2238.843369112004,2243.798295539151,0.9977917237761533,4.954926427146688,0.11771680015640616,0.20381775172849328,0.9989241165123057,0.0,0.0,0.0,0.0,False,243.93170911457696,1.407465376224355,1440,2023-12-02,-0.032975062110814614,0.305
11,0,60,243.177238902455,2220.8223417619993,2109.7812246738995,2114.4716346695895,0.9977817579016978,4.690409995689674,0.11526182717833312,0.20155565290148833,0.9548051030837027,0.0,0.0,0.0,0.0,False,252.8229029097916,3.4231471500324133,1440,2023-06-26,-0.03635510498907761,0.308
12,0,60,268.90116763933486,2191.49421641549,2081.919505594714,2084.8852512924377,0.9985775017133987,2.9657456977237455,0.1291602134072525,0.20208131005739197,0.9715604802704113,0.0,0.0,0.0,0.0,False,241.58494171500206,2.6908828581702764,1440,2023-09-08,-0.034160304517351525,0.3
13,0,60,179.6851708748261,2073.1582579097776,1969.5003450142963,1973.6321747827199,0.997906484388927,4.13182976842349,0.09123388646754556,0.20312255481788888,0.9708119754678568,0.0,0.0,0.0,0.0,False,239.8943817615509,2.714777972039555,1440,2023-06-09,-0.03366497538582826,0.317
14,0,60,387.476580680375,2268.349591061298,2154.9321115082225,2157.018784139889,0.9990326126749525,2.086672631666266,0.1798091822062936,0.20588528813012089,0.9519492833246636,0.0,0.0,0.0,0.0,False,270.28601230047894,3.6167024968546984,1440,2023-08-23,-0.03571557829459729,0.313
15,0,60,274.23212845928384,1955.2238205154533,1857.462629489684,1861.5702966041813,0.997793439698737,4.107667114497329,0.14763803271489015,0.20707886201295414,1.0015233944038997,0.0,0.0,0.0,0.0,False,231.5398736000061,1.2787543575668527,1440,2023-01-28,-0.04372833831502898,0.295
16,0,60,208.5607773179254,2283.0732980878233,2168.9196331834155,2175.129002283076,0.9971452869723392,6.209369099659847,0.09615883139561603,0.19985711534442885,0.9583610170990448,0.0,0.0,0.0,0.0,False,265.8147660046816,3.3046016049870186,1440,2023-05-16,-0.05311835197425519,0.323
17,0,60,254.1685736279913,2209.029709385044,2098.578223915791,2105.899289765339,0.9965235441765292,7.321065849547517,0.12111465311678095,0.20285534363981336,0.9976609810271161,0.0,0.0,0.0,0.0,False,277.83696361591944,1.3926278482722199,1440,2023-04-15,-0.04473537599810196,0.323
18,0,60,260.5005957303648,1840.0789420070453,1748.0749949066944,1753.8535608597717,0.996705217538091,5.778565953077027,0.1490214072561969,0.20585987344966644,0.990929615697447,0.0,0.0,0.0,0.0,False,236.8300337355102,1.7420125250279406,1440,2023-01-02,-0.044767864649015984,0.315
19,1,60,310.1749894117841,2139.709589483693,2032.7241100095123,2035.4647949131424,0.9986535336251064,2.740684903630295,0.15259079571321296,0.2067534392418046,1.0029695298090522,0.0,0.0,0.0,0.0,False,268.1870052407398,1.1826500316165958,1440,2023-01-21,-0.0516968148239073,0.304
20,1,120,321.1880431928688,4198.617489876833,3988.6866153829756,3994.747774576146,0.9984827179248348,6.061159193170161,0.08052476270112531,0.20325091341978083,0.9969645027876071,0.0,0.0,0.0,0.0,False,517.2194563263529,1.4013516171935245,1440,2023-12-18,-0.0595434916686145,0.314
21,1,120,608.2433493486337,4255.610320205254,4042.829804194971,4054.583305643858,0.9971011814130132,11.753501448886432,0.15044990237221975,0.20479158146332846,0.9936720661686245,0.0,0.0,0.0,0.0,False,588.4960265936406,1.437045610236447,1440,2023-01-15,-0.058277822006917016,0.315
22,1,120,558.0520184793397,4299.21132854597,4084.2507621186496,4091.6824692853384,0.9981837038376082,7.431707166688454,0.13663510175605814,0.2042556304140622,0.9789750861251127,0.0,0.0,0.0,0.0,False,513.2018754376128,2.3141230621359257,1440,2023-06-20,-0.060894335046530246,0.322
23,1,120,294.05705553500223,4349.435941865027,4131.964144771726,4139.232567592127,0.9982440168070503,7.268422820401408,0.0711664102669138,0.20281261629005962,0.9512277421764099,0.0,0.0,0.0,0.0,False,508.1696378374262,3.5654745972178863,1440,2023-07-14,-0.06202123469053817,0.328
24,1,120,495.8630020250541,4234.629503799927,4022.8980286099313,4028.348269522436,0.9986470283729587,5.450240912504746,0.1232601469136403,0.2030415336298104,1.0005772034749223,0.0,0.0,0.0,0.0,False,573.5609039664268,1.2934253498373063,1440,2023-01-31,-0.05988875414744181,0.318
25,1,120,26.278974582952156,3914.3658136085664,3718.647522928131,3725.1072471380985,0.9982658957765765,6.45972420996732,0.007066809752987724,0.198288792062156,0.9950603530354154,0.0,0.0,0.0,0.0,False,511.83386656230454,1.5295475722454555,1440,2023-12-24,-0.05883846454190695,0.324
26,1,120,318.89170632769464,4090.8384703213096,3886.2965468052453,3893.453470443246,0.9981618057869879,7.156923638000199,0.08205542281374323,0.20281264001228577,0.9856977956626513,0.0,0.0,0.0,0.0,False,517.2205568407824,2.0196518048066996,1440,2023-04-01,-0.04745664101174718,0.329
27,1,120,199.98286127572277,4001.5521493009105,3801.474541835857,3806.083475423784,0.9987890613493668,4.608933587926881,0.05260665541091444,0.20087434517604005,0.9582011026613757,0.0,0.0,0.0,0.0,False,514.444883010465,3.24396969340722,1440,2023-07-15,-0.048444279678519164,0.335
28,1,120,431.9634213727226,4188.523486166564,3979.097311858258,3983.1313489245213,0.9989872196739501,4.034037066262935,0.10855814460365475,0.1964207460808376,0.963966155701644,0.0,0.0,0.0,0.0,False,551.151900947094,2.7852262043179565,1440,2023-05-09,-0.045013859230998175,0.33
29,1,120,439.59976232329853,4458.091857381933,4235.187264512814,4238.339020226537,0.9992563700783061,3.1517557137232526,0.10379700704305621,0.19701487002126172,0.9822921743025431,0.0,0.0,0.0,0.0,False,547.6674454011371,2.06260578591786,1440,2023-03-26,-0.03229264216757785,0.325
30,1,120,481.3517336401664,4599.799962024231,4369.809963923033,4378.368047816644,0.9980453712889946,8.558083893610565,0.11015392834338016,0.1987778059537626,0.9924460068047155,0.0,0.0,0.0,0.0,False,574.8477562383381,1.6273824700371253,1440,2023-11-15,-0.02327348468683776,0.327
31,1,120,446.4033102210048,4130.907823639276,3924.362432457339,3932.930659713862,0.9978214141062058,8.568227256522768,0.113751805013962,0.1994672409048283,0.944495652711097,1.8055555555555556,0.0,0.0,0.0,False,502.02063554544793,3.7053883094021947,1440,2023-08-27,-0.019875508051435745,0.327
32,1,120,600.445571123536,4085.2182392644813,3880.9573273012575,3885.9863565679925,0.9987058551406813,5.029029266735461,0.15471583954288778,0.19978501239953356,0.9952378176366281,0.0,0.0,0.0,0.0,False,531.6657612614438,1.4429581261438589,1440,2023-01-21,-0.018647245680700118,0.313
33,1,120,627.2077696531237,4216.20489624238,4005.3946514302734,4017.0472396472737,0.9970992155377233,11.652588217000213,0.15659075427914604,0.20021301845273082,0.9662293299599394,0.0,0.0,0.0,0.0,False,519.197826385498,2.9294010997064888,1440,2023-09-25,-0.01835298369243983,0.319
34,1,120,174.61181853854652,4218.461990233594,4007.538890721903,4015.9343632337127,0.9979094597290555,8.395472511809258,0.04357083569239988,0.19944518923542473,0.9907322168442765,0.0,0.0,0.0,0.0,False,569.0806801743611,1.8446041937501327,1440,2023-12-30,-0.019069838341502113,0.313
35,1,120,406.8536632237784,3898.6815332475244,3703.7474565851735,3711.9369009252346,0.9977937544310035,8.18944434006124,0.10984919139138453,0.2011208999206178,0.9548797235912395,0.0,0.0,0.0,0.0,False,438.9210673601748,3.4397382776358283,1440,2023-09-02,-0.017926357244449784,0.331
36,1,120,482.7828780390237,4538.730271580037,4311.793758001016,4320.1074752299355,0.9980755762960556,8.313717228918597,0.11196798945755836,0.20422568811832875,0.9876332920552309,0.0,0.0,0.0,0.0,False,526.3349597057262,1.9317779719417265,1440,2023-09-29,-0.020754180870263556,0.325
37,1,120,610.1602632228079,4195.60856932848,3985.828140862047,3992.118512626868,0.9984243023485088,6.290371764820152,0.15308243146952233,0.20217393838899989,0.9584879735459961,0.0,0.0,0.0,0.0,False,601.0084837279421,3.2051092826850787,1440,2023-06-21,-0.030058258211795114,0.328
38,1,120,437.0560722653442,4109.700350047965,3904.215332545551,3909.0087630950934,0.9987737478117734,4.793430549541793,0.11194466366187424,0.20244101002104298,0.9857362332814491,0.0,0.0,0.0,0.0,False,472.1018995821138,1.9476064215667561,1440,2023-09-29,-0.033096367599946844,0.368
39,2,120,529.4893417686884,4392.989068937733,4173.339615490833,4180.5850010094455,0.9982668967341023,7.245385518612861,0.1268742519308279,0.2040717741607186,0.9912387955638343,0.0,0.0,0.0,0.0,False,578.9700401507143,1.6163500897183907,1440,2023-02-10,-0.036236463202015186,0.327
40,2,180,542.9539332782914,6695.108460771616,6360.353037733043,6375.608370296557,0.9976072349997864,15.25533256351424,0.08536537674201354,0.2040409567595044,0.954100486518409,0.0,0.0,0.0,0.0,False,800.301914264665,3.3907915094793113,1440,2023-06-10,-0.04253980949899212,0.37
41,2,180,653.037709123354,6181.169316360577,5872.110850542593,5881.574215596234,0.9983910149380505,9.463365053642095,0.11121004452138575,0.2038420662000307,0.9859909866295308,0.0,0.0,0.0,0.0,False,797.4292512766631,1.9318112714648505,1440,2023-04-30,-0.04771673609187768,0.336
42,2,180,880.6755961309394,6347.955903382033,6030.558108212954,6040.359214498577,0.9983773967842678,9.801106285622698,0.14603550456326034,0.2068442245304644,0.9918374474634519,0.0,0.0,0.0,0.0,False,760.3516541987128,1.6016278080191892,1440,2023-01-05,-0.051612821445345534,0.336
43,2,180,737.1674129189836,6167.097934323889,5858.743037607703,5870.88375635951,0.9979320457948676,12.140718751807796,0.12582347581845657,0.20724433242205728,0.9872709980465865,0.0,0.0,0.0,0.0,False,758.6494200394749,1.6794247428186448,1440,2023-12-06,-0.061676649281597135,0.337
44,2,180,687.6858667515032,6304.597126716266,5989.367270380468,6003.65673435855,0.9976198732521957,14.28946397808312,0.11481778219752063,0.20720435085020525,0.9434924589525625,7.638888888888889,0.0,0.0,0.0,False,757.2757077813148,3.9021738406819324,1440,2023-08-26,-0.07097016553320565,0.38
45,2,180,616.466524445779,6319.383157141787,6003.413999284667,6015.1978259981115,0.9980409909940926,11.783826713443666,0.10268599242351663,0.207481279197596,0.993810921054436,0.0,0.0,0.0,0.0,False,713.0980950686348,1.4867118813163873,1440,2023-11-27,-0.07867723661892825,0.336
46,2,180,506.7969711502333,6596.639336563534,6266.807369735359,6271.771129977353,0.9992085552646734,4.963760241992603,0.08087004135434832,0.20440104752401658,0.9464504370712634,0.7638888888888888,0.0,0.0,0.0,False,717.290410603859,3.5536303642658233,1440,2023-08-07,-0.08582619981164581,0.357
47,2,180,518.6500375387801,6636.689454469316,6304.854981745787,6313.219438983284,0.9986750884681994,8.364457237496133,0.08226200904547501,0.2033626695317563,0.9588486172991134,0.0,0.0,0.0,0.0,False,706.0692857651104,3.161714035702122,1440,2023-05-27,-0.08498891306014594,0.35
48,2,180,296.4982033248246,6850.9380483414925,6508.391145924409,6518.047175655214,0.9985185701375605,9.656029730804892,0.04555629750533562,0.20067724549423024,0.955445123857339,0.0,0.0,0.0,0.0,False,824.2529059712973,3.389091873803671,1440,2023-07-15,-0.08220278555256125,0.359
49,2,180,664.1821388132504,6497.775527339084,6172.886750972099,6187.479218882232,0.9976416134270639,14.592467910132891,0.10759668297958905,0.2056841628736873,0.9523706434502736,0.0,0.0,0.0,0.0,False,780.3133747431871,3.42421075218026,1440,2023-06-13,-0.07409981293864767,0.352
50,2,180,646.5980999391854,6767.834502583697,6429.442777454497,6452.585848391958,0.9964133648925836,23.14307093745989,0.10056829531270552,0.20682970001283815,0.9523946317135987,0.0,0.0,0.0,0.0,False,766.5963718280782,3.4916382915765816,1440,2023-07-24,-0.07891686122600669,0.384
51,2,180,788.1563189346083,6293.0161915496965,5978.365381972188,5985.534447911128,0.9988022680344874,7.1690659389411175,0.13183475224035326,0.20810701282331795,0.9659185733418503,0.0,0.0,0.0,0.0,False,786.3208230101206,2.8055123684017467,1440,2023-09-12,-0.0856321665626677,0.344
52,2,180,697.5215617572157,6778.682522583826,6439.748396454643,6452.248690158443,0.9980626453963457,12.500293703800082,0.10831503326142854,0.20449695579463445,0.9791127021057754,0.0,0.0,0.0,0.0,False,840.9131877302223,2.0452106211478522,1440,2023-02-17,-0.09421984965621795,0.339
53,2,180,763.7156708366626,6566.916423252784,6238.570602090146,6254.159645398613,0.9975074119958008,15.58904330846642,0.12241837426361582,0.20884941533187867,0.9567334146708549,0.0,0.0,0.0,0.0,False,713.224581885087,3.321464671206688,1440,2023-08-16,-0.09337271845768619,0.344
54,2,180,766.6380693802112,6684.235000210688,6350.023250200135,6367.8767163304565,0.9971963235273484,17.853466130320093,0.12072996258022343,0.20733363291826717,0.9845587379080776,0.0,0.0,0.0,0.0,False,778.6427819862478,1.8952764943629465,1440,2023-04-25,-0.102712895247392,0.347
55,2,180,760.4790222087039,6243.584170442017,5931.404961919903,5938.1741214654285,0.9988600604483698,6.769159545525232,0.12821229153818367,0.2059374066668224,0.9705040065470077,0.0,0.0,0.0,0.0,False,724.2061530811297,2.6164642737066424,1440,2023-09-28,-0.10721699701512469,0.351
56,2,180,603.8992969755543,6657.2498015112915,6324.3873114357075,6337.3561869155055,0.9979535826774935,12.96887547979842,0.09548739936967307,0.2063965972487835,0.9551692438013305,0.0,0.0,0.0,0.0,False,705.869561695625,3.3829438866079995,1440,2023-05-30,-0.10804545100947346,0.357
57,2,180,368.81128177036175,6234.274007302831,5922.5603069377385,5928.305186063717,0.9990309407249337,5.744879125977845,0.06227227122336484,0.20340849401041286,0.946086703365218,0.8333333333333334,0.0,0.0,0.0,False,748.7113914291995,3.4313301405512675,1440,2023-05-28,-0.1100382633477061,0.345
58,2,180,772.2642935206666,6621.886071062118,6290.79176750901,6309.600870773091,0.997018970985755,18.809103264079997,0.12276106443536966,0.20714889674804918,0.9621320541707629,0.0,0.0,0.0,0.0,False,780.7882210822484,3.0874938202933686,1440,2023-05-10,-0.10522911079439742,0.348
59,3,180,461.3315399908166,6631.879922152747,6300.285926045135,6312.931560388934,0.9979968681391789,12.64563434379823,0.07322390529669298,0.20376204931932537,0.9865599995916976,0.0,0.0,0.0,0.0,False,781.4279042152552,1.741400765859674,1440,2023-12-17,-0.10996811961195285,0.345
60,3,240,731.3775914048282,8237.854273320847,7825.961559654784,7838.629755030464,0.9983838762932321,12.66819537568086,0.09345530077419528,0.20272900556725112,0.9542440646976627,0.0,0.0,0.0,0.0,False,923.9346538003838,3.2334518096523333,1440,2023-10-04,-0.10649636478877109,0.38
61,3,240,870.5790388842252,8591.062433193056,8161.5093115333875,8177.046126962284,0.9980999476843274,15.536815428896812,0.10666887773490275,0.20432650224613208,0.9496136365064075,0.06944444444444445,0.0,0.0,0.0,False,921.9331990928057,3.5036347928066136,1440,2023-09-02,-0.10158271495402489,0.376
62,3,240,1041.524578324636,8586.516206292448,8157.190395977788,8174.770439522094,0.9978494755694529,17.580043544305617,0.12768177862296792,0.20443005097727315,0.9482854656441481,0.625,0.0,0.0,0.0,False,933.9920565057777,3.4668550368113173,1440,2023-06-17,-0.10138261289207263,0.374
63,3,240,1016.1037116831192,8503.221665030002,8078.060581778495,8093.341210843342,0.9981119504705456,15.280629064847691,0.1257856018033737,0.20331834564626072,0.975730692583142,0.0,0.0,0.0,0.0,False,1047.0514377981276,2.250997696087991,1440,2023-02-10,-0.10167184099988485,0.4
64,3,240,633.7995853980082,8472.03054635899,8048.429019041019,8061.7488006945605,0.9983477801178333,13.31978165354216,0.07874823569898691,0.20066587554295806,0.9512551298253596,0.0,0.0,0.0,0.0,False,826.8230584214873,3.648708449727528,1440,2023-08-07,-0.0996233890402203,0.379
65,3,240,987.4120597806153,8577.525050190898,8148.648797681364,8164.794117943289,0.9980225686001754,16.145320261923928,0.12117494376019444,0.20221120706910145,0.9811662642174687,0.0,0.0,0.0,0.0,False,987.3928629445728,1.697911900313408,1440,2023-11-20,-0.09218248702237071,0.373
66,3,240,1226.3068355123924,8579.260229992671,8150.297218493013,8177.763929354296,0.9966412932558874,27.466710861283243,0.15046160926866617,0.2044677977524702,0.9944981578954685,0.0,0.0,0.0,0.0,False,836.0620299213616,1.5418931144329606,1440,2023-02-23,-0.08974005511906158,0.391
67,3,240,687.8592812466522,8656.337538777396,8223.520661838531,8234.379453910748,0.9986812859265236,10.858792072215204,0.08364535209824203,0.2048235423048317,0.9816496054394644,0.0,0.0,0.0,0.0,False,1000.0120210353872,2.0861614078292408,1440,2023-12-15,-0.09297399898744903,0.382
68,3,240,790.7389766074414,8634.670090596072,8202.93658606624,8223.0829838491,0.9975500189135352,20.146397782860145,0.09639706077340825,0.20321129229962778,0.9534081477139575,0.0,0.0,0.0,0.0,False,864.2553603047029,3.415885897367433,1440,2023-05-13,-0.09658496921259589,0.377
69,3,240,988.1747322391777,8134.519861612622,7727.793868531989,7745.412907547794,0.9977252292129403,17.61903901580676,0.12787281196294337,0.2041616911037279,0.9485636847024794,0.1388888888888889,0.0,0.0,0.0,False,1051.2667573891792,3.5320584544870415,1440,2023-06-17,-0.09608735999624612,0.369
70,3,240,1218.920452946763,8286.813354223996,7872.472686512794,7882.191615629321,0.9987669762940987,9.71892911652561,0.15483324001047735,0.2041227817282958,0.9720577233282542,0.0,0.0,0.0,0.0,False,1127.7104133989355,2.357025589438914,1440,2023-03-05,-0.09798823454737296,0.388
71,3,240,1270.9865608849689,9009.91661463934,8559.420783907366,8569.915120202,0.9987754445467149,10.494336294634401,0.14848978604656995,0.20370922631218227,0.9885997672186327,0.0,0.0,0.0,0.0,False,943.0487151787834,1.8291746632193087,1440,2023-02-26,-0.09962947264873857,0.376
72,3,240,413.6512790849611,8775.835880366943,8337.044086348586,8349.45800107265,0.9985132071180586,12.413914724062066,0.04961605993691343,0.1978905145789357,0.9422540665810859,3.263888888888889,0.0,0.0,0.0,False,1117.6215090615176,3.8630392297828013,1440,2023-08-02,-0.10021810252999044,0.382
73,3,240,429.92671263988035,8746.456998241138,8309.134148329105,8319.314173101924,0.998776338462402,10.180024772819994,0.05174145764951152,0.19869882776817213,0.9511488079623054,0.0,0.0,0.0,0.0,False,943.9654131139011,3.5381963892880757,1440,2023-09-19,-0.08778236635079625,0.383
74,3,240,1139.591217683335,8416.813518247318,7995.972842334933,8014.462446954931,0.997692970084722,18.489604619997117,0.142520646349589,0.2031128222140354,0.9846178559331957,0.0,0.0,0.0,0.0,False,858.5954805359136,1.8949611122567451,1440,2023-03-07,-0.07954700781216967,0.376
75,3,240,712.7553868286799,8388.792004107587,7969.35240390221,7977.424305272152,0.9989881569462706,8.071901369942346,0.08943705218502794,0.1993186306478103,0.9366800130289287,5.902777777777778,0.0,0.0,0.0,False,1083.9035255080548,3.8416536319378327,1440,2023-05-31,-0.08282514987286936,0.378
76,3,240,1022.2338196410053,8573.20635746077,8144.546039587706,8161.571022770112,0.9979140066128314,17.024983182405578,0.12551145449633347,0.20272696985501817,0.9418575514948478,3.263888888888889,0.0,0.0,0.0,False,947.6442258940907,3.916056413147548,1440,2023-07-06,-0.07706637360812442,0.384
77,3,240,1031.2295239556756,8442.9914585743,8020.841885645573,8043.960732789035,0.9971259373446187,23.118847143462133,0.12856873862595475,0.20524332100572984,0.9844778199174794,0.0,0.0,0.0,0.0,False,1094.592128479399,2.0703770580420473,1440,2023-10-26,-0.08009404734493669,0.366
78,3,240,1291.1887966497334,8754.860999792023,8317.117949802392,8344.326164715469,0.9967393155090069,27.208214913074748,0.1552447379540182,0.20632296473449283,0.9786626666107812,0.0,0.0,0.0,0.0,False,1000.6701459215345,2.3303076200597124,1440,2023-03-05,-0.08831432491623867,0.378
79,4,240,767.7017917739129,8660.339097385431,8227.322142516183,8243.13288334248,0.9980819500243352,15.810740826297272,0.09331125954174983,0.20163080593337848,0.9460151382738643,0.8333333333333334,0.0,0.0,0.0,False,966.2371872862832,3.749849884821941,1440,2023-05-25,-0.09758191141328346,0.413
80,4,300,1304.3761785243698,10886.84362708994,10342.50144573536,10361.903752225247,0.9981275345772518,19.402306489886495,0.12611805619444394,0.20311499399523056,0.9731890320302689,0.0,0.0,0.0,0.0,False,1368.917924946601,2.224151403643218,1440,2023-12-05,-0.09475477154513665,0.397
81,4,300,272.54409826268125,10730.716781281453,10194.180942217416,10206.613092528029,0.9987819514467817,12.432150310613103,0.0267352619899052,0.19528476620330726,0.9759651156949642,0.0,0.0,0.0,0.0,False,1281.7199467382643,2.138148238518242,1440,2023-12-23,-0.09591402308645529,0.398
82,4,300,1607.7887004556924,11173.462703470048,10614.789568296477,10633.201392600895,0.9982684589875981,18.411824304417966,0.1514668463384074,0.20418980980006965,0.9720196700741225,0.0,0.0,0.0,0.0,False,1389.642802653031,2.1540026659219604,1440,2023-02-23,-0.07937916148744431,0.402
83,4,300,853.320539126082,11314.400024765018,10748.680023526813,10765.427951576126,0.9984442859006956,16.747928049313355,0.07938840278604684,0.2026602391817533,0.9648159295834255,0.0,0.0,0.0,0.0,False,1322.7322762562603,2.714977051214639,1440,2023-04-01,-0.08595185861111629,0.427
84,4,300,1154.1915429378323,10846.547124404025,10304.219768183762,10328.211529611535,0.997677065253845,23.991761427773184,0.11201154176676414,0.20419157587936607,0.9665820100359657,0.0,0.0,0.0,0.0,False,1191.291132044873,2.647010062129274,1440,2023-09-29,-0.08797797290884554,0.394
85,4,300,1324.6209065732205,10592.957657197858,10063.309774337906,10088.806702108628,0.9974727508888248,25.496927770723715,0.13162875199877977,0.205342215911726,0.9776685998729677,0.0,0.0,0.0,0.0,False,1077.6828073296015,2.2650423812995912,1440,2023-10-11,-0.09317738387574534,0.393
86,4,300,977.0167896780848,10478.642979504568,9954.710830529304,9968.375915202305,0.9986291563651647,13.66508467299986,0.09814617484234202,0.20191632206646123,0.9655754283709731,0.0,0.0,0.0,0.0,False,1268.6147893282841,2.854902163966612,1440,2023-04-29,-0.10013543151604332,0.385
87,4,300,973.1639762600113,11160.939973399345,10602.892974729404,10620.152656126284,0.9983748179564139,17.25968139687865,0.09178287271025173,0.2046491918346945,0.9743463533919573,0.0,0.0,0.0,0.0,False,1331.7973416774457,2.255836111335912,1440,2023-11-19,-0.0982607192720223,0.388
88,4,300,851.7760334198454,10364.157027967847,9845.949176569504,9870.517673547012,0.9975109211299675,24.5684969775104,0.08651030166261925,0.20283157464658136,0.9384869576613591,2.986111111111111,0.0,0.0,0.0,False,1234.0953812504704,3.7346784847217256,1440,2023-05-19,-0.10300572255865337,0.423
89,4,300,781.5723806702299,10891.677246279218,10347.093383965272,10368.512141148367,0.9979342496887192,21.41875718309403,0.07553545248575995,0.20485117912987716,0.9300592120837947,16.319444444444443,0.0,0.0,0.0,False,1130.3343448386722,4.353163846204437,1440,2023-06-03,-0.10294454610643838,0.407
90,4,300,696.2405627242088,10445.865721261414,9923.572435198308,9949.711076041327,0.9973729246363786,26.13864084301877,0.0701602741624262,0.2043652544946456,0.9427470552610032,4.027777777777778,0.0,0.0,0.0,False,1369.5016182334402,3.832164451435859,1440,2023-09-18,-0.10758129376441103,0.398
91,4,300,1003.2884474824556,10550.630667937847,10023.09913454105,10039.220270802589,0.9983941844260131,16.12113626153972,0.10009762789085648,0.20501073542225923,0.9368866998320893,3.6805555555555554,0.0,0.0,0.0,False,1365.2361464166397,3.921317877401714,1440,2023-05-13,-0.11043992041801198,0.392
92,4,300,1188.8442823937942,11022.996067331607,10471.846263965024,10498.246528915959,0.9974852690991568,26.400264950935945,0.11352766765539339,0.20476696736322786,0.9746056090943435,0.0,0.0,0.0,0.0,False,1248.240589180028,2.110781261370831,1440,2023-12-03,-0.1143974165527557,0.4
93,4,300,1225.8210421825668,11026.838434514846,10475.496512789161,10495.239508235885,0.9981188618486284,19.742995446723416,0.11701794188810101,0.2061277939445784,0.9717885886409705,0.0,0.0,0.0,0.0,False,1435.990229037194,2.3187969075808437,1440,2023-02-24,-0.11726547209884305,0.402
94,4,300,1502.1074192788117,10890.510801634122,10345.985261552494,10370.10998207517,0.9976736292513411,24.124720522674366,0.14518746946807548,0.20682794578132369,0.9485660361019285,0.7638888888888888,0.0,0.0,0.0,False,1500.3478772722306,3.617138182684476,1440,2023-06-15,-0.12286012471191304,0.402
95,4,300,1087.388024268494,10088.108247378454,9583.70283500952,9597.20701331208,0.9985929053855119,13.504178302557618,0.1134622017177157,0.20322488881186232,0.930590853887966,14.166666666666666,0.0,0.0,0.0,False,1342.835026165437,4.213772747875846,1440,2023-08-19,-0.12921757813227483,0.401
96,4,300,924.4988745006066,10316.723587670587,9800.887408287073,9810.469374052853,0.9990232918119981,9.581965765778396,0.09432807826349508,0.20319846940962577,0.9285410328490749,14.166666666666666,0.0,0.0,0.0,False,1366.2299756682532,4.31608273906614,1440,2023-06-01,-0.1265380599763424,0.386
97,4,300,1214.2881716319089,10341.074873108555,9824.021129453089,9841.437002436993,0.9982303526426485,17.415872983904997,0.12360398615098553,0.20605039012135778,0.9745676614045939,0.0,0.0,0.0,0.0,False,1223.4655977463972,2.061529369484271,1440,2023-11-20,-0.12449624623715733,0.376
98,4,300,1202.176627346561,10769.306667904977,10230.841334509745,10246.140840834421,0.9985068030429854,15.29950632467497,0.11750515798651748,0.20342199310626158,0.9591065713876399,0.0,0.0,0.0,0.0,False,1229.6903511273354,2.9670843918596668,1440,2023-09-15,-0.1294395403176876,0.38
99,5,300,1565.7099040891133,10834.482406651105,10292.758286318496,10309.694368712688,0.9983572662982534,16.93608239419064,0.15211762100449897,0.205848596207749,0.9369714258222189,7.986111111111111,0.0,0.0,0.0,False,1312.2950462923577,3.991011320004186,1440,2023-06-21,-0.12778280180421323,0.391
100,5,205,750.7844657087961,7129.875806278077,6773.3820159642,6781.357185716211,0.9988239566898484,7.9751697520114,0.11084336656920729,0.20262012103078414,0.9384637630598452,1.0416666666666667,0.0,0.0,0.0,False,901.029996666882,3.586173570938737,1440,2023-06-12,-0.1320883676270935,0.37
101,5,212,865.1797565164512,7815.5712482493645,7424.792685836873,7438.85792328036,0.9981092208523744,14.065237443486547,0.11652577965803956,0.20216888833727156,0.963970121057567,0.0,0.0,0.0,0.0,False,1150.2052446201155,2.8697532364099505,1440,2023-05-08,-0.12856118094761426,0.359
102,5,256,986.2616747349765,9065.123439859974,8611.86726786694,8623.21111062467,0.9986844990094522,11.343842757730004,0.11452355732594356,0.2013091726983114,0.9640784182315325,0.0,0.0,0.0,0.0,False,1158.8681789047068,2.8097286811461624,1440,2023-03-29,-0.12485516409516674,0.366
103,5,292,1106.2541570686087,10158.590685209889,9650.661150949449,9663.760907573274,0.9986444452890427,13.099756623825249,0.11462988284069776,0.20228430951357185,0.9437345292359245,3.1944444444444446,0.0,0.0,0.0,False,1156.3402505321767,3.7034389382013404,1440,2023-06-24,-0.12006443484241194,0.396
104,5,126,400.91876552348526,4437.270202552218,4215.406692424573,4216.5847152029155,0.9997206215793328,1.178022778342347,0.09510796816923235,0.20287535637556328,0.9971231685400649,0.0,0.0,0.0,0.0,False,589.8318938506204,1.405356638687588,1440,2023-11-09,-0.11849136790945969,0.339
105,5,146,415.5103845506159,4781.172076675804,4542.113472842026,4548.008637171184,0.9987037921869856,5.895164329157782,0.09147952534321623,0.2028027351173143,0.9906118712039839,0.0,0.0,0.0,0.0,False,632.0270618357937,1.6465548424328538,1440,2023-01-14,-0.1186769852782572,0.362
106,5,268,886.4000881964278,9266.902361031087,8803.557242979548,8814.71882037619,0.9987337568419266,11.161577396641405,0.10068658199539658,0.20121667121275064,0.9471409218234484,0.9027777777777778,0.0,0.0,0.0,False,1243.848489230069,3.3912262123954924,1440,2023-10-14,-0.1188058491610132,0.37
107,5,291,883.4251440161921,10674.655852743828,10140.923060106605,10148.420867776316,0.9992611847924519,7.497807669711693,0.0871148650650452,0.20114794602118463,0.9732874496227222,0.0,0.0,0.0,0.0,False,1340.1409034569874,2.478225166200208,1440,2023-12-15,-0.11548043323781543,0.372
108,5,165,401.6918741744314,5952.769816848628,5655.131326006216,5665.209646333436,0.9982210154687317,10.07832032721899,0.07103139626964515,0.20550851193614916,0.9780461309958803,0.0,0.0,0.0,0.0,False,719.2087427299999,2.1786832295534415,1440,2023-01-01,-0.11272630237887125,0.344
109,5,176,725.5940881827781,6174.808359327063,5866.067941360728,5875.107057281073,0.9984614551135467,9.039115920345807,0.12369343407476202,0.20446516115694383,0.9878939439698425,0.0,0.0,0.0,0.0,False,841.6256647422202,1.8076640976943725,1440,2023-11-21,-0.12039166830144533,0.343
110,5,277,1075.1425677029135,10110.772420388079,9605.233799368745,9618.090255963203,0.9986633046423653,12.856456594458736,0.11193299300778829,0.20338859698367415,0.966850920392812,0.0,0.0,0.0,0.0,False,1239.796290810346,2.8828696015185855,1440,2023-10-08,-0.12445184738310004,0.377
111,5,196,590.5704574964064,6942.025504238361,6594.924229026481,6601.716747425462,0.9989710981766023,6.792518398980884,0.08954924074746866,0.20538535217919257,0.9526650554206396,0.0,0.0,0.0,0.0,False,846.6553667672079,3.3564945489125293,1440,2023-05-19,-0.12550097931641424,0.38
112,5,169,655.673943550108,6411.027129610263,6090.475773129725,6091.99246036659,0.9997510359300783,1.5166872368655433,0.10765561968784838,0.20231421738128816,0.9539233642841375,0.0,0.0,0.0,0.0,False,759.2526304748229,3.43667905168953,1440,2023-07-05,-0.13100241390216572,0.376
113,5,269,1064.9676590990573,9995.79935285623,9496.009385213347,9509.469582275104,0.9985845480712356,13.460197061755995,0.11214896867702819,0.20566118495431576,0.9825631769828032,0.0,0.0,0.0,0.0,False,1182.8614534057733,2.001661939503805,1440,2023-12-03,-0.12876277588444163,0.38
114,5,166,643.7247471798493,5851.433481844288,5558.861807752059,5562.001130451579,0.9994355767598944,3.139322699519937,0.11580153805625262,0.2062030536618505,0.9525302739982363,0.0,0.0,0.0,0.0,False,694.6896370346127,3.4789694143549315,1440,2023-09-17,-0.13461745337863887,0.344
115,5,194,717.1586362015892,7049.692184807125,6697.207575566779,6700.28715139917,0.9995403815145821,3.079575832391633,0.10708323254276565,0.20427129369684935,0.9845618386566355,0.0,0.0,0.0,0.0,False,1019.8703780712958,2.0420768812122865,1440,2023-03-21,-0.1408034592136656,0.351
116,5,236,358.379321083968,8393.977559933513,7974.278681936834,7983.4871559883295,0.9988465599215515,9.208474051495617,0.04494191078319864,0.20665834328998914,0.977864528201142,0.0,0.0,0.0,0.0,False,926.4214864609784,2.3383651410919244,1440,2023-12-30,-0.14171595664352693,0.369
117,5,219,1049.1511434836325,7755.313578508237,7367.547899582823,7375.721975501566,0.9988917592140956,8.174075918741693,0.14240167254875113,0.20660089958045533,0.9747676209021293,0.0,0.0,0.0,0.0,False,939.0912634641481,2.550856071766314,1440,2023-01-16,-0.14803038085682296,0.348
118,5,135,533.7007731196398,4624.992286973811,4393.742672625118,4399.1905709938965,0.9987616134648271,5.447898368779194,0.12146837283958896,0.20163899677151573,0.9850486905602286,0.0,0.0,0.0,0.0,False,601.6120203943586,2.076363819304677,1440,2023-03-10,-0.1532855890455082,0.333
119,5,124,212.08288339796616,4134.068641423032,3927.3652093518867,3934.784878321563,0.9981143393605697,7.419668969676987,0.05400131439086744,0.20584045521564298,0.9948093927727455,0.0,0.0,0.0,0.0,False,534.8402613933755,1.4128535760376268,1440,2023-04-10,-0.14665551925536507,0.323
120,5,276,1114.1974451812607,10119.02699299095,9613.075643341406,9625.26272929964,0.998733843812789,12.187085958235718,0.11590436677287781,0.2057382718587441,0.9684799898486376,0.0,0.0,0.0,0.0,False,1185.052113598755,2.5161170005723372,1440,2023-04-18,-0.15088669476111263,0.356
121,5,256,738.0602334769619,8980.532752551568,8531.506114924043,8543.667261610066,0.9985765893832654,12.161146686021683,0.08650995774191425,0.2063364105313996,0.9445351544679229,1.9444444444444444,0.0,0.0,0.0,False,1204.0015154135233,3.3703060104812312,1440,2023-06-04,-0.1543337453734704,0.356
122,5,271,411.17947344474703,9212.10811713347,8751.50271127678,8760.172813897978,0.9990102817826331,8.670102621197103,0.046983870885958845,0.205113052538969,0.9805276995413467,0.0,0.0,0.0,0.0,False,1330.160638716634,2.383822546493836,1440,2023-12-30,-0.15872411146976861,0.359
123,5,217,573.6023714047666,8104.146519697119,7698.939193712266,7716.601383321983,0.9977111439696897,17.66218960971767,0.07450407867531002,0.20715292070580754,0.9504294270919711,0.0,0.0,0.0,0.0,False,958.3540559966624,3.5254114445771583,1440,2023-07-22,-0.15980066939040835,0.376
124,5,267,772.7620811378813,9482.27851041457,9008.164584893846,9022.2921288049,0.9984341513542939,14.127543911055813,0.08578463169220478,0.20751350663934273,0.9824175585626539,0.0,0.0,0.0,0.0,False,1050.7443172335625,2.190203144228004,1440,2023-12-15,-0.16550727172925533,0.358
125,5,179,821.408975373482,6290.98606568549,5976.436762401212,5988.628735744376,0.9979641460706365,12.191973343163337,0.13744125605764068,0.20813043225206052,0.9750407944154613,0.0,0.0,0.0,0.0,False,814.5857281557805,2.4896205852522826,1440,2023-10-12,-0.17124151798607745,0.358
126,5,201,1290.9727095110675,7000.109690624031,6650.104206092821,6659.264287057156,0.998624460515535,9.160080964335698,0.19412819250686014,0.20529185673221212,0.9873999878329333,0.0,0.0,0.0,0.0,False,833.6393607689452,1.736156629192377,1440,2023-01-24,-0.17759267295211728,0.392
127,5,262,1170.6117259342618,9172.161045468809,8713.552993195384,8726.635051510231,0.9985009046169998,13.082058314846234,0.13434378913497394,0.2077640423023781,0.9877558210819529,0.0,0.0,0.0,0.0,False,1044.40457101219,1.7188276897166936,1440,2023-11-28,-0.1766933236178933,0.353
128,5,142,641.6672168121382,5100.95629948668,4845.908484512327,4854.367165671353,0.9982575110471982,8.458681159025787,0.13241422508553896,0.20828566135824245,0.9844760086972146,0.0,0.0,0.0,0.0,False,558.8756683965105,2.114317859648998,1440,2023-03-18,-0.1818008545199982,0.345
129,5,174,273.2850793773107,6644.321887899071,6312.10579350413,6320.157923771828,0.9987259605907296,8.052130267697205,0.043295389576415516,0.20583131168829483,0.9839955995333498,0.0,0.0,0.0,0.0,False,724.3808238102065,2.004224198825048,1440,2023-12-30,-0.18744872423249576,0.372
130,5,142,588.7235827558613,4839.284968108206,4597.320719702809,4603.359157706322,0.9986882539909135,6.038438003513319,0.1280579752099434,0.20808238582131425,0.9940797348302226,0.0,0.0,0.0,0.0,False,628.2441913431041,1.7061160453202358,1440,2023-02-18,-0.18685901631302382,0.339
131,5,202,801.0859938658784,6897.859241001406,6552.966278951355,6562.408047833795,0.9985612341058925,9.441768882439106,0.12224784315448561,0.20570770226931376,0.9828408675954162,0.0,0.0,0.0,0.0,False,944.9430766988215,2.081736852565778,1440,2023-04-15,-0.19174373236115466,0.354
132,5,296,1177.0230489178107,10294.306648186803,9779.591315777387,9792.40089792211,0.9986918854448206,12.809582144723517,0.12035503436824838,0.2041909325871247,0.9760060412320447,0.0,0.0,0.0,0.0,False,1148.7746649977357,2.4075837333542545,1440,2023-04-25,-0.19071258649872397,0.37
133,5,144,519.6032665677751,5112.282599687058,4856.668469702704,4863.111901135466,0.9986750394472195,6.44343143276286,0.10698759238132269,0.20457086797039029,0.9845866353242981,0.0,0.0,0.0,0.0,False,596.9647519431162,2.118644469418089,1440,2023-04-12,-0.18676032313731972,0.357
134,5,189,649.0592374982455,7100.052553935665,6745.049926238877,6755.245226215038,0.9984907579762469,10.195299976161802,0.0962274919527792,0.20617182236670523,0.9869388221498892,0.0,0.0,0.0,0.0,False,808.6618078914411,2.034251654507371,1440,2023-12-26,-0.18466291368990012,0.359
135,5,192,735.3140924130831,6821.732440943701,6480.645818896501,6490.648297307663,0.9984589400083023,10.002478411162851,0.11346308885898806,0.2043948599139744,0.9847297731002083,0.0,0.0,0.0,0.0,False,770.6891330444001,1.98143607616431,1440,2023-04-22,-0.1868156769221926,0.354
136,5,283,1006.833635082636,10274.13347446023,9760.426800737183,9776.142736502,0.9983924195678795,15.715935764817727,0.10315467301149087,0.2035989407883618,0.9450934488684642,2.5,0.0,0.0,0.0,False,1249.563443612387,3.7928863130287698,1440,2023-06-30,-0.18484831310771746,0.382
137,5,156,473.4513698811831,5798.259975204459,5508.346976444245,5513.834044797968,0.9990048542794102,5.487068353721248,0.08595162430867889,0.20192437122977952,0.9980941159171876,0.0,0.0,0.0,0.0,False,692.7768620298721,1.4574558628827181,1440,2023-01-10,-0.18170334701920773,0.334
138,5,210,556.6290543921232,7644.634119847803,7262.402413855413,7267.672840061648,0.999274812402509,5.270426206233723,0.07664530587428904,0.2027917186962749,0.9397033598109532,6.041666666666667,0.0,0.0,0.0,False,972.7698927952434,4.10723622421478,1440,2023-06-03,-0.1755995396810079,0.355
139,5,167,575.2181443776122,6228.713249304539,5917.277586839316,5928.087041124507,0.9981765695729157,10.809454285189787,0.09720993073858178,0.2032660435692641,0.9839648728569356,0.0,0.0,0.0,0.0,False,715.1791351257652,1.986109903088578,1440,2023-10-27,-0.17276424417155165,0.342
140,5,123,434.9125607301699,4243.48105739757,4031.307004527702,4034.6414292996374,0.9991735511493733,3.3344247719351774,0.10788376083530835,0.20398670229327387,0.9629132741691603,0.0,0.0,0.0,0.0,False,457.5100810025453,3.0580194451266296,1440,2023-08-04,-0.17170282466302603,0.338
141,5,255,1095.9737020071454,8899.961142237975,8454.96308512611,8462.843977018423,0.9990687655457534,7.880891892311662,0.12962489498448218,0.20326741582992836,0.9831139928669312,0.0,0.0,0.0,0.0,False,1087.5869659100217,1.9710478589039888,1440,2023-03-11,-0.17263847336369073,0.368
142,5,131,548.7508018346978,4977.227081243105,4728.365727180992,4735.983218785785,0.9983915712423606,7.617491604792736,0.11605506711974625,0.20526579170534767,0.9737856238161718,0.0,0.0,0.0,0.0,False,536.7604727298021,2.5827946514999733,1440,2023-05-03,-0.1719679328963588,0.339
143,5,170,313.2022396919417,6017.327431689871,5716.4610601053355,5738.690503451968,0.9961263909713791,22.229443346632564,0.05478953436379578,0.2023583510874481,0.9993876991748545,0.0,0.0,0.0,0.0,False,715.0391932849953,1.4525609217247737,1440,2023-11-03,-0.1760912170336831,0.357
144,5,210,1030.3267941368892,7606.904595738333,7226.559365951447,7243.943593861146,0.9976001707240748,17.38422790969893,0.14257501280503723,0.1985306696187086,0.9904829237417276,0.0,0.0,0.0,0.0,False,796.0548481531848,1.6410804885218129,1440,2023-01-15,-0.1731113925385359,0.359
145,5,207,952.3456921234604,7783.623201022896,7394.442040971766,7405.9778752592365,0.9984423617675111,11.535834287469806,0.12879209639437578,0.19813923836559766,0.9431040253382215,3.1944444444444446,0.0,0.0,0.0,False,900.5950170937244,3.8237153715829173,1440,2023-06-22,-0.16223316719212671,0.368
146,5,141,517.8800611514345,4845.682722866547,4603.3985867232,4612.137822950536,0.9981051658552248,8.739236227335144,0.1124995047452697,0.1961880348033842,0.9675327483645829,0.0,0.0,0.0,0.0,False,586.8954476571339,2.910770985158236,1440,2023-05-24,-0.15257640007643516,0.334
147,5,297,756.914545908344,10824.670427678222,10283.43690629429,10311.860849043991,0.9972435680459811,28.42394274970308,0.07360521125432797,0.19875598401211836,0.9806053884559994,0.0,0.0,0.0,0.0,False,1201.857324574564,2.271930907147057,1440,2023-12-16,-0.1403677402871815,0.393
148,5,255,442.8401597570808,9053.710512621325,8601.024986990313,8611.954711703736,0.9987308659788271,10.929724713424283,0.05148690538940526,0.20105612052118063,0.9890609174835742,0.0,0.0,0.0,0.0,False,1067.7722943753247,1.9882141765316175,1440,2023-12-21,-0.13618809991559966,0.382
149,5,294,1088.5292189478077,10013.722922300301,9513.03677618533,9534.381430558014,0.997761296364306,21.344654372683305,0.1144249985107596,0.20036216652467911,0.974841950801542,0.0,0.0,0.0,0.0,False,1143.456146302224,2.6903403349433725,1440,2023-05-05,-0.13795749396433019,0.394
150,5,136,694.2993225576305,4784.05179691661,4544.849207070772,4550.083885125507,0.998849542516821,5.234678054734815,0.15276619551589427,0.20106092126731773,1.0001026068033125,0.0,0.0,0.0,0.0,False,685.2171470815515,1.4090601137052983,1440,2023-02-23,-0.13786441873724523,0.359
151,5,251,1120.9108132766737,8546.727140907107,8119.3907838618015,8136.517903242259,0.9978950308247176,17.12711938045748,0.13805356129730934,0.20165501923010895,0.9908224801853324,0.0,0.0,0.0,0.0,False,882.1923194200681,1.9252021588376669,1440,2023-03-20,-0.13938026505274811,0.377
152,5,173,441.3513953061826,6142.849862910629,5835.707369765082,5853.894679604382,0.9968931265704751,18.18730983929996,0.07562945969375248,0.20193813544304995,0.9924893723030104,0.0,0.0,0.0,0.0,False,712.1385493184271,1.6690906373487526,1440,2023-12-17,-0.14198270858479656,0.374
153,5,217,613.1981549027521,7550.341332327126,7172.824265710775,7184.975290295435,0.9983088286189276,12.151024584661439,0.08548908103522157,0.2015644610003762,0.9909744155531441,0.0,0.0,0.0,0.0,False,936.8689936519161,1.8627675180325607,1440,2023-01-12,-0.144784425851058,0.386
154,5,287,850.1047581840569,10310.645647295856,9795.113364931058,9812.403957012051,0.9982378841967021,17.290592080991324,0.08678865945826042,0.2057554972286662,0.9491630914113998,0.1388888888888889,0.0,0.0,0.0,False,1076.5201163879149,3.612468075650944,1440,2023-07-31,-0.14628193894020372,0.403
155,5,170,731.411129135145,6237.914197108725,5926.018487253235,5945.558753549535,0.9967134684718011,19.54026629630001,0.12342370019742561,0.20373451928195468,0.9873294231552926,0.0,0.0,0.0,0.0,False,758.7831962740768,1.9256210051749292,1440,2023-04-02,-0.15698800397519158,0.341
156,5,251,985.4742951023636,8770.207968915025,8331.69757046929,8354.400275592132,0.9972825452008603,22.702705122841692,0.11828013280213864,0.20578511815979625,0.9818396381702852,0.0,0.0,0.0,0.0,False,926.3106801444476,2.277281599681131,1440,2023-04-18,-0.16129343048451433,0.361
157,5,149,561.7172183247736,5349.879719199652,5082.3857332397065,5095.787900274454,0.9973699519491332,13.402167034748327,0.11052235068484534,0.20510569919566599,0.9862057640808582,0.0,0.0,0.0,0.0,False,522.2200380089021,2.005149043264109,1440,2023-09-29,-0.16953834513121374,0.347
158,5,178,340.9175155789714,5962.042707148449,5663.940571790983,5673.765410192404,0.9982683742292603,9.82483840142022,0.06019087087122642,0.20418485883697327,0.9781051242323449,0.0,0.0,0.0,0.0,False,731.5688416003679,2.4110530562697403,1440,2023-10-29,-0.17489484008727002,0.333
159,5,295,882.683737418476,10749.306088695797,10211.840784261032,10239.10270525771,0.9973374697196192,27.26192099667759,0.08643727963120122,0.20601650615082404,0.9443396673008687,3.611111111111111,0.0,0.0,0.0,False,1335.3198925211182,3.989019936482384,1440,2023-08-08,-0.1773634302048397,0.384
160,5,196,764.5987933778728,6852.237094865586,6509.62524012231,6526.099593977015,0.9974756202203979,16.474353854704567,0.11745665305972462,0.2065405317945085,0.9555328076718814,0.0,0.0,0.0,0.0,False,722.2376361515746,3.518427857893279,1440,2023-09-17,-0.18366875169690833,0.359
161,5,213,830.225002731748,7588.354465528595,7208.936742252122,7227.668458080083,0.9974083321701038,18.73171582796093,0.11516608238018466,0.20264943687908807,0.9703780646257011,0.0,0.0,0.0,0.0,False,789.6813218236531,2.8170112682612727,1440,2023-10-02,-0.19019289189639443,0.358
162,5,173,489.492014416171,5928.254002042137,5631.841301940016,5643.0204208936175,0.9980189476344601,11.179118953600724,0.0869150936919253,0.20503089839937347,0.997486245414366,0.0,0.0,0.0,0.0,False,638.9536627099797,1.3407251065081756,1440,2023-03-12,-0.18698426708601285,0.329
163,5,140,619.4909941091914,5354.246372699103,5086.534054064161,5092.121027252252,0.9989028200315369,5.5869731880916165,0.12179039548830223,0.20741879128499927,0.9714059283333059,0.0,0.0,0.0,0.0,False,596.118340516231,2.792255298319908,1440,2023-09-13,-0.1899081275023041,0.333
164,5,196,747.4720898903814,6835.603303345811,6493.8231381785545,6504.786340622406,0.9983145945355059,10.963202443851946,0.11510508894149511,0.2052571629936957,0.9724240532462807,0.0,0.0,0.0,0.0,False,786.4425302207821,2.7423278425962625,1440,2023-05-08,-0.19787151974796383,0.344
165,5,232,1004.5218079173512,8088.915997095711,7684.470197240915,7705.896416927891,0.997219503283238,21.42621968697544,0.13072102332806518,0.2036407241571907,0.9892935062780338,0.0,0.0,0.0,0.0,False,897.351684450135,1.7291032943782136,1440,2023-04-08,-0.19974950945330855,0.349
166,5,202,972.4334297016829,6726.585995456868,6390.2566956840155,6402.8013715728175,0.998040751983265,12.54467588880116,0.15217439236180688,0.20465920301899687,0.994465445557766,0.0,0.0,0.0,0.0,False,759.6231731449805,1.6207897718403244,1440,2023-04-04,-0.19787777198513287,0.339
167,5,260,284.23580925723195,9608.40019099363,9127.98018144397,9152.26230123145,0.9973468723919535,24.282119787482713,0.03113895994593058,0.20357114417783856,0.9771283266172526,0.0,0.0,0.0,0.0,False,1085.3136404252282,2.4585170493336546,1440,2023-11-04,-0.19885399565751571,0.361
168,5,185,830.2185583350912,7147.1956931340565,6789.835908477359,6802.9507754729,0.9980721796425714,13.11486699554063,0.12227372936929637,0.20147078781463257,0.9745340586781251,0.0,0.0,0.0,0.0,False,715.9458664614224,2.581681897441916,1440,2023-07-04,-0.19741980235376566,0.389
169,5,230,1060.6639636351165,8204.401678031327,7794.181594129785,7809.735061367996,0.9980084513602582,15.553467238213004,0.13608407128132083,0.20182673694319125,0.9672646826232887,0.0,0.0,0.0,0.0,False,995.2255711590694,3.005301010093632,1440,2023-09-26,-0.19172520310244406,0.362
170,5,259,836.4352881862515,9147.92700534627,8690.530655078954,8706.023844244144,0.998220405842854,15.493189165191014,0.09624674503592237,0.19946743732202465,0.946251525978402,1.9444444444444444,0.0,0.0,0.0,False,1105.495069562368,4.003839135684747,1440,2023-06-05,-0.18804394863137547,0.375
171,5,286,1361.351446351289,10059.381589873145,9556.412510379516,9573.61432549201,0.9982032057561907,17.201815112495858,0.14245423634367846,0.2003845881295926,0.9845664195691398,0.0,0.0,0.0,0.0,False,1199.9244868784685,2.1259808149926847,1440,2023-03-07,-0.17988185775405527,0.372
172,5,197,1099.2357555794322,6946.682187366755,6599.348077998393,6604.713724873956,0.9991876034149132,5.3656468755633675,0.16656732492171175,0.19870813268850995,0.9908044663955126,0.0,0.0,0.0,0.0,False,853.9120375920505,1.7231317815965597,1440,2023-01-25,-0.17538914623532822,0.355
173,5,127,491.70868934784926,4612.385817959945,4381.766527061956,4390.577880174053,0.997993122237534,8.811353112095542,0.11221699885446605,0.20260134757666853,0.9469989031676209,0.5555555555555556,0.0,0.0,0.0,False,499.5939368704709,3.7932106139612474,1440,2023-08-27,-0.16804218168439028,0.355
174,5,250,1639.085722904442,8870.380452030255,8426.861429428727,8437.740449873192,0.9987106713569711,10.879020444465635,0.19450725950949435,0.19884308964843686,0.9823662072569231,0.0,0.0,0.0,0.0,False,987.2679313038826,2.1118784799399397,1440,2023-02-07,-0.17085975017642224,0.419
175,5,215,1178.340363949363,7712.37105154185,7326.75249896474,7338.976806640156,0.9983343307933124,12.224307675415426,0.16082710097220576,0.1972382279583443,0.9887822504849414,0.0,0.0,0.0,0.0,False,895.0454756997875,1.910492492574566,1440,2023-11-29,-0.16478779201035995,0.366
176,5,277,1413.6069188394513,9962.75207058062,9464.614467051542,9477.719346662527,0.9986172960886841,13.104879610984993,0.14935705239347422,0.1994435531161527,0.981968850785155,0.0,0.0,0.0,0.0,False,1287.2840572148036,2.372868581301158,1440,2023-01-28,-0.15626144115722373,0.375
177,5,203,740.5733353298191,7284.7653228122135,6920.527056671622,6927.41564142799,0.9990056053926991,6.888584756368431,0.10701111768877218,0.19712836182013996,0.9773631764857053,0.0,0.0,0.0,0.0,False,835.7808582888359,2.3537010078458214,1440,2023-11-07,-0.15426425347770084,0.369
178,5,186,441.38151718540087,6318.34254152731,6002.42541445096,6007.605993950663,0.9991376632380818,5.180579499703457,0.07353386118264227,0.19640837249229048,0.9948850510957485,0.0,0.0,0.0,0.0,False,792.8968560627095,1.4426297763361147,1440,2023-11-02,-0.14742950057386148,0.351
179,5,131,497.4100761578379,4554.249143234144,4326.536686072419,4331.262916978045,0.9989088099715444,4.726230905625579,0.11496726186537463,0.20055819967493424,0.9545565268121154,0.0,0.0,0.0,0.0,False,575.7783142585826,3.5361559593365595,1440,2023-08-19,-0.14019814035413566,0.377
180,5,202,855.2543956107965,7136.766923797529,6779.928577607639,6793.1927472641655,0.9980474321648141,13.264169656525713,0.12614504501352444,0.1982307536372417,0.9911358458069175,0.0,0.0,0.0,0.0,False,816.4883915341693,1.719389715942318,1440,2023-12-05,-0.143570581963918,0.385
181,5,236,1043.0206213123183,8407.467423665055,7987.094052481772,8000.592684842721,0.9983127959524146,13.498632360949031,0.13058824829892018,0.20114855130624984,0.9463255210667066,1.5972222222222223,0.0,0.0,0.0,False,1010.5733337769723,3.934650066792048,1440,2023-06-22,-0.1410596916506824,0.382
182,5,259,868.5944862205397,8807.566736746589,8367.18839990932,8379.149269545183,0.9985725436734567,11.960869635863205,0.10380960063358356,0.2013239780789992,0.9733154784499998,0.0,0.0,0.0,0.0,False,1091.1535433657546,2.6394409952579863,1440,2023-03-26,-0.1455275618372243,0.378
183,5,274,1422.919123855013,9381.017124922768,8911.966268676648,8922.292765075927,0.9988426185206902,10.326496399277623,0.15966388123081446,0.20103704282165608,0.9824449761656159,0.0,0.0,0.0,0.0,False,1144.4568716937297,2.287461979699408,1440,2023-02-22,-0.14955399579045642,0.369
184,5,158,678.7719387904893,6156.444089288037,5848.621884823628,5860.840897565102,0.9979151434145652,12.219012741474684,0.11605673133902014,0.20005088140286462,0.986287285396605,0.0,0.0,0.0,0.0,False,737.7223043254259,1.9494319289212445,1440,2023-09-22,-0.15219573752797,0.344
185,5,227,594.332817785059,7806.063609906294,7415.760429410989,7420.703059862374,0.9993339404081374,4.942630451384857,0.0801445547550226,0.19727139549468412,0.9911666784442921,0.0,0.0,0.0,0.0,False,902.6882680628439,1.7855023677992963,1440,2023-12-18,-0.15214211986678286,0.388
186,5,265,1512.7536501495213,9429.094339042726,8957.639622090555,8971.694017942806,0.9984334735642854,14.054395852252606,0.16887860128006257,0.19953265751869487,0.9873390436267665,0.0,0.0,0.0,0.0,False,1232.760794459332,1.9743301910888078,1440,2023-01-25,-0.1458479265145703,0.37
187,5,167,1047.9916253760343,6108.632578424993,5803.200949503715,5811.542026649517,0.998564739425861,8.341077145802272,0.1805885466478044,0.19491728706501607,0.9903972193840829,0.0,0.0,0.0,0.0,False,728.782353192264,1.839989143749521,1440,2023-02-06,-0.1457639811615586,0.35
188,5,182,636.6079341042728,6307.884680961703,5992.490446913613,6001.878827711821,0.9984357596899723,9.388380798207955,0.10623428435036604,0.19792853098379062,0.9555236025768633,0.0,0.0,0.0,0.0,False,727.247064501279,3.3648399434517056,1440,2023-07-21,-0.13528887423430672,0.358
189,5,272,1079.4762820490937,8883.281409474777,8439.117339001052,8458.1872424273,0.9977453911955754,19.069903426249834,0.1279134106905157,0.20079417427112514,0.9745160946671263,0.0,0.0,0.0,0.0,False,1010.6897959494431,2.2075999525671164,1440,2023-10-26,-0.13342995186299875,0.357
190,5,225,733.227036413321,7853.323126432969,7460.656970111331,7477.932321528738,0.997689822443609,17.275351417406686,0.09827915146759246,0.20156398371015308,0.9500334364499747,0.0,0.0,0.0,0.0,False,983.4724439597055,3.6514539967602753,1440,2023-06-07,-0.13828693791164456,0.372
191,5,212,686.1314377912403,7573.377409056218,7194.708538603432,7207.795162157445,0.9981843790979632,13.086623554012291,0.09536611999079334,0.2004876155337127,0.9517847285380673,0.0,0.0,0.0,0.0,False,845.7933800544555,3.6438837721608475,1440,2023-08-01,-0.14394430670193034,0.361
192,5,241,443.6679340313555,8513.804874366318,8088.114630648021,8105.553927587709,0.9978484756136984,17.439296939687516,0.05485430836380329,0.20217321350701153,0.9649055213656587,0.0,0.0,0.0,0.0,False,1081.028483697024,2.7257254649265454,1440,2023-05-20,-0.14612657252267575,0.36
193,5,212,986.4884151925181,7995.923719069702,7596.127533116225,7613.276985531807,0.997747428282437,17.149452415580868,0.12986727920138308,0.20254619387039466,0.9579358242029238,0.0,0.0,0.0,0.0,False,821.3068767058564,3.4199274745009394,1440,2023-06-29,-0.1516893613958801,0.367
194,5,297,1567.57682347788,10649.138472117309,10116.68154851142,10133.931152567677,0.9982978368614744,17.249604056256935,0.154949705193452,0.19972499176491265,0.977009134642944,0.0,0.0,0.0,0.0,False,1148.8888131963781,2.165312613567992,1440,2023-01-21,-0.15708745898740617,0.396
195,5,256,717.948463203971,9370.100845636984,8901.595803355089,8925.517621217623,0.9973198397137587,23.921817862532894,0.0806539051046746,0.19980651136695307,0.9778640314695692,0.0,0.0,0.0,0.0,False,977.652743619355,2.3358455696291927,1440,2023-10-10,-0.15518554201681228,0.394
196,5,129,636.1985239859382,4681.8084315487,4447.718009971282,4451.315117238121,0.9991919001076988,3.5971072668390844,0.1430393119706899,0.20090713447714717,0.9744382641732888,0.0,0.0,0.0,0.0,False,516.8693912594903,2.6888393555293617,1440,2023-09-26,-0.1538336771331737,0.387
197,5,146,570.6466387131721,5436.254933463361,5164.442186790171,5171.86342118225,0.9985650753340306,7.421234392079723,0.11049530967212612,0.20100798131772685,0.9891823795525658,0.0,0.0,0.0,0.0,False,620.7392139143465,1.8317601228733644,1440,2023-12-11,-0.15521891279254724,0.379
198,5,218,1172.1479620730518,7862.210731593389,7469.100195013689,7485.049082488453,0.9978692340826358,15.94888747476323,0.15693295463562912,0.1994222422941288,0.9880960749929932,0.0,0.0,0.0,0.0,False,952.6428626137899,1.75897930331545,1440,2023-03-02,-0.1565993634352077,0.363
199,5,268,1071.4160242666476,9655.501060794739,9172.726007755053,9191.354615533768,0.9979732467565519,18.628607778716514,0.11680453807960929,0.19985101710516337,0.9676285288427312,0.0,0.0,0.0,0.0,False,993.9436935730832,2.666184334238817,1440,2023-09-15,-0.1541862102121268,0.387
200,5,132,526.9067580950837,5060.050292254923,4807.047777642133,4818.583780597517,0.997605934963332,11.536002955383333,0.10961130042138514,0.20164124873499167,0.9929514545954695,0.0,0.0,0.0,0.0,False,668.2031882115418,1.7398630171637581,1440,2023-02-17,-0.1531915430731963,0.353
201,5,243,925.0458678687019,8043.590357361253,7641.410839493261,7650.7919654499065,0.9987738359637787,9.381125956645946,0.12105694711345295,0.20055163408400895,0.939973793337412,10.833333333333334,0.0,0.0,0.0,False,972.6925615805887,4.171649020655168,1440,2023-09-01,-0.15641638138442376,0.383
202,5,257,1141.153341957747,8649.719582129124,8217.233603022662,8236.530778165672,0.9976571234099961,19.297175143009316,0.13887317765165888,0.1971753272410685,0.9788607731107721,0.0,0.0,0.0,0.0,False,1096.525244908311,2.268132816797333,1440,2023-03-19,-0.15662668150544418,0.377
203,5,262,1603.0337453655977,9216.095415904443,8755.29064510926,8768.505259524787,0.9984929456019688,13.214614415525935,0.18309315022694977,0.19542770853761474,0.9868747332761275,0.0,0.0,0.0,0.0,False,1120.6359662042896,1.9924401078478065,1440,2023-01-22,-0.14922581290984496,0.384
204,5,278,758.4459098254488,10177.631913596972,9668.750317917164,9685.074539194351,0.9983144970943564,16.324221277187156,0.07844301330441561,0.20085397290464038,0.9496864198006555,0.06944444444444445,0.0,0.0,0.0,False,1315.7715731614082,3.7575743993523365,1440,2023-09-18,-0.13923174231264804,0.396
205,5,154,687.7656616625843,5331.321469869233,5064.755396375791,5077.277470276978,0.9975337030574962,12.522073901188651,0.13579444767554455,0.2011263725504222,0.9934049037171735,0.0,0.0,0.0,0.0,False,662.5663336761194,1.7363026080445898,1440,2023-02-20,-0.14321696608757892,0.35
206,5,220,837.3521813800738,7978.915935483775,7579.970138709597,7597.669929672407,0.9976703658981441,17.6997909628095,0.11046906070300475,0.20023312809123883,0.9483809030866266,0.06944444444444445,0.0,0.0,0.0,False,895.544722860813,3.648390603634968,1440,2023-06-12,-0.14706074295576477,0.36
207,5,265,873.8824712513002,9368.486575974983,8900.062247176207,8911.912923218953,0.9986702432861669,11.85067604274432,0.09818835497791757,0.19910814557581757,0.9454057752083099,1.6666666666666667,0.0,0.0,0.0,False,1213.3756725229377,4.097253454160278,1440,2023-05-22,-0.14818228304467193,0.372
208,5,184,620.9741626551535,6405.952179791856,6085.654570802255,6092.528630397205,0.998871723054258,6.8740595949506345,0.10203900918636796,0.20013924722114726,0.9496978260127157,0.1388888888888889,0.0,0.0,0.0,False,853.5906011314717,3.6019063256649977,1440,2023-07-24,-0.14655996086066178,0.369
209,5,154,587.5903682762212,5666.459379270427,5383.136410306939,5392.552728773498,0.9982538291343328,9.416318466558543,0.10915390647563351,0.19958425917140077,0.9700208923664171,0.0,0.0,0.0,0.0,False,657.3361194116078,2.735480018627234,1440,2023-09-30,-0.14753748909423636,0.337
210,5,206,420.6121395327458,7555.529540642426,7177.753063610259,7191.893582002183,0.9980338254131971,14.140518391925443,0.05859941625258235,0.2018479172933421,0.9844158725995636,0.0,0.0,0.0,0.0,False,853.32973332809,1.965741784059155,1440,2023-11-18,-0.14707775093022377,0.355
211,5,134,490.5316483612049,4514.795241610446,4289.055479529943,4297.531519562261,0.9980276956681446,8.476040032317991,0.11436822179203064,0.19521366585521513,0.9678370673946626,0.0,0.0,0.0,0.0,False,522.5787125847554,2.9132084388376494,1440,2023-09-07,-0.1517824041319517,0.331
212,5,159,821.6591283490005,5655.1285171847885,5372.372091325564,5379.811608604938,0.9986171416732373,7.439517279374598,0.15294158974499972,0.19528793535965872,0.9972654709011113,0.0,0.0,0.0,0.0,False,618.1118972146234,1.5536735688741752,1440,2023-01-05,-0.14071145682221547,0.344
213,5,274,497.60011702150524,9424.697593158406,8953.46271350051,8967.53987255367,0.9984302094829547,14.077159053160528,0.05557627623457873,0.19864308379295806,0.9706380067087484,0.0,0.0,0.0,0.0,False,1130.2230273517348,2.693171717254563,1440,2023-05-20,-0.13178248865218534,0.37
214,5,240,1102.5940262960514,8221.955451842678,7810.857679250547,7818.9495659645045,0.9989650928624504,8.091886713957312,0.14116170996497346,0.1974810686451791,0.9682486899334181,0.0,0.0,0.0,0.0,False,1083.5678082428935,2.8725535335721526,1440,2023-10-12,-0.1319527948590677,0.381
215,5,275,1144.0409210636597,10080.884175674524,9576.839966890784,9587.441034479347,0.9988942755892383,10.601067588563057,0.11945912482811215,0.19728367903504512,0.9493628626868786,0.06944444444444445,0.0,0.0,0.0,False,1128.317705033588,3.880105809811287,1440,2023-09-05,-0.12940665993171876,0.384
216,5,272,1119.464733958833,9894.645176402817,9399.912917582678,9415.011256541904,0.998396354656641,15.098338959225007,0.11909309626314275,0.19806084315075437,0.9375346766387355,6.805555555555555,0.0,0.0,0.0,False,1148.1199955591683,4.34144097580579,1440,2023-06-27,-0.12679967879929716,0.386
217,5,278,1415.9664096297079,9687.476025282558,9203.102224018363,9211.217512701387,0.9991189776300653,8.115288683024891,0.1538575118653254,0.19438469789033336,0.9734950795701517,0.0,0.0,0.0,0.0,False,1338.3254942266906,2.617784733059014,1440,2023-03-05,-0.12632689710545797,0.388
218,5,176,537.7053220513319,5886.178494545923,5591.869569818624,5597.468229157761,0.9989997872055846,5.598659339136754,0.09615841631098215,0.19619495909197301,0.9900590030904856,0.0,0.0,0.0,0.0,False,715.8995732458081,1.8453713433828893,1440,2023-03-30,-0.11758038707197703,0.369
219,5,205,880.4780009141915,7572.501861432028,7193.876768360432,7201.815274623251,0.9988977075973066,7.938506262818342,0.12239269996765077,0.1975841056184925,0.9622540490093088,0.0,0.0,0.0,0.0,False,851.465546010106,3.137239893264688,1440,2023-09-13,-0.11437550164339817,0.393
220,5,231,827.6503650314368,8180.326685550585,7771.310351273032,7791.1722850796505,0.9974507130532007,19.8619338066173,0.10650074795891505,0.19876393522767746,0.9721160367822125,0.0,0.0,0.0,0.0,False,951.1446885052419,2.520525632982703,1440,2023-04-12,-0.11474692093980254,0.345
221,5,169,609.0017664528776,5978.258733161462,5679.34579650337,5686.019136170644,0.9988263599704014,6.673339667274175,0.1072309713607903,0.20041504682837166,0.9517728074963079,0.0,0.0,0.0,0.0,False,650.5774070845972,3.7420373117066816,1440,2023-05-17,-0.11757787827851687,0.349
222,5,286,382.94425976745856,10123.066013615373,9616.912712934623,9634.09405708086,0.9982166102962625,17.1813441462374,0.039819874755897856,0.19848002465304615,0.9446679675288144,2.7777777777777777,0.0,0.0,0.0,False,1021.7389905282948,3.9702277663213454,1440,2023-07-01,-0.12349584201243417,0.4
223,5,121,369.3987530687955,4408.756711514664,4188.318875938929,4196.567908572355,0.998034338341916,8.249032633427037,0.08819738038355172,0.1964339991951116,0.9993675120902265,0.0,0.0,0.0,0.0,False,526.6278636479184,1.4733439723045436,1440,2023-01-11,-0.1238971654465042,0.322
224,5,271,802.1453946633699,9627.502407029948,9146.127286678433,9160.553519832418,0.9984251788799932,14.426233153984636,0.08770328353419213,0.19938725336807323,0.9496908685499168,0.06944444444444445,0.0,0.0,0.0,False,1083.587714356905,3.7850878883818986,1440,2023-08-08,-0.11953866814605973,0.375
225,5,236,805.4467757789993,8545.06977004747,8117.816281545114,8128.970318628934,0.9986278659354606,11.154037083819842,0.09921963590258705,0.19625852186089446,0.9881045944846846,0.0,0.0,0.0,0.0,False,1065.0820522484996,1.8553575737086738,1440,2023-01-29,-0.12251839215462344,0.367
226,5,165,560.9196208699839,5943.816111895448,5646.625306300706,5663.622338421685,0.9969989114553646,16.997032120979085,0.09933714217660054,0.19782656833841122,0.9578460518706564,0.0,0.0,0.0,0.0,False,768.7569857631546,3.4454022844187957,1440,2023-06-08,-0.11783188813872583,0.355
227,5,250,1087.032064154001,8718.335568856628,8282.418790413813,8301.998158123111,0.997641607798944,19.57936770929891,0.13124572563417672,0.19520291583774915,0.9691047865463088,0.0,0.0,0.0,0.0,False,918.7973039715966,2.7975075636399667,1440,2023-09-28,-0.1174237155934652,0.364
228,5,194,841.1483913366794,6431.438102519404,6109.866197393414,6114.226819989571,0.9992868071917286,4.360622596157052,0.13767050933055283,0.1924917550934525,0.9709706761191116,0.0,0.0,0.0,0.0,False,856.3817408342447,2.6142626259098645,1440,2023-06-20,-0.11108528784768758,0.354
229,5,271,1126.7044690126081,9971.585038826288,9473.00578688491,9493.649615168219,0.9978255118821402,20.64382828330714,0.11893843351943227,0.19570344183583765,0.9849655060565287,0.0,0.0,0.0,0.0,False,1181.0456049328982,2.2758602378975277,1440,2023-04-11,-0.09967457976828552,0.368
230,5,300,1043.6198866238462,10696.242265722824,10161.430152436675,10176.46906866052,0.9985221872024197,15.038916223845005,0.10270403584613431,0.19970175305089516,0.9467339391501131,2.013888888888889,0.0,0.0,0.0,False,1278.2273270435599,4.142247700223128,1440,2023-07-24,-0.09739689622980305,0.386
231,5,171,1008.7857504140679,6116.809613383871,5810.969132714663,5819.541944305026,0.998526892378746,8.572811590363038,0.17360025967696058,0.192202858495014,1.0001744240863821,0.0,0.0,0.0,0.0,False,676.0502211589591,1.5120455808950446,1440,2023-01-20,-0.10435612172468833,0.331
232,5,205,633.0971780585389,7545.489219292155,7168.214758327535,7179.472048630623,0.9984320169746693,11.257290303088947,0.0883200628612655,0.19819914564383215,0.9613404184249277,0.0,0.0,0.0,0.0,False,918.5052028915012,3.3126869301155546,1440,2023-05-19,-0.09303607702240874,0.361
233,5,158,698.5689810019256,5604.81517200795,5324.574413407578,5327.76390823745,0.9994013445631589,3.1894948298717183,0.13119714868532772,0.19327806451461946,0.9946925487519346,0.0,0.0,0.0,0.0,False,663.123031327695,1.6692969770482102,1440,2023-02-16,-0.09708183027017658,0.343
234,5,245,754.9549682134673,8967.805180541875,8519.414921514723,8537.539089887361,0.9978771203057675,18.12416837263949,0.08861582340671334,0.19322553125681596,0.982820718785347,0.0,0.0,0.0,0.0,False,1065.0305765590354,2.249431311301137,1440,2023-12-15,-0.0891559576098539,0.367
235,5,235,1720.123519723212,9249.978165854644,8787.479257561878,8796.584812516134,0.998964876125414,9.105554954258018,0.1957470930293231,0.18941078135132342,0.9867113937915805,0.0,0.0,0.0,0.0,False,954.8081821404896,1.8513342690349908,1440,2023-01-24,-0.08236096287726885,0.364
236,5,272,1865.4670185421057,9765.972729745901,9277.674093258593,9285.860254715797,0.9991184272396252,8.186161457203093,0.20107054847912842,0.18972793822039785,0.9915275598113656,0.0,0.0,0.0,0.0,False,1146.7172117737555,2.015279853392193,1440,2023-01-24,-0.06800305636668341,0.364
237,5,265,1480.9394382121648,9611.990104120234,9131.390598914215,9148.192793349901,0.9981633318388414,16.8021944356869,0.16218115107114778,0.18947164603154495,0.9871447035151694,0.0,0.0,0.0,0.0,False,1143.2829254451924,2.0853987503839058,1440,2023-02-04,-0.05670087318119868,0.36
238,5,296,1479.569849279996,10550.437638947775,10022.915757000359,10034.513688558674,0.9988441959502692,11.597931558313475,0.14761870548962883,0.192213554628592,0.9861724130371841,0.0,0.0,0.0,0.0,False,1181.9914510070487,2.109174396475412,1440,2023-01-15,-0.0465688661189118,0.371
239,5,294,1159.3631699091068,10568.20735815149,10039.796990243904,10046.105930150643,0.9993720014550309,6.308939906737866,0.11547675426462399,0.19164496312628554,0.9831936355099565,0.0,0.0,0.0,0.0,False,1297.2203068902945,2.3238571503260514,1440,2023-02-19,-0.044106137114015356,0.378
240,5,281,1417.2110822862028,10238.798333069995,9726.858416416486,9732.2864838506,0.9994422618525338,5.42806743411486,0.1457008030356757,0.19214709942595704,0.9377133698771872,12.430555555555555,0.0,0.0,0.0,False,1222.3241483198021,4.347705393695991,1440,2023-08-21,-0.04046730076133828,0.399
241,5,147,834.3402181209691,5529.798283057869,5253.308368904962,5259.527062159228,0.9988176326158662,6.2186932542667055,0.15882186224961417,0.18548910999380816,0.993450544621021,0.0,0.0,0.0,0.0,False,653.5544956548274,1.7304879798833228,1440,2023-02-12,-0.038268286509771765,0.353
242,5,127,344.2386872843855,4844.281871849949,4602.067778257445,4607.711026245257,0.9987752600031407,5.643247987811802,0.07480087297078665,0.19296934505183924,0.9963266672162662,0.0,0.0,0.0,0.0,False,603.5121072896688,1.494186018521793,1440,2023-12-17,-0.021135953857481432,0.344
243,5,207,747.5509947341787,7397.148196679314,7027.290786845389,7038.113005547919,0.9984623408726176,10.822218702529387,0.10637826402936724,0.19232718719044312,0.9908720577701536,0.0,0.0,0.0,0.0,False,862.3414235938902,1.8391666162565796,1440,2023-12-07,-0.023535072115909522,0.393
244,5,182,679.1191551906617,6166.962447067871,5858.614324714468,5868.360755705371,0.9983391561295158,9.746430990903647,0.11591805118930745,0.1910668526440236,0.9604036874518814,0.0,0.0,0.0,0.0,False,792.9876063088896,3.2695486196031114,1440,2023-07-08,-0.023657978787102657,0.354
245,5,281,1262.045953855831,10069.85313652834,9566.360479701847,9580.475842014957,0.9985266533159859,14.115362313110486,0.13192540219801177,0.1925612524314208,0.9703483373444348,0.0,0.0,0.0,0.0,False,1278.826337808628,2.8632554935182735,1440,2023-07-04,-0.0205369107541354,0.391
246,5,264,1177.1065584010134,9751.285002263567,9263.720752150417,9272.95477265329,0.9990041986907879,9.234020502873221,0.12706628253315688,0.1940733858866035,0.9738555352210316,0.0,0.0,0.0,0.0,False,1187.091861029571,2.626066953696954,1440,2023-04-17,-0.020955798481606502,0.387
247,5,196,523.6510664115962,7090.9905677433835,6736.441039356232,6748.8864049991735,0.9981559378990699,12.445365642942814,0.0777340829307754,0.19478722282582644,0.9592633159520586,0.0,0.0,0.0,0.0,False,872.0145740484209,3.4007917624778443,1440,2023-07-22,-0.024321271559315488,0.382
248,5,224,755.0057372448306,8461.733305817072,8038.646640526206,8054.460544429774,0.9980366278019074,15.813903903567201,0.09392199595371295,0.1961424193951202,0.9938591659747855,0.0,0.0,0.0,0.0,False,1015.3564165830612,1.7544718034334816,1440,2023-01-10,-0.028323452429064477,0.389
249,5,226,1007.0557877745722,8171.963490625304,7763.365316094015,7770.594563406614,0.9990696661299712,7.229247312598251,0.12971897453889913,0.19385128854531863,0.9855069991173833,0.0,0.0,0.0,0.0,False,940.7199114736869,1.9145881804272373,1440,2023-03-11,-0.034313750547065924,0.399
250,5,281,1192.6972465686194,10199.204723728533,9689.244487542079,9698.731324439115,0.9990218476438117,9.486836897039208,0.12309496866366897,0.19365664832307752,0.9765728091385228,0.0,0.0,0.0,0.0,False,1302.6086339742808,2.457267384208058,1440,2023-04-15,-0.03375806559916958,0.397
251,5,124,500.9544647689947,4448.803314631971,4226.363148900357,4229.815196929558,0.999183877340148,3.452048029200858,0.11853086143327184,0.18979270366487683,0.9566946533735176,0.0,0.0,0.0,0.0,False,628.8055443096589,3.315956188178262,1440,2023-09-17,-0.03256814156807593,0.35
252,5,208,965.7350962946606,7250.66603689549,6888.1327350507545,6896.931850856225,0.9987241985283097,8.799115805470834,0.14020274193911053,0.19527297897093795,0.9815839559625762,0.0,0.0,0.0,0.0,False,855.587927371864,2.3000630958783725,1440,2023-04-03,-0.022605159278403314,0.396
253,5,241,1181.9194830989952,8754.646727584002,8316.914391204782,8328.13351788414,0.9986528642155814,11.219126679356933,0.1421103341341215,0.19370810851132317,0.9704430759940981,0.0,0.0,0.0,0.0,False,1181.8446978203074,2.859566005083962,1440,2023-10-12,-0.026455028068546604,0.384
254,5,202,1009.1354444713344,7149.315484671936,6791.849710438319,6795.577765545846,0.9994513998314567,3.728055107526062,0.1485803554987981,0.19511361245029807,0.9894954021003955,0.0,0.0,0.0,0.0,False,893.8315429482309,1.781180410161839,1440,2023-03-15,-0.025777613515074876,0.379
255,5,286,1010.4286148672852,9900.619607354118,9405.588626986437,9418.178074559512,0.998663282062262,12.589447573074764,0.10742853583540447,0.19860534737773633,0.9437736326661585,4.583333333333333,0.0,0.0,0.0,False,1285.172702851598,4.013481475593942,1440,2023-07-21,-0.028083471160557177,0.39
256,5,292,1590.4169257299955,10312.877408352884,9797.233537935184,9809.363327124296,0.9987634478625569,12.129789189111085,0.16233326679126847,0.19329122314269176,0.9826581842893445,0.0,0.0,0.0,0.0,False,1395.607822863789,2.2520019064666648,1440,2023-02-04,-0.037540241486194004,0.367
257,5,269,1228.6061414831272,9914.50014110192,9418.775134046797,9434.426719671712,0.9983410135994506,15.651585624913867,0.13044224158638068,0.19298203729364288,0.9303353632100845,13.125,0.0,0.0,0.0,False,1293.2911997918723,4.50000336340659,1440,2023-08-28,-0.033079145586739994,0.38
258,5,204,265.2586171632176,7293.993238610793,6929.293576680266,6942.226581758621,0.9981370522949599,12.933005078354956,0.03828075895873639,0.20245792921980996,0.9795887467756317,0.0,0.0,0.0,0.0,False,874.5272813493566,2.3196904097119293,1440,2023-10-28,-0.0284791618639514,0.366
259,5,280,1123.5580287655036,10176.137723871667,9667.330837678093,9682.042152286689,0.9984805566452609,14.711314608595103,0.11622215559091807,0.19638422700201696,0.9638101427058062,0.0,0.0,0.0,0.0,False,1249.6047660491624,3.13928756363216,1440,2023-07-07,-0.04576903358427859,0.377
260,5,133,509.68121944950144,4902.919671675168,4657.773688091382,4663.272583407252,0.9988208076586739,5.498895315870412,0.10942593040804302,0.19577325938341386,0.9689581180233827,0.0,0.0,0.0,0.0,False,675.3230091601057,2.8177407093175044,1440,2023-05-09,-0.04605799743149659,0.324
261,5,239,943.7083988026095,8593.805985978892,8164.11568667998,8175.5486004786335,0.9986015722788335,11.432913798653892,0.11559223742288469,0.20053151399764527,0.9816014255837304,0.0,0.0,0.0,0.0,False,1062.3524584190495,2.2831140945516473,1440,2023-04-18,-0.044733702717514874,0.346
262,5,168,821.7705407185223,5805.587113255241,5515.307757592477,5521.593032974964,0.998861691663085,6.2852753824873515,0.14899812972127574,0.195287363491846,0.9922808286471854,0.0,0.0,0.0,0.0,False,744.2850113191932,1.732509263001316,1440,2023-10-15,-0.05416900279752084,0.33
263,5,164,636.6720347922009,5984.646960267437,5685.414612254083,5691.332623238187,0.9989601713033007,5.918010984103802,0.11198339579666662,0.19593607510146258,0.9747925771212551,0.0,0.0,0.0,0.0,False,755.0889312099146,2.503521902888632,1440,2023-11-07,-0.04994447992335954,0.342
264,5,242,1206.3422773873224,8490.303434442441,8065.78826272028,8074.447054669033,0.9989276303516356,8.658791948753157,0.1495628496675252,0.1987755281835087,0.9851319415453751,0.0,0.0,0.0,0.0,False,1057.5466438975634,1.9947330923717785,1440,2023-10-15,-0.047788830920260095,0.35
265,5,259,929.1489937197344,9347.130427306649,8879.773905941383,8893.859650501348,0.9984162393928523,14.085744559966292,0.10463655984507089,0.19937351765058803,0.9880750404219407,0.0,0.0,0.0,0.0,False,1134.4222221622908,2.1527835636264205,1440,2023-12-08,-0.05224988490745741,0.364
266,5,280,1144.4280764097591,10135.03655231881,9628.284724702888,9642.623622169383,0.998512967214283,14.338897466496507,0.11886105460441442,0.20049012792157514,0.9347186365140213,5.416666666666667,0.0,0.0,0.0,False,1184.559082339856,4.322664469578467,1440,2023-06-27,-0.05710298080731922,0.375
267,5,158,720.090512612462,5626.828121633146,5345.486715551494,5352.994195253272,0.9985975176830129,7.507479701778108,0.13470999946880802,0.19867689478698966,0.9808371725093659,0.0,0.0,0.0,0.0,False,660.8853015997604,2.2688690726420973,1440,2023-04-13,-0.06346650651945906,0.351
268,5,277,1676.79331429924,9615.824536938284,9135.033310091325,9143.962582947195,0.9990234788501298,8.929272855870565,0.18355634373515783,0.19927532638158835,0.9849490681674911,0.0,0.0,0.0,0.0,False,1194.5013068001708,2.1408438948932846,1440,2023-01-22,-0.06450205893243238,0.361
269,5,270,559.9273927048849,9898.950218350017,9404.002707432499,9426.995280830673,0.9975609860073943,22.99257339817281,0.059541389993682546,0.20273735260964224,0.9684584007026368,0.0,0.0,0.0,0.0,False,1072.4324224490842,2.7429950905658975,1440,2023-10-29,-0.06661081669000754,0.377
270,5,176,760.2114286357399,6175.586710400273,5866.8073748802635,5875.646232852681,0.9984956790075282,8.83885797241747,0.12957838566350666,0.20078673669824282,0.9911664035122785,0.0,0.0,0.0,0.0,False,744.8679677531177,1.9099425946068007,1440,2023-01-18,-0.07605114822826835,0.36
271,5,131,377.2563432321765,4604.377237299683,4374.158375434721,4378.750143118996,0.9989513519762048,4.591767684274483,0.08624661268573369,0.20168815113956953,0.959906640568539,0.0,0.0,0.0,0.0,False,473.9211838412269,3.077531206358717,1440,2023-07-31,-0.07935139528871041,0.341
272,5,259,952.4232267138534,8754.34213003183,8316.625023530218,8335.53106900999,0.9977318727117386,18.906045479772807,0.11452040028487077,0.2013966406696002,0.9785980546443472,0.0,0.0,0.0,0.0,False,1073.4837307456153,2.3066440139635365,1440,2023-11-06,-0.08405911226496132,0.364
273,5,269,1164.4016555584358,9651.32237223979,9168.75625362781,9182.130863607472,0.9985434089125573,13.374609979660793,0.12699668562982205,0.20191381494579672,0.9855585669498952,0.0,0.0,0.0,0.0,False,1018.0275226310257,1.966322785556145,1440,2023-03-28,-0.0872537948455095,0.371
274,5,203,661.0353935221151,7168.6913916003205,6810.256822020293,6818.547398360158,0.9987841139973803,8.290576339864131,0.09706467917402505,0.20110021801708577,0.9904081782293251,0.0,0.0,0.0,0.0,False,826.8759540321352,1.8367516138704718,1440,2023-03-22,-0.09104301506487024,0.369
275,5,149,637.0388956643922,5637.32054739532,5355.4545200255425,5363.944090614719,0.9984172895082872,8.489570589176962,0.11895141547413493,0.20009594974173917,0.9464445176995645,0.9027777777777778,0.0,0.0,0.0,False,741.1279536157023,3.6830056876505517,1440,2023-06-23,-0.09233948889804905,0.365
276,5,146,599.107470148613,5495.829197582524,5221.037737703366,5234.272520660056,0.9974715143499976,13.234782956691564,0.1147487339197339,0.19964642297520163,0.9710349339556262,0.0,0.0,0.0,0.0,False,564.4551884829998,2.7432737401219898,1440,2023-08-11,-0.0911720752459165,0.344
277,5,187,1220.2227317149434,7043.391165992586,6691.221607692934,6698.798301057928,0.9988689473806374,7.576693364993726,0.18236172753747187,0.19775731813580577,0.9841703282566844,0.0,0.0,0.0,0.0,False,836.4050019085407,1.9511564623190027,1440,2023-02-06,-0.08923150658658797,0.358
278,5,257,818.9542129586858,9173.23932264604,8714.577356513795,8721.877382779236,0.9991630212229475,7.30002626544099,0.09397520722523056,0.20127928433959608,0.959942835393359,0.0,0.0,0.0,0.0,False,994.2665256956802,3.4357613751459133,1440,2023-08-05,-0.08341088691924455,0.379
279,5,177,642.1579201162145,6499.618829320257,6174.637887854213,6183.731707631098,0.9985293961305496,9.093819776885493,0.10399928413281817,0.20128967910688017,0.995001828381663,0.0,0.0,0.0,0.0,False,776.2601083162084,1.8270545525015294,1440,2023-12-14,-0.08656668105068828,0.364
280,5,125,451.65275415968426,4485.316067850459,4261.0502644579365,4265.325982605253,0.9989975635708143,4.275718147315356,0.10599564101061845,0.19767633882835756,0.9568710329425416,0.0,0.0,0.0,0.0,False,511.48357342793736,3.4093835588755046,1440,2023-05-18,-0.08917866879921228,0.36
281,5,245,1201.25593358479,8698.016401232431,8263.11558117083,8279.781497844917,0.9979871550138824,16.665916674087804,0.14537566633124352,0.20078095455053055,0.9793106657273686,0.0,0.0,0.0,0.0,False,965.7579762407911,2.484317883030787,1440,2023-10-09,-0.08320272732669962,0.383
282,5,254,1008.2822639448709,8791.994999369084,8352.395249400635,8364.681039182706,0.9985312303332883,12.285789782070436,0.12071773830593384,0.1979244372532995,0.9712796192471814,0.0,0.0,0.0,0.0,False,1082.9418843900305,2.8789190183026396,1440,2023-09-09,-0.0852911764649966,0.374
283,5,152,662.9608087221734,5517.570104505123,5241.691599279906,5248.879234865797,0.9986306342241317,7.187635585891308,0.12647840800348684,0.1982234488158872,0.9995935164608928,0.0,0.0,0.0,0.0,False,657.805192815009,1.495847961742377,1440,2023-10-24,-0.08057381958439085,0.352
284,5,221,518.49537696718,7992.836396760251,7593.194576922269,7608.958196509759,0.9979282814834336,15.763619587490101,0.06828422105012624,0.19887248555082984,0.9690203649422329,0.0,0.0,0.0,0.0,False,786.6751416341399,2.944567015993622,1440,2023-10-06,-0.0773689319583935,0.376
285,5,191,1058.005446886828,6527.623426791708,6201.2422554521345,6209.218586932873,0.998715404946844,7.976331480739038,0.17061185538375462,0.1953366859288924,0.9900116820946675,0.0,0.0,0.0,0.0,False,726.8934856711091,1.842028026757287,1440,2023-11-29,-0.07617652695201096,0.357
286,5,210,829.8746451557707,7390.643036283579,7021.110884469414,7025.993793563402,0.9993050222875999,4.8829090939882684,0.11819705724794069,0.19514529817288362,0.9793542486656297,0.0,0.0,0.0,0.0,False,1031.8392328370633,2.574779751951297,1440,2023-04-23,-0.06721067807508717,0.363
287,5,121,208.31568268531242,4660.872114904606,4427.828509159382,4436.6794051960205,0.9980050629697802,8.850896036637907,0.04704691752501068,0.19837455930230008,0.9925533487778873,0.0,0.0,0.0,0.0,False,581.8934270869197,1.917760000326775,1440,2023-12-30,-0.05937421081897301,0.349
288,5,234,972.2305551835954,8630.91645921453,8199.370636253769,8207.486701619167,0.9990111387736031,8.116065365398082,0.11857380258978026,0.20017280428557377,0.9712066477916138,0.0,0.0,0.0,0.0,False,1111.437480568644,2.7809329268851806,1440,2023-04-28,-0.060128139463912905,0.372
289,5,167,589.9921622234154,5856.963588727896,5564.115409291529,5571.7583661975195,0.9986282684201888,7.642956905990197,0.10603521293576804,0.19561669425339182,0.9930975741058053,0.0,0.0,0.0,0.0,False,748.0239377871446,1.7708015417074143,1440,2023-12-14,-0.06469606155734561,0.378
290,5,220,744.9367000487599,7705.133900953972,7319.877205906251,7334.0418316834475,0.9980686467159208,14.164625777196829,0.10176901594027923,0.2011108920636591,0.9561878204230899,0.0,0.0,0.0,0.0,False,877.2075024339531,3.654306442843297,1440,2023-06-30,-0.05810779187396109,0.364
291,5,196,847.2908909151497,7672.165990225207,7288.557690713935,7300.511521151242,0.9983626037158253,11.953830437306578,0.1162494593401723,0.2008061517514772,0.9800794268767589,0.0,0.0,0.0,0.0,False,734.691969565846,2.3594830252273233,1440,2023-04-23,-0.06497995591302441,0.345
292,5,230,968.2656201833294,8335.193260401144,7918.433597381121,7933.527154856035,0.9980974972190427,15.093557474912824,0.12227994442026587,0.20041111814858384,0.9559270032144146,0.0,0.0,0.0,0.0,False,927.6964382529259,3.448684352196115,1440,2023-09-06,-0.06984756604504878,0.361
293,5,139,513.3693821742801,5083.068276103361,4828.914862298151,4835.865249404556,0.998562741774647,6.950387106404764,0.10631154137390612,0.2003429001582235,0.995743768100317,0.0,0.0,0.0,0.0,False,576.0643773969574,1.7124613599618406,1440,2023-01-04,-0.07289313613173208,0.331
294,5,185,778.1448409113269,6467.640777624383,6144.258738743181,6150.957590682641,0.9989109253574423,6.698851939459221,0.12664584517000627,0.19749924562083168,0.9768746516236838,0.0,0.0,0.0,0.0,False,875.2152107976468,2.2458893533093676,1440,2023-10-30,-0.07519665763019716,0.351
295,5,234,1071.0788235299183,8083.40260831981,7679.232477903816,7686.071645090724,0.9991101869065616,6.839167186906627,0.13947732753394756,0.19705916473646629,0.9686761517145608,0.0,0.0,0.0,0.0,False,907.8718742501557,2.731530915500375,1440,2023-10-12,-0.0706583971277488,0.383
296,5,258,795.9359383903135,9019.551208080027,8568.57364767601,8590.22715364999,0.9974792859854958,21.65350597397986,0.09289013214074307,0.19819574121950906,0.9693121834875613,0.0,0.0,0.0,0.0,False,1066.443931281146,2.8932000419712756,1440,2023-08-12,-0.06591256901700954,0.367
297,5,188,1060.003721400239,6823.210910917121,6482.050365371249,6486.174619694144,0.999364146887077,4.124254322894172,0.16352907824706928,0.1951117446754383,0.9816994378457113,0.0,0.0,0.0,0.0,False,871.6911628490445,2.2251030820330544,1440,2023-02-11,-0.06452616185208768,0.35
298,5,124,561.9104071435057,4686.188076536462,4451.878672709627,4458.718502385217,0.9984659651260936,6.839829675590489,0.1262187153904399,0.19712650018616237,0.9532178189087761,0.0,0.0,0.0,0.0,False,565.3816931493893,3.56218197168777,1440,2023-08-29,-0.05638783095696643,0.338
299,5,251,790.598804602242,8833.779923667267,8392.090927483876,8407.11236552036,0.9982132464295244,15.02143803648521,0.09420760707120698,0.1994118114606864,0.9344413466074787,6.180555555555555,0.0,0.0,0.0,False,1167.734366835666,4.419153602869935,1440,2023-06-06,-0.05416595337377053,0.373
300,5,211,1173.4245520220147,7855.600997285967,7462.820947421645,7471.384737188326,0.9988537881439761,8.563789766681044,0.15723605862839643,0.1961802433010005,0.9908142164418178,0.0,0.0,0.0,0.0,False,951.3812050677718,1.7551143997638106,1440,2023-03-02,-0.05738672668420097,0.357
301,5,238,999.3341978643446,8388.151202430266,7968.7436423087765,7980.243628882205,0.9985589429210147,11.49998657342866,0.12540674449088043,0.20039733029357237,0.9507180504743418,0.0,0.0,0.0,0.0,False,1118.5898698402325,3.8072453687267327,1440,2023-08-16,-0.05266290754628639,0.36
302,5,148,226.62173605641738,5325.9509910181705,5059.653441467247,5072.379938131461,0.9974910206215936,12.726496664213979,0.0447899720164825,0.20073908089139061,0.9470248492882499,1.3888888888888888,0.0,0.0,0.0,False,576.2877084001691,3.8132072923952762,1440,2023-07-02,-0.05818131013429147,0.355
303,5,198,430.7803787595907,7252.787712526438,6890.148326900131,6904.64056540495,0.997901087193817,14.492238504818037,0.06252120539666209,0.19859798877730978,0.9892087097953055,0.0,0.0,0.0,0.0,False,873.9995052066787,1.9082935845391733,1440,2023-01-07,-0.06338483756446517,0.372
304,5,279,780.0922294409847,10510.568484923555,9985.040060677358,10002.590864265772,0.9982453742408766,17.550803588411227,0.07812609911432497,0.20080032430150155,0.9415951597817309,1.0416666666666667,0.0,0.0,0.0,False,1457.0444509180738,4.050717557157244,1440,2023-07-22,-0.06276715629649178,0.392
305,5,276,1538.8310738717241,10263.126066502815,9749.969763177716,9766.535858711108,0.9983037900261621,16.566095533393806,0.15782931755166668,0.19800893189035992,0.9853562668350352,0.0,0.0,0.0,0.0,False,1084.1316872721914,1.9937605610510558,1440,2023-02-27,-0.06715816565041004,0.376
306,5,177,954.3768138890628,6207.645453501419,5897.263180826327,5904.087118635203,0.9988442010302765,6.82393780887613,0.16183385150454402,0.19762378925419008,0.9941188972700225,0.0,0.0,0.0,0.0,False,829.4619195366112,1.781522656114746,1440,2023-02-08,-0.06443035642355108,0.352
307,5,234,1400.7231027086902,8736.441093034022,8299.61903838229,8312.572630956283,0.9984416866896593,12.95359257399144,0.16876956595609122,0.19811981948227292,0.9854965685495961,0.0,0.0,0.0,0.0,False,982.3676176789704,2.0933851802128607,1440,2023-11-29,-0.06128198470519975,0.362
308,5,135,284.4815007318035,4901.064859557831,4656.011616579934,4665.578195287117,0.9979495405913791,9.56657870718269,0.06109982623728267,0.20087015267682318,0.9980774680884568,0.0,0.0,0.0,0.0,False,561.8117200618688,1.551047892150349,1440,2023-10-21,-0.05976054480641458,0.341
309,5,266,1147.6716474617263,9638.156730471215,9156.2488939477,9165.713686271949,0.9989673698472139,9.464792324246435,0.12534299370349572,0.19974144560387655,0.9438494335346495,3.4722222222222223,0.0,0.0,0.0,False,1213.2205608244021,4.106105577360427,1440,2023-08-25,-0.06463763354923817,0.389
310,5,168,47.801735423692605,5720.323695410431,5434.307510639906,5442.727899264577,0.9984529102353602,8.4203886246711,0.008796288272259332,0.20067518825376543,0.9946143080596954,0.0,0.0,0.0,0.0,False,734.2333006875813,1.6325507487856572,1440,2023-12-24,-0.06604322126320829,0.351
311,5,181,913.8704806282157,6653.10544847424,6320.450176050471,6329.645105998829,0.9985473229866167,9.194929948358203,0.14458946042974363,0.19358754497735206,0.9930464763421822,0.0,0.0,0.0,0.0,False,775.0495054761154,1.8042829916545788,1440,2023-02-02,-0.06925568467682819,0.356
312,5,294,1298.9028218058024,11022.599514772242,10471.469539033538,10484.632609925662,0.9987445367537569,13.163070892122388,0.12404207613496858,0.20015367935123807,0.9386091749641392,10.694444444444445,0.0,0.0,0.0,False,1337.6004023644527,4.1934336088150745,1440,2023-08-30,-0.0559122174484823,0.405
313,5,218,706.531901157457,7654.18235348928,7271.473235814778,7280.231632122354,0.9987969618619094,8.758396307576335,0.0971648905585622,0.19889063903062346,0.9910025966022352,0.0,0.0,0.0,0.0,False,876.6642255665654,1.6398398708770507,1440,2023-01-10,-0.05969062325591671,0.363
314,5,278,854.9019804434273,10202.594460795595,9692.464737755796,9711.765071839292,0.9980126852389108,19.30033408349612,0.0882027434274032,0.19977010182663096,0.9417482145998458,5.486111111111111,0.0,0.0,0.0,False,1075.0096265834295,4.006848391181334,1440,2023-05-31,-0.059879191148043256,0.378
315,5,155,595.1029441807948,5510.635069181895,5235.103315722835,5245.928681345618,0.9979364253156399,10.825365622782837,0.11367549182716104,0.19794076721832565,0.9916797342217138,0.0,0.0,0.0,0.0,False,706.763537368635,1.7151059170898466,1440,2023-04-19,-0.061953368704292563,0.338
316,5,257,1122.959817557642,9329.100366260129,8862.64534794711,8874.296522366789,0.9986870875465662,11.651174419678439,0.12670706921808148,0.1972409259825493,0.9808545598182079,0.0,0.0,0.0,0.0,False,1222.3800276523953,2.245148882974738,1440,2023-02-10,-0.0594852129719366,0.381
317,5,300,1592.3396665089053,11154.487933969765,10596.763537271265,10613.556346932299,0.9984177961550195,16.792809661032464,0.1502666036576431,0.19413661370992613,0.9750217558618904,0.0,0.0,0.0,0.0,False,1309.69376965855,2.5831957138316475,1440,2023-01-17,-0.05583308396647134,0.427
318,5,133,560.9099825930526,4646.203539125527,4413.893362169218,4417.406053734113,0.9992048067299754,3.512691564895242,0.1270782813650469,0.195747539473813,0.9915502313112463,0.0,0.0,0.0,0.0,False,628.9347314760769,1.548597258770195,1440,2023-03-28,-0.045788724447824454,0.353
319,5,164,878.643368530984,6469.0394541338055,6145.587481427106,6152.218517915038,0.9989221714949456,6.631036487931955,0.1429714199311908,0.19276281806345938,0.9958075121702844,0.0,0.0,0.0,0.0,False,726.7158400290468,1.6138359070124317,1440,2023-03-07,-0.04108465048714867,0.355
320,5,146,938.6914920107571,5449.892281523813,5177.397667447607,5182.998473019141,0.9989193889211642,5.600805571533224,0.18130565822916986,0.19417805698376583,0.9912244667349684,0.0,0.0,0.0,0.0,False,735.1144298396816,1.788142776029252,1440,2023-02-06,-0.03039314511900308,0.33
321,5,166,777.0820359002608,6115.608974846,5809.8285261037,5814.7880789423725,0.9991470793481481,4.959552838672023,0.1337530070653226,0.19772348735842885,0.9610016037803375,0.0,0.0,0.0,0.0,False,806.1329291902091,3.2580775767256718,1440,2023-06-17,-0.0246623692983491,0.365
322,5,176,575.9387649835155,6406.5785761748475,6086.249647366117,6092.94097542715,0.9989017901062853,6.691328061032734,0.0946295006536182,0.199044339883819,0.9964764599196095,0.0,0.0,0.0,0.0,False,730.0423872020082,1.477528136907584,1440,2023-11-09,-0.027763869834005972,0.357
323,5,133,453.4528338147514,4991.990892190418,4742.391347580873,4746.760127193456,0.999079629158517,4.368779612583888,0.09561691572460819,0.194171797052953,0.9576884151483803,0.0,0.0,0.0,0.0,False,660.9761816205742,3.5030838338693266,1440,2023-08-01,-0.033103162812580786,0.355
324,5,282,1092.4886060788192,10544.282637206874,10017.068505346426,10030.949980505033,0.9986161355419392,13.881475158605006,0.1090627068683541,0.19816927247077507,0.9558751299000839,0.0,0.0,0.0,0.0,False,1225.8446483641326,3.572482861861112,1440,2023-08-04,-0.02636359282018308,0.394
325,5,166,92.09542834611995,6096.876814307745,5792.032973592326,5801.548678630915,0.998359799156105,9.51570503859011,0.015900363268995802,0.20295120403782096,0.9917488600764286,0.0,0.0,0.0,0.0,False,671.6321850815515,1.8034208196579973,1440,2023-12-25,-0.0296748463690122,0.342
326,5,286,1492.2396785633975,10310.924173970012,9795.377965271535,9805.202286957807,0.9989980500759948,9.824321686273159,0.1523412045817909,0.19342178652325656,0.9878344284954701,0.0,0.0,0.0,0.0,False,1121.777506437104,1.9668020199484797,1440,2023-04-04,-0.04299165885746752,0.37
327,5,258,1001.8222342209513,8983.918088105233,8534.722183699916,8540.583431589243,0.9993137180924142,5.861247889325349,0.11738193846945442,0.19593412246785755,0.9514030022748833,0.0,0.0,0.0,0.0,False,1052.524682743559,3.582496070690574,1440,2023-06-24,-0.03235147964235291,0.373
328,5,151,606.3444350606252,5394.985187437554,5125.23592806562,5129.95464877538,0.9990801632698866,4.718720709758042,0.11830566310914653,0.19440602259299652,0.9776676146732332,0.0,0.0,0.0,0.0,False,709.4114027418786,2.4995059356357956,1440,2023-04-24,-0.02916318147177628,0.342
329,5,246,1428.7519246428417,8859.44765785934,8416.475274966426,8424.809769111533,0.9990107201974264,8.334494145107211,0.16975656411567622,0.19153325584309408,0.9869734677720864,0.0,0.0,0.0,0.0,False,1149.132662559813,1.9944510446400956,1440,2023-02-03,-0.022971024340270554,0.364
330,5,260,630.006716951747,9862.27816139532,9369.164253325538,9388.24556658584,0.9979675315132132,19.081313260301897,0.0672425736082201,0.20007773470120424,0.9626930593269282,0.0,0.0,0.0,0.0,False,1033.9523116351643,3.1637492117578025,1440,2023-10-06,-0.01127387457743529,0.384
331,5,143,624.1526692499906,5028.319234025898,4776.9032723246255,4781.471684033415,0.9990445594974358,4.568411708789498,0.1306605207742157,0.19247399425346656,0.9888745869550913,0.0,0.0,0.0,0.0,False,572.7761940664941,1.836242244705837,1440,2023-10-11,-0.020717894990069652,0.41
332,5,143,541.1875920356213,5113.04447675761,4857.392252919706,4860.487683511443,0.9993631440313618,3.0954305917367533,0.11141525408213047,0.18822445010987462,0.9969900134751499,0.0,0.0,0.0,0.0,False,615.8191109761585,1.5311150649310572,1440,2023-12-04,-0.011168582047827579,0.356
333,5,188,1077.1669233029788,7020.225062743537,6669.213809606375,6682.813070222615,0.9979650395015782,13.599260616238983,0.16151332886515365,0.19474061988749675,0.9929070986661193,0.0,0.0,0.0,0.0,False,926.42739239589,1.759190722561147,1440,2023-11-29,0.006408642916374614,0.36
334,5,132,487.31365431692103,4498.308234662539,4273.392822929387,4282.669898256778,0.9978338103221155,9.277075327390405,0.1140343690620209,0.19207946966810743,0.9905675328326535,0.0,0.0,0.0,0.0,False,577.1451546857869,1.787888359976709,1440,2023-04-22,0.006397818382592874,0.348
335,5,196,802.5371091861357,7151.416900452288,6793.8460554296835,6801.6476483231145,0.9988529848506112,7.801592893429618,0.11812706714847375,0.1913532184791697,0.9896603017288033,0.0,0.0,0.0,0.0,False,845.1194044947624,1.789446905414488,1440,2023-02-24,0.012639715754818592,0.402
336,5,206,866.6446986316018,7318.596107074033,6952.666301720292,6964.8736154016715,0.9982473029152481,12.207313681379459,0.12464925843157017,0.18932159950716007,0.9882736193880864,0.0,0.0,0.0,0.0,False,894.4261057492206,1.938564373081963,1440,2023-11-25,0.019663325344303706,0.358
337,5,240,844.9089734439085,8872.225944258278,8428.614647045422,8433.588337628174,0.9994102521508477,4.973690582751617,0.1002429235200691,0.18810444260075304,0.9488433874394945,0.1388888888888889,0.0,0.0,0.0,False,993.6610238048088,3.745747954391963,1440,2023-07-24,0.03028569477895498,0.422
338,5,223,594.9007865173808,8252.016386484456,7839.4155671602575,7846.20914584849,0.9991341578382693,6.793578688232845,0.07588585927367505,0.1911054904000532,0.984873661882125,0.0,0.0,0.0,0.0,False,912.8708545243113,2.037474482874081,1440,2023-12-19,0.042056113390733806,0.367
339,5,202,794.5069929081853,7443.311001126267,7071.145451069926,7079.093430128675,0.9988772603247582,7.9479790587492865,0.11235902279283047,0.1889295292839823,0.9921977591165984,0.0,0.0,0.0,0.0,False,974.3954890567861,1.7664863649259586,1440,2023-11-08,0.04531486860169384,0.382
340,5,159,577.9921348245497,5451.577289390822,5178.998424921261,5183.644991009891,0.9991036102787347,4.646566088628894,0.11160307213905692,0.18958599038431373,0.9708386278413847,0.0,0.0,0.0,0.0,False,730.6310316291941,2.8692856967629563,1440,2023-09-30,0.05326251076161877,0.35
341,5,226,1126.3932609860333,8089.432247313144,7684.960634947426,7688.170171819388,0.9995825356619021,3.209536871963082,0.1465711165602788,0.18868016069695653,0.9879782239973385,0.0,0.0,0.0,0.0,False,1062.1656152174687,1.9384520464622914,1440,2023-02-26,0.058697110549613865,0.366
342,5,202,393.4593442109368,7080.621528228493,6726.590451817011,6734.021061044168,0.9988965568774142,7.430609227156407,0.05849313214908961,0.1900241096623008,0.9720175147554356,0.0,0.0,0.0,0.0,False,895.9351209011409,2.715327390036548,1440,2023-05-20,0.06560360765734795,0.359
343,5,271,1349.09277640723,9741.10264209924,9254.04750999426,9263.224322580849,0.9990093284727847,9.176812586590204,0.14578407717814568,0.18642503206210662,0.9772804116879736,0.0,0.0,0.0,0.0,False,1226.0778416971107,2.0971192586076755,1440,2023-03-08,0.06867091213666279,0.368
344,5,246,964.6166616989085,9285.92686248473,8821.6305193605,8834.906551283388,0.9984973206172783,13.276031922886828,0.10934675393419625,0.1905263177952323,0.9822345162944065,0.0,0.0,0.0,0.0,False,1201.6320106830847,2.0032590365107104,1440,2023-11-10,0.07972147483743654,0.362
345,5,251,896.8367949326744,8850.207004394551,8407.696654174846,8421.621418817478,0.9983465458787404,13.924764642630642,0.10666854809602933,0.19095882212349694,0.981597394882343,0.0,0.0,0.0,0.0,False,1001.1012478588324,2.242472017348172,1440,2023-03-16,0.08001278049541741,0.356
346,5,223,1187.3901195269582,8206.59458397838,7796.264854779487,7798.408842143062,0.9997250737417114,2.1439873635776205,0.15230243477413813,0.18205155641946522,0.9865302426474574,0.0,0.0,0.0,0.0,False,1011.7215940990743,1.8868356448489465,1440,2023-02-23,0.07974637439344508,0.358
347,5,186,1052.3969322926728,6618.170668787361,6287.262135347979,6300.878851404144,0.9978389179704461,13.616716056164657,0.16738556618721706,0.18495731817844538,0.9888772880881583,0.0,0.0,0.0,0.0,False,856.7360075279378,1.7075097532398744,1440,2023-01-25,0.10002665623976371,0.337
348,5,170,768.4040929431816,6030.1089559921365,5728.603508192531,5731.6433839570245,0.9994696327805386,3.0398757644936225,0.13413462667546802,0.1839225374051502,0.9767780048592116,0.0,0.0,0.0,0.0,False,877.7845737207241,2.4716060659987122,1440,2023-09-14,0.11061033993814001,0.347
349,5,201,1072.7362796050897,7110.053584622548,6754.550905391419,6755.761534385288,0.9998208005140936,1.2106289938680694,0.15881681767308048,0.18257689195843874,0.9823562043410348,0.0,0.0,0.0,0.0,False,904.6347664388577,1.9307418819896902,1440,2023-02-12,0.12215767772783294,0.339
350,5,223,765.7070629239656,7911.936686971823,7516.339852623201,7519.846250279789,0.9995337141824598,3.5063976565881028,0.10187233120609016,0.18672631950426635,0.9448069766841503,0.9027777777777778,0.0,0.0,0.0,False,1001.6133268180041,3.865851477911788,1440,2023-05-15,0.13522712334443057,0.363
351,5,186,1126.932076946357,7207.792306453912,6847.40269113121,6852.816405281497,0.9992100015774369,5.413714150286319,0.16457803458908077,0.18387952316314612,0.9848611807176832,0.0,0.0,0.0,0.0,False,895.903812977884,1.802185781639636,1440,2023-02-14,0.13721762326167458,0.357
352,5,146,253.13732384509657,5371.186792899382,5102.627453254387,5105.332926297151,0.9994700692233354,2.7054730427647056,0.049609211364950626,0.19150847277100405,0.9984610264073648,0.0,0.0,0.0,0.0,False,616.0447067770419,1.5024631833248683,1440,2023-11-01,0.14587899898777698,0.338
353,5,139,144.565956957816,4720.438295061173,4484.416380308139,4486.604368270227,0.9995123287496528,2.1879879620875364,0.032237407211478074,0.19803162004707664,0.9919760676484515,0.0,0.0,0.0,0.0,False,581.549877445444,1.708174431913172,1440,2023-12-27,0.13644898679282125,0.338
354,5,127,690.9512870672404,4525.986223292011,4299.6869121273785,4302.640371146116,0.9993135705604066,2.9534590187389655,0.1606980464364497,0.18745553968681364,0.9939492274764335,0.0,0.0,0.0,0.0,False,613.0911944811876,1.635574697099083,1440,2023-11-30,0.11465247202714315,0.33
355,5,156,469.5840630104982,5540.572457687612,5263.543834803254,5267.940943034986,0.9991653079866916,4.397108231732727,0.0892144300016171,0.1931596740795808,0.9928878223528792,0.0,0.0,0.0,0.0,False,774.968744479067,1.471639717888401,1440,2023-01-29,0.1211098600228386,0.332
356,5,193,932.1475709042188,6599.5314390788135,6269.554867124901,6273.320717620854,0.9993997038146997,3.76585049595284,0.14867842943556278,0.18713393129510988,0.9736375470513569,0.0,0.0,0.0,0.0,False,852.9530436016022,2.352763435245589,1440,2023-06-19,0.11406869105132819,0.346
357,5,171,626.3344486538749,6351.526100020277,6033.949795019232,6039.315872723735,0.9991114758993251,5.366077704503642,0.1038017335130775,0.1885738004274871,0.9808725487230703,0.0,0.0,0.0,0.0,False,861.8303571695621,2.2248279348583617,1440,2023-03-26,0.12233569343520037,0.339
358,5,152,616.6141810739316,5966.196899213401,5667.8870542527075,5675.138213002143,0.9987222938935967,7.251158749435393,0.10879083777988766,0.18696218723143385,0.9881408131494747,0.0,0.0,0.0,0.0,False,727.4521933440573,1.8061560725158214,1440,2023-02-17,0.1263528932296939,0.333
359,5,176,548.321741432675,6325.48001879091,6009.206017851344,6015.880107625604,0.9988905879680348,6.67408977426024,0.09124695339181155,0.187990400772197,0.9618478089182722,0.0,0.0,0.0,0.0,False,754.1424378357603,3.1858964717542158,1440,2023-05-19,0.13376409273503417,0.349
360,5,249,337.0530185924633,9158.135015763883,8700.228264975687,8713.602851328338,0.9984650911246646,13.374586352651432,0.0387407098212963,0.1907096003786746,0.9732874676803078,0.0,0.0,0.0,0.0,False,976.8256185964364,2.6008372547520677,1440,2023-10-28,0.13803146251101758,0.361
361,5,176,566.8410899475836,6707.429217755428,6372.057756867645,6375.207837624757,0.9995058857942606,3.1500807571111835,0.08895730572069224,0.1881963431408993,0.995371174339681,0.0,0.0,0.0,0.0,False,800.0779268587117,1.5137902848937435,1440,2023-03-12,0.13592763917861989,0.348
362,5,286,578.3236604703386,10533.929188734117,10007.23272929735,10014.765164721126,0.9992478669943944,7.532435423776563,0.0577905676938269,0.19337056720054818,0.9868287927639966,0.0,0.0,0.0,0.0,False,1263.480733755318,2.0608028176082085,1440,2023-11-03,0.14036392927876237,0.374
363,5,224,1334.6704823342163,7873.094216797284,7479.43950595745,7485.491908083222,0.9991914489788926,6.052402125773045,0.17844525398876984,0.19230695389840688,0.9856973352522644,0.0,0.0,0.0,0.0,False,1091.491647362709,1.8958452048882546,1440,2023-01-22,0.13286114006762145,0.354
364,5,144,515.765184530787,4846.312361562103,4603.996743483958,4606.748539762521,0.9994026597599562,2.7517962785638463,0.11202553200341639,0.19028720320854897,0.9944844706925866,0.0,0.0,0.0,0.0,False,677.9107569020283,1.550013596757263,1440,2023-11-24,0.12958351026849926,0.33
365,5,295,1220.6125243334457,10672.563172466562,10138.935013843222,10154.634762690748,0.9984539326903997,15.699748847527328,0.12038863279692386,0.19632427633821048,0.9664728686513516,0.0,0.0,0.0,0.0,False,1188.0603766368333,2.924822271173272,1440,2023-09-09,0.13189049778646142,0.373
366,5,279,1201.9872458563457,9905.064620396746,9409.811389376962,9417.027959514382,0.9992336679716313,7.216570137420563,0.1277376555297705,0.19301875689896036,0.9828000820960833,0.0,0.0,0.0,0.0,False,1141.1953167239135,2.0826604611007724,1440,2023-03-06,0.12063831309866532,0.369
367,5,260,990.862772766179,9356.388769259067,8888.569330796068,8896.050002402393,0.9991591018930531,7.480671606326853,0.11147606953271483,0.19467255191653718,0.9891813958168766,0.0,0.0,0.0,0.0,False,1111.7646436544562,2.002203683514734,1440,2023-12-03,0.11925777026983067,0.36
368,5,148,396.5678615231889,5096.109649629746,4841.304167148239,4842.249139695003,0.999804848424874,0.9449725467632977,0.08191343651039106,0.19609549299348725,0.9516061151892146,0.0,0.0,0.0,0.0,False,734.5161762631218,3.7008783811044506,1440,2023-07-16,0.1147813593722671,0.336
369,5,263,1410.2865451854573,9239.376958273031,8777.408110359373,8788.327293023647,0.9987575357289046,10.919182664274642,0.16067232233636178,0.19335146897171496,0.9778125445706295,0.0,0.0,0.0,0.0,False,1063.7042934266349,2.487515675386263,1440,2023-02-21,0.10826498563525175,0.355
370,5,246,627.9687347531191,8946.192189145553,8498.882579688241,8508.968639106677,0.9988146554716302,10.086059418434418,0.07388838813397919,0.19539613560655805,0.9891337468695672,0.0,0.0,0.0,0.0,False,930.3531747014481,1.990171318571698,1440,2023-12-17,0.10942116604495275,0.351
371,5,257,825.9564434219593,8851.970425912898,8409.37190461727,8415.653931910303,0.9992535307007798,6.282027293034128,0.09821856528529291,0.1951997441756149,0.9850893342157491,0.0,0.0,0.0,0.0,False,1031.5562964123287,1.964688716750084,1440,2023-12-13,0.10607803699573085,0.355
372,5,249,952.7843147385983,8633.212901726713,8201.552256640378,8218.472901638992,0.9979411448816434,16.920644998615106,0.11617121795050168,0.1943425691355184,0.9694022424558316,0.0,0.0,0.0,0.0,False,1113.3287631309427,2.6168183683626838,1440,2023-05-05,0.10407560769564751,0.354
373,5,228,624.91962373671,8396.508260749411,7976.682847711934,7990.525238082742,0.998267649502584,13.842390370808317,0.07834329578691532,0.1974626953282456,0.9398246409967917,4.236111111111111,0.0,0.0,0.0,False,983.5517716507272,4.186883348809334,1440,2023-06-03,0.10464232088701722,0.359
374,5,181,632.3352509034827,6450.260747412493,6127.747710041876,6138.842584264785,0.9981926765394918,11.094874222909061,0.10319211573727818,0.19679864177736167,0.9907235962268973,0.0,0.0,0.0,0.0,False,742.3406590243434,1.7947025283392561,1440,2023-12-08,0.09835827904970089,0.346
375,5,286,1180.949139894505,10444.162245742691,9921.954133455503,9932.174633887458,0.998970970526728,10.220500431955205,0.11902384590879152,0.1889229341585763,0.9627701241084001,0.0,0.0,0.0,0.0,False,1376.697275059792,2.9634687671316664,1440,2023-09-15,0.09495203130292436,0.374
376,5,297,1590.636156478787,10420.836020229965,9899.7942192185,9912.011186472942,0.9987674582862542,12.216967254442345,0.16067365858887048,0.19311771344408582,0.9632548962252502,0.0,0.0,0.0,0.0,False,1348.736574410596,2.7019462303132613,1440,2023-02-28,0.11010744315890214,0.382
377,5,244,1108.5042548022132,8926.925907919314,8480.579612523317,8491.649599159467,0.9986963679427793,11.069986636150233,0.13071090720795533,0.19506269183173472,0.9371909040123492,5.902777777777778,0.0,0.0,0.0,False,1175.5729596614838,4.194322515282246,1440,2023-06-22,0.11334737254335911,0.367
378,5,184,793.3511326241004,6823.12613008694,6481.969823582582,6495.280935391976,0.9979506487953641,13.311111809393655,0.12239352453288892,0.1978325778141396,0.9572468106068007,0.0,0.0,0.0,0.0,False,707.5190445015484,3.4218577541305137,1440,2023-08-16,0.1119072290065104,0.355
379,5,210,1267.0406095629046,7439.02372615718,7067.0725398493505,7075.428843419761,0.9988189686087817,8.356303570411288,0.1792879020865285,0.19609115248180337,0.98662097783004,0.0,0.0,0.0,0.0,False,919.9145181601766,2.0490126191970957,1440,2023-02-06,0.10476973612503371,0.349
380,5,221,556.6439895743309,7368.101239897615,6999.69617790269,7010.6613907670235,0.9984359231956667,10.965212864334092,0.07952402153276279,0.19430498125038181,0.9359770195821489,4.375,0.0,0.0,0.0,False,942.024064892523,4.287173902268186,1440,2023-06-03,0.1030863199269019,0.357
381,5,133,390.8347080309927,4738.851708232753,4501.909122821089,4508.617500857573,0.9985120986565821,6.708378036484049,0.08681532598020969,0.1962113881998521,0.9917245393298627,0.0,0.0,0.0,0.0,False,581.3199862796996,1.6607743174172591,1440,2023-12-15,0.10595391461500478,0.322
382,5,136,738.6785591501186,4562.238202787789,4334.12629264842,4340.099181372598,0.9986237898088105,5.972888724177981,0.17043309522453723,0.19729959543150485,0.994095206472287,0.0,0.0,0.0,0.0,False,569.8824137630588,1.4756375942064714,1440,2023-02-14,0.10424332566665986,0.331
383,5,208,686.7661713927494,7107.690427722213,6752.30590633606,6762.273308442687,0.9985260279122136,9.967402106627897,0.10170839131389454,0.19684703541565043,0.9497018175291829,0.06944444444444445,0.0,0.0,0.0,False,854.3440056934085,3.649475892817508,1440,2023-07-24,0.10061581882677262,0.347
384,5,221,1072.4423074821395,7793.983552382483,7404.284374763338,7413.39506592799,0.9987710500946422,9.110691164652875,0.14484077774449577,0.19712377462635133,0.9706315730422748,0.0,0.0,0.0,0.0,False,1033.0977545871601,2.669985479999268,1440,2023-10-09,0.09886709361896001,0.35
385,5,158,864.6434415895047,5875.6486705819825,5581.866237052857,5591.579411628108,0.9982628924924054,9.713174575250173,0.15490221457653985,0.19592837058881987,0.9923497899790723,0.0,0.0,0.0,0.0,False,720.6684443152982,1.4492478937583464,1440,2023-10-16,0.09700309845785039,0.336
386,5,167,639.6578803593666,6096.234569023444,5791.422840572279,5798.481615986348,0.998782651065995,7.058775414068576,0.1104491759569327,0.19941399657196893,0.9716333493906549,0.0,0.0,0.0,0.0,False,824.588557111429,2.8495271858444715,1440,2023-09-30,0.09834537268209093,0.341
387,5,144,599.2332443884936,5371.795438204423,5103.205666294172,5107.503593435641,0.9991585072701676,4.297927141468804,0.11742290700653707,0.19700280029251546,0.9749975152005453,0.0,0.0,0.0,0.0,False,662.1703748144854,2.482041992842095,1440,2023-04-24,0.09178011506995697,0.331
388,5,285,1102.749654494538,9544.344592848878,9067.127363206355,9082.110839742023,0.9983502209122903,14.9834765356687,0.12162062032672044,0.19463732372480527,0.980410152631583,0.0,0.0,0.0,0.0,False,1289.7464730402241,2.2695258879201505,1440,2023-04-15,0.09198240078042166,0.367
389,5,211,620.4838118615,7274.051096025811,6910.3485412245145,6921.160937883208,0.9984377770209747,10.812396658693112,0.0897905233230899,0.19826637146206044,0.9461107028152586,1.5277777777777777,0.0,0.0,0.0,False,842.1529328999837,3.8859115545430125,1440,2023-06-02,0.09761641161151556,0.355
390,5,169,620.1538425136785,5989.030296081987,5689.57878127784,5701.63283602614,0.9978858591749129,12.054054748299862,0.10899819940174837,0.20277751132005523,0.9697480168911509,0.0,0.0,0.0,0.0,False,709.2122487318977,2.8323759389690224,1440,2023-05-09,0.09422639668132629,0.341
391,5,262,844.3916130729546,9283.446940323847,8819.274593307668,8830.41745375199,0.9987381275570852,11.142860444323007,0.09574388507119445,0.1944579021779964,0.9459618169739111,1.5972222222222223,0.0,0.0,0.0,False,1139.656125829292,4.046110369817087,1440,2023-08-01,0.0814510014835836,0.365
392,5,293,862.8462335175815,10519.949413809278,9993.95194311874,10010.1585365249,0.9983809853413385,16.20659340615775,0.08633684036390507,0.19535582818574862,0.9751702138461046,0.0,0.0,0.0,0.0,False,1320.0275425460623,2.423665374024645,1440,2023-12-15,0.08981093032901902,0.376
393,5,173,486.8379178835229,5906.653762417832,5611.321074296949,5618.209025740443,0.9987739951625265,6.887951443494851,0.0867599467999645,0.1982986056752421,0.9603362506965291,0.0,0.0,0.0,0.0,False,685.7070664440978,3.2055835320511235,1440,2023-07-31,0.09475564477902505,0.396
394,5,282,1947.2640965041028,10092.758037732216,9588.12013584561,9599.012222187997,0.998865290918454,10.892086342388426,0.2030913327028695,0.19536113341900735,0.9800874059268923,0.0,0.0,0.0,0.0,False,1369.9276553741972,2.1895072622078855,1440,2023-01-23,0.09232237557838212,0.417
395,5,259,1144.2400092166965,9663.367531939239,9180.199155342249,9192.547329469395,0.9986567190045832,12.348174127147415,0.12464217713085528,0.1971692716779051,0.97508887999874,0.0,0.0,0.0,0.0,False,1157.0122263599562,2.648438706929079,1440,2023-04-17,0.09707014251063387,0.38
396,5,263,998.901262985387,9312.87722101446,8847.233359963759,8857.203261888628,0.9988743735883574,9.969901924867813,0.11290549512412532,0.19375236483154054,0.9781090755608214,0.0,0.0,0.0,0.0,False,989.9165843656591,2.3382650535457348,1440,2023-05-01,0.09703198830296496,0.369
397,5,215,713.6414664104515,7489.132044719483,7114.675442483465,7121.102810966393,0.9990974195074069,6.427368482927507,0.10030555464963643,0.19630603641926064,0.997648384082419,0.0,0.0,0.0,0.0,False,804.4575725197385,1.5430562805595653,1440,2023-10-19,0.10483104175725484,0.354
398,5,284,1842.3445919641795,10823.152050749599,10281.994448212123,10298.940065507075,0.9983546251180055,16.94561729495112,0.17918163652427707,0.1955330328669394,0.9821672267450446,0.0,0.0,0.0,0.0,False,1146.9677802714823,2.218312815413494,1440,2023-02-06,0.10563690520673949,0.403
399,5,146,579.3780364134853,5453.820213999035,5181.129203299099,5186.297144786033,0.9990035392607364,5.167941486934187,0.11182466479403076,0.1906985595890093,0.9634605754810037,0.0,0.0,0.0,0.0,False,552.8000868080608,2.932389119681152,1440,2023-05-24,0.10820555213808696,0.357
400,5,135,721.573402938036,4827.76176644697,4586.373678124656,4591.567207601671,0.9988688982993832,5.193529477014712,0.15732983258204192,0.1962324677037075,0.9963992703080029,0.0,0.0,0.0,0.0,False,484.55473978969496,1.4701491176297419,1440,2023-02-08,0.12136138291516069,0.331
401,5,294,1267.3618183417111,11218.850257497048,10657.907744622167,10684.769378952325,0.997485988384263,26.86163433015591,0.11891281560221839,0.18930398500823692,0.9423042937858979,6.597222222222222,0.0,0.0,0.0,False,1257.3497289366794,3.948179593173239,1440,2023-08-15,0.11989982629929825,0.383
402,5,208,712.7119164838851,7210.727558227891,6850.191180316449,6854.6706562706895,0.9993465074868123,4.479475954240678,0.10404263147163156,0.19038220448311755,0.9888198799450526,0.0,0.0,0.0,0.0,False,806.2933025791879,1.89688612769098,1440,2023-03-21,0.13450804368623176,0.35
403,5,192,557.8874300070462,6895.650865514058,6550.868322238277,6559.701470414531,0.9986534222302503,8.833148176254387,0.08516236360807039,0.19196903514709573,0.9573366365887158,0.0,0.0,0.0,0.0,False,796.7247869226296,3.2152794984550885,1440,2023-06-04,0.1443034245268853,0.366
404,5,252,410.27377499637146,9296.984014199938,8832.134813489954,8856.171118174085,0.9972859258969371,24.036304684130734,0.046452390465069764,0.19170667446296333,0.9504879416660307,0.0,0.0,0.0,0.0,False,1038.7631302548707,3.723877597731176,1440,2023-07-15,0.14905024998130134,0.385
405,5,173,604.9389049557631,6049.029686638393,5746.578202306459,5751.888266518104,0.9990768137408798,5.310064211643632,0.10526941140607178,0.19008042225060628,0.9936124020026139,0.0,0.0,0.0,0.0,False,760.1429211497307,1.6084433406751908,1440,2023-10-19,0.1538395701267773,0.338
406,5,235,1253.7414651077127,8289.428232014958,7874.956820414256,7886.594935036718,0.9985243169303956,11.638114622462327,0.15920613835718284,0.19080737037041387,0.9811163418024846,0.0,0.0,0.0,0.0,False,988.0129021414382,2.2538063819877796,1440,2023-02-22,0.16174475999781324,0.353
407,5,273,1112.1782264349413,9460.885990090657,8987.84169058617,9001.689979681101,0.9984615900873959,13.848289094931477,0.12374252514926162,0.1915601727891179,0.9406687183519813,10.416666666666666,0.0,0.0,0.0,False,1078.1084710495857,4.009558269938957,1440,2023-08-20,0.16692925751254462,0.371
408,5,265,1460.1308117382864,9116.916051731705,8661.070249145192,8671.050547258363,0.9988490093491237,9.980298113170132,0.16858549460240144,0.19287545181707372,0.9473206952735274,0.8333333333333334,0.0,0.0,0.0,False,1053.6202061433414,3.549440245321173,1440,2023-09-25,0.16984268156372492,0.372
409,5,142,252.90607443025297,5256.428992763097,4993.607543124948,5005.873681034231,0.9975496509319132,12.266137909282854,0.05064596531588603,0.19974763428140754,0.9869154912086482,0.0,0.0,0.0,0.0,False,484.2463562524043,2.0432510547723854,1440,2023-11-05,0.16963603435231273,0.337
410,5,295,1601.9257437975748,10219.081003891019,9708.12695369656,9721.484494709759,0.99862597723419,13.35754101320056,0.16500873458269005,0.19331769193925477,0.9828631164716841,0.0,0.0,0.0,0.0,False,1047.2850844268644,1.9411877595667193,1440,2023-02-14,0.15436453344757817,0.374
411,5,252,1415.5059636939554,9308.468144257235,8843.044737044418,8862.08748486241,0.9978512119350527,19.042747817991057,0.16006997655052635,0.19087316770941665,0.9826046146227717,0.0,0.0,0.0,0.0,False,1001.0133163076737,2.141353180122596,1440,2023-02-12,0.15662732127956386,0.363
412,5,246,1209.3525468034184,8833.530044163064,8391.853541954919,8402.784371460722,0.9986991419721624,10.930829505803464,0.14411030182513104,0.19333040556739817,0.9830997202167582,0.0,0.0,0.0,0.0,False,1029.1275548323395,1.9960703105019753,1440,2023-12-01,0.16427184646532547,0.361
413,5,153,534.021802512416,5499.354318008318,5224.386602107921,5231.791345891366,0.9985846637807412,7.404743783445626,0.10221712962378213,0.1962777383541281,0.9940715956937204,0.0,0.0,0.0,0.0,False,684.5782722029892,1.6401888497502068,1440,2023-12-07,0.1653150230480055,0.337
414,5,287,767.7968529095558,10265.275362919303,9752.0115947733,9772.521811060997,0.9979012360694367,20.510216287695258,0.07873215135645092,0.1952192536386984,0.9822725623819455,0.0,0.0,0.0,0.0,False,1012.4863920343955,2.0075162134939637,1440,2023-01-14,0.1598515452656373,0.375
415,5,191,652.3317789560958,7047.741672605285,6695.354588975028,6698.904967857799,0.9994700060831125,3.5503788827730043,0.09743050502960134,0.19095438109107626,0.986664591090001,0.0,0.0,0.0,0.0,False,821.233039102901,2.081828722778517,1440,2023-10-27,0.1580484667317531,0.367
416,5,290,1237.0012678518437,10538.856531867686,10011.913705274354,10035.634724228776,0.9976363210094571,23.72101895442286,0.12355292946643975,0.19173920726644572,0.973796202021317,0.0,0.0,0.0,0.0,False,1063.4986645263607,2.702727075609891,1440,2023-09-10,0.16644100445486068,0.404
417,5,161,617.2565990719756,5543.2881356933485,5266.123728908671,5274.838016197733,0.9983479516788378,8.714287289061602,0.11721270346982395,0.19585468734197709,0.9528917986124408,0.0,0.0,0.0,0.0,False,617.1455123016513,3.6422234923235086,1440,2023-08-31,0.17184145668421164,0.35
418,5,136,547.2324957666057,4937.174363414493,4690.315645243787,4694.553519618049,0.9990972785044302,4.237874374262388,0.11667285043417634,0.19791394218967193,0.9974148241579869,0.0,0.0,0.0,0.0,False,606.2625483394099,1.4709864948441511,1440,2023-02-24,0.16731502793442454,0.333
419,5,272,854.0189688751497,9710.154716116871,9224.64698031102,9253.499882849948,0.9968819470574152,28.852902538929072,0.09258012482189919,0.1933773117924746,0.967325464711242,0.0,0.0,0.0,0.0,False,1026.8065410776805,2.9007256345301267,1440,2023-06-09,0.15926782716018262,0.377
420,5,225,703.7572163882616,7511.100636347598,7135.545604530233,7150.100659996504,0.9979643565652573,14.555055466271998,0.09862696637261466,0.19659539932901055,0.9496250842203688,0.06944444444444445,0.0,0.0,0.0,False,864.6549187486272,3.787931205841613,1440,2023-05-16,0.16314178782499947,0.367
421,5,190,299.37180279762845,6478.230123376071,6154.318617207267,6170.9207763477,0.9973096139551708,16.602159140432907,0.04864418328303559,0.19714108426845436,0.9922953748771992,0.0,0.0,0.0,0.0,False,668.9336430515328,1.652900537681563,1440,2023-04-10,0.15933139381002334,0.346
422,5,296,948.7062878357222,10223.784533347673,9712.595306680298,9736.89333155825,0.9975045403035072,24.298024877951978,0.09767793858179229,0.1964987889277448,0.9480788595787686,0.8333333333333334,0.0,0.0,0.0,False,1071.2625269226182,3.7215474746953663,1440,2023-06-08,0.15522551751784336,0.382
423,5,296,1731.957836006822,10669.296580434166,10135.831751412416,10152.330731028676,0.9983748579460837,16.498979616260435,0.17087476178415015,0.1981257294222124,0.9764700855293559,0.0,0.0,0.0,0.0,False,1264.8774091922087,2.271225462243437,1440,2023-01-19,0.15352892678727315,0.391
424,5,122,355.3113675219957,4020.078296379116,3819.0743815601495,3825.8015284796024,0.9982416372440192,6.727146919453418,0.0930359904058338,0.19433127520284413,0.9633141637457746,0.0,0.0,0.0,0.0,False,521.953056618836,3.058147495676251,1440,2023-05-23,0.1486860986438776,0.326
425,5,233,1105.5742427398432,8242.432857513835,7830.311214638123,7846.2968495688865,0.9979626522884305,15.985634930763108,0.14119160943093334,0.1957915823294735,0.9883209279251504,0.0,0.0,0.0,0.0,False,994.4705600101008,1.8935193590935344,1440,2023-03-07,0.1534430716516292,0.354
426,5,266,1258.8872666793436,10011.614316154695,9511.033600346991,9519.368536040649,0.9991244234675755,8.334935693658421,0.13236072119789544,0.18951844844540588,0.961965336866075,0.0,0.0,0.0,0.0,False,1272.926109883496,2.7375219876705397,1440,2023-09-14,0.1542463952627722,0.365
427,5,245,1181.807796285797,8510.795379378751,8085.255610409757,8106.154730154243,0.9974218207719693,20.899119744486875,0.14616826643850578,0.1942399942720899,0.9869299580963554,0.0,0.0,0.0,0.0,False,891.2364804857755,2.0154065423929777,1440,2023-01-09,0.16921402627436505,0.359
428,5,228,1342.8971292555,7966.907331048779,7568.561964496342,7577.693603708971,0.9987949315860225,9.131639212628695,0.17743094864717338,0.19460922349603346,0.9814974656872363,0.0,0.0,0.0,0.0,False,961.653728940666,2.2424940822724477,1440,2023-02-13,0.17108873055132998,0.354
429,5,214,706.5071630263636,7605.5483415209865,7225.2709244449425,7243.19509289855,0.9975253782034422,17.924168453607415,0.09778279187235303,0.19219482950419575,0.9427597029395728,4.444444444444445,0.0,0.0,0.0,False,880.7282818601466,4.065745607889197,1440,2023-07-17,0.17204572850542443,0.375
430,5,216,372.42275656810745,7698.986564296859,7314.037236081991,7327.538436898905,0.9981574711708195,13.501200816913553,0.050918903547667496,0.19443106008434868,0.9520022749057678,0.0,0.0,0.0,0.0,False,867.397461673037,3.508109862556328,1440,2023-09-19,0.17851325217553315,0.387
431,5,175,595.293872362203,5925.931592257207,5629.635012644348,5638.2623302097145,0.9984698623334459,8.627317565367143,0.10574288937473801,0.19097517501320438,0.9653934185580872,0.0,0.0,0.0,0.0,False,821.2040821533442,2.8376303932823284,1440,2023-05-06,0.17904601083106625,0.349
432,5,145,648.6704715682148,5079.935324448409,4825.938558225955,4837.347767901683,0.9976414328216312,11.409209675729143,0.13441332991331537,0.1968472269256217,0.9934364186475274,0.0,0.0,0.0,0.0,False,629.4635836769557,1.6397606059522873,1440,2023-03-03,0.18752640616135,0.34
433,5,191,319.55452905624173,6901.249927535462,6556.1874311587435,6566.871808331798,0.9983729883139338,10.684377173054019,0.04874090809813281,0.19338145188655984,0.9503329312419294,0.0,0.0,0.0,0.0,False,819.4538139040915,3.663902087382336,1440,2023-08-02,0.18154984687197778,0.359
434,5,246,978.5625453084925,8476.051524784241,8052.248948545078,8070.617651123695,0.9977240028740477,18.368702578617064,0.12152661344198806,0.19803770282974073,0.9840316141211608,0.0,0.0,0.0,0.0,False,962.8450940186138,1.974151485279221,1440,2023-02-01,0.18472423193208815,0.37
435,5,290,1117.0928718383223,10535.42365711425,10008.652474258617,10032.99530425484,0.997573722576557,24.342829996221592,0.11161271456985722,0.1955593995665208,0.9865638381809952,0.0,0.0,0.0,0.0,False,1061.3969972139,1.9673996278080166,1440,2023-12-03,0.17711810276369144,0.375
436,5,294,1057.6093272073908,10632.127677247696,10100.521293385293,10126.384666819667,0.9974459420330812,25.863373434374513,0.10470839043723477,0.1930414131433495,0.9664221468454821,0.0,0.0,0.0,0.0,False,1173.2343187241481,2.728652462953826,1440,2023-04-12,0.17670749662973184,0.377
437,5,156,708.2299043905806,5525.9431768936765,5249.646018048983,5258.399577924361,0.9983353186182109,8.753559875379683,0.13491003049645475,0.19823193350917157,0.991966476430205,0.0,0.0,0.0,0.0,False,646.0492013223102,1.550832350971774,1440,2023-04-07,0.1822665111963736,0.349
438,5,125,498.5098817618513,4265.923239952258,4052.627077954692,4058.979351205595,0.9984350072515111,6.352273250902683,0.12300906848143618,0.19806759661651252,0.9897215004038569,0.0,0.0,0.0,0.0,False,497.080999039441,1.8018495244568602,1440,2023-03-27,0.17538298136941988,0.345
439,5,298,948.3246249574601,10649.106015665218,10116.650714881982,10134.946686566422,0.9981947638946448,18.29597168444043,0.09373899047067406,0.19389537664058787,0.9640836730926242,0.0,0.0,0.0,0.0,False,1139.261763702721,3.021561989399032,1440,2023-06-09,0.17033431884088113,0.378
440,5,241,976.0686248398132,8944.145905647672,8496.938610365341,8511.75772289018,0.9982589832785084,14.81911252483674,0.11487297597385435,0.20185020656218766,0.9832943945609488,0.0,0.0,0.0,0.0,False,871.6150624493583,1.8169833068551997,1440,2023-02-24,0.17577950393305497,0.373
441,5,257,1261.9934609609236,9114.416658295422,8658.695825380619,8681.862262166831,0.9973316281591836,23.16643678621198,0.14574867698455604,0.2029215793828662,0.9739588494013507,0.0,0.0,0.0,0.0,False,1042.7181121268227,2.545611857788076,1440,2023-06-19,0.16254251585116514,0.365
442,5,267,790.8425314486002,9598.10160461711,9118.196524386272,9135.454830790626,0.9981108432230231,17.258306404354766,0.08673234113056477,0.20032060729541495,0.9554220457500091,0.0,0.0,0.0,0.0,False,1013.5811849328473,3.367322660675013,1440,2023-05-19,0.14944982621101716,0.373
443,5,185,450.80877482960705,6435.012235337351,6113.26162357047,6128.327128005312,0.9975416611874396,15.065504434842017,0.07374275838145967,0.19925274041371224,0.9907837195401895,0.0,0.0,0.0,0.0,False,781.8504823339622,1.6737785468115116,1440,2023-12-17,0.1446817827265208,0.346
444,5,276,1042.466890196564,9364.604092820102,8896.373888179087,8913.753776838299,0.9980502166545847,17.37988865921205,0.11717885323836547,0.19965667845673968,0.9859537356895577,0.0,0.0,0.0,0.0,False,969.4989768203578,1.937166894511218,1440,2023-02-24,0.14325401805798404,0.369
445,5,236,1189.8182798882158,8237.839391054913,7825.947421502158,7840.57761202023,0.9981340417451333,14.630190518071785,0.15203504646851246,0.19411106815711565,0.9895906013377789,0.0,0.0,0.0,0.0,False,956.2381803325097,1.793946381224572,1440,2023-01-05,0.14124030870565732,0.358
446,5,236,896.4994922003885,8518.524843540205,8092.598601363181,8100.439698995164,0.9990320158011972,7.841097631981594,0.11078017536287728,0.19420148735444298,0.9499611045556997,0.06944444444444445,0.0,0.0,0.0,False,1067.1387817955824,3.6044253572596094,1440,2023-06-12,0.152124130475113,0.372
447,5,188,1152.7488892852762,6607.225300221668,6276.864035210556,6299.913039476543,0.996341377393377,23.049004265987246,0.18365044755133167,0.2009508620292026,0.9949645374055288,0.0,0.0,0.0,0.0,False,805.8625834323418,1.634218758238801,1440,2023-01-22,0.16092219128883528,0.35
448,5,182,554.9721125811806,6449.090089637283,6126.635585155429,6148.332925159398,0.9964710206379388,21.697340003969227,0.09058350294668313,0.20092520172005676,0.9898678317030086,0.0,0.0,0.0,0.0,False,747.5242169663059,1.774663283044622,1440,2023-11-19,0.15306447255388178,0.349
449,5,189,1089.0067241715035,6804.66112111213,6464.428065056536,6474.299856073538,0.9984752341972946,9.87179101700065,0.16846141889305397,0.1970829576324888,0.9896587256731612,0.0,0.0,0.0,0.0,False,796.2408558354431,1.851065714077276,1440,2023-11-29,0.14678849016003703,0.397
450,5,249,943.8775740026585,8189.168875037851,7779.710431285971,7797.055001932829,0.9977754972047063,17.344570646857942,0.12132554062769113,0.20127468001973947,0.9484341680047098,0.1388888888888889,0.0,0.0,0.0,False,926.1446302723507,3.4176367193174957,1440,2023-09-04,0.15036649335598634,0.452
451,5,211,892.492215842087,7844.847802870608,7452.605412727091,7466.47539143382,0.9981423659786461,13.869978706729013,0.11975573191060739,0.1956155217015895,0.9663256679206724,0.0,0.0,0.0,0.0,False,862.2535057551366,2.5726059176787714,1440,2023-09-15,0.14394337265980728,0.403
452,5,123,488.80270765690125,4476.087820287813,4252.283429273439,4261.180074129137,0.9979121640717057,8.896644855697954,0.11495064141113,0.20170305742707306,0.9928126683556524,0.0,0.0,0.0,0.0,False,535.5673295055635,1.6485068780156529,1440,2023-02-19,0.1514742483177145,0.346
453,5,123,355.5464319848428,4083.146518029093,3878.989192127642,3884.670756748234,0.9985374398562035,5.681564620591462,0.09165955726466565,0.2013651022309736,0.966690078494768,0.0,0.0,0.0,0.0,False,446.78166490385377,2.806173967898951,1440,2023-10-07,0.1440212173766228,0.359
454,5,154,598.2565860651122,5406.020055101975,5135.719052346865,5148.911342650609,0.9974378486196749,13.192290303743944,0.1164893523121611,0.19705111669128755,0.9710833405307867,0.0,0.0,0.0,0.0,False,731.1445432589503,2.7114488563515424,1440,2023-05-08,0.13873403894361958,0.364
455,5,209,824.9135020350487,7417.346366067728,7046.479047764337,7063.146556538975,0.9976402147907851,16.66750877463813,0.11706747390340601,0.199084808342485,0.9446130508240876,3.75,0.0,0.0,0.0,False,840.4326350734586,3.887484558310902,1440,2023-08-31,0.1441425085499619,0.384
456,5,228,980.3685226661685,8284.213519130302,7870.002843173804,7892.951265244288,0.9970925422824368,22.94842207048466,0.12457028824538605,0.19954393804100326,0.9847805580840711,0.0,0.0,0.0,0.0,False,950.9357587120965,1.917798795246324,1440,2023-10-24,0.1440409221852772,0.392
457,5,295,494.36920226789573,10304.72240483804,9789.486284596132,9825.582119092578,0.9963263413751022,36.09583449644606,0.0505000148011639,0.19953058611576704,0.9851442891407497,0.0,0.0,0.0,0.0,False,1158.654711983616,2.048451956683249,1440,2023-04-10,0.14297237085473904,0.412
458,5,261,720.3270481544437,9266.515110469376,8803.189354945871,8829.774377276168,0.9969891617617417,26.58502233029624,0.08182569056631099,0.1995112314074599,0.9874688460734634,0.0,0.0,0.0,0.0,False,941.2163954917974,1.7479781094623548,1440,2023-03-12,0.14217037472003982,0.414
459,5,171,689.9244505909251,6012.255656116357,5711.642873310558,5723.648765705582,0.9979024058102656,12.005892395024944,0.1207926451100109,0.198338781964848,0.9558106981653347,0.0,0.0,0.0,0.0,False,740.1680719891011,3.376378447154696,1440,2023-06-18,0.14159579660018318,0.374
460,5,213,905.646665417087,7839.372559735497,7447.403931748689,7470.064660025375,0.9969664615625149,22.660728276686058,0.12160568618498936,0.1989381283450661,0.9524857971659668,0.0,0.0,0.0,0.0,False,820.7247308753231,3.6511007846509145,1440,2023-08-29,0.14379858377980165,0.378
461,5,255,1073.2078211673202,9138.55622165018,8681.628410567613,8693.265136904787,0.9986614090156098,11.636726337174586,0.12361826265922303,0.1999488519532513,0.9804904363904356,0.0,0.0,0.0,0.0,False,879.7609396252107,2.288481872626042,1440,2023-04-17,0.14429534506976327,0.384
462,5,280,1385.7376202126788,9941.005419003703,9443.955148053516,9461.116087811835,0.9981861611675574,17.16093975832048,0.14673276169659613,0.19805985411805882,0.9791707793288544,0.0,0.0,0.0,0.0,False,968.596503721561,2.202429218818836,1440,2023-01-17,0.14247171956606264,0.39
463,5,200,444.37755757766587,6912.993258474803,6567.343595551076,6574.9286280710785,0.9988463703639886,7.585032520002776,0.06766473401493736,0.19847785720921873,0.9685366084076792,0.0,0.0,0.0,0.0,False,727.9589038206691,2.9032626391837333,1440,2023-10-06,0.14526562169462262,0.369
464,5,249,1345.3287946051482,8810.83889062781,8370.296946096423,8380.149161155205,0.9988243389384464,9.85221505878157,0.1607265313607012,0.19488058614390677,0.9823830173231347,0.0,0.0,0.0,0.0,False,1001.8922847885735,2.1736440199264684,1440,2023-02-11,0.14665724373645783,0.373
465,5,157,638.7794749865064,5755.494624096996,5467.719892892148,5479.825161192959,0.9977909389543049,12.105268300811067,0.11682739560541466,0.19763060982794825,0.9750047090543104,0.0,0.0,0.0,0.0,False,633.4252838457071,2.4649127405114295,1440,2023-04-24,0.15594050840641702,0.375
466,5,203,493.54083844799635,7027.100236374901,6675.745224556121,6688.471981016476,0.9980972101705028,12.726756460355924,0.0739304484887397,0.1965584549721744,0.9515619965915115,0.0,0.0,0.0,0.0,False,773.5433734982727,3.6941238766644773,1440,2023-05-29,0.15743553754609566,0.37
467,5,283,1541.6738062118493,10106.310332151501,9600.994815543912,9627.939737462166,0.9972013823670488,26.94492191825293,0.16057438170010208,0.19816052194332245,0.9868950690976974,0.0,0.0,0.0,0.0,False,1027.973757254738,1.9498045870674285,1440,2023-11-29,0.16116237879193238,0.379
468,5,189,749.0671086162248,6858.296040234816,6515.3812382230735,6533.293799836004,0.9972582647954115,17.912561612930315,0.11496903730233848,0.20060360519576853,0.9592568719134434,0.0,0.0,0.0,0.0,False,780.039896733206,3.3494146048888824,1440,2023-09-05,0.16071127835490986,0.364
469,5,123,529.1496436029943,4547.931298943425,4320.534733996257,4330.000148642265,0.9978139920736547,9.465414646007668,0.12247318357132149,0.20184135891537872,0.9606485250674142,0.0,0.0,0.0,0.0,False,463.978550641015,3.2904048520821356,1440,2023-06-14,0.15494543459012208,0.331
470,5,262,975.4428706308088,9012.187882057073,8561.578487954192,8577.281752977246,0.9981692026127504,15.70326502305404,0.1139325968924094,0.1929366535363756,0.941088157701049,3.3333333333333335,0.0,0.0,0.0,False,1037.674764009426,3.880919720171848,1440,2023-08-19,0.1475176334493805,0.382
471,5,174,770.0067880620954,6442.140939258228,6120.033892295263,6133.480322808618,0.9978076997388657,13.446430513355477,0.12581740585317436,0.20145141311753578,0.9983635550259286,0.0,0.0,0.0,0.0,False,709.5399241135631,1.4868463602232351,1440,2023-10-22,0.16151891169377533,0.338
472,5,199,963.1720689368912,7259.349055567728,6896.3816027893345,6915.833489510002,0.9971873402171737,19.451886720667382,0.13966339515599357,0.19527716796038844,0.9585793413423623,0.0,0.0,0.0,0.0,False,788.5061249410899,3.219010606887083,1440,2023-06-16,0.153914892554862,0.348
473,5,300,1280.631679709222,10799.1468565955,10259.189513765714,10290.819879202216,0.9969263512715418,31.630365436500178,0.12482776324493068,0.1960368297544832,0.9438425883407753,5.486111111111111,0.0,0.0,0.0,False,1165.2752926026737,4.07443914407868,1440,2023-08-20,0.16165115819143605,0.386
474,5,190,678.9096601350676,6866.650877447706,6523.318333575333,6541.0097506990705,0.9972953079420426,17.691417123738702,0.10407428020808658,0.197396198756135,0.9911172809812578,0.0,0.0,0.0,0.0,False,795.4111036679917,1.8658577592415657,1440,2023-03-21,0.16636707326596265,0.34
475,5,167,743.1381562124868,5949.0278015360545,5651.576411459231,5668.434895138534,0.9970259015069995,16.858483679303077,0.1314921894545542,0.19982432259024033,0.9860268889673288,0.0,0.0,0.0,0.0,False,660.0303465073388,2.042737374491937,1440,2023-03-04,0.16727938358414324,0.341
476,5,162,272.80013486623824,5717.27492353655,5431.411177359711,5444.4881289157165,0.9975981302105236,13.0769515560054,0.050226382418509956,0.19823756637359632,0.9862636564899094,0.0,0.0,0.0,0.0,False,737.6003201021272,2.1832564413582563,1440,2023-11-05,0.16267614327414395,0.343
477,5,273,473.4476642112923,9680.949764454863,9196.902276232111,9228.029717329082,0.9966268594650798,31.12744109697286,0.051479036091841526,0.19614969627732665,0.9821176874737408,0.0,0.0,0.0,0.0,False,955.0774739081594,2.164740424335348,1440,2023-12-09,0.16257253638408153,0.372
478,5,158,698.2678963712501,5639.616210377327,5357.635399858455,5378.230144701946,0.9961707207967329,20.594744843491334,0.1303313578205971,0.20088012257521082,0.9862731236221836,0.0,0.0,0.0,0.0,False,569.3717376040474,2.0883678868559157,1440,2023-03-18,0.16727548026995853,0.337
479,5,229,888.8291038196508,8387.477912273729,7968.104016660018,7994.834255556137,0.996656561219197,26.730238896119015,0.11154838114076482,0.19426046547699766,0.9883743630142636,0.0,0.0,0.0,0.0,False,869.3323955397943,2.050519756539732,1440,2023-04-22,0.16058689139455445,0.361
480,5,162,519.581597772877,5898.297251598308,5603.382389018379,5621.937474523483,0.9966995211901256,18.55508550510291,0.09272642159692035,0.19541849160808913,0.94828277788546,0.06944444444444445,0.0,0.0,0.0,False,692.9798390329272,3.8064281693200015,1440,2023-06-01,0.17008624263645022,0.344
481,5,265,937.4757171373942,9189.609378687697,8730.12890975333,8757.985974025116,0.9968192385379007,27.85706427178569,0.10738394894605086,0.19490144879006052,0.9576155878395174,0.0,0.0,0.0,0.0,False,972.6044703852767,3.446763779223607,1440,2023-08-04,0.17536714156116118,0.368
482,5,249,775.3149057407765,8683.102108227586,8248.947002816185,8275.025662206335,0.9968485101491278,26.07865939014997,0.09398956078588994,0.1952969919023248,0.953247952641564,0.0,0.0,0.0,0.0,False,952.4849516425983,3.6911505507708204,1440,2023-05-25,0.18098428246108983,0.366
483,5,234,917.97678156915,8747.243534064235,8309.881357361008,8327.251241054026,0.9979140915543195,17.369883693018206,0.11046809720766873,0.19574406583354967,0.9862744937043756,0.0,0.0,0.0,0.0,False,903.5663306495973,2.0963065190281704,1440,2023-02-19,0.18484295073893509,0.353
484,5,197,751.6779613414305,7321.448595180566,6955.376165421565,6977.050886017492,0.9968934266139058,21.67472059592766,0.1080715037496281,0.2000935686172501,0.9844258013498415,0.0,0.0,0.0,0.0,False,727.6509471848523,1.877238709344007,1440,2023-01-03,0.18715911942083913,0.35
485,5,185,660.8104975205939,6425.258443343475,6103.995521176288,6121.367714138557,0.9971620406135472,17.372192962269665,0.10825867994628714,0.1967952347310086,1.002281663678594,0.0,0.0,0.0,0.0,False,683.793230574224,1.412137036256125,1440,2023-10-17,0.17943846981135886,0.336
486,5,291,766.8845277878759,10521.117881504742,9995.061987429479,10023.154708742008,0.9971972176296923,28.092721312528873,0.07672634034209752,0.1985956251251916,0.9893149161542418,0.0,0.0,0.0,0.0,False,1159.4399215163517,2.023393096758282,1440,2023-01-12,0.18067852293695558,0.367
487,5,257,1444.789510859464,9154.351585641185,8696.634006359158,8723.432354417626,0.9969280041422116,26.798348058468214,0.16613203565919918,0.195008051736954,0.993115832972992,0.0,0.0,0.0,0.0,False,983.8325675042363,1.7814548487438935,1440,2023-02-03,0.17777992531397074,0.353
488,5,190,995.6557937507843,6591.157629286473,6261.599747822174,6281.481037751113,0.9968349359315973,19.881289928939267,0.1590098112063263,0.1934316238270533,0.9920311036440762,0.0,0.0,0.0,0.0,False,875.4217603364461,1.9298863374747626,1440,2023-02-04,0.18360330608285788,0.344
489,5,124,539.8514708594479,4487.31131005553,4262.945744552729,4280.804248251366,0.9958282363165912,17.85850369863716,0.12663812847003275,0.1980501816385748,1.0016160058845938,0.0,0.0,0.0,0.0,False,534.3223188809607,1.3485062537387793,1440,2023-01-06,0.19205857090839645,0.323
490,5,143,445.9161650765109,5096.5978250357575,4841.767933783976,4853.1819297899,0.9976481417406048,11.413996005923392,0.09209779798925948,0.19736461931759972,0.9517513147490855,0.0,0.0,0.0,0.0,False,571.348551347138,3.576776091902177,1440,2023-06-01,0.1887594465015513,0.337
491,5,200,700.6196780143606,7211.895793330211,6851.301003663693,6872.425257248424,0.9969262301452533,21.124253584730273,0.10226082281886438,0.20232856647974137,0.9924020899139244,0.0,0.0,0.0,0.0,False,676.629246283776,1.6838373537778586,1440,2023-12-07,0.1877601531163404,0.381
492,5,203,905.481105636786,7388.922609543838,7019.476479066655,7039.339252931921,0.997178318425697,19.862773865265186,0.12899553240716655,0.19516040656898268,0.9939704898374387,0.0,0.0,0.0,0.0,False,838.7939243268884,1.7731457643465054,1440,2023-02-16,0.17592360632747295,0.361
493,5,187,463.46547674474505,6492.4076783446,6167.7872944273495,6183.096140024916,0.997524080937628,15.30884559756792,0.0751429085700621,0.19986339786458893,0.9591917339237603,0.0,0.0,0.0,0.0,False,721.2892954022034,3.497377158893313,1440,2023-05-29,0.18246630037159897,0.356
494,5,298,1127.2834550560308,10537.900428712695,10011.00540727701,10055.925851009553,0.9955329380508476,44.92044373254227,0.11260441975554296,0.19583522970069958,0.9733854337267093,0.0,0.0,0.0,0.0,False,981.4311022912577,2.6767619718214624,1440,2023-05-05,0.1773607048633366,0.386
495,5,206,765.4861731586064,7244.361410229099,6882.143339717646,6905.386207713527,0.9966340958641939,23.242867995879376,0.11122787413346902,0.19729179822238138,0.9884145386843506,0.0,0.0,0.0,0.0,False,793.1734299708078,1.938602388232093,1440,2023-04-22,0.1823464369322483,0.361
496,5,263,1114.6981373880928,9332.657119481179,8866.024263507072,8892.254722555088,0.9970501903210799,26.230459048013763,0.12572694414747287,0.19233422252826055,0.9445034565508797,1.8055555555555556,0.0,0.0,0.0,False,1061.7289908499397,3.952897744659749,1440,2023-07-06,0.1832659819285586,0.377
497,5,143,536.4402089077055,4862.623827369608,4619.49263600113,4631.487960441578,0.9974100495255732,11.995324440449014,0.1161253521062165,0.19372409038712682,0.9787044191480753,0.0,0.0,0.0,0.0,False,557.3217009902,2.305142343589494,1440,2023-09-15,0.19529157332625968,0.357
498,5,187,773.969115466811,6956.5793996030225,6608.750429622898,6622.11042279701,0.9979825173062473,13.359993174111057,0.11711277702326163,0.19572476252175236,0.9602228272083271,0.0,0.0,0.0,0.0,False,701.0951295223061,3.3651098450154144,1440,2023-09-05,0.20216813263555838,0.373
499,5,160,564.3688864455953,5564.493432990129,5286.268761340631,5305.7790464786185,0.9963228236669718,19.510285137987808,0.10676129268585804,0.19885204870244952,0.9628173618704976,0.0,0.0,0.0,0.0,False,544.3247082299231,3.1658301796076453,1440,2023-08-04,0.20348166326073355,0.351
500,5,145,918.485204277022,4952.484630459341,4704.860398936407,4716.210142719576,0.9975934609697812,11.349743783169304,0.19522050101309216,0.19906977879750953,1.0008835775050786,0.0,0.0,0.0,0.0,False,594.579579482787,1.382765235928936,1440,2023-01-24,0.19770985572821748,0.335
501,5,221,607.7393027615645,7832.045050411669,7440.442797891055,7465.966070405135,0.9965813838057405,25.523272514079515,0.08168052887038178,0.19710388321941003,0.9984591490583726,0.0,0.0,0.0,0.0,False,808.1128541043347,1.6166447007171585,1440,2023-11-23,0.1926599145531971,0.35
502,5,145,583.509657535932,5452.504947809091,5179.879700418631,5195.960937576777,0.9969050504129375,16.081237158146546,0.11264926818450505,0.2035391407118966,0.9899796437045332,0.0,0.0,0.0,0.0,False,604.4464550165047,1.9705216230259681,1440,2023-09-29,0.1930897377240292,0.342
503,5,190,701.2454613321772,6890.036188385142,6545.534378965944,6565.283632592007,0.9969918658916695,19.749253626064906,0.10713341657567754,0.19516731808106638,0.9528909946857207,0.0,0.0,0.0,0.0,False,716.1927684909595,3.605344035440749,1440,2023-08-13,0.1790990727416296,0.355
504,5,244,1378.5933759827944,9061.97254626535,8608.873918952078,8634.695559998148,0.9970095481807496,25.821641046070795,0.16013631851987964,0.19401277420195726,0.9842542852129746,0.0,0.0,0.0,0.0,False,1120.0345340552544,2.255276050290079,1440,2023-02-12,0.18656618463948305,0.361
505,5,263,1106.251076746402,9068.203766854886,8614.793578512123,8651.916023702783,0.9957093382449669,37.12244519066259,0.12841295228544117,0.1974871587835223,0.9947333817554599,0.0,0.0,0.0,0.0,False,933.4131155729684,1.768984994709294,1440,2023-10-22,0.19537923198170806,0.367
506,5,221,263.8895317813694,7520.751187224014,7144.713627862818,7162.3088744343495,0.9975433555184505,17.595246571531238,0.03693493476803018,0.182555970986636,0.9532088523475057,0.0,0.0,0.0,0.0,False,798.1236773018497,3.6162279583639334,1440,2023-07-01,0.19491166583686886,0.362
507,5,229,1103.6601551056333,7881.333009317468,7487.266358851595,7513.587435370817,0.9964968696051485,26.321076519221755,0.1474049542528782,0.19486886799560096,0.989730299489142,0.0,0.0,0.0,0.0,False,878.1552823450057,1.8654361273933073,1440,2023-01-28,0.22825842752481557,0.356
508,5,173,599.9571605593756,6169.819277037709,5861.328313185813,5885.447414466076,0.9959019086261854,24.11910128026316,0.1023585659260367,0.19432045102085316,0.9947702680571991,0.0,0.0,0.0,0.0,False,683.7575023827884,1.7223261467089344,1440,2023-12-08,0.22810402005566993,0.344
509,5,275,1087.696557031475,9896.435050695787,9401.613298160999,9437.586099847082,0.9961883471784522,35.972801686083855,0.11569254366633372,0.19550191436907347,0.9810559556739473,0.0,0.0,0.0,0.0,False,1024.6326587879953,2.3684993408416606,1440,2023-09-22,0.22947098887375594,0.365
510,5,153,665.3616252976666,5393.547314790608,5123.86994905107,5134.611010753632,0.9979081060512536,10.741061702561936,0.12985529139374238,0.1987047884671753,0.9584393447169524,0.0,0.0,0.0,0.0,False,693.2153831286379,3.361074548606555,1440,2023-06-29,0.22819024884368644,0.339
511,5,252,989.5119068819828,8920.120767371094,8474.114729002493,8493.907237105364,0.9976697993573077,19.792508102870592,0.11676876446992127,0.1944758183343201,0.964057430694771,0.0,0.0,0.0,0.0,False,954.6921498448486,3.1146744444095713,1440,2023-10-05,0.220184094380448,0.366
512,5,136,522.1862985644623,4896.873873506817,4652.030179831483,4665.261942622893,0.9971637685184359,13.231762791409201,0.11224912100277436,0.19956609460071625,0.950280635117622,0.0,0.0,0.0,0.0,False,497.7967747375393,3.734685574427379,1440,2023-08-18,0.2233591141854227,0.341
513,5,228,846.7826574523629,8219.041222128975,7808.08916102253,7839.5255773099125,0.9959900103676721,31.436416287382897,0.10844940932276317,0.19676580270867164,0.9595501742792767,0.0,0.0,0.0,0.0,False,996.5368130747584,3.3698294199691126,1440,2023-08-04,0.21472221751329512,0.366
514,5,165,580.4109740108404,5930.834282661481,5634.292568528367,5650.349584434534,0.9971582261121682,16.057015906167123,0.10301399278639858,0.19749877150439263,0.9559677172483001,0.0,0.0,0.0,0.0,False,666.5520948032644,3.487195372327772,1440,2023-07-12,0.2141350522026576,0.347
515,5,172,666.9744401451939,6059.668883690198,5756.685439505694,5765.643062337653,0.9984463792268947,8.957622831959062,0.11586084512591754,0.1988561940659424,0.9805737591439121,0.0,0.0,0.0,0.0,False,677.6730140047669,2.3566974336149498,1440,2023-04-24,0.2121778500283418,0.34
516,5,182,790.3779521197547,6473.605584091535,6149.925304886989,6174.512325338936,0.9960179818005955,24.587020451946657,0.12851830110711868,0.19585585693851973,0.9966221327202736,0.0,0.0,0.0,0.0,False,777.1035928818162,1.7087328938582267,1440,2023-03-06,0.20768294895018252,0.335
517,5,261,1020.303980476094,9266.384742824936,8803.065505683679,8841.171481311652,0.9956899404441457,38.10597562797292,0.11590325890649537,0.19482974447101378,0.9713034346021544,0.0,0.0,0.0,0.0,False,1041.7387536787035,2.706759122856455,1440,2023-09-15,0.21089497692105902,0.364
518,5,262,656.7319546906544,9290.18307530507,8825.673921539788,8854.20032126572,0.9967782071004856,28.5263997259324,0.07441153622136953,0.19341991426025532,0.9918733613679438,0.0,0.0,0.0,0.0,False,1011.8646222492966,1.8851264516376314,1440,2023-11-02,0.2159805595027226,0.356
519,5,165,960.6625132718202,6069.979497463482,5766.4805225903065,5790.211999815514,0.995901449337958,23.731477225207623,0.16659425268296754,0.1996757236354191,0.9961333691481256,0.0,0.0,0.0,0.0,False,681.3582008386559,1.5203976564611632,1440,2023-02-03,0.2234796563187093,0.341
520,5,217,493.64753057037564,8125.936024074598,7719.6392228708655,7744.686846522686,0.9967658313178839,25.047623651820565,0.06394696906402739,0.19607810317682758,0.9896742805537647,0.0,0.0,0.0,0.0,False,938.3622385880512,1.90314868268627,1440,2023-12-10,0.21573236696436737,0.352
521,5,133,488.837254442809,4959.208523621136,4711.248097440128,4721.663212113482,0.9977941851831715,10.415114673354944,0.10375960771592996,0.19815389961123445,0.9998540585717537,0.0,0.0,0.0,0.0,False,518.145671861445,1.4935881393482051,1440,2023-11-27,0.21764539533095384,0.326
522,5,281,1214.0457697356599,10328.4725302593,9812.048903746287,9849.352222171994,0.9962126119988142,37.303318425708945,0.1237300977242512,0.19020480958071548,0.9904541320092872,0.0,0.0,0.0,0.0,False,1058.531531926536,1.9992476786776758,1440,2023-04-20,0.21470137088796615,0.367
523,5,294,1549.1817645514652,9673.21670749243,9189.555872117793,9210.308709445068,0.997746781570308,20.752837327271568,0.16858070032000863,0.1951506070504114,0.9924436335051512,0.0,0.0,0.0,0.0,False,1161.7423202042714,2.061163707317207,1440,2023-01-27,0.23032390892168197,0.366
524,5,185,694.8238513777159,6724.751958408612,6388.514360488186,6417.09401549434,0.9955463244052296,28.57965500615406,0.10876141340075506,0.1951124338356127,0.9559225722282663,0.0,0.0,0.0,0.0,False,747.5582773095214,3.5555350066038747,1440,2023-07-13,0.23218365456280304,0.354
525,5,217,707.4985700120973,7654.486305719822,7271.761990433812,7302.49130311005,0.9957919412155752,30.729312676238408,0.09729396684638877,0.20251183781464405,0.9919791886789812,0.0,0.0,0.0,0.0,False,720.8610221170367,1.6995532299399487,1440,2023-01-08,0.2339998104564764,0.353
526,5,217,706.2705779167184,7903.793345464693,7508.603678191418,7537.903616661581,0.9961129857901873,29.299938470162232,0.09406150706396536,0.1895673430653402,0.9746818289849566,0.0,0.0,0.0,0.0,False,924.4062016163005,2.7534952451798356,1440,2023-08-12,0.2190484545268139,0.352
527,5,260,831.8623298933235,9195.25682085361,8735.493979810903,8766.093505254505,0.9965093316167275,30.599525443600857,0.09522785223318657,0.18626399954019662,0.9488717781887425,0.06944444444444445,0.0,0.0,0.0,False,1070.6420444199407,4.024151531383703,1440,2023-05-25,0.23608689107828534,0.363
528,5,132,275.6796109456099,4879.79599882095,4635.806198879895,4651.84407757383,0.9965523610795014,16.03787869393414,0.059467458111648344,0.19271879239062883,0.9999082315804572,0.0,0.0,0.0,0.0,False,551.742869298386,1.3817422571462832,1440,2023-11-03,0.2576717960977686,0.326
529,5,215,1051.9900520039512,7718.459557722064,7332.536579835951,7355.329360988901,0.9969011882358609,22.792781152949075,0.1434687765345573,0.19665088217652102,0.9942917172721546,0.0,0.0,0.0,0.0,False,760.0052782128009,1.7987007144744658,1440,2023-03-08,0.26110323622287285,0.349
530,5,272,1355.7855723631626,9520.388886157225,9044.369441849407,9076.291822836065,0.9964828829207165,31.92238098665664,0.14990382481389763,0.1918058365821225,0.9528128320055342,0.0,0.0,0.0,0.0,False,1013.6664922177079,3.6542919448055082,1440,2023-06-21,0.2553652466851674,0.368
531,5,230,889.9654499742169,8427.896841200265,8006.501999140211,8032.778705872535,0.9967288148106067,26.276706732323316,0.11115533975633642,0.19597439398018504,0.988371024234631,0.0,0.0,0.0,0.0,False,861.0678765178727,2.1034807148152663,1440,2023-04-27,0.2618436635335737,0.357
532,5,220,697.9202768550326,7641.812447933688,7259.721825537035,7277.542338624104,0.997551300664719,17.820513087068495,0.09613595308845105,0.1931429500926248,0.9934087493485495,0.0,0.0,0.0,0.0,False,826.0540762470216,1.732374200449739,1440,2023-03-22,0.2580568510375518,0.352
533,5,126,618.2499195035721,4537.920234017308,4311.024222316447,4330.570896053623,0.9954863517521468,19.54667373717536,0.14341137688420763,0.2022691149098817,0.997326246560908,0.0,0.0,0.0,0.0,False,487.73916253473465,1.5911625886897234,1440,2023-01-09,0.26159943008873565,0.324
534,5,287,1071.09766091374,9990.237162227302,9490.725304116015,9531.048400079046,0.9957692906099714,40.323095963028074,0.11285730295546723,0.19157332258331533,0.95331178617924,0.0,0.0,0.0,0.0,False,986.4229036430816,3.6549931787502628,1440,2023-07-11,0.24424247498622342,0.373
535,5,153,556.4651191732115,5341.861066638811,5074.768013306859,5082.838861836703,0.9984121376362249,8.070848529844612,0.1096533117797839,0.19762583475842335,0.9522545980866693,0.0,0.0,0.0,0.0,False,675.6685800317356,3.5516766788089065,1440,2023-07-13,0.25430898789349393,0.344
536,5,183,727.4246071663039,6489.602679780476,6165.122545791406,6180.91490604727,0.9974449801532759,15.792360255863535,0.11799029163870832,0.19926715976554518,0.9516466248904818,0.0,0.0,0.0,0.0,False,748.2909704093615,3.7101060297130735,1440,2023-08-31,0.24916537969615152,0.352
537,5,242,848.1314513045346,7928.070951511124,7531.6674039355885,7545.625326191559,0.9981501967494303,13.95792225597063,0.11260872338326477,0.19815085280882222,0.9957402671349614,0.0,0.0,0.0,0.0,False,916.880338188437,1.6553886253294734,1440,2023-11-08,0.2414762201343323,0.35
538,5,203,752.4681220570508,7169.3615151929125,6810.893439433301,6826.289653142085,0.9977445706978318,15.396213708783083,0.11048009027721034,0.1936537376846884,0.9563112121917811,0.0,0.0,0.0,0.0,False,788.8306833445057,3.565937388389078,1440,2023-07-13,0.23787322514922632,0.352
539,5,223,386.532299634707,7766.744438923733,7378.407216977512,7399.299153302485,0.9971764979503973,20.891936324973898,0.052386956733061145,0.1970389524323256,0.9926910122672697,0.0,0.0,0.0,0.0,False,873.8546403550937,1.8029484763379258,1440,2023-01-07,0.2452017955500015,0.358
540,5,226,808.8538635140725,8306.51991540032,7891.193919630269,7910.767870270593,0.9975256573114875,19.573950640324895,0.10250082202414945,0.19865734207362287,0.9945815040361151,0.0,0.0,0.0,0.0,False,818.8209276619846,1.716943431424297,1440,2023-11-14,0.24376523180420354,0.38
541,5,148,247.63288532344305,5317.056927832626,5051.204081440988,5061.158021085348,0.9980332683542205,9.953939644360524,0.04902452590131723,0.19829652692592165,0.9987466925757033,0.0,0.0,0.0,0.0,False,603.9127914342203,1.4942066615716751,1440,2023-11-01,0.23912265649303005,0.356
542,5,122,350.83289850041115,4292.898835371389,4078.2538936027945,4089.0296726885495,0.9973647099805295,10.775779085754646,0.0860252715140498,0.1985644430884439,1.0012289385736963,0.0,0.0,0.0,0.0,False,451.2094254603842,1.2806630511134,1440,2023-03-12,0.2362875632227379,0.324
543,5,292,1667.196543388412,10392.936438809595,9873.289616869106,9908.03724390344,0.9964929858276709,34.74762703433514,0.16885927670347145,0.19487640722659336,0.9854795722711936,0.0,0.0,0.0,0.0,False,1128.940864222855,2.2342989441766914,1440,2023-02-05,0.233501850894533,0.373
544,5,266,677.4991019683583,9436.331110018498,8964.514554517551,8982.36389659712,0.9980128458070674,17.84934207956944,0.07557565976921098,0.1914646338976188,0.990097738072014,0.0,0.0,0.0,0.0,False,1091.1057125130167,2.256864527269278,1440,2023-12-16,0.23964313956671057,0.356
545,5,147,279.46274200932277,5291.375093544538,5026.806338867277,5040.137898863406,0.9973549215788053,13.331559996128941,0.05559449144649084,0.19784151549919782,0.9964419036343979,0.0,0.0,0.0,0.0,False,543.4040424383763,1.7118347900216246,1440,2023-01-07,0.25248884013331574,0.355
546,5,241,793.1689516528712,8306.149645502284,7890.842163227196,7915.905103922307,0.9968338502841965,25.062940695111052,0.10051765518124127,0.18910555058838588,0.9845844342759796,0.0,0.0,0.0,0.0,False,993.0814765311403,2.3031622356955044,1440,2023-10-27,0.24884418528816613,0.362
547,5,212,788.1372481555392,7706.704377646621,7321.369158764256,7340.196072212889,0.9974350939316317,18.826913448633075,0.10764888794223369,0.19120743248341412,0.9565878020218687,0.0,0.0,0.0,0.0,False,780.9868961572647,3.5462461068959046,1440,2023-08-09,0.2656923066864134,0.373
548,5,253,750.272372747015,9100.676166629744,8645.642358298179,8662.599519239186,0.998042485872359,16.957160941004908,0.086780408170238,0.19659966202767212,0.988701675452376,0.0,0.0,0.0,0.0,False,1023.0612163619168,1.96243935482158,1440,2023-01-11,0.27498629201177843,0.364
549,5,146,499.30442204225864,5103.311289978345,4848.145725479371,4853.981993205633,0.9987976330084389,5.8362677262622356,0.10298874050302784,0.19514247064178805,0.9559883392415666,0.0,0.0,0.0,0.0,False,610.1899460342536,3.4842519152933225,1440,2023-07-26,0.27072859217331924,0.35
550,5,246,497.8605394456984,8475.660490907741,8051.8774663623135,8080.910402143395,0.9964072196898284,29.032935781081836,0.06183160902852418,0.1917926407356063,0.9848304049534857,0.0,0.0,0.0,0.0,False,1092.0965126689553,2.053237410496382,1440,2023-10-18,0.27077112981940743,0.362
551,5,249,1078.5059143681472,8925.646460067033,8479.364137063689,8493.969766027885,0.9982804708085243,14.605628964196642,0.12719183855472704,0.19302182815997054,0.9916045338727004,0.0,0.0,0.0,0.0,False,1075.3061127080666,1.8808125613475366,1440,2023-11-16,0.2785851536930975,0.372
552,5,300,2081.1937331882873,11054.289993998324,10501.575494298437,10528.343885092054,0.9974574927371511,26.768390793616216,0.1981791907622069,0.19229415907367622,0.9817848833829096,0.0,0.0,0.0,0.0,False,1230.40443497361,2.1241268728754052,1440,2023-01-24,0.2824810690504497,0.411
553,5,170,940.1808969608998,6350.12140518666,6032.615334927306,6045.584582401905,0.9978547570879496,12.969247474599344,0.15584963482048853,0.19864080675837464,0.9859172141449146,0.0,0.0,0.0,0.0,False,763.1948169852237,2.1263841110840267,1440,2023-03-05,0.28758396537249514,0.362
554,5,197,582.263618235166,6977.623275425101,6628.742111653837,6639.284085325101,0.9984121821666639,10.541973671264579,0.08783923230494996,0.18747245382339592,0.9952698247125651,0.0,0.0,0.0,0.0,False,945.4505001538483,1.761972971824354,1440,2023-10-20,0.2777716171858763,0.354
555,5,144,550.2168095684159,5198.278193353997,4938.3642836862855,4960.112302664611,0.9956154180286115,21.748018978326435,0.11141681292853141,0.19716875106741594,0.9735177542018095,0.0,0.0,0.0,0.0,False,658.8740873197644,2.738406748716995,1440,2023-05-07,0.29511849240236454,0.347
556,5,122,528.898071457039,4496.25029433148,4271.437779614892,4281.825574127045,0.9975739799923375,10.387794512152654,0.12382202404566546,0.1924426667623701,0.9444675204622831,3.125,0.0,0.0,0.0,False,601.6195938954743,3.9810307499453383,1440,2023-09-01,0.28780570108534037,0.351
557,5,128,390.1855971696129,4482.874870625589,4258.731127094301,4272.547978047176,0.9967661332245144,13.816850952875104,0.09162015293410493,0.19475453855015207,0.9574453415657502,0.0,0.0,0.0,0.0,False,525.8271376258824,3.36764595073788,1440,2023-05-26,0.29273072016470336,0.341
558,5,201,756.3342011582187,6910.73208609599,6565.195481791166,6584.100050392866,0.9971287543541243,18.904568601700564,0.11520360715167463,0.18955482808399982,0.9440695093161738,1.1111111111111112,0.0,0.0,0.0,False,817.0904516219033,3.9242923243233485,1440,2023-06-26,0.2918468905675658,0.36
559,5,151,579.7707596141996,5405.689421789734,5135.4049507002655,5139.989719142041,0.9991080199198256,4.5847684417757275,0.11289679493243115,0.1924393032971799,0.9959039063656341,0.0,0.0,0.0,0.0,False,681.1969715994164,1.6223582312413538,1440,2023-12-04,0.3031014485111907,0.377
560,5,254,1025.0899581357512,8847.497858894905,8405.122965950153,8421.480243704895,0.9980576718959866,16.357277754741368,0.12196013815484619,0.19063625853245392,0.9807415911665534,0.0,0.0,0.0,0.0,False,1214.3257412236737,2.4514568955989007,1440,2023-04-02,0.3061372842322354,0.39
561,5,154,475.55039485841604,5258.366606990052,4995.448276640545,5019.363990919898,0.9952353098275765,23.915714279352887,0.09519674081746778,0.19447693760798992,0.9595939067975339,0.0,0.0,0.0,0.0,False,563.2366541107754,3.4187281519733386,1440,2023-08-01,0.3130008383648457,0.374
562,5,233,969.697732379021,8313.540038323912,7897.8630364077,7919.785380096686,0.9972319523021319,21.922343688986153,0.12277976053888151,0.18877685789105694,0.9792612263348022,0.0,0.0,0.0,0.0,False,1022.538951691398,2.6054986826908073,1440,2023-03-10,0.3103183408243553,0.392
563,5,217,648.2777847875836,7741.73324319515,7354.646581035401,7377.651033798613,0.9968818730165165,23.004452763210995,0.0881453347410635,0.19034687163343766,0.9517324920446463,0.0,0.0,0.0,0.0,False,904.6342912295818,3.755114922729353,1440,2023-05-31,0.32127367527466255,0.404
564,5,179,581.9563838066013,6097.818136467407,5792.927229644028,5810.304568884001,0.9970092205952448,17.377339239972898,0.10045981258465803,0.1931675613625433,0.9565529061148705,0.0,0.0,0.0,0.0,False,745.4072304715419,3.3990556245854835,1440,2023-05-15,0.327066569019999,0.355
565,5,201,647.5794342672655,7109.1169331750325,6753.661086516296,6774.579414963811,0.9969122321599314,20.91832844751597,0.0958856871808625,0.19086342115511934,0.9659606053213611,0.0,0.0,0.0,0.0,False,772.2991108522169,3.1035021033293972,1440,2023-10-04,0.3258369885441085,0.363
566,5,300,1678.970752460866,11133.402963743514,10576.732815556315,10613.963476366422,0.9964922942411658,37.23066081010684,0.1587419084645333,0.19182036602795413,0.9880848855074087,0.0,0.0,0.0,0.0,False,1309.889530549607,2.032097531092835,1440,2023-03-14,0.33037926156197284,0.395
567,5,293,1035.3068090530032,10312.43937706365,9796.817408210523,9827.160694643091,0.9969123038306367,30.3432864325678,0.10567787128351831,0.1858610700206881,0.9746644864235273,0.0,0.0,0.0,0.0,False,1166.248162241456,2.6368263961307052,1440,2023-04-12,0.3323167829546301,0.372
568,5,170,940.710477360803,6713.465458487079,6377.792185562701,6397.323620995041,0.9969469364707078,19.531435432340174,0.14749782526471672,0.19392571097481973,0.9982157421101855,0.0,0.0,0.0,0.0,False,716.9867755604848,1.5976960334820223,1440,2023-01-26,0.3476841977837068,0.341
569,5,292,1093.4142283047927,10470.674846735637,9947.14110439882,9980.865561068998,0.9966210889763185,33.72445667017956,0.1099224608185425,0.1881176086253239,0.9919034929380595,0.0,0.0,0.0,0.0,False,1172.8079576731939,1.9459738407932703,1440,2023-10-17,0.3425396339991375,0.372
570,5,159,600.2236239641397,5386.358699729077,5117.040764742631,5133.831817293532,0.9967293333423312,16.79105255090202,0.11729897250375508,0.19639895987872188,0.9558642701447623,0.0,0.0,0.0,0.0,False,655.9571560327938,3.53290079200991,1440,2023-06-23,0.3517959277091068,0.364
571,5,264,1027.3077987073134,10032.060025187757,9530.457023928353,9565.967090630938,0.9962878748833075,35.51006670258509,0.10779208133755039,0.18653680393834443,0.9511784097860482,0.0,0.0,0.0,0.0,False,1141.4643984246102,3.6832051622044606,1440,2023-08-04,0.3411620419256705,0.388
572,5,182,672.0160029522835,6479.011470698238,6155.060897163314,6168.045184128692,0.9978949105303592,12.984286965377603,0.10918104860050953,0.1913133426437559,0.9821292377337505,0.0,0.0,0.0,0.0,False,844.7063962849925,2.4939225481542797,1440,2023-11-07,0.3550248361708347,0.354
573,5,241,976.8780463587108,8532.881116128174,8106.237060321759,8127.400854216018,0.997395994823698,21.163793894259516,0.12050943478328721,0.18879500308747046,0.9436924056099187,2.361111111111111,0.0,0.0,0.0,False,921.2719158898597,4.079405898757583,1440,2023-08-17,0.35604101928287296,0.367
574,5,237,663.5004904679545,8623.631627956856,8192.45004655904,8215.264260135407,0.9972229483003885,22.814213576365308,0.08098926288194278,0.18177493239996761,0.9924961515283652,0.0,0.0,0.0,0.0,False,955.3050998390678,1.7980428317483481,1440,2023-10-20,0.362954562641958,0.392
575,5,272,1285.0418537356118,9924.709286286012,9428.47382197176,9443.8663251627,0.9983701057743768,15.39250319093921,0.13629372876244283,0.1893592790775259,0.9855432205341731,0.0,0.0,0.0,0.0,False,1142.877801623546,2.3085681786382737,1440,2023-02-20,0.384840806221734,0.396
576,5,189,1039.3236750638537,6606.870566691902,6276.527038357302,6299.960066312118,0.9962804481761528,23.43302795481636,0.1655889743981516,0.19598311337431232,0.9976679955896858,0.0,0.0,0.0,0.0,False,700.1350065639259,1.4233582794323985,1440,2023-01-27,0.38619627444105026,0.397
577,5,289,1234.0526224223572,10497.455193488528,9972.582433814037,10018.92798331559,0.9953742007549379,46.345549501554444,0.12374453965284406,0.1887483036485003,0.9826990908806671,0.0,0.0,0.0,0.0,False,1085.049741454574,2.3953277041891257,1440,2023-03-27,0.3729090578948575,0.432
578,5,279,1280.8675976303768,10417.715834846358,9896.83004310411,9933.965258056942,0.9962617933535943,37.13521495283213,0.12942200604150586,0.19029194372016073,0.9791206624521055,0.0,0.0,0.0,0.0,False,1148.119086283129,2.4615354375637684,1440,2023-03-18,0.3787584508722648,0.398
579,5,124,110.16966825717466,4315.5723859901545,4099.793766690663,4111.483096729986,0.9971569067014723,11.68933003932402,0.02687200247784736,0.18890861532073877,1.0012370647741238,0.0,0.0,0.0,0.0,False,454.08588358723273,1.3611951458069051,1440,2023-12-23,0.3805273599105296,0.348
580,5,138,481.11565688350373,4777.907419340337,4539.0120483733335,4556.440618254649,0.9961749595042475,17.42856988131628,0.10599567741969827,0.19151646061515365,0.9581551665316045,0.0,0.0,0.0,0.0,False,663.4442579283491,3.3177769730674065,1440,2023-07-12,0.3855403788538328,0.355
581,5,141,606.0657405775869,4895.0381461924735,4650.286238882842,4658.292006900734,0.9982813941234184,8.005768017891382,0.13032869579296794,0.19312458692399795,1.0028396561380555,0.0,0.0,0.0,0.0,False,563.5508361549386,1.4197252021650635,1440,2023-01-06,0.38423771133000495,0.359
582,5,236,1261.573853928646,8343.341724144135,7926.174637936949,7949.703616256592,0.9970402697439528,23.528978319642682,0.15916553842888992,0.19345044293843489,0.993448480977222,0.0,0.0,0.0,0.0,False,932.9320350895819,1.8844618465411231,1440,2023-11-30,0.38000147008528534,0.375
583,5,185,627.9779132876307,6619.780392611129,6288.791372980575,6307.929368569907,0.996966041553241,19.1379955893316,0.09985669360661273,0.1858855488253052,0.9587906508036758,0.0,0.0,0.0,0.0,False,769.0565785962322,3.485752677970415,1440,2023-06-30,0.3762230717108266,0.376
584,5,147,738.8091635009386,5494.791006800617,5220.051456460588,5232.933389554647,0.99753829599288,12.881933094058946,0.14153292734050593,0.1961997745851022,0.9972535503941832,0.0,0.0,0.0,0.0,False,593.9634471761062,1.5075721958578385,1440,2023-03-07,0.3905488426188796,0.349
585,5,136,453.54136260420637,4733.046174533451,4496.393865806789,4510.661195812743,0.9968369759140415,14.26733000595329,0.10086780120691836,0.18952380513771513,0.982448567657281,0.0,0.0,0.0,0.0,False,532.7751098639058,2.2904922388795743,1440,2023-04-29,0.3795081739445136,0.34
586,5,285,1156.135244149713,10160.708696710984,9652.673261875487,9683.541102961306,0.9968123395400904,30.86784108582244,0.1197735811400581,0.18984905404898858,0.9574491521754044,0.0,0.0,0.0,0.0,False,1043.8227455833178,3.5386213146604377,1440,2023-06-18,0.38588658153238653,0.387
587,5,228,760.7060308409822,8113.933697072858,7708.237012219203,7738.966748741743,0.9960292197239979,30.729736522540257,0.09868742095437653,0.19067484121083283,0.9555282245006782,0.0,0.0,0.0,0.0,False,929.6559679100923,3.558741263543,1440,2023-06-08,0.3907813072954339,0.372
588,5,126,140.38334300131623,4646.796958958362,4414.457111010435,4432.390470325417,0.9959540208754071,17.93335931498129,0.03180081705883502,0.18902533586883968,0.994778780455954,0.0,0.0,0.0,0.0,False,529.9652164312115,1.8011897255162936,1440,2023-11-04,0.3933466140892728,0.332
589,5,167,746.3495853453352,6220.889994038239,5909.845494336336,5926.166658701068,0.9972459153944365,16.321164364731207,0.12628918743486522,0.1927381979648532,0.9846722602573155,0.0,0.0,0.0,0.0,False,670.2570690249327,2.2245746447706787,1440,2023-10-30,0.3995765044832869,0.344
590,5,238,1024.1412723274204,8458.880627523366,8035.936596147224,8055.408034999757,0.9975828116008609,19.471438852533282,0.12744516585887924,0.190354456136556,0.9975955048561814,0.0,0.0,0.0,0.0,False,992.9605237574167,1.6434984526733367,1440,2023-10-22,0.3967552102890257,0.359
591,5,167,431.7128538484746,5687.3259792743065,5402.959680310616,5412.133292826622,0.9983049913925504,9.173612516006155,0.0799030308187781,0.186052508344069,0.9498108513575179,0.06944444444444445,0.0,0.0,0.0,False,766.5647422568969,3.8254825659560425,1440,2023-07-29,0.40022468414904283,0.354
592,5,258,930.6879358747659,9303.652139819951,8838.469532828947,8864.03459255936,0.9971158664304095,25.56505973041247,0.10529967121772481,0.1813510293999243,0.9675930226177566,0.0,0.0,0.0,0.0,False,877.7993750410858,3.10392211992957,1440,2023-05-12,0.4131619229633245,0.372
593,5,172,745.120632538671,6352.328985321856,6034.712536055757,6054.736673544128,0.9966928144743493,20.024137488372222,0.12347243188250957,0.19371705888710242,0.9960686536273878,0.0,0.0,0.0,0.0,False,706.5232866727288,1.663501242784288,1440,2023-11-21,0.4347874162218719,0.357
594,5,234,890.2417466792388,8147.694399064508,7740.309679111303,7763.161683783362,0.997056353377285,22.852004672058726,0.11501371180041095,0.18947039086137776,0.9882976068291809,0.0,0.0,0.0,0.0,False,1008.5830339681858,2.0983635236511335,1440,2023-01-03,0.42519669301256285,0.364
595,5,137,191.34642744918722,5045.298042002382,4793.03313990224,4800.135136471801,0.9985204590354968,7.101996569561411,0.03992178269251232,0.178310952923347,0.9581124627356302,0.0,0.0,0.0,0.0,False,584.4115632027388,3.400738572723524,1440,2023-07-01,0.42739326455864096,0.355
596,5,266,1023.058696258351,9403.62302429833,8933.441873083384,8949.287659221349,0.9982293801762381,15.845786137965376,0.11452010443375074,0.1834359937605424,0.9585767725803485,0.0,0.0,0.0,0.0,False,1162.2767899293108,3.50059798525453,1440,2023-07-08,0.4547857376130038,0.405
597,5,254,898.1837593993044,9024.61425441349,8573.38354169289,8589.618733382476,0.9981099054342785,16.235191689586287,0.10476421065631576,0.1815556231495706,0.9769754988396145,0.0,0.0,0.0,0.0,False,954.5819403125194,2.606416105071079,1440,2023-09-23,0.4662528265266371,0.401
598,5,217,1155.488546481858,7568.209302854461,7189.798837711722,7211.808026926477,0.9969481731720283,22.00918921475472,0.16071222193604687,0.1888784016556924,0.9884003404147077,0.0,0.0,0.0,0.0,False,1007.0941112673855,2.0789096440456425,1440,2023-02-28,0.4804855318442031,0.364
599,5,237,874.0322575795994,8362.420920139906,7944.299874132913,7962.133609693997,0.9977601813238387,17.833735561083756,0.11002004851623208,0.1847169961998566,0.9524499025640142,0.0,0.0,0.0,0.0,False,960.5067696783256,3.683754054057899,1440,2023-06-12,0.4763176633020034,0.386
