episode,stage,n_ev,cost_eur,energy_drawn_kwh,energy_delivered_kwh,energy_requested_kwh,service_quality,unmet_kwh,cost_per_kwh,retail_price_paid,min_voltage_pu,violation_rate_pct,q_activation_pct,q_kvarh,curtailed_kwh,q_exhausted_any,peak_ev_kw,peak_feeder_mw,pf_solves,day,w_retail,wall_s
0,0,60,188.56968708640437,1917.0455811593486,1821.1933021013829,1821.699615483764,0.9997220653843928,0.5063133823814501,0.10354182989187548,0.1932788888593037,1.0005950785756268,0.0,0.0,0.0,0.0,False,325.2254697064944,1.3499645236905855,1440,2023-03-21,0.0,0.197
1,0,60,254.28552076746098,2199.3111840529855,2089.345624850333,2091.4414286861206,0.9989979141624329,2.0958038357875264,0.12170581915362917,0.19021335061069197,0.9663652593341263,0.0,0.0,0.0,0.0,False,397.7191443932955,2.9976686394825007,1440,2023-08-16,0.015122500066566714,0.206
2,0,60,230.36006198827474,2055.772418744011,1952.9837978068047,1967.6982492176376,0.992521998016371,14.714451410832778,0.1179528792030781,0.2118808786028361,1.006733282567189,0.0,0.0,0.0,0.0,False,299.4993398250239,0.9257168165244324,1440,2023-10-23,0.034454016736231274,1.833
3,0,60,162.1065688154383,1882.9625294575073,1788.8144029846342,1796.3493013391587,0.9958054380910731,7.534898354524413,0.09062235218196125,0.22003665562401784,0.9982342901637045,0.0,0.0,0.0,0.0,False,245.43058362458612,1.3780922908858797,1440,2023-12-12,0.001656624559104019,2.117
4,0,60,200.80925146834275,1773.4561248334855,1684.783318591812,1692.7297067168245,0.9953055776752303,7.946388125012652,0.11918995710153672,0.2275409477237649,0.9524659058791534,0.0,0.0,0.0,0.0,False,272.3213834934314,3.497856562607391,1440,2023-08-17,-0.04352583141039847,2.155
5,0,60,274.8802200224768,1988.742192953872,1889.3050833061775,1901.252239446837,0.9937161645925869,11.947156140659398,0.14549276474789974,0.23507597883118164,0.9688325961763333,0.0,0.0,0.0,0.0,False,281.1611782312393,2.9257173328527686,1440,2023-06-21,-0.09755828619163227,2.331
6,0,60,161.72812196357035,2388.762233636505,2269.3241219546676,2286.187500359396,0.9926237990531934,16.863378404728515,0.07126708802807194,0.22985133473820935,1.002359824382658,0.0,0.0,0.0,0.0,False,293.67814174995743,1.3151642963082664,1440,2023-12-19,-0.1591151173944952,2.219
7,0,60,104.42761051951908,2615.9155349175835,2485.1197581717042,2495.7213085164562,0.9957521096972747,10.601550344752576,0.04202115820621304,0.22242113615090356,0.9585332779246918,0.0,0.0,0.0,0.0,False,325.17628898302115,3.3141145618654857,1440,2023-08-02,-0.198358932089157,2.282
8,0,60,99.88872272999936,2167.534795388715,2059.1580556192775,2065.004524021881,0.9971687866372241,5.846468402603652,0.048509497586846737,0.21778484169024387,1.0076587215228447,0.0,0.0,0.0,0.0,False,251.15972834825516,1.0962127856775157,1440,2023-11-03,-0.21452860376035887,2.164
9,0,60,199.0441513282747,2004.98929952345,1904.7398345472764,1915.0838602980014,0.994598656505248,10.344025750725109,0.10449939026742938,0.22566562383285277,0.9988258565680547,0.0,0.0,0.0,0.0,False,268.4800783116051,1.4378050503121416,1440,2023-04-30,-0.21815373536838123,2.246
10,0,60,189.40020810392818,2230.064020494148,2118.56081946944,2122.432555483149,0.9981758025696946,3.871736013708471,0.08940041105421767,0.21281648825016164,0.9625933861581407,0.0,0.0,0.0,0.0,False,287.1958374319588,3.069455778849165,1440,2023-05-25,-0.23967484256018134,2.267
11,0,60,49.09748612078843,1953.3028517106359,1855.6377091251027,1858.3303624182386,0.9985510362701969,2.6926532931360487,0.026458551623170533,0.21048542351509478,1.0030254128417646,0.0,0.0,0.0,0.0,False,223.34503734829113,1.2651089449219417,1440,2023-12-23,-0.229264454444209,2.341
12,0,60,245.14330369964054,2132.789391748905,2026.1499221614567,2038.8008530366326,0.9937949158416658,12.650930875175792,0.12098971602166858,0.22978667550679144,0.9903163137708298,0.0,0.0,0.0,0.0,False,290.47958463430405,1.7352090912068125,1440,2023-03-10,-0.2163320727100388,2.333
13,0,60,176.60218431914515,2224.7432949397203,2113.5061301927362,2118.302614160221,0.9977356946380458,4.796483967484569,0.08355887016189555,0.21616883387468602,0.9557598490899649,0.0,0.0,0.0,0.0,False,345.1938872933388,3.413939932364154,1440,2023-06-02,-0.24993825547977486,2.36
14,0,60,204.2902869476793,2220.3758765211564,2109.357082695101,2113.0751864914955,0.9982404299571715,3.7181037963942902,0.09684955127970082,0.22315493294589148,0.9966814774890603,0.0,0.0,0.0,0.0,False,322.7612139543311,1.5709580816214166,1440,2023-10-31,-0.2476723917986661,2.32
15,0,60,235.09118648746008,2022.5524960386717,1921.424871236743,1927.8374624323505,0.9966736868016265,6.412591195607185,0.12235252598564599,0.21768074890029543,0.9935925202730426,0.0,0.0,0.0,0.0,False,320.1185533057175,1.5899360702713579,1440,2023-03-17,-0.26238686545772566,2.276
16,0,60,227.87272380947445,2218.1260198028804,2107.219718812733,2113.55387511637,0.9970030779067375,6.334156303636933,0.10813904301249819,0.22224433043641417,1.0020053300392697,0.0,0.0,0.0,0.0,False,360.46142715215683,1.3439769078338248,1440,2023-11-15,-0.2629992769296768,2.369
17,0,60,206.2270608110073,2190.1507039117146,2080.6431687161203,2086.8181392842043,0.9970409637275809,6.174970568083943,0.09911697686166032,0.1975321105693673,0.9707929978100638,0.0,0.0,0.0,0.0,False,324.05310499625074,2.8072516273071404,1440,2023-05-13,-0.2746413020085196,2.273
18,0,60,136.209230954347,1854.1367516002053,1761.429914020183,1769.4427723483116,0.9954715357550139,8.012858328128205,0.07732878263857296,0.2197470765122178,0.9862093264635899,0.0,0.0,0.0,0.0,False,266.3400495648384,1.8661152053237897,1440,2023-01-01,-0.2294646438925591,2.284
19,1,60,203.5198411053625,2191.216460902871,2081.655637857739,2084.7500038999565,0.9985157136172543,3.0943660422176773,0.09776825590365544,0.20268121298904943,0.9644639461638412,0.0,0.0,0.0,0.0,False,291.6307237148285,3.076275189493149,1440,2023-08-03,-0.24318359629967273,2.188
20,1,120,344.85585408488544,4196.768952403256,3986.9305047830912,3994.0555474050598,0.9982160882497997,7.1250426219685075,0.0864965801814615,0.1997691242180585,0.9967477154341036,0.0,0.0,0.0,0.0,False,592.3619119697894,1.5751863238499977,1440,2023-03-22,-0.21674791912384567,2.251
21,1,120,539.5077766996193,4340.205838588802,4123.195546659349,4138.344779002721,0.9963393015438837,15.14923234337253,0.13084700218419992,0.2083788276555053,0.9867779618729644,0.0,0.0,0.0,0.0,False,621.137956779455,1.6703671819518864,1440,2023-10-11,-0.1891812382979069,2.298
22,1,120,278.51699125302974,4089.3813441143443,3884.912276908632,3894.310464983587,0.9975866875126007,9.398188074954597,0.0716919640395731,0.22272698095296065,0.9954397361508639,0.0,0.0,0.0,0.0,False,546.3295409160783,1.6069311976257121,1440,2023-01-04,-0.1864881825823141,2.251
23,1,120,573.3060045944674,4557.224321268546,4329.363105205088,4337.111055691411,0.9982135688049408,7.747950486323143,0.1324227122241596,0.19691610673838494,0.9609890830387732,0.0,0.0,0.0,0.0,False,679.4405427695865,2.9686226761300327,1440,2023-07-10,-0.21703602431188965,2.318
24,1,120,385.06646273517913,4344.92786973488,4127.681476248126,4133.102300435047,0.9986884369674687,5.420824186921445,0.09328880267311394,0.19086746577547548,0.9587418809027126,0.0,0.0,0.0,0.0,False,844.4783812010396,3.2669747777649167,1440,2023-05-22,-0.1845361797604028,2.361
25,1,120,522.0453147807294,4236.984285438546,4025.1350711666146,4036.8479342515257,0.9970985126822512,11.712863084911286,0.1296963469674134,0.19782655098582558,0.989939076724987,0.0,0.0,0.0,0.0,False,668.4622955082209,1.7729406175476858,1440,2023-01-16,-0.14477266728958627,2.319
26,1,120,365.41181080116604,4345.303878998004,4128.038685048092,4139.228329744362,0.9972966833900266,11.189644696270078,0.0885194734547186,0.18759155376495423,0.9819083214773204,0.0,0.0,0.0,0.0,False,606.2600073493194,2.192225000994695,1440,2023-08-12,-0.12816317232499452,2.28
27,1,120,247.477377562886,4229.657344364254,4018.1744771460453,4023.642439387111,0.9986410417119721,5.467962241065875,0.061589505127378055,0.18755415352683785,0.9918989799197556,0.0,0.0,0.0,0.0,False,577.2928379772495,1.4026813653157122,1440,2023-11-02,-0.09173816015565188,2.277
28,1,120,99.835382083196,4438.411115980993,4216.490560181963,4219.114748183273,0.9993780240268553,2.6241880013101158,0.023677364068114406,0.19036960955051335,0.9941181186438005,0.0,0.0,0.0,0.0,False,665.8700929741256,1.5821434631908218,1440,2023-12-27,-0.06189357757266364,2.246
29,1,120,417.33058225906547,4163.936412247819,3955.7395916354153,3956.911580014051,0.9997038123407772,1.1719883786353513,0.10550001399018512,0.19168943782776063,0.9880556610330388,0.0,0.0,0.0,0.0,False,646.1820297719621,1.7229187488608564,1440,2023-11-10,-0.0437303952358848,2.256
30,1,120,194.8959721684254,4272.93966334579,4059.292680178508,4068.848521056715,0.997651463103442,9.555840878207318,0.04801229857607972,0.18835412402785315,0.951096251921808,0.0,0.0,0.0,0.0,False,624.2678796052933,3.5201436445726815,1440,2023-07-01,-0.03168794346779376,2.249
31,1,120,406.66823666214043,4585.915733671797,4356.619946988213,4362.547268481265,0.998641316385068,5.927321493051643,0.0933448961833991,0.1896892236987975,0.9613370089204667,0.0,0.0,0.0,0.0,False,616.0506211382003,3.0685997572251784,1440,2023-08-05,-0.014133997894917143,2.321
32,1,120,170.9024511505783,4365.6323565566845,4147.350738728848,4158.837680994147,0.9972379440732216,11.486942265299598,0.04120761949421221,0.19653128382393883,0.9602294588884751,0.0,0.0,0.0,0.0,False,521.1910655130389,2.9565912481290626,1440,2023-09-19,-0.0025125218976333047,2.227
33,1,120,744.5417483081245,4170.86684419788,3962.3235019880062,3973.4723070546265,0.9971941908222623,11.148805066620064,0.187905340877535,0.21381283432303436,1.000264919740674,0.0,0.0,0.0,0.0,False,638.8613569806894,1.3704065514421133,1440,2023-01-24,-0.008094437566314089,2.274
34,1,120,283.89239878579707,4218.564791802543,4007.6365522124215,4014.851609354847,0.9982029081409599,7.215057142425836,0.07083786044147987,0.210133091208389,0.9948878696932174,0.0,0.0,0.0,0.0,False,654.5044567519069,1.486391925193893,1440,2023-12-19,-0.05127002291542059,2.16
35,1,120,498.22418269013343,4247.900625946247,4035.505594648942,4040.80939636137,0.9986874407594667,5.303801712428381,0.12346016403763037,0.2024078261215909,0.985869691342308,0.0,0.0,0.0,0.0,False,509.3012960283131,1.9937350217621908,1440,2023-03-18,-0.07822171090290544,2.226
36,1,120,118.98270330778392,4163.320636876188,3955.1546050323714,3959.8239315057826,0.9988208247249933,4.6693264734114965,0.03008294622829544,0.1929619707994627,0.9658578421267964,0.0,0.0,0.0,0.0,False,658.2002463409067,2.843913812580823,1440,2023-09-19,-0.08290786940801703,2.23
37,1,120,265.7175903822386,4482.891886768819,4258.747292430363,4268.154034127088,0.9977960632110483,9.406741696725387,0.062393368785824355,0.19893840582808722,1.000580567075377,0.0,0.0,0.0,0.0,False,652.4538918735177,1.3400439338198753,1440,2023-01-10,-0.06552401304339744,2.48
38,1,120,500.3896474202313,4368.754356343335,4150.316638526195,4164.683599551421,0.9965502875112112,14.366961025226633,0.12056661961047942,0.20769035434361569,0.997934636440246,0.0,0.0,0.0,0.0,False,535.7928994446895,1.2451972506060165,1440,2023-10-24,-0.06471200530608005,2.235
39,2,120,494.50836128848937,4373.076910370134,4154.423064851615,4167.677617250312,0.9968196790596673,13.2545523986968,0.11903177735369903,0.2050515340388046,0.9551805601907434,0.0,0.0,0.0,0.0,False,664.025402027258,3.427706363315558,1440,2023-07-06,-0.08370120356756955,2.292
40,2,180,634.9873335158826,6783.879963224945,6444.685965063655,6457.28739963901,0.9980484940818866,12.601434575355471,0.0985288246716938,0.20662832183833077,0.9859071795612159,0.0,0.0,0.0,0.0,False,882.9328261921324,1.7866045723986996,1440,2023-12-14,-0.09333973420811703,2.265
41,2,180,663.5896386848827,6354.098461896952,6036.393538802104,6044.420945299495,0.9986719312618964,8.027406497391915,0.10993147388739821,0.20283232932478729,0.98387222164959,0.0,0.0,0.0,0.0,False,845.3600850372563,2.105691456344621,1440,2023-05-05,-0.10485090797142908,2.244
42,2,180,18.065867457051095,6428.625631235873,6107.1943496740805,6119.414208634047,0.9980030998812394,12.219858959965844,0.0029581287941188913,0.20536745433762116,0.9933531447285802,0.0,0.0,0.0,0.0,False,849.7716742420984,1.5230498514744357,1440,2023-12-24,-0.10585027991852244,2.311
43,2,180,226.00099432204445,6056.981549402885,5754.132471932709,5765.755306746107,0.9979841609303471,11.622834813398189,0.03927629324219135,0.2066116233915343,0.9869056426487586,0.0,0.0,0.0,0.0,False,897.6997121176656,1.600495595624707,1440,2023-12-21,-0.1124954252213127,2.329
44,2,180,646.8160823353157,6930.444469796192,6583.922246306371,6593.045019688404,0.9986163034903007,9.12277338203286,0.09824175592264693,0.1878604154359308,0.9917172480367406,0.0,0.0,0.0,0.0,False,854.4694126136253,1.5811394753134367,1440,2023-05-04,-0.12087929455173052,2.345
45,2,180,656.6817237085481,6163.576730327774,5855.397893811389,5873.214337201481,0.9969664918786905,17.81644339009207,0.11214980358595265,0.19493873329068956,0.950651660553357,0.0,0.0,0.0,0.0,False,1077.7747626034586,3.7073546255681507,1440,2023-06-27,-0.08572675328553361,2.293
46,2,180,645.6605023575452,6634.055425565969,6302.352654287654,6322.830291304366,0.9967613179425558,20.477637016711647,0.10244753630507895,0.18625853025514091,0.9821624321697195,0.0,0.0,0.0,0.0,False,966.9193806222951,1.5522518355379051,1440,2023-11-10,-0.07292395621757984,2.275
47,2,180,364.51937766729844,6107.861870375966,5802.468776857129,5832.788699247534,0.994801813685739,30.319922390405566,0.06282142854799437,0.1900433793654423,0.9694810955631039,0.0,0.0,0.0,0.0,False,660.4274062116762,2.8722943768506304,1440,2023-10-14,-0.04289819839776685,2.284
48,2,180,349.2285850109661,6224.193072989822,5912.983419340344,5932.4460543712885,0.9967192900108036,19.462635030943797,0.05906131646990586,0.1831594882128543,0.9582258626928359,0.0,0.0,0.0,0.0,False,1125.1838216538358,3.2427629364959243,1440,2023-07-30,-0.026706429152851638,2.293
49,2,180,643.5295798931045,6628.833847572149,6297.392155193533,6319.749094404935,0.9964623691736123,22.35693921140256,0.10218985320175401,0.18551168374744959,0.9583930533725284,0.0,0.0,0.0,0.0,False,903.199005344067,2.9095416861463104,1440,2023-05-24,0.0022335723681314174,2.367
50,2,180,667.9802953892718,6544.947256163126,6217.699893354976,6238.316378246267,0.9966951844630414,20.616484891291734,0.10743205797101278,0.18822977210555397,0.9386174120360812,2.9166666666666665,0.0,0.0,0.0,False,800.9948775220328,3.9578662062453143,1440,2023-08-26,0.020935159221435767,2.481
51,2,180,721.6292002831561,6408.92379345165,6088.4776037790525,6112.433564333547,0.9960807818518832,23.95596055449412,0.11852375047503642,0.18278766342338776,0.9844952407456001,0.0,0.0,0.0,0.0,False,700.3197822239347,1.97349470479636,1440,2023-03-18,0.03050514571097191,2.38
52,2,180,556.9721504455148,6325.393495250763,6009.123820488265,6034.812613782915,0.9957432326505086,25.688793294650743,0.09268774734621105,0.1757856313415235,0.9525850286613814,0.0,0.0,0.0,0.0,False,688.5118507558758,3.416794226314771,1440,2023-07-03,0.05099439083219709,2.377
53,2,180,443.4971964455225,6308.328275487358,5992.911861712976,6018.700496381371,0.9957152487179085,25.788634668393858,0.07400362406110142,0.19014817649969903,0.9536689030950697,0.0,0.0,0.0,0.0,False,883.5195283567518,3.131391252068274,1440,2023-08-07,0.08400097594220243,2.452
54,2,180,778.8087816021902,6414.114716726475,6093.408980890175,6117.329483831931,0.9960897148003918,23.920502941756258,0.12781167061732582,0.1775576882923585,0.988313582273683,0.0,0.0,0.0,0.0,False,692.2536073822007,1.5973804937865155,1440,2023-03-03,0.07930123585723557,2.409
55,2,180,52.961594008222455,6674.59693795393,6340.867091056259,6374.153398739709,0.9947779249099917,33.28630768344985,0.00835242140352135,0.19007777578053497,0.9946044251546441,0.0,0.0,0.0,0.0,False,804.4835285592103,1.4984381471357673,1440,2023-12-25,0.10436263343079336,2.434
56,2,180,750.4380769813018,6327.629160039409,6011.247702037461,6041.763854717714,0.9949491318406256,30.516152680253775,0.12483898754113015,0.1802835924836404,0.9656051224642787,0.0,0.0,0.0,0.0,False,758.7456081574499,2.82971082235621,1440,2023-06-16,0.0973636702266246,2.438
57,2,180,1088.3410063614165,6715.786306048333,6379.996990745905,6396.728005498767,0.9973844417429537,16.731014752862485,0.1705864450939459,0.17343336776757537,0.9969772359865606,0.0,0.0,0.0,0.0,False,768.8679349000263,1.361603221313981,1440,2023-01-19,0.1142975232922756,2.487
58,2,180,649.2382476825911,6365.707669721671,6047.42228623558,6078.515808828475,0.9948846850825436,31.093522592895514,0.10735784884087053,0.18367148125614044,0.9935070055514102,0.0,0.0,0.0,0.0,False,642.3966053899426,1.6945446651850873,1440,2023-09-22,0.1442434317317607,2.511
59,3,180,667.0624168205433,6300.346374742962,5985.329056005794,6003.213884345052,0.9970207910822738,17.884828339257762,0.1114495812308264,0.1893148753618469,0.9565347731658217,0.0,0.0,0.0,0.0,False,642.4952290898032,3.5974251633327996,1440,2023-08-25,0.14649273474569863,2.47
60,3,240,624.0012498980043,8184.7914573540365,7775.551884486327,7801.494048211354,0.9966747185135679,25.94216372502752,0.08025169906498893,0.20402330242460823,0.9645361974566352,0.0,0.0,0.0,0.0,False,869.9279528179279,2.9848288149921953,1440,2023-05-19,0.13641096635620242,2.41
61,3,240,670.3335401746277,8734.093324817944,8297.388658577003,8321.912454441275,0.9970531057616229,24.52379586427149,0.08078849476114447,0.19024561373818707,0.9572550816117804,0.0,0.0,0.0,0.0,False,1184.0340460367154,3.331084955615007,1440,2023-06-10,0.0957858469853001,2.403
62,3,240,959.7228663755451,8643.131383911646,8210.974814716075,8227.169111224892,0.998031607678184,16.19429650881838,0.1168829387535676,0.19918872775110527,0.9839428443508149,0.0,0.0,0.0,0.0,False,1208.5115027577074,1.7733698286457888,1440,2023-11-25,0.09408438591179544,2.328
63,3,240,828.2499999647116,8451.0559350601,8028.50313830709,8052.467490088517,0.9970239741034753,23.964351781426153,0.1031636888840226,0.20141914196589242,0.9510826506276489,0.0,0.0,0.0,0.0,False,1142.6400265651591,3.0576957881052187,1440,2023-08-04,0.07308892983701643,2.344
64,3,240,654.7636392942667,8897.653543616454,8452.770866435654,8486.329522713295,0.9960455629035118,33.55865627764008,0.07746142059690847,0.20069416183979577,0.9490554170962531,0.1388888888888889,0.0,0.0,0.0,False,1169.241950382698,3.034399532712923,1440,2023-07-31,0.05131469660636685,2.334
65,3,240,843.2785582158275,8682.582623125774,8248.453491969552,8290.507552874644,0.9949274443528479,42.05406090509116,0.10223474728163506,0.2063113260472016,0.9752207425787506,0.0,0.0,0.0,0.0,False,1214.648517619567,1.9061110616051813,1440,2023-04-30,0.03545555820727003,2.434
66,3,240,805.7155457187137,8413.222154868432,7992.561047124987,8031.720920904941,0.9951243482977568,39.159873779954296,0.10080818162890835,0.200428198584459,0.9592985288954816,0.0,0.0,0.0,0.0,False,1217.8105754554194,3.306991007055676,1440,2023-05-17,0.01009491992933969,2.392
67,3,240,1108.9114697196512,8643.543793132261,8211.366603475624,8245.854504434083,0.9958175467515328,34.48790095845677,0.13504590931919694,0.19223774737557892,0.9696221985451934,0.0,0.0,0.0,0.0,False,1313.288991139435,2.7837309670453547,1440,2023-06-15,0.0027278797958061422,2.568
68,3,240,1109.266620063163,8743.33705591616,8306.17020312038,8339.706022350898,0.9959787768129189,33.53581923051686,0.13354730193783465,0.18769977058151593,0.9855322413027732,0.0,0.0,0.0,0.0,False,1235.679923801397,1.7084601492466842,1440,2023-11-29,0.015241352979736573,2.333
69,3,240,942.5811648352429,8352.996537974683,7935.346711075912,7965.663361296324,0.9961940834246504,30.316650220412342,0.1187826063755497,0.18136831415032342,0.9689376396028541,0.0,0.0,0.0,0.0,False,1376.9142311015084,2.1528573607440076,1440,2023-10-12,0.035850691944743676,2.399
70,3,240,1132.3709612482016,8959.02448240467,8511.0732582844,8553.234890317184,0.9950706799738992,42.161632032785604,0.13304678821157942,0.1913977263274761,0.9506629950938138,0.0,0.0,0.0,0.0,False,1169.641824721986,3.5645899794076117,1440,2023-08-23,0.06719895155785673,2.395
71,3,240,882.7401853975196,8592.547414040462,8162.920043338407,8211.466878931955,0.9940879216455096,48.54683559354759,0.10814024646951012,0.19330166280588476,0.9875140308340659,0.0,0.0,0.0,0.0,False,1106.425416329939,1.5199222596816728,1440,2023-11-08,0.07064296614223749,2.481
72,3,240,1158.9406654497448,8756.830376077058,8318.988857273212,8376.306626364276,0.9931571548597974,57.317769091063035,0.13931268394914292,0.2011636528717385,0.975736791501386,0.0,0.0,0.0,0.0,False,1126.8329819939836,2.1399494420980556,1440,2023-01-02,0.06954443441694877,2.375
73,3,240,1189.9906638402363,8854.670550955701,8411.937023407898,8468.52341668601,0.9933180330863092,56.586393278112894,0.14146452363217285,0.1986220823243093,0.9828263905030142,0.0,0.0,0.0,0.0,False,1101.8859965017039,1.4800855726600302,1440,2023-01-21,0.05131104824825263,2.407
74,3,240,632.3397251876092,8283.798964440866,7869.609016218832,7904.413787524207,0.9955967928500519,34.804771305375354,0.08035211455669422,0.176539075521603,0.9529113066339454,0.0,0.0,0.0,0.0,False,891.6802191543111,3.4093432738137963,1440,2023-06-02,0.04238469040142451,2.509
75,3,240,551.3818007473398,8238.406093108846,7826.485788453439,7851.20830369284,0.9968511196897206,24.72251523939928,0.07045075090544516,0.1916733852236255,0.9854523819368481,0.0,0.0,0.0,0.0,False,1118.4391105833397,1.626949273923406,1440,2023-01-29,0.08499926531383574,2.475
76,3,240,885.7787064748854,8721.083622435663,8285.029441313853,8310.106026528836,0.9969823988845714,25.07658521498335,0.10691316340505572,0.18021013491817156,0.9918198895331224,0.0,0.0,0.0,0.0,False,1044.6444807053522,1.4864291337590616,1440,2023-01-31,0.08621177463813391,2.333
77,3,240,895.1305984850366,8431.241312267692,8009.679246654327,8033.535886764398,0.9970303686388734,23.856640110071314,0.1117561104408689,0.18497584854364307,0.9493782612473458,0.1388888888888889,0.0,0.0,0.0,False,1147.7296113565753,3.265953848540269,1440,2023-06-25,0.11339042602366257,2.385
78,3,240,296.47708830665056,8731.435247370046,8294.863485001522,8304.056001976483,0.9988930087932002,9.192516974959656,0.03574225047135856,0.18360607269470003,0.9800043700223299,0.0,0.0,0.0,0.0,False,1149.6086975422654,1.8991576144340914,1440,2023-03-13,0.12539998472886602,2.359
79,4,240,973.5363520527287,8224.392201190009,7813.172591130501,7849.647598037819,0.995353293705002,36.47500690731652,0.12460192587552531,0.19438853755080304,0.978694294577016,0.0,0.0,0.0,0.0,False,932.2846455694385,2.2098283842293895,1440,2023-03-04,0.13884083492596846,2.343
80,4,300,237.5645804746685,10958.47155586008,10410.547978067067,10420.399466770608,0.9990545958689053,9.85148870354094,0.022819603826347023,0.20429689052480554,0.9658775680392591,0.0,0.0,0.0,0.0,False,1587.3735667210412,2.414651627307309,1440,2023-12-23,0.12615266552268364,2.396
81,4,300,996.5914853435863,10539.852282725997,10012.859668589721,10033.753322034276,0.9979176632338895,20.893653444556165,0.0995311547678919,0.19059226264597584,0.9602935108273358,0.0,0.0,0.0,0.0,False,1684.212242645924,2.786005499094207,1440,2023-03-16,0.09398890893101003,2.416
82,4,300,900.3510151150418,10615.56527431731,10084.787010601376,10097.365705952103,0.9987542597032697,12.578695350726017,0.08927813886089718,0.18930361055523498,0.9786285556449232,0.0,0.0,0.0,0.0,False,1362.5278858637241,2.090087969206066,1440,2023-04-09,0.09887847185879767,2.441
83,4,300,1690.050337289726,11590.701306378978,11011.166241060053,11051.980662224805,0.9963070491695435,40.81442116475228,0.15348513502480948,0.1892095062762373,0.9679066676975945,0.0,0.0,0.0,0.0,False,1665.9001871331673,2.307352974610114,1440,2023-02-03,0.10615997627289595,2.402
84,4,300,1397.5897428427047,10550.540241891737,10023.01322979711,10063.181548105256,0.9960083877930525,40.16831830814614,0.13943808222140752,0.17331729007385235,0.9751838853495555,0.0,0.0,0.0,0.0,False,1793.3998097529384,2.3137013467737733,1440,2023-01-28,0.11273173390415756,2.422
85,4,300,882.4809929157127,10574.423340242403,10045.702173230264,10066.753348047048,0.997908841700103,21.051174816782684,0.08784662114185941,0.17896496169779913,0.9637273270544352,0.0,0.0,0.0,0.0,False,2036.770080313265,2.510525467896737,1440,2023-02-17,0.15428615115072114,2.448
86,4,300,892.0135301473673,10465.826285020295,9942.53497076927,9968.134360799222,0.9974318775105375,25.59939002995428,0.08971691150897212,0.17697074904858534,0.9493444413849944,0.3472222222222222,0.0,0.0,0.0,False,1439.5515895615094,3.2553974792823785,1440,2023-05-25,0.17615655929039914,2.451
87,4,300,921.7917535318921,10649.427696654362,10116.956311821588,10152.486582118985,0.9965003381181538,35.53027029739921,0.09111354493591964,0.17469508407738904,0.9463294973758468,1.3888888888888888,0.0,0.0,0.0,False,1642.9652187268343,3.6488156260670874,1440,2023-06-05,0.19919161617798262,2.503
88,4,300,893.3863669097238,10786.880888852236,10247.536844409631,10296.850281026324,0.9952108231866243,49.31343661669346,0.0871805957347785,0.19223377562048466,0.9470509809477106,1.25,0.0,0.0,0.0,False,1371.4059093094588,3.5247127010990766,1440,2023-08-08,0.2238913704208118,2.565
89,4,300,1169.2319586002398,10919.620676095634,10373.63964229082,10410.56690117158,0.9964529060490832,36.927258880758735,0.11271183489289177,0.1893378953803218,0.9719081841522356,0.0,0.0,0.0,0.0,False,1033.8066974385888,2.6163520109583476,1440,2023-09-08,0.20545436363924055,2.572
90,4,300,1313.7117705254682,10884.675687950481,10340.441903552894,10396.266073496281,0.9946303634835104,55.824169943384426,0.1270459988827061,0.19366656620579945,0.9798318355322027,0.0,0.0,0.0,0.0,False,1107.5947203821984,1.893760057522797,1440,2023-01-18,0.19760879997332573,2.385
91,4,300,983.9251608676088,11371.823069543787,10803.231916066641,10833.074838126155,0.9972452030004922,29.84292205951365,0.09107692665602304,0.179900272444791,0.9491379278049009,0.5555555555555556,0.0,0.0,0.0,False,1359.5671685486536,3.735455944035779,1440,2023-06-01,0.18212594491425313,2.429
92,4,300,1535.8590676392453,10836.199091480801,10294.38913690679,10325.026885289184,0.9970326713215588,30.637748382396936,0.14919380326638138,0.17777516859581868,0.9837666797071879,0.0,0.0,0.0,0.0,False,1333.6157406641357,1.9732004742522422,1440,2023-02-09,0.201030493518974,2.431
93,4,300,1118.6995030990881,10932.862507659824,10386.219382276853,10412.408264513797,0.997484839090857,26.18888223694436,0.10770998203716435,0.18009928403775843,0.9633002730064035,0.0,0.0,0.0,0.0,False,1390.2437304936116,2.476707663607027,1440,2023-05-01,0.22194060244069894,2.458
94,4,300,972.1545440291669,11055.311264318223,10502.54570110234,10521.924936037285,0.9981582044110037,19.379234934943675,0.09256370519074535,0.19300413938331484,0.9619025929523235,0.0,0.0,0.0,0.0,False,1618.482679902439,2.4859928116295396,1440,2023-03-21,0.2345506714039235,2.417
95,4,300,1178.1730140295708,10902.100093512796,10356.995088837179,10394.752653423588,0.9963676322231705,37.75756458640927,0.11375625883026744,0.19054944710133426,0.9634619661502019,0.0,0.0,0.0,0.0,False,1331.9947051002482,2.2951103551761127,1440,2023-04-28,0.21659783784511327,2.474
96,4,300,430.3269205076843,10670.601265808895,10137.071202518382,10162.049963721945,0.9975419564661917,24.978761203563266,0.042450813643370375,0.1974273601766036,0.9603249394932685,0.0,0.0,0.0,0.0,False,1332.944171872024,2.640126132905014,1440,2023-05-20,0.2081084216633557,2.456
97,4,300,1169.0684843151787,11364.17379318376,10795.96510352457,10841.00145017821,0.9958457392648997,45.0363466536393,0.10828753827052588,0.18653858483036354,0.9688689545995955,0.0,0.0,0.0,0.0,False,1418.2959838645618,2.3034209475434415,1440,2023-02-24,0.18631411194352693,2.281
98,4,300,1112.972871958158,10165.254701351378,9656.991966283818,9681.942529700758,0.997422979599352,24.950563416937264,0.11525047093794465,0.18795223549895276,0.9775345245501864,0.0,0.0,0.0,0.0,False,1426.6395325214278,1.966885403472488,1440,2023-12-06,0.19350704068787383,2.404
99,5,300,1078.4194436925543,10965.326996108115,10417.060646302696,10436.29466246433,0.9981570071770001,19.234016161633317,0.10352435109181353,0.18915073476359764,0.9788068476029076,0.0,0.0,0.0,0.0,False,1417.8775338906848,1.981859537660596,1440,2023-12-04,0.19675374043750746,2.483
100,5,266,728.5432234279389,9302.651275335193,8837.51871156838,8865.017473785736,0.9968980588815903,27.49876221735401,0.08243753107693794,0.20075479789765763,0.9707884966691364,0.0,0.0,0.0,0.0,False,1499.481785158699,2.248625229535835,1440,2023-01-03,0.19725686511681573,2.357
101,5,135,520.0854364221011,5071.481978859718,4817.907879916722,4841.066745473939,0.9952161647887072,23.158865557216192,0.10794839780769964,0.18976764683268102,1.0020482140726592,0.0,0.0,0.0,0.0,False,573.6257581416708,1.3180516176826065,1440,2023-02-24,0.17209268607044748,2.392
102,5,152,625.1542330595088,5395.789100161402,5125.999645153361,5144.583155133212,0.9963877520453122,18.58350997985166,0.12195752562148399,0.18260136594999007,0.9894763153937475,0.0,0.0,0.0,0.0,False,637.6454292982817,1.731957917366668,1440,2023-03-27,0.17664469283466738,2.404
103,5,162,526.9231576513181,5689.534148033753,5405.057440632106,5424.954785748012,0.996332256046045,19.897345115906095,0.09748705974708309,0.191562151282299,0.9991630931371173,0.0,0.0,0.0,0.0,False,766.6699757374784,1.2690832374132643,1440,2023-05-04,0.19692204789046389,3.027
104,5,152,682.4533666772251,5201.143733992733,4941.086547293109,4971.919558293881,0.993798570021243,30.833011000772572,0.13811807588173003,0.19223225960307758,0.9559208509853817,0.0,0.0,0.0,0.0,False,540.6661753058434,3.4488121620697685,1440,2023-08-22,0.1938520966399065,3.473
105,5,265,374.41252801084494,9348.988550933824,8881.539123387149,8910.792198219822,0.9967171185028287,29.253074832672258,0.04215626625175022,0.20357130568670298,0.9785937709679351,0.0,0.0,0.0,0.0,False,1088.1497784603907,2.065752911906857,1440,2023-11-13,0.19031028435359382,3.764
106,5,277,1585.3777911343989,9976.532539452162,9477.705912479501,9510.254589303313,0.9965775178237162,32.54867682381123,0.16727442334403914,0.1979808666939283,0.9822980483248698,0.0,0.0,0.0,0.0,False,1192.938939953055,1.8748441096715727,1440,2023-02-06,0.1623523678562327,3.036
107,5,225,690.4873272365244,8353.526194634187,7935.849884902463,7962.042132907499,0.9967103605371815,26.1922480050354,0.08700861750801767,0.1982584488894547,0.9866970783812199,0.0,0.0,0.0,0.0,False,1106.9425368126838,1.7168222540703126,1440,2023-01-03,0.1523859571077516,3.277
108,5,127,476.8879443391495,4687.976046390929,4453.577244071398,4474.423641435756,0.9953409871226078,20.8463973643563,0.1070797514456458,0.19843832457404548,0.9909898848593621,0.0,0.0,0.0,0.0,False,439.43897179278633,1.8202328786097035,1440,2023-09-29,0.14388922523433595,2.412
109,5,137,554.8186526367799,5110.912734930939,4855.367098184377,4877.266961719524,0.9955098083194883,21.89986353514666,0.11426914616698078,0.19060494348039148,0.9666355714883923,0.0,0.0,0.0,0.0,False,754.3690396347404,2.920166498038366,1440,2023-09-04,0.13677419700080143,3.009
110,5,180,806.3865253018142,6272.343676617114,5958.726492786268,5995.599533949588,0.9938499826490197,36.873041163319385,0.13532866901644822,0.19154891812568928,0.9689497119346859,0.0,0.0,0.0,0.0,False,740.1818262306809,2.8650883029861896,1440,2023-06-15,0.14878536564599307,2.628
111,5,198,338.3701641737577,7282.274874018442,6918.161130317516,6947.067342840779,0.9958390769663329,28.90621252326241,0.04891041966208553,0.1920904515632162,0.9646272057991537,0.0,0.0,0.0,0.0,False,730.1367344339264,3.091355419293408,1440,2023-08-06,0.15674011043620675,2.399
112,5,232,963.0396055013975,8528.123134374948,8101.716977656181,8127.711453991798,0.9968017471482885,25.99447633561627,0.1188685815805928,0.19009651202399436,0.9647684773853077,0.0,0.0,0.0,0.0,False,895.8944465903048,3.019079105194354,1440,2023-06-18,0.16230801012765766,2.419
113,5,206,670.5093489029008,7307.575268011062,6942.196504610483,6976.040625310074,0.9951485201251841,33.844120699590384,0.09658461100281432,0.1827262179246773,0.975030619292963,0.0,0.0,0.0,0.0,False,1212.5687389229022,1.945597151158411,1440,2023-12-13,0.1716441712659067,2.368
114,5,167,528.3289818279799,6321.612461207819,6005.531838147433,6034.26138802805,0.9952389285062102,28.729549880616027,0.08797372090711572,0.19396410081310192,0.9695739666531236,0.0,0.0,0.0,0.0,False,971.4257961725071,2.850461830134095,1440,2023-10-04,0.1961914362987696,2.378
115,5,148,600.3192267124789,4935.253624482409,4688.490943258279,4706.1678012461925,0.9962438955144709,17.67685798791389,0.12804103366685518,0.2004311292795929,0.9935532052144578,0.0,0.0,0.0,0.0,False,443.51045610669087,1.8540319929387186,1440,2023-03-04,0.19140770092987064,2.432
116,5,245,230.05532595735278,8692.374174437524,8257.755465715612,8285.715078303367,0.9966255643208191,27.959612587754734,0.0278593047363163,0.1977808196962489,0.9922755907844318,0.0,0.0,0.0,0.0,False,1002.1675054480761,2.0281413326981976,1440,2023-12-22,0.1733316935444917,2.327
117,5,252,850.0023100037873,8787.27532623636,8347.911559924589,8383.989623616008,0.9956967905125033,36.078063691417256,0.10182215083403039,0.2020910201383818,0.954654548164412,0.0,0.0,0.0,0.0,False,999.115202614707,3.7045870452195078,1440,2023-05-17,0.16481252773473293,2.31
118,5,125,430.63920116343934,4384.648832967926,4165.416391319557,4189.5612158742,0.9942369085184486,24.144824554641836,0.10338443044034253,0.20078539991862368,0.9675849869258528,0.0,0.0,0.0,0.0,False,438.9805073628848,2.9758026131919406,1440,2023-08-04,0.14841020310731445,2.285
119,5,140,662.0210580964972,5463.79651136147,5190.606685793406,5212.414619212438,0.9958161552730954,21.807933419031997,0.12754213489310154,0.19338749718960135,0.9685143800918458,0.0,0.0,0.0,0.0,False,501.55931723736217,3.036982162820224,1440,2023-07-10,0.1381214378929163,2.331
120,5,201,808.1298686615103,6887.442284951641,6543.070170704068,6578.427052962745,0.9946253288249578,35.35688225867702,0.12350927738477109,0.1966473667024797,0.9973014668082245,0.0,0.0,0.0,0.0,False,747.469552951405,1.3992814920745367,1440,2023-11-28,0.14649643686576683,2.297
121,5,190,293.9230114811228,6956.700480409698,6608.86545638921,6637.161725128525,0.995736691388401,28.296268739315757,0.044474049807893844,0.20181660720212125,0.9836904008503765,0.0,0.0,0.0,0.0,False,695.1451136109456,2.1622259762939096,1440,2023-05-20,0.14619235478059092,2.376
122,5,280,876.7031663175355,10106.713500891097,9601.377825846525,9649.896570753357,0.9949720968975064,48.518744906834556,0.09131014133799481,0.20210975809717954,0.9572949304516138,0.0,0.0,0.0,0.0,False,1167.1182423010532,3.239596276245047,1440,2023-05-30,0.13448592965313275,2.5
123,5,213,1152.558904362656,7908.932108600724,7513.485503170672,7543.646607938355,0.9960017871547768,30.161104767682975,0.15339869942868448,0.20131848484335074,0.9928433845638179,0.0,0.0,0.0,0.0,False,725.2679313773469,1.6408895189861807,1440,2023-02-27,0.12437036967717895,2.427
124,5,196,706.2805894785079,7161.665903717078,6803.582608531211,6839.975000370176,0.9946794554311975,36.392391838964784,0.10381009978373482,0.19918233024326418,0.966293230713875,0.0,0.0,0.0,0.0,False,661.2808654563642,2.9496080292393327,1440,2023-05-24,0.11795279861267174,2.593
125,5,197,565.939220800768,6411.032718728429,6090.481082792018,6109.037325137745,0.9969624932115948,18.556242345726233,0.09292192408244511,0.19071643114679812,0.966789847739055,0.0,0.0,0.0,0.0,False,574.296509599619,2.757089698536001,1440,2023-10-04,0.11755916536909322,3.132
126,5,240,1004.8048432924878,8998.033113962525,8548.131458264364,8582.218560422694,0.9960281712801484,34.08710215833036,0.11754672330419519,0.1939388661049841,0.9571184269825023,0.0,0.0,0.0,0.0,False,784.9082772713705,3.3257209134574595,1440,2023-06-18,0.1363334152291158,2.997
127,5,226,819.0374705371204,7859.0958503881375,7466.141057868712,7503.491961811438,0.9950221971139809,37.35090394272687,0.10970024061813309,0.20116655404533182,0.9471349754467882,0.7638888888888888,0.0,0.0,0.0,False,591.4065543933476,3.4815896584191726,1440,2023-08-14,0.14456651490387556,3.719
128,5,151,399.5717961883442,5434.772887610942,5163.034243230391,5180.442326631385,0.9966396530829997,17.40808340099362,0.07739088632082002,0.19374863101557088,0.9934476286141137,0.0,0.0,0.0,0.0,False,501.08439847598333,1.4868594965958812,1440,2023-01-12,0.13519375347265175,3.525
129,5,253,466.464464355117,9027.47463568485,8576.100903900646,8588.423750526337,0.9985651794807009,12.322846625691035,0.05439120523208352,0.21187202628239085,0.9885463439772403,0.0,0.0,0.0,0.0,False,913.3189718464524,1.8425334052019247,1440,2023-10-21,0.1443275434423682,3.084
130,5,256,389.60736164274476,9209.44082822877,8748.968786817393,8759.156232055158,0.9988369376035922,10.187445237764818,0.044531803820101634,0.21748683789015938,0.9818018768982526,0.0,0.0,0.0,0.0,False,1286.870360716221,1.9439659334786177,1440,2023-11-01,0.11116950451701792,2.509
131,5,293,1289.5940233550334,10284.679311962615,9770.445346364568,9782.984471679933,0.9987182719801239,12.539125315364304,0.13198927762641563,0.22267912462576778,0.9435882023253744,2.8472222222222223,0.0,0.0,0.0,False,1285.0012466144376,3.7265813819837357,1440,2023-06-28,0.07141614594513895,2.408
132,5,262,892.7753654439977,9723.651509861465,9237.468934368455,9264.303919339298,0.9971033997584184,26.834984970844385,0.09664718461161836,0.21280790943348396,0.945041566055307,1.6666666666666667,0.0,0.0,0.0,False,1235.1242546369197,3.8723317541126456,1440,2023-05-16,0.027056472038008914,2.75
133,5,171,883.1858748946672,6292.057124645402,5977.454268413141,5987.484498179959,0.9983248007122413,10.030229766818803,0.1477528451470914,0.21050655178141395,0.9600333145030362,0.0,0.0,0.0,0.0,False,938.4508961860754,3.0870313617250025,1440,2023-09-25,0.01264501086365509,2.467
134,5,177,748.9944007466888,6160.853140563868,5852.810483535657,5871.75882221931,0.9967729705430083,18.948338683652658,0.1279717501281922,0.22041396796423693,0.9880776525467374,0.0,0.0,0.0,0.0,False,870.5751751397056,1.6262532819666125,1440,2023-02-15,0.0056535011696553505,2.374
135,5,237,935.8266451417682,8585.252550755988,8155.989923218315,8165.700635859773,0.9988107924751964,9.710712641458043,0.11474102517925812,0.2126562737533156,0.9757069332184948,0.0,0.0,0.0,0.0,False,1190.23728241071,2.298274157353343,1440,2023-05-05,-0.02275672058596684,2.367
136,5,237,908.0465120142329,9045.183420251811,8592.924249239131,8609.530484373081,0.9980711799366886,16.606235133949145,0.10567374803689637,0.20857019963498327,0.9385182515926077,4.791666666666667,0.0,0.0,0.0,False,1430.6009976736354,3.8912874886295423,1440,2023-08-13,-0.029050784414103484,2.421
137,5,246,1530.0171703753717,8628.715862763402,8197.280069625143,8223.123243398994,0.9968572556911882,25.843173773848605,0.1866493711792061,0.22404958250231102,0.9841850832563118,0.0,0.0,0.0,0.0,False,1291.5120076071737,1.7612708987093861,1440,2023-01-23,-0.02552518239803081,2.546
138,5,277,1136.357850286354,10603.047232425251,10072.894870804037,10087.386494184837,0.9985633916783943,14.491623380800196,0.11281343296652989,0.21320216793998947,0.941914065296742,6.319444444444445,0.0,0.0,0.0,False,1560.3452274394601,3.847463725942715,1440,2023-07-11,-0.05796182221840927,3.01
139,5,172,686.6337916933232,6268.3748975588305,5954.956152680905,5973.786257886482,0.9968478776453178,18.830105205577297,0.1153045923577796,0.218662576158859,0.9724664419062988,0.0,0.0,0.0,0.0,False,878.2749191883252,2.378696569146574,1440,2023-09-15,-0.06070693043460412,2.533
140,5,289,1707.929521596952,10552.587489308411,10024.958114842977,10053.338398946868,0.9971770288656688,28.380284103887885,0.17036774638172178,0.20130461824760865,0.9581529278706847,0.0,0.0,0.0,0.0,False,1424.038692660611,2.882063632821329,1440,2023-09-11,-0.0758490438970159,2.637
141,5,120,494.35560299139814,4535.635929352307,4308.854132884664,4328.879169877496,0.9953740827112533,20.02503699283226,0.11473017831319347,0.2183873327675879,0.9813911547313767,0.0,0.0,0.0,0.0,False,474.96138708245803,2.1042090097808286,1440,2023-04-24,-0.04984045817457497,2.642
142,5,133,199.29090957041586,4826.356264925862,4585.038451679552,4597.521003199672,0.9972849386633725,12.48255152012048,0.043465482715289626,0.1911820289637539,0.9948713014525813,0.0,0.0,0.0,0.0,False,907.1138238378039,1.6322291647749498,1440,2023-04-10,-0.06753492817895598,2.547
143,5,296,832.1333243281991,10938.776070902471,10391.83726735726,10413.49594374523,0.9979201339775832,21.658676387971695,0.0800756692892111,0.19770464450888217,0.9409986218672306,11.597222222222221,0.0,0.0,0.0,False,1496.483565934599,3.9158292861986874,1440,2023-07-23,-0.021397937262213715,2.635
144,5,290,1564.7490706096737,10550.741668908566,10023.204585463172,10055.624446008951,0.9967759475585183,32.41986054578025,0.15611265411852976,0.20704112968216745,0.9777727929695944,0.0,0.0,0.0,0.0,False,1212.4838277511526,1.8431526534764955,1440,2023-02-14,0.001276669046453835,2.727
145,5,174,832.740823238915,6288.829152032411,5974.387694430754,5999.25929091216,0.9958542221172066,24.87159648140669,0.13938513297608476,0.21677034572323073,0.962927819182682,0.0,0.0,0.0,0.0,False,693.9452781323063,3.005939656324217,1440,2023-06-15,-0.0014759697719481102,2.632
146,5,145,732.3660518762683,5127.1695488976175,4870.8110714527475,4895.590170494019,0.9949384858253421,24.779099041272076,0.15035813155812588,0.21675339152208176,0.9487825584051646,0.3472222222222222,0.0,0.0,0.0,False,548.309650437058,3.701031152977289,1440,2023-08-23,-0.02592087340317041,2.672
147,5,176,170.51379669373785,6255.744167921081,5942.956959525009,5953.705596548589,0.9981946307473095,10.74863702358013,0.028691743496551618,0.18514573507702867,0.9544013224255226,0.0,0.0,0.0,0.0,False,899.5861773832759,3.3720613781363014,1440,2023-07-01,-0.046277166641724606,2.577
148,5,127,309.02628368386377,4585.855923739137,4356.563127552149,4374.488707524733,0.9959022456860501,17.92557997258404,0.07093350300136668,0.19390049954489055,0.9941621272933454,0.0,0.0,0.0,0.0,False,602.9254570029825,1.3087150302558563,1440,2023-12-17,0.007717356192697394,2.518
149,5,281,953.242979708155,9619.306446416113,9138.341124095288,9167.962395674087,0.9967690452577799,29.621271578799522,0.10431247496273868,0.21340003104323885,0.9437157833081614,1.25,0.0,0.0,0.0,False,1330.347514270965,3.570807912179733,1440,2023-08-13,0.03195746765369433,2.53
150,5,239,1059.6501593665887,8787.625651434324,8348.244368862594,8383.970028919603,0.9957388134817065,35.72566005701002,0.126930898587359,0.21164435763017364,0.9848134064580217,0.0,0.0,0.0,0.0,False,1002.3126520737746,1.8377555937632728,1440,2023-10-25,0.007780585973963687,2.578
151,5,225,932.3455029517405,8054.894649192698,7652.1499167330385,7679.343929873892,0.9964588103633353,27.1940131408533,0.12184098757827137,0.21837925103172875,0.9761475547244539,0.0,0.0,0.0,0.0,False,1098.8550937379546,2.2890237439601275,1440,2023-02-10,-0.00828065574258606,2.514
152,5,164,648.683890434349,5494.720950657989,5219.984903125063,5241.041034976907,0.9959824523961323,21.056131851843674,0.12426930392959558,0.20360995474193608,0.9975133129353672,0.0,0.0,0.0,0.0,False,705.0931052737982,1.3799884916103844,1440,2023-10-22,-0.03686537715083355,2.613
153,5,205,866.479422373734,7381.13924552966,7012.082283253215,7024.341929317812,0.9982546911599749,12.259646064597245,0.1235694886871373,0.18904004652283807,0.9820885791515844,0.0,0.0,0.0,0.0,False,875.3143435889472,1.6348779875201191,1440,2023-02-16,-0.027421200176984448,2.555
154,5,154,269.1367710445382,5733.983726393966,5447.284540074306,5455.688305079228,0.9984596324909,8.403765004921,0.04940751103867743,0.18195549298155136,0.9733876505928836,0.0,0.0,0.0,0.0,False,995.992647135499,2.147376312853902,1440,2023-10-29,0.012735937157968544,2.565
155,5,259,550.3112387882645,9378.79969826563,8909.85971335231,8918.831801911418,0.9989940287295043,8.97208855910989,0.06176429893318841,0.1838472791104221,0.9710235204860456,0.0,0.0,0.0,0.0,False,1627.1201587255287,2.1938131004405217,1440,2023-01-10,0.06134989016768413,2.801
156,5,205,710.9532890911213,7030.269704347752,6678.756219130402,6688.604416861989,0.9985276154608935,9.848197731586307,0.10644995351899368,0.17471752865382906,0.9908657137950142,0.0,0.0,0.0,0.0,False,881.9553580641375,1.7241865260693228,1440,2023-12-04,0.09688675913641989,2.702
157,5,125,451.72468398319126,4307.435159747617,4092.0634017602365,4102.705875534617,0.9974059866592329,10.642473774380306,0.11039044111312596,0.18517503631958343,0.9782971003174428,0.0,0.0,0.0,0.0,False,637.8464728197134,2.013696902866083,1440,2023-05-01,0.14666582888322172,2.609
158,5,166,205.5943550530704,5750.838324048961,5463.296407846536,5484.407872751867,0.996150639158291,21.111464905331413,0.03763192397135732,0.21057638449992408,0.9555905624054809,0.0,0.0,0.0,0.0,False,767.6705400956645,3.11525948612205,1440,2023-09-19,0.1642238160000244,2.588
159,5,247,1205.6696340813098,9315.442183723984,8849.670074537782,8875.935519719662,0.9970408251475548,26.26544518188014,0.1362389359068035,0.1800930883297288,0.9712588290857005,0.0,0.0,0.0,0.0,False,1407.7191736069926,2.0824416413563256,1440,2023-11-29,0.12185842047172091,2.628
160,5,214,887.095980509659,7547.213606194528,7169.852925884786,7184.865045372404,0.9979105913064732,15.012119487618525,0.12372582669123414,0.18025119516342028,0.9372136759372709,8.26388888888889,0.0,0.0,0.0,False,792.3459650338249,4.14095711194397,1440,2023-08-28,0.15602470120702128,2.485
161,5,187,815.5796004624141,6951.147434262336,6603.590062549216,6618.654579384296,0.9977239306486846,15.06451683507891,0.12350548606700942,0.18779410440925223,0.9849155738526696,0.0,0.0,0.0,0.0,False,858.2229312253818,1.7061363746210556,1440,2023-10-22,0.18399733100296933,2.565
162,5,165,259.10868397429635,5576.617791391443,5297.786901821894,5318.624248350741,0.996082192394902,20.83734652884696,0.04890885359794098,0.21430269786667638,0.9918300507952701,0.0,0.0,0.0,0.0,False,608.3066644027757,1.8020153758354094,1440,2023-12-09,0.19039132927843483,2.486
163,5,136,461.6303896569138,4091.170818830167,3886.612277888652,3894.413304701997,0.997996867254966,7.801026813344719,0.1187744896199649,0.20950252348797355,0.9958502525583354,0.0,0.0,0.0,0.0,False,480.7973928624009,1.5374498002657,1440,2023-04-15,0.1364724873991403,2.479
164,5,230,691.731290522407,7842.4446645582575,7450.322431330353,7466.858045441575,0.9977854655853117,16.535614111223637,0.09284581934514871,0.20998516093853645,0.9838903317971427,0.0,0.0,0.0,0.0,False,811.0021113799852,1.994693067058245,1440,2023-12-26,0.10342267135445227,2.521
165,5,239,816.5207038769663,8291.776134065654,7877.187327362426,7887.130006012667,0.9987393793886165,9.942678650239005,0.10365637758044377,0.18723964935788237,0.9457599683198862,1.0416666666666667,0.0,0.0,0.0,False,1082.0966803264437,3.6304183773084526,1440,2023-06-13,0.0754217580805366,2.66
166,5,214,726.6118781177843,7380.387658877344,7011.3682759334715,7018.5613169593225,0.9989751402458407,7.1930410258519455,0.10363339215996972,0.18509246517163655,0.9630445084059464,0.0,0.0,0.0,0.0,False,1006.217904275425,2.5174178419368074,1440,2023-10-08,0.10369917047094893,2.698
167,5,288,882.5923871660526,10753.794277276394,10216.104563412537,10277.732127746582,0.9940037779183143,61.627564334043406,0.08639226249963478,0.23473906155251895,0.9672975584125523,0.0,0.0,0.0,0.0,False,1260.2883058786392,2.876426691123804,1440,2023-06-09,0.13179028233443776,2.673
168,5,287,1262.8969674236205,10010.078219895575,9509.574308900801,9519.537666418342,0.9989533780035675,9.963357517542171,0.13280268142408544,0.17854936372164998,0.9376626799596348,10.13888888888889,0.0,0.0,0.0,False,1479.5438795048449,3.803989848040782,1440,2023-08-24,0.04330370670966162,2.53
169,5,157,643.9583969073153,5796.15316370857,5506.345505523155,5512.89713318579,0.9988115817320087,6.551627662634763,0.11694841819522422,0.1787406677470931,0.9934844491752682,0.0,0.0,0.0,0.0,False,1011.4780811224209,1.6050655612027842,1440,2023-12-05,0.09720431325166994,2.601
170,5,230,678.912144206681,8127.534332701963,7721.157616066854,7747.019899557121,0.9966616474688873,25.862283490266044,0.08792880264404158,0.22211971940363684,0.9485684483877511,0.625,0.0,0.0,0.0,False,970.0501501329094,3.5155284268275864,1440,2023-05-26,0.14096689624194708,2.728
171,5,234,1033.6910942722238,8262.34158928786,7849.224509823484,7853.308885367019,0.9994799166054522,4.084375543534454,0.131693403976219,0.1897731972973479,0.9769302486070683,0.0,0.0,0.0,0.0,False,1009.0417527943291,2.337585652881708,1440,2023-03-04,0.0794370630195907,2.644
172,5,164,569.5745318835383,6236.348197886124,5924.530787991831,5929.345415024516,0.9991880002435876,4.814627032684776,0.0961383360582721,0.1920060252741685,0.9610681104699829,0.0,0.0,0.0,0.0,False,776.277348934277,3.1326957257833303,1440,2023-06-08,0.10188688521067388,2.698
173,5,173,408.36765665586756,6377.262055679435,6058.398952895424,6069.457529014513,0.9981779959631937,11.058576119089695,0.06740521049058694,0.20707773612272246,0.984367852498028,0.0,0.0,0.0,0.0,False,657.5553025088536,2.0517548262149994,1440,2023-10-10,0.1153342201508267,2.795
174,5,208,791.2821414375992,7975.462861903149,7576.689718807981,7578.842863343477,0.9997159006230476,2.153144535495248,0.10443639251497412,0.1929723750027407,0.988477555169622,0.0,0.0,0.0,0.0,False,1027.4839253675782,1.861641181062943,1440,2023-04-11,0.09258043742999411,2.516
175,5,254,873.2783065141004,9067.425908716707,8614.054613280838,8619.149756095889,0.999408857838739,5.095142815053243,0.10137831087902688,0.19842684289186924,0.9509377966266063,0.0,0.0,0.0,0.0,False,1141.083790791683,3.6701341661145674,1440,2023-05-18,0.10576058696715088,2.62
176,5,172,940.670470571493,6246.221627787268,5933.910546397874,5938.6919901672645,0.9991948658429656,4.781443769390559,0.15852454519094805,0.20394038871568496,0.988791933955167,0.0,0.0,0.0,0.0,False,726.9789024943493,1.8917050589071616,1440,2023-02-11,0.10438353509620005,2.605
177,5,250,933.9334541600651,8692.9577039617,8258.309818763642,8267.401051633493,0.998900351777654,9.091232869851531,0.11309014491537749,0.18412039063323796,0.9567516099047687,0.0,0.0,0.0,0.0,False,1013.9187050827965,3.321919727419,1440,2023-08-10,0.09095507335126055,2.554
178,5,238,1347.3429842114979,8490.629169531387,8066.097711054794,8074.944974404859,0.9989043562057565,8.84726335006371,0.16703777123415325,0.19957828150726675,0.9918435155169331,0.0,0.0,0.0,0.0,False,1072.1904860962882,1.7927707392746364,1440,2023-01-20,0.12461028020503045,2.673
179,5,159,799.249851221965,5267.004301293504,5003.654086228843,5015.709072182284,0.997596553990681,12.054985953441719,0.15973323444194043,0.21381284337197604,0.9854812292005987,0.0,0.0,0.0,0.0,False,701.0606448430296,2.0886494860053713,1440,2023-02-21,0.11754817168981968,2.512
180,5,190,1027.8036452162157,6865.120248363492,6521.864235945333,6525.866606080982,0.9993866913963704,4.002370135647959,0.15759353584078975,0.19740519131623166,0.9873556995244973,0.0,0.0,0.0,0.0,False,773.1977692646781,1.7999316258196467,1440,2023-02-04,0.07989180660669185,2.468
181,5,270,801.058419056059,9433.932458217623,8962.235835306788,8969.759425761986,0.9991612271747681,7.523590455199322,0.08938153757350192,0.20433967615869492,0.9567359990879621,0.0,0.0,0.0,0.0,False,1148.1177608883268,3.2361174340584746,1440,2023-05-23,0.08599328949701561,2.499
182,5,272,1409.7878527576397,9941.872178043963,9444.778569141716,9448.74772632365,0.9995799277008024,3.9691571819342664,0.14926637426564388,0.1798396887876294,0.9717720708509628,0.0,0.0,0.0,0.0,False,1336.121460356966,2.1529914945478676,1440,2023-04-04,0.07540162534792072,2.577
183,5,239,609.7117616690138,8320.244787442009,7904.232548069913,7937.6009542082875,0.9957961597804077,33.36840613837444,0.07713737645761645,0.22206777526712346,0.949810471253365,0.06944444444444445,0.0,0.0,0.0,False,876.8892451462365,3.6147043755403874,1440,2023-08-07,0.12183628180560746,2.544
184,5,120,396.5882672439595,4346.313923692864,4128.99822750823,4144.494579978078,0.9962609789515203,15.496352469847452,0.09604951259165175,0.21755081420769745,0.9823587022103685,0.0,0.0,0.0,0.0,False,413.4435702903116,2.113820588012359,1440,2023-04-29,0.06497882795351377,2.55
185,5,243,1107.9515483726677,9030.286194233497,8578.771884521793,8583.740910635659,0.9994211118245998,4.969026113865759,0.12915036829125667,0.19167363425318246,0.9753875102447234,0.0,0.0,0.0,0.0,False,1063.8692693005678,2.3469117974029983,1440,2023-03-18,0.02855263849219116,2.562
186,5,160,517.8136862554659,5868.29582974006,5574.8810382530455,5575.963258750441,0.9998059132660716,1.0822204973959284,0.09288336068561723,0.2029739099454298,0.9932211260448555,0.0,0.0,0.0,0.0,False,699.7769592347593,1.7386254667992214,1440,2023-12-26,0.05675780111040693,2.697
187,5,268,1436.073833370337,10089.14884674384,9584.691404406629,9590.753560175963,0.999367916636446,6.062155769336007,0.14982994994602455,0.18142216550823642,0.9671023725010848,0.0,0.0,0.0,0.0,False,1550.1856063245862,2.6461528970648347,1440,2023-03-05,0.054312629184763914,2.576
188,5,285,1091.2086540329005,9778.897273078997,9289.95240942509,9303.639549529988,0.9985288402423556,13.68714010489818,0.11746116728497107,0.19896232546754494,0.9469348896433751,2.1527777777777777,0.0,0.0,0.0,False,922.7426015927381,3.904791499347138,1440,2023-06-25,0.1006992211306631,2.664
189,5,197,840.574074854245,6700.302012625658,6365.286911994415,6368.4945692374,0.9994963240985586,3.207657242985456,0.13205596015951945,0.1927820216401279,0.9836734429852139,0.0,0.0,0.0,0.0,False,736.4458818200314,2.0387556487239014,1440,2023-03-04,0.09927202650352646,2.789
190,5,293,1452.2904450195424,10161.252969004709,9653.190320554491,9659.954246345736,0.9992997973262862,6.763925791245562,0.15044668102390849,0.19347714953752412,0.9785506039284787,0.0,0.0,0.0,0.0,False,1260.3515083814002,1.9680447008883515,1440,2023-03-02,0.11208783814012827,2.753
191,5,257,990.8845713294935,9277.79082609327,8813.901284788662,8816.142022357813,0.9997458369473327,2.240737569150744,0.11242292593401251,0.19632807948955439,0.9877168561449097,0.0,0.0,0.0,0.0,False,1270.5357581161247,1.9066708311350289,1440,2023-10-23,0.1211373485982618,2.585
192,5,178,511.66932134345353,6074.017997841512,5770.317097949448,5779.08928928293,0.9984820806714737,8.772191333482624,0.08867265224042564,0.19917362227956298,0.9595273275287146,0.0,0.0,0.0,0.0,False,749.8145025433204,3.205967001658965,1440,2023-05-25,0.12228850709582433,2.506
193,5,279,1206.7968074284704,9878.280900349855,9384.366855332355,9393.868586413711,0.9989885177768935,9.501731081356542,0.12859650800445296,0.1936439424424016,0.974476492580906,0.0,0.0,0.0,0.0,False,1228.331932661321,2.256951537974636,1440,2023-03-04,0.1169905586418773,2.58
194,5,189,669.7181707470044,6738.7586693533785,6401.820735885702,6406.568575374695,0.9992589106893754,4.74783948899279,0.10461370262882687,0.1979401792282397,0.9868552240575941,0.0,0.0,0.0,0.0,False,956.7042071856123,1.9143977600589415,1440,2023-12-11,0.12523529839835462,2.531
195,5,138,700.5012773507277,4987.635409597444,4738.253639117526,4740.114110086357,0.9996075050250643,1.8604709688309562,0.147839548218274,0.19764772170801362,0.9855420486091825,0.0,0.0,0.0,0.0,False,588.1828884549669,1.6959947849445642,1440,2023-01-17,0.12248236031328069,2.568
196,5,227,820.8253558521907,8346.079566119257,7928.775587813269,7931.809574240351,0.9996174912674486,3.033986427082023,0.10352485661390394,0.19457303507309573,0.9903115583565498,0.0,0.0,0.0,0.0,False,964.2473055829113,1.666739757182285,1440,2023-11-11,0.12104103030431823,2.622
197,5,273,1405.2260638094401,9612.567266632388,9131.938903300761,9137.777261806848,0.9993610745437526,5.838358506085977,0.1538803619570339,0.18036685423392465,0.981955987121105,0.0,0.0,0.0,0.0,False,1051.7978138995668,1.9238606046570097,1440,2023-04-05,0.12692362514031286,2.646
198,5,238,808.5269878313869,8427.941995532641,8006.544895756094,8019.632510645497,0.9983680530408308,13.087614889403243,0.10098325786694214,0.19527480081740012,0.9760700799379662,0.0,0.0,0.0,0.0,False,1165.6588650242727,2.435285629720928,1440,2023-11-07,0.16386495614358867,2.693
199,5,191,752.801777992107,7147.499715711108,6790.12472992552,6791.9601763431565,0.999729761899366,1.8354464176369523,0.11086715015327331,0.17373763166678358,0.9585697004405198,0.0,0.0,0.0,0.0,False,868.8259273320862,3.0572090199549757,1440,2023-09-06,0.16085679842169331,2.732
200,5,283,1596.923578361344,10216.329759674894,9705.513271691188,9712.604115233189,0.9992699338449429,7.0908435419989795,0.1645377769993075,0.17963992829034756,0.9722965133838718,0.0,0.0,0.0,0.0,False,1760.9178193549901,2.618074140239684,1440,2023-01-19,0.20714516279219422,2.846
201,5,206,158.97427910922983,7122.3796747099295,6766.260690974454,6780.592910158452,0.9978862882090258,14.332219183998525,0.023495145453276186,0.1923874400365436,0.9546525657116971,0.0,0.0,0.0,0.0,False,1053.8460698376848,3.389582860288167,1440,2023-07-01,0.2322088053022368,2.639
202,5,189,339.70503511199206,7213.726106614837,6853.0398012841,6866.929842155701,0.9979772560385965,13.89004087160164,0.04956997842743293,0.20440242920438903,0.9896904600885422,0.0,0.0,0.0,0.0,False,1187.0738676371986,1.7960688302302006,1440,2023-01-12,0.22459582146681245,2.626
203,5,146,915.0429240909893,5346.299362429053,5078.984394307541,5085.3897122463295,0.9987404469861251,6.405317938788334,0.18016257839196304,0.1994859085865073,0.9856207469905466,0.0,0.0,0.0,0.0,False,739.5200972024055,1.6476621580537965,1440,2023-01-24,0.19185233676899355,2.665
204,5,158,483.15659870915766,5682.172232424578,5398.063620803336,5405.927216332329,0.9985453752493677,7.863595528995255,0.08950553988418067,0.2010897378585638,0.9569009151768249,0.0,0.0,0.0,0.0,False,633.1050427673249,3.22528194233286,1440,2023-05-26,0.17649959894075284,2.724
205,5,246,303.23088020852776,8550.721939755016,8123.18584276731,8137.885197381102,0.9981937131997729,14.699354613793387,0.03732905858340263,0.21027218888784485,0.9474484303081759,0.4166666666666667,0.0,0.0,0.0,False,1190.6557559989478,3.584176373684614,1440,2023-08-02,0.16063449738670782,2.683
206,5,264,829.786764625132,9616.725808821533,9135.889518380427,9141.375581793809,0.9993998645647698,5.486063413381779,0.09082714528844622,0.20667285846960004,0.9516616033525019,0.0,0.0,0.0,0.0,False,1271.570065846135,3.4388739748623482,1440,2023-08-01,0.12722741443466123,2.67
207,5,172,759.2704909709375,5962.070218211121,5663.966707300568,5667.075981380448,0.9994513442046488,3.1092740798806413,0.13405278141770788,0.18596230945639386,0.9799699216103027,0.0,0.0,0.0,0.0,False,1058.9292373407548,2.3269746532259474,1440,2023-04-06,0.10808663206968254,2.55
208,5,233,728.7756920600444,8802.50832932529,8362.382912858999,8379.34834833186,0.9979753275830526,16.965435472861547,0.08714928503685139,0.21475048201168925,0.973923872249707,0.0,0.0,0.0,0.0,False,985.4325968808428,2.4369128936942546,1440,2023-08-12,0.13903909853393348,2.643
209,5,277,1461.4603595038247,10430.398570536981,9908.878642010106,9925.306167723526,0.9983448847384838,16.42752571341916,0.1474899847201433,0.18815110150498876,0.9789897424610502,0.0,0.0,0.0,0.0,False,1551.9739205513995,2.166847578707018,1440,2023-02-23,0.09972956798309994,2.651
210,5,146,445.5822678870247,5366.052115510139,5097.749509734594,5101.267931960394,0.9993102847619987,3.5184222258011655,0.08740764273257186,0.19110018753117158,0.9705405126128551,0.0,0.0,0.0,0.0,False,690.2942114591935,2.674656462243679,1440,2023-10-04,0.12739302558192475,2.582
211,5,169,659.0253725647005,6149.433951578577,5841.9622539996235,5846.304314018091,0.9992572983229668,4.342060018466867,0.11280890630772347,0.19405756489522072,0.9481199495005839,0.5555555555555556,0.0,0.0,0.0,False,759.8033045840151,3.625484423882224,1440,2023-08-31,0.1434807930268238,2.7
212,5,214,799.2540306732263,7578.701237656981,7199.766175774105,7217.564910548774,0.9975339695596427,17.798734774668226,0.11101110941110418,0.20600664696567922,0.949540271139448,0.06944444444444445,0.0,0.0,0.0,False,866.1857919232633,3.4863009888488254,1440,2023-08-19,0.15014189853707388,2.749
213,5,221,988.8895272237609,8369.721891476167,7951.235796902329,7957.03171010416,0.9992715985793457,5.795913201831061,0.12436928704956983,0.1910223878032305,0.9523584242177214,0.0,0.0,0.0,0.0,False,1037.1708835098057,3.4098856540908793,1440,2023-06-28,0.12888247004198133,2.666
214,5,192,584.482938031668,7032.56943221996,6680.9409606089575,6684.424907008541,0.9994787963889115,3.4839463995826385,0.0874851224517322,0.18379818597579237,0.9880143786246703,0.0,0.0,0.0,0.0,False,1194.8744424384086,1.7630355568559541,1440,2023-01-08,0.1452891780131329,2.578
215,5,192,216.86568811823312,7195.007371333375,6835.257002766714,6843.714031896006,0.9987642632217131,8.457029129291946,0.0317275104696798,0.1979946162252151,1.001606022006245,0.0,0.0,0.0,0.0,False,866.2319302392391,1.3510127344288727,1440,2023-03-13,0.17511787911162846,2.571
216,5,143,231.34143548566686,5146.916250817349,4889.570438276482,4893.659507616692,0.9991644148241523,4.089069340211868,0.047313243240077366,0.19295624987515275,0.9975381057960496,0.0,0.0,0.0,0.0,False,590.0393922718922,1.3943132752752485,1440,2023-10-21,0.1678489626304341,2.604
217,5,230,696.8814792693931,8736.870743227444,8300.027206066095,8315.070179940718,0.9981908783029984,15.042973874622009,0.08396134879655281,0.1922546151091801,0.9510439637038877,0.0,0.0,0.0,0.0,False,1056.6539464182408,3.348307041914313,1440,2023-05-31,0.17347042292185821,2.689
218,5,288,478.1866272715345,10431.752418841992,9910.16479789994,9930.260993345655,0.9979762671435141,20.096195445715143,0.04825213677302993,0.21218754523693453,0.9911479779373997,0.0,0.0,0.0,0.0,False,1076.3296469036177,1.7993957128207851,1440,2023-11-03,0.1798984568846783,2.779
219,5,155,484.18892769969875,5380.539524217542,5111.512548006656,5120.244244247535,0.9982946719288462,8.731696240879034,0.09472517638414457,0.19116938514259377,0.9923242550913431,0.0,0.0,0.0,0.0,False,747.6012726554666,1.6885475244714185,1440,2023-10-31,0.1405790605120279,2.598
220,5,264,916.8960318824141,9715.997831957806,9230.197940359849,9237.531860781268,0.9992060735993176,7.333920421418938,0.09933655137266406,0.19432093823420096,0.9525932899970873,0.0,0.0,0.0,0.0,False,1192.6182952630168,3.424560553849555,1440,2023-08-09,0.15580502636432758,2.745
221,5,152,611.9137811673949,5527.149443226504,5250.791971065178,5255.624918009585,0.9990804239229771,4.832946944406515,0.11653742607579667,0.18764597238509825,0.9586204277400096,0.0,0.0,0.0,0.0,False,686.7845590486959,3.260491672422438,1440,2023-06-25,0.16133633533292144,2.743
222,5,127,492.9847942912467,4775.38144342667,4536.612371255307,4542.765785419614,0.998645447629271,6.153414164307429,0.10866804433521282,0.1943215971035121,0.9718618053817827,0.0,0.0,0.0,0.0,False,641.9929203698243,2.559582934680682,1440,2023-05-07,0.18106400875656756,2.577
223,5,255,992.0157347192338,9433.15654137418,8961.498714305508,8970.675033007023,0.9989770760095811,9.17631870151584,0.11069752575377258,0.19285777119288264,0.9446896094274915,4.027777777777778,0.0,0.0,0.0,False,1240.115117197864,3.7501397141760053,1440,2023-08-31,0.1824436932597984,2.762
224,5,152,184.06847268804958,5515.623823677544,5239.842632493653,5247.845276444701,0.9984750609956111,8.002643951048082,0.03512862610540862,0.199417205438951,0.9997440967090617,0.0,0.0,0.0,0.0,False,906.1622727940357,1.3382183851228893,1440,2023-10-18,0.18712496930612377,2.632
225,5,256,510.5911446175588,9040.7513240183,8588.713757817382,8604.153708502476,0.9982055236100866,15.439950685091702,0.0594490815522665,0.20510401559047728,0.9795792275667402,0.0,0.0,0.0,0.0,False,1242.8219375648505,1.912296460770953,1440,2023-12-16,0.17646837452988612,2.676
226,5,179,457.66476234227196,6378.78284915986,6059.84370670186,6084.31271950849,0.9959783439913973,24.469012806629387,0.075524185852536,0.2167397571165626,0.9609857572281826,0.0,0.0,0.0,0.0,False,728.3743908652706,2.9821382791146585,1440,2023-05-27,0.1551769155960143,2.596
227,5,222,1097.2904167485692,8060.25189131822,7657.239296752303,7663.994411046973,0.9991185909158632,6.755114294671229,0.14330104809627245,0.1971226594303797,0.9847455259506809,0.0,0.0,0.0,0.0,False,877.7156810485934,1.9320046457663747,1440,2023-01-17,0.111708129235701,2.592
228,5,290,902.5010579941064,10507.121380722432,9981.76531168639,9992.202588266668,0.9989554578694657,10.437276580275846,0.09041497468764186,0.20152999552281456,0.9849209006775222,0.0,0.0,0.0,0.0,False,1314.3990355251342,1.8417686602550856,1440,2023-01-08,0.12023458208553375,2.584
229,5,286,1418.9573247473293,10657.720993116274,10124.834943460433,10129.74090837465,0.9995156870290571,4.905964914215674,0.14014621795526896,0.1782190584079104,0.9401303287770191,5.833333333333333,0.0,0.0,0.0,False,1525.3155645334193,3.609555037804531,1440,2023-08-23,0.11728310518590257,2.65
230,5,206,862.7703584985358,7535.349337090145,7158.581870235632,7168.166388685446,0.998662905137785,9.584518449813238,0.12052252445219808,0.19841745970784824,0.9862351562587689,0.0,0.0,0.0,0.0,False,1175.3024656251605,1.9010717776732666,1440,2023-03-06,0.1672950323985912,2.523
231,5,157,594.6064090222565,5585.956255603549,5306.6584428233455,5311.9381917794435,0.9990060597910818,5.27974895609921,0.11204912006846687,0.1869879438559214,0.9796920459990626,0.0,0.0,0.0,0.0,False,606.4987581576122,2.3115434159299557,1440,2023-09-15,0.16294721832348652,2.596
232,5,165,540.9529267817944,5508.516612505188,5233.0907818799205,5240.708822391515,0.9985463721092372,7.618040511594262,0.10337159230160804,0.18809731539091915,0.9667760615671609,0.0,0.0,0.0,0.0,False,602.6949295098698,2.757087649476384,1440,2023-10-05,0.18526450474484568,2.655
233,5,274,1084.6435828108256,9863.970080851728,9370.771576809126,9377.658569698966,0.9992655956880224,6.8869928898403865,0.11574752131351829,0.19810252148785643,0.9869300582095628,0.0,0.0,0.0,0.0,False,1255.149191456492,1.8668671617042512,1440,2023-11-20,0.20127285073539208,2.732
234,5,226,780.1925669893449,8141.7127046803835,7734.627069446358,7738.780597171786,0.9994632839536831,4.153527725427598,0.10087009496182352,0.18806592342446024,0.959856899087107,0.0,0.0,0.0,0.0,False,858.1300476939932,3.120018741233876,1440,2023-07-05,0.1921629480401743,2.757
235,5,150,674.4222721297108,5479.455829066514,5205.483037613198,5208.7877204976885,0.9993655562365334,3.3046828844905893,0.12955997882550874,0.19876473166639294,0.988048003349447,0.0,0.0,0.0,0.0,False,681.1879601884565,1.873403161247238,1440,2023-03-04,0.20755224545224873,2.57
236,5,280,1069.7394304944305,9395.737097329255,8925.950242462764,8936.214515648622,0.9988513846475056,10.264273185856537,0.1198459997463842,0.19830971246099394,0.9665317183004791,0.0,0.0,0.0,0.0,False,1419.2487735345958,2.886739576693364,1440,2023-03-10,0.19638806866633668,2.621
237,5,294,392.7095506243679,10598.22106259586,10068.310009466144,10091.273065463576,0.997724463915656,22.963055997431727,0.03900451518230424,0.20650234307288445,0.977539441357362,0.0,0.0,0.0,0.0,False,1228.405116380902,2.113903507203678,1440,2023-12-29,0.18854228386643512,2.598
238,5,295,924.6779335568557,10955.421272199388,10407.65020858943,10419.892266854717,0.9988251262151502,12.242058265287678,0.08884598492690687,0.20957606158645414,0.9739971138274504,0.0,0.0,0.0,0.0,False,1256.0046516759592,2.2009813892918286,1440,2023-01-03,0.16391675152671054,2.546
239,5,232,434.5146141463232,8339.828319718617,7922.836903732719,7928.160963908715,0.9993284621490114,5.324060175996207,0.05484331173617982,0.19387540821265928,0.963428062311537,0.0,0.0,0.0,0.0,False,1202.1076105643797,2.9717898495322097,1440,2023-09-24,0.13697534184575486,2.642
240,5,296,1236.8609347302229,10045.057280608538,9542.804416578088,9552.579073351004,0.9989767520689586,9.774656772914216,0.12961189192785985,0.20022532639564444,0.9858450056184389,0.0,0.0,0.0,0.0,False,1298.2384644076383,2.0732371226227224,1440,2023-02-02,0.15026988111270603,2.673
241,5,229,942.4679863101384,8416.255827345403,7995.443035978119,8002.4711384613265,0.9991217584716514,7.028102483206902,0.11787564267160612,0.19025823254956925,0.9861836705017503,0.0,0.0,0.0,0.0,False,1189.952074223782,1.8027368511342587,1440,2023-03-28,0.14692442620391738,2.624
242,5,210,325.4662144753432,7326.085434155614,6959.78116244786,6963.278091718896,0.9994978041627844,3.496929271035441,0.046763857494747985,0.19371002127526502,0.9930852952211434,0.0,0.0,0.0,0.0,False,875.579563008768,1.610008111621653,1440,2023-11-03,0.16666275711077344,2.636
243,5,295,854.0046387416972,9927.127316016053,9430.770950215174,9438.636845375655,0.9991666280534636,7.865895160481192,0.09055512462872531,0.18737872261064814,0.937621912449043,2.986111111111111,0.0,0.0,0.0,False,1058.2627453548025,4.039897741245141,1440,2023-06-06,0.17517398557596436,2.708
244,5,229,752.4568509159097,7694.385872033904,7309.666578432206,7320.086637300826,0.9985765115380572,10.420058868619671,0.10293996899066475,0.20165989561685355,0.96500241671897,0.0,0.0,0.0,0.0,False,801.6083533132409,2.853860524738984,1440,2023-05-06,0.19654288927974178,2.613
245,5,262,909.9653274379942,9615.208013470223,9134.447612796783,9137.916145046538,0.9996204241541836,3.4685322497553512,0.09961908656229966,0.1921228719236164,0.977412700648115,0.0,0.0,0.0,0.0,False,898.5406423617462,2.117520910699355,1440,2023-04-12,0.18213643684826916,2.654
246,5,181,669.9448404382189,6237.556928748948,5925.679082311504,5930.220897994051,0.9992341236927477,4.541815682547105,0.11305790123498977,0.1952153220057418,0.9949780935581097,0.0,0.0,0.0,0.0,False,681.5449599546843,1.4647163864519417,1440,2023-02-24,0.19198658343203198,2.768
247,5,262,608.9433049603696,9587.36490595002,9107.99666065252,9112.477541918233,0.9995082697054559,4.480881265710899,0.06685809488611992,0.19799162542272453,0.9896653266763765,0.0,0.0,0.0,0.0,False,1060.7948372371886,1.7489518768540377,1440,2023-12-17,0.19330254441807926,2.795
248,5,296,857.2455466327702,10210.74702147874,9700.209670404782,9718.5474148598,0.9981131187952039,18.337744455019426,0.08837391930281834,0.21118435816339207,0.9531673876907679,0.0,0.0,0.0,0.0,False,968.5763074267418,3.297100266598407,1440,2023-08-05,0.1883478644184189,2.689
249,5,129,483.5824310074671,4634.013939632772,4402.313242651147,4409.392752133648,0.998394447970398,7.079509482500453,0.10984734714521259,0.18899423454430983,0.9473704883210363,0.4861111111111111,0.0,0.0,0.0,False,515.9003221341222,3.684892896290144,1440,2023-08-27,0.15480089048105233,2.571
250,5,217,744.8788954148845,7519.685540713492,7143.701263677814,7161.54833939614,0.997507930565776,17.84707571832621,0.10427072296572998,0.20186554417540067,0.9678024324877378,0.0,0.0,0.0,0.0,False,830.7473839181678,2.7717254912963867,1440,2023-05-12,0.17733187156592456,2.564
251,5,186,631.2735162133096,6669.400943461555,6335.930896288425,6340.8883810788075,0.9992181718881576,4.957484790381713,0.09963390171807401,0.19311805166604384,0.9966457052502342,0.0,0.0,0.0,0.0,False,823.0957387165993,1.6009987905997831,1440,2023-11-27,0.16694649803665246,2.72
252,5,129,670.1886046183962,4780.982098320831,4541.93299340476,4547.138851682844,0.9988551354053864,5.205858278082789,0.14755581061886253,0.20374061701370952,1.0025068384399343,0.0,0.0,0.0,0.0,False,644.3446320561393,1.3591844613462767,1440,2023-02-09,0.1782267801505176,2.663
253,5,135,603.5916043952112,4807.140341291699,4566.783324227121,4579.722214981473,0.9971747433256921,12.93889075435391,0.13216996768668954,0.20686017229693054,1.0011771779534377,0.0,0.0,0.0,0.0,False,466.8454973162693,1.300083838259366,1440,2023-04-07,0.16369433122605975,2.533
254,5,168,525.5288084077009,6213.071076182548,5902.417522373397,5924.136857322948,0.9963337553684798,21.719334949551268,0.08903619684911457,0.1985700200805151,1.00125591037747,0.0,0.0,0.0,0.0,False,546.6221467699579,1.331942565332627,1440,2023-11-22,0.14486234184856067,2.482
255,5,155,572.5176100407839,5240.679350107711,4978.645382602298,4991.537391175723,0.9974172268856052,12.892008573424325,0.11499465538184878,0.20528158953900066,1.0002071938982786,0.0,0.0,0.0,0.0,False,575.2900894687764,1.4935438108254897,1440,2023-02-01,0.14810658421864967,2.563
256,5,249,748.8217111672432,8748.696344627826,8311.261527396387,8334.092350986088,0.9972605506840827,22.83082358969964,0.0900972383914168,0.19868422246502848,0.9635313279362336,0.0,0.0,0.0,0.0,False,671.4614933265059,3.134660043987174,1440,2023-05-23,0.13567244582910257,2.705
257,5,158,564.8442906928137,5617.857547915218,5336.964670519444,5345.177743391816,0.9984634612230574,8.213072872372267,0.10583624317637422,0.21146012902729588,0.9952360271221573,0.0,0.0,0.0,0.0,False,617.9614067971925,1.7049924667888792,1440,2023-04-30,0.1403051315569523,2.771
258,5,233,964.5752356825658,8863.568625130674,8420.39019387413,8488.048367138406,0.9920290071005937,67.6581732642776,0.11455232043573213,0.23214230671186847,0.9914718882847485,0.0,0.0,0.0,0.0,False,857.9161084190099,1.9055653142994042,1440,2023-04-18,0.11533127925087897,2.637
259,5,275,796.2063251710181,9670.145256707103,9186.63799387177,9225.481509324001,0.9957895405878844,38.84351545223255,0.08667004465639684,0.2108581424972812,0.9937337582879219,0.0,0.0,0.0,0.0,False,744.0821780339995,1.461115233537773,1440,2023-11-22,0.048244291164367153,2.671
260,5,209,820.960607407176,7523.745105405079,7147.557850134845,7177.533275291753,0.9958237149160845,29.97542515691009,0.11485889650990204,0.20683838538578528,0.9710732773931543,0.0,0.0,0.0,0.0,False,624.5765406806324,2.782442687117404,1440,2023-09-03,0.04085695484238572,2.588
261,5,142,503.70708944464246,5139.729147391772,4882.74269002214,4908.987740344411,0.9946536736878407,26.24505032227184,0.10316068681521255,0.22174242403344677,0.9715207672828464,0.0,0.0,0.0,0.0,False,492.56363195148435,2.778868458935173,1440,2023-05-12,0.04344863216080229,2.845
262,5,132,426.98653240797773,5024.78664374414,4773.547311556942,4808.915371728825,0.9926453144965268,35.3680601718829,0.08944847605767453,0.2178792971107217,0.9996021062957662,0.0,0.0,0.0,0.0,False,467.35188745862837,1.415533998768871,1440,2023-12-12,0.01164596778900795,3.177
263,5,173,841.1636325667282,5978.14575747846,5679.238469604568,5702.755950506262,0.9958761200539178,23.517480901693023,0.14811204654790563,0.21841702522752995,1.0032847717977378,0.0,0.0,0.0,0.0,False,453.6053501840411,1.2520643358559096,1440,2023-02-23,-0.006191249333968515,2.689
264,5,194,276.63154648930373,6882.496208559956,6538.371398131931,6582.291389100912,0.9933275529184707,43.91999096898137,0.04230893744707432,0.22007588982546014,1.0001013900580602,0.0,0.0,0.0,0.0,False,687.2713060479189,1.2883546734386693,1440,2023-11-03,-0.022564876150704294,2.605
265,5,209,845.4403523422465,7366.5013665292545,6998.176298202788,7029.6645926525525,0.9955206547859088,31.488294449765377,0.12080866733228274,0.21349470471597273,0.9990179139742185,0.0,0.0,0.0,0.0,False,738.9211872306707,1.4822915792892577,1440,2023-02-16,-0.040317074210812334,2.6
266,5,175,427.2482891996062,6331.626682202056,6015.045348091964,6053.021460458722,0.9937260899180953,37.97611236675706,0.07102993651330224,0.2171242363544365,0.9986945308157014,0.0,0.0,0.0,0.0,False,699.760808945682,1.4037413821166522,1440,2023-01-29,-0.040714960653825086,2.609
267,5,273,1086.4861572249874,9536.367566375213,9059.549188056415,9124.518268672648,0.9928797248574435,64.96908061623284,0.11992717680227928,0.2074056189348389,0.95209312947088,0.0,0.0,0.0,0.0,False,993.2382372332839,3.73345527732267,1440,2023-08-20,-0.04987445123057742,2.664
268,5,222,917.2679413161692,7841.476691929159,7449.402857332677,7487.917767290032,0.9948563925039878,38.5149099573558,0.1231330831320626,0.20955741467867917,0.9629449675298362,0.0,0.0,0.0,0.0,False,701.9144197692988,3.213649538216361,1440,2023-06-28,-0.03619136631560649,2.629
269,5,294,912.4496339834503,10556.221971065095,10028.410872511828,10107.783887592032,0.9921473375407601,79.37301508020386,0.09098646291851702,0.21264896879354472,0.9933167140086889,0.0,0.0,0.0,0.0,False,1111.9965870717929,1.646895326396947,1440,2023-02-17,-0.030456719754012318,2.56
270,5,289,439.52172774278023,10137.641982724897,9630.759883588646,9721.461054778429,0.9906700062183348,90.70117118978416,0.04563728439453151,0.22096967769854073,0.9592452919934336,0.0,0.0,0.0,0.0,False,1173.5023002528746,3.3752397198900375,1440,2023-05-28,-0.033302869997118456,2.652
271,5,248,984.545295175781,8808.258606262172,8367.845675949076,8416.66557884707,0.994199614747592,48.81990289799363,0.11765815638851566,0.20073290525243048,0.9924362412174257,0.0,0.0,0.0,0.0,False,1046.3049430741207,1.4446209377114299,1440,2023-12-06,-0.054933833667521595,2.645
272,5,124,255.9397678555128,4078.443767404842,3874.521579034597,3889.403232574653,0.9961737951428078,14.881653540056563,0.06605712799237642,0.20203687703288506,1.0012223721745508,0.0,0.0,0.0,0.0,False,379.439613210948,1.2559160420605218,1440,2023-01-12,-0.027754350485023088,2.609
273,5,158,471.7668626991837,5796.914213253932,5507.068502591246,5528.160659672735,0.9961845976663896,21.09215708148947,0.08566569718121407,0.1942653403255043,0.974454483948152,0.0,0.0,0.0,0.0,False,520.9965210463918,2.621962891489641,1440,2023-05-21,-0.008981345707668606,2.616
274,5,255,788.284975728129,8959.923348955397,8511.927181507592,8563.151692585167,0.9940180306367887,51.22451107757433,0.09260945951707633,0.20403056241830955,0.9775880918882904,0.0,0.0,0.0,0.0,False,1035.780842640165,2.526785363729916,1440,2023-09-30,0.023421171854177456,2.665
275,5,218,820.3081484853948,7990.589546931811,7591.0600695852445,7638.486401079468,0.9937911349181009,47.42633149422297,0.10806239721011907,0.18603784695729386,0.9734310386158634,0.0,0.0,0.0,0.0,False,1057.2833593690032,2.7223849778983533,1440,2023-09-04,0.027658169178567255,2.526
276,5,290,806.5315330973274,10214.364208364199,9703.645997945987,9755.5301854471,0.9946815614820698,51.88418750111099,0.08311633928814482,0.19370364593008263,0.9851678613156013,0.0,0.0,0.0,0.0,False,1471.2291097347781,2.1345520189061324,1440,2023-01-13,0.07132984870444892,2.564
277,5,247,718.008902307684,8509.923887628276,8084.427693246871,8109.979938468695,0.9968492837940794,25.552245221824506,0.08881381954933622,0.18854645187727948,0.9578818445223085,0.0,0.0,0.0,0.0,False,953.5532695188638,3.4808337282396136,1440,2023-06-01,0.08971725228851483,2.468
278,5,268,228.8629681251461,9345.552319447957,8878.274703475541,8922.110949772727,0.9950867853421727,43.83624629718344,0.025777865156115756,0.19856578435371747,0.9672851391739821,0.0,0.0,0.0,0.0,False,1376.0284643680748,2.8520611197883805,1440,2023-09-19,0.11634567947807054,2.562
279,5,129,400.3248546224038,4782.189149656217,4543.079692173378,4556.245911435875,0.9971102922189843,13.16621926249696,0.08811750656984209,0.18678665176482484,0.978124051094187,0.0,0.0,0.0,0.0,False,416.8147930662104,2.4633080636791322,1440,2023-05-21,0.11567760056386564,2.581
280,5,173,523.0153779323338,6146.5541169829785,5839.226411133839,5858.650321037947,0.9966845759962225,19.423909904107198,0.08956929242118163,0.19291954595790933,1.0018885265107402,0.0,0.0,0.0,0.0,False,523.8588968659644,1.3548287415419429,1440,2023-04-09,0.14171789653982425,2.479
281,5,243,1232.4975871694223,8648.421843264416,8216.000751101159,8235.082711765896,0.9976828452934088,19.081960664737505,0.15001186398434,0.19135112532242485,0.9777588533887356,0.0,0.0,0.0,0.0,False,1101.286291299204,2.2287535509001213,1440,2023-03-05,0.1494117887979098,2.603
282,5,234,1052.3030482434783,7973.627280479848,7574.945916455873,7590.131832784218,0.9979992552615816,15.185916328345234,0.13891888600253194,0.19393638217313433,0.9836779610048404,0.0,0.0,0.0,0.0,False,1132.5100793777915,1.6667239434784566,1440,2023-10-16,0.15944987173632286,2.586
283,5,186,687.5382356216415,6205.443454596274,5895.1712818664855,5911.650853696954,0.9972123570491037,16.479571830467236,0.11662735529610571,0.21237836884559616,0.9841169976867393,0.0,0.0,0.0,0.0,False,819.8668847761405,2.0935750218930846,1440,2023-09-10,0.16209595390683573,2.553
284,5,148,94.55725637700444,5369.430854323033,5100.95931160687,5110.007431133756,0.9982293333916193,9.048119526885506,0.018537151661226964,0.17329535418328962,0.9698824793192059,0.0,0.0,0.0,0.0,False,565.6460289008644,2.844989123014772,1440,2023-10-13,0.12302153052155021,2.577
285,5,226,799.4528347585381,7855.538241415203,7462.761329344414,7483.249764291846,0.9972620939307414,20.488434947432804,0.10712560665915978,0.18848444389614383,0.9643471918487494,0.0,0.0,0.0,0.0,False,1006.3214715969104,2.7317168033723735,1440,2023-09-04,0.1790798563612317,2.628
286,5,135,572.9410401843966,5044.417134401594,4792.196277681498,4809.70037773348,0.9963606672604769,17.50410005198166,0.11955708969032251,0.20495199279870768,0.9739702437432953,0.0,0.0,0.0,0.0,False,464.81964504280495,2.708967784275889,1440,2023-05-10,0.19108629746989045,2.587
287,5,241,840.227233638478,8552.442205359344,8124.820095091358,8146.910576580284,0.9972884836182652,22.090481488927225,0.10341487242851131,0.19970875295397578,0.9590458739148009,0.0,0.0,0.0,0.0,False,1081.7341158571344,3.391866018790841,1440,2023-08-13,0.16421524313124158,2.684
288,5,265,1122.8706851395652,9416.780091560566,8945.941086982553,8965.34545104397,0.9978356256133826,19.404364061417553,0.12551733509328386,0.19809664859615925,0.968316963613791,0.0,0.0,0.0,0.0,False,1238.8518239004154,2.135857673135387,1440,2023-10-09,0.1542680896710339,2.672
289,5,241,1508.8536237041312,8670.662825118918,8237.129683863026,8271.699750305132,0.9958206816633026,34.570066442105755,0.1831771116412135,0.19409954408363833,0.9940876452335536,0.0,0.0,0.0,0.0,False,798.8053676867939,1.552854198907736,1440,2023-01-22,0.14995216406025613,2.569
290,5,131,438.43843307408923,4955.53975673099,4707.762768894405,4720.072168650062,0.9973921161974145,12.30939975565694,0.09313095298067757,0.20472416349324338,0.9648561979896856,0.0,0.0,0.0,0.0,False,449.3515516911125,3.1785877611345503,1440,2023-08-01,0.15558807629499802,2.654
291,5,214,929.8549641153279,7463.053765204528,7089.90107694428,7105.070640785914,0.9978649664994808,15.169563841633126,0.13115203639993406,0.20461304896620927,0.9901237634154543,0.0,0.0,0.0,0.0,False,746.9427389229385,1.881672085511198,1440,2023-04-16,0.13648643520699827,2.614
292,5,175,641.6925829447164,6246.630374027956,5934.298855326604,5947.944992364455,0.9977057391997792,13.64613703785145,0.10813283904108327,0.1979773567014395,0.9991191540407175,0.0,0.0,0.0,0.0,False,715.6290350216633,1.2533505394540234,1440,2023-04-21,0.12121892184776303,2.652
293,5,220,385.4406356472212,7925.36276384001,7529.094625648013,7545.347770308981,0.9978459382979106,16.253144660968836,0.05119349069331788,0.1904843177187778,0.9896544217782317,0.0,0.0,0.0,0.0,False,860.7584188306718,1.7842018507259616,1440,2023-11-18,0.12370456630779635,2.601
294,5,243,575.8390968798751,8184.760159893815,7775.5221518991075,7807.111024952739,0.9959538332486026,31.58887305363015,0.07405793278323194,0.2112582921196898,0.9875401140832251,0.0,0.0,0.0,0.0,False,999.7314057915612,1.9630612051702871,1440,2023-04-01,0.14265355175173988,2.631
295,5,155,594.1018900663287,5341.4024299919165,5074.332308492309,5085.541932840359,0.9977957856810377,11.209624348050415,0.117079815421637,0.19607919966666063,0.9990096987982384,0.0,0.0,0.0,0.0,False,492.17896190355293,1.4854092215499222,1440,2023-04-15,0.1115470818189038,2.724
296,5,126,469.666462433246,4229.859979333041,4018.3669803664243,4028.7536923725697,0.9974218547969785,10.386712006145604,0.11687993275079579,0.19018689844285003,1.00166646116074,0.0,0.0,0.0,0.0,False,441.0581803062017,1.364563724483021,1440,2023-11-25,0.12025194928596608,2.676
297,5,209,186.29491694326373,7283.642509289518,6919.460383825055,6941.544488679836,0.99681856035198,22.084104854781803,0.02692333023233244,0.21893834315352773,0.9923049398334777,0.0,0.0,0.0,0.0,False,693.1936437767705,1.6774605826627211,1440,2023-12-28,0.14066956102985673,2.668
298,5,232,1075.5619096478401,8646.46645460762,8214.143131877245,8238.49072867961,0.9970446532497018,24.34759680236472,0.13094024445152727,0.2022055085233153,0.9840861037687857,0.0,0.0,0.0,0.0,False,1143.0210938328141,2.186389167731642,1440,2023-04-13,0.09280355490380193,2.57
299,5,142,558.7364086315645,5030.91145369499,4779.365881010226,4798.190773678592,0.9960766685702381,18.824892668366065,0.11690597090538359,0.1929141975155812,1.000213040628103,0.0,0.0,0.0,0.0,False,500.3955433735699,1.2932727354113374,1440,2023-03-11,0.09121271076325962,2.73
300,5,286,1231.2294039905307,10187.189772110954,9677.830283505378,9708.168616667204,0.9968749684559721,30.338333161825364,0.1272216362472282,0.19909435184258237,0.9927759237226524,0.0,0.0,0.0,0.0,False,816.4701861425262,1.780679189046737,1440,2023-04-08,0.1107352097920618,2.891
301,5,207,820.2879424421859,7321.644637492279,6955.56240561766,6982.587128079447,0.9961296977801951,27.024722461787995,0.11793265513363525,0.20306546683672488,0.9994093196562134,0.0,0.0,0.0,0.0,False,720.4412416307073,1.5073479819774052,1440,2023-11-25,0.11280215190357183,2.902
302,5,295,902.5698490784752,11153.609543084704,10595.929065930544,10635.764715776877,0.9962545570618687,39.83564984633031,0.08518081269348425,0.20999697116077679,0.9644652352682446,0.0,0.0,0.0,0.0,False,1422.7816819286345,2.109825907032869,1440,2023-10-27,0.10556597926383007,2.887
303,5,217,611.1756623952165,7538.100840102485,7161.195798097373,7181.924119362464,0.9971138206251432,20.72832126509112,0.08534547575945306,0.20461089172506836,0.9710327444893593,0.0,0.0,0.0,0.0,False,808.5737362098075,2.8153766385224284,1440,2023-05-21,0.08402788308108364,2.672
304,5,251,339.05310087941155,8971.185854975178,8522.62656222635,8536.57110004268,0.9983664942688453,13.94453781632899,0.039782700603373765,0.20797111002359195,0.9871058361337361,0.0,0.0,0.0,0.0,False,938.3915152806318,1.5217518267656862,1440,2023-03-13,0.07841623630719162,2.695
305,5,260,688.7026904622242,8914.351152277713,8468.633594663841,8504.929406700427,0.9957323793883591,36.295812036586256,0.08132394473840286,0.21493047326363737,0.9623385241089668,0.0,0.0,0.0,0.0,False,926.081635286572,3.2786692323256355,1440,2023-05-19,0.0661358831301465,2.637
306,5,209,411.0548418539089,7705.452370539941,7320.179752012948,7340.085116940542,0.9972881288690162,19.905364927594537,0.056153654114965486,0.2136366004614133,0.9843997585643954,0.0,0.0,0.0,0.0,False,918.471112438849,1.7153103275522246,1440,2023-12-10,0.04025447779722861,2.554
307,5,191,1019.8890956194509,6787.650194258457,6448.267684545558,6463.38920361871,0.9976604350137718,15.121519073151436,0.15816481968696802,0.20177875874977477,0.9958378242358805,0.0,0.0,0.0,0.0,False,708.1634060713061,1.4421404023026498,1440,2023-01-25,0.02171404367271658,2.606
308,5,240,953.2678921119372,8363.421848354312,7945.250755936518,7965.637576234388,0.9974406542975676,20.386820297870223,0.1199795854648988,0.20536582769720466,0.9837995198389136,0.0,0.0,0.0,0.0,False,776.073301292152,2.22421164984798,1440,2023-03-10,0.032880010201222984,2.639
309,5,123,825.417136865637,4666.542764896244,4433.21562665141,4446.150621585919,0.9970907429739987,12.934994934509099,0.18618925998172312,0.19886719150163448,0.9945910275192922,0.0,0.0,0.0,0.0,False,522.0055929991386,1.6449550827079507,1440,2023-02-07,0.03365294035482214,2.507
310,5,231,307.07311445041364,8074.735135658829,7670.998378875896,7706.382139981712,0.9954085120017291,35.38376110581457,0.04003039751592438,0.20123430355294739,0.9490979121228095,0.1388888888888889,0.0,0.0,0.0,False,729.1692827451847,3.875214001040383,1440,2023-07-02,0.04862492453287412,2.585
311,5,215,1078.5755289779593,8405.173196998143,7984.914537148201,8027.093408883337,0.9947454365376566,42.17887173513719,0.13507665285083573,0.21260819554358068,0.9856233883254941,0.0,0.0,0.0,0.0,False,924.2872301052645,1.6029939661245443,1440,2023-03-07,0.05533315018477995,2.587
312,5,147,547.065759887975,5328.304427954453,5061.889206556718,5079.8373939109815,0.9964667791579751,17.948187354264615,0.1080754116821354,0.20690292060080173,0.9812503838655521,0.0,0.0,0.0,0.0,False,628.1614395633776,2.1706158790389525,1440,2023-09-15,0.03504675854973233,2.534
313,5,157,519.2049914779378,5531.449860194136,5254.877367184408,5268.225377213627,0.9974663175787899,13.348010029218704,0.09880439736239376,0.19540680222261422,0.961271103514162,0.0,0.0,0.0,0.0,False,530.3727062695211,3.21856101992297,1440,2023-07-24,0.03102410408576784,2.6
314,5,126,545.1751884450681,4397.204012932043,4177.343812285482,4194.403815195607,0.9959326751400712,17.06000291012441,0.13050761750606188,0.19912282424400587,0.9961045126601312,0.0,0.0,0.0,0.0,False,521.3183234702249,1.6451011833622684,1440,2023-04-16,0.053327100835478064,2.568
315,5,254,1121.2524182798181,8981.819473087646,8532.728499433266,8572.87622478115,0.9953168896534594,40.14772534788254,0.13140608169523857,0.2175569531165293,0.9868078009265854,0.0,0.0,0.0,0.0,False,999.0213958681218,1.5958369971392803,1440,2023-03-15,0.0630381085759843,2.663
316,5,244,1043.605932500774,8770.515962929927,8331.99016478341,8353.95246844836,0.9973710284146459,21.96230366494857,0.12525290019085164,0.210586369702328,0.9957513102772433,0.0,0.0,0.0,0.0,False,942.4796024896118,1.5220671367263747,1440,2023-04-14,0.02937398359301128,2.644
317,5,190,660.1281872005691,6543.608598246927,6216.428168334596,6227.132116509312,0.9982810789984145,10.703948174716233,0.1061909137087994,0.20595349351710196,0.9916246261521453,0.0,0.0,0.0,0.0,False,708.470071916208,1.795398942543508,1440,2023-04-30,0.017248648632759336,2.674
318,5,293,1217.7747659493548,10559.262690510408,10031.299555984857,10068.45318920011,0.9963098966130064,37.15363321525331,0.12139750778579911,0.20193338461025603,0.9625972299771053,0.0,0.0,0.0,0.0,False,1276.5807569583149,3.1144431923721916,1440,2023-07-10,0.017443033596199975,2.621
319,5,188,896.5882727364758,6488.750057380658,6164.312554511616,6190.092157189009,0.9958353442852296,25.779602677392663,0.14544821743022573,0.21675168014643223,1.0000469894083799,0.0,0.0,0.0,0.0,False,751.6643222131427,1.4649423180632617,1440,2023-01-21,0.02634611193150073,2.666
320,5,175,273.48163218026536,6296.811628171659,5981.971046763067,6002.923049263179,0.9965096999698032,20.95200250011265,0.045717645579085565,0.20993425971494317,0.9644771397438573,0.0,0.0,0.0,0.0,False,693.7552189899154,3.031832155641612,1440,2023-09-18,3.074041283208928e-05,2.6
321,5,284,882.4738865024,10090.48516609524,9585.960907790412,9607.969263745683,0.9977093644503717,22.00835595527171,0.09205899074606308,0.19633339508082778,0.9524952565000105,0.0,0.0,0.0,0.0,False,1500.7280117318633,3.4385625409462817,1440,2023-05-16,-0.006519944838574057,2.725
322,5,134,346.94757212356376,4640.861778541178,4408.8186896141015,4419.238027149933,0.9976422773627898,10.419337535832144,0.07869399867607885,0.19891337249907015,0.9827925914145171,0.0,0.0,0.0,0.0,False,519.7058162543698,2.1671769208262255,1440,2023-09-20,0.01834473940131348,2.701
323,5,191,623.903810798976,6729.783851750707,6393.294659163171,6411.510020625833,0.997158959214902,18.215361462661697,0.09758721348855205,0.20066082800943003,0.9885382993594641,0.0,0.0,0.0,0.0,False,803.1674774505902,1.424917172880511,1440,2023-05-04,0.0326148678481368,2.672
324,5,124,395.1112736849861,4441.6810768632695,4219.597023020084,4230.188112335585,0.9974963077210167,10.591089315501826,0.09363720552684292,0.1990937390970789,0.9627549355425223,0.0,0.0,0.0,0.0,False,454.8417354795394,3.0704059544866142,1440,2023-05-30,0.04015352708233224,2.782
325,5,183,645.6229867350379,6644.812008792079,6312.571408352473,6318.921580141387,0.9989950545028331,6.3501717889146025,0.10227575182449145,0.19474101842764086,0.9575912608645099,0.0,0.0,0.0,0.0,False,700.0607032590211,3.205517619012282,1440,2023-07-21,0.04967736312200714,2.662
326,5,251,1079.3357407106485,8600.463152028778,8170.439994427323,8190.974858697002,0.9974929889758024,20.534864269679012,0.1321025234194013,0.19513090778827302,0.9749683234516278,0.0,0.0,0.0,0.0,False,1015.8623784810823,2.071110440728544,1440,2023-04-06,0.06713536650512869,2.762
327,5,182,673.1037784072792,6640.509742418401,6308.484255297439,6317.124389772582,0.9986322677943257,8.640134475143611,0.10669817838445933,0.1999743082030058,0.9560563555395972,0.0,0.0,0.0,0.0,False,786.7288619127029,3.3579020921675995,1440,2023-08-13,0.08048746722882151,2.676
328,5,209,323.38185459340525,7952.837821775049,7555.195930686263,7569.389824895258,0.9981248298030163,14.193894208995683,0.0428025768703038,0.20071945857046108,0.9490257557298403,0.06944444444444445,0.0,0.0,0.0,False,868.7133888002822,3.555764310088102,1440,2023-08-02,0.0805149514852134,2.709
329,5,207,734.6172681796068,7555.371899973424,7177.603304974768,7190.4127971671005,0.9982185317375132,12.809492192331781,0.10234854685692178,0.19636388319255318,0.983912370500102,0.0,0.0,0.0,0.0,False,768.7915183044123,2.0582689367960234,1440,2023-03-26,0.07886163515340221,2.681
330,5,131,489.6837564463127,4792.631938659055,4553.000341726076,4565.98194292287,0.9971568873116295,12.981601196794285,0.10755188220800133,0.19398655016805041,0.9927135682702188,0.0,0.0,0.0,0.0,False,481.08439887830633,1.7162160067979715,1440,2023-04-30,0.08730305375972297,2.712
331,5,136,510.6538456363056,4652.615965470152,4419.98516719661,4426.508441215868,0.9985263161460354,6.523274019257558,0.11553293197139607,0.18929243009139235,1.0004445511753632,0.0,0.0,0.0,0.0,False,522.1026774534048,1.292866341067824,1440,2023-11-20,0.09958699379028316,2.596
332,5,174,485.59593886525676,6303.092060845964,5987.937457803662,6011.4364008755865,0.9960909603787039,23.498943071924646,0.08109569318103237,0.19748010531903656,0.9635112699599019,0.0,0.0,0.0,0.0,False,706.1752526105302,3.0382574034945344,1440,2023-05-27,0.12027658847880944,2.772
333,5,218,750.1881416968132,7836.669481978865,7444.836007879897,7455.052887588469,0.9986295362537827,10.216879708572687,0.10076624131180131,0.20172671972459702,0.988019431529133,0.0,0.0,0.0,0.0,False,825.7766146961877,1.8726593814919867,1440,2023-02-17,0.11894137346286135,2.668
334,5,132,521.0421028181167,5017.35522978998,4766.487468300453,4772.148412827679,0.9988137534633229,5.660944527227035,0.10931364160365671,0.1909530864463394,0.9761040582667965,0.0,0.0,0.0,0.0,False,544.8171620943565,2.5066094647461705,1440,2023-05-08,0.10844431377164004,2.62
335,5,286,999.2507826440794,10586.669011440252,10057.335560868216,10078.382344474456,0.9979116903004004,21.046783606238385,0.09935541840047916,0.20741882112712487,0.9397355427097964,9.444444444444445,0.0,0.0,0.0,False,1350.3966990338736,4.032182830906415,1440,2023-07-27,0.12420100490851278,2.863
336,5,274,1021.6656374929627,10115.44558447407,9609.673305250388,9628.768159225132,0.9980168954471658,19.094853974745455,0.10631637570184206,0.2092116649831645,0.9613266989285272,0.0,0.0,0.0,0.0,False,981.8065645911581,2.988956011023661,1440,2023-05-12,0.1002108004639267,2.807
337,5,221,466.64261113001925,8127.1795015128055,7720.820526437114,7733.320096510821,0.9983836735169741,12.499570073707515,0.06043951022202537,0.2015043206997362,0.9606716745224383,0.0,0.0,0.0,0.0,False,1054.357891598604,3.0148176928036334,1440,2023-09-24,0.0766137971758124,2.82
338,5,252,772.5074004592838,9252.51824880578,8789.892336365509,8814.405093339908,0.9972190117523733,24.512756974401928,0.08788587742574151,0.2105369157115773,0.989083783261343,0.0,0.0,0.0,0.0,False,989.2014563248915,1.845483266392802,1440,2023-12-26,0.07461713593387645,2.794
339,5,254,692.4792659008737,8840.25633126622,8398.24351470294,8408.147576918374,0.9988220874901598,9.904062215433942,0.08245524968269129,0.19683722722492328,0.9806191897287506,0.0,0.0,0.0,0.0,False,1114.3998717910163,1.6131783303043967,1440,2023-11-09,0.0526212521286984,2.733
340,5,121,420.7975735507781,4372.425775553401,4153.804486775734,4155.870804072462,0.9995027955886638,2.0663172967285046,0.10130413573639561,0.1907182344500617,0.9575957481298384,0.0,0.0,0.0,0.0,False,478.404814951921,3.1772369723789335,1440,2023-06-11,0.06532199839394864,2.631
341,5,291,916.081773588365,10738.969888711279,10202.021394275742,10221.515052263141,0.998092879784677,19.493657987399597,0.0897941435510388,0.2020606463954144,0.9342926546071396,3.0555555555555554,0.0,0.0,0.0,False,1433.1328537199427,4.061456414406652,1440,2023-06-06,0.08940846778834123,2.745
342,5,128,449.8225306395903,4415.254180079272,4194.491471075324,4200.9237964165595,0.9984688307493883,6.432325341235578,0.10724125528482031,0.1980080824359287,0.9715344931590557,0.0,0.0,0.0,0.0,False,481.72986571833604,2.732201608395176,1440,2023-05-12,0.08362130470430862,2.539
343,5,272,855.4867080862633,10164.83948206975,9656.597507966213,9668.658566754517,0.9987525613087863,12.06105878830379,0.08859090454795587,0.19078061188088874,0.9563852832722127,0.0,0.0,0.0,0.0,False,1245.9912064182133,3.338888083410093,1440,2023-05-25,0.08800681082615462,2.719
344,5,270,929.6691092406884,10033.016352115192,9531.365534509425,9549.507299479455,0.9981002407348263,18.14176497003214,0.09753787176398938,0.2034540598318567,0.9755147545303058,0.0,0.0,0.0,0.0,False,1261.4752279564332,1.9065599408916578,1440,2023-12-14,0.10787662035067491,2.722
345,5,254,991.3694756573888,9347.44312897623,8880.070972527401,8904.327201332542,0.9972759054944083,24.256228805142328,0.1116398144479278,0.1982110833605833,0.9448839107895358,2.0833333333333335,0.0,0.0,0.0,False,1273.8960141952161,3.8111552351689997,1440,2023-06-26,0.09571817948656886,2.766
346,5,144,564.6092625325891,5006.952496670129,4756.604871836643,4760.295933518557,0.9992246150799314,3.6910616819146114,0.11870005555340138,0.18462974332476267,0.9558795259638375,0.0,0.0,0.0,0.0,False,488.06757900692844,3.460990322242257,1440,2023-07-06,0.0976154208640563,2.756
347,5,267,1039.6831658832275,9927.973700967952,9431.575015919552,9443.880674504704,0.9986969701323766,12.305658585151535,0.11023431018979828,0.19538198466317971,0.9718036584023166,0.0,0.0,0.0,0.0,False,1200.8977187247938,2.480194458845962,1440,2023-05-03,0.12978067487861347,2.689
348,5,293,1074.5594100498633,10790.073751877633,10250.570064283747,10264.649803291522,0.9986283273879193,14.079739007774254,0.10482923420951687,0.20229501682034398,0.9533566049172564,0.0,0.0,0.0,0.0,False,1596.2973444950344,2.6107070154784036,1440,2023-09-28,0.13208884791258274,2.618
349,5,268,1017.9054484790277,9165.302612535714,8707.037481908872,8718.351336639487,0.9987022942419093,11.31385473061483,0.11690606025229479,0.20042015050724454,0.9571977179250996,0.0,0.0,0.0,0.0,False,1327.7430346456704,2.5684198711917072,1440,2023-09-14,0.11861196475297958,2.632
350,5,245,1104.2134522936656,8816.362055127993,8375.543952371581,8386.57350248714,0.9986848562035154,11.029550115555931,0.13183781955809587,0.19230311168417435,0.9767320942764267,0.0,0.0,0.0,0.0,False,1104.314963205956,2.03514442914304,1440,2023-04-06,0.11193415658875358,2.675
351,5,165,937.0321967569583,5848.873387143353,5556.429717786203,5560.389889652875,0.999287788816025,3.9601718666735257,0.16863926016332148,0.191428320039033,0.997466282600346,0.0,0.0,0.0,0.0,False,606.0788771719292,1.348835702706515,1440,2023-01-20,0.12483423988391848,2.754
352,5,220,1032.799736102855,7581.185087097962,7202.125832743064,7213.772109045489,0.9983855497337071,11.646276302423992,0.14340206767943872,0.19878903029652928,0.9957491439653473,0.0,0.0,0.0,0.0,False,786.6183271370236,1.4184194866676232,1440,2023-02-26,0.1375074321374097,2.669
353,5,207,239.16788467004926,7119.492031114574,6763.51742955888,6777.639456804208,0.9979163796871564,14.12202724532806,0.035361464971584745,0.19461612377494045,0.9884115536443245,0.0,0.0,0.0,0.0,False,977.494534733823,1.7106165988397959,1440,2023-12-29,0.13151297185888444,2.655
354,5,277,1121.5435352104435,10057.137324521529,9554.280458295423,9564.862662603986,0.9988936376107169,10.58220430856017,0.11738649918285293,0.19139416539189724,0.9486968689855847,0.20833333333333334,0.0,0.0,0.0,False,1313.1507504129263,3.5799373421490315,1440,2023-06-22,0.13616699179481262,2.715
355,5,182,317.04932028090553,6527.9538477702135,6201.556155381673,6208.270090226011,0.9989185498139155,6.713934844339363,0.051124155347004645,0.19156844970351605,0.9632704251522528,0.0,0.0,0.0,0.0,False,733.1264606379435,3.0105475714080674,1440,2023-08-06,0.1474088079166554,2.704
356,5,194,994.7193148313944,6979.0689485230305,6630.115501096896,6634.374884003514,0.9993579827819365,4.259382906619262,0.1500304654823625,0.19591538453988402,0.9937824093519325,0.0,0.0,0.0,0.0,False,676.0763306711128,1.5922933386189992,1440,2023-01-21,0.15644041284339238,2.669
357,5,167,625.1424529208629,6224.373936021816,5913.155239220706,5924.137688300334,0.9981461522912748,10.982449079627997,0.10572062251544243,0.20469971139778886,0.9701177193495096,0.0,0.0,0.0,0.0,False,636.5578162749788,2.6703067084126886,1440,2023-05-09,0.15430667091777828,2.766
358,5,208,713.7843962066386,7512.543355010854,7136.9161872603245,7156.955235164436,0.9972000596279192,20.03904790411194,0.10001299965954087,0.19566807237132317,0.9903554892522408,0.0,0.0,0.0,0.0,False,868.6418866173482,1.4170708264625989,1440,2023-11-11,0.13303917272000687,2.75
359,5,223,952.7680468124788,7826.821294192905,7435.480229483294,7441.099514421916,0.9992448313683038,5.619284938622337,0.1281380647122894,0.19860042940010056,0.9832441131690604,0.0,0.0,0.0,0.0,False,810.948502316865,2.1868945441926693,1440,2023-03-04,0.13611137640144813,2.668
360,5,203,533.9577566262592,7172.831506406572,6814.189931086263,6829.782004569077,0.9977170466828394,15.592073482815671,0.07835968207906116,0.1983424228985335,0.967041007382455,0.0,0.0,0.0,0.0,False,890.6067979383686,2.99400120197282,1440,2023-05-19,0.13218793241328586,2.614
361,5,177,733.085412498693,6621.207725611859,6290.147339331292,6296.931732420287,0.9989225874795394,6.784393088995515,0.11654503033892806,0.18841988998903397,0.9984607094577967,0.0,0.0,0.0,0.0,False,622.0631238758747,1.3735543588195218,1440,2023-11-17,0.12969967038127692,2.656
362,5,219,988.0221629677634,7839.222802916389,7447.2616627705465,7451.4761651778645,0.9994344070471549,4.214502407318272,0.13266918871764166,0.18979500791483683,0.9777630603374913,0.0,0.0,0.0,0.0,False,879.2736967388405,2.2697774800232353,1440,2023-04-13,0.15011763865711697,2.635
363,5,231,1136.4624101469471,8456.843483933306,8034.0013097365845,8036.265001281818,0.9997183154680848,2.2636915452337587,0.14145658761215824,0.1853450409951215,0.9431548017666523,5.763888888888889,0.0,0.0,0.0,False,900.1591232955493,3.9841901947450244,1440,2023-08-22,0.1639370034452809,2.637
364,5,150,563.2693607424123,5159.215890088483,4901.255095584067,4903.307255398199,0.9995814743585826,2.0521598141319553,0.1149234940352129,0.19194564784177884,0.9725210070333274,0.0,0.0,0.0,0.0,False,540.8336001745863,2.642968842818533,1440,2023-07-04,0.18551517044942972,2.608
365,5,225,850.0534890276301,8185.179453050874,7775.920480398284,7781.516659322546,0.9992808369924188,5.596178924261603,0.10931869624573247,0.19180864614217108,0.9613507614256109,0.0,0.0,0.0,0.0,False,842.9789921371212,3.1379570308423443,1440,2023-09-17,0.18865908659801367,2.665
366,5,247,502.1104663943251,8759.198729651924,8321.238793169308,8348.789798668635,0.9967000001001678,27.551005499324454,0.06034083132027105,0.20008005118738673,0.9897450128516153,0.0,0.0,0.0,0.0,False,1186.5413325542654,1.744310982278555,1440,2023-01-11,0.19188519094890935,2.567
367,5,138,438.2962205150988,4456.165259337928,4233.356996371007,4239.761537138984,0.9984894101444445,6.404540767977103,0.10353396155599985,0.19308735865253637,0.9957116916765374,0.0,0.0,0.0,0.0,False,560.4105873520166,1.4880262360864975,1440,2023-12-11,0.17626498077078215,2.574
368,5,232,704.8073697117698,8076.716732335811,7672.880895719016,7680.421990877874,0.9990181405178238,7.541095158858876,0.09185694125722815,0.1977183442786251,0.992960982355384,0.0,0.0,0.0,0.0,False,903.4208869922318,1.6613902432305587,1440,2023-02-19,0.17949836827232435,2.702
369,5,200,716.4931469179552,6564.972471897235,6236.723848302351,6246.748541496179,0.9983952142258912,10.024693193828798,0.1148829360326714,0.19092256097784532,0.9446721467523942,1.3194444444444444,0.0,0.0,0.0,False,671.0003720358434,3.788573737986834,1440,2023-08-30,0.1720109926822316,2.568
370,5,288,1287.757726146324,10264.232224562287,9751.020613334113,9765.156592995829,0.9985524062489837,14.135979661715407,0.1320638912797876,0.189640044598585,0.9781393951496586,0.0,0.0,0.0,0.0,False,1076.9813911210185,2.2232759966673434,1440,2023-06-19,0.1814256874229807,2.595
371,5,190,743.5527388348639,6938.64478437613,6591.712545157328,6600.954589629552,0.9985998927357047,9.242044472223363,0.112801147462221,0.1841645496952064,0.969886082364907,0.0,0.0,0.0,0.0,False,716.8465852710531,2.747120666391502,1440,2023-09-03,0.19229697702002344,2.586
372,5,177,497.59061990237353,6131.056069088201,5824.503265633777,5831.378797475059,0.9988209423396985,6.8755318412817825,0.08543056758819237,0.18933122913119518,0.9817154561880769,0.0,0.0,0.0,0.0,False,649.2172622127921,2.251018918570078,1440,2023-08-12,0.21383187000033022,2.623
373,5,247,1011.7619351354331,9292.817333418821,8828.176466747815,8838.576151829106,0.9988233755185626,10.399685081289178,0.11460599354196564,0.1904792914971284,0.9827093389603929,0.0,0.0,0.0,0.0,False,1359.636441491439,1.8261529199574014,1440,2023-01-06,0.22022652816884056,2.693
374,5,277,993.6148194407198,10315.617124237757,9799.836268025885,9819.829228574781,0.9979640215645789,19.99296054889606,0.10139096126356784,0.19217290719899036,0.9492112137414969,0.06944444444444445,0.0,0.0,0.0,False,1174.9616031380833,3.6439090758580623,1440,2023-08-09,0.22329255292373934,2.62
375,5,135,425.0926560003255,4918.574444414965,4672.645722194213,4693.435593975399,0.9955704363328491,20.78987178118666,0.0909747242298326,0.20862824302226904,1.0022456606051107,0.0,0.0,0.0,0.0,False,515.2937480535677,1.2676357213010727,1440,2023-01-08,0.22241077282361255,2.576
376,5,139,536.4098047755798,4810.5585251826815,4570.030598923597,4575.062364422096,0.9989001755391077,5.031765498499296,0.11737553899571772,0.1856847115815475,0.9974808625767331,0.0,0.0,0.0,0.0,False,503.84800903127757,1.462272537942334,1440,2023-04-15,0.18507219778118456,2.619
377,5,150,633.6711709692772,5356.888419114106,5089.043998158388,5092.040060296543,0.9994116185060059,2.9960621381552968,0.12451674051130011,0.19056162337932853,0.9647748006533647,0.0,0.0,0.0,0.0,False,540.2164417289529,2.9800497970778754,1440,2023-06-17,0.20639287133775217,2.592
378,5,181,738.1320166509524,6408.482863902483,6088.0587207073495,6095.966579162601,0.998702772012845,7.907858455250268,0.1212425915243458,0.19457321533453267,0.9947887639307593,0.0,0.0,0.0,0.0,False,752.4813762151057,1.4301242536592018,1440,2023-03-06,0.21319212305892157,2.687
379,5,212,802.8853258227974,7445.344581703804,7073.077352618626,7077.816277760821,0.999330453778931,4.738925142195913,0.1135128722331235,0.18443544367853676,0.9649240937010527,0.0,0.0,0.0,0.0,False,694.0588090265474,2.865544348512823,1440,2023-09-16,0.21007736136768138,2.762
380,5,222,955.4005637153992,8150.45712803175,7742.934271630111,7751.104856330604,0.9989458812837734,8.170584700493679,0.12338998759371618,0.1998172591239412,0.9850590218158118,0.0,0.0,0.0,0.0,False,795.6386795973351,1.958889643839249,1440,2023-03-17,0.23066687747395337,2.634
381,5,193,851.7398377737182,6492.731139237938,6168.094582276035,6177.935227033446,0.998407130473892,9.84064475741144,0.13808799888075404,0.201453334191403,0.9925455277514917,0.0,0.0,0.0,0.0,False,669.1013592308188,1.4291975520738864,1440,2023-01-05,0.21330763342288417,2.653
382,5,279,1143.2353789925542,10542.3599275957,10015.241931215893,10026.862340133765,0.9988410722593288,11.62040891787241,0.11414955193736,0.1968251692904703,0.9610711634594574,0.0,0.0,0.0,0.0,False,1180.8935259812943,2.141342016636794,1440,2023-07-09,0.19574820632404272,2.676
383,5,240,862.4097945740846,8330.501948590061,7913.976851160565,7927.861208433376,0.9982486629233568,13.884357272811643,0.1089729993900114,0.19851545265032303,0.9821933142672599,0.0,0.0,0.0,0.0,False,841.8248866015356,2.283996713391818,1440,2023-05-05,0.19204136896249788,2.652
384,5,150,621.0818708499221,5537.777694088751,5260.888809384329,5265.771144641307,0.9990728166639095,4.882335256978833,0.11805645269332465,0.19475117402025025,0.9960930399062774,0.0,0.0,0.0,0.0,False,581.612276537566,1.3750847177985484,1440,2023-11-17,0.1854315030490699,2.616
385,5,180,654.7719297677139,6374.368470060993,6055.650046557954,6069.004843898907,0.9977995078790589,13.354797340954075,0.10812578744372586,0.19780667548287084,0.9869134835884399,0.0,0.0,0.0,0.0,False,676.7595772717049,1.9353762125475102,1440,2023-04-27,0.18868746460347516,2.67
386,5,156,497.2527511864486,5904.817182600765,5609.576323470695,5616.5626539141285,0.9987561199128501,6.9863304434335,0.08864354855212914,0.19571003132568895,0.9831860468314714,0.0,0.0,0.0,0.0,False,633.5616142029126,1.9525313571752225,1440,2023-10-27,0.18467979685509048,2.64
387,5,155,720.707954179361,5369.598329915779,5101.118413419973,5106.199725926783,0.9990048739219876,5.081312506809708,0.14128430194510472,0.20677570721374272,0.9670563431075411,0.0,0.0,0.0,0.0,False,626.1134817860742,3.009865852590923,1440,2023-06-15,0.18630077823589847,2.522
388,5,273,440.1955745626462,10005.732670998083,9505.44603744819,9523.63072623276,0.9980905718305015,18.184688784568618,0.046309828368750604,0.202758993766126,0.9776266800322535,0.0,0.0,0.0,0.0,False,996.605329318177,2.0833305472202994,1440,2023-12-09,0.1629142910261394,2.708
389,5,288,1103.8034214986365,10346.67093591409,9829.337389118351,9861.810450198045,0.9967071907086754,32.47306107969363,0.11229682915560626,0.20190138015659168,0.9796302924175414,0.0,0.0,0.0,0.0,False,1096.2929841468563,1.5108160228766474,1440,2023-10-23,0.15290392115478268,2.737
390,5,198,772.4015040343514,7400.490274305779,7030.46576059049,7040.0875657188235,0.9986332833166471,9.621805128332733,0.10986491227424415,0.19210265982763752,0.9521605957812812,0.0,0.0,0.0,0.0,False,684.2485320978528,3.5856039421114265,1440,2023-07-11,0.1466873061908432,2.618
391,5,164,571.7094882254066,6093.684680939501,5789.000446892514,5820.912024977138,0.9945177700766319,31.91157808462321,0.09875789326157253,0.20602123700575276,0.9929597601516026,0.0,0.0,0.0,0.0,False,661.9405579713675,1.418215190272226,1440,2023-11-27,0.16366606595200886,2.873
392,5,271,1126.440664905811,9691.488722430593,9206.914286309135,9240.296373321084,0.9963873358966785,33.38208701194917,0.12234725227982743,0.2042187356311128,0.9876041363358092,0.0,0.0,0.0,0.0,False,921.9672197828013,1.6337882546483251,1440,2023-11-16,0.14632714211880027,2.7
393,5,146,604.1462153958594,5301.871357376875,5036.777789508051,5056.3422283449845,0.9961307130820262,19.56443883693401,0.11994696622398884,0.203872314145392,0.9982385417730489,0.0,0.0,0.0,0.0,False,482.370760553422,1.4801253832296348,1440,2023-02-18,0.1362105692948856,2.675
394,5,145,533.9529694903259,5170.614101626962,4912.0833965456295,4922.2377640674595,0.9979370424574048,10.154367521829766,0.10870193487875689,0.19711636187220255,0.9828340571965887,0.0,0.0,0.0,0.0,False,556.2621353554189,2.0499983019913075,1440,2023-04-23,0.12868582259707007,2.626
395,5,170,669.5821427795678,6234.796588434339,5923.056759012596,5939.015035826957,0.9973129758523773,15.958276814360918,0.11304672064145314,0.19573575996279666,0.9655476564264683,0.0,0.0,0.0,0.0,False,652.21532375334,2.899606668364743,1440,2023-09-04,0.1376733021462243,2.755
396,5,186,646.555867464214,6193.163052346524,5883.504899729189,5890.826058317225,0.9987571932161026,7.321158588035656,0.10989297680264942,0.19951579052126284,0.9523670018113759,0.0,0.0,0.0,0.0,False,616.4541061804065,3.5886658160413045,1440,2023-09-02,0.14811382198810083,2.675
397,5,181,265.4821224954205,6146.437932454148,5839.11603583141,5844.305407698645,0.9991120635378845,5.189371867234266,0.04546614947644546,0.19405522295570876,0.9855068539160886,0.0,0.0,0.0,0.0,False,579.1096081653699,1.8126065966015503,1440,2023-12-09,0.1481743811069133,2.695
398,5,170,514.035189977904,6016.07281107682,5715.269170523011,5728.021564797027,0.9977736825656542,12.752394274017174,0.08994067901982367,0.20378634855931213,0.993376803328373,0.0,0.0,0.0,0.0,False,556.6973742162132,1.504788508116715,1440,2023-03-30,0.1605333158983968,2.807
399,5,160,668.2936811987391,5762.538374676931,5474.411455943113,5489.72981185191,0.9972096339102653,15.318355908796805,0.12207589556923573,0.19736438603953385,0.9971292924228458,0.0,0.0,0.0,0.0,False,492.9767205557926,1.3955467351511606,1440,2023-03-28,0.14882266997569063,2.707
400,5,233,975.2010244155883,8716.905338658034,8281.06007172517,8300.264950642673,0.9976862330260895,19.20487891750531,0.11776282456219733,0.18551728059075642,0.951271499224607,0.0,0.0,0.0,0.0,False,881.0065059641099,3.694884420834283,1440,2023-08-20,0.15371425147906118,2.751
401,5,217,456.78620294625495,7635.424878392118,7253.6536344725255,7257.842796991379,0.9994228088653849,4.189162518853086,0.06297325816267373,0.1743786938319409,0.943189713585361,1.1111111111111112,0.0,0.0,0.0,False,756.1379496576842,3.7832944463919294,1440,2023-07-14,0.18441528463953014,2.836
402,5,239,1000.5116855891181,8674.201927906624,8240.491831511268,8249.893442588509,0.998860396059335,9.401611077238703,0.1214140740681529,0.19336032844364764,0.9435649647805041,1.3194444444444444,0.0,0.0,0.0,False,914.7041172687245,3.83430377650103,1440,2023-06-22,0.2347620673457024,2.754
403,5,289,1456.8526341323734,10385.826654493396,9866.53532176867,9897.798936831025,0.9968413568246958,31.263615062354788,0.14765594878255792,0.20191738601035744,0.9917283223518846,0.0,0.0,0.0,0.0,False,1025.8028322382934,1.512041884068564,1440,2023-11-30,0.23361188094270302,2.748
404,5,289,1086.7525773361103,10290.611921198013,9776.081325138031,9787.215916891972,0.9988623330834336,11.134591753937958,0.1111644370778356,0.1919422491241426,0.9632485710143167,0.0,0.0,0.0,0.0,False,1168.8267698984178,2.8952466303461644,1440,2023-09-03,0.21377033587302408,2.788
405,5,142,649.1069786570541,5471.828900860673,5198.237455817583,5209.43050664385,0.9978513868623468,11.193050826267244,0.12487059011331024,0.1987979770995442,0.9996388825674769,0.0,0.0,0.0,0.0,False,462.80735942320473,1.1451450999403137,1440,2023-11-28,0.22024528851074646,2.715
406,5,263,1246.7401364799305,9283.642107820382,8819.460002429343,8832.822355606058,0.9984871932618191,13.362353176714882,0.14136241177311454,0.19036630076603214,0.9610353409741947,0.0,0.0,0.0,0.0,False,983.5879884820682,3.1999144329050635,1440,2023-06-21,0.21040275022006363,2.763
407,5,195,131.83544962905978,6776.347940381691,6437.530543362598,6477.927356792581,0.9937639292315275,40.39681342998283,0.020479195980668153,0.2230228540551244,0.9539025344018925,0.0,0.0,0.0,0.0,False,859.4662291497652,3.396290189216726,1440,2023-07-01,0.22156009248294228,2.703
408,5,268,1280.9400013200222,9969.675182532528,9471.191423405895,9493.747081454965,0.9976241564204791,22.55565804907147,0.13524592039756164,0.20772660282918487,0.9831691968391095,0.0,0.0,0.0,0.0,False,969.2201945781862,1.611807724365293,1440,2023-01-05,0.15749040635448602,2.695
409,5,240,909.0088325597487,8511.220585003211,8085.659555753062,8101.14473560007,0.9980885195423111,15.48517984700928,0.11242234802143951,0.18266030993200366,0.9740504735098756,0.0,0.0,0.0,0.0,False,823.1562722652059,2.6239495145598997,1440,2023-07-04,0.13950008000732875,2.772
410,5,130,485.22655138156216,4328.343331236488,4111.9261646747,4127.443345673907,0.9962404860104328,15.517180999207975,0.11800468489685273,0.21425203609843746,0.9613849546153989,0.0,0.0,0.0,0.0,False,373.0004515892378,3.1987034577151863,1440,2023-06-18,0.18112064780680137,2.724
411,5,280,1430.417485756031,10033.202736400779,9531.542599580745,9579.324374966709,0.9950119889967575,47.78177538596336,0.15007198161386273,0.21653901928194297,0.9826294917922838,0.0,0.0,0.0,0.0,False,1005.8224965111408,1.6922664241080598,1440,2023-01-30,0.14420270267530327,2.797
412,5,287,1131.444484601668,10310.546363403142,9795.019045232972,9830.175056979453,0.9964236637147657,35.156011746480765,0.1155122291622616,0.21411424613123947,0.9819038591954806,0.0,0.0,0.0,0.0,False,1067.6943988616683,1.7190627360899784,1440,2023-04-15,0.10881003260229552,2.859
413,5,300,1921.101434911556,10762.882210321952,10224.738099805842,10261.597904039067,0.9964079859123386,36.85980423322605,0.1878875934189489,0.2001462464349196,0.9713025586224906,0.0,0.0,0.0,0.0,False,1021.8769581261063,2.217013539535724,1440,2023-02-07,0.08512468516887503,2.874
414,5,130,200.99792068809217,4475.592133597931,4251.812526918031,4259.951225726188,0.9980894854478599,8.138698808156361,0.047273467354353824,0.19049771458165302,1.000664998977802,0.0,0.0,0.0,0.0,False,431.90232149927505,1.2445557364196722,1440,2023-10-21,0.09689869423229638,2.632
415,5,145,426.5988048172722,5438.426628543592,5166.505297116379,5188.659310956758,0.9957303009288743,22.154013840379616,0.08257008950622252,0.20511625931707017,0.9576469014363198,0.0,0.0,0.0,0.0,False,468.24665341697323,3.330070139528722,1440,2023-08-08,0.1280197858311373,2.646
416,5,234,476.38416450021106,8240.209940410607,7828.199443390065,7838.4530033998835,0.9986918898403332,10.253560009817758,0.06085488341798162,0.1890225206069595,0.9824588328618544,0.0,0.0,0.0,0.0,False,878.4999061933238,2.0392800217714986,1440,2023-10-10,0.12050004772643877,2.685
417,5,217,679.9566887170898,7714.659721740552,7328.9267356535665,7345.527536701922,0.9977400124136204,16.60080104835513,0.09277711638311989,0.19311967876828492,0.9609479298150583,0.0,0.0,0.0,0.0,False,785.297042307597,3.199247105418354,1440,2023-05-30,0.15043935637457542,2.645
418,5,136,585.7651482432035,4791.940567522271,4552.343539146156,4565.642396474636,0.9970871881383551,13.298857328480468,0.12867331808466073,0.21310215500702956,0.9833493481802155,0.0,0.0,0.0,0.0,False,523.3390917778015,2.097875475384562,1440,2023-03-18,0.1657210713997546,2.602
419,5,279,1028.0836243744363,9981.390986717417,9482.321437381594,9505.159100546745,0.997597340252428,22.837663165149525,0.1084210898315979,0.1941876245572162,0.9734497880571413,0.0,0.0,0.0,0.0,False,921.9250935923955,2.649366526633558,1440,2023-05-08,0.13332988794430822,2.663
420,5,162,497.46063772767906,5574.756007892126,5296.01820749752,5312.963297745511,0.9968106140964343,16.9450902479916,0.09393106636669583,0.2049137189197602,1.0013368802776692,0.0,0.0,0.0,0.0,False,429.9450734703769,1.1610727458953154,1440,2023-10-19,0.1493195269416798,2.725
421,5,129,543.6498001559949,4301.936732125112,4086.839895518845,4095.9389704340892,0.9977785130635675,9.099074915244021,0.13302449179672984,0.21084700271398307,0.999141579724034,0.0,0.0,0.0,0.0,False,350.6658982038498,1.3536526613891298,1440,2023-03-03,0.13826814459599218,2.592
422,5,275,1651.3259943251865,9484.198641783147,9009.98870969402,9038.699316658778,0.9968235908775234,28.710606964759304,0.18327725455954158,0.20507211946604456,0.9840791453890887,0.0,0.0,0.0,0.0,False,821.7952221335281,1.6573362839857555,1440,2023-01-24,0.11583146423645263,2.69
423,5,226,783.0642762083845,8140.208778228189,7733.198339316803,7757.583885184978,0.9968565540213178,24.385545868174095,0.1012600791870502,0.2072730953442264,0.9851430146848593,0.0,0.0,0.0,0.0,False,773.7136368166501,1.7748687383443482,1440,2023-02-19,0.11033325712098348,2.707
424,5,124,572.8081559035344,4546.102125652747,4318.797019370085,4331.748876572528,0.9970100166072666,12.951857202443572,0.1326314141031525,0.2013286837101638,0.9539673369853029,0.0,0.0,0.0,0.0,False,409.5594622023312,3.5104185008074325,1440,2023-08-21,0.10072888972939682,2.705
425,5,151,913.5580248708894,5461.659240957202,5188.57627890929,5203.770640680823,0.9970801246210296,15.194361771533892,0.1760710406406383,0.19889456471969416,0.9935804791396942,0.0,0.0,0.0,0.0,False,472.64157385339024,1.4788005342550745,1440,2023-01-19,0.10605666722555704,2.635
426,5,279,1043.7162115936353,9462.777232099435,8989.638370494482,9010.742344001923,0.9976579095593063,21.103973507442205,0.11610213543397796,0.20434005232425367,0.9927190380085269,0.0,0.0,0.0,0.0,False,860.5177824250275,1.6182272191863902,1440,2023-01-06,0.11572922276553367,2.699
427,5,258,1069.6920253206183,9299.840506631486,8834.848481299814,8847.433564492705,0.998577544199552,12.58508319288992,0.1210764426333706,0.1945914156502221,0.9927829001258449,0.0,0.0,0.0,0.0,False,822.0291004951227,1.5743131402431143,1440,2023-12-06,0.11127019185127138,2.612
428,5,276,753.2819743445049,9361.588630837356,8893.509199295504,8918.043356089132,0.9972489305317318,24.534156793629442,0.0847001962289729,0.1941589999893104,0.9865515804758896,0.0,0.0,0.0,0.0,False,946.7523004792464,1.8555912552201084,1440,2023-03-31,0.1294203970202199,2.657
429,5,289,1165.3535239202374,10712.004539341257,10176.404312374143,10206.994176989674,0.9970030486855286,30.5898646155315,0.11451525392944631,0.19508703569150215,0.9493756909747939,0.06944444444444445,0.0,0.0,0.0,False,977.8673417273941,3.5692782266639327,1440,2023-07-06,0.1451839256099189,2.614
430,5,174,634.4199199602687,6055.931749665814,5753.13516218255,5759.410582424329,0.9989104058215732,6.275420241778878,0.11027377283442627,0.1880892141523806,0.9864959060902248,0.0,0.0,0.0,0.0,False,528.9073191607954,1.8946991743249861,1440,2023-09-29,0.1559987181522812,2.609
431,5,217,634.6897921138469,7694.617929335641,7309.8870328688845,7324.861325334912,0.9979556892887194,14.9742924660276,0.08682621075537368,0.19608948031314102,0.9923287100452195,0.0,0.0,0.0,0.0,False,676.982311863071,1.6037313547447694,1440,2023-12-26,0.18064129886461935,2.709
432,5,187,713.9024443332178,6489.323388368138,6164.857218949751,6187.5155827042545,0.9963380514438073,22.65836375450315,0.115801943009937,0.19958224460813492,0.9553179300280419,0.0,0.0,0.0,0.0,False,675.1402091436047,3.347189961186676,1440,2023-06-18,0.18295030386515995,2.722
433,5,121,388.6431245168412,4444.085483933894,4221.881209737186,4224.690748807115,0.9993349716613642,2.809539069929782,0.09205449069019032,0.1912071522266948,0.9688866708270214,0.0,0.0,0.0,0.0,False,395.43290749623577,2.843470784407795,1440,2023-05-23,0.1771343141861991,2.63
434,5,162,707.279182644681,6088.929449993766,5784.482977494075,5801.150746121242,0.9971268168408981,16.66776862716619,0.12227180638209517,0.19910138690612258,0.9993742901872382,0.0,0.0,0.0,0.0,False,449.6692961156368,1.39401883073135,1440,2023-02-01,0.19134636807086397,2.609
435,5,131,278.25694793283634,4450.737037717885,4228.200185831987,4242.933664056671,0.9965275256718021,14.733478224684113,0.06580978565424367,0.20256826335765854,1.0035662346718248,0.0,0.0,0.0,0.0,False,424.53949275539367,1.0729321397994032,1440,2023-03-12,0.18539362553854857,2.705
436,5,141,625.1620673364931,5318.365691752581,5052.447407164957,5064.75647910883,0.9975696616422438,12.30907194387214,0.123734502698621,0.1989868534164534,0.9683541908128581,0.0,0.0,0.0,0.0,False,482.9729325383629,2.7996009146604135,1440,2023-09-08,0.17287589015143426,2.558
437,5,195,1018.7734104029295,7296.896664216119,6932.0518310053285,6946.709769229926,0.9978899452098138,14.657938224598723,0.14696563661659476,0.19603778333618416,0.9931243047612046,0.0,0.0,0.0,0.0,False,619.0424982039435,1.512395773403652,1440,2023-02-04,0.17079146104157145,2.755
438,5,285,1285.224770883082,10160.08433070677,9652.080114171411,9663.110587863517,0.9988584965894978,11.030473692105948,0.13315521169328928,0.19184086421940866,0.9838321202178724,0.0,0.0,0.0,0.0,False,1006.007544314873,1.711558279124949,1440,2023-02-25,0.17580998276346432,2.683
439,5,273,444.05439774811737,9779.58107904101,9290.602025088963,9303.731012490349,0.9985888470567603,13.128987401385249,0.047796084317137166,0.1939600713387759,0.9752534016702501,0.0,0.0,0.0,0.0,False,932.8667249059567,2.3036575021546675,1440,2023-11-05,0.18946597898691425,2.67
440,5,236,312.1491109754685,8254.418227650074,7841.6973162675995,7852.712170603358,0.9985973184682622,11.014854335756551,0.03980631977823414,0.2004512312539025,0.9946356658438256,0.0,0.0,0.0,0.0,False,820.5392950985756,1.4034490786119243,1440,2023-11-01,0.19603051673612748,2.689
441,5,162,591.1134600685011,5901.039200280436,5605.987240266394,5611.566502775406,0.9990057566801975,5.579262509011562,0.10544324036677823,0.18810314929771066,0.9851708750756117,0.0,0.0,0.0,0.0,False,595.5580448221438,2.113420020815525,1440,2023-03-26,0.18697903355952444,2.63
442,5,143,426.3297431054022,5380.539298441873,5111.512333519793,5123.78359338905,0.9976050393921613,12.271259869257424,0.08340579368451431,0.1968562969097634,0.9673870626210411,0.0,0.0,0.0,0.0,False,419.06624373485135,2.861455792038772,1440,2023-07-31,0.20749846985697853,2.697
443,5,241,975.8255342202286,8815.280701073136,8374.516666019512,8411.56372360955,0.9955956991104931,37.047057590038605,0.11652320642930285,0.21049692593150027,0.9530220671419142,0.0,0.0,0.0,0.0,False,813.3614120110597,3.6696732914370997,1440,2023-08-29,0.2048142793029376,2.652
444,5,252,829.8984965250253,9033.150905371382,8581.493360102832,8610.493459808196,0.9966320049088092,29.000099705364715,0.09670793435364036,0.20102488581811218,0.9566759520605266,0.0,0.0,0.0,0.0,False,722.7711816386749,3.3085429315096313,1440,2023-06-08,0.17213269671530873,2.694
445,5,193,299.77558269953266,6926.5663857579975,6580.238066470092,6599.154311059831,0.9971335350412951,18.91624458974017,0.045556950929640835,0.20635335825645326,0.9867190922368858,0.0,0.0,0.0,0.0,False,672.8276882119567,1.87813850655064,1440,2023-11-13,0.1667746746037538,2.653
446,5,144,457.3852166666342,5041.594916056335,4789.515170253526,4803.604299221056,0.9970669672000637,14.089128967530012,0.09549718508197631,0.20497486963533376,0.9996855020627553,0.0,0.0,0.0,0.0,False,468.6842667060895,1.4233172527181228,1440,2023-12-08,0.15044794963733685,2.713
447,5,167,779.714903336332,6077.776548621642,5773.887721190566,5808.270063210167,0.9940804505221993,34.38234201960148,0.135041577007936,0.22606354276607288,0.9980567709074898,0.0,0.0,0.0,0.0,False,517.2253287466392,1.4347352165893774,1440,2023-01-15,0.14017050114889948,2.611
448,5,298,1539.7869205030918,10816.81742119629,10275.976550136551,10324.756184932823,0.9952754685996889,48.779634796272376,0.1498433665151397,0.20650281215079638,0.9899497083607757,0.0,0.0,0.0,0.0,False,1011.6882277114073,1.6990322116263177,1440,2023-02-09,0.08425028433221986,2.722
449,5,247,1007.4057601071323,8824.906336322907,8383.661019506773,8407.35281820325,0.9971820144570144,23.691798696476422,0.12016298819371873,0.19611765839716236,0.992147492428936,0.0,0.0,0.0,0.0,False,879.3106529922393,1.5003294018084086,1440,2023-03-28,0.08222257762494464,2.665
450,5,222,643.6544353470113,8023.063213998837,7621.9100532989,7637.1510527073115,0.9980043606178237,15.24099940841216,0.08444791802133982,0.20289186692544145,0.9916322644688487,0.0,0.0,0.0,0.0,False,854.0039318241957,1.6188885662581929,1440,2023-12-26,0.10364186759726124,2.66
451,5,175,764.1409323043332,6531.283281217663,6204.719117156786,6215.154167570352,0.9983210311229261,10.435050413566724,0.12315479844871506,0.18795063776756962,0.994346423604784,0.0,0.0,0.0,0.0,False,584.9608052181553,1.6335054835483784,1440,2023-04-02,0.10572944746662842,2.602
452,5,275,927.8213550791182,9500.787198323796,9025.747838407671,9065.165272433424,0.9956517688490889,39.41743402575251,0.10279717223329886,0.21162257732620557,0.9721363822750773,0.0,0.0,0.0,0.0,False,825.1713924064499,2.836192605908118,1440,2023-05-12,0.1408726836210617,2.742
453,5,187,718.8127884954654,6553.315127993411,6225.6493715937195,6244.892582449582,0.9969185681576105,19.243210855863328,0.11545988949767255,0.209133693287691,0.9863033231001223,0.0,0.0,0.0,0.0,False,573.3392258228223,1.983558090130837,1440,2023-10-30,0.11632787664929897,2.768
454,5,201,674.5940719560331,7189.3125166522605,6829.846890819577,6839.661627249998,0.998565026025364,9.81473643041944,0.09877147800528252,0.20742900501658262,0.992323683282165,0.0,0.0,0.0,0.0,False,687.7550510106037,1.4461411019013566,1440,2023-11-27,0.10171089129223632,2.679
455,5,258,1027.0376547163385,9198.558708528963,8738.630773102546,8757.620977783867,0.9978315795203407,18.990204681320556,0.11752844139811403,0.18888874645342268,0.9610114081862798,0.0,0.0,0.0,0.0,False,818.8175795904792,3.19951044260237,1440,2023-05-14,0.09339616695219546,2.753
456,5,195,692.0572984123007,6749.511103613977,6412.035548433276,6426.9001632934005,0.9976871252886388,14.8646148601256,0.10793098278773561,0.19816677672771058,0.9788101985677372,0.0,0.0,0.0,0.0,False,626.5389280318252,2.4799135505908785,1440,2023-07-20,0.12808851899644352,2.714
457,5,209,687.7687408534277,7626.420578634462,7245.099549702721,7259.992062321098,0.9979486874791959,14.892512618377362,0.09492881859458344,0.20985941644350997,0.9925400018084892,0.0,0.0,0.0,0.0,False,723.2461520783878,1.5185915966222951,1440,2023-12-08,0.13552239519202308,2.769
458,5,125,552.2800764635017,4616.207809413489,4385.397418942811,4396.374392759165,0.9975031758363362,10.976973816354603,0.12593615212110926,0.18488839157538897,0.9667686875888617,0.0,0.0,0.0,0.0,False,435.7649907094203,3.0299608202296673,1440,2023-07-10,0.11525271795155254,2.592
459,5,261,965.6208721805381,9552.35437719878,9074.736658338867,9118.04707994336,0.9952500331238954,43.310421604491154,0.10640759159586403,0.21886371893802578,0.9594600830803375,0.0,0.0,0.0,0.0,False,821.4574409638892,3.2224994771407003,1440,2023-07-08,0.15472881129027286,2.664
460,5,171,550.0658300847814,6330.615018779412,6014.084267840437,6039.375367448364,0.9958122987777438,25.291099607926316,0.09146294025612338,0.20688593551796117,0.968938976378969,0.0,0.0,0.0,0.0,False,531.6442301259383,2.839805097610268,1440,2023-10-07,0.11062077981654686,2.661
461,5,213,280.262823566672,7826.467621291702,7435.144240227122,7466.317335078484,0.9958248366025239,31.17309485136122,0.03769433578037899,0.20137174581523032,0.9954283051546836,0.0,0.0,0.0,0.0,False,785.2248579018642,1.442067074321918,1440,2023-11-01,0.10134118138581014,2.657
462,5,219,445.23289241874664,7647.574789539219,7265.1960500622545,7282.154311286089,0.997671257639027,16.958261223834356,0.06128298387968918,0.20137164350121292,0.9941806135851221,0.0,0.0,0.0,0.0,False,809.1452818054433,1.3399217214442634,1440,2023-11-23,0.10598013269646711,2.596
463,5,148,482.7473372700713,5486.726374151863,5212.390055444264,5230.059887784315,0.9966214856580665,17.669832340050654,0.09261535152493985,0.2019364931980274,0.962583599592395,0.0,0.0,0.0,0.0,False,520.2119679858023,3.0809773803544878,1440,2023-05-30,0.10962293666077033,2.602
464,5,163,657.8213549069159,6125.100466029408,5818.845442727936,5828.478229556789,0.998347289558361,9.632786828854094,0.11305015082141834,0.18290094029785908,0.9785987817080833,0.0,0.0,0.0,0.0,False,646.3111862042122,2.4162953530013893,1440,2023-05-03,0.11119768583931969,2.531
465,5,200,1000.4640948489906,7019.528018295225,6668.551617380454,6676.159653096361,0.9988604173490103,7.608035715905828,0.1500271951470616,0.1771088770404309,0.996726541798282,0.0,0.0,0.0,0.0,False,714.7130307673087,1.5520451654053797,1440,2023-02-27,0.1551906545476365,2.581
466,5,138,547.5405135740388,5044.968851526873,4792.720408950526,4818.9381100841,0.9945594443143582,26.217701133574742,0.11424420096600943,0.19607470777326852,0.9916785857612376,0.0,0.0,0.0,0.0,False,470.80512887984514,1.6626194301361412,1440,2023-04-18,0.2042721248286104,2.592
467,5,277,975.1215415049256,9668.664921527195,9185.23167545085,9221.823758598242,0.9960320123106587,36.59208314739388,0.10616188855759727,0.2022413693283774,0.9889396456245092,0.0,0.0,0.0,0.0,False,891.9352180670868,1.4535135595979531,1440,2023-12-03,0.20200873805248337,2.612
468,5,182,1152.9505955657398,6672.36949245745,6338.751017834591,6349.254676808038,0.9983456863036516,10.503658973445862,0.18188923848275781,0.19617871859772174,0.9844833623035365,0.0,0.0,0.0,0.0,False,762.5083118282655,1.4644207664808637,1440,2023-01-23,0.18651930474392328,2.747
469,5,222,367.6066446963729,7599.669105125611,7219.685649869347,7239.681368217465,0.9972380388954822,19.995718348117755,0.05091726461844296,0.2021520886440062,0.993824039117778,0.0,0.0,0.0,0.0,False,807.3752630802261,1.2757804971433928,1440,2023-11-02,0.18765665377463164,2.546
470,5,146,584.8129209364479,5165.659743112631,4907.376755956959,4923.217875004263,0.9967823648171795,15.841119047303701,0.11917016973000007,0.19531982364386766,0.9881182176776165,0.0,0.0,0.0,0.0,False,584.1368337236466,1.875006081583879,1440,2023-04-17,0.17531751446517221,2.583
471,5,294,890.5551285234098,10497.617318952225,9972.736453004627,9996.32421362203,0.9976403565837471,23.5877606174033,0.08929897352848422,0.19755634488536927,0.9650127946778738,0.0,0.0,0.0,0.0,False,1030.5555281906757,2.6546435558223913,1440,2023-05-21,0.18071119483571607,2.59
472,5,205,1003.2841989261243,7113.061056114591,6757.408003308926,6770.817530299701,0.9980195113912365,13.409526990775374,0.1484717510671018,0.1802937157858058,0.9936187127350442,0.0,0.0,0.0,0.0,False,726.818763572042,1.516330295790621,1440,2023-02-27,0.18022797515657915,2.57
473,5,120,502.6893113099169,4792.0526404946295,4552.4500084699,4569.78020015429,0.9962076531199894,17.3301916843886,0.11042170927185493,0.2027428176847234,0.9907215606916309,0.0,0.0,0.0,0.0,False,477.7145860270185,1.6890476024016565,1440,2023-09-22,0.21880449764301893,2.549
474,5,182,402.7356241465782,6375.845194804287,6057.052935064061,6080.5837445429115,0.9961301726170668,23.53080947885172,0.06649035900200842,0.21611272473376128,0.9962933878747671,0.0,0.0,0.0,0.0,False,591.6310230397332,1.522916867636014,1440,2023-12-19,0.20014055057031585,2.538
475,5,181,666.8177809894879,6260.928952216994,5947.882504606152,5971.815014014834,0.9959924228475738,23.932509408680588,0.1121101132164416,0.1977800657852247,0.9544968947708541,0.0,0.0,0.0,0.0,False,676.8611574799195,3.287014544524341,1440,2023-07-06,0.15498996116758199,2.54
476,5,162,995.6384804560508,5730.606729910207,5444.076393414695,5450.887682413708,0.9987504257295582,6.81128899901231,0.182884737190757,0.17988559106856078,0.9877404760430314,0.0,0.0,0.0,0.0,False,716.7164224307022,1.7578645109545317,1440,2023-02-07,0.15931233604291417,2.576
477,5,259,859.0393690215806,9094.034533686447,8639.33280700214,8679.66074611888,0.9953537424680138,40.32793911673878,0.09943353129368197,0.22317123601692102,0.9804787938648212,0.0,0.0,0.0,0.0,False,816.9602667656459,1.5910115899920005,1440,2023-01-13,0.20314380076641253,2.686
478,5,297,1353.3689435076574,10693.815953303774,10159.125155638569,10174.328682583739,0.9985056972878029,15.203526945169864,0.13321707556250587,0.19504625936946873,0.9746517185770599,0.0,0.0,0.0,0.0,False,1168.1594196696374,1.965014002978693,1440,2023-04-03,0.1418219918579726,2.682
479,5,244,770.2504658926896,8541.525411859178,8114.449141266243,8149.815535186292,0.9956604669434103,35.36639392004915,0.0949233216553864,0.2055185239510871,0.9541041385412308,0.0,0.0,0.0,0.0,False,844.1059241753533,3.3731344417230504,1440,2023-07-26,0.15488718038714225,2.844
480,5,153,603.0535398814683,5431.928087642956,5160.331683260819,5169.178023640701,0.9982886369284586,8.846340379881587,0.11686332912236334,0.2023288048395643,0.9936407388389262,0.0,0.0,0.0,0.0,False,523.1190455018666,1.615607115281924,1440,2023-04-25,0.1420244229333632,2.828
481,5,221,340.5185861405806,7475.121051803875,7101.364999213668,7119.966053761957,0.9973874798829329,18.601054548289074,0.04795114547390342,0.20099624129827656,0.9470315245510734,1.1111111111111112,0.0,0.0,0.0,False,711.2505834213309,3.5982230304026768,1440,2023-07-02,0.1386351587737119,2.947
482,5,203,880.8068411510465,7167.941780149739,6809.544691142244,6836.167996146267,0.9961055221259877,26.623305004023518,0.12934885974047386,0.20922523374699525,0.9791856566406332,0.0,0.0,0.0,0.0,False,655.3351598711265,2.3053107476727908,1440,2023-06-20,0.13880557517191008,2.713
483,5,240,1090.7336038524274,8507.875215716287,8082.481454930444,8096.38901190595,0.9982822518835182,13.90755697550599,0.13495033795432496,0.19958121759316266,0.985320587457414,0.0,0.0,0.0,0.0,False,795.943572553819,1.734495555895467,1440,2023-03-08,0.12037686321593774,2.658
484,5,271,230.82756487589145,9747.392898383783,9260.023253464557,9301.807399038244,0.9955079541231947,41.78414557368778,0.024927320219150565,0.19422626408450283,0.9521013104395435,0.0,0.0,0.0,0.0,False,959.4456387683715,3.4197715796966137,1440,2023-07-01,0.12687166830993343,2.673
485,5,278,1096.9690794708026,9792.27209832993,9302.658493413466,9347.45435412488,0.9952076940935639,44.79586071141452,0.1179199559187824,0.19678376537941428,0.9751351546022663,0.0,0.0,0.0,0.0,False,1076.9473570900523,2.5338810974678587,1440,2023-05-02,0.14413709689995646,2.69
486,5,265,476.19892222599407,9829.965853165313,9338.467560507084,9366.283817197454,0.997030171492423,27.816256690369503,0.050993261918033175,0.17861173948363318,0.9500359717050765,0.0,0.0,0.0,0.0,False,1033.5369841122192,3.633329101522695,1440,2023-07-02,0.152483748654199,2.742
487,5,243,823.3627378637018,8843.61478221705,8401.434043106206,8425.962504393454,0.9970889425066326,24.528461287245733,0.09800264260115352,0.19038545007568222,0.9600584210495087,0.0,0.0,0.0,0.0,False,865.4297156644984,3.3013348139286625,1440,2023-08-09,0.2002089400541298,2.635
488,5,202,842.0381090294036,7409.92146892283,7039.42539547669,7046.366512475612,0.9990149367072189,6.941116998922405,0.11961744911317199,0.18357899686575951,0.9938256046758163,0.0,0.0,0.0,0.0,False,837.2712159250249,1.795377488134734,1440,2023-04-26,0.21296765736778245,2.612
489,5,219,682.1631357470795,7633.594808850207,7251.9150684077185,7284.983354846196,0.9954607601928865,33.068286438476505,0.09406661954975985,0.18356108337784371,0.9563861695175829,0.0,0.0,0.0,0.0,False,762.4111213627539,3.3209688705462814,1440,2023-07-13,0.23896987843724654,2.669
490,5,152,71.45445962124141,5300.787208961021,5035.747848512956,5058.100293551934,0.9955808616394038,22.352445038978264,0.014189443508840844,0.20026290554471823,0.9992400276494056,0.0,0.0,0.0,0.0,False,558.2936226856918,1.2960949554702208,1440,2023-12-27,0.26063301079734036,2.723
491,5,221,825.7854893916326,8265.28223185153,7852.018120258937,7887.120601879107,0.9955493920542046,35.10248162016994,0.1051685664429415,0.19094010748214804,0.9695247961014519,0.0,0.0,0.0,0.0,False,803.8301570395256,2.8376553477334476,1440,2023-09-07,0.2412063626410556,2.768
492,5,212,509.2322431270047,7666.501224951366,7283.176163703807,7313.1190969522395,0.9959055865422852,29.942933248432105,0.06991897925863684,0.17610492581672435,0.962772079037743,0.0,0.0,0.0,0.0,False,813.1406372292065,3.119088314785581,1440,2023-08-07,0.24662819447957476,2.565
493,5,240,734.5370480363129,8656.308063905286,8223.49266071001,8256.37231508038,0.9960176633131823,32.87965437036951,0.08932178556512428,0.2076762834852724,0.9943438178962402,0.0,0.0,0.0,0.0,False,779.6285327417137,1.7295928725461822,1440,2023-10-31,0.2847978133234861,2.623
494,5,204,551.9080148846867,7577.360779327175,7198.492740360829,7223.41298931586,0.99655007279912,24.920248955029848,0.07666994116563101,0.1900101526515493,0.9975806422371266,0.0,0.0,0.0,0.0,False,816.416146111255,1.369366358394968,1440,2023-03-22,0.24549270735354575,2.683
495,5,178,721.1000813710237,5991.7118035475505,5692.1262133701985,5708.032840558693,0.9972132908774684,15.906627188493921,0.1266837828854245,0.18151671197360894,0.9647967990602146,0.0,0.0,0.0,0.0,False,601.0945114644903,2.93566243368626,1440,2023-06-16,0.2534136027792069,2.633
496,5,212,907.9079794279631,7578.827806845757,7199.886416503459,7221.590590190308,0.9969945438728788,21.704173686849266,0.12610031976988853,0.18072069255497308,0.9796377970921839,0.0,0.0,0.0,0.0,False,775.568338126647,2.366258638601965,1440,2023-06-20,0.2793600530125241,2.621
497,5,241,629.9565334366919,8782.605180488086,8343.474921463741,8383.285709328788,0.9952511712894688,39.810787865044745,0.07550289769747101,0.18423187212146058,0.9540934650653998,0.0,0.0,0.0,0.0,False,864.8754238907554,3.3579653391775826,1440,2023-05-29,0.30283242129242804,2.726
498,5,155,787.9704823419577,5529.226250897242,5252.764938352391,5262.274612106223,0.9981928587056339,9.509673753832233,0.15001061185675604,0.1939900006764553,0.999458025031638,0.0,0.0,0.0,0.0,False,640.5016741774684,1.5001064952953853,1440,2023-02-27,0.3146741272640058,2.568
499,5,231,1092.985172714468,7973.424575210822,7574.753346450259,7590.400654543153,0.997938539899929,15.647308092893647,0.14429317005109762,0.19116313723455866,0.9879962825487834,0.0,0.0,0.0,0.0,False,830.6168183947785,1.4533847071515122,1440,2023-02-23,0.3029801091864568,2.634
500,5,183,1141.1352968501765,6529.91814899264,6203.422241542991,6221.905864548304,0.9970292666897084,18.483623005312193,0.18395254303475225,0.18739818863454946,0.9909486531094298,0.0,0.0,0.0,0.0,False,727.6605960296134,1.3645072533416256,1440,2023-01-23,0.30028583743486226,2.525
501,5,262,870.8566688520096,9314.664808681431,8848.931568247324,8900.442826910847,0.9942125060892728,51.5112586635202,0.09841376466023424,0.18760091255407554,0.9629712456091529,0.0,0.0,0.0,0.0,False,965.6737425420447,3.089897806617674,1440,2023-07-12,0.30704339752187937,2.618
502,5,227,932.910187081523,8898.702658988168,8453.767526038791,8473.79160738672,0.9976369396044065,20.024081347929897,0.11035436971835676,0.18063128976845078,0.9591386089906814,0.0,0.0,0.0,0.0,False,974.0289642948097,3.0719347689308547,1440,2023-06-25,0.31262340734083194,2.624
503,5,206,851.8861037032071,7363.24877974128,6995.08634075424,7014.242193774989,0.997269006046334,19.155853020749202,0.12178350090405791,0.2209768339617234,0.9934183974705468,0.0,0.0,0.0,0.0,False,637.8686307951068,1.4807769122437224,1440,2023-03-28,0.33338902083594596,2.812
504,5,126,518.5253605857998,4611.424818693197,4380.853577758529,4396.724673070563,0.9963902458097406,15.871095312034283,0.11836171909929574,0.20873456636674304,1.0049332348501898,0.0,0.0,0.0,0.0,False,444.06928996447186,1.1485293513224757,1440,2023-10-23,0.2601924727087512,2.777
505,5,124,643.4551216671587,4568.808947732914,4340.368500346256,4358.695937382986,0.9957952017529964,18.327437036730394,0.14824896126119858,0.2111417400205508,0.9969728843048343,0.0,0.0,0.0,0.0,False,529.7030344543819,1.3488502654595094,1440,2023-11-30,0.22813149459761503,2.52
506,5,163,607.2799281517467,5553.356210239292,5275.688399727347,5289.284116204594,0.9974295734207973,13.595716477247507,0.11510913498665531,0.21206777441225313,0.9741703568787775,0.0,0.0,0.0,0.0,False,451.1701185107231,2.6198074551445427,1440,2023-07-04,0.19662984306930148,2.802
507,5,217,988.783135132636,7471.603466803055,7098.023293462929,7109.960609667745,0.9983210432715219,11.937316204815232,0.13930401384330143,0.20917872131388465,0.9904742283363007,0.0,0.0,0.0,0.0,False,673.9383595199954,1.6183061741552787,1440,2023-02-25,0.16878785746429284,2.772
508,5,206,745.0623556035416,7403.5781490445825,7033.399241592335,7052.334258022308,0.9973150710477976,18.93501642997271,0.10593204366923757,0.21838505538720862,0.9883447554575975,0.0,0.0,0.0,0.0,False,708.8787186672084,1.7142780202440773,1440,2023-12-11,0.1524112497310024,2.657
509,5,275,963.0140132753836,9912.819796820477,9417.178806979427,9440.42992558845,0.9975370699436049,23.25111860902268,0.10226141321237922,0.21444711800700295,0.978218876430518,0.0,0.0,0.0,0.0,False,994.0721926290003,1.961083471006611,1440,2023-02-19,0.11813677581369686,2.639
510,5,142,274.7942572785003,5229.964295851088,4968.466081058555,4975.004728769635,0.998685700201797,6.538647711080433,0.05530766494031376,0.21133279514402378,0.9987572393585459,0.0,0.0,0.0,0.0,False,510.47330513839205,1.384798637307811,1440,2023-10-18,0.09865830301595477,2.719
511,5,235,742.5269306360519,8629.435234967228,8197.963473218846,8224.674230209781,0.9967523629212176,26.710756990936197,0.09057455953075946,0.20318753225725977,0.9555366991774219,0.0,0.0,0.0,0.0,False,811.3129077166191,3.3309220626565317,1440,2023-06-30,0.08936039531911406,2.658
512,5,190,663.3408957697709,6871.3508872737275,6527.783342910096,6539.500830548776,0.9982081984631085,11.717487638679659,0.10161809314493157,0.19848534880047317,0.983672068043609,0.0,0.0,0.0,0.0,False,617.5849962103825,1.9593219017156573,1440,2023-03-26,0.09968227089965934,2.672
513,5,236,395.7166411303006,8593.800803839236,8164.110763647302,8189.636963463503,0.9968831097239009,25.526199816201945,0.04847026854318607,0.21634046624246067,0.9715590454189448,0.0,0.0,0.0,0.0,False,863.2452593367136,2.5055352568050475,1440,2023-10-29,0.11836030752900241,2.684
514,5,136,542.3177435310296,4605.692682347055,4375.408048229704,4394.75041597964,0.9955987562616513,19.342367749935917,0.12394678108946937,0.2138376980290957,0.9878206190897347,0.0,0.0,0.0,0.0,False,405.5120498559712,1.992350435087861,1440,2023-03-18,0.09320445514798134,2.523
515,5,190,700.254093287361,6546.008192743514,6218.707783106325,6232.917755559718,0.9977201732782824,14.209972453393245,0.11260443772413037,0.20234789013952928,0.9484027195694408,0.4861111111111111,0.0,0.0,0.0,False,590.8791868331092,3.667691010357545,1440,2023-06-26,0.07789397841111267,2.637
516,5,145,502.651315757654,5083.611155328538,4829.430597562103,4837.521762831785,0.998327415220775,8.091165269681916,0.10408086535323491,0.19119785201889872,0.9607598641581615,0.0,0.0,0.0,0.0,False,530.7025659598481,3.260958917336352,1440,2023-06-12,0.09080577987168736,2.688
517,5,184,787.4696297392395,6586.495980060736,6257.171181057704,6278.923015713501,0.9965357379599399,21.751834655795466,0.12585074100627797,0.19343375199779145,0.941542546174208,2.361111111111111,0.0,0.0,0.0,False,596.4505070106366,3.8134518104917356,1440,2023-06-22,0.1261054123045894,2.63
518,5,154,969.185057202617,5551.116120999302,5273.560314949333,5289.158396885084,0.9970509331040385,15.59808193575216,0.1837819232777522,0.20357873393985346,0.9945946639596736,0.0,0.0,0.0,0.0,False,512.1724916791683,1.6282305594690945,1440,2023-02-07,0.1497544506974575,2.658
519,5,250,1104.5068510086899,8825.259187527603,8383.996228151158,8399.3422691915,0.9981729472917622,15.346041040341142,0.13173990313832193,0.2073826100445838,0.9825082576043088,0.0,0.0,0.0,0.0,False,811.878918237213,1.6999808463804988,1440,2023-03-20,0.14617578444222287,2.587
520,5,242,411.0270318105349,8926.472816226269,8480.149175415023,8507.118007720746,0.9968298509223397,26.968832305723407,0.04846931620049231,0.2142784801218718,0.9773748006156039,0.0,0.0,0.0,0.0,False,737.9830016014525,2.21420602077718,1440,2023-11-05,0.13457519350539918,2.599
521,5,134,382.95747914454876,4952.297005744011,4704.682155456785,4721.9629486170525,0.996340336985209,17.28079316026754,0.08139922453642712,0.20678829465495827,0.988137623108913,0.0,0.0,0.0,0.0,False,428.30700255834324,1.8193521144626301,1440,2023-03-25,0.10940988257981307,2.598
522,5,174,728.0454132517197,6180.384156436325,5871.364948614473,5891.598770515234,0.996565648359827,20.23382190076117,0.12399934591419395,0.20025529101004097,0.9461000051029222,1.0416666666666667,0.0,0.0,0.0,False,486.9330203380886,3.8184496971897035,1440,2023-07-18,0.10541662713380602,2.562
523,5,276,1258.7451123311178,10014.948880042803,9514.201436040574,9539.207214760801,0.997378631351929,25.00577872022715,0.13230170927040585,0.20519155818419685,0.9764220558991201,0.0,0.0,0.0,0.0,False,952.4857787709145,1.8170756396411203,1440,2023-03-20,0.11658186624531641,2.651
524,5,283,533.8311833028428,10040.996040343482,9538.946238326316,9556.60706862426,0.998151976933746,17.66083029794397,0.05596332864923533,0.20664022522617667,0.9779776593320473,0.0,0.0,0.0,0.0,False,921.5235065993247,1.8268651335608967,1440,2023-12-10,0.11439469184217194,2.699
525,5,278,973.4559022270123,9907.18010383056,9411.821098638982,9435.288038135546,0.9975128539370801,23.466939496563448,0.10342906989251859,0.20934374024004163,0.9830283285180726,0.0,0.0,0.0,0.0,False,840.0916518558605,1.704718406616959,1440,2023-11-11,0.10912587356599192,2.615
526,5,141,577.1186473276618,4883.11081114709,4638.95527058972,4661.736099966952,0.9951132305886228,22.78082937723239,0.12440702995920383,0.20984414318858213,0.9450052158968127,1.9444444444444444,0.0,0.0,0.0,False,430.54416673262176,3.8591338882935977,1440,2023-08-28,0.09849589890254293,2.715
527,5,294,1214.3172901414214,10856.673876471737,10313.840182648162,10336.868181556685,0.9977722460513128,23.027998908524467,0.11773667893209835,0.20734973372831475,0.9871960391354373,0.0,0.0,0.0,0.0,False,1073.5869673825061,1.6845274722287114,1440,2023-04-20,0.08839882552556552,2.736
528,5,195,716.6919238824087,6586.755645036832,6257.417862784981,6290.563150510205,0.9947309506427042,33.145287725223895,0.11453477130635983,0.2128539427209894,0.94696013492371,0.2777777777777778,0.0,0.0,0.0,False,581.7218062251305,3.7027614117812453,1440,2023-08-31,0.08544138095015608,2.524
529,5,144,439.7990342947475,5489.189499747067,5214.730024759672,5229.988442996213,0.9970825139667423,15.258418236540825,0.08433783382966527,0.2157728928625202,0.9669083860727583,0.0,0.0,0.0,0.0,False,501.74028650739785,2.734957793849735,1440,2023-06-04,0.07032346836989484,2.592
530,5,249,920.0687753835051,8656.6458159837,8223.813525184498,8237.873495443539,0.9982932524677859,14.059970259038895,0.11187860383335525,0.19174374570540015,0.9448347852662518,1.3194444444444444,0.0,0.0,0.0,False,690.5848756418156,3.634260077893656,1440,2023-06-23,0.05101880335119208,2.639
531,5,140,330.85150417218625,4971.97451863041,4723.375792698875,4743.481655166102,0.995761370248933,20.10586246722741,0.07004556035613294,0.21496907110112598,0.9568981771476679,0.0,0.0,0.0,0.0,False,426.76786987673705,3.2967517583958434,1440,2023-08-07,0.08885200779662397,2.554
532,5,126,224.27745156713735,4359.674508011317,4141.690782610729,4170.564027970684,0.9930768967539376,28.873245359954847,0.05415118205076703,0.2262054474520638,0.9627884875868054,0.0,0.0,0.0,0.0,False,391.40617592089615,3.1102509450478175,1440,2023-07-22,0.06727440192731637,2.608
533,5,281,1107.2425507991234,10221.796484415689,9710.706660194825,9736.919960461491,0.9973078447421658,26.21330026666709,0.11402286049251424,0.19508627669048856,0.9508595045600811,0.0,0.0,0.0,0.0,False,913.7644001874303,3.4217625823937334,1440,2023-08-10,0.023982016887203847,2.686
534,5,141,593.6486241526959,5053.618256010816,4800.937343210269,4818.436984110671,0.9963681913952369,17.49964090040175,0.12365264982936386,0.21854110265425858,0.9763750404687936,0.0,0.0,0.0,0.0,False,476.39091008901596,2.455624597674737,1440,2023-09-12,0.05805597069605499,2.613
535,5,192,382.6111087923909,7310.879908775526,6945.335913336758,6979.307416089205,0.9951325395591354,33.97150275244762,0.05508892781667813,0.2161984583660783,0.961344300777918,0.0,0.0,0.0,0.0,False,592.2072829278468,3.192924110215612,1440,2023-07-22,0.032787461490128914,2.789
536,5,278,950.4363368220455,10418.75901750515,9897.821066629887,9920.163092833624,0.9977478166442771,22.342026203737706,0.0960248048963427,0.18894066488428404,0.9541109268046669,0.0,0.0,0.0,0.0,False,1025.157744534867,3.4806227398966967,1440,2023-05-15,0.016916548641080748,2.703
537,5,168,637.1203492615642,6067.05477088984,5763.702032345334,5782.754073907167,0.996705368874703,19.052041561832894,0.11054012606586998,0.20315605172294282,0.9623965740364799,0.0,0.0,0.0,0.0,False,562.4096812384105,2.8642499051781476,1440,2023-09-16,0.06473993077757538,2.549
538,5,170,625.6951212421283,6301.314011545642,5986.248310968354,6003.922472483704,0.997056230889664,17.6741615153507,0.10452207939582009,0.20652602646072066,0.9781901282940877,0.0,0.0,0.0,0.0,False,545.056324631065,2.067695730432201,1440,2023-10-08,0.07156698285557464,2.553
539,5,189,291.4142393942244,6637.987554236424,6306.088176524592,6327.348552085583,0.9966399234393397,21.260375560990127,0.046211570665798785,0.21349069948315053,0.9939131673436388,0.0,0.0,0.0,0.0,False,581.325025059801,1.383322784677961,1440,2023-11-03,0.06928837877182678,2.59
540,5,258,977.2762922496178,9249.726297070796,8787.239982217223,8820.762060438683,0.9961996392157763,33.52207822145934,0.11121538665466474,0.2134935373638015,0.9787780102838105,0.0,0.0,0.0,0.0,False,875.5985608749099,1.8432840929085523,1440,2023-04-18,0.05146867988132525,2.668
541,5,239,445.85302396957894,8328.307305778619,7911.891940489702,7926.126584939355,0.9982040856530477,14.234644449652368,0.05635226407578857,0.21318811026770476,0.9856306190519621,0.0,0.0,0.0,0.0,False,745.0689842918755,1.7886044026888714,1440,2023-12-10,0.0365320005633018,2.637
542,5,174,628.7872544336366,6211.726634164774,5901.140302456561,5912.796924417862,0.9980285773196161,11.656621961301289,0.10655351715191069,0.21266785837560173,0.9868884227382939,0.0,0.0,0.0,0.0,False,612.3467182143852,1.6005673217649745,1440,2023-11-15,0.024595191206910644,2.516
543,5,149,508.4471201368141,5510.141525055972,5234.634448803153,5253.357544187684,0.9964359754258024,18.723095384530527,0.09713135178962984,0.21144747222291405,0.9548291521689888,0.0,0.0,0.0,0.0,False,550.3327615448542,3.371395927821995,1440,2023-07-26,0.015556904965644297,2.541
544,5,198,721.6705389408492,6944.494135531486,6597.269428754897,6623.815805976077,0.9959922833003252,26.546377221180983,0.10938927790266861,0.20901211485549492,0.9722521180937269,0.0,0.0,0.0,0.0,False,620.538477322093,2.7108453111065316,1440,2023-08-11,0.01043875189739843,2.559
545,5,208,798.6767279920656,7378.0295388939685,7009.128061949287,7026.222565099853,0.9975670421777589,17.094503150566055,0.1139480861147154,0.20569027275465848,0.9610540199033787,0.0,0.0,0.0,0.0,False,639.8307800433752,3.1124799001751913,1440,2023-08-10,0.011251409908349053,2.574
546,5,196,1021.6573271844795,6964.263791030372,6616.050601478881,6631.673779351371,0.9976441576602976,15.62317787249075,0.15442102679143796,0.20784624544924277,0.9880274822321465,0.0,0.0,0.0,0.0,False,752.7923698993236,1.5722383827982855,1440,2023-02-12,0.0189250753012168,2.559
547,5,239,772.0845700840309,8277.40501375455,7863.534763066849,7895.957024842917,0.9958938148125607,32.42226177606884,0.09818543356739877,0.22065026377187225,0.974672384699275,0.0,0.0,0.0,0.0,False,673.517145472279,2.6658670564008102,1440,2023-09-30,0.019928555414963425,2.856
548,5,138,545.1387955207962,4979.454057796578,4730.481354906768,4745.639501393406,0.9968058790638885,15.158146486639138,0.11523960346135648,0.20277884915659433,0.9679575684284407,0.0,0.0,0.0,0.0,False,476.3764312371233,2.9196146576208633,1440,2023-08-10,-0.008470013992417744,2.653
549,5,250,893.9642339773765,9145.422327793096,8688.151211403469,8724.984004910326,0.9957784686497846,36.832793506857094,0.10289464492791293,0.20378072709469128,0.9667648155204084,0.0,0.0,0.0,0.0,False,799.9605242247451,2.9025419884211794,1440,2023-05-12,0.007989300177459024,2.633
550,5,217,1002.121339412478,7790.797841597189,7401.2579495173395,7420.391465000818,0.9974214951362439,19.133515483479602,0.13539878575341774,0.20471215236994308,0.9945173712950687,0.0,0.0,0.0,0.0,False,786.0475026023089,1.4607848383543656,1440,2023-02-25,0.018763583694812583,2.719
551,5,122,596.315577739126,4162.346574754608,3954.229246016886,3956.7610536468937,0.9993601312801857,2.5318076300065258,0.15080450339084348,0.20575423493490358,0.9989842723524766,0.0,0.0,0.0,0.0,False,465.6909481278931,1.4594033497042755,1440,2023-02-27,0.0250982672846443,2.617
552,5,241,390.41457768280884,8605.418712186707,8175.147776577366,8202.882780336371,0.9966188711332691,27.735003759004623,0.047756271611552575,0.21311971484810271,0.9848665427190365,0.0,0.0,0.0,0.0,False,684.2285947965313,1.877110764674824,1440,2023-11-13,0.027585720766851424,2.632
553,5,266,989.923992583721,9617.921050853902,9137.024998311186,9156.314353618738,0.9978933275374138,19.289355307551805,0.1083420470849856,0.20403754817921135,0.9598986564376673,0.0,0.0,0.0,0.0,False,904.2991216553937,3.005936682377375,1440,2023-09-07,0.01271564200117388,2.617
554,5,185,797.8448916992414,6868.772493626441,6525.333868945099,6549.317778859111,0.996337952940468,23.983909914011566,0.12226882297874253,0.19808642836704263,0.9759873674011134,0.0,0.0,0.0,0.0,False,653.0394947794418,2.5295904268507607,1440,2023-09-12,0.02059846825123228,2.604
555,5,198,681.2621690170407,6959.34290826387,6611.375762850688,6622.853281319301,0.9982669828273282,11.477518468611603,0.10304393419067964,0.20858518945446958,0.951669977136433,0.0,0.0,0.0,0.0,False,723.3759325718804,3.6143683144921193,1440,2023-05-17,0.040092871419698056,2.601
556,5,224,846.0016461939827,8321.084192443053,7905.029982820933,7924.27474206715,0.9975714169595794,19.24475924621622,0.10702067519446454,0.20556836066781836,0.9932088192918996,0.0,0.0,0.0,0.0,False,781.531204776298,1.731648036854129,1440,2023-04-22,0.03216186008940791,2.69
557,5,198,743.901634059929,7119.957893418693,6763.959998747758,6785.647618105559,0.99680389837811,21.687619357800866,0.10998019417584534,0.21113172700771846,0.9729838334221736,0.0,0.0,0.0,0.0,False,658.7805145675458,2.5030997982496666,1440,2023-07-20,0.032175656322417555,2.676
558,5,213,837.741377903513,8088.884240240108,7684.440028228105,7703.228328177474,0.9975609836358291,18.788299949368554,0.1090178822173307,0.2027476166196933,0.9627757504911625,0.0,0.0,0.0,0.0,False,786.8589026286165,3.0905204767279537,1440,2023-07-08,0.019390701010659137,2.6
559,5,221,699.1028468547922,8307.863923358713,7892.470727190807,7900.318021090603,0.9990067116439051,7.847293899796946,0.0885784529356913,0.19934396258249093,0.9542972755610147,0.0,0.0,0.0,0.0,False,762.6200317758461,3.4764161800239806,1440,2023-08-08,0.027470398783923114,2.646
560,5,227,929.4906471922714,8089.143321008394,7684.686154957935,7709.253349156069,0.9968132848817554,24.56719419813349,0.12095362496913308,0.22220186710630277,0.9894839677444099,0.0,0.0,0.0,0.0,False,795.6539992915461,1.528986724431646,1440,2023-11-26,0.041454997755254935,2.496
561,5,170,888.7072873381079,6360.1351265456815,6042.128370218406,6049.201602243029,0.9988307164333885,7.073232024621986,0.14708513836259052,0.2125417616902816,1.001044423729424,0.0,0.0,0.0,0.0,False,657.3850020527944,1.3216264317224673,1440,2023-03-14,0.0012451936246192091,2.587
562,5,139,463.96241160585936,5103.9981950195115,4848.7982852685,4859.926882227785,0.9977101307840697,11.128596959285735,0.09568606164035708,0.20817295100505848,0.99408325304506,0.0,0.0,0.0,0.0,False,512.0092330574989,1.383307019353524,1440,2023-03-21,-0.010297505849156896,2.665
563,5,280,937.5774217997823,10062.745630075076,9559.60834857128,9593.332600948272,0.9964846155366637,33.724252376991394,0.09807697006121666,0.22131341675366778,0.9849211229187392,0.0,0.0,0.0,0.0,False,947.6145780582842,1.8321046263455871,1440,2023-02-17,-0.010328929470939816,2.605
564,5,202,558.5003576997444,7534.9035451195205,7158.158367863527,7197.4319810376655,0.9945433852966434,39.27361317413921,0.07802291162027451,0.22606750856674043,0.9592624340811671,0.0,0.0,0.0,0.0,False,648.5805623809432,3.1442565342173188,1440,2023-05-27,-0.04032876385299,2.682
565,5,158,491.4503227057588,5236.042926604293,4974.2407802740345,4996.23527793287,0.9955977858456786,21.994497658836046,0.09879906188994021,0.20843160760192495,0.9903953838903482,0.0,0.0,0.0,0.0,False,472.5085129324183,1.5332531673022054,1440,2023-02-17,-0.07609100877572704,2.596
566,5,300,1084.8355568851157,10139.233538167751,9632.271861259365,9647.192468839063,0.9984533730794849,14.920607579696144,0.11262509743400033,0.19566139962365203,0.968258511640395,0.0,0.0,0.0,0.0,False,979.4561848989795,2.498592659903778,1440,2023-09-09,-0.06632340297141882,2.576
567,5,218,812.8313843015875,7351.663287844502,6984.08012345225,6997.570790594934,0.998072092795286,13.490667142683542,0.11638345636558974,0.20472941478765005,0.9493795401907468,0.1388888888888889,0.0,0.0,0.0,False,669.002809779233,3.4841688648936877,1440,2023-08-15,-0.03019793075695444,2.556
568,5,178,762.9852561310962,6667.555463005023,6334.177689854749,6345.300061137687,0.9982471480976828,11.122371282937854,0.12045529719716348,0.21283372841263726,0.9596357708411375,0.0,0.0,0.0,0.0,False,625.9243968950673,3.1555317265986482,1440,2023-06-14,-0.02148365708556109,2.592
569,5,150,549.3708981949924,5246.896250291045,4984.55143777647,4993.904567586696,0.9981270907996654,9.353129810226342,0.11021471140441437,0.20646840335771205,0.9777844528665456,0.0,0.0,0.0,0.0,False,522.1026437158037,2.0471304550942353,1440,2023-05-01,-0.032983414544050106,2.704
570,5,122,485.55611749067714,4231.312256138281,4019.746643331368,4032.8332652324953,0.9967549806698064,13.086621901127266,0.12079271669924753,0.19941142357035618,0.9480209362831788,0.20833333333333334,0.0,0.0,0.0,False,393.6117203293652,3.691112923059663,1440,2023-08-28,-0.028502925557891474,2.6
571,5,231,1057.78745378741,8562.616956223734,8134.486108412495,8145.448601093613,0.9986541572824306,10.962492681117936,0.13003740367734737,0.2083318206120221,0.9863645332996579,0.0,0.0,0.0,0.0,False,794.1929031071411,1.63753292788509,1440,2023-02-15,-0.009363750015299467,2.589
572,5,232,849.0957871822766,8425.354592592003,8004.086862962331,8017.3029169204765,0.9983515586107825,13.216053958144862,0.10608278017462998,0.21156097832533424,0.9785950691264466,0.0,0.0,0.0,0.0,False,825.7086460149726,1.6917635272169624,1440,2023-12-03,-0.014093874103491985,2.634
573,5,283,730.0597866167906,10329.031688643794,9812.580104211576,9853.262914986331,0.9958711331336872,40.682810774756035,0.07440038999563914,0.21007699400223176,0.9578062432401941,0.0,0.0,0.0,0.0,False,928.4590795546903,3.0141182534493494,1440,2023-09-24,-0.025560169259599412,2.691
574,5,296,1156.0628076194673,9917.713488056414,9421.827813653592,9447.662797762128,0.9972654629338956,25.83498410853673,0.1227004813168168,0.20449930447189288,0.936600586200321,10.625,0.0,0.0,0.0,False,1246.7484533183524,3.959165294386194,1440,2023-07-18,-0.03197228957377149,2.599
575,5,279,976.6413896532623,9906.222461509356,9410.911338433823,9427.363731631116,0.9982548256685917,16.452393197292864,0.10377755719201115,0.2081220261704487,0.9813654533613696,0.0,0.0,0.0,0.0,False,912.6326170398324,1.8985180700911544,1440,2023-12-11,-0.025056034081958257,2.594
576,5,130,340.15119448963,4759.684763424639,4521.700525253402,4539.676344592248,0.9960402861406058,17.975819338845902,0.07522638719435482,0.21497462940382728,1.00198943696289,0.0,0.0,0.0,0.0,False,436.72058300909316,1.2232049928715756,1440,2023-03-12,-0.027899118733852916,2.58
577,5,144,818.8118567270084,5005.10118451557,4754.846125289788,4763.867817683628,0.998106225290225,9.021692393840047,0.17220575285748185,0.20073635897198255,0.991759887587795,0.0,0.0,0.0,0.0,False,487.256699730855,1.597557208436885,1440,2023-02-06,-0.04599804503899287,2.517
578,5,226,543.3671708296481,7867.030887006621,7473.6793426562745,7525.455467318532,0.9931198683073589,51.776124662257864,0.07270410542346416,0.22903521844059413,0.9523767325642791,0.0,0.0,0.0,0.0,False,644.2422963875154,3.448506797024253,1440,2023-08-07,-0.02918980908164557,2.607
579,5,233,838.7442862696075,7890.210873400111,7495.700329730118,7504.091068024507,0.9988818448206016,8.390738294390596,0.1118967207030549,0.20239018030310413,0.9565513204607733,0.0,0.0,0.0,0.0,False,885.3808743283333,3.1681364188881926,1440,2023-09-05,-0.07945247206874291,2.642
580,5,157,593.3606549832136,6022.79816169489,5721.658253610178,5729.583131322642,0.9986168491614791,7.924877712462649,0.10370431589632649,0.19932168584972926,0.9830736472579162,0.0,0.0,0.0,0.0,False,582.3187645161943,1.9809458797938038,1440,2023-09-27,-0.06116302757109798,2.646
581,5,281,570.5371643460312,9678.721728823903,9194.785642382642,9211.5212880428,0.9981831833052502,16.735645660159523,0.06205007778715199,0.2058269127787136,0.9842163936211472,0.0,0.0,0.0,0.0,False,880.9744523815316,1.805269375491549,1440,2023-12-16,-0.03974686846804379,2.798
582,5,290,1026.3715908250058,10558.52493609189,10030.598689287315,10049.458807639989,0.9981232702463206,18.860118352672593,0.10232406086798898,0.19658495770240672,0.9753437640073922,0.0,0.0,0.0,0.0,False,1055.257499211219,2.0680969833488434,1440,2023-03-16,-0.03721678606830165,2.598
583,5,156,532.0925706043904,5464.73007773775,5191.493573850874,5212.104906807634,0.9960454877011706,20.61133295675973,0.10249315790055041,0.19845088045128476,0.959056017761439,0.0,0.0,0.0,0.0,False,507.47201806761603,3.379257865839318,1440,2023-07-13,-0.014689666865753154,2.593
584,5,236,789.8397216237786,8178.715528346276,7769.779751929004,7808.410894662862,0.9950526242464696,38.63114273385717,0.10165535534359066,0.21650384068348624,0.9557282780473589,0.0,0.0,0.0,0.0,False,744.2560815102352,3.37507380969376,1440,2023-07-13,-0.0006955455738102689,2.64
585,5,195,963.9621098447413,6909.176194993043,6563.717385243367,6581.7142584066005,0.9972656252677262,17.996873163233737,0.14686222048681336,0.20212498426312722,0.9831927318154945,0.0,0.0,0.0,0.0,False,704.2527489045127,2.178058316257659,1440,2023-01-02,-0.030041953085273534,2.626
586,5,221,807.1721806431002,8228.093303322275,7816.688638156151,7832.088355873688,0.9980337660892209,15.399717717538072,0.10326267528464599,0.21200091994737807,0.9856836171333884,0.0,0.0,0.0,0.0,False,806.6710922511322,1.9632038592989323,1440,2023-04-11,-0.021991844182810673,2.655
587,5,249,1139.5555341479496,9389.93270597692,8920.436070678092,8951.350702058697,0.9965463724515347,30.914631380604504,0.12774661744325755,0.2072993672075075,0.9616875307666486,0.0,0.0,0.0,0.0,False,901.2237491557621,3.1344661833610186,1440,2023-06-28,-0.03787886156356117,2.65
588,5,210,823.3958299978548,7418.713980952773,7047.778281905106,7060.228743903232,0.9982365356067426,12.450461998124714,0.11683055241846799,0.21433053013126466,0.9766983141943448,0.0,0.0,0.0,0.0,False,674.7304066610054,2.1495787344280943,1440,2023-10-30,-0.04061002780082165,2.671
589,5,253,1051.865897539924,8388.241350576487,7968.829283047662,7977.024089407807,0.998972698807438,8.194806360145698,0.1319975444545651,0.20209335933775624,0.9921666207038,0.0,0.0,0.0,0.0,False,837.9246403286998,1.5461712919225823,1440,2023-03-20,-0.05898004572945902,2.818
590,5,168,614.8408384931757,6069.562130253003,5766.0840237403245,5779.1976544697245,0.9977308907717912,13.113630729398935,0.1066305721459714,0.20437338864103197,0.9889049561866067,0.0,0.0,0.0,0.0,False,609.7755407132826,1.9471901222423063,1440,2023-04-30,-0.046858952293538224,2.635
591,5,201,779.5638314103189,7084.548327396459,6730.320911026625,6743.6417137379085,0.9980246870642391,13.320802711283486,0.11582862715106497,0.20325869014984874,0.9500749499970838,0.0,0.0,0.0,0.0,False,664.4831918210706,3.7057185896282836,1440,2023-06-27,-0.04239681144405978,2.662
592,5,147,522.772934844274,5098.992593761694,4844.042964073631,4852.510633536779,0.998254992084999,8.467669463147665,0.1079207882179155,0.1978116953932105,0.9478302523576957,0.4861111111111111,0.0,0.0,0.0,False,736.5310625879365,3.577799094421528,1440,2023-07-12,-0.03653769659136635,2.726
593,5,235,788.0653116222387,8052.857739175281,7650.214852216504,7665.375941901957,0.9980221335782664,15.161089685453586,0.10301218029110801,0.19858544941022577,0.9504316796426315,0.0,0.0,0.0,0.0,False,705.2093244399294,3.461604289270623,1440,2023-07-21,-0.019757601014268017,2.609
594,5,190,553.1317443918255,6841.777922735146,6499.689026598398,6514.27687269759,0.9977606346208078,14.58784609919229,0.08510126286477217,0.2014617518852976,0.9647595879608026,0.0,0.0,0.0,0.0,False,650.7181646085184,2.958295852711721,1440,2023-07-31,-0.007965055860534219,2.679
595,5,241,758.8919755233281,8560.431443743459,8132.409871556247,8138.644877282797,0.9992339012427052,6.235005726549508,0.09331698567943722,0.2047035464915232,0.9496083739603427,0.1388888888888889,0.0,0.0,0.0,False,870.36515802145,3.702245549476137,1440,2023-06-01,-0.004931972776970113,2.645
596,5,296,1118.8042990925635,10253.470742144415,9740.79720503722,9758.245720313893,0.9982119208947208,17.44851527667359,0.1148575702319314,0.2083730468405481,0.9645085976350591,0.0,0.0,0.0,0.0,False,1049.502279451211,2.7150453236873675,1440,2023-09-28,-0.009872631768391288,2.69
597,5,183,908.8540665629193,6673.976109674995,6340.277304191249,6354.229414144458,0.9978042797884898,13.952109953208831,0.14334610663828853,0.20927290409515933,0.9896326806820838,0.0,0.0,0.0,0.0,False,714.367715283004,1.7240126373582245,1440,2023-01-28,-0.022316712071410432,2.658
598,5,261,374.8624614830998,9444.969773839992,8972.72128514802,8995.05992832319,0.9975165653866485,22.338643175170382,0.041778012441285345,0.21218251536766997,0.9856558727637559,0.0,0.0,0.0,0.0,False,884.6243806778466,1.744820183230126,1440,2023-12-21,-0.03471530747872841,2.692
599,5,238,637.4065597465606,8533.264377071979,8106.601158218378,8121.224640674863,0.9981993500853008,14.62348245648342,0.07862808929490323,0.20173909812005772,0.9862384057629439,0.0,0.0,0.0,0.0,False,673.232744558388,1.9366335877514929,1440,2023-03-25,-0.051644454372489684,2.669
