episode,stage,n_ev,cost_eur,energy_drawn_kwh,energy_delivered_kwh,energy_requested_kwh,service_quality,unmet_kwh,cost_per_kwh,retail_price_paid,min_voltage_pu,violation_rate_pct,q_activation_pct,q_kvarh,curtailed_kwh,q_exhausted_any,peak_ev_kw,peak_feeder_mw,pf_solves,day,w_retail,wall_s
0,0,60,243.70284853974186,2243.7943664381064,2131.6046481162043,2132.1436021879185,0.9997472243093002,0.5389540717144454,0.11432835294064175,0.20277781045932505,0.9733990330553732,0.0,0.0,0.0,0.0,False,265.7920511364937,2.6319511049665496,1440,2023-10-05,0.0,0.408
1,0,60,237.59284879320913,2028.1837641274758,1926.7745759211014,1930.5687369686639,0.9980346925882991,3.7941610475621568,0.1233111811637991,0.20306496204369223,0.9660378335188535,0.0,0.0,0.0,0.0,False,243.11848109960556,2.9872004321863734,1440,2023-09-06,-0.006250073533481344,0.393
2,0,60,254.1190966262277,2041.2332411490959,1939.171579091642,1940.5458196274674,0.9992918278342485,1.3742405358253,0.13104518412200722,0.20217262863909155,0.9657309214468791,0.0,0.0,0.0,0.0,False,264.0144389086736,2.978259490378017,1440,2023-06-29,-0.012035113948058826,0.404
3,0,60,274.3379884520567,2284.991832529547,2170.7422409030737,2174.0394456362487,0.9984833740069468,3.297204733175338,0.126379808382006,0.2016053654929001,0.9679443693828186,0.0,0.0,0.0,0.0,False,273.78954088687897,2.811027348560662,1440,2023-06-17,-0.014808644221553887,0.389
4,0,60,244.17866295951325,2209.2611184494076,2098.798062526942,2099.5538083798997,0.9996400445418729,0.7557458529574603,0.11634214235242975,0.20009537169408168,0.9959701979704978,0.0,0.0,0.0,0.0,False,248.30217819721474,1.5509667873492292,1440,2023-04-25,-0.01585975779337373,0.39
5,0,60,240.66332342724002,2050.1130177932505,1947.6073669035932,1948.734733939736,0.9994214876881351,1.1273670361429549,0.1235687066689725,0.20149174360446975,0.9969886451270279,0.0,0.0,0.0,0.0,False,239.16308107146511,1.4961648104317746,1440,2023-03-27,-0.013383430878133172,0.375
6,0,60,335.1507800126746,2337.532479821204,2220.655855830128,2224.182466547462,0.9984144238297104,3.5266107173338836,0.15092423219598256,0.20125882974593795,1.0046661296566808,0.0,0.0,0.0,0.0,False,277.1614718437195,1.18172790701855,1440,2023-04-05,-0.014548974729017984,0.371
7,0,60,265.7512914175861,2150.592574591688,2043.062945862104,2043.360755662356,0.9998542549085242,0.29780980025191806,0.130074940645281,0.2015069374974062,0.9582683233699721,0.0,0.0,0.0,0.0,False,256.2732758798178,3.3086548585380515,1440,2023-06-22,-0.015031940808252766,0.381
8,0,60,103.43763249548721,2297.610733593069,2182.7301969134232,2184.695607576476,0.9991003732253423,1.9654106630533201,0.047389105919621824,0.2003002586221011,1.0050690262961868,0.0,0.0,0.0,0.0,False,243.5840342891844,1.147895822896455,1440,2023-04-10,-0.01603949759974104,0.38
9,0,60,334.0661818235496,2098.4580382157624,1993.5351363049742,1997.5175868352887,0.9980063001414551,3.9824505303146873,0.1675747649187376,0.20227985373895485,1.0067202364706977,0.0,0.0,0.0,0.0,False,265.5053767647112,1.1082348916290754,1440,2023-01-27,-0.014205862438365508,0.376
10,0,60,265.8324030559152,2357.020261424188,2239.1692483529587,2243.798295539151,0.9979369593089561,4.629047186191762,0.1187192094797884,0.20091774371566526,0.9978650493454818,0.0,0.0,0.0,0.0,False,229.54372275832887,1.4562310630394135,1440,2023-12-02,-0.017208056253291075,0.377
11,0,60,242.59921300376496,2222.584437931916,2111.4552160353064,2114.4716346695895,0.9985734409557334,3.0164186342831103,0.11489668886243068,0.20043510720038238,0.9548369160323557,0.0,0.0,0.0,0.0,False,245.3505847422701,3.426423824585503,1440,2023-06-26,-0.016659056439777685,0.387
12,0,60,272.447710202124,2194.2800949319158,2084.566090185309,2084.8852512924377,0.9998469167034824,0.3191611071284761,0.13069756410453004,0.20032803380886513,0.9718940237367276,0.0,0.0,0.0,0.0,False,289.35029436690866,2.7018262090480554,1440,2023-09-08,-0.015179811615363754,0.382
13,0,60,182.14238139085083,2076.163038811239,1972.3548868706782,1973.6321747827199,0.9993528237285744,1.2772879120415546,0.09234767160986754,0.20136777955650484,0.9707029595587068,0.0,0.0,0.0,0.0,False,239.61624658625948,2.718443519001435,1440,2023-06-09,-0.01377725598493792,0.391
14,0,60,391.1857624997978,2269.3921171250868,2155.9225112688246,2157.018784139889,0.9994917648009721,1.0962728710638636,0.18144704202266218,0.20158293847923991,0.9516657906917714,0.0,0.0,0.0,0.0,False,275.56118808274016,3.6323020721510857,1440,2023-08-23,-0.015011041103229853,0.402
15,0,60,274.73344216726986,1955.7048662189131,1857.919622907974,1861.5702966041813,0.9980389278326653,3.650673696207507,0.14787154340792377,0.20481377026156808,1.001835700496558,0.0,0.0,0.0,0.0,False,233.5931236743927,1.2805150597181156,1440,2023-01-28,-0.016550565751842564,0.392
16,0,60,210.1623804628316,2286.308002297005,2171.99260218216,2175.129002283076,0.9985580624884209,3.1364001009154885,0.09676017323985607,0.1992618599891631,0.9587472956414337,0.0,0.0,0.0,0.0,False,256.06520609860945,3.30229808620295,1440,2023-05-16,-0.02513070390493309,0.448
17,0,60,252.66154616484909,2211.266075168148,2100.7027714097203,2105.899289765339,0.99753239939779,5.196518355618704,0.12027477166381577,0.20203933764249413,0.9989034414269276,0.0,0.0,0.0,0.0,False,238.0684320350606,1.363255378847885,1440,2023-04-15,-0.019743704827572713,0.429
18,0,60,260.91805294279794,1842.799307049293,1750.659341696821,1753.8535608597717,0.9981787423795035,3.1942191629506844,0.1490398769928043,0.2024088967219828,0.9917026646032419,0.0,0.0,0.0,0.0,False,228.2981521687566,1.7386370125578439,1440,2023-01-02,-0.02164652328513738,0.447
19,1,60,309.27110983690085,2138.6781664082764,2031.7442580878658,2035.4647949131424,0.9981721438589483,3.7205368252767075,0.15221950725627495,0.20335255783181916,1.0034902163672244,0.0,0.0,0.0,0.0,False,275.66635019046146,1.1773435833735044,1440,2023-01-21,-0.02410225286216336,0.398
20,1,120,313.5782452612771,4200.321971886744,3990.3058732924,3994.747774576146,0.9988880646452786,4.441901283745175,0.07858501458750174,0.20230034025857635,0.9987982204445943,0.0,0.0,0.0,0.0,False,481.7220605334578,1.3717224124507268,1440,2023-12-18,-0.028310518857015063,0.398
21,1,120,588.3606407050769,4257.98866802671,4045.0892346254004,4054.583305643858,0.9976584348371281,9.494071018457987,0.14545059616208011,0.2029809617971803,0.9981089316004094,0.0,0.0,0.0,0.0,False,531.0305256592632,1.3759166453826621,1440,2023-01-15,-0.029477270004691063,0.397
22,1,120,552.0999464678786,4303.151022228929,4087.9934711174515,4091.6824692853384,0.9990984153351149,3.6889981678860506,0.13505401864474167,0.20217469505945163,0.9795819465282618,0.0,0.0,0.0,0.0,False,490.2559159299408,2.3165632610395432,1440,2023-06-20,-0.03205708639761959,0.441
23,1,120,291.17421633306594,4350.904228366814,4133.359016948467,4139.232567592127,0.9985810049211423,5.873550643660828,0.07044493719009945,0.201971000106109,0.9517749298906473,0.0,0.0,0.0,0.0,False,480.59130190049876,3.5559354999040766,1440,2023-07-14,-0.03245588744193189,0.445
24,1,120,490.2073584970915,4239.182368507139,4027.2232500817936,4028.348269522436,0.9997207243849411,1.1250194406426228,0.12172341289674847,0.20225606900274096,1.0021477191937873,0.0,0.0,0.0,0.0,False,497.7436069640396,1.2168038578683529,1440,2023-01-31,-0.03242534938533339,0.39
25,1,120,23.777732516213646,3917.93246562491,3722.0358423436764,3725.1072471380985,0.9991754855388978,3.071404794422051,0.006388367421319989,0.1993077434715882,0.994763679942881,0.0,0.0,0.0,0.0,False,520.2177998736452,1.5381990831531642,1440,2023-12-24,-0.03314087396278195,0.384
26,1,120,316.8040429924128,4093.302488211775,3888.6373638011764,3893.453470443246,0.9987630244772077,4.816106642069192,0.08146916602239664,0.20274069413339812,0.9893314791112483,0.0,0.0,0.0,0.0,False,478.7480964064598,1.982100316148412,1440,2023-04-01,-0.027192364629784135,0.4
27,1,120,188.11551934213924,4002.6834581107933,3802.5492852052544,3806.083475423784,0.9990714364933533,3.534190218529531,0.049470895768280655,0.20140963737196932,0.9589365477997979,0.0,0.0,0.0,0.0,False,481.3070718050003,3.2248254712427613,1440,2023-07-15,-0.030123083326037636,0.414
28,1,120,428.48861544459476,4185.564822733389,3976.286581596724,3983.1313489245213,0.9982815612320579,6.84476732779743,0.10776099927700136,0.20165140891966957,0.9671380697198988,0.0,0.0,0.0,0.0,False,451.75956819656034,2.684830508715522,1440,2023-05-09,-0.029609815276495526,0.395
29,1,120,435.51137510649284,4457.1957612693905,4234.335973205924,4238.339020226537,0.9990555151436661,4.003047020612826,0.102852342814157,0.19959255645879143,0.981497026644836,0.0,0.0,0.0,0.0,False,552.275331547899,2.0874896827121736,1440,2023-03-26,-0.029813668687785864,0.398
30,1,120,476.7883454174477,4599.6632219051735,4369.680060809918,4378.368047816644,0.9980157019894528,8.687987006725642,0.10911287297520707,0.20189197739228168,0.9912604632488264,0.0,0.0,0.0,0.0,False,562.769141705559,1.7114751077342791,1440,2023-11-15,-0.025426903825825794,0.394
31,1,120,439.68747624029527,4134.53464162413,3927.807909542917,3932.930659713862,0.9986974725429516,5.122750170944979,0.11194220449835138,0.20176468374613796,0.9461246753365682,0.9722222222222222,0.0,0.0,0.0,False,469.83226585213174,3.6986683967538787,1440,2023-08-27,-0.02707081685955038,0.418
32,1,120,599.5742466022285,4088.509530465405,3884.0840539421197,3885.9863565679925,0.9995104711001732,1.9023026258734248,0.15436695969380362,0.20089765183607455,0.9983345434519671,0.0,0.0,0.0,0.0,False,511.2647877971066,1.4484851609819387,1440,2023-01-21,-0.02819413545232076,0.427
33,1,120,628.6784805225134,4228.326793451401,4016.9104537788407,4017.0472396472737,0.9999659486532588,0.1367858684328369,0.1565079649537855,0.2019117638515269,0.9667539840782321,0.0,0.0,0.0,0.0,False,524.9047985397422,2.9318574935101074,1440,2023-09-25,-0.027230202716201295,0.416
34,1,120,166.7475524212172,4222.212226921755,4011.101615575618,4015.9343632337127,0.998796606911124,4.832747658094893,0.04157151037353809,0.20118442951668727,0.9913891298537447,0.0,0.0,0.0,0.0,False,575.1211293353996,1.7795407828796603,1440,2023-12-30,-0.028785691153877233,0.414
35,1,120,405.13187264361585,3900.950276542558,3705.902762715422,3711.9369009252346,0.9983743963405443,6.034138209812703,0.10932069689458447,0.20100214583618606,0.9547809411687452,0.0,0.0,0.0,0.0,False,431.9577133658666,3.4552270516763373,1440,2023-09-02,-0.028489167843205168,0.413
36,1,120,481.77130071775736,4543.690186800989,4316.505677460947,4320.1074752299355,0.9991662712583794,3.6017977689879985,0.11161141365650762,0.2026669621972276,0.9888203351607942,0.0,0.0,0.0,0.0,False,543.2459565712853,1.934966149204018,1440,2023-09-29,-0.02790103238937415,0.492
37,1,120,604.6373666678804,4200.668233123554,3990.634821467349,3992.118512626868,0.9996283449113983,1.4836911595185667,0.15151408077112813,0.20039333570477041,0.959506401622617,0.0,0.0,0.0,0.0,False,596.2904869382139,3.224950889638226,1440,2023-06-21,-0.031226468130462107,0.411
38,1,120,435.5479820165087,4111.187325813581,3905.627959522919,3909.0087630950934,0.9991351250976737,3.3808035721743668,0.1115180417926217,0.20097885938800727,0.9860780070581021,0.0,0.0,0.0,0.0,False,485.6364333433793,1.8918350803875406,1440,2023-09-29,-0.028904505225165182,0.41
39,2,120,528.1407139574696,4394.855956254654,4175.113158441924,4180.5850010094455,0.9986911299336814,5.471842567522867,0.12649734124920392,0.20164631339338604,0.9922470471186752,0.0,0.0,0.0,0.0,False,581.911215241923,1.6027703059188982,1440,2023-02-10,-0.028384029973449094,0.404
40,2,180,543.9610623236188,6698.225950015849,6363.314652515064,6375.608370296557,0.9980717576947216,12.29371778149213,0.08548391711364159,0.20203255761013528,0.9552774113730852,0.0,0.0,0.0,0.0,False,774.2665988822561,3.374024989471321,1440,2023-06-10,-0.02951836425357881,0.429
41,2,180,652.1309696437626,6184.461504695559,5875.238429460843,5881.574215596234,0.9989227737501652,6.335786135391349,0.110996511456235,0.20191429123752497,0.9869672297587038,0.0,0.0,0.0,0.0,False,777.7545560778852,1.8677208116798216,1440,2023-04-30,-0.031377196835037674,0.418
42,2,180,882.3152866734787,6347.281626658026,6029.917545325168,6040.359214498577,0.9982713496329249,10.441669173408494,0.14632294389456682,0.201302631064107,0.9936024531801907,0.0,0.0,0.0,0.0,False,718.8504633056249,1.5774837741916712,1440,2023-01-05,-0.032699791442338325,0.416
43,2,180,735.1336606688782,6168.659212542616,5860.226251915544,5870.88375635951,0.998184684813011,10.657504443967147,0.1254445867902427,0.20167785854293735,0.9888871225184366,0.0,0.0,0.0,0.0,False,751.0210772384897,1.6745079046438303,1440,2023-12-06,-0.032477346299864686,0.424
44,2,180,691.303170047294,6314.354035132331,5998.636333375699,6003.65673435855,0.9991637761442755,5.020400982851564,0.11524338726803046,0.20045553377678774,0.9442173419744081,6.041666666666667,0.0,0.0,0.0,False,748.65032969255,3.9080238277473494,1440,2023-08-26,-0.03320878356645939,0.428
45,2,180,611.1140094986263,6325.282293772583,6009.018179083911,6015.1978259981115,0.9989726610673564,6.179646914200758,0.10169947756619903,0.2022918745057174,0.9927910009352596,0.0,0.0,0.0,0.0,False,748.7314182705104,1.5481070585566252,1440,2023-11-27,-0.031127595583045398,0.419
46,2,180,501.9212228881538,6596.217227296104,6266.406365931312,6271.771129977353,0.9991446173760394,5.364764046039594,0.08009713918601867,0.20105136920045732,0.9498509427539163,0.06944444444444445,0.0,0.0,0.0,False,738.4506032582237,3.4950440351942262,1440,2023-08-07,-0.03361718852524532,0.434
47,2,180,514.2035424808762,6636.845547573661,6305.0032701949585,6313.219438983284,0.9986985770306681,8.216168788325,0.08155484151953127,0.20136437063986054,0.9578762662704468,0.0,0.0,0.0,0.0,False,766.5132027064539,3.2051347309410168,1440,2023-05-27,-0.03293231966745597,0.43
48,2,180,291.67175004184105,6851.535240759485,6508.9584787214535,6518.047175655214,0.9986056104399326,9.088696933759735,0.04481081742883291,0.20114154537921936,0.9565348686603081,0.0,0.0,0.0,0.0,False,783.5677811276894,3.34424684620343,1440,2023-07-15,-0.033141246279904585,0.433
49,2,180,661.4065339480454,6506.761998322544,6181.423898406412,6187.479218882232,0.9990213590605136,6.055320475820431,0.10699905795468222,0.20086623574853257,0.9526238736789409,0.0,0.0,0.0,0.0,False,816.8685697309425,3.4900619243235482,1440,2023-06-13,-0.03287524926541384,0.433
50,2,180,650.181899586354,6778.968833071995,6440.020391418426,6452.585848391958,0.9980526478424671,12.565456973532799,0.10095960262062932,0.20175884337973804,0.9517230206716195,0.0,0.0,0.0,0.0,False,812.338248485174,3.5241732266773784,1440,2023-07-24,-0.03210008225373695,0.426
51,2,180,799.5099299758742,6292.7045896565205,5978.069360173717,5985.534447911128,0.9987528118328654,7.465087737412384,0.1337404907514558,0.20157620993221356,0.9678703985628792,0.0,0.0,0.0,0.0,False,784.3049296176214,2.800489204539528,1440,2023-09-12,-0.03353162760203437,0.417
52,2,180,697.3890557962744,6786.714583684062,6447.3788544998215,6452.248690158443,0.9992452498512573,4.86983565862154,0.10816629075698653,0.1989192304341381,0.9786386524837989,0.0,0.0,0.0,0.0,False,887.3804016684285,2.093087208021897,1440,2023-02-17,-0.034353880792729136,0.407
53,2,180,773.164477528926,6577.640999944114,6248.758949946924,6254.159645398613,0.9991364634486646,5.4006954516886605,0.12373088540013104,0.20206442138446265,0.9564715404905912,0.0,0.0,0.0,0.0,False,772.8190489752852,3.343425963415174,1440,2023-08-16,-0.029112289971225804,0.413
54,2,180,763.7652473871897,6691.426122022276,6356.854815921159,6367.8767163304565,0.9982691404214795,11.021900409296723,0.12014829180529492,0.20176254604505292,0.9832444977208445,0.0,0.0,0.0,0.0,False,791.7546224241895,1.9440265255177036,1440,2023-04-25,-0.031941658473960306,0.409
55,2,180,774.6839252708423,6248.642579633642,5936.210450651899,5938.1741214654285,0.9996693140394063,1.9636708135296606,0.13050142539770782,0.20048546663475106,0.9699030793475611,0.0,0.0,0.0,0.0,False,807.4460893940541,2.6600030626987476,1440,2023-09-28,-0.03362915483169915,0.416
56,2,180,613.6396501765636,6663.473696230325,6330.300011418796,6337.3561869155055,0.9988865742608443,7.056175496709017,0.09693689857821286,0.2008536648275487,0.9554822189859574,0.0,0.0,0.0,0.0,False,766.478180847179,3.4165085660021797,1440,2023-05-30,-0.03219385054696368,0.422
57,2,180,372.76801037051064,6234.496155708829,5922.771347923379,5928.305186063717,0.9990665395983076,5.533838140337763,0.06293810590901998,0.20213039252238693,0.9487464669902557,0.20833333333333334,0.0,0.0,0.0,False,776.2202484607697,3.4623620019880708,1440,2023-05-28,-0.031898326384707576,0.418
58,2,180,776.151988473125,6633.758527372016,6302.0706010034155,6309.600870773091,0.9988065378581146,7.530269769674451,0.12315825029785386,0.20102665473095221,0.9624784297592656,0.0,0.0,0.0,0.0,False,816.1160433004329,3.0609131602258928,1440,2023-05-10,-0.03457722760966611,0.416
59,3,180,455.0116536694458,6635.654195957658,6303.871486159749,6312.931560388934,0.9985648388324003,9.06007422918458,0.07217971601553604,0.20199777736345367,0.9866129326517504,0.0,0.0,0.0,0.0,False,840.8063596588875,1.8018233594479298,1440,2023-12-17,-0.034343458185024184,0.414
60,3,240,735.4715481095088,8237.710853251625,7825.825310589049,7838.629755030464,0.9983664945479536,12.804444441416369,0.09398006202800736,0.2002633126633645,0.9504635662141113,0.0,0.0,0.0,0.0,False,966.8734042664892,3.395406734476149,1440,2023-10-04,-0.03639280130498654,0.433
61,3,240,889.9901037560887,8600.99719163251,8170.94733205087,8177.046126962284,0.9992541567190988,6.098794911414776,0.1089212875311369,0.20115921218904848,0.9475776309728873,0.4166666666666667,0.0,0.0,0.0,False,1016.4210234857856,3.530258650939434,1440,2023-09-02,-0.03422961909392846,0.435
62,3,240,1058.6796076226922,8590.777012952258,8161.238162304611,8174.770439522094,0.9983446290855998,13.532277217482335,0.1297204647834633,0.20004850971425928,0.9504743521047923,0.0,0.0,0.0,0.0,False,997.9731565066975,3.488010188832633,1440,2023-06-17,-0.03452801289103916,0.448
63,3,240,1010.2522472546423,8510.075373547765,8084.571604870409,8093.341210843342,0.9989164418323073,8.769605972933626,0.12496051697359369,0.20091960149395055,0.9737569924299911,0.0,0.0,0.0,0.0,False,1106.6208880359145,2.3148549793803204,1440,2023-02-10,-0.032325607969904455,0.423
64,3,240,636.2833042592081,8477.964478909651,8054.066254964193,8061.7488006945605,0.9990470373215169,7.682545730367808,0.07900149863642224,0.1996605877674729,0.9493800404380219,0.20833333333333334,0.0,0.0,0.0,False,902.307516131445,3.6642232041973766,1440,2023-08-07,-0.03252606602301501,0.435
65,3,240,986.3153162785975,8589.923970365364,8160.427771847056,8164.794117943289,0.9994652227559985,4.3663460962323235,0.12086563889227978,0.20046587093987478,0.9787214137662119,0.0,0.0,0.0,0.0,False,1076.8078636808953,1.7916434314896605,1440,2023-11-20,-0.02989963165562626,0.425
66,3,240,1238.4767964680964,8598.281377518588,8168.367308642649,8177.763929354296,0.9988509547606385,9.396620711647506,0.15161864662448635,0.1995464011394869,0.9917167812231232,0.0,0.0,0.0,0.0,False,946.0550092263261,1.6395407759797545,1440,2023-02-23,-0.029593400687993147,0.426
67,3,240,698.6067097075742,8659.038133328504,8226.086226662104,8234.379453910748,0.9989928534026077,8.293227248644671,0.0849257703430429,0.20125544648825164,0.979363867236666,0.0,0.0,0.0,0.0,False,1123.8450137530422,2.214775711330258,1440,2023-12-15,-0.02730290241000768,0.482
68,3,240,813.452642973444,8649.04597249879,8216.593673873838,8223.0829838491,0.999210842212342,6.4893099752636,0.09900120113763997,0.20054860575207886,0.9495118305269412,0.06944444444444445,0.0,0.0,0.0,False,1008.8115359460029,3.5275249697120943,1440,2023-05-13,-0.0292931758793143,0.445
69,3,240,1011.7538673305978,8147.982341493309,7740.583224418617,7745.412907547794,0.9993764460091635,4.829683129177903,0.13070770483274394,0.2001400774266167,0.946798855243674,0.4166666666666667,0.0,0.0,0.0,False,1198.1286302995554,3.583139555978309,1440,2023-06-17,-0.02935777532278343,0.442
70,3,240,1211.3721904083961,8286.641467720501,7872.309394334441,7882.191615629321,0.9987462596982184,9.882221294880313,0.15387761452569418,0.20090626249112212,0.9733556678974455,0.0,0.0,0.0,0.0,False,1161.3456796047021,2.3467868163304106,1440,2023-03-05,-0.028517696432872844,0.438
71,3,240,1265.5893921664497,9015.949281108267,8565.151817052885,8569.915120202,0.9994441831590739,4.7633031491166165,0.14776029884802627,0.2000960205305882,0.9892998099406932,0.0,0.0,0.0,0.0,False,1020.0503614059982,1.8240722546413937,1440,2023-02-26,-0.029576553587412367,0.433
72,3,240,421.86235952924807,8781.515716647098,8342.439930814748,8349.45800107265,0.9991594579843386,7.018070257899611,0.05056822260967095,0.19758025751640224,0.9410617932741581,4.236111111111111,0.0,0.0,0.0,False,1204.586945617562,3.9388575389776226,1440,2023-08-02,-0.028645908024398776,0.433
73,3,240,426.5522502499724,8750.929864425672,8313.38337120438,8319.314173101924,0.9992871044686928,5.930801897545945,0.05130910379129752,0.1987612333854737,0.9500775771294017,0.0,0.0,0.0,0.0,False,1042.6390948257495,3.60660630890765,1440,2023-09-19,-0.022245725818598894,0.438
74,3,240,1137.207287232946,8430.684054173023,8009.1498514644245,8014.462446954931,0.9993371239149639,5.312595490506514,0.14198851417732117,0.2003566803673802,0.9831082612559898,0.0,0.0,0.0,0.0,False,949.557673179974,2.007922372254277,1440,2023-03-07,-0.019661788635189872,0.431
75,3,240,713.7077785510107,8394.426836270597,7974.705494457087,7977.424305272152,0.9996591868865158,2.7188108150649297,0.08949644335418802,0.19967988301302594,0.938102392659125,5.833333333333333,0.0,0.0,0.0,False,1071.4954136180554,3.912268196839377,1440,2023-05-31,-0.021122456267025965,0.434
76,3,240,1043.4975557029886,8581.999465933271,8152.899492636594,8161.571022770112,0.9989375170406133,8.671530133518214,0.1279909750691074,0.1994008132723968,0.9396407976294272,3.4722222222222223,0.0,0.0,0.0,False,1041.9148371110396,4.050912726879383,1440,2023-07-06,-0.02078603034356679,0.444
77,3,240,1019.3032903154274,8453.358767818483,8030.6908294275545,8043.960732789035,0.9983503271830518,13.269903361481282,0.12692597834551247,0.2016792349973404,0.9804379580999731,0.0,0.0,0.0,0.0,False,1228.2390853511754,2.2109931358981356,1440,2023-10-26,-0.0198729768390352,0.441
78,3,240,1275.6445407855315,8768.612691142487,8330.182056585356,8344.326164715469,0.9983049430414259,14.144108130112873,0.15313525348189497,0.20156405877329414,0.9798320954748925,0.0,0.0,0.0,0.0,False,1057.6922323264018,2.369482584444735,1440,2023-03-05,-0.024239023580152817,0.44
79,4,240,772.9997098621506,8663.788498549793,8230.599073622361,8243.13288334248,0.9984794846938054,12.533809720118608,0.09391779419064163,0.20003982749491098,0.9454518550046981,0.8333333333333334,0.0,0.0,0.0,False,1039.9349917479574,3.827859663801845,1440,2023-05-25,-0.027556676218809875,0.45
80,4,300,1295.0994181845294,10900.046648321451,10355.044315905316,10361.903752225247,0.9993380138935899,6.859436319931621,0.12506942304392274,0.20036805573626487,0.9710563114422346,0.0,0.0,0.0,0.0,False,1355.1402898422666,2.2100544347084026,1440,2023-12-05,-0.026859480892038105,0.465
81,4,300,283.5697556095385,10735.941222357562,10199.144161239607,10206.613092528029,0.9992682262744054,7.46893128842323,0.027803289288448822,0.19752420595643197,0.9779217615935616,0.0,0.0,0.0,0.0,False,1293.5320992139932,2.1466617596843167,1440,2023-12-23,-0.027042229548412504,0.453
82,4,300,1607.2898509830989,11181.619671079241,10622.538687525303,10633.201392600895,0.9989972253245375,10.662705075594443,0.15130939018095907,0.20140713907298866,0.9741896356232864,0.0,0.0,0.0,0.0,False,1507.6573117960836,2.2737795567263226,1440,2023-02-23,-0.020808169255701232,0.449
83,4,300,876.2366353299791,11322.03916621284,10755.937207902152,10765.427951576126,0.9991184053512164,9.490743673973459,0.08146539147571698,0.19998748516525827,0.965928704080924,0.0,0.0,0.0,0.0,False,1327.0176708142328,2.8009041239700205,1440,2023-04-01,-0.02443373083160636,0.442
84,4,300,1166.4247668306275,10863.23293511352,10320.07128835787,10328.211529611535,0.9992118440612563,8.140241253666495,0.11302487494892383,0.20076090782341405,0.96524474674992,0.0,0.0,0.0,0.0,False,1316.5201114817814,2.7791033962152802,1440,2023-09-29,-0.02421031575358653,0.45
85,4,300,1312.796435356402,10612.436464868108,10081.814641624642,10088.806702108628,0.9993069487115335,6.992060483987598,0.13021429990750658,0.20054745919060754,0.9757887560913354,0.0,0.0,0.0,0.0,False,1216.1371301410154,2.4097401440776727,1440,2023-10-11,-0.025771158930284074,0.481
86,4,300,1028.5436552301962,10487.357768037886,9962.98987963604,9968.375915202305,0.9994596877553492,5.3860355662623896,0.1032364448479968,0.19851255057393208,0.9661405376443456,0.0,0.0,0.0,0.0,False,1267.0835481964523,2.9455073874128574,1440,2023-04-29,-0.02657761943899817,0.451
87,4,300,953.9824240673884,11167.26103550637,10608.89798373103,10620.152656126284,0.9989402532374372,11.254672395251879,0.08992285773040146,0.20034202462494918,0.9748906140871221,0.0,0.0,0.0,0.0,False,1342.7858288030482,2.3505461834193113,1440,2023-11-19,-0.022671616417980035,0.449
88,4,300,876.9642486212684,10373.245497417438,9854.583222546535,9870.517673547012,0.9983856519457757,15.934451000479823,0.08899049597702327,0.19945996524378712,0.9420531215862321,2.0833333333333335,0.0,0.0,0.0,False,1299.9596095166537,3.7968578729130558,1440,2023-05-19,-0.023588758144650612,0.454
89,4,300,816.4264220227639,10906.179563182623,10360.870585023538,10368.512141148367,0.9992630035996677,7.6415561248285595,0.07879901744964311,0.20024365852442863,0.9335832947777395,13.26388888888889,0.0,0.0,0.0,False,1193.2574939574176,4.386974120694716,1440,2023-06-03,-0.02235493914961989,0.454
90,4,300,676.0088504913592,10463.486118833713,9940.311812892001,9949.711076041327,0.9990553230061163,9.399263149324877,0.06800680534131891,0.2004298648644572,0.9451218692562806,2.2222222222222223,0.0,0.0,0.0,False,1325.3423174488084,3.7807612022570023,1440,2023-09-18,-0.02310419209722807,0.453
91,4,300,1018.1921622461861,10552.063826625928,10024.460635294648,10039.220270802589,0.9985298026032094,14.759635507940976,0.10157076767415112,0.20201331639447165,0.9423547660942929,2.0833333333333335,0.0,0.0,0.0,False,1312.0575726678662,3.8556074877777062,1440,2023-05-13,-0.024134741646600354,0.498
92,4,300,1170.7083399656603,11037.922106621316,10486.026001290324,10498.246528915959,0.9988359458322896,12.220527625638413,0.1116446153978259,0.2011677506539448,0.9780867745679643,0.0,0.0,0.0,0.0,False,1202.460567128339,2.048355870453592,1440,2023-12-03,-0.02854344047185352,0.455
93,4,300,1222.9565027715491,11032.741028352557,10481.10397693501,10495.239508235885,0.9986531482878707,14.135531300873357,0.11668203134544024,0.20258976647364904,0.9765496983006645,0.0,0.0,0.0,0.0,False,1441.790611017496,2.2661283603429454,1440,2023-02-24,-0.030268542435594216,0.459
94,4,300,1498.8800948809867,10907.982105600871,10362.58300032081,10370.10998207517,0.9992741656773776,7.526981754359216,0.1446434826948632,0.20271034291091256,0.9500605208039541,0.0,0.0,0.0,0.0,False,1475.8414197807454,3.558777687397022,1440,2023-06-15,-0.03490654713361857,0.452
95,4,300,1096.2914634379147,10091.351699332017,9586.784114365368,9597.20701331208,0.99891396539303,10.422898946711168,0.11435445404420559,0.20080969597094459,0.9327799137748034,10.972222222222221,0.0,0.0,0.0,False,1268.4935876238712,4.128627410663401,1440,2023-08-19,-0.039017736199563405,0.458
96,4,300,922.7130382752055,10321.82707118004,9805.735717621019,9810.469374052853,0.9995174893013423,4.7336564318332,0.09409931746549927,0.20080464447873106,0.9324270044208133,11.875,0.0,0.0,0.0,False,1399.9704256519217,4.212717729642092,1440,2023-06-01,-0.038165748982936974,0.455
97,4,300,1196.0856742729509,10346.856182652882,9829.513373520203,9841.437002436993,0.998788426028248,11.923628916790816,0.12168310157602458,0.20249639705424358,0.9792371939787468,0.0,0.0,0.0,0.0,False,1163.9479710245553,1.9948813986943479,1440,2023-11-20,-0.03751327815070263,0.449
98,4,300,1199.7065166866823,10776.012692034827,10237.21205743315,10246.140840834421,0.9991285710844723,8.928783401271717,0.11719074587456514,0.19993342049105298,0.9592221260619073,0.0,0.0,0.0,0.0,False,1227.4447443419235,2.9635940372481464,1440,2023-09-15,-0.040837977003754855,0.456
99,5,300,1537.5277145729083,10838.038610706888,10296.136680171541,10309.694368712688,0.9986849572784339,13.557688541146772,0.1493305462362308,0.2030064680405734,0.9389582165654177,4.930555555555555,0.0,0.0,0.0,False,1226.0635082543718,3.9267286224957454,1440,2023-06-21,-0.03785585867172997,0.464
100,5,205,744.6782934988562,7130.985735546706,6774.436448769371,6781.357185716211,0.9989794466273777,6.920736946840867,0.10992475892723634,0.20017047149373549,0.9429920496939918,1.1111111111111112,0.0,0.0,0.0,False,908.6048385121774,3.5125915108505668,1440,2023-06-12,-0.042381192017083666,0.467
101,5,212,854.7317178840094,7822.423275489356,7431.302111714837,7438.85792328036,0.9989842780110268,7.555811565522656,0.11501775934214746,0.20095882758720074,0.966889922461185,0.0,0.0,0.0,0.0,False,1113.4340126401516,2.7947497303301763,1440,2023-05-08,-0.03977078986500998,0.452
102,5,256,962.2634472398846,9064.244020364327,8611.031819346113,8623.21111062467,0.9985876153184339,12.179291278557596,0.11174775188706189,0.20116358183382024,0.9682012605792895,0.0,0.0,0.0,0.0,False,1101.889000617332,2.707803163284744,1440,2023-03-29,-0.03946479292833464,0.45
103,5,292,1107.5491277559233,10162.647710030858,9654.515324529311,9663.760907573274,0.9990432727866106,9.245583043963187,0.11471825260269292,0.20090587957095798,0.9471583570865191,1.5277777777777777,0.0,0.0,0.0,False,1115.1552128737194,3.633785939365284,1440,2023-06-24,-0.039728633813248274,0.458
104,5,126,389.4756292446365,4437.240201288299,4215.378191223886,4216.5847152029155,0.9997138622699362,1.2065239790294635,0.09239399445949992,0.2011452677076146,0.999203767449067,0.0,0.0,0.0,0.0,False,515.4292944444248,1.3284576685052019,1440,2023-11-09,-0.039418055521430115,0.404
105,5,146,386.35109921458894,4780.063671493009,4541.060487918336,4548.008637171184,0.9984722655986049,6.948149252848266,0.08507948754316107,0.20017721712508507,0.99068133818586,0.0,0.0,0.0,0.0,False,573.7458689036798,1.5939774757430532,1440,2023-01-14,-0.03975351017400086,0.405
106,5,268,825.3869065207268,9264.777246293372,8801.538383978714,8814.71882037619,0.9985047241249478,13.180436397474729,0.09377757279604258,0.19910455979234398,0.9500670760954039,0.0,0.0,0.0,0.0,False,1244.2639864160628,3.3889931183220003,1440,2023-10-14,-0.03790102347074675,0.441
107,5,291,870.2606993940558,10678.92469948969,10144.97846451516,10148.420867776316,0.9996607941958647,3.4424032611578044,0.08578240973482901,0.19872493063343488,0.9733497201124223,0.0,0.0,0.0,0.0,False,1263.8018325267337,2.413610619201397,1440,2023-12-15,-0.03401441596573028,0.451
108,5,165,410.4259432707561,5957.210881495433,5659.350337420631,5665.209646333436,0.9989657383788795,5.859308912804496,0.07252174168419062,0.20313701745366758,0.9813292015397317,0.0,0.0,0.0,0.0,False,694.7506856089119,2.108826696493103,1440,2023-01-01,-0.030006192343788818,0.456
109,5,176,715.0347678772424,6176.634266192179,5867.802552882569,5875.107057281073,0.9987567027583861,7.304504398504518,0.12185733269535122,0.20155346009535813,0.9859400058994219,0.0,0.0,0.0,0.0,False,899.5592163080671,1.8505120446600913,1440,2023-11-21,-0.03666305532343096,0.453
110,5,277,1061.459068513444,10115.98617962863,9610.186870647161,9618.090255963203,0.9991782791483849,7.903385316042805,0.110451449363124,0.2003199034515735,0.9648287575206316,0.0,0.0,0.0,0.0,False,1306.9403217510935,2.9954661300385492,1440,2023-10-08,-0.03858239252363179,0.453
111,5,196,578.2480128510464,6937.953432781692,6591.055761142619,6601.716747425462,0.9983851190999674,10.66098628284297,0.08773222891848238,0.20095267724350377,0.9568140910359515,0.0,0.0,0.0,0.0,False,827.6817342219615,3.2807387237158765,1440,2023-05-19,-0.037420032840044935,0.435
112,5,169,648.7856382819436,6407.905557670284,6087.510279786796,6091.99246036659,0.9992642504715895,4.482180579795295,0.10657651625430457,0.20014718275077506,0.9561197008423151,0.0,0.0,0.0,0.0,False,781.4613240517986,3.322222561851823,1440,2023-07-05,-0.037929881297597244,0.428
113,5,269,1049.463322666679,10003.828389766559,9503.636970278192,9509.469582275104,0.9993866522263468,5.8326119969087395,0.11042754746933046,0.20192789603816627,0.9827859402190737,0.0,0.0,0.0,0.0,False,1247.2659021373897,2.0117050215578196,1440,2023-12-03,-0.03657303131717468,0.448
114,5,166,642.3484294578569,5849.827651822286,5557.336269231171,5562.001130451579,0.9991612980452542,4.664861220408109,0.11558566880580766,0.20158849860018782,0.9527012611771408,0.0,0.0,0.0,0.0,False,720.1920828306393,3.4688852415883407,1440,2023-09-17,-0.03950151536700561,0.482
115,5,194,705.7892335999986,7048.836286118484,6696.394471812575,6700.28715139917,0.9994190279463198,3.8926795865974277,0.10539839559495905,0.200222539546741,0.9834442272235823,0.0,0.0,0.0,0.0,False,1064.3886613917443,2.0888036154517984,1440,2023-03-21,-0.04117705317332715,0.433
116,5,236,351.064086216739,8397.38406509889,7977.514861843968,7983.4871559883295,0.9992519191140826,5.972294144362522,0.04400669786224529,0.199532601671216,0.9785525181014423,0.0,0.0,0.0,0.0,False,1020.1857597030724,2.3746846839074016,1440,2023-12-30,-0.03952350047813841,0.448
117,5,219,1026.849486514349,7757.101941875862,7369.2468447820675,7375.721975501566,0.9991221021154261,6.475130719497558,0.13934252823155585,0.2033689125828463,0.9743389602888143,0.0,0.0,0.0,0.0,False,920.238841416558,2.515479539441344,1440,2023-01-16,-0.036659425079393244,0.441
118,5,135,532.4957591809812,4627.177927396233,4395.819031026396,4399.1905709938965,0.9992335999286481,3.371539967499602,0.12113687015378491,0.2008492413479199,0.9834382215406795,0.0,0.0,0.0,0.0,False,642.09507955608,2.1415430702558815,1440,2023-03-10,-0.0429764943951261,0.405
119,5,124,202.22653289946695,4134.028776274604,3927.3273374608475,3934.784878321563,0.9981047144656363,7.457540860715774,0.05149215115595976,0.2000645593808881,0.9970577813716768,0.0,0.0,0.0,0.0,False,506.65425695100373,1.4607701546103156,1440,2023-04-10,-0.04252933519827028,0.395
120,5,276,1112.5783815696473,10125.276945072317,9619.013097818666,9625.26272929964,0.9993507053618443,6.249631480974134,0.11566450427455496,0.20103671929974212,0.9709411778440965,0.0,0.0,0.0,0.0,False,1237.7628491550977,2.4287925504487955,1440,2023-04-18,-0.04044853548236007,0.461
121,5,256,737.453793455498,8987.106832948755,8537.751491301247,8543.667261610066,0.9993075841874834,5.915770308817239,0.08637564518091893,0.20101691449349998,0.946080939565892,2.0833333333333335,0.0,0.0,0.0,False,1181.9471285935983,3.4258042128036257,1440,2023-06-04,-0.04097448349609785,0.436
122,5,271,397.91927431279674,9213.704484943199,8753.019260695997,8760.172813897978,0.9991834004472342,7.1535532019813655,0.045460801862916976,0.19660799394809628,0.9802719118589848,0.0,0.0,0.0,0.0,False,1246.643301849579,2.4405705340425476,1440,2023-12-30,-0.04140251705803037,0.562
123,5,217,564.3367431530769,8112.900610176365,7707.255579667554,7716.601383321983,0.9987888704897174,9.34580365442969,0.07322149075240854,0.19917192136878117,0.954048940671926,0.0,0.0,0.0,0.0,False,958.1365974355159,3.4929911815275267,1440,2023-07-22,-0.03187571840509304,0.46
124,5,267,772.6858671638246,9493.178520025236,9018.519594023965,9022.2921288049,0.9995818651483372,3.77253478093428,0.08567768347211192,0.19912125605382852,0.9803143162808796,0.0,0.0,0.0,0.0,False,1033.1390084410568,2.1682205696232537,1440,2023-12-15,-0.029853515876689017,0.458
125,5,179,820.643054794779,6296.095309220451,5981.2905437594645,5988.628735744376,0.9987746456979187,7.338191984911516,0.13720167057441993,0.20068357068906204,0.97117900670081,0.0,0.0,0.0,0.0,False,807.0544887583999,2.5810692801018673,1440,2023-10-12,-0.028080352963761386,0.441
126,5,201,1268.0073732834173,7005.966238955914,6655.667927008154,6659.264287057156,0.9994599463403199,3.596360049002918,0.19051542041903075,0.20039505453551518,0.9835210345963457,0.0,0.0,0.0,0.0,False,917.989865871315,1.8260230923733922,1440,2023-01-24,-0.030133093365386106,0.445
127,5,262,1156.3562257066417,9182.227793093005,8723.11640343834,8726.635051510231,0.9995967921138994,3.5186480718909765,0.13256228304495024,0.20198097012598273,0.9886623340580002,0.0,0.0,0.0,0.0,False,994.9362749570287,1.7662244820635788,1440,2023-11-28,-0.031160302875658557,0.461
128,5,142,640.4140727961712,5104.361715402186,4849.143629632124,4854.367165671353,0.9989239511843752,5.223536039228102,0.13206745803170933,0.2000357838813987,0.9830622934383432,0.0,0.0,0.0,0.0,False,592.1697053909302,2.1074450289948374,1440,2023-03-18,-0.035570133289204275,0.437
129,5,174,266.3850212954914,6644.332319955483,6312.115703957704,6320.157923771828,0.9987275286612894,8.042219814123957,0.04220217654256048,0.19767290971555443,0.9826734525768778,0.0,0.0,0.0,0.0,False,744.6865049288681,2.060113379686929,1440,2023-12-30,-0.034820377076025914,0.463
130,5,142,581.9767426028487,4844.163918727159,4601.955722790848,4603.359157706322,0.9996951280863836,1.403434915473944,0.12646291656407113,0.20157141602266812,0.992716618888171,0.0,0.0,0.0,0.0,False,602.0525478014091,1.6472203724859096,1440,2023-02-18,-0.02890589442640355,0.439
131,5,202,800.0306200674555,6901.176828508306,6556.117987082896,6562.408047833795,0.9990415011219891,6.290060750897223,0.12202809980596828,0.20124190946049825,0.9843058395537311,0.0,0.0,0.0,0.0,False,998.7699477174925,2.1371914435995607,1440,2023-04-15,-0.032829592983489184,0.463
132,5,296,1171.1205930549393,10298.83622197827,9783.894410879326,9792.40089792211,0.9991313175255528,8.506487042784865,0.11969881765615713,0.20195510999082522,0.978010680406417,0.0,0.0,0.0,0.0,False,1273.158095470485,2.370180458831986,1440,2023-04-25,-0.03530573286540888,0.455
133,5,144,513.2236353634756,5114.464586883259,4858.741357539083,4863.111901135466,0.9991012866482956,4.370543596383472,0.10562892683454542,0.2005361832583928,0.9841280912238911,0.0,0.0,0.0,0.0,False,622.2008310258389,2.1809914023642563,1440,2023-04-12,-0.03895344143720524,0.417
134,5,189,640.9551171917442,7099.285290904451,6744.321026359192,6755.245226215038,0.9983828566558246,10.924199855846402,0.09503627046913468,0.2001223487027439,0.9873872029653206,0.0,0.0,0.0,0.0,False,824.4074149667653,1.9913737458633034,1440,2023-12-26,-0.03877677864621061,0.419
135,5,192,736.1333602749369,6824.528432688777,6483.302011054344,6490.648297307663,0.9988681737298313,7.346286253318949,0.11354296915673431,0.19978442983602718,0.9841488740390409,0.0,0.0,0.0,0.0,False,807.319226494292,2.0107413085970895,1440,2023-04-22,-0.037731129826124546,0.434
136,5,283,999.135282194099,10274.833819289603,9761.092128325128,9776.142736502,0.9984604758152029,15.050608176872467,0.10235896445386149,0.19947553650958957,0.9418780943370333,2.1527777777777777,0.0,0.0,0.0,False,1221.7983374575024,3.8478784971230184,1440,2023-06-30,-0.036140410755080274,0.45
137,5,156,445.65084004418503,5798.240602640006,5508.3285725080095,5513.834044797968,0.9990015165046267,5.505472289956755,0.08090491229379854,0.19789511927878417,0.999857118702884,0.0,0.0,0.0,0.0,False,686.9978060126305,1.4044433700691235,1440,2023-01-10,-0.0341620470055616,0.441
138,5,210,564.762685333229,7646.663409937264,7264.33023944042,7267.672840061648,0.9995400727722907,3.342600621227466,0.07774463257010922,0.20078153054044437,0.938757260188269,5.694444444444445,0.0,0.0,0.0,False,1041.8398704854928,4.074080138501942,1440,2023-06-03,-0.028997194062113985,0.47
139,5,167,577.1310864122107,6226.1779098587895,5914.869014365831,5928.087041124507,0.9977702711402551,13.21802675867618,0.097572927652412,0.20111125274736785,0.9823625141354837,0.0,0.0,0.0,0.0,False,769.6491132313797,1.9803252770020214,1440,2023-10-27,-0.03125449301003055,0.423
140,5,123,436.3161698638201,4245.632350864327,4033.350733321094,4034.6414292996374,0.9996800964841212,1.290695978543127,0.1081770960951253,0.20231579982679596,0.9633831470342462,0.0,0.0,0.0,0.0,False,555.1019287023871,3.008339936826383,1440,2023-08-04,-0.03384128366096385,0.409
141,5,255,1088.4322659112386,8904.170899746381,8458.962354759073,8462.843977018423,0.9995413335907065,3.8816222593495486,0.1286720782365084,0.19982200952798235,0.9845556086066984,0.0,0.0,0.0,0.0,False,979.7124463849198,1.9036099961086215,1440,2023-03-11,-0.03867650974779212,0.435
142,5,131,545.8256212687205,4982.242657222747,4733.130524361595,4735.983218785785,0.9993976552930184,2.852694424188621,0.1153202132202643,0.2024536491899454,0.9717543225884834,0.0,0.0,0.0,0.0,False,559.0563516736572,2.5501318611453243,1440,2023-05-03,-0.03704945243626391,0.401
143,5,170,310.75129358620205,6034.903697273714,5733.158512410013,5738.690503451968,0.9990360185762541,5.531991041954413,0.05420245976341816,0.19948469973155378,0.9954599705873721,0.0,0.0,0.0,0.0,False,711.3091201826151,1.6094894636008505,1440,2023-11-03,-0.041660096302857344,0.414
144,5,210,1003.8433378428648,7619.685603644851,7238.70132346261,7243.943593861146,0.9992763236860406,5.242270398536002,0.13867726999443036,0.2001926072315855,0.9870476095103807,0.0,0.0,0.0,0.0,False,847.5003126384507,1.6997163130200335,1440,2023-01-15,-0.0387911575742482,0.425
145,5,207,945.5737420365034,7784.892982914857,7395.648333769096,7405.9778752592365,0.9986052427290327,10.329541490140258,0.12785542245416692,0.20000552149391698,0.9428338056218779,4.375,0.0,0.0,0.0,False,994.9924658679897,3.850712145854371,1440,2023-06-22,-0.038063033453009924,0.43
146,5,141,519.0354905533941,4846.667461364663,4604.334088296423,4612.137822950536,0.9983080005512236,7.803734654113111,0.11272759113477672,0.19772720713342826,0.9631407196689142,0.0,0.0,0.0,0.0,False,642.034249783281,2.9014548947844956,1440,2023-05-24,-0.037069221607844434,0.417
147,5,297,756.981034430406,10835.073349686736,10293.319682202338,10311.860849043991,0.9982019572303119,18.54116684165419,0.07354100113486846,0.2000331741599774,0.9764216559659676,0.0,0.0,0.0,0.0,False,1302.0994863919059,2.3811788613467604,1440,2023-12-16,-0.031148240895308255,0.466
148,5,255,431.62970961008233,9062.584781943227,8609.455542846159,8611.954711703736,0.9997098023687722,2.4991688575768096,0.050134379283569876,0.1995062094368228,0.9838223063177066,0.0,0.0,0.0,0.0,False,1167.9047073096494,2.0963551713769655,1440,2023-12-21,-0.0314862424916863,0.443
149,5,294,1098.8486456456885,10025.711109155684,9524.42555369791,9534.381430558014,0.9989557920529386,9.95587686010415,0.11537164519271763,0.19979705866287342,0.9714441200408933,0.0,0.0,0.0,0.0,False,1252.46715281708,2.7316414428399916,1440,2023-05-05,-0.03057263184968973,0.44
150,5,136,686.8471875845289,4782.8830245843665,4543.738873355136,4550.083885125507,0.9986055176276831,6.345011770370526,0.15116343758490572,0.19900425770564673,0.9984838076532521,0.0,0.0,0.0,0.0,False,667.4955238032107,1.401734337793411,1440,2023-02-23,-0.030471464566547535,0.402
151,5,251,1124.6284107551028,8560.493429738392,8132.468758251461,8136.517903242259,0.9995023491573484,4.049144990799924,0.13828868504585637,0.20111947522637127,0.9845447299196239,0.0,0.0,0.0,0.0,False,940.078916896533,1.9894475043826163,1440,2023-03-20,-0.028596581519417383,0.472
152,5,173,426.9997209808558,6148.563368127903,5841.1351997215315,5853.894679604382,0.9978203434497539,12.759479882850261,0.07310218072014707,0.20084214227441285,0.9888668748586944,0.0,0.0,0.0,0.0,False,698.0196892430628,1.704852828660032,1440,2023-12-17,-0.031806127388625836,0.422
153,5,217,579.820690724202,7559.481236936096,7181.507175089269,7184.975290295435,0.9995173100719149,3.468115206167301,0.08073802289517236,0.20018844022658153,0.9877743777073016,0.0,0.0,0.0,0.0,False,1071.1184679200455,1.9434637515974842,1440,2023-01-12,-0.033805738703404704,0.437
154,5,287,844.7029337757157,10318.474891717346,9802.551147131511,9812.403957012051,0.9989958821585715,9.852809880539512,0.08617174458945806,0.20320533840794724,0.944758830757434,2.7777777777777777,0.0,0.0,0.0,False,1160.317935012369,3.625611420126335,1440,2023-07-31,-0.03397670526132796,0.455
155,5,170,719.7150739016416,6251.636853006046,5939.055010355725,5945.558753549535,0.9989061174124422,6.503743193810489,0.12118343282672063,0.2007292196567662,0.9844900280987828,0.0,0.0,0.0,0.0,False,821.23980897913,1.8678069175604763,1440,2023-04-02,-0.04091092142706851,0.439
156,5,251,980.0594198186282,8777.405248058209,8338.534985655355,8354.400275592132,0.9981009660282704,15.865289936777275,0.11753376600381342,0.20122391014504554,0.9774980353738023,0.0,0.0,0.0,0.0,False,1101.0364315690633,2.259088037742953,1440,2023-04-18,-0.04104729408990098,0.472
157,5,149,565.0059505838789,5357.383434346024,5089.514262628752,5095.787900274454,0.9987688581690449,6.273637645703431,0.11101372772105197,0.20124250117041823,0.9841446769792287,0.0,0.0,0.0,0.0,False,568.1500296950911,2.038624689445971,1440,2023-09-29,-0.04230590680163375,0.414
158,5,178,312.17405218156364,5965.921764986617,5667.625676737278,5673.765410192404,0.9989178732268176,6.139733455125981,0.05508021700566419,0.20094504280569928,0.9764209725176327,0.0,0.0,0.0,0.0,False,804.4273713864361,2.3788425907648616,1440,2023-10-29,-0.0434158222853608,0.428
159,5,295,885.9433881969104,10765.690675678094,10227.40614189414,10239.10270525771,0.9988576573846101,11.69656336356917,0.08662444572019622,0.20239549197426548,0.9391187118032258,4.305555555555555,0.0,0.0,0.0,False,1380.9796081274117,3.9538116446931904,1440,2023-08-08,-0.043696598410245716,0.471
160,5,196,753.1116229119848,6857.9643190656825,6515.066103112402,6526.099593977015,0.9983093284578747,11.033490864612537,0.11559539243235084,0.2017896282005996,0.9519135747514048,0.0,0.0,0.0,0.0,False,845.8014679507155,3.5400711787865546,1440,2023-09-17,-0.047231982079712576,0.453
161,5,213,820.7695788462063,7593.964318681433,7214.266102747379,7227.668458080083,0.9981456875878526,13.402355332705227,0.1137703499089999,0.1985891398492998,0.9692721807622928,0.0,0.0,0.0,0.0,False,813.06702527417,2.790457180756311,1440,2023-10-02,-0.048816870123251074,0.427
162,5,173,489.56782222471884,5936.034965893304,5639.233217598635,5643.0204208936175,0.9993288694683861,3.7872032949815284,0.08681460818057679,0.19954840045479355,0.9942567808777873,0.0,0.0,0.0,0.0,False,715.7690469591084,1.4139693392226962,1440,2023-03-12,-0.042973163177687304,0.408
163,5,140,602.6971668062222,5353.823302434355,5086.132137312657,5092.121027252252,0.9988238908879926,5.988889939595072,0.11849813385396381,0.2029154338951869,0.9681263489850781,0.0,0.0,0.0,0.0,False,669.284706982637,2.872635425104341,1440,2023-09-13,-0.040385990976062235,0.417
164,5,196,744.4164094662452,6839.474562041881,6497.500833939803,6504.786340622406,0.9988799775578937,7.285506682603113,0.11456965200801111,0.20242334032575174,0.9718741149597003,0.0,0.0,0.0,0.0,False,950.2170977976969,2.6706437079059238,1440,2023-05-08,-0.0458694984783869,0.423
165,5,232,1010.5414138069468,8098.25084318793,7693.338301028507,7705.896416927891,0.9983703238118026,12.558115899383477,0.13135278526252375,0.20015208780700683,0.9854616909283298,0.0,0.0,0.0,0.0,False,1038.21612610507,1.8357241139175307,1440,2023-04-08,-0.049294865643776865,0.427
166,5,202,964.0087873314372,6726.099416405515,6389.794445585194,6402.8013715728175,0.9979685570060987,13.006925987623331,0.15086694815315782,0.2031493715970186,0.9904646330965502,0.0,0.0,0.0,0.0,False,891.4015419568937,1.7199495329471852,1440,2023-04-04,-0.047046008225200366,0.44
167,5,260,280.47280308608055,9623.696892226142,9142.512047614768,9152.26230123145,0.9989346619124573,9.750253616684542,0.030677870767395313,0.19985890533944647,0.9702627104251689,0.0,0.0,0.0,0.0,False,1190.6223619207954,2.4787746618691626,1440,2023-11-04,-0.05199841520821598,0.448
168,5,185,828.029215106787,7144.874129949656,6787.630423452159,6802.9507754729,0.9977479842899972,15.320352020739746,0.12199091044288986,0.19994636903627747,0.9744065581296211,0.0,0.0,0.0,0.0,False,745.866315029052,2.5821997057591646,1440,2023-07-04,-0.048714260294942135,0.441
169,5,230,1047.244647283398,8213.669844746684,7802.986352509348,7809.735061367996,0.9991358594362526,6.748708858648532,0.13421074957367016,0.2028904655126265,0.9625160750718803,0.0,0.0,0.0,0.0,False,1094.0240335468607,2.949020110540304,1440,2023-09-26,-0.04627667494916511,0.434
170,5,259,843.9616469417064,9156.596430853328,8698.7666093107,8706.023844244144,0.999166412237862,7.2572349334437405,0.09702084040723365,0.20120485418549067,0.9414275033456403,6.319444444444445,0.0,0.0,0.0,False,1369.3922658213335,4.0469535787714,1440,2023-06-05,-0.05094814219614266,0.441
171,5,286,1354.6854507453347,10066.494113602104,9563.169407921949,9573.61432549201,0.9989089891011956,10.44491757006248,0.14165653592031308,0.2000846886722697,0.9796667616691207,0.0,0.0,0.0,0.0,False,1249.8901049864407,2.1658880226126542,1440,2023-03-07,-0.05103721378330043,0.446
172,5,197,1096.140798485642,6947.603204293013,6600.2230440783205,6604.713724873956,0.9993200794186243,4.490680795635009,0.16607632668854924,0.20060096159969967,0.9868576563462409,0.0,0.0,0.0,0.0,False,980.6845925958003,1.8348678345936995,1440,2023-01-25,-0.04864834135755399,0.439
173,5,127,490.80224342761215,4615.004532771895,4384.254306133305,4390.577880174053,0.9985597399218673,6.323574040748044,0.11194657270245698,0.20237041836493555,0.9471549121766074,1.25,0.0,0.0,0.0,False,558.862647094239,3.7725583787469965,1440,2023-08-27,-0.04790309193728778,0.423
174,5,250,1626.771694223212,8870.536598011297,8427.009768110685,8437.740449873192,0.9987282517367942,10.730681762506846,0.19304257844570297,0.20070862034427228,0.9779562406424742,0.0,0.0,0.0,0.0,False,1027.4611115659916,2.2579980272048994,1440,2023-02-07,-0.05131821820284051,0.459
175,5,215,1154.2025208598664,7717.208439995177,7331.348017995406,7338.976806640156,0.9989605105935411,7.628788644750156,0.15743387410156767,0.20094145394191734,0.9844026274613271,0.0,0.0,0.0,0.0,False,974.7293240438901,1.9265901266641277,1440,2023-11-29,-0.05042979458703712,0.444
176,5,277,1409.1682531303347,9972.143959045849,9473.536761093535,9477.719346662527,0.9995586928230298,4.182585568990919,0.14874785295789295,0.20149011351693466,0.9798190516086442,0.0,0.0,0.0,0.0,False,1250.79430452995,2.335553218034154,1440,2023-01-28,-0.0502783623063094,0.48
177,5,203,737.5816976309092,7285.968089603989,6921.669685123754,6927.41564142799,0.9991705483542992,5.745956304236053,0.10656123900511179,0.1992752460487212,0.9726457476076021,0.0,0.0,0.0,0.0,False,919.9135508038148,2.439011534815359,1440,2023-11-07,-0.05143877322261207,0.469
178,5,186,431.40125075101344,6319.189991800934,6003.230492210908,6007.605993950663,0.9992716729851856,4.375501739754959,0.07186151711328582,0.19769843304221563,0.9900474832608936,0.0,0.0,0.0,0.0,False,978.2038996643182,1.6301069993026218,1440,2023-11-02,-0.04745815582802067,0.441
179,5,131,499.758747634645,4559.206467785797,4331.2461443965185,4331.262916978045,0.9999961275540534,0.01677258152623029,0.11538451775159442,0.1999845898717321,0.9527924567902635,0.0,0.0,0.0,0.0,False,553.1388659992336,3.5551522549232715,1440,2023-08-19,-0.04068959495014604,0.462
180,5,202,844.0417871095542,7141.552209747001,6784.47459925964,6793.1927472641655,0.9987166346769659,8.718148004526322,0.12440783361495093,0.2003084082102042,0.9889519343717377,0.0,0.0,0.0,0.0,False,941.7979099043547,1.8496401659087545,1440,2023-12-05,-0.04030352076636918,0.418
181,5,236,1032.2912178363629,8414.26012259193,7993.547116462393,8000.592684842721,0.9991193691945254,7.045568380328917,0.1291405683604967,0.20176817964077814,0.9445215048841281,3.6805555555555554,0.0,0.0,0.0,False,1167.4939115815891,3.9059340178534727,1440,2023-06-22,-0.040722482174496547,0.444
182,5,259,866.2038434914043,8814.693549902639,8373.95887240752,8379.149269545183,0.9993805579814017,5.190397137663071,0.10344018363232897,0.20134046219490032,0.9741774468288026,0.0,0.0,0.0,0.0,False,1159.2627852467187,2.694788227050273,1440,2023-03-26,-0.0443575574303,0.435
183,5,274,1410.621999680661,9382.259131139375,8913.14617458235,8922.292765075927,0.9989748609763874,9.146590493573413,0.1582630837698294,0.20167356580280502,0.9780050909815641,0.0,0.0,0.0,0.0,False,1150.0941338330547,2.3848612753021357,1440,2023-02-22,-0.04639166236375657,0.442
184,5,158,676.5402121647519,6158.010817488486,5850.110276614063,5860.840897565102,0.9981690987456259,10.73062095104022,0.11564571951220055,0.20021394605364987,0.9847106655228748,0.0,0.0,0.0,0.0,False,758.4216996602004,1.9936394307287002,1440,2023-09-22,-0.04883545253805241,0.413
185,5,227,585.888473247632,7809.860517496038,7419.367491621222,7420.703059862374,0.9998200213335073,1.3355682411524192,0.07896744215855094,0.19871541558770375,0.9856067514245049,0.0,0.0,0.0,0.0,False,1017.0356232421368,1.8510398351049584,1440,2023-12-18,-0.04759001853203024,0.42
186,5,265,1484.2373922381134,9430.946632052037,8959.3993004494,8971.694017942806,0.9986296102532235,12.2947174934055,0.16566260108126496,0.20081789832680272,0.9848731847552096,0.0,0.0,0.0,0.0,False,1252.4150008512806,1.9970301018033079,1440,2023-01-25,-0.04323267508151625,0.444
187,5,167,1040.315433817275,6111.871190260462,5806.277630747388,5811.542026649517,0.9990941481833929,5.264395902127883,0.1791708044252381,0.20010193746769828,0.9881903121943822,0.0,0.0,0.0,0.0,False,791.2278869621492,1.846329010290808,1440,2023-02-06,-0.04441315726346291,0.409
188,5,182,640.6891609597847,6313.844656798456,5998.152423958496,6001.878827711821,0.9993791271266391,3.7264037533240755,0.10681441811993171,0.19724205352031624,0.9538415831653883,0.0,0.0,0.0,0.0,False,835.4966012776031,3.3342493846641736,1440,2023-07-21,-0.043787525992375384,0.424
189,5,272,1062.3738834662397,8894.8386892349,8450.096754773116,8458.1872424273,0.9990434726233535,8.090487654183878,0.1257232803714523,0.20191903359940908,0.9770737471341904,0.0,0.0,0.0,0.0,False,1079.3146353079414,2.2243035450547435,1440,2023-10-26,-0.03685737896728068,0.453
190,5,225,737.6316611846735,7863.2802312808535,7470.116219716792,7477.932321528738,0.9989547776743789,7.816101811945996,0.09874433536090803,0.19930666198203992,0.9483217439647282,0.20833333333333334,0.0,0.0,0.0,False,998.1078982052977,3.6697808264342244,1440,2023-06-07,-0.04169856920117962,0.433
191,5,212,682.0550098393433,7576.992276589806,7198.142662760361,7207.795162157445,0.9986608249568798,9.652499397083863,0.09475430563052874,0.19941687121365587,0.9495258427036875,0.06944444444444445,0.0,0.0,0.0,False,1020.1838353730386,3.6356394246994466,1440,2023-08-01,-0.03978963692918862,0.434
192,5,241,469.7932167293113,8522.529267933676,8096.402804536987,8105.553927587709,0.998871005839641,9.15112305072263,0.05802493132703983,0.1980038329743347,0.9633449190998197,0.0,0.0,0.0,0.0,False,1158.3741700236938,2.8085733987051427,1440,2023-05-20,-0.0384757949818337,0.436
193,5,212,977.7173567686372,7999.346010847388,7599.3787103050345,7613.276985531807,0.9981744687270429,13.898275226771704,0.1286575382067506,0.20182537571947912,0.9589351467290316,0.0,0.0,0.0,0.0,False,1001.0485511926637,3.287926854484885,1440,2023-06-29,-0.0342162289461599,0.433
194,5,297,1563.4548690190072,10657.696101936082,10124.811296839172,10133.931152567677,0.9991000673291338,9.119855728506776,0.15441817365100882,0.20162210310604556,0.9748504673534703,0.0,0.0,0.0,0.0,False,1224.3517705845175,2.195361147648737,1440,2023-01-21,-0.03930723894291256,0.444
195,5,256,678.8128018568068,9389.078120501721,8919.624214476567,8925.517621217623,0.999339712609267,5.893406741054162,0.0761032960060237,0.1992100463764383,0.9749159065295121,0.0,0.0,0.0,0.0,False,1119.6382914732171,2.468612461133875,1440,2023-10-10,-0.04301395234606314,0.436
196,5,129,606.1747555887313,4680.351026105175,4446.333474799909,4451.315117238121,0.9988808605306507,4.9816424382117654,0.13633137483373534,0.20265296029914484,0.9740564687973428,0.0,0.0,0.0,0.0,False,575.6202493404268,2.6214918006827377,1440,2023-09-26,-0.04063330058226954,0.412
197,5,146,564.4892837593536,5432.298585863883,5160.6836565706835,5171.86342118225,0.9978383488307565,11.179764611566677,0.1093826557341167,0.20124371774884225,0.9883273250675647,0.0,0.0,0.0,0.0,False,748.1229500600533,1.8019463285830035,1440,2023-12-11,-0.046435837816146304,0.417
198,5,218,1163.202665770994,7873.992647984797,7480.293015585616,7485.049082488453,0.9993645910867888,4.75606690283694,0.1555022862536795,0.19986422550324864,0.9869488802440123,0.0,0.0,0.0,0.0,False,901.3222750293357,1.713377068323516,1440,2023-03-02,-0.04803971988002413,0.421
199,5,268,1073.9983501813135,9666.602332509638,9183.272215884215,9191.354615533768,0.9991206519618019,8.082399649553572,0.11695159687454644,0.19915177469473752,0.9610683916103858,0.0,0.0,0.0,0.0,False,1157.393693455166,2.8446373092043413,1440,2023-09-15,-0.04628115386598289,0.439
200,5,132,519.0869360150035,5059.26061423956,4806.297583527577,4818.583780597517,0.9974502472864722,12.286197069939181,0.10800141418501602,0.200490210886026,0.9909575370766583,0.0,0.0,0.0,0.0,False,615.5167569263663,1.68638928135544,1440,2023-02-17,-0.04326449801076229,0.404
201,5,243,923.2689535353553,8046.163409689991,7643.855239205505,7650.7919654499065,0.9990933322621074,6.936726244401445,0.1207857716613847,0.20069814609952838,0.9388002600956651,12.98611111111111,0.0,0.0,0.0,False,1036.0508213488436,4.120148765548621,1440,2023-09-01,-0.04382024349172178,0.438
202,5,257,1143.865856136579,8662.478827241828,8229.354885879658,8236.530778165672,0.9991287724796662,7.175892286012607,0.13899824129583738,0.20057484949531348,0.9765270218365278,0.0,0.0,0.0,0.0,False,1170.9353808409414,2.300915189103877,1440,2023-03-19,-0.044757204651171015,0.433
203,5,262,1580.6001597412326,9225.994050890893,8764.694348346296,8768.505259524787,0.999565386452343,3.8109111784903407,0.1803371682937759,0.20075874689680095,0.9861706878129757,0.0,0.0,0.0,0.0,False,1153.763173509313,1.9919853412809363,1440,2023-01-22,-0.04526426352422331,0.438
204,5,278,685.3004588560098,10179.065061088842,9670.111808034388,9685.074539194351,0.9984550732057444,14.962731159962289,0.07086789402854987,0.20108493351815143,0.9423792703012318,2.1527777777777777,0.0,0.0,0.0,False,1454.4913596698534,3.8103944387688573,1440,2023-09-18,-0.04611242225077762,0.448
205,5,154,683.1442329240261,5334.626244482519,5067.894932258419,5077.277470276978,0.9981520533251362,9.382538018559785,0.1347984206569955,0.20188610544473445,0.991965629764045,0.0,0.0,0.0,0.0,False,632.5869152404575,1.7085004187815136,1440,2023-02-20,-0.04756280647489969,0.412
206,5,220,825.4442375211376,7988.985503735846,7589.536228549066,7597.669929672407,0.9989294479493542,8.133701123340266,0.1087608270998322,0.20144337825433808,0.9455814685459889,0.9027777777777778,0.0,0.0,0.0,False,905.0449555796107,3.660200239508062,1440,2023-06-12,-0.05057999736491672,0.441
207,5,265,874.1214406767695,9369.679128739108,8901.19517230212,8911.912923218953,0.9987973680836905,10.717750916833698,0.09820270466563594,0.19970485699663645,0.941778115675501,4.583333333333333,0.0,0.0,0.0,False,1398.1030748063533,4.092262206742979,1440,2023-05-22,-0.052091919170775235,0.45
208,5,184,618.6583477266093,6405.901471839597,6085.606398247615,6092.528630397205,0.9988638162297584,6.9222321495903225,0.10165927719294424,0.19968050463387005,0.9495948094780591,0.1388888888888889,0.0,0.0,0.0,False,803.934577253814,3.460477108733466,1440,2023-07-24,-0.049461952698350284,0.443
209,5,154,570.1522652223446,5666.750676344115,5383.4131425268615,5392.552728773498,0.9983051466149103,9.139586246635208,0.10590906737555851,0.19906446155840374,0.969975497973855,0.0,0.0,0.0,0.0,False,605.5263588333196,2.687219117122042,1440,2023-09-30,-0.04728842955401773,0.433
210,5,206,401.41698151917495,7558.993228561196,7181.043567133163,7191.893582002183,0.9984913549199098,10.850014869020523,0.055899532953179086,0.2019471187925031,0.9821526557517966,0.0,0.0,0.0,0.0,False,927.3056594299486,1.9938747420217326,1440,2023-11-18,-0.04414753935044599,0.462
211,5,134,483.60586523285383,4520.0359951611945,4294.034195403145,4297.531519562261,0.999186201626865,3.497324159117128,0.11262273266257736,0.2005343343540938,0.96656856539137,0.0,0.0,0.0,0.0,False,601.5929877496694,2.8867911419241485,1440,2023-09-07,-0.04807402904223235,0.457
212,5,159,796.1781759269122,5651.872517398467,5369.278891528513,5379.811608604938,0.9980421773395228,10.532717076424317,0.14828400461430646,0.20067465001392765,0.994795635078999,0.0,0.0,0.0,0.0,False,619.040527452521,1.4756349919951575,1440,2023-01-05,-0.04813381174886564,0.472
213,5,274,497.9755060197937,9427.006674157185,8955.656340449317,8967.53987255367,0.9986748280717742,11.883532104352438,0.05560457961865134,0.19852895648858832,0.966301268096669,0.0,0.0,0.0,0.0,False,1156.778251789161,2.7020474295991836,1440,2023-05-20,-0.048524064866503146,0.471
214,5,240,1071.876958758587,8226.201392125104,7814.891322518824,7818.9495659645045,0.9994809733185458,4.058243445679475,0.13715826804525663,0.20131245996524869,0.9653520876847294,0.0,0.0,0.0,0.0,False,1097.6152191084984,2.84701748307103,1440,2023-10-12,-0.04404218942929603,0.455
215,5,275,1129.5404139031182,10082.557972930872,9578.430074284337,9587.441034479347,0.9990601287494125,9.010960195009087,0.11792542255287206,0.2010395217280252,0.946528226680628,0.8333333333333334,0.0,0.0,0.0,False,1221.6128458429225,3.8005386500824443,1440,2023-09-05,-0.046646019726445595,0.465
216,5,272,1105.8940576541384,9896.455158030429,9401.632400128932,9415.011256541904,0.9985789866789936,13.378856412970997,0.11762787679711582,0.2016852897946776,0.9354738474671528,8.333333333333334,0.0,0.0,0.0,False,1244.864161717263,4.264622979045825,1440,2023-06-27,-0.04818059592867481,0.474
217,5,278,1401.6676037152615,9690.314543426342,9205.798816255092,9211.217512701387,0.9994117285322137,5.41869644629571,0.15225920440932014,0.20118327661556357,0.9695128529138668,0.0,0.0,0.0,0.0,False,1295.358641616003,2.576658285534768,1440,2023-03-05,-0.05091321112682735,0.456
218,5,176,527.1837081794567,5886.735772711202,5592.39898407564,5597.468229157761,0.9990943682260286,5.069245082120348,0.09426789999794591,0.2011606020694501,0.9887915709067628,0.0,0.0,0.0,0.0,False,830.6648869634907,1.76659475664871,1440,2023-03-30,-0.05205403812207669,0.448
219,5,205,857.9498379140921,7576.598974885558,7197.769026141326,7201.815274623251,0.9994381626954273,4.046248481923608,0.11919663367887105,0.200143220343501,0.9572353726698966,0.0,0.0,0.0,0.0,False,938.5343476214364,3.1564441534205496,1440,2023-09-13,-0.052974845820299064,0.438
220,5,231,823.2821109247993,8186.556609756062,7777.228779268269,7791.1722850796505,0.9982103455935529,13.943505811380621,0.10585802916321807,0.19978101366576448,0.965566292326819,0.0,0.0,0.0,0.0,False,1033.1201206702312,2.6150734068066592,1440,2023-04-12,-0.05148041319896395,0.428
221,5,169,608.3023992435844,5976.0388618188,5677.236918727816,5686.019136170644,0.9984554717048064,8.782217442828578,0.10714761563621619,0.2007343897922945,0.9509169349361865,0.0,0.0,0.0,0.0,False,732.9458664542076,3.653568816877261,1440,2023-05-17,-0.04947706309416376,0.427
222,5,286,423.4009409376629,10129.112441491374,9622.656819416834,9634.09405708086,0.9988128372427899,11.437237664027604,0.04400041993426535,0.19909582870102066,0.9404187732743637,6.180555555555555,0.0,0.0,0.0,False,1119.7592521840816,3.925025488220091,1440,2023-07-01,-0.050008529978304364,0.46
223,5,121,338.4267043930572,4414.182668526511,4193.473535100171,4196.567908572355,0.9992626418684032,3.094373472184155,0.08070319308333804,0.20006108684507642,0.9985356176623603,0.0,0.0,0.0,0.0,False,515.7101534826802,1.452602293539118,1440,2023-01-11,-0.046783660519865454,0.398
224,5,271,803.7111741092596,9631.736317221385,9150.149501360329,9160.553519832418,0.9988642587536262,10.404018472087746,0.08783585164261785,0.20044894802055754,0.9458925689539572,3.263888888888889,0.0,0.0,0.0,False,1257.25461112141,3.7607734865559292,1440,2023-08-08,-0.046330387212290824,0.454
225,5,236,756.6568228000564,8549.000688337901,8121.550653921046,8128.970318628934,0.9990872565137943,7.419664707887929,0.09316654602588066,0.2009312254866438,0.9841199790703244,0.0,0.0,0.0,0.0,False,1051.569753408432,1.8557460874755374,1440,2023-01-29,-0.04684351055331746,0.447
226,5,165,558.5459300949042,5952.126473313001,5654.520149647358,5663.622338421685,0.9983928679861689,9.102188774326262,0.09877866119722602,0.2000959711288378,0.9557446656360133,0.0,0.0,0.0,0.0,False,797.7732253627781,3.401931203838559,1440,2023-06-08,-0.048361580925860716,0.44
227,5,250,1044.363517474518,8734.117694380811,8297.41180966179,8301.998158123111,0.9994475608914904,4.586348461321451,0.12586617868700037,0.20073850256161258,0.9669085350196988,0.0,0.0,0.0,0.0,False,997.6014660540711,2.799038840594636,1440,2023-09-28,-0.04774327619316404,0.471
228,5,194,842.4401362731946,6432.863945668044,6111.2207483846305,6114.226819989571,0.999508348039181,3.006071604941174,0.13785136733865744,0.196526598177695,0.9667385675009454,0.0,0.0,0.0,0.0,False,920.1153132174077,2.628017881489045,1440,2023-06-20,-0.04869912668719181,0.443
229,5,271,1106.4545170857127,9972.839745858813,9474.19775856592,9493.649615168219,0.9979510665138495,19.451856602296424,0.11678609052521965,0.2015133012261908,0.9828966938852796,0.0,0.0,0.0,0.0,False,1226.6768884564901,2.245935762129216,1440,2023-04-11,-0.0400239473466801,0.457
230,5,300,1039.564060270818,10697.584672849465,10162.705439206997,10176.46906866052,0.998647504418216,13.763629453523446,0.10229205859497349,0.20109214310993329,0.9408722322586452,6.597222222222222,0.0,0.0,0.0,False,1383.1965266358343,4.103400949563905,1440,2023-07-24,-0.04413021564227102,0.47
231,5,171,989.8173946539177,6117.176931775625,5811.318085186841,5819.541944305026,0.9985868545674402,8.22385911818488,0.17032579875071388,0.19955670834420558,0.9971947219519024,0.0,0.0,0.0,0.0,False,682.1736917060557,1.5214709702505682,1440,2023-01-20,-0.0465432895784739,0.43
232,5,205,619.9304609394079,7547.36747006862,7169.999096565208,7179.472048630623,0.998680550324418,9.472952065414495,0.08646172092774544,0.19944868192864793,0.9601525836960466,0.0,0.0,0.0,0.0,False,1019.4273371678673,3.208521666182809,1440,2023-05-19,-0.045073627660045544,0.456
233,5,158,678.2951508641532,5606.569434154331,5326.240962446636,5327.76390823745,0.9997141491595641,1.5229457908125172,0.12734969289721637,0.2008974145423477,0.9914426137760467,0.0,0.0,0.0,0.0,False,648.872249161635,1.6690815488311608,1440,2023-02-16,-0.04363267410750841,0.434
234,5,245,738.3884344070474,8972.981456512964,8524.332383687297,8537.539089887361,0.998453101524805,13.206706200064486,0.0866212626598271,0.20127255752150772,0.9789262281376119,0.0,0.0,0.0,0.0,False,1196.6740128863041,2.2598103698222616,1440,2023-12-15,-0.04571199374273557,0.47
235,5,235,1688.1872483033455,9245.765383534746,8783.477114357996,8796.584812516134,0.9985099105576193,13.107698158136394,0.19220033550764695,0.1999729687157448,0.9858090891252267,0.0,0.0,0.0,0.0,False,1088.1930816174631,1.8488462124282803,1440,2023-01-24,-0.04826439188114474,0.448
236,5,272,1801.9698566468576,9762.91690490779,9274.771059662367,9285.860254715797,0.998805797766793,11.089195053429838,0.19428726003641703,0.2004162665851428,0.9859224477075758,0.0,0.0,0.0,0.0,False,1158.06848044047,1.9074954806425972,1440,2023-01-24,-0.04744586345498089,0.462
237,5,265,1454.6554534567601,9615.700768275354,9134.915729861541,9148.192793349901,0.9985486681590258,13.2770634883618,0.1592412559101745,0.2002467421138643,0.9828150329572961,0.0,0.0,0.0,0.0,False,1124.0493227679294,2.1101634222788888,1440,2023-02-04,-0.047787109355982564,0.473
238,5,296,1435.4719195128189,10552.88054399036,10025.236516790832,10034.513688558674,0.9990754737044786,9.277171767841939,0.14318584076381735,0.2012688723455368,0.9795405013664481,0.0,0.0,0.0,0.0,False,1171.4165986591863,2.0201558109920925,1440,2023-01-15,-0.04769948934566444,0.488
239,5,294,1132.6263440213397,10567.510613900227,10039.135083205198,10046.105930150643,0.9993061145289615,6.970846945444308,0.11282110805702256,0.19912115762961843,0.9791739288782139,0.0,0.0,0.0,0.0,False,1283.0705047302438,2.3113079204058695,1440,2023-02-19,-0.049941523464366276,0.47
240,5,281,1389.4008721521097,10238.471802460448,9726.54821233742,9732.2864838506,0.999410388142324,5.738271513179361,0.1428462432736164,0.2008387563388141,0.9328312582880599,16.458333333333332,0.0,0.0,0.0,False,1217.1349042904292,4.301587755202416,1440,2023-08-21,-0.04696623626578823,0.535
241,5,147,837.9265896448603,5525.996065486724,5249.69626221237,5259.527062159228,0.998130858567572,9.830799946858875,0.15961429915027778,0.20006305976923272,0.9915627557506275,0.0,0.0,0.0,0.0,False,597.8390194278638,1.6836886801447435,1440,2023-02-12,-0.04840666148409696,0.426
242,5,127,334.14428091568857,4845.159897046426,4602.9019021940985,4607.711026245257,0.9989562878349432,4.809124051158788,0.07259426509967758,0.1986103399391335,0.9960649751016654,0.0,0.0,0.0,0.0,False,560.644090950489,1.4595504197987639,1440,2023-12-17,-0.047855622194126556,0.42
243,5,207,729.7844720732855,7395.6748295557945,7025.891088078053,7038.113005547919,0.9982634667189584,12.221917469865692,0.10387073510314257,0.20158890459611206,0.9888737580349941,0.0,0.0,0.0,0.0,False,876.4162835917825,1.7941923642569715,1440,2023-12-07,-0.04414932413288859,0.435
244,5,182,681.3590365309773,6174.93301045012,5866.186359927671,5868.360755705371,0.9996294713518445,2.1743957776998553,0.11615025413876866,0.19775046887929906,0.9598489584098213,0.0,0.0,0.0,0.0,False,795.4970473037793,3.178668086470498,1440,2023-07-08,-0.04781657315905669,0.448
245,5,281,1220.5943588556609,10067.94024659926,9564.543234269306,9580.475842014957,0.9983369711475312,15.932607745651632,0.12761658648604662,0.20082558532842892,0.9700758742261796,0.0,0.0,0.0,0.0,False,1233.2159739877147,2.6600896289093674,1440,2023-07-04,-0.04219333724696752,0.476
246,5,264,1153.7322207587606,9751.966444399512,9264.368122179505,9272.95477265329,0.9990740113928834,8.586650473785777,0.12453436710882095,0.20220142887673637,0.9722529632245246,0.0,0.0,0.0,0.0,False,1173.7498146628154,2.4435364847119483,1440,2023-04-17,-0.04450128397180332,0.463
247,5,196,504.14591788436206,7096.889392850994,6742.04492320841,6748.8864049991735,0.9989862799015709,6.841481790763998,0.07477641036607757,0.19552524197997304,0.9594023713895053,0.0,0.0,0.0,0.0,False,852.5827045946842,3.2835108955265833,1440,2023-07-22,-0.049484568601785156,0.443
248,5,224,652.1786957565378,8464.306811247321,8041.091470685012,8054.460544429774,0.9983401652201266,13.369073744761991,0.0811057426885581,0.20004533242928732,0.9919826310834385,0.0,0.0,0.0,0.0,False,1000.0713575635887,1.7280028456481655,1440,2023-01-10,-0.03855984723188996,0.441
249,5,226,979.6740744880888,8167.335532147597,7758.968755540229,7770.594563406614,0.9985038715156839,11.625807866383674,0.12626343852571392,0.20000672603092554,0.98665590208232,0.0,0.0,0.0,0.0,False,851.5774024854948,1.7821967000062906,1440,2023-03-11,-0.039766535745929574,0.441
250,5,281,1181.9405219325124,10197.62948589037,9687.748011595893,9698.731324439115,0.9988675515924906,10.983312843223898,0.12200364011509911,0.20157325470073323,0.9737770212111241,0.0,0.0,0.0,0.0,False,1234.1087510287762,2.3882395984806966,1440,2023-04-15,-0.04064728878231163,0.452
251,5,124,492.786054077392,4445.226067330248,4222.96476396375,4229.815196929558,0.9983804415448739,6.850432965807974,0.11669196444226408,0.1978954574373194,0.9581917406647497,0.0,0.0,0.0,0.0,False,560.8687774624862,3.20132556447391,1440,2023-09-17,-0.044876917020030854,0.413
252,5,208,954.295175660323,7255.516687223954,6892.740852862773,6896.931850856225,0.9993923387842477,4.190997993451394,0.13844930427987498,0.20137658021951865,0.9801261994166246,0.0,0.0,0.0,0.0,False,825.790067979455,2.1805671698912787,1440,2023-04-03,-0.04006423850256178,0.43
253,5,241,1151.0741483371473,8755.939375159574,8318.142406401603,8328.13351788414,0.9988003180471252,9.99111148253651,0.1383811543610129,0.19832624691228526,0.9692144323829387,0.0,0.0,0.0,0.0,False,1099.3922931175912,2.7128458013860968,1440,2023-10-12,-0.04394139482040081,0.442
254,5,202,983.1323658118932,7149.80884652248,6792.31840419634,6795.577765545846,0.9995203702375344,3.2593613495055576,0.14474179614496685,0.1988860746142559,0.9887657433597009,0.0,0.0,0.0,0.0,False,833.2135204657925,1.7483699274015885,1440,2023-03-15,-0.04024869894437283,0.42
255,5,286,1006.4930199145099,9901.071226485408,9406.017665161162,9418.178074559512,0.9987088363267204,12.160409398350428,0.10700522322453715,0.20189397373363538,0.9415810908103992,5.138888888888889,0.0,0.0,0.0,False,1286.1013405323029,3.8810252755560675,1440,2023-07-21,-0.038470466918598636,0.477
256,5,292,1550.255952919337,10312.281319684918,9796.667253700685,9809.363327124296,0.9987057189136318,12.696073423609354,0.15824319768885983,0.20011561228904565,0.9816249812370826,0.0,0.0,0.0,0.0,False,1258.830978733178,2.1161608356332047,1440,2023-02-04,-0.04375995804729591,0.455
257,5,269,1205.511265926802,9910.038343762633,9414.536426574487,9434.426719671712,0.9978917327265098,19.890293097225562,0.1280478625080249,0.20000822779008975,0.9315847225535668,13.680555555555555,0.0,0.0,0.0,False,1357.2242592443954,4.324803961283105,1440,2023-08-28,-0.04408493638660861,0.468
258,5,204,239.53992894232857,7298.715638308484,6933.7798563930455,6942.226581758621,0.9987832829617272,8.446725365574206,0.03454680331702041,0.19992064008483743,0.9761758567540008,0.0,0.0,0.0,0.0,False,963.6573561661344,2.4237343534268305,1440,2023-10-28,-0.04410908454986029,0.457
259,5,280,1105.5867403316456,10178.244679555026,9669.33244557727,9682.042152286689,0.9986872907069076,12.709706709417224,0.11433951066987445,0.19912108271877796,0.9627876978569037,0.0,0.0,0.0,0.0,False,1299.6549416745615,3.1934731339543623,1440,2023-07-07,-0.043931742133148384,0.462
260,5,133,503.35642272086113,4902.555571987101,4657.427793387702,4663.272583407252,0.9987466334178391,5.844790019550244,0.10807605507818978,0.2017705464684306,0.968076063806692,0.0,0.0,0.0,0.0,False,701.7690428223568,2.7413281789983976,1440,2023-05-09,-0.041986896130386926,0.427
261,5,239,944.925395801934,8592.875483860264,8163.231709667252,8175.5486004786335,0.9984934477900773,12.316890811381441,0.1157538373782668,0.20133045894930746,0.976656389058607,0.0,0.0,0.0,0.0,False,1148.5162946874748,2.209854034658021,1440,2023-04-18,-0.04634836690083509,0.442
262,5,168,806.7872357160294,5807.992121101663,5517.592515046543,5521.593032974964,0.9992754775832752,4.000517928422265,0.1462208804865366,0.19974205618495675,0.9931929595862518,0.0,0.0,0.0,0.0,False,727.7728758992092,1.6293580742694824,1440,2023-10-15,-0.04893587392258809,0.438
263,5,164,613.0682210560599,5980.253205786722,5681.240545497369,5691.332623238187,0.998226763675767,10.09207774081706,0.10791097756667657,0.20072199078970437,0.9760509299154536,0.0,0.0,0.0,0.0,False,714.3502684814853,2.361644146198798,1440,2023-11-07,-0.04749849626766676,0.449
264,5,242,1193.601009257953,8492.665271347769,8068.032007780428,8074.447054669033,0.9992055125452962,6.415046888604842,0.14794202701562173,0.19983698486594004,0.9832202855401067,0.0,0.0,0.0,0.0,False,1045.2919204949599,1.9363939510687211,1440,2023-10-15,-0.0485405498136597,0.444
265,5,259,911.2988690587549,9354.378013551282,8886.659112873765,8893.859650501348,0.9991903922581938,7.200537627583973,0.10254684662525097,0.1995265908013993,0.9865364700627437,0.0,0.0,0.0,0.0,False,1180.3165210239965,2.099824872046005,1440,2023-12-08,-0.04741902886146951,0.439
266,5,280,1134.7221131300828,10134.696382802245,9627.961563662157,9642.623622169383,0.9984794534058637,14.662058507225634,0.11785694257575248,0.20108577910837488,0.9331349811683829,7.222222222222222,0.0,0.0,0.0,False,1146.752120525779,4.281256457517252,1440,2023-06-27,-0.04581527469779772,0.453
267,5,158,725.8693947953913,5627.364037155417,5345.995835297647,5352.994195253272,0.9986926270232406,6.998359955623915,0.13577814445771585,0.20118448885614612,0.9803284363027986,0.0,0.0,0.0,0.0,False,687.1326966662157,2.206104411246839,1440,2023-04-13,-0.0480167745976253,0.417
268,5,277,1662.1872254451976,9616.421381940965,9135.600312843855,9143.962582947195,0.999085487278903,8.362270103339917,0.18194614130702585,0.20100174765641549,0.982377693800381,0.0,0.0,0.0,0.0,False,1247.5085267608881,2.0847034837320466,1440,2023-01-22,-0.050054360405391386,0.444
269,5,270,527.6042727979423,9911.32796619993,9415.761567889893,9426.995280830673,0.9988083463918112,11.233712940779423,0.056034158150011476,0.20110082022186346,0.9641985203239849,0.0,0.0,0.0,0.0,False,1170.1072684906032,2.847165730091645,1440,2023-10-29,-0.05133248579501763,0.439
270,5,176,750.5934789547036,6175.339896985364,5866.572902136082,5875.646232852681,0.9984557731427282,9.07333071660015,0.12794411515476173,0.20267988372980647,0.9881731726842593,0.0,0.0,0.0,0.0,False,732.0648430369679,1.8640903415801762,1440,2023-01-18,-0.05262798676179734,0.429
271,5,131,373.26307208655334,4605.1689425842005,4374.910495454993,4378.750143118996,0.9991231178901503,3.83964766400323,0.08531901909178002,0.20024479150947844,0.9598463734867444,0.0,0.0,0.0,0.0,False,522.4642742276192,3.0611717295359253,1440,2023-07-31,-0.05727232143918605,0.422
272,5,259,939.9208128621127,8757.700543353534,8319.815516185843,8335.53106900999,0.9981146308862581,15.71555282414622,0.11297375657351262,0.20165053682964462,0.9747906993483959,0.0,0.0,0.0,0.0,False,1141.2504689018333,2.337389234002579,1440,2023-11-06,-0.05564282587184927,0.444
273,5,269,1151.0138477703445,9651.646665452494,9169.064332179914,9182.130863607472,0.9985769608795987,13.066531427554303,0.12553231235718626,0.20155797030247768,0.9824358745517164,0.0,0.0,0.0,0.0,False,1110.764637795066,2.032510573372764,1440,2023-03-28,-0.057514395963827694,0.438
274,5,203,655.2925752221513,7171.132121762919,6812.575515674784,6818.547398360158,0.9991241708333933,5.971882685374785,0.0961886695735577,0.20026404099905412,0.9842337386654161,0.0,0.0,0.0,0.0,False,853.9812673262841,1.85073330365633,1440,2023-03-22,-0.05888590419276704,0.425
275,5,149,636.0421093997386,5635.09515507934,5353.340397325339,5363.944090614719,0.9980231536514459,10.603693289379839,0.11881219242428913,0.20006875745977512,0.9450909680336971,1.0416666666666667,0.0,0.0,0.0,False,751.1373152605042,3.694383696418586,1440,2023-06-23,-0.057149668358339394,0.423
276,5,146,597.173603309962,5500.765450931228,5225.7271783846445,5234.272520660056,0.9983674250353449,8.545342275411617,0.11427569464017788,0.20053260955593713,0.9711744612709955,0.0,0.0,0.0,0.0,False,599.9064459517614,2.732951109940849,1440,2023-08-11,-0.05533449377737223,0.422
277,5,187,1209.3533417735453,7041.494010290309,6689.419309775812,6698.798301057928,0.9985998994355995,9.378991282116575,0.18078599737442314,0.2013561888355003,0.9792215825481856,0.0,0.0,0.0,0.0,False,833.8216845588187,1.9587821953597138,1440,2023-02-06,-0.05492945920195177,0.439
278,5,257,824.9741298684471,9173.682389652002,8714.998270169435,8721.877382779236,0.9992112807474933,6.879112609802061,0.09466142210174049,0.1994843442004802,0.953023644941242,0.0,0.0,0.0,0.0,False,1132.2192146453986,3.4828379054513863,1440,2023-08-05,-0.05648511539842939,0.449
279,5,177,629.4406411985702,6507.682245611194,6182.2981333306725,6183.731707631098,0.9997681700357962,1.4335743004255157,0.10181337548331129,0.199932869670543,0.992607435995308,0.0,0.0,0.0,0.0,False,800.8625291661928,1.8314182945736333,1440,2023-12-14,-0.05358579936859127,0.422
280,5,125,446.32762262265095,4485.361318075667,4261.093252171914,4265.325982605253,0.999007641983145,4.232730433337712,0.10474486152002285,0.2005224916877342,0.9576930764745256,0.0,0.0,0.0,0.0,False,590.2975288641464,3.3425101542458933,1440,2023-05-18,-0.05224974606238608,0.421
281,5,245,1154.3229964870757,8704.93168188495,8269.685097790718,8279.781497844917,0.9987805958337395,10.096400054200485,0.1395848793317968,0.20170396657620118,0.97341045051637,0.0,0.0,0.0,0.0,False,1187.8277426309473,2.509005427306819,1440,2023-10-09,-0.05250419643962929,0.448
282,5,254,1007.9545552192369,8789.564336511461,8350.086119685893,8364.681039182706,0.9982551732183875,14.594919496812313,0.12071187539526279,0.20072933961005596,0.9692623042294758,0.0,0.0,0.0,0.0,False,1088.3762626841658,2.838025484862042,1440,2023-09-09,-0.05539219982486128,0.46
283,5,152,639.8933606325774,5519.836802318625,5243.844962202698,5248.879234865797,0.9990408861705832,5.034272663099131,0.12202751325504245,0.2016995298927375,0.9945794951920655,0.0,0.0,0.0,0.0,False,742.5117080983493,1.6098134493647702,1440,2023-10-24,-0.05559489018803017,0.453
284,5,221,512.6200852164648,7995.485245563375,7595.710983285266,7608.958196509759,0.9982589977652171,13.247213224493638,0.06748809773627648,0.19815547480521808,0.9626487047285927,0.0,0.0,0.0,0.0,False,860.4144475766734,2.937062485266594,1440,2023-10-06,-0.05797643759510157,0.492
285,5,191,988.51094092631,6529.810785527008,6203.320246250667,6209.218586932873,0.9990500671542439,5.898340682205736,0.15935191182879416,0.20030440918739184,0.987574708090987,0.0,0.0,0.0,0.0,False,817.3069101384866,1.800592311609682,1440,2023-11-29,-0.051992528068476866,0.425
286,5,210,820.6984348385836,7390.3502163663425,7020.832705548039,7025.993793563402,0.9992654294656379,5.161088015363519,0.11689474301104583,0.19963639277742526,0.9767867084012125,0.0,0.0,0.0,0.0,False,993.9299614028139,2.4705127250763828,1440,2023-04-23,-0.051948276547328955,0.431
287,5,121,186.97155976928644,4666.551199758949,4433.223639771014,4436.6794051960205,0.9992210919227206,3.4557654250070424,0.042175079572332144,0.19864552908693303,0.9917683307053814,0.0,0.0,0.0,0.0,False,568.7949539614533,1.9008166346148723,1440,2023-12-30,-0.0504250588673554,0.416
288,5,234,972.2835649963886,8635.038900649555,8203.28695561707,8207.486701619167,0.9994883030390693,4.199746002098295,0.11852365646317332,0.2013257900218746,0.9669648701515937,0.0,0.0,0.0,0.0,False,1063.87507841238,2.7346417679480624,1440,2023-04-28,-0.04695886105864032,0.452
289,5,167,577.2868920131419,5859.925914396506,5566.929618676715,5571.7583661975195,0.9991333530272778,4.828747520804255,0.10369933366435585,0.1991966077065086,0.9913489582663959,0.0,0.0,0.0,0.0,False,665.9867025735527,1.788172166384442,1440,2023-12-14,-0.050148766369633405,0.432
290,5,220,747.7501823359024,7706.474563755759,7321.150835567945,7334.0418316834475,0.9982423067100855,12.890996115502992,0.10213560670040409,0.19963250592549173,0.9552392082332284,0.0,0.0,0.0,0.0,False,886.7191312345517,3.5979335533909165,1440,2023-06-30,-0.04797631990994812,0.459
291,5,196,835.6821022106164,7676.816482224953,7292.975658113704,7300.511521151242,0.9989677623251871,7.535863037537204,0.11458726058970035,0.20101197799785353,0.9757133198960772,0.0,0.0,0.0,0.0,False,760.5265991970612,2.3892960897343176,1440,2023-04-23,-0.047178964120237366,0.445
292,5,230,951.8124434869576,8341.333913914039,7924.267218218354,7933.527154856035,0.9988328096120509,9.259936637679509,0.12011362278378057,0.20183257814485425,0.9454722889759938,1.0416666666666667,0.0,0.0,0.0,False,1108.5135005720254,3.4817714245477784,1440,2023-09-06,-0.0496265169475574,0.463
293,5,139,491.026984110044,5083.552400823496,4829.374780782297,4835.865249404556,0.9986578475024592,6.490468622258646,0.1016750627977777,0.19918895857537208,0.9922268142082292,0.0,0.0,0.0,0.0,False,622.6956398899608,1.8407394974573041,1440,2023-01-04,-0.05348150844005773,0.404
294,5,185,759.0438723280887,6467.0738724114435,6143.72017879087,6150.957590682641,0.9988233682666363,7.237411891771949,0.12354792377238025,0.1996427068291895,0.9791006054274974,0.0,0.0,0.0,0.0,False,789.7143108465483,2.1689627883752696,1440,2023-10-30,-0.05070898650996583,0.421
295,5,234,1049.9062609093637,8082.24370550957,7678.131520234045,7686.071645090724,0.998966946286306,7.940124856678552,0.13673981204184432,0.19868949480902937,0.9678812079733283,0.0,0.0,0.0,0.0,False,966.4694773736719,2.5930804528361917,1440,2023-10-12,-0.04947135046575008,0.433
296,5,258,798.4065959896602,9029.207240385731,8577.746878366503,8590.22715364999,0.9985471542183626,12.480275283489409,0.09307882446418193,0.19905262474777602,0.9645331201756626,0.0,0.0,0.0,0.0,False,1089.6854851912249,2.875449979766658,1440,2023-08-12,-0.04631864992647667,0.446
297,5,188,1044.8943951855122,6817.09947502246,6476.244501271343,6486.174619694144,0.9984690331350856,9.930118422799863,0.16134264155412759,0.2007579760413396,0.9814013762681761,0.0,0.0,0.0,0.0,False,787.4480624250347,2.1655872065462383,1440,2023-02-11,-0.04454800659768938,0.442
298,5,124,553.0802826854969,4686.9168126364775,4452.570972004668,4458.718502385217,0.9986212337968274,6.147530380549221,0.12421593864824688,0.1997355227780124,0.9530637296449849,0.0,0.0,0.0,0.0,False,565.1195818264523,3.4454063325041995,1440,2023-08-29,-0.046921163582566414,0.426
299,5,251,790.9811792565281,8837.740652981813,8395.85362033278,8407.11236552036,0.9986608071002174,11.258745187579674,0.09421093018355607,0.2007815723800029,0.9330689265099291,8.125,0.0,0.0,0.0,False,1127.4833542882538,4.307889319971132,1440,2023-06-06,-0.04655706813004881,0.469
300,5,211,1156.7957177985897,7858.964204413786,7466.015994193087,7471.384737188326,0.9992814259760288,5.36874299523806,0.1549415000849612,0.19977540983229605,0.9890984045546325,0.0,0.0,0.0,0.0,False,940.6346235356878,1.7682233936086742,1440,2023-03-02,-0.048606179511413994,0.447
301,5,238,984.0787150433013,8393.013236160961,7973.362574352881,7980.243628882205,0.9991377387897759,6.881054529324331,0.12342079089801948,0.20095486573461768,0.9482389520780334,0.4166666666666667,0.0,0.0,0.0,False,1075.5752742100772,3.767280374100563,1440,2023-08-16,-0.04802068150316586,0.449
302,5,148,220.69328960416541,5327.925724440105,5061.529438218142,5072.379938131461,0.9978608660933005,10.85049991331837,0.04360209543340286,0.2005201007154624,0.9465464733526011,1.3888888888888888,0.0,0.0,0.0,False,599.728247636749,3.7742100141729567,1440,2023-07-02,-0.05019482936840582,0.418
303,5,198,399.99206829675495,7259.121621081611,6896.165540027487,6904.64056540495,0.9987725609614022,8.475025377461305,0.05800209782886979,0.19983053481448465,0.9893408315036499,0.0,0.0,0.0,0.0,False,984.0319217662446,1.775282515673033,1440,2023-01-07,-0.05100366965422926,0.421
304,5,279,764.96118499903,10515.72770384298,9989.941318650792,10002.590864265772,0.99873537308617,12.649545614980168,0.076573140982408,0.2004969056953276,0.9418774867707679,1.1111111111111112,0.0,0.0,0.0,False,1390.4102878141184,3.9794404020983936,1440,2023-07-22,-0.05012522364146122,0.454
305,5,276,1535.2619197368874,10265.35597550149,9752.088176726385,9766.535858711108,0.9985206953423679,14.447681984722923,0.15742904410983796,0.1993731575194438,0.9825553316371736,0.0,0.0,0.0,0.0,False,1150.005158702036,2.0415638428135257,1440,2023-02-27,-0.05091332805386767,0.447
306,5,177,942.0013724330602,6210.181364437921,5899.672296216026,5904.087118635203,0.9992522430088738,4.414822419176604,0.15967011812456902,0.20203874921833548,0.9933089034341698,0.0,0.0,0.0,0.0,False,756.6777367222326,1.691559913142431,1440,2023-02-08,-0.049040223472820624,0.435
307,5,234,1345.3455579387737,8729.92603269188,8293.42973105734,8312.572630956283,0.9976971148705932,19.14289989894189,0.16221823799877472,0.2005326480874196,0.9822378612792736,0.0,0.0,0.0,0.0,False,1028.1011980193634,2.1086526230440983,1440,2023-11-29,-0.053507979006461474,0.458
308,5,135,269.44758360295407,4906.540439545156,4661.213417567909,4665.578195287117,0.9990644722826387,4.364777719207806,0.05780631768273427,0.19768994818863356,0.9949936607726826,0.0,0.0,0.0,0.0,False,585.5164483934641,1.512804158244632,1440,2023-10-21,-0.053795393349730214,0.407
309,5,266,1137.9574836123675,9629.708883132818,9148.223438976202,9165.713686271949,0.998091774640316,17.49024729574856,0.12439108983325388,0.19891944355530314,0.9423784052877093,7.152777777777778,0.0,0.0,0.0,False,1244.5721081584584,4.030593898675922,1440,2023-08-25,-0.04765588245644758,0.451
310,5,168,40.34015478035611,5727.035614298765,5440.683833583782,5442.727899264577,0.9996244409570666,2.04406568079506,0.007414537586497472,0.19906355890213492,0.9913259879800742,0.0,0.0,0.0,0.0,False,673.768584824599,1.651062866925016,1440,2023-12-24,-0.0453951357262597,0.417
311,5,181,892.3061770220186,6656.655401025607,6323.8226309743295,6329.645105998829,0.9990801261481498,5.822475024499722,0.14110234095615967,0.19794385780357604,0.991733928541581,0.0,0.0,0.0,0.0,False,760.4160183424467,1.7007626949421426,1440,2023-02-02,-0.043856770050246074,0.421
312,5,294,1270.174293140583,11022.333185107596,10471.21652585221,10484.632609925662,0.9987204049419194,13.416084073450344,0.121301502075205,0.19958228738939185,0.9315356112948965,13.472222222222221,0.0,0.0,0.0,False,1341.9996492651535,4.292467477244161,1440,2023-08-30,-0.04005992798278444,0.455
313,5,218,634.2093584440937,7661.046054474539,7277.993751750818,7280.231632122354,0.9996926086305191,2.2378803715368702,0.08714068465523568,0.19998219407655363,0.9916955340149013,0.0,0.0,0.0,0.0,False,920.5880077848175,1.5665655049256912,1440,2023-01-10,-0.04060611378707949,0.42
314,5,278,855.9659835331032,10216.361522605297,9705.543446475023,9711.765071839292,0.9993593723367229,6.221625364269415,0.08819351417606433,0.19825394111793002,0.9418791516515153,8.541666666666666,0.0,0.0,0.0,False,1086.945667429544,3.9480897854985724,1440,2023-05-31,-0.04192196684609913,0.442
315,5,155,592.4332841658891,5509.15154314188,5233.693965984785,5245.928681345618,0.9976677694067135,12.234715360832874,0.11319601184484147,0.20116552545604277,0.9906216187951642,0.0,0.0,0.0,0.0,False,748.4049557196149,1.76181936460811,1440,2023-04-19,-0.03908518984023939,0.409
316,5,257,1118.0527700745868,9332.635684288158,8866.003900073749,8874.296522366789,0.9990655459537396,8.292622293038566,0.12610560323183329,0.2016261163765844,0.9805428151106094,0.0,0.0,0.0,0.0,False,1139.194141594016,2.3431590354983425,1440,2023-02-10,-0.0432795300522018,0.446
317,5,300,1581.242202408463,11150.815129577388,10593.274373098486,10613.556346932299,0.9980890501570969,20.28197383381218,0.1492685025155217,0.201483187801142,0.9725643205058697,0.0,0.0,0.0,0.0,False,1398.5807007514472,2.4589973397331755,1440,2023-01-17,-0.04772960806579253,0.455
318,5,133,559.6284384215626,4648.669845683554,4416.236353399412,4417.406053734113,0.999735206517021,1.169700334699968,0.12672067200180234,0.20042789837490385,0.9899773025849977,0.0,0.0,0.0,0.0,False,556.6013874424775,1.5179004659911373,1440,2023-03-28,-0.05104938700074892,0.406
319,5,164,874.1898149184166,6467.670046295836,6144.286543981063,6152.218517915038,0.9987107132311901,7.931973933974167,0.14227686301101503,0.19814591026488174,0.9947005680258016,0.0,0.0,0.0,0.0,False,734.1527865966018,1.72223727120526,1440,2023-03-07,-0.051404968329735325,0.418
320,5,146,927.158831600804,5449.175483436769,5176.71670926494,5182.998473019141,0.9987880058643849,6.281763754200439,0.17910171324257274,0.20046554514227957,0.9921490891182023,0.0,0.0,0.0,0.0,False,617.6781225342147,1.7201161606462623,1440,2023-02-06,-0.04657635506411987,0.407
321,5,166,755.2569057589753,6108.517622045398,5803.091740943147,5814.7880789423725,0.9979885186114378,11.696337999224815,0.13014733171118664,0.1986095018579741,0.9639372508731071,0.0,0.0,0.0,0.0,False,706.7494462445636,3.153106772631796,1440,2023-06-17,-0.047839938439016724,0.425
322,5,176,563.3711512484832,6404.081745283987,6083.877658019759,6092.94097542715,0.9985124888877238,9.063317407390867,0.09260067064396801,0.20079594131492293,0.9951056792557175,0.0,0.0,0.0,0.0,False,831.8315297800877,1.5846542085875703,1440,2023-11-09,-0.04469798500636088,0.423
323,5,133,451.2744972290663,4987.81770751198,4738.426822136362,4746.760127193456,0.9982444225463691,8.33330505709367,0.09523719879367161,0.19883006370561432,0.9558211285336101,0.0,0.0,0.0,0.0,False,659.6649113696392,3.395445506088439,1440,2023-08-01,-0.047034386131269756,0.418
324,5,282,1093.5725119275116,10545.344284634144,10018.077070402407,10030.949980505033,0.998716680859974,12.872910102624367,0.10915992203317966,0.20004216789593657,0.9532458329146569,0.0,0.0,0.0,0.0,False,1287.70545395935,3.525376387302383,1440,2023-08-04,-0.04452007947599865,0.456
325,5,166,81.95141438375342,6102.015474891417,5796.914701146801,5801.548678630915,0.9992012516414485,4.633977484113472,0.014137074393649609,0.20021320967029133,0.9897526023870881,0.0,0.0,0.0,0.0,False,780.6415107456318,1.7855543311782331,1440,2023-12-25,-0.045177371765287536,0.414
326,5,286,1485.86250024223,10306.480631049757,9791.156599497252,9805.202286957807,0.9985675270076542,14.045687460554177,0.15175556484496683,0.2008763387194614,0.9821447967096186,0.0,0.0,0.0,0.0,False,1242.6679429550782,2.074679333053778,1440,2023-04-04,-0.04609015798381366,0.439
327,5,258,981.948858035413,8978.962792978751,8530.014653329752,8540.583431589243,0.9987625226842934,10.568778259489253,0.11511690166348099,0.19894106992794,0.9473808321331082,0.7638888888888888,0.0,0.0,0.0,False,1059.4926012288272,3.5372007450124503,1440,2023-06-24,-0.0483230878027818,0.445
328,5,151,602.1300241661321,5393.267229266308,5123.603867803007,5129.95464877538,0.9987620200553062,6.350780972371368,0.11752079975385069,0.19979506430818259,0.9751210027857199,0.0,0.0,0.0,0.0,False,700.5299633609934,2.44292727152751,1440,2023-04-24,-0.04579889381300624,0.407
329,5,246,1422.746133939902,8855.884102028425,8413.08989692701,8424.809769111533,0.9986088858376966,11.71987218452284,0.16911101050513896,0.20049721325662134,0.9844362512065601,0.0,0.0,0.0,0.0,False,1179.8098775837439,2.038588500992681,1440,2023-02-03,-0.0456480794731286,0.427
330,5,260,622.7413912795295,9859.329704294703,9366.363219079933,9388.24556658584,0.9976691760616286,21.882347505905898,0.06648699999279997,0.2000795248189424,0.9613030904400754,0.0,0.0,0.0,0.0,False,1038.8965544804257,3.1702281646527912,1440,2023-10-06,-0.04709701635062283,0.451
331,5,143,622.6474001626827,5027.527962548289,4776.151564420868,4781.471684033415,0.9988873468329192,5.320119612546457,0.13036592155093843,0.2016798198648206,0.9868403951582697,0.0,0.0,0.0,0.0,False,563.4605625299937,1.8623392667882777,1440,2023-10-11,-0.047341227530671645,0.409
332,5,143,540.2551798172765,5111.622955290203,4856.041807525671,4860.487683511443,0.9990853024891199,4.445875985772124,0.11125422746155393,0.19763722099241918,0.9953731951599767,0.0,0.0,0.0,0.0,False,636.7471365810064,1.512908445264982,1440,2023-12-04,-0.051141236568883745,0.415
333,5,188,1054.8106832003723,7019.064623611772,6668.111392431201,6682.813070222615,0.99780007645928,14.701677791414117,0.15818732188512333,0.20138672059318533,0.9898207142465264,0.0,0.0,0.0,0.0,False,1022.7329279812061,1.8155169812497558,1440,2023-11-29,-0.045169387329791276,0.42
334,5,132,480.2100210693659,4499.805691558178,4274.815406980248,4282.669898256778,0.9981659825615494,7.85449127653027,0.11233468006249861,0.19924747957457403,0.9893492710842742,0.0,0.0,0.0,0.0,False,572.9206838187913,1.7851137580270584,1440,2023-04-22,-0.04871014308986211,0.408
335,5,196,795.8198982871747,7150.334715292135,6792.817979527566,6801.6476483231145,0.9987018338420214,8.829668795546981,0.11715607582679893,0.20024744573941647,0.9861841268148195,0.0,0.0,0.0,0.0,False,879.6015069390461,1.8056726923507347,1440,2023-02-24,-0.046798791435702626,0.429
336,5,206,862.1705620977581,7322.930298045432,6956.783783143173,6964.8736154016715,0.9988384811117593,8.089832258498529,0.12393234991532498,0.19826647503788292,0.988326314965484,0.0,0.0,0.0,0.0,False,894.994197047844,1.9404959317051504,1440,2023-11-25,-0.047482007961999216,0.438
337,5,240,845.4818996864198,8863.409307735023,8420.238842348248,8433.588337628174,0.9984171037587447,13.3494952799268,0.10041067902185903,0.19730990708318183,0.946099491702859,1.8055555555555556,0.0,0.0,0.0,False,1052.4668520992666,3.7125956911388522,1440,2023-07-24,-0.04358376939155682,0.441
338,5,223,604.0494166301885,8250.998292040218,7838.448377438219,7846.20914584849,0.999010889428766,7.7607684102715515,0.0770623709621987,0.2003777538280009,0.9835046112806246,0.0,0.0,0.0,0.0,False,995.4878452402126,2.023592568603264,1440,2023-12-19,-0.03822622438901961,0.427
339,5,202,794.9302520764386,7446.5337042536885,7074.207019040996,7079.093430128675,0.9993097405570489,4.886411087678683,0.11237022749501076,0.19829821847838822,0.9921861851824442,0.0,0.0,0.0,0.0,False,984.7218595270116,1.805193109541796,1440,2023-11-08,-0.040708338916991854,0.418
340,5,159,555.8325350306858,5451.118626038003,5178.562694736118,5183.644991009891,0.9990195516316053,5.082296273771764,0.10733336019967006,0.1995937551159678,0.9686907773422917,0.0,0.0,0.0,0.0,False,692.1952933135426,2.8483733556076167,1440,2023-09-30,-0.03803396369414114,0.416
341,5,226,1140.3733279701098,8090.340309086823,7685.823293632471,7688.170171819388,0.9996947416440496,2.346878186918245,0.1483736074071444,0.20117151674151573,0.987038657390082,0.0,0.0,0.0,0.0,False,1060.5716587096683,1.9375473300432642,1440,2023-02-26,-0.03872433187433405,0.428
342,5,202,375.28070496189844,7081.5682659458935,6727.489852648636,6734.021061044168,0.9990301176167513,6.531208395531899,0.055783169232748696,0.19725793322450638,0.9721421361333163,0.0,0.0,0.0,0.0,False,828.2431886867819,2.6599754869306054,1440,2023-05-20,-0.0428062778317696,0.434
343,5,271,1346.1436834065246,9739.820196333203,9252.829186516574,9263.224322580849,0.9988778058587079,10.395136064276734,0.1454845492412369,0.19831429777997922,0.9790690161821969,0.0,0.0,0.0,0.0,False,1154.8767458362106,2.1359250965688377,1440,2023-03-08,-0.0373248475215228,0.443
344,5,246,951.1175360842892,9287.453890885934,8823.081196341678,8834.906551283388,0.9986615189563051,11.825354941709833,0.1077987966923224,0.19982192913811994,0.9841303836212317,0.0,0.0,0.0,0.0,False,1111.2717126541215,1.9660880840291979,1440,2023-11-10,-0.035179420184364554,0.442
345,5,251,900.4651919815127,8851.132149119934,8408.575541664006,8421.621418817478,0.9984509067191832,13.045877153472501,0.10708891030588472,0.19897675493231307,0.9808331520885128,0.0,0.0,0.0,0.0,False,1073.0200182545445,2.2513342240565506,1440,2023-03-16,-0.036770963759453545,0.441
346,5,223,1184.4694305618373,8202.097926081922,7791.993029777806,7798.408842143062,0.9991772921252109,6.415812365255965,0.15201109986049527,0.19828290765991177,0.9884553890683802,0.0,0.0,0.0,0.0,False,985.4930977844303,1.8600196656497368,1440,2023-02-23,-0.03613365311336526,0.433
347,5,186,1045.1745775216236,6624.138903930317,6292.931958733844,6300.878851404144,0.998738764407678,7.946892670300863,0.16608706154387148,0.1977903387781931,0.9909011189668024,0.0,0.0,0.0,0.0,False,799.3886778530455,1.6473794823102272,1440,2023-01-25,-0.03401148598020738,0.416
348,5,170,753.6690008804211,6030.622165510374,5729.091057234888,5731.6433839570245,0.9995546954771679,2.552326722136991,0.13155123445431413,0.19816136169634815,0.9762624954169985,0.0,0.0,0.0,0.0,False,872.4649466728977,2.450806532008732,1440,2023-09-14,-0.03111961767280966,0.42
349,5,201,1077.67004556222,7102.775196593915,6747.636436764236,6755.761534385288,0.9987973084041383,8.125097621050545,0.15971074548275546,0.198526292865547,0.9843586218906878,0.0,0.0,0.0,0.0,False,897.436067337673,1.982994127370032,1440,2023-02-12,-0.02953044153165,0.459
350,5,223,764.8439450668016,7908.716480624034,7513.280656592867,7519.846250279789,0.9991268978821637,6.565593686923611,0.10179893178829341,0.1975717291439627,0.9450803556239933,0.7638888888888888,0.0,0.0,0.0,False,1045.2656966060854,3.8156920684889317,1440,2023-05-15,-0.028988263834237055,0.457
351,5,186,1126.242891270731,7202.074604209517,6841.970873999033,6852.816405281497,0.9984173614699343,10.845531282465021,0.16460796340871564,0.1989807556460557,0.9880615143232748,0.0,0.0,0.0,0.0,False,882.174653318652,1.7849277981470273,1440,2023-02-14,-0.026333067946019417,0.427
352,5,146,248.4294835348267,5368.521368516368,5100.0953000905465,5105.332926297151,0.9989740872373619,5.237626206604322,0.04871075321483034,0.19744804294243873,0.9987344037643057,0.0,0.0,0.0,0.0,False,694.118889162491,1.5098498414080264,1440,2023-11-01,-0.027257807322352653,0.417
353,5,139,142.452312868952,4718.6227616226915,4482.691623541549,4486.604368270227,0.9991279051131968,3.912744728677916,0.03177829858311949,0.201090258945917,0.9909762609314526,0.0,0.0,0.0,0.0,False,656.9176296979319,1.6649256505690722,1440,2023-12-27,-0.02449803302258386,0.41
354,5,127,670.0062437728576,4523.138668267138,4296.98173485381,4302.640371146116,0.9986848456286856,5.658636292307156,0.15592485263278696,0.19906680404116317,0.9935526061957586,0.0,0.0,0.0,0.0,False,644.8623672515976,1.6091388972915168,1440,2023-11-30,-0.030357601737716886,0.401
355,5,156,483.27497177669693,5541.189356190057,5264.129888380563,5267.940943034986,0.999276557065534,3.8110546544234083,0.0918052901474606,0.19972314827234727,0.9940694033588308,0.0,0.0,0.0,0.0,False,780.8595464935847,1.5411443689792301,1440,2023-01-29,-0.030546996121423024,0.418
356,5,193,924.258783509093,6598.352144178469,6268.4345369695675,6273.320717620854,0.9992211173521605,4.886180651285016,0.14744650806482212,0.19878056512601852,0.9773714543894146,0.0,0.0,0.0,0.0,False,769.1260962521594,2.2833271713555976,1440,2023-06-19,-0.032128626350610326,0.426
357,5,171,631.1148391292513,6351.615181466982,6034.034422393606,6039.315872723735,0.9991254886411916,5.281450330129206,0.10459251554599154,0.20017022062277257,0.9819741434631282,0.0,0.0,0.0,0.0,False,876.4613823551665,2.2359326114464646,1440,2023-03-26,-0.03125927586833784,0.422
358,5,152,611.2666308797425,5962.859615403581,5664.716634633383,5675.138213002143,0.9981636432492722,10.421578368759295,0.10790771547909973,0.19888924568711566,0.9894300529341659,0.0,0.0,0.0,0.0,False,723.5195265503039,1.8015544462800692,1440,2023-02-17,-0.03362954860651737,0.413
359,5,176,527.4951477889498,6325.207910721538,6008.947515185469,6015.880107625604,0.9988476179185573,6.932592440135302,0.08778494843829043,0.19851981291066856,0.9591226288358095,0.0,0.0,0.0,0.0,False,798.949969228831,3.1906506321127273,1440,2023-05-19,-0.0326520842229716,0.459
360,5,249,317.1132834529657,9156.850019335208,8699.007518368493,8713.602851328338,0.9983249944702701,14.595332959846463,0.036453961303443104,0.19965934913694947,0.9704999076527674,0.0,0.0,0.0,0.0,False,1013.4845580076558,2.7091260981615544,1440,2023-10-28,-0.03098335125348478,0.465
361,5,176,557.3534620743064,6701.211592050147,6366.151012447608,6375.207837624757,0.9985793678562606,9.056825177149676,0.08754951947959204,0.19806891170032798,0.9964142104167619,0.0,0.0,0.0,0.0,False,733.2342263324372,1.505507497883516,1440,2023-03-12,-0.03213831203256079,0.45
362,5,286,563.8336985863614,10532.05228756506,10005.449673186835,10014.765164721126,0.9990698242663636,9.315491534291139,0.056352659500887255,0.1985705596447843,0.9874453800545719,0.0,0.0,0.0,0.0,False,1200.0783585615081,2.0192501289557647,1440,2023-11-03,-0.02946676388027072,0.476
363,5,224,1347.5240007412042,7876.449628114366,7482.627146708659,7485.491908083222,0.9996172915007135,2.8647613745632183,0.18008701680851918,0.19834152004282013,0.9891950959474711,0.0,0.0,0.0,0.0,False,1004.6507971286774,1.8635218145885921,1440,2023-01-22,-0.02836167881848177,0.436
364,5,144,504.9332417307058,4845.779550205415,4603.490572695075,4606.748539762521,0.9992927838280458,3.257967067446639,0.1096848649426248,0.19774980504067916,0.9970714932206335,0.0,0.0,0.0,0.0,False,626.7609242107274,1.4961907734469626,1440,2023-11-24,-0.02689079964687046,0.419
365,5,295,1195.1345461479611,10674.450421690894,10140.72790060636,10154.634762690748,0.9986304911590239,13.906862084388099,0.11785490724748651,0.19915512320668496,0.9681347278008158,0.0,0.0,0.0,0.0,False,1135.8841967637318,2.8523690130372668,1440,2023-09-09,-0.024299813556905227,0.472
366,5,279,1203.23141829233,9902.44136035827,9407.31929234031,9417.027959514382,0.9989690306521535,9.70866717407258,0.12790375035660087,0.19867206286628686,0.9889866239683862,0.0,0.0,0.0,0.0,False,1126.2934532772153,2.049794799000973,1440,2023-03-06,-0.02527648081048007,0.461
367,5,260,990.8029815895347,9352.153910650832,8884.546215118273,8896.050002402393,0.9987068657121966,11.50378728411929,0.1115198185252892,0.1988792320888911,0.9879795171258945,0.0,0.0,0.0,0.0,False,1124.7951414705885,2.018256146000634,1440,2023-12-03,-0.02492868500777845,0.453
368,5,148,398.1368136467809,5093.86573908438,4839.172452130152,4842.249139695003,0.9993646160129125,3.076687564850707,0.08227373948442886,0.19780595778137247,0.9527167512804373,0.0,0.0,0.0,0.0,False,687.1995054419638,3.616725188912102,1440,2023-07-16,-0.025050182259791054,0.445
369,5,263,1405.9400836628977,9237.388218776825,8775.518807838005,8788.327293023647,0.998542557103465,12.808485185641066,0.16021161989957314,0.19778892553238409,0.9775114897386171,0.0,0.0,0.0,0.0,False,1109.5259501700384,2.4187486793958506,1440,2023-02-21,-0.022676474473928766,0.444
370,5,246,620.0244885744991,8947.09311891406,8499.738462968411,8508.968639106677,0.9989152414905087,9.230176138267527,0.07294630196868016,0.2006880722316653,0.9864823618072631,0.0,0.0,0.0,0.0,False,991.2060178990322,2.0123040277665414,1440,2023-12-17,-0.02062948357408369,0.432
371,5,257,824.4812914497813,8848.091155816282,8405.686598025455,8415.653931910303,0.9988156198002566,9.967333884847253,0.09808613274297626,0.20055246662093718,0.9882791999562948,0.0,0.0,0.0,0.0,False,1133.3988929313805,2.082966591290157,1440,2023-12-13,-0.02540441720420955,0.426
372,5,249,950.2621562285077,8641.75415450518,8209.666446779906,8218.472901638992,0.9989284560569239,8.806454859086166,0.11574917962729546,0.19823881815416533,0.9709504264130071,0.0,0.0,0.0,0.0,False,1213.8909134809699,2.5282281166537777,1440,2023-05-05,-0.028953655095755232,0.431
373,5,228,613.0780732109896,8395.260431774186,7975.497410185491,7990.525238082742,0.998119294107773,15.027827897250823,0.07687019902081955,0.1978999629234573,0.9383155879281233,5.069444444444445,0.0,0.0,0.0,False,998.3823491900866,4.154082021102568,1440,2023-06-03,-0.02661495968980199,0.438
374,5,181,626.1543642556405,6453.155062583176,6130.497309454029,6138.842584264785,0.998640578464718,8.345274810756138,0.10213761341841364,0.20005824004260195,0.9900701576104014,0.0,0.0,0.0,0.0,False,724.7367803860813,1.753776480480951,1440,2023-12-08,-0.023893520003654585,0.422
375,5,286,1158.790486604892,10443.122377792739,9920.96625890309,9932.174633887458,0.9988715084664213,11.208374984369192,0.11680217998574399,0.19625613931494504,0.9650545077752596,0.0,0.0,0.0,0.0,False,1371.069155882285,2.998723906110146,1440,2023-09-15,-0.02646748991898499,0.463
376,5,297,1589.2047881475153,10425.398438638644,9904.128516706716,9912.011186472942,0.999204735586156,7.882669766226006,0.16045882133564557,0.19750750636797174,0.9666673593604823,0.0,0.0,0.0,0.0,False,1450.9739735797205,2.5579051525794227,1440,2023-02-28,-0.019974851216151366,0.463
377,5,244,1108.6926400899317,8930.520967112418,8483.994918756729,8491.649599159467,0.9990985637933651,7.654680402738003,0.13068049317648614,0.19834682942332316,0.9377441636514706,7.152777777777778,0.0,0.0,0.0,False,1169.252211344448,4.191945982935799,1440,2023-06-22,-0.017409123088941787,0.454
378,5,184,790.0765506207531,6832.002470223006,6490.402346711875,6495.280935391976,0.9992489025911847,4.8785886801014,0.12172998042579232,0.19990274071227718,0.9566061223986997,0.0,0.0,0.0,0.0,False,743.7674662585362,3.3737832171336097,1440,2023-08-16,-0.0171203927801134,0.45
379,5,210,1261.2520540774494,7443.318947219639,7071.152999858643,7075.428843419761,0.9993956771164345,4.275843561117394,0.178365827199986,0.19700914580175305,0.9868548779451831,0.0,0.0,0.0,0.0,False,950.5969180292464,2.0820533297024504,1440,2023-02-06,-0.020307550404363398,0.45
380,5,221,561.2099653671117,7376.193782281898,7007.384093167784,7010.6613907670235,0.999532526616739,3.277297599240145,0.08008836934089181,0.19695984463518748,0.9349507171249696,5.694444444444445,0.0,0.0,0.0,False,971.6987867991329,4.212675221215355,1440,2023-06-03,-0.016341824990697966,0.436
381,5,133,386.4813395407106,4740.804232922491,4503.764021276344,4508.617500857573,0.998923510459624,4.8534795812300455,0.08581296393748085,0.19781060565662847,0.9918181552903437,0.0,0.0,0.0,0.0,False,579.1654138230335,1.7005081232992127,1440,2023-12-15,-0.012908774325080745,0.416
382,5,136,728.4924219004873,4565.180653921506,4336.921621225433,4340.099181372598,0.9992678600155493,3.1775601471636463,0.1679745417429623,0.19628851671024933,0.9928169431184487,0.0,0.0,0.0,0.0,False,605.100915309278,1.4764473319393971,1440,2023-02-14,-0.011924538322588576,0.418
383,5,208,691.6314181374042,7112.023786214728,6756.422596903965,6762.273308442687,0.9991348010836212,5.850711538721567,0.10236651248758988,0.19751140518215154,0.9498090038123392,0.06944444444444445,0.0,0.0,0.0,False,931.1147434564888,3.5969123214768324,1440,2023-07-24,-0.007602979674073189,0.445
384,5,221,1066.5846898833406,7799.101950822936,7409.146853281765,7413.39506592799,0.9994269545048599,4.248212646224931,0.1439551288433315,0.19806297533635167,0.9690620773896107,0.0,0.0,0.0,0.0,False,1040.1816156965035,2.640254278308798,1440,2023-10-09,-0.00671165765255333,0.439
385,5,158,850.799189890615,5877.698939817748,5583.813992826854,5591.579411628108,0.9986112298101132,7.765418801253624,0.1523688272896588,0.19684219483643156,0.9947047039193012,0.0,0.0,0.0,0.0,False,717.2292555635859,1.5139747762814417,1440,2023-10-16,-0.007115203141395302,0.426
386,5,167,643.2836447837528,6098.147461269617,5793.240088206099,5798.481615986348,0.9990960516688028,5.241527780248448,0.11104039104012833,0.19791768005552365,0.9700391275090128,0.0,0.0,0.0,0.0,False,811.0734286696566,2.7779500976901583,1440,2023-09-30,-0.004594432174466218,0.429
387,5,144,600.4753603141411,5371.478246994364,5102.904334644656,5107.503593435641,0.9990995094360978,4.599258790985164,0.1176732544714569,0.19822407072001497,0.9754953102022023,0.0,0.0,0.0,0.0,False,702.5630246108663,2.375944531380189,1440,2023-04-24,-0.0048397668857017365,0.428
388,5,285,1112.5158641056953,9549.21138825213,9071.750818839573,9082.110839742023,0.9988592937164876,10.360020902450247,0.12263518766358758,0.19744799652636466,0.9789185476604837,0.0,0.0,0.0,0.0,False,1334.9906987483587,2.2829064551463647,1440,2023-04-15,-0.005621297652571786,0.452
389,5,211,623.4576426400682,7278.299121611466,6914.384165530893,6921.160937883208,0.9990208619026294,6.77677235231456,0.09016820988166753,0.19925557090043408,0.9461449258887454,1.0416666666666667,0.0,0.0,0.0,False,964.8035774525504,3.8378805913294167,1440,2023-06-02,-0.004411558866355383,0.47
390,5,169,615.0486397252195,5996.799420726075,5696.95944968979,5701.63283602614,0.999180342461405,4.673386336350999,0.10796085967554324,0.20201976195906582,0.9682155917757336,0.0,0.0,0.0,0.0,False,747.9076269567013,2.8655592664657674,1440,2023-05-09,-0.007383210005356692,0.442
391,5,262,847.52826566683,9278.772524075506,8814.833897871747,8830.41745375199,0.9982352413165222,15.583555880243157,0.09614795644322431,0.1990852703924904,0.9443039247132181,2.1527777777777777,0.0,0.0,0.0,False,1249.3731785121677,4.004923156538485,1440,2023-08-01,-0.015942739343500854,0.463
392,5,293,861.0574774755829,10518.330866504057,9992.414323178895,10010.1585365249,0.9982273793885222,17.744213346003047,0.08617111437005086,0.19875745473952683,0.9767595362270114,0.0,0.0,0.0,0.0,False,1426.8389418864576,2.479821434621187,1440,2023-12-15,-0.0162887448871748,0.462
393,5,173,485.25422249042657,5904.548607627175,5609.321177245817,5618.209025740443,0.9984180281556088,8.887848494626613,0.08650854660611303,0.200918067512444,0.9608946689904526,0.0,0.0,0.0,0.0,False,683.5774666121815,3.1687079776785683,1440,2023-07-31,-0.01578222762257042,0.447
394,5,282,1906.5713887034535,10098.665845235053,9593.732552973284,9599.012222187997,0.9994499778630859,5.27966921471194,0.19873092961222585,0.199117698698765,0.9780004393777193,0.0,0.0,0.0,0.0,False,1476.2713045906025,2.3036276606090564,1440,2023-01-23,-0.020176265286926922,0.454
395,5,259,1145.2140620183202,9665.628406693611,9182.346986358873,9192.547329469395,0.9988903681705481,10.200343110523097,0.12471910108816725,0.19913778889528388,0.9750008914353915,0.0,0.0,0.0,0.0,False,1144.7446648396308,2.5628940169848615,1440,2023-04-17,-0.019686568963256545,0.457
396,5,263,997.9537922648881,9315.460701692937,8849.68766660825,8857.203261888628,0.9991514708358658,7.5155952803766,0.11276712013581898,0.19914352423119006,0.9781083215587214,0.0,0.0,0.0,0.0,False,1010.2083644359641,2.5043618224100865,1440,2023-05-01,-0.01929589978142598,0.462
397,5,215,713.11761959645,7491.525023821157,7116.948772630085,7121.102810966393,0.9994166580027589,4.154038336307918,0.1001999090310883,0.2002214938240674,0.9964751701820798,0.0,0.0,0.0,0.0,False,872.0727224811105,1.5833461354333747,1440,2023-10-19,-0.01895315838651461,0.435
398,5,284,1831.5984200542305,10836.01308612727,10294.212431820899,10298.940065507075,0.9995409592000628,4.727633686175728,0.1779250653884405,0.19883580206858248,0.9848256785595503,0.0,0.0,0.0,0.0,False,1194.5860670136135,2.332996151212806,1440,2023-02-06,-0.02106157306611904,0.46
399,5,146,582.4721542007657,5450.094743987527,5177.59000678815,5186.297144786033,0.9983211262766469,8.707137997883079,0.11249870179699581,0.1963998409745636,0.962616435023823,0.0,0.0,0.0,0.0,False,614.4212522239734,2.905792809227523,1440,2023-05-24,-0.019641573051164884,0.429
400,5,135,725.9915473877554,4831.103441093918,4589.548269039202,4591.567207601671,0.9995602942369816,2.018938562469364,0.15818366096838937,0.19934508528435627,0.9954061189233897,0.0,0.0,0.0,0.0,False,522.4568081769276,1.4770119703590414,1440,2023-02-08,-0.012966450681088176,0.403
401,5,294,1264.2047793669801,11229.210143451048,10667.749636278559,10684.769378952325,0.998407102477355,17.019742673765652,0.11850716622254716,0.19936585437241602,0.9417305287136325,4.791666666666667,0.0,0.0,0.0,False,1301.2440913763821,4.062105318584442,1440,2023-08-15,-0.014073144530788515,0.455
402,5,208,715.7631949453088,7210.770551616222,6850.2320240354575,6854.6706562706895,0.9993524660107235,4.438632235232037,0.10448743815302977,0.19803962293270702,0.9863985321070124,0.0,0.0,0.0,0.0,False,912.7358736094973,1.8723756604889372,1440,2023-03-21,-0.014972484322901053,0.418
403,5,192,561.9846150204476,6894.502779749354,6549.77764076189,6559.701470414531,0.9984871522435282,9.923829652640322,0.08580209067297066,0.1989620595263749,0.9571227189206849,0.0,0.0,0.0,0.0,False,853.8067071751117,3.264276236937217,1440,2023-06-04,-0.012676228135866625,0.424
404,5,252,404.48755000427315,9305.875369263802,8840.581600800633,8856.171118174085,0.9982397000729288,15.589517373451478,0.045753499969689936,0.1960658232431124,0.9530391131778057,0.0,0.0,0.0,0.0,False,994.5331010699924,3.624842082412964,1440,2023-07-15,-0.01281668666862719,0.447
405,5,173,592.546611786109,6051.354120466362,5748.786414443048,5751.888266518104,0.9994607245601219,3.1018520750554983,0.10307333914814018,0.19889083379892666,0.9955655383832025,0.0,0.0,0.0,0.0,False,761.6055547901938,1.502389440228208,1440,2023-10-19,-0.006360624833813715,0.408
406,5,235,1254.799938000035,8292.962411404818,7878.314290834578,7886.594935036718,0.9989500355640997,8.28064420213955,0.15927264281139886,0.19839273881235253,0.9796172254036277,0.0,0.0,0.0,0.0,False,1073.5784305142379,2.4108145730202764,1440,2023-02-22,-0.007355340278700669,0.449
407,5,273,1100.978384869863,9462.834720179593,8989.69298417059,9001.689979681101,0.9986672507565144,11.996995510513134,0.12247118859437243,0.19867163688003223,0.9412243616432605,7.361111111111111,0.0,0.0,0.0,False,1125.8153792842488,3.888380328633538,1440,2023-08-20,-0.006974940604764765,0.483
408,5,265,1439.7934974371901,9120.601123706569,8664.571067521249,8671.050547258363,0.9992527457080547,6.47947973711305,0.16617019887276252,0.19872767129091223,0.9481689974695794,0.4861111111111111,0.0,0.0,0.0,False,1193.6720120739478,3.7034115827628367,1440,2023-09-25,-0.007217778458512982,0.501
409,5,142,256.96486065210706,5258.02345405883,4995.122281355884,5005.873681034231,0.9978522431121104,10.751399678346372,0.051443157179799026,0.20100726340573527,0.9861008397469542,0.0,0.0,0.0,0.0,False,660.7011425118699,2.0537634235711786,1440,2023-11-05,-0.007471708009993182,0.427
410,5,295,1608.3999459715328,10220.401151969842,9709.381094371343,9721.484494709759,0.9987549843498694,12.103400338418533,0.1656542193924125,0.19969505486289876,0.9815921553333488,0.0,0.0,0.0,0.0,False,1125.8598422694959,1.9922627607264807,1440,2023-02-14,-0.012740317474074787,0.468
411,5,252,1415.6069203421337,9311.893548636011,8846.29887120417,8862.08748486241,0.9982184091857355,15.788613658239429,0.16002250669487492,0.1985349771816552,0.9806223532866206,0.0,0.0,0.0,0.0,False,1110.1822473204722,2.2960994285700402,1440,2023-02-12,-0.01405309899424469,0.448
412,5,246,1201.3497780639389,8839.056471119387,8397.1036475634,8402.784371460722,0.9993239474385874,5.680723897323515,0.143067160831406,0.19864188892642323,0.9851037361167635,0.0,0.0,0.0,0.0,False,1140.3605921072713,2.0811671244779766,1440,2023-12-01,-0.012477902170727518,0.46
413,5,153,533.9529259097238,5502.374682335268,5227.255948218516,5231.791345891366,0.9991331080746536,4.535397672850029,0.1021478441459708,0.19987975988759124,0.9928112294966038,0.0,0.0,0.0,0.0,False,719.7636097355237,1.6638954787235225,1440,2023-12-07,-0.011385044996724632,0.422
414,5,287,801.4856870706938,10272.361941527983,9758.74384445159,9772.521811060997,0.9985901319152021,13.777966609403386,0.08213000564887095,0.19927058576059223,0.9822267418558484,0.0,0.0,0.0,0.0,False,1114.1989205525094,2.12518130338525,1440,2023-01-14,-0.0132280633664715,0.458
415,5,191,649.8677188107324,7043.1630990703625,6691.004944116859,6698.904967857799,0.9988206992368387,7.900023740941338,0.09712557743394523,0.19899398866042461,0.9844854845666826,0.0,0.0,0.0,0.0,False,907.6002264057313,2.1173064555994126,1440,2023-10-27,-0.01332582427090078,0.424
416,5,290,1225.7740076002906,10555.372609359636,10027.603978891777,10035.634724228776,0.9991997770387547,8.030745336999265,0.12223996980540508,0.1961418213751781,0.9739378842917826,0.0,0.0,0.0,0.0,False,1206.3060899268066,2.793253644507456,1440,2023-09-10,-0.012745218807096682,0.449
417,5,161,616.6083826991564,5550.7146211073195,5273.178890051983,5274.838016197733,0.9996854640577294,1.6591261457497897,0.11693295364251864,0.19944639327337846,0.9523330006918954,0.0,0.0,0.0,0.0,False,714.881704342238,3.606454735388447,1440,2023-08-31,-0.005813057477269987,0.432
418,5,136,541.024983543098,4937.8849261187725,4690.990679812819,4694.553519618049,0.9992410695095195,3.5628398052310297,0.11533277733237494,0.20055168725444303,0.9967619927379159,0.0,0.0,0.0,0.0,False,648.1827613900035,1.5021120233145822,1440,2023-02-24,-0.007509706253118335,0.413
419,5,272,858.3241119476411,9723.924994187571,9237.728744478125,9253.499882849948,0.9982956569328917,15.771138371823518,0.0929150590680319,0.19777499467373652,0.9671680924147872,0.0,0.0,0.0,0.0,False,1093.670281807832,2.9180259797330956,1440,2023-06-09,-0.011326256394861213,0.455
420,5,225,721.5294867587902,7519.758806802911,7143.770866462781,7150.100659996504,0.9991147266542502,6.329793533724249,0.10100120793992566,0.19902105279214485,0.950567956710847,0.0,0.0,0.0,0.0,False,965.227754112563,3.719029741739166,1440,2023-05-16,-0.008159522564388028,0.444
421,5,190,323.159321606293,6480.359293019645,6156.341328368658,6170.9207763477,0.9976373950489005,14.579447979042984,0.05249210600412333,0.19748452716924422,0.9892340113405881,0.0,0.0,0.0,0.0,False,888.6670142977775,1.8175122050950252,1440,2023-04-10,-0.00831851600011505,0.429
422,5,296,953.7052996083654,10236.411136186389,9724.590579377007,9736.89333155825,0.9987364807477792,12.302752181241946,0.09807151178486563,0.19913766882761727,0.9482403756006211,0.8333333333333334,0.0,0.0,0.0,False,1208.096234977339,3.7275750939617573,1440,2023-06-08,-0.004939580736777494,0.468
423,5,296,1734.5035559016974,10676.002899348912,10142.202754381415,10152.330731028676,0.9990023988662714,10.127976647262175,0.17101842646089824,0.2001389120883255,0.9723596492019678,0.0,0.0,0.0,0.0,False,1384.888627678963,2.4072440541890576,1440,2023-01-19,-0.005830227615909015,0.458
424,5,122,356.48369844231894,4023.0981070816238,3821.94320172754,3825.8015284796024,0.9989914984550712,3.8583267520630584,0.09327289277380844,0.19960942176662658,0.9628010949325633,0.0,0.0,0.0,0.0,False,528.1779234948538,3.005561859903732,1440,2023-05-23,-0.008752425897188585,0.404
425,5,233,1112.73901973154,8249.61343811501,7837.132766209253,7846.2968495688865,0.998832049878391,9.164083359634368,0.14198292321003533,0.19980057101414636,0.9854552479410957,0.0,0.0,0.0,0.0,False,1131.4317586781385,2.03883869719669,1440,2023-03-07,-0.009905776902805965,0.44
426,5,266,1247.6822760648859,10012.519639738503,9511.893657751578,9519.368536040649,0.9992147716247385,7.474878289072362,0.1311707553677396,0.19822431747192004,0.9614153647883866,0.0,0.0,0.0,0.0,False,1322.481416966099,2.876347569515004,1440,2023-09-14,-0.011239014602550713,0.473
427,5,245,1179.7260068924838,8520.238310146331,8094.2263946390485,8106.154730154243,0.9985284841071659,11.928335515195371,0.14574907463347425,0.19819640974336034,0.98731331208518,0.0,0.0,0.0,0.0,False,991.9931728241545,1.9137894453077309,1440,2023-01-09,-0.008749062843044608,0.435
428,5,228,1335.4509684589063,7969.308238610306,7570.842826679804,7577.693603708971,0.9990959284727725,6.850777029166498,0.17639396286933207,0.19924422548638046,0.9814659857558318,0.0,0.0,0.0,0.0,False,1070.3774429784164,2.325123006956707,1440,2023-02-13,-0.0066055249197763885,0.423
429,5,214,721.0287179429635,7612.052126346226,7231.449520028944,7243.19509289855,0.9983783989359721,11.745572869604997,0.09970735686475173,0.19898488117197433,0.9428235806854953,4.097222222222222,0.0,0.0,0.0,False,1041.8913414914446,4.012690893117237,1440,2023-07-17,-0.007158100490125106,0.435
430,5,216,376.3307973449873,7698.552541058233,7313.624914005311,7327.538436898905,0.998101200967636,13.913522893593539,0.05145612494077024,0.19772712405584716,0.9516034948952177,0.0,0.0,0.0,0.0,False,986.2546262254616,3.605455031699743,1440,2023-09-19,-0.006978847513309303,0.436
431,5,175,595.5656359371698,5929.104960074511,5632.649712070771,5638.2623302097145,0.9990045482437255,5.612618138944077,0.10573454171326727,0.1975073554009703,0.9665548061498334,0.0,0.0,0.0,0.0,False,758.342450394963,2.758809054091362,1440,2023-05-06,-0.003954735679169262,0.418
432,5,145,646.7779241693639,5089.528773607193,4835.052334926861,4837.347767901683,0.9995254769586644,2.2954329748232816,0.13376854672228644,0.1998182853059161,0.9924926789313698,0.0,0.0,0.0,0.0,False,667.5509415652185,1.6797861166278012,1440,2023-03-03,-0.0009273229411766604,0.411
433,5,191,322.5310603461352,6901.976398857384,6556.877578914524,6566.871808331798,0.998478083673783,9.994229417274166,0.049189733446194595,0.1976509652373104,0.9494851217502529,0.1388888888888889,0.0,0.0,0.0,False,801.7966916093901,3.6461012364535206,1440,2023-08-02,-0.003580352806959149,0.437
434,5,246,976.642776940766,8485.756848519228,8061.469006093212,8070.617651123695,0.9988664256657965,9.148645030483385,0.12114947985318514,0.1996184706749187,0.9844753618562243,0.0,0.0,0.0,0.0,False,1050.1038765016951,1.9182095234172933,1440,2023-02-01,-0.0008172208105181079,0.435
435,5,290,1119.7198055864894,10549.351524234367,10021.883948022692,10032.99530425484,0.9988925185455398,11.111356232147683,0.11172747672930387,0.19950694606890354,0.9846828190345637,0.0,0.0,0.0,0.0,False,1185.6642951808224,2.0879239290461045,1440,2023-12-03,-0.002916150709849453,0.477
436,5,294,1063.056434010218,10647.644728837135,10115.2624923953,10126.384666819667,0.9989016638424956,11.122174424365749,0.10509430030208594,0.1964958834549327,0.965027989862111,0.0,0.0,0.0,0.0,False,1267.2374632165565,2.8292898001289517,1440,2023-04-12,-0.004325287799526361,0.475
437,5,156,707.4954451537608,5527.346962466427,5250.9796143431395,5258.399577924361,0.9985889312002131,7.419963581222505,0.13473589636897942,0.1969847660735799,0.9919763501138215,0.0,0.0,0.0,0.0,False,706.8695265284865,1.5989006430281816,1440,2023-04-07,0.0013469461067213018,0.405
438,5,125,496.6771271509523,4266.209449810151,4052.8989773196145,4058.979351205595,0.9985019943784207,6.080373885980503,0.12254860778183763,0.20166454893969182,0.9880343947187131,0.0,0.0,0.0,0.0,False,497.9078180180046,1.7945060834837934,1440,2023-03-27,0.0049599531670166275,0.397
439,5,298,944.0969294441934,10654.350560121822,10121.633032115766,10134.946686566422,0.9986863616689466,13.313654450655328,0.09327515890455525,0.19604569486093262,0.9675802617078137,0.0,0.0,0.0,0.0,False,1225.6988761422267,3.146437765016313,1440,2023-06-09,-0.002528390937177938,0.447
440,5,241,973.3262106090489,8949.425426549747,8501.95415522228,8511.75772289018,0.9988482322938381,9.803567667898957,0.11448264632327951,0.19946183476139168,0.9879140037188953,0.0,0.0,0.0,0.0,False,932.2214192892263,1.8302617676167303,1440,2023-02-24,0.004040128009690017,0.432
441,5,257,1260.328076960698,9127.574162273833,8671.195454160154,8681.862262166831,0.9987713686667018,10.66680800667637,0.14534651924562883,0.19859162051682341,0.9758985746918661,0.0,0.0,0.0,0.0,False,1093.6312164867077,2.4926040722957965,1440,2023-06-19,0.0018063436481048824,0.435
442,5,267,785.8911455258908,9600.295721802566,9120.28093571244,9135.454830790626,0.9983390104423654,15.173895078186835,0.08616962032919001,0.19696367511657334,0.9583451333154677,0.0,0.0,0.0,0.0,False,1060.9919736913307,3.387001634730282,1440,2023-05-19,0.002004206471045782,0.448
443,5,185,446.0276220951953,6439.993071221474,6117.993417660376,6128.327128005312,0.9983137795797954,10.333710344936375,0.07290423373253052,0.19925905751851272,0.9910142861381848,0.0,0.0,0.0,0.0,False,809.0428695762198,1.7222990532365412,1440,2023-12-17,0.005895792854120001,0.417
444,5,276,1039.9029133096662,9376.35482032316,8907.537079306965,8913.753776838299,0.9993025724417599,6.2166975313326365,0.11674415767804741,0.19794399174379332,0.9873946778703883,0.0,0.0,0.0,0.0,False,1017.3350878272935,2.028353673813852,1440,2023-02-24,0.003996267800387095,0.438
445,5,236,1164.5038724026035,8244.838232192467,7832.596320582876,7840.57761202023,0.9989820531302288,7.981291437354912,0.14867405707382925,0.19516399375893909,0.9897678880823739,0.0,0.0,0.0,0.0,False,1041.1401148799973,1.8559272820146027,1440,2023-01-05,0.005472592874593795,0.429
446,5,236,886.9093255446809,8517.78355559084,8091.894377811327,8100.439698995164,0.9989450793411996,8.545321183836787,0.10960465919780946,0.1962706797391669,0.9476187302447571,0.4166666666666667,0.0,0.0,0.0,False,1164.9480259647644,3.5877532594786605,1440,2023-06-12,0.013011448812691513,0.435
447,5,188,1143.7113660389523,6619.777533748018,6288.788657060664,6299.913039476543,0.9982342006395689,11.124382415879907,0.18186512990142603,0.19792335629888688,0.9952088602322096,0.0,0.0,0.0,0.0,False,846.1531411435697,1.6815515533908827,1440,2023-01-22,0.016794290419710155,0.416
448,5,182,553.9749500836542,6466.008744609043,6142.708307378611,6148.332925159398,0.9990851800237149,5.624617780787627,0.0901841536929599,0.19898362824823482,0.990177797263419,0.0,0.0,0.0,0.0,False,854.4715917549496,1.7607946567982724,1440,2023-11-19,0.01628850745899676,0.413
449,5,189,1059.764651075408,6807.406555346296,6467.036227578953,6474.299856073538,0.9988780827802143,7.263628494584341,0.1638717665684315,0.19568662836432343,0.9901961350349292,0.0,0.0,0.0,0.0,False,827.1686278034246,1.8324428739320586,1440,2023-11-29,0.01360210138944885,0.413
450,5,249,938.7848604298712,8201.643176226318,7791.561017415003,7797.055001932829,0.9992953769703479,5.493984517825986,0.12048739120846039,0.19888142530424902,0.9501199085125656,0.0,0.0,0.0,0.0,False,960.2712079653519,3.4036425216010273,1440,2023-09-04,0.018922044860199393,0.433
451,5,211,872.1541055570169,7849.537565365225,7457.060687096949,7466.47539143382,0.9987390697962157,9.4147043368707,0.116956820140423,0.19761252453135864,0.9704421879206937,0.0,0.0,0.0,0.0,False,864.7461762375062,2.637853958849177,1440,2023-09-15,0.0162053751037511,0.43
452,5,123,469.2481960186732,4483.240491136321,4259.078466579478,4261.180074129137,0.9995068015166929,2.1016075496583664,0.11017599222479989,0.19807402825161324,0.994780091616882,0.0,0.0,0.0,0.0,False,572.6420724082343,1.6025205948339518,1440,2023-02-19,0.016942994772383365,0.404
453,5,123,356.09666257073076,4084.2707635870947,3880.057225407735,3884.670756748234,0.9988123751974387,4.6135313404981115,0.09177613676388766,0.20003921351775156,0.9687907738585281,0.0,0.0,0.0,0.0,False,475.02341962510803,2.7273335480433674,1440,2023-10-07,0.01661408091014838,0.404
454,5,154,588.0073235792728,5411.526143952043,5140.949836754436,5148.911342650609,0.9984537496635016,7.961505896173792,0.11437717586260115,0.19770610248698828,0.9734557990011726,0.0,0.0,0.0,0.0,False,712.9069197078323,2.646972944026176,1440,2023-05-08,0.012025581558968525,0.416
455,5,209,817.8485000155425,7424.311147077797,7053.095589723895,7063.146556538975,0.998576984530248,10.05096681508132,0.11595596424456776,0.19801877821441907,0.9457195895424229,2.0833333333333335,0.0,0.0,0.0,False,906.9858238216086,3.960249018833731,1440,2023-08-31,0.013602321221354442,0.435
456,5,228,981.7444383604532,8290.03953266852,7875.537556035096,7892.951265244288,0.9977937645091169,17.413709209192668,0.12465745117400062,0.19897913560490388,0.9831845532307887,0.0,0.0,0.0,0.0,False,1012.9100541217827,1.9839176559030554,1440,2023-10-24,0.014274887440194475,0.435
457,5,295,497.252886490425,10323.930625311552,9807.734094045938,9825.582119092578,0.9981835147444386,17.848025046637723,0.050700078297625996,0.1982563329096344,0.9822657670439526,0.0,0.0,0.0,0.0,False,1376.1819340253855,2.282640512876524,1440,2023-04-10,0.012751197375954731,0.457
458,5,261,746.1111613641671,9278.52424880983,8814.598036369323,8829.774377276168,0.9982812311777862,15.176340906842903,0.0846449444757081,0.19624195190814803,0.9861640369226666,0.0,0.0,0.0,0.0,False,1083.2895598502653,1.8730665869574625,1440,2023-03-12,0.013209594608674068,0.495
459,5,171,691.4042904761519,6018.454725481756,5717.531989207662,5723.648765705582,0.99893131518926,6.116776497920924,0.12092705240324628,0.19746167006455587,0.9586255399308607,0.0,0.0,0.0,0.0,False,839.3555816411972,3.207790749680162,1440,2023-06-18,0.018195853002712162,0.449
460,5,213,914.7217138086862,7851.003610966028,7458.453430417684,7470.064660025375,0.9984456319809618,11.611229607691264,0.12264227729547686,0.19863776125844557,0.9490047479056892,0.1388888888888889,0.0,0.0,0.0,False,888.0089078868458,3.6651336474043736,1440,2023-08-29,0.019628396270617597,0.451
461,5,255,1085.171467533647,9144.467924828825,8687.244528587382,8693.265136904787,0.9993074399293487,6.020608317405195,0.12491549696369661,0.1984977316242396,0.9789082288572377,0.0,0.0,0.0,0.0,False,1128.5986337572253,2.356332890807063,1440,2023-04-17,0.018255142195462325,0.45
462,5,280,1396.7737931823444,9941.92003805384,9444.824036151105,9461.116087811835,0.9982779989686715,16.2920516607315,0.14788775183487154,0.19660504874940865,0.9792502668737978,0.0,0.0,0.0,0.0,False,1086.0743216985584,2.2318158066135565,1440,2023-01-17,0.017539717549379285,0.453
463,5,200,447.6937218516708,6914.982513619424,6569.233387938386,6574.9286280710785,0.999133794379398,5.6952401326923034,0.0681500710073219,0.19796708923655984,0.9692799959662358,0.0,0.0,0.0,0.0,False,800.0209969143045,2.9861398439290925,1440,2023-10-06,0.021301027719670483,0.455
464,5,249,1341.886827562915,8810.806593663605,8370.266263980411,8380.149161155205,0.9988206776532566,9.882897174793552,0.16031590695476775,0.19744385547330023,0.9813214296785633,0.0,0.0,0.0,0.0,False,1231.4707690632022,2.24206227416434,1440,2023-02-11,0.021415232322342832,0.463
465,5,157,635.8107866660624,5758.121578626137,5470.215499694828,5479.825161192959,0.9982463561855615,9.609661498130095,0.11623139649645119,0.19749936233921417,0.9754036040404302,0.0,0.0,0.0,0.0,False,642.213228368415,2.4410265395284307,1440,2023-04-24,0.022785517509986832,0.434
466,5,203,503.1923871628289,7035.414669260414,6683.643935797407,6688.471981016476,0.9992781542282344,4.828045219069132,0.07528713258762107,0.1972540919214145,0.949674487005963,0.06944444444444445,0.0,0.0,0.0,False,842.8430511390603,3.709143906359948,1440,2023-05-29,0.023884662438130668,0.454
467,5,283,1542.3757983231799,10124.584799535933,9618.35555955912,9627.939737462166,0.9990045452958379,9.584177903044115,0.1603575360437058,0.19793521082029375,0.9844233169559375,0.0,0.0,0.0,0.0,False,1235.0851482474845,2.1108642210690824,1440,2023-11-29,0.025440868703734302,0.452
468,5,189,752.960435480352,6860.324442366866,6517.308220248505,6533.293799836004,0.9975532128085376,15.985579587498876,0.11553242689075116,0.1969414088050397,0.9587033931827073,0.0,0.0,0.0,0.0,False,962.6398508207269,3.249639930069581,1440,2023-09-05,0.025290611597668156,0.432
469,5,123,528.471634749642,4553.037111646994,4325.385256064654,4330.000148642265,0.998934204984021,4.6148925776111795,0.12217909006109182,0.19491249364634308,0.9594938412945198,0.0,0.0,0.0,0.0,False,592.4341855029543,3.2608736739350075,1440,2023-06-14,0.02750969990612213,0.413
470,5,262,975.3882012577274,9010.783190462591,8560.244030939491,8577.281752977246,0.998013622202414,17.03772203775422,0.11394397142562278,0.1962081512352881,0.941150946934431,6.111111111111111,0.0,0.0,0.0,False,1107.811216213276,3.866464107685429,1440,2023-08-19,0.03400295921970075,0.458
471,5,174,763.5839504602752,6452.086629478524,6129.482298004618,6133.480322808618,0.9993481637514785,3.9980248039999964,0.12457560252826753,0.1996132656310043,0.9977306063305698,0.0,0.0,0.0,0.0,False,762.1176002054151,1.4705103363117158,1440,2023-10-22,0.03653671241312022,0.426
472,5,199,960.3930372019014,7266.32595012736,6903.009652621005,6915.833489510002,0.9981457279287524,12.823836888996349,0.1391267121924492,0.19511190496765957,0.9580869702133682,0.0,0.0,0.0,0.0,False,867.4313680533617,3.276066791107878,1440,2023-06-16,0.031091800015729948,0.448
473,5,300,1281.960687690537,10814.088308536064,10273.38389310926,10290.819879202216,0.9983056757092607,17.43598609295522,0.12478465722967831,0.1997729649897154,0.9427091115937678,5.902777777777778,0.0,0.0,0.0,False,1242.6145414841271,4.014228040645821,1440,2023-08-20,0.03688326830879314,0.48
474,5,190,672.1793610386404,6874.638600389304,6530.906670369832,6541.0097506990705,0.9984554249704094,10.103080329239116,0.10292282449667532,0.19771729834709253,0.99125422369021,0.0,0.0,0.0,0.0,False,841.1531017113906,1.8458751224092391,1440,2023-03-21,0.03127346264523512,0.434
475,5,167,744.1763606069518,5964.337699819254,5666.120814828292,5668.434895138534,0.9995917602736822,2.3140803102423204,0.131337891465257,0.19729225925146276,0.9811056210012871,0.0,0.0,0.0,0.0,False,771.5662329966318,2.135328153384955,1440,2023-03-04,0.03142221981080435,0.418
476,5,162,290.9875786562336,5722.946270869676,5436.798957326177,5444.4881289157165,0.9985877145091561,7.689171589539484,0.05352185742754439,0.19977855973903524,0.9858394749569168,0.0,0.0,0.0,0.0,False,794.3369689976253,2.126782042536568,1440,2023-11-05,0.03261169859107209,0.408
477,5,273,486.2495289877857,9697.557773725895,9212.679885039577,9228.029717329082,0.9983366078394091,15.349832289506182,0.052780465082413616,0.19887440489200642,0.9828373521142254,0.0,0.0,0.0,0.0,False,1061.5377591357424,2.215847768064692,1440,2023-12-09,0.02810449255567507,0.449
478,5,158,702.7823127670408,5652.170815759485,5369.562274971533,5378.230144701946,0.9983883416110498,8.667869730412946,0.13088260770208995,0.19668786060565047,0.9847577657389807,0.0,0.0,0.0,0.0,False,665.9723895472936,2.0742201217136063,1440,2023-03-18,0.02654414814622055,0.414
479,5,229,895.3941259589014,8400.28251856375,7980.268392635491,7994.834255556137,0.9981780906951857,14.565862920645989,0.1122010040145024,0.1986743546012743,0.9848482580932632,0.0,0.0,0.0,0.0,False,910.5715988508869,2.0310430089753444,1440,2023-04-22,0.030271877018357506,0.434
480,5,162,520.8462177186474,5905.600985189545,5610.320935930047,5621.937474523483,0.9979337125953326,11.616538593435072,0.09283715203937873,0.1986393488725132,0.9465973518517118,0.625,0.0,0.0,0.0,False,767.8097001942856,3.773759955954905,1440,2023-06-01,0.028950055595630908,0.454
481,5,265,941.5105697459709,9204.333723051514,8744.11703689894,8757.985974025116,0.9984164239167191,13.868937126174888,0.10767360109350425,0.19937205894330048,0.9557228823992268,0.0,0.0,0.0,0.0,False,1076.0193790244598,3.4799257835453012,1440,2023-08-04,0.02803764361709842,0.486
482,5,249,771.2862094730369,8699.984093055258,8264.984888402505,8275.025662206335,0.9987866172005135,10.040773803829305,0.09331973619882986,0.20148258038891512,0.948960447525675,0.20833333333333334,0.0,0.0,0.0,False,1016.9842200325087,3.768205691575759,1440,2023-05-25,0.025727148931375364,0.474
483,5,234,920.5388079738714,8751.288316449294,8313.723900626817,8327.251241054026,0.9983755335301381,13.52734042720683,0.11072520797863722,0.19520895964349103,0.9845057591178484,0.0,0.0,0.0,0.0,False,931.2558718404298,2.1261655207128447,1440,2023-02-19,0.01916147698299897,0.451
484,5,197,735.0486975518664,7336.392032179643,6969.572430570692,6977.050886017492,0.998928135172156,7.47845544680117,0.10546539330414538,0.19772501132570422,0.9869172160354303,0.0,0.0,0.0,0.0,False,771.0997148249893,1.9772192791800183,1440,2023-01-03,0.02795045708205631,0.454
485,5,185,648.5465886527221,6438.096076013333,6116.191272212693,6121.367714138557,0.9991543651406681,5.176441925864657,0.10603765640869066,0.19911067345673394,0.9984707810422251,0.0,0.0,0.0,0.0,False,759.6563905151161,1.4980683318269918,1440,2023-10-17,0.02956007689414794,0.438
486,5,291,774.5600157124904,10535.987705183037,10009.188319923913,10023.154708742008,0.998606587524194,13.966388818095085,0.07738489785137527,0.19712357478297116,0.9817349201058627,0.0,0.0,0.0,0.0,False,1299.3716155010165,2.1856070133506504,1440,2023-01-12,0.027843782382719156,0.467
487,5,257,1455.6953584613184,9174.464932656547,8715.741686023717,8723.432354417626,0.9991183896336384,7.69066839390986,0.16701910300940018,0.19832464403409106,0.9887400486598867,0.0,0.0,0.0,0.0,False,1044.5344564858915,1.9001814190136135,1440,2023-02-03,0.030986185116705707,0.461
488,5,190,997.3268730434974,6599.652511256993,6269.669885694115,6281.481037751113,0.9981196867448912,11.81115205699856,0.15907167222937182,0.19716935052641285,0.9897760787838887,0.0,0.0,0.0,0.0,False,911.862477136274,1.9699429803993262,1440,2023-02-04,0.03094152274972661,0.442
489,5,124,536.6678632810925,4504.410019565477,4279.189518587187,4280.804248251366,0.999622797593504,1.6147296641785598,0.12541343657484894,0.19745149275455254,0.9994576363999066,0.0,0.0,0.0,0.0,False,552.7600430938783,1.357452199362491,1440,2023-01-06,0.033588971046714745,0.424
490,5,143,446.67099222927305,5101.767660780977,4846.679277741967,4853.1819297899,0.9986601260488467,6.502652047933967,0.09216021251510867,0.19888686086913665,0.949898985419876,0.06944444444444445,0.0,0.0,0.0,False,584.2886750977667,3.5252704329701845,1440,2023-06-01,0.03521364214467032,0.439
491,5,200,706.4429811043258,7228.281224084222,6866.867162880009,6872.425257248424,0.9991912470255603,5.5580943684142206,0.10287704193888017,0.20185991670337614,0.9911217992491959,0.0,0.0,0.0,0.0,False,782.0211053453746,1.721305565967762,1440,2023-12-07,0.03341122612749289,0.433
492,5,203,894.3757073183597,7393.872462235509,7024.178839123768,7039.339252931921,0.9978463299944184,15.160413808151908,0.1273281514896521,0.19772558838890958,0.9883343023705098,0.0,0.0,0.0,0.0,False,925.0748733521721,1.8999509943705584,1440,2023-02-16,0.025335574643255282,0.441
493,5,187,468.5739167282223,6496.371034951804,6171.552483204176,6183.096140024916,0.998133029705617,11.543656820740702,0.07592480465870492,0.20054862999757306,0.9560066671450755,0.0,0.0,0.0,0.0,False,759.4260184618139,3.462419012967724,1440,2023-05-29,0.02808429632824614,0.452
494,5,298,1133.0369876383902,10559.55849807577,10031.580573171985,10055.925851009553,0.9975790117987868,24.34527783756834,0.11294700564620237,0.19698056608986408,0.9699968730953248,0.0,0.0,0.0,0.0,False,1147.5668433815704,2.6315976691225984,1440,2023-05-05,0.02404515063730052,0.471
495,5,206,775.7510493118342,7259.619716393416,6896.638730573695,6905.386207713527,0.9987332385363095,8.747477139832338,0.11248248307872487,0.19806455871294623,0.9847949122505619,0.0,0.0,0.0,0.0,False,894.0390244271365,2.061135176922936,1440,2023-04-22,0.028814546377010558,0.453
496,5,263,1098.5873829175323,9343.861170474554,8876.668111950807,8892.254722555088,0.9982471700271084,15.586610604278972,0.12376123214953658,0.1965382811962021,0.9437351915921427,1.875,0.0,0.0,0.0,False,1125.929018590119,3.8343563588734546,1440,2023-07-06,0.030342051262350556,0.48
497,5,143,533.8130093990551,4869.591935154941,4626.112338397183,4631.487960441578,0.9988393315301022,5.375622044396106,0.11539127681106123,0.19779462337312964,0.97628270356004,0.0,0.0,0.0,0.0,False,574.0538606648022,2.3251161932765956,1440,2023-09-15,0.03509495164764956,0.453
498,5,187,760.0398494932101,6962.530381190546,6614.403862131065,6622.11042279701,0.9988362379703886,7.706560665944196,0.11490678001151511,0.1974948181995049,0.9577930093787606,0.0,0.0,0.0,0.0,False,764.7447660885391,3.290412667475904,1440,2023-09-05,0.03624358799799167,0.468
499,5,160,568.8480807006641,5579.798758029786,5300.80882012831,5305.7790464786185,0.9990632428703176,4.970226350308158,0.10731344970235972,0.19633830175502615,0.961296551765794,0.0,0.0,0.0,0.0,False,654.2578035324275,3.1101526107280226,1440,2023-08-04,0.037947327550264545,0.449
500,5,145,899.1606000945013,4960.992060230809,4712.942457219226,4716.210142719576,0.9993071374257158,3.267685500350744,0.19078539749985246,0.19872510046325667,0.997531093633102,0.0,0.0,0.0,0.0,False,603.0701301528371,1.392729985340573,1440,2023-01-24,0.0420377402821848,0.459
501,5,221,604.8988588618566,7848.21969923112,7455.808714269581,7465.966070405135,0.9986395121488943,10.157356135554293,0.08113122023961641,0.1976602253086842,0.9931168634873799,0.0,0.0,0.0,0.0,False,988.0873279702332,1.7188038722503123,1440,2023-11-23,0.04012285828645101,0.456
502,5,145,576.6847506981867,5460.158803516813,5187.150863340982,5195.960937576777,0.9983044379390766,8.810074235795057,0.11117562721643127,0.1982478746245112,0.9870988830590431,0.0,0.0,0.0,0.0,False,603.9416791104776,1.952980794080352,1440,2023-09-29,0.04105066676448918,0.459
503,5,190,702.38977422167,6900.60769747412,6555.577312600407,6565.283632592007,0.9985215688255393,9.706319991601156,0.10714384725073929,0.1974398009617676,0.9507236478948622,0.0,0.0,0.0,0.0,False,723.8167754691893,3.5204423198868455,1440,2023-08-13,0.040587691320874766,0.476
504,5,244,1373.276655509664,9075.64232336147,8621.860207193433,8634.695559998148,0.9985135141458632,12.835352804716582,0.15927846456660302,0.19879728377402425,0.9820774592079472,0.0,0.0,0.0,0.0,False,1028.7049843627412,2.219293813928566,1440,2023-02-12,0.04212308297593077,0.447
505,5,263,1093.4503129289021,9087.198076073873,8632.838172270172,8651.916023702783,0.9977949564720294,19.077851432610217,0.1266617410298748,0.1991243516410295,0.9922609293189376,0.0,0.0,0.0,0.0,False,1022.2291339489216,1.8654028383442638,1440,2023-10-22,0.04042506992430975,0.492
506,5,221,284.5233330982854,7529.11860752722,7152.662677150825,7162.3088744343495,0.9986532000430817,9.646197283523433,0.039778659492386646,0.1955318416521107,0.9510347429728724,0.0,0.0,0.0,0.0,False,814.1548897462458,3.6589440020667565,1440,2023-07-01,0.038390892593549886,0.469
507,5,229,1109.2167948571653,7895.068974878761,7500.315526134802,7513.587435370817,0.9982336121925545,13.271909236014338,0.14788935092025213,0.19829651610247795,0.9889575453006286,0.0,0.0,0.0,0.0,False,820.2538073174355,1.7029093094719312,1440,2023-01-28,0.044890480621957815,0.467
508,5,173,591.4085081801196,6181.880059665028,5872.7860566817835,5885.447414466076,0.9978487008900679,12.661357784292626,0.10070322713480129,0.19761968669031904,0.9942471925385538,0.0,0.0,0.0,0.0,False,757.8776046744808,1.6906553818344952,1440,2023-12-08,0.04409304144875235,0.456
509,5,275,1084.3451198942064,9922.444497724122,9426.322272837906,9437.586099847082,0.9988064927948728,11.263827009176714,0.11503374152809985,0.19812760348138186,0.972066708546649,0.0,0.0,0.0,0.0,False,1260.9833456395868,2.3751264203647073,1440,2023-09-22,0.045063130482421616,0.493
510,5,153,671.0992192196849,5401.010264912139,5130.959751666498,5134.611010753632,0.9992888927555588,3.6512590871334556,0.1307940914955953,0.197444187205292,0.9553619156937008,0.0,0.0,0.0,0.0,False,750.3438853950033,3.437591403802109,1440,2023-06-29,0.04481540459494973,0.451
511,5,252,973.7619335138281,8932.872943730308,8486.229296543823,8493.907237105364,0.9990960649384066,7.677940561541169,0.11474612569217416,0.1980880716016753,0.9594214494250293,0.0,0.0,0.0,0.0,False,992.1984052147135,3.1603377483276867,1440,2023-10-05,0.046248530332105325,0.446
512,5,136,504.6544860378454,4902.66382791837,4657.530636522488,4665.261942622893,0.9983427927101434,7.731306100405896,0.10835237069200303,0.19928417003642318,0.9503165138860765,0.0,0.0,0.0,0.0,False,494.8191567847827,3.669086121873268,1440,2023-08-18,0.046074081669702775,0.433
513,5,228,844.5693691749115,8233.191519479904,7821.531943505888,7839.5255773099125,0.9977047547550449,17.993633804023855,0.10798004473741822,0.19667024860432003,0.9552847890866817,0.0,0.0,0.0,0.0,False,1035.8255137270296,3.221262374817634,1440,2023-08-04,0.043338897681514235,0.444
514,5,165,588.2785771986962,5937.477638732241,5640.603756795601,5650.349584434534,0.9982751814744736,9.745827638932674,0.10429354774122519,0.19809176240629092,0.9561906583129139,0.0,0.0,0.0,0.0,False,701.6695164285983,3.3702713607027555,1440,2023-07-12,0.047067865211374335,0.44
515,5,172,667.7095504322747,6066.207879775885,5762.897485787113,5765.643062337653,0.9995238039329082,2.745576550540731,0.11586351346332809,0.1972772247288613,0.9752745783267103,0.0,0.0,0.0,0.0,False,814.9468928133721,2.392150117773015,1440,2023-04-24,0.047019120750611904,0.44
516,5,182,777.0901298740503,6492.551735058031,6167.924148305132,6174.512325338936,0.9989330044727959,6.588177033804029,0.1259889245051084,0.1990099221125898,0.9952167976900108,0.0,0.0,0.0,0.0,False,822.178153284458,1.5977948276256806,1440,2023-03-06,0.04890824683590406,0.44
517,5,261,1003.4029075737501,9290.586919315014,8826.057573349299,8841.171481311652,0.9982905084474042,15.113907962354784,0.1136864221918938,0.200543818221656,0.9657374141829527,0.0,0.0,0.0,0.0,False,1055.291093107425,2.7317926575231297,1440,2023-09-15,0.04665711735430559,0.467
518,5,262,631.3045440452793,9301.503070620198,8836.427917089222,8854.20032126572,0.9979927713930514,17.772404176498597,0.07144341016174273,0.19726498843722295,0.9872450757263418,0.0,0.0,0.0,0.0,False,1051.3944118170361,1.93637406138979,1440,2023-11-02,0.04145445141799836,0.455
519,5,165,956.3530360555818,6083.082933602728,5778.928786922598,5790.211999815514,0.9980513299179243,11.283212892915621,0.16548967314145777,0.1960371602901119,0.9940997526672901,0.0,0.0,0.0,0.0,False,677.7371091752862,1.4805922304672203,1440,2023-02-03,0.044642494772844155,0.421
520,5,217,499.167225712379,8140.949170269776,7733.901711756273,7744.686846522686,0.9986074149955778,10.785134766413044,0.06454274237201604,0.19880059044183993,0.9873908005072333,0.0,0.0,0.0,0.0,False,940.1453534527673,1.9071950361848846,1440,2023-12-10,0.050092293365859526,0.438
521,5,133,490.6313342809781,4963.611191197911,4715.430631637964,4721.663212113482,0.9986800031693223,6.232580475518414,0.1040480440935998,0.19935480520523866,0.9984478164967093,0.0,0.0,0.0,0.0,False,590.4945202592694,1.4800044554600942,1440,2023-11-27,0.04843255638437816,0.407
522,5,281,1199.1688448754662,10349.156051497373,9831.698248922552,9849.352222171994,0.9982076005760357,17.6539732494443,0.12196965514140776,0.19600631282283326,0.9868680833031969,0.0,0.0,0.0,0.0,False,1036.5119767354086,1.9788808631934727,1440,2023-04-20,0.04591775405945393,0.451
523,5,294,1531.774980682158,9687.84187374486,9203.4497800576,9210.308709445068,0.9992552986437431,6.858929387466752,0.16643487141107338,0.1973460728265826,0.9848970199420185,0.0,0.0,0.0,0.0,False,1198.264782203475,1.9813560949423092,1440,2023-01-27,0.051472279799664754,0.451
524,5,185,692.6962590804231,6743.482087020065,6406.30798266905,6417.09401549434,0.9983191717622889,10.786032825289883,0.10812721788499251,0.19802790632564218,0.95334329087783,0.0,0.0,0.0,0.0,False,762.2028431915426,3.4976825400010885,1440,2023-07-13,0.053101124742255756,0.445
525,5,217,737.9392741713591,7681.366767600183,7297.298429220156,7302.49130311005,0.9992888900959482,5.192873889893214,0.10112499595966515,0.19607045296423553,0.9905187395252791,0.0,0.0,0.0,0.0,False,785.8369714958751,1.8210251296036288,1440,2023-01-08,0.05300277168211534,0.442
526,5,217,697.2742783830722,7915.581274712293,7519.80221097664,7537.903616661581,0.9975986153968684,18.101405684940495,0.09272508223225105,0.1988836811536834,0.9723386618196348,0.0,0.0,0.0,0.0,False,918.7427309604723,2.701655250941219,1440,2023-08-12,0.05742696398088587,0.441
527,5,260,818.6575774320353,9207.575138889062,8747.196381944643,8766.093505254505,0.9978442936641578,18.89712330986095,0.09359085376451037,0.19839554143458285,0.9483101627978807,0.06944444444444445,0.0,0.0,0.0,False,1057.268708827412,3.9625277221916075,1440,2023-05-25,0.054833031745432796,0.45
528,5,132,263.13261086667995,4893.324984551193,4648.658735323601,4651.84407757383,0.9993152517158549,3.1853422502290814,0.05660398533177395,0.19955875792894787,0.999078391274807,0.0,0.0,0.0,0.0,False,533.9798193586961,1.3402391917508285,1440,2023-11-03,0.05391201626736242,0.417
529,5,215,1043.4813377073572,7735.230528062423,7348.469001659323,7355.329360988901,0.9990672940676235,6.860359329577105,0.14199982846382472,0.1975889975850763,0.9895621373096297,0.0,0.0,0.0,0.0,False,914.2460614451069,1.9932860670732266,1440,2023-03-08,0.05063818970085569,0.439
530,5,272,1354.3482985993965,9543.074429710943,9065.920708225363,9076.291822836065,0.9988573401105716,10.371114610701678,0.14938894153029797,0.19653716240063918,0.9508572230044315,0.0,0.0,0.0,0.0,False,1021.8317537134049,3.6069684261528656,1440,2023-06-21,0.052473151324913925,0.455
531,5,230,882.596895048699,8449.503021092827,8027.027870038212,8032.778705872535,0.9992840788916395,5.750835834322944,0.10995313699396654,0.19924460698678773,0.9839616328379226,0.0,0.0,0.0,0.0,False,939.2363919110101,2.0880358082202175,1440,2023-04-27,0.05642829990989024,0.427
532,5,220,684.952505093106,7649.941221977396,7267.444160878541,7277.542338624104,0.9986124192377461,10.09817774556347,0.09424943486738864,0.19686195046714036,0.9858194999086175,0.0,0.0,0.0,0.0,False,825.171277125771,1.7899763330418788,1440,2023-03-22,0.053673810339005104,0.471
533,5,126,614.6569663200598,4549.5898838211215,4322.110389630063,4330.570896053623,0.9980463300043719,8.46050642355941,0.14221223219906454,0.1974987943866919,0.9964537974855563,0.0,0.0,0.0,0.0,False,514.5155892546667,1.5685424772524827,1440,2023-01-09,0.05686896550216417,0.414
534,5,287,1054.2671445985886,10019.236736926998,9518.274900080662,9531.048400079046,0.9986598011611946,12.77349999838381,0.11076241815516952,0.19843377640399773,0.9509957805824468,0.0,0.0,0.0,0.0,False,996.8856812209656,3.590135214860183,1440,2023-07-11,0.058149093290343436,0.475
535,5,153,545.585960179369,5345.871899678018,5078.5783046941015,5082.838861836703,0.9991617760746675,4.260557142600792,0.10742887624181888,0.19692966970605957,0.9517719227239293,0.0,0.0,0.0,0.0,False,652.8044168627484,3.5365340330871,1440,2023-07-13,0.05719454626261415,0.434
536,5,183,715.4297892158067,6493.873122693152,6169.179466558488,6180.91490604727,0.9981013426544182,11.735439488782863,0.11596838657295755,0.19856116914452865,0.9503352645072717,0.0,0.0,0.0,0.0,False,734.079109605143,3.6721564752104063,1440,2023-08-31,0.059893459890591694,0.443
537,5,242,848.8548951978536,7939.045485363114,7542.093211094999,7545.625326191559,0.9995318989555048,3.5321150965599033,0.11254897963195719,0.1981903301636435,0.9912120809588159,0.0,0.0,0.0,0.0,False,938.3868577155079,1.70070774534021,1440,2023-11-08,0.05853523357111532,0.456
538,5,203,743.4876872720199,7178.43681820185,6819.514977291747,6826.289653142085,0.9990075610332152,6.774675850337149,0.10902354342614602,0.19730186666962013,0.9557513482037215,0.0,0.0,0.0,0.0,False,774.8472985052138,3.476668630037464,1440,2023-07-13,0.05835498176529934,0.443
539,5,223,367.6210209557863,7773.00558396744,7384.355304769065,7399.299153302485,0.9979803697318076,14.943848533421031,0.0497837665961664,0.1982730227819341,0.9909950797637145,0.0,0.0,0.0,0.0,False,874.5159280093035,1.7440600625610159,1440,2023-01-07,0.06030030667401701,0.468
540,5,226,801.2173437789177,8317.02398034073,7901.172781323717,7910.767870270593,0.9987870850081525,9.595088946877308,0.10140486304422852,0.19920185399468035,0.9938751665890468,0.0,0.0,0.0,0.0,False,771.9811366453658,1.6088273357598077,1440,2023-11-14,0.05980637201480371,0.439
541,5,148,229.4863774295673,5320.647468469219,5054.61509504573,5061.158021085348,0.9987072274739577,6.542926039618337,0.04540135561548452,0.19852181963706383,0.9988370490018454,0.0,0.0,0.0,0.0,False,652.0757012056683,1.4155233012360038,1440,2023-11-01,0.0574077029196573,0.417
542,5,122,343.25606382147265,4298.171511113125,4083.26293555748,4089.0296726885495,0.9985897052375075,5.766737131068854,0.08406415879623205,0.19695947084936832,0.9980184422643851,0.0,0.0,0.0,0.0,False,505.8492767053303,1.2935390028633287,1440,2023-03-12,0.057058752248443305,0.407
543,5,292,1666.881437127929,10405.57748160334,9885.298607523131,9908.03724390344,0.997705031196335,22.73863638030982,0.1686222645676441,0.19833302893617968,0.9771785717755944,0.0,0.0,0.0,0.0,False,1089.2674267493135,2.2203412637291247,1440,2023-02-05,0.06036878550193382,0.453
544,5,266,628.5937633577041,9440.28085853789,8968.266815610994,8982.36389659712,0.9984305822889822,14.097080986126512,0.0700908855949196,0.2007517862324454,0.9881420348753458,0.0,0.0,0.0,0.0,False,979.0520615500332,2.0836227575506703,1440,2023-12-16,0.060078332866932246,0.442
545,5,147,268.40096570948754,5296.051832198156,5031.249240588284,5040.137898863406,0.9982364255793227,8.888658275122019,0.05334678384529892,0.19849125139296706,0.9938142911423264,0.0,0.0,0.0,0.0,False,679.2081517748655,1.6221897666802567,1440,2023-01-07,0.05448711539552413,0.416
546,5,241,763.4669215686197,8316.269715541965,7900.45622976483,7915.905103922307,0.9980483755231196,15.448874157475393,0.09663580170120702,0.1986907183665435,0.9828021886358047,0.0,0.0,0.0,0.0,False,938.8657536303324,2.178761823073572,1440,2023-10-27,0.05506275549560166,0.446
547,5,212,773.8637376148451,7718.689011636144,7332.754561054311,7340.196072212889,0.99898619722343,7.441511158578231,0.10553520251788957,0.19622918097203604,0.9523386311939142,0.0,0.0,0.0,0.0,False,783.9030514696518,3.5507883302461214,1440,2023-08-09,0.055149904315468325,0.446
548,5,253,699.5101794280175,9107.866624140794,8652.473292933766,8662.599519239186,0.9988310406959332,10.126226305417362,0.08084511280714243,0.19924887952714979,0.9855130790477796,0.0,0.0,0.0,0.0,False,991.3010336726489,1.8719484565037046,1440,2023-01-11,0.060823546590676285,0.443
549,5,146,493.16418733075255,5103.587353828429,4848.407986136973,4853.981993205633,0.9988516630106039,5.57400706866057,0.10171672613791048,0.1961715380986891,0.9547580663777357,0.0,0.0,0.0,0.0,False,592.1581174135208,3.41072182199546,1440,2023-07-26,0.058756679613234906,0.427
550,5,246,451.29207433865196,8496.337106976966,8071.520251628136,8080.910402143395,0.9988379835874968,9.3901505152601,0.055911657317296595,0.19920484504724542,0.9827289134925303,0.0,0.0,0.0,0.0,False,1024.5022660370246,1.9573653480808353,1440,2023-10-18,0.06406476026896088,0.435
551,5,249,1057.2469867159796,8924.957705149016,8478.709819891661,8493.969766027885,0.9982034376673605,15.259946136223961,0.12469432368537986,0.197765102391348,0.9850004903417244,0.0,0.0,0.0,0.0,False,1141.5071114114571,1.9690713699579134,1440,2023-11-16,0.06167770725435548,0.448
552,5,300,2039.6895156534288,11060.09730742749,10507.092442056082,10528.343885092054,0.9979815018137788,21.251443035970365,0.19412501859118428,0.19713672523438003,0.9814618982054596,0.0,0.0,0.0,0.0,False,1313.7298802529824,2.074948408421249,1440,2023-01-24,0.06304724356607806,0.451
553,5,170,930.2961218854176,6356.038494914847,6038.2365701691,6045.584582401905,0.9987845654737517,7.348012232805983,0.15406751806999255,0.19734218204757115,0.9866595225927686,0.0,0.0,0.0,0.0,False,687.947482660936,2.039089779270964,1440,2023-03-05,0.06566846609906668,0.454
554,5,197,542.124433140106,6977.700132051348,6628.815125448758,6639.284085325101,0.9984231794058215,10.468959876342996,0.08178300689950306,0.19926082699947642,0.9911483668785195,0.0,0.0,0.0,0.0,False,910.4975294285437,1.657790024004415,1440,2023-10-20,0.06744633003405855,0.46
555,5,144,546.912205158456,5210.564753962102,4950.036516264023,4960.112302664611,0.9979686374449274,10.075786400587468,0.11048649911197646,0.1964633693347217,0.9717448041341112,0.0,0.0,0.0,0.0,False,619.1174673587084,2.6025896044762957,1440,2023-05-07,0.06468456093788663,0.46
556,5,122,511.74749181649725,4503.892246434254,4278.69763411252,4281.825574127045,0.9992694844849763,3.1279400145251692,0.11960356528503398,0.19591736060444473,0.9460626529160923,0.9722222222222222,0.0,0.0,0.0,False,608.725043557628,3.8273078359784374,1440,2023-09-01,0.06880638405667341,0.417
557,5,128,384.6951550943009,4491.3686008743125,4266.800170830591,4272.547978047176,0.9986547120720194,5.747807216584171,0.09016010586205042,0.1975823017364016,0.9548959193744686,0.0,0.0,0.0,0.0,False,532.1923179001219,3.2969881666289904,1440,2023-05-26,0.07350919372808992,0.417
558,5,201,753.5869726878299,6917.494171433405,6571.619462861745,6584.100050392866,0.9981044353160495,12.480587531121618,0.11467294735286836,0.19555995775498208,0.9410106610414136,1.3194444444444444,0.0,0.0,0.0,False,834.7846333548446,3.7882527364487126,1440,2023-06-26,0.07372945588809794,0.436
559,5,151,568.677244440252,5407.7323491029365,5137.345731647734,5139.989719142041,0.9994856045169778,2.643987494307882,0.11069475837240499,0.19791500972487225,0.9936615695935624,0.0,0.0,0.0,0.0,False,715.8179187636646,1.642949445080588,1440,2023-12-04,0.07857682448747819,0.418
560,5,254,1032.0067442513973,8850.46563957669,8407.94235759785,8421.480243704895,0.9983924576540848,13.537886107043256,0.12274189098344886,0.19720538967971926,0.9790660786875375,0.0,0.0,0.0,0.0,False,1193.767023855371,2.430767363107806,1440,2023-04-02,0.0773778545469804,0.444
561,5,154,473.51590676004224,5275.027412998864,5011.276042348939,5019.363990919898,0.9983886507163875,8.087948570959202,0.09449008650860327,0.19740964772589784,0.9574648446617581,0.0,0.0,0.0,0.0,False,592.065542694106,3.386898905567106,1440,2023-08-01,0.07811957320993279,0.427
562,5,233,956.6322277142428,8325.645949841368,7909.363652349259,7919.785380096686,0.9986840896252545,10.421727747427743,0.12094932914484234,0.19710082233867124,0.9778413593471369,0.0,0.0,0.0,0.0,False,971.8823386881932,2.4553182161406566,1440,2023-03-10,0.07839309805240693,0.436
563,5,217,639.5714437245344,7749.153337024702,7361.6956701734425,7377.651033798613,0.9978373382595523,15.955363625170293,0.08687827810049448,0.19661282649517506,0.9490025606752569,0.20833333333333334,0.0,0.0,0.0,False,944.2791992712773,3.7695666485664017,1440,2023-05-31,0.07943629266135122,0.44
564,5,179,567.9118412499133,6110.705251537633,5805.1699889607535,5810.304568884001,0.9991162976290873,5.134579923247322,0.09782863246552086,0.19710252164041858,0.9567812693004681,0.0,0.0,0.0,0.0,False,783.5015650414153,3.281317714716592,1440,2023-05-15,0.08151379787943946,0.434
565,5,201,635.6670731740605,7121.809893707964,6765.719399022543,6774.579414963811,0.9986921673806498,8.860015941268164,0.09395409943632847,0.19784689780986053,0.9633951270124097,0.0,0.0,0.0,0.0,False,769.8679202493967,2.995175707166777,1440,2023-10-04,0.0822433466523534,0.43
566,5,300,1656.8710841164832,11150.473541017187,10592.949863966272,10613.963476366422,0.9980201917552346,21.013612400150258,0.1564126239993463,0.19860366517435996,0.988386485041581,0.0,0.0,0.0,0.0,False,1091.7578202486038,1.888076703199897,1440,2023-03-14,0.08129701320741922,0.462
567,5,293,1010.444798830247,10325.450624983223,9809.178093734014,9827.160694643091,0.9981701122564445,17.98260090907831,0.10301013899173746,0.19642880318308129,0.9706613034066466,0.0,0.0,0.0,0.0,False,1015.3738659359683,2.63041895536241,1440,2023-04-12,0.07894487499085516,0.455
568,5,170,946.7401519772276,6720.407257603766,6384.386894723582,6397.323620995041,0.9979777908641354,12.936726271459111,0.14828990905292208,0.19596240231652118,0.9951409419713348,0.0,0.0,0.0,0.0,False,658.918639424065,1.5511366485360751,1440,2023-01-26,0.08202642063926291,0.418
569,5,292,1041.7393946733127,10482.58084383057,9958.45180163901,9980.865561068998,0.9977543270878816,22.41375942998868,0.10460856922577647,0.1957018934180696,0.9838681937201149,0.0,0.0,0.0,0.0,False,1093.6867479994216,1.8237740130255387,1440,2023-10-17,0.0857196189485953,0.443
570,5,159,599.1362504067638,5397.120187591646,5127.2641782120845,5133.831817293532,0.9987207140172912,6.567639081447888,0.11685300963284617,0.1961507619705708,0.9562884923070943,0.0,0.0,0.0,0.0,False,691.7389047079738,3.407461326168379,1440,2023-06-23,0.08946220250175121,0.42
571,5,264,1005.2176345988322,10041.624776040551,9539.543537238464,9565.967090630938,0.9972377540982391,26.42355339247585,0.10537376664563404,0.19558829935705352,0.9514346708988056,0.0,0.0,0.0,0.0,False,1079.8313386554241,3.472042675376569,1440,2023-08-04,0.09166122043024474,0.452
572,5,182,655.2198268509646,6488.005716402483,6163.605430582367,6168.045184128692,0.9992802008717853,4.439753546325029,0.10630463520586786,0.20005889880738031,0.9818027583106557,0.0,0.0,0.0,0.0,False,794.655811460341,2.420423324276934,1440,2023-11-07,0.09487843755492492,0.417
573,5,241,963.1513753866159,8541.739212136084,8114.652251529251,8127.400854216018,0.9984314047116116,12.74860268676879,0.11869287130635878,0.19690670081775102,0.9388276271070115,1.875,0.0,0.0,0.0,False,998.4315849464834,3.9861631834727653,1440,2023-08-17,0.08761394752358109,0.439
574,5,237,618.5488423888575,8636.679437507031,8204.84546563171,8215.264260135407,0.998731776097057,10.418794503696288,0.07538823796009593,0.1960390640193393,0.9865428679938567,0.0,0.0,0.0,0.0,False,906.0547535774799,1.7372043734811609,1440,2023-10-20,0.08889185603480292,0.433
575,5,272,1257.3156134494195,9925.17373529344,9428.915048528743,9443.8663251627,0.9984168267403234,14.951276633956203,0.13334679620913617,0.19624694399411127,0.9863687454448907,0.0,0.0,0.0,0.0,False,1095.9346248639736,2.102326803182846,1440,2023-02-20,0.09202103059931922,0.448
576,5,189,1033.829611887558,6619.649983503835,6288.667484328644,6299.960066312118,0.9982075153073018,11.29258198347477,0.16439565527416752,0.19624544401121402,0.9928972097019806,0.0,0.0,0.0,0.0,False,772.297482935892,1.468640538760591,1440,2023-01-27,0.09425468710672835,0.423
577,5,289,1210.9408655228472,10520.20883870221,9994.198396767093,10018.92798331559,0.9975317133140712,24.729586548498304,0.12116438131892202,0.19676957415739832,0.9824514146283878,0.0,0.0,0.0,0.0,False,1039.2988048284187,2.31970361209071,1440,2023-03-27,0.09623264007446891,0.456
578,5,279,1255.551451450035,10434.167477579105,9912.45910370019,9933.965258056942,0.9978350886279466,21.506154356751836,0.12666397291680673,0.1972612839143498,0.9740599848008669,0.0,0.0,0.0,0.0,False,1115.9590271744316,2.43173342713453,1440,2023-03-18,0.09682343741918598,0.456
579,5,124,102.47328184643392,4322.643732683114,4106.511546048975,4111.483096729986,0.998790813299229,4.971550681011047,0.024953852119331606,0.19781607393117895,0.9997324844457852,0.0,0.0,0.0,0.0,False,499.1340632803721,1.3442824778250224,1440,2023-12-23,0.0963512496339489,0.404
580,5,138,478.3741193295768,4786.586413292788,4547.257092628162,4556.440618254649,0.9979844957070889,9.183525626486471,0.1052005878675957,0.1972654392939765,0.9579688739386741,0.0,0.0,0.0,0.0,False,618.217018276453,3.2474424348402744,1440,2023-07-12,0.09486215767217614,0.412
581,5,141,602.4657916881035,4899.194021635037,4654.234320553258,4658.292006900734,0.9991289325912878,4.057686347474589,0.12944466268653343,0.19542066100331543,0.9997268311887838,0.0,0.0,0.0,0.0,False,606.1084329507121,1.3543516536101585,1440,2023-01-06,0.0950190083399045,0.403
582,5,236,1221.8168232156202,8355.87812779077,7938.084221401237,7949.703616256592,0.9985383864083192,11.619394855353958,0.15391834970981752,0.19562573450855686,0.990898351263562,0.0,0.0,0.0,0.0,False,1044.1956192533544,1.8501424445363999,1440,2023-11-30,0.09943196806337579,0.431
583,5,185,617.6211909499044,6630.1614147510945,6298.653344013586,6307.929368569907,0.9985294660078885,9.276024556320333,0.09805606964176058,0.19663945576697275,0.9589495329555052,0.0,0.0,0.0,0.0,False,844.9696383692367,3.3709794935309874,1440,2023-06-30,0.10272988740519381,0.434
584,5,147,733.7398380341767,5498.599182122422,5223.6692230162935,5232.933389554647,0.9982296417995984,9.26416653835328,0.14046445261143367,0.1952598307699387,0.9941277820120556,0.0,0.0,0.0,0.0,False,590.5106375618288,1.4896676232309594,1440,2023-03-07,0.10330606332178463,0.415
585,5,136,448.3752827060742,4740.463137408122,4503.439980537771,4510.661195812743,0.9983990783254402,7.2212152749725425,0.09956284188171466,0.19895802742590424,0.9808926229981174,0.0,0.0,0.0,0.0,False,519.1295180411316,2.2453037222633094,1440,2023-04-29,0.10703918751003529,0.411
586,5,285,1141.5336978761338,10178.994530750433,9670.04480421291,9683.541102961306,0.9986062641130042,13.496298748397935,0.11804843938042628,0.19635505819834587,0.9531362835190206,0.0,0.0,0.0,0.0,False,987.1158229993912,3.4720735875912063,1440,2023-06-18,0.1019417528462164,0.459
587,5,228,752.5111608748495,8132.502099832445,7725.876994840801,7738.966748741743,0.9983085915308952,13.089753900942524,0.0974013903376099,0.1989602854467786,0.9551701333031274,0.0,0.0,0.0,0.0,False,892.6522471648989,3.4548761756244,1440,2023-06-08,0.10377258450587241,0.441
588,5,126,131.5947608735548,4658.700196502883,4425.765186677714,4432.390470325417,0.9985052572213441,6.625283647702667,0.029733787339119758,0.19833839190542787,0.9936344510257383,0.0,0.0,0.0,0.0,False,584.6692683027144,1.7322759870501214,1440,2023-11-04,0.09955773561470628,0.396
589,5,167,722.3048713972798,6233.518421406701,5921.842500336406,5926.166658701068,0.9992703279179109,4.324158364660772,0.12197299596472674,0.19555879192231226,0.9808928840940743,0.0,0.0,0.0,0.0,False,653.268916976491,2.1067658100393616,1440,2023-10-30,0.09763710269747358,0.415
590,5,238,1018.3718087418724,8467.011182903601,8043.660623758437,8055.408034999757,0.9985416739673176,11.747411241320325,0.12660551661440356,0.19610321604320638,0.9932936649206463,0.0,0.0,0.0,0.0,False,952.6022719256526,1.6549405848991396,1440,2023-10-22,0.10243777673042614,0.436
591,5,167,419.84173508120324,5694.037328645586,5409.335462213303,5412.133292826622,0.9994830447696055,2.797830613318781,0.07761429070428169,0.19445499825359164,0.9482881321057425,0.9722222222222222,0.0,0.0,0.0,False,789.0800995082449,3.7617471138218335,1440,2023-07-29,0.10527542208866084,0.432
592,5,258,910.6943237777733,9299.777625097508,8834.788743842626,8864.03459255936,0.9967006165858961,29.245848716735363,0.10308048671933197,0.19459184590816642,0.966460629016178,0.0,0.0,0.0,0.0,False,816.7763404625388,3.024192669897264,1440,2023-05-12,0.11144886759972143,0.453
593,5,172,732.2739615149444,6360.639386308331,6042.607416992942,6054.736673544128,0.9979967326070207,12.129256551187968,0.12118509626418111,0.19593998542104973,0.9919674526718673,0.0,0.0,0.0,0.0,False,693.7079226303019,1.6630525724561025,1440,2023-11-21,0.11635696687309707,0.433
594,5,234,850.1330559867163,8165.094485727575,7756.839761441212,7763.161683783362,0.9991856510788182,6.321922342148755,0.10959786229086192,0.19713255554601194,0.984901849947401,0.0,0.0,0.0,0.0,False,928.252965214635,2.128750768385119,1440,2023-01-03,0.11752054009240182,0.435
595,5,137,164.06272703458674,5044.901141522493,4792.656084446332,4800.135136471801,0.9984419080269964,7.479052025470276,0.03423210932389278,0.19702546878966623,0.9583650913915813,0.0,0.0,0.0,0.0,False,593.2770326354823,3.3222966254502158,1440,2023-07-01,0.11597111661562812,0.415
596,5,266,1003.5426848101777,9406.447283641057,8936.124919458978,8949.287659221349,0.998529185756052,13.162739762370734,0.11230177441061728,0.19497836692979983,0.9550139556134473,0.0,0.0,0.0,0.0,False,1211.287204343233,3.3596673531789993,1440,2023-07-08,0.11511589525868644,0.445
597,5,254,868.0575965689528,9028.843951974166,8577.401754375467,8589.618733382476,0.9985777041582149,12.216979007009412,0.10120286089271066,0.19645928883272482,0.9738468115732969,0.0,0.0,0.0,0.0,False,969.1290657306354,2.500592161690868,1440,2023-09-23,0.11918642391834917,0.433
598,5,217,1138.542551057552,7583.051022106669,7203.89847100131,7211.808026926477,0.9989032492412949,7.909555925167677,0.15804533554167366,0.1960543175150576,0.9869878824317792,0.0,0.0,0.0,0.0,False,991.3358801144715,2.114211454496911,1440,2023-02-28,0.11936185421800817,0.425
599,5,237,855.5158733900279,8363.995435396548,7945.795663626755,7962.133609693997,0.9979480442217963,16.337946067241308,0.10766900001044562,0.1968698271724697,0.9510934492593774,0.0,0.0,0.0,0.0,False,892.3021693838623,3.611788715439428,1440,2023-06-12,0.12059041948085032,0.431
