episode,daily_cost_usd,min_voltage_pu,violation_rate_pct,service_quality,peak_mw,wall_s
0,137.27167300376297,0.9517463491639804,0.0,0.8547967734102215,3.4132947387123735,15.7
1,134.07588434550172,0.9526241810329643,0.0,0.8208907097195679,3.4142003694570686,12.6
2,143.54756599935894,0.9526737257577454,0.0,0.7909651150808026,3.419873205996275,12.9
3,135.47510011383892,0.9523122732310031,0.0,0.8297055698417186,3.421698305855391,12.8
4,145.91043186366556,0.9520828827741605,0.0,0.8439246018963743,3.4384907709729453,12.8
5,142.63757017910476,0.9524792632126109,0.0,0.8122185855117037,3.4139262324600455,12.6
