episode,stage,n_ev,cost_eur,energy_drawn_kwh,energy_delivered_kwh,energy_requested_kwh,service_quality,unmet_kwh,cost_per_kwh,retail_price_paid,min_voltage_pu,violation_rate_pct,q_activation_pct,q_kvarh,curtailed_kwh,q_exhausted_any,peak_ev_kw,peak_feeder_mw,pf_solves,day,noise,w_retail,wall_s
0,0,60,65.07269888822533,483.7346371292869,459.547905272823,462.01436916666665,0.9946614996016414,2.466463893843665,0.1416015569684583,0.15155388516908708,1.0068606717529058,0.0,0.0,0.0,0.0,False,277.3649312722241,1.1014255196418856,1440,2023-11-21,0.3,0.0,0.296
1,0,60,5.8221836839633765,506.53862225719877,481.21169114433997,488.14529211469664,0.9857960302345239,6.933600970356797,0.012099007133675408,0.21361339598654586,0.9745415372203589,0.0,0.0,0.0,0.0,False,210.87566439397312,2.592302724182778,1440,2023-10-14,0.2985,0.1090037583695541,0.288
2,0,60,9.634129554464073,459.88527167706894,436.89100809321604,440.575,0.9916382184491087,3.6839919067839526,0.02205156292071938,0.15325632488218957,1.0006269128020553,0.0,0.0,0.0,0.0,False,262.1065118803593,1.3714145440381167,1440,2023-11-04,0.2970075,0.058995171467460784,1.99
3,0,60,96.69325810901866,543.7356746332948,516.5488909016352,522.6,0.9884211460038944,6.0511090983647415,0.1871909122488691,0.2034575753831784,1.004565736668739,0.0,0.0,0.0,0.0,False,291.1742827068079,1.1536603192142512,1440,2023-01-27,0.29552246249999997,0.15411104213126048,2.254
4,0,60,63.04591938896047,488.9900133309337,464.5405126643862,497.4661705555556,0.9338132724595142,32.92565789116933,0.1357167301240503,0.28428055344088254,1.0062953400673156,0.0,0.0,0.0,0.0,False,108.44568891043946,1.1256440404280201,1440,2023-03-03,0.2940448501875,0.11958810879096587,2.402
5,0,60,-209.48707742945817,627.0421274038624,595.6900210336731,601.8264997222224,0.9898035751310692,6.136478688549022,-0.3516712888121661,0.21401936084347653,0.9619719347951133,0.0,0.0,0.0,0.0,False,289.9085115640279,3.177316528247766,1440,2023-07-02,0.29257462593656247,-0.09005481728026303,2.233
6,0,60,71.81414800474457,524.3454355276407,498.1281637512603,515.8824413888888,0.9655846444592505,17.7542776376286,0.14416801383791036,0.2313010347421104,1.0064527308752191,0.0,0.0,0.0,0.0,False,152.428695416643,1.1113212234579757,1440,2023-02-08,0.2911117528068797,-0.10389550246512677,2.291
7,0,60,67.50183549415233,575.7636102728446,546.9754297592037,558.9620000000001,0.9785556616714618,11.98657024079617,0.12340926451462148,0.19280536568187676,1.0075613956535256,0.0,0.0,0.0,0.0,False,212.62072168602052,1.053450381115321,1440,2023-12-04,0.28965619404284526,-0.15455278492711777,2.264
8,0,60,30.738532782518853,543.9184812206076,516.7225571595782,526.2816272222221,0.9818365879251801,9.55907006264399,0.059487499348757765,0.19122843578525373,0.9622518793149267,0.0,0.0,0.0,0.0,False,236.21585011025297,3.1727129767093105,1440,2023-07-11,0.28820791307263105,-0.11002840724829041,2.24
9,0,60,-2.8500998676720823,635.1327064524846,603.3760711298567,609.22,0.99040752294714,5.843928870143363,-0.004723587831938885,0.16855594871163715,0.9656308136608341,0.0,0.0,0.0,0.0,False,202.361004717527,3.014679624218007,1440,2023-06-10,0.28676687350726787,-0.07050108112192055,2.206
10,0,60,64.7456650044508,473.4094783181042,449.73900440220086,454.70799999999997,0.9890721174956255,4.968995597799122,0.1439627525535874,0.16250416397847542,1.0075316253577948,0.0,0.0,0.0,0.0,False,325.50445237620136,1.0629402930424403,1440,2023-03-08,0.28533303913973157,0.012572453905549966,2.192
11,0,60,59.358266792040254,414.01871202407193,393.31777642286914,401.455,0.9797306707423477,8.137223577130818,0.1509168167579138,0.14670564645565615,1.003552430660624,0.0,0.0,0.0,0.0,False,332.6859285275081,1.2532228051809473,1440,2023-02-06,0.2839063739440329,0.09422000014155842,2.204
12,0,60,40.07761101133426,473.83468668379044,450.14295234960133,461.87175388291473,0.9746059345809515,11.728801533313431,0.08903307449809451,0.2347314412245224,0.9899747719694958,0.0,0.0,0.0,0.0,False,210.2116649719983,1.8582497711416623,1440,2023-05-05,0.2824868420743127,0.1969594933577848,2.146
13,0,60,41.36041628563806,453.5265707463081,430.8502422089933,439.543,0.9802231913805777,8.69275779100663,0.0959971986404856,0.23324600136215765,1.011046736079082,0.0,0.0,0.0,0.0,False,151.24595555656836,0.898436739935729,1440,2023-11-23,0.28107440786394117,0.08375776737803395,2.225
14,0,60,59.08211025092727,487.2494730643179,462.88699941110394,470.003,0.98485966985552,7.116000588895993,0.12763830119682118,0.16675280024839706,1.0116581046681359,0.0,0.0,0.0,0.0,False,226.421826062958,0.8563978268596564,1440,2023-10-25,0.27966903582462144,-0.005197945776672109,2.281
15,0,60,6.99850069023123,505.27459693806526,480.0108670911594,488.1408858333333,0.9833449338538921,8.130018742173927,0.014579879686144975,0.21468111986019706,0.9608152077909848,0.0,0.0,0.0,0.0,False,207.27182564977596,3.2062882034879596,1440,2023-07-01,0.27827069064549836,0.07158488613741648,2.183
16,0,60,78.46582948206338,651.458078713805,618.885174778117,634.8516272222223,0.9748501039306362,15.966452444105277,0.12678576362763092,0.2068001482153133,1.0044832868197322,0.0,0.0,0.0,0.0,False,232.89109402600087,1.19812781041937,1440,2023-11-27,0.2768793371922708,0.026834792529717513,2.177
17,0,60,63.04784142084455,618.3187288487158,587.4027924062763,590.861206111111,0.9941468255673832,3.4584137048348973,0.10733323408724554,0.20544578596662494,0.9914259111779281,0.0,0.0,0.0,0.0,False,212.43433966774688,1.7901420616083925,1440,2023-04-17,0.27549494050630946,0.008032847851536906,2.36
18,0,60,61.48509719243243,561.6445000687547,533.5622750653288,541.583,0.9851902202715536,8.020724934671257,0.11523509075843913,0.20061480640805765,1.002033436247191,0.0,0.0,0.0,0.0,False,286.9894583171554,1.2304567638109325,1440,2023-12-08,0.27411746580377794,-0.004301400242224404,2.226
19,1,60,33.82562068857198,536.0879532319901,509.2835555703927,515.803,0.9873605922617602,6.519444429607388,0.06641805005992704,0.18827124626095681,0.9993766499818916,0.0,0.0,0.0,0.0,False,184.42096950460737,1.4296518514483456,1440,2023-04-27,0.27274687847475904,-0.0035713840087883003,2.16
20,1,120,12.892836708652124,1041.2046732639212,989.1444396007266,1006.0511063888889,0.9831950219220503,16.90666678816228,0.013034331683506593,0.1852601575360974,0.98718119885891,0.0,0.0,0.0,0.0,False,502.1873253126521,2.009720145918818,1440,2023-09-20,0.27138314408238523,0.02475489898853458,2.156
21,1,120,146.14129200629748,1099.3876161184746,1044.4182353125625,1061.6444349342887,0.9837740404839098,17.226199621726416,0.13992602490568526,0.21769614962821957,1.0064587680699886,0.0,0.0,0.0,0.0,False,337.2590337628195,1.066756586629465,1440,2023-11-21,0.2700262283619733,0.05477731270427874,2.147
22,1,120,107.700341021249,1168.53765099867,1110.110768448734,1123.4107491666666,0.9881610704474758,13.299980717932671,0.09701765272644745,0.19201572880121714,0.9989139614760874,0.0,0.0,0.0,0.0,False,591.242603801325,1.3384189456724018,1440,2023-04-08,0.26867609722016345,0.006551253592794319,2.215
23,1,120,67.31381121609361,819.2106590486158,778.2501260961884,799.61,0.9732871350985961,21.359873903811614,0.08649380059049795,0.2353847158766006,0.9650142814452418,0.0,0.0,0.0,0.0,False,245.901942366775,2.980847334944616,1440,2023-06-07,0.2673327167340626,0.024866545682951248,2.241
24,1,120,131.26401957785964,1017.2647002163988,966.4014652055773,979.641976105137,0.9864843369082639,13.240510899559801,0.13582762889327424,0.17924206209381244,0.9985272801490358,0.0,0.0,0.0,0.0,False,497.6548070803747,1.205433646671992,1440,2023-02-09,0.2659960531503923,-0.057662228004596826,2.186
25,1,120,122.03668827766077,1016.3869433833572,965.5675962142013,979.825,0.9854490304025731,14.257403785798648,0.12638854986035403,0.2081088775046304,1.0069850528970887,0.0,0.0,0.0,0.0,False,412.6028385598602,0.9574703541472838,1440,2023-12-05,0.26466607288464034,0.0008664882628080283,2.106
26,1,120,90.39251408248505,1044.4117806566528,992.1911916238195,1022.0190000000001,0.9708148201000366,29.827808376180542,0.0911039271922468,0.19775291712093465,1.0023414446426298,0.0,0.0,0.0,0.0,False,364.2587053681393,1.3081766452183852,1440,2023-11-13,0.26334274252021717,-0.016222976502299098,2.126
27,1,120,87.85418660012313,979.8726679620321,930.8790345639324,954.6508175029811,0.9750989759782251,23.771782939048805,0.09437766169186329,0.22859720884153897,0.9931640166089689,0.0,0.0,0.0,0.0,False,343.5399018129266,1.6699870359080735,1440,2023-03-16,0.26202602880761605,-0.006999081326300903,2.171
28,1,120,129.0999167308492,1071.6745925782718,1018.0908629493654,1031.946,0.9865737770671774,13.855137050634571,0.12680588877583313,0.1822542087383463,0.9960265328253985,0.0,0.0,0.0,0.0,False,615.2766481205531,1.5068228217680166,1440,2023-01-04,0.260715898663578,-0.0689072674129088,2.182
29,1,120,54.511679210528484,1021.4116420260866,970.3410599247845,978.0029999999999,0.9921657294760697,7.66194007521562,0.056177854840806105,0.16542068839103552,0.9807665310661627,0.0,0.0,0.0,0.0,False,527.6081865599874,2.3081161041829428,1440,2023-05-07,0.2594123191702601,-0.01559192649208856,2.164
30,1,120,135.31386554550713,1119.768627130888,1063.7801957743293,1077.6640000000002,0.9871167597454579,13.883804225670756,0.12720096320933263,0.216279273935591,1.0061114322767883,0.0,0.0,0.0,0.0,False,456.2109906017065,0.9583555787951443,1440,2023-03-02,0.2581152575744088,0.06582305658909958,2.212
31,1,120,73.96542676122868,930.1494313413323,883.6419597742686,896.3794158333333,0.9857901064726893,12.737456059064689,0.08370519976226976,0.16338734546959596,1.0007119825999362,0.0,0.0,0.0,0.0,False,529.1210364683777,1.1512457203383888,1440,2023-02-26,0.25682468128653674,0.018252191159248515,2.367
32,1,120,1.3804629741152488,947.9801481930984,900.5811407834458,903.5774405615277,0.9966839590680574,2.996299778081894,0.0015328579642633173,0.1462867384468354,1.004136466464499,0.0,0.0,0.0,0.0,False,523.9654447620339,1.225250439224763,1440,2023-04-11,0.25554055788010405,0.09838837416707691,2.252
33,1,120,66.44554724613225,950.240041752975,902.7280396653293,911.2315232974865,0.9906681415043835,8.503483632157149,0.07360527681267746,0.14325719112580274,1.0061961864425937,0.0,0.0,0.0,0.0,False,501.3911708699796,1.1179858203489759,1440,2023-10-18,0.25426285509070357,0.2028043191010711,2.432
34,1,120,47.92651998679528,1120.9678908351875,1064.919496293438,1069.0524277777777,0.9961340235736327,4.132931484339858,0.045004829147751044,0.16364012102534778,1.002562406730376,0.0,0.0,0.0,0.0,False,518.8231013133823,1.1809761962800136,1440,2023-04-15,0.25299154081525005,0.2958392195982482,2.449
35,1,120,102.45845746608398,1192.2310376044204,1132.6194857242003,1145.1894274193546,0.9890237008880878,12.569941695154085,0.09046149987484255,0.18458172941543574,1.003537302846382,0.0,0.0,0.0,0.0,False,469.14846542347203,1.0922139557479849,1440,2023-11-24,0.25172658311117374,0.3272426881657234,2.403
36,1,120,24.164062506868092,1066.779037910043,1013.4400860145391,1021.5580000000001,0.9920533988422968,8.117913985460884,0.023843602439188916,0.14611012884161187,0.9979630194616788,0.0,0.0,0.0,0.0,False,507.1150779801282,1.3574692035543803,1440,2023-11-04,0.2504679501956179,0.3070648380907382,2.305
37,1,120,76.75804254620702,1153.1213542198504,1095.4652865088538,1106.432026105137,0.9900881939987869,10.966739596283304,0.0700688953739719,0.17466213932465452,0.9608760178784693,0.0,0.0,0.0,0.0,False,393.46703371203887,3.219920887121827,1440,2023-07-14,0.24921561044463983,0.378254572851082,2.33
38,1,120,103.33924735972293,1087.9609531234826,1033.5629054672943,1038.679,0.9950744219025264,5.116094532705793,0.09998351025668942,0.13516556635581678,0.9912458026250286,0.0,0.0,0.0,0.0,False,604.9268332509262,1.7910678895100982,1440,2023-04-28,0.2479695323924166,0.3736588306304305,2.286
39,2,120,27.40506919053475,1249.9687638088074,1187.4703256183593,1197.4617918160102,0.9916561294348287,9.99146619765088,0.023078529710848922,0.11942127779817331,0.9649522691385619,0.0,0.0,0.0,0.0,False,679.0661875945608,3.0234446101065275,1440,2023-05-25,0.24672968473045453,0.4601164190675614,2.271
40,2,180,52.922245359043465,1648.5109712926997,1566.0854227280638,1571.5237294085978,0.9965394689378438,5.438306680533639,0.03379269393035716,0.18069813649258762,0.998463456959969,0.0,0.0,0.0,0.0,False,743.3561593082799,1.4160061275010236,1440,2023-10-11,0.24549603630680228,0.5679488607541732,2.227
41,2,180,120.41651269339052,1424.298635535412,1353.0837037586305,1364.8934711081238,0.9913474805180911,11.809767349493274,0.08899413418319536,0.15459350354715498,0.9510305651461912,0.0,0.1388888888888889,0.4103926736275213,0.0,False,851.884401246919,3.5759852804167362,1444,2023-07-27,0.24426855612526827,0.5203708181511217,2.312
42,2,180,117.25240892226554,1445.1409981994163,1372.8839482894496,1392.2779999999998,0.9860702735297475,19.394051710550436,0.0854059143661463,0.13938634060441335,0.9515928301814428,0.0,0.0,0.0,0.0,False,864.5199167926801,3.3450047236450713,1440,2023-07-21,0.2430472133446419,0.5420089013712747,2.352
43,2,180,174.5331819222661,1691.6977356425948,1607.1128488604645,1614.9099999999999,0.9951717735728088,7.797151139535558,0.10860045207529774,0.15056505644986068,1.0002906697791751,0.0,0.0,0.0,0.0,False,652.0455250660473,1.3233181156065212,1440,2023-02-01,0.2418319772779187,0.595805809391208,2.407
44,2,180,146.74905567792482,1619.6624717037823,1538.6793481185946,1548.0982905555556,0.9939157981799844,9.418942436960936,0.09537338358207044,0.12159446137754087,0.9690119960674283,0.0,0.0,0.0,0.0,False,904.9873155808914,2.831449912497159,1440,2023-09-25,0.2406228173915291,0.6167219081246774,2.465
45,2,180,176.60333432639618,1930.9743426195164,1834.4256254885458,1838.0251478404957,0.9980416359611951,3.5995223519497883,0.09627173316408673,0.13289828076179497,0.9914186037182279,0.0,0.0,0.0,0.0,False,942.25820839335,1.6506641088157492,1440,2023-11-12,0.23941970330457144,0.7011103732016796,2.25
46,2,180,78.22956307449388,1686.656803960369,1602.32396376236,1622.312992234165,0.9876786855757859,19.989028471804954,0.04882256325419101,0.17970898752233572,0.955269267059322,0.0,0.0,0.0,0.0,False,726.9015669724802,3.4782600167825874,1440,2023-08-20,0.23822260478804858,0.7471078285798325,2.225
47,2,180,226.34597439286244,1574.2502836899523,1495.5377695054617,1518.4885424940258,0.9848857779651937,22.95077298856402,0.151347548024621,0.17482623132210426,0.9973856703800148,0.0,0.0,0.0,0.0,False,734.8726570211733,1.4377205072963986,1440,2023-01-05,0.23703149176410834,0.6819367886330483,2.265
48,2,180,73.73156746006508,1510.0800351264784,1434.5760333701517,1440.7332128285539,0.9957263569663158,6.157179458402291,0.05139606806817519,0.1875357714025213,0.9672285182318956,0.0,0.0,0.0,0.0,False,636.9816479448841,2.934611405080404,1440,2023-06-18,0.2358463343052878,0.641800708750025,2.311
49,2,180,161.82419585816504,1435.102077922107,1363.3469740260107,1386.6665694444443,0.9831829828941673,23.319595418433686,0.11869626657129886,0.18211349833870563,0.994595890250796,0.0,0.0,0.0,0.0,False,850.7902819073648,1.341939452561576,1440,2023-03-02,0.23466710263376137,0.5823540680965628,2.386
50,2,180,176.4709474679598,1427.7779345045642,1356.3890377793277,1378.407891111111,0.9840258798039568,22.01885333178324,0.13010348989319245,0.14211611238302985,0.997204335537904,0.0,0.0,0.0,0.0,False,689.0841610400554,1.3730196995376849,1440,2023-10-26,0.23349376712059255,0.5476200813972523,2.386
51,2,180,242.4325361936334,1319.5439498078013,1253.5667523174086,1305.199093019709,0.9604410231523808,51.63234070230014,0.19339419759295629,0.2360172906585823,0.9973144816555699,0.0,0.0,0.0,0.0,False,619.7906580692008,1.4336036332421855,1440,2023-01-20,0.2323262982849896,0.6107213355211389,2.326
52,2,180,184.75730219902155,1601.1521115997352,1521.0945060197514,1547.5473965591411,0.9829065716512426,26.452890539389642,0.12146339459372321,0.1890113896820897,1.0015188470535337,0.0,0.0,0.0,0.0,False,564.8463508912203,1.2848936695966384,1440,2023-11-26,0.23116466679356462,0.45281888208110394,2.474
53,2,180,170.53964399158625,1769.9063234072833,1681.411007236924,1710.5755230555553,0.9829504658370561,29.16451581863143,0.10142650622457587,0.239731338244249,1.0017128348521454,0.0,0.0,0.0,0.0,False,572.7291818394223,1.2935046676585582,1440,2023-11-25,0.23000884345959682,0.43045933199325515,2.468
54,2,180,137.3607821840502,1821.283826788889,1730.2196354494454,1749.7415122252032,0.988842993871174,19.521876775757903,0.07938921705068333,0.13513314056903053,0.9903364330538413,0.0,0.0,0.0,0.0,False,1036.4429430075431,1.7484198028525042,1440,2023-12-18,0.22885879924229882,0.29900123817401314,2.378
55,2,180,116.08430207652385,1628.4563010624368,1547.0334860093162,1551.6171142264036,0.9970459025135382,4.583628217087237,0.07503670937076587,0.14204641740739868,0.95100665663161,0.0,0.9722222222222222,19.417146457071635,0.0,False,771.4836650138468,3.5814664111246945,1475,2023-09-02,0.22771450524608736,0.4271941409756487,2.443
56,2,180,175.36826999995463,1597.470468988081,1517.5969455386671,1534.4937586618857,0.98898867263041,16.896813123218852,0.11555655176790575,0.1673915113574753,0.9901084549034678,0.0,0.0,0.0,0.0,False,859.0346031961772,1.5206397937048002,1440,2023-10-24,0.2265759327198569,0.5174369333021773,2.602
57,2,180,238.31686981327292,1994.5994479227575,1894.8694755266356,1915.294209976103,0.9893359806848044,20.42473444946772,0.12576954396663031,0.15679623489349281,1.0007607844088844,0.0,0.0,0.0,0.0,False,686.2412595043454,1.3034788945269433,1440,2023-11-27,0.22544305305625761,0.5355023849053578,2.39
58,2,180,253.3417130095942,1869.1244253618718,1775.6682040937717,1797.5446544205417,0.9878298153689973,21.87645032677024,0.14267401557651332,0.16062702892455621,0.990785391700352,0.0,0.0,0.0,0.0,False,1024.157402792389,1.6538691825129468,1440,2023-01-26,0.22431583779097633,0.575424542663989,2.35
59,3,180,135.28464295644912,1527.098890943208,1450.7439463960495,1473.195,0.9847602974460609,22.45105360395054,0.0932519093341898,0.1879004156005771,0.9670691588757953,0.0,0.0,0.0,0.0,False,657.3350599229923,2.9415163970776415,1440,2023-09-06,0.22319425860202144,0.6009031705563268,2.435
60,3,240,190.4978116599956,2295.8443868250724,2181.052167483841,2201.926106388889,0.9905201455923147,20.87393890504766,0.0873421619620233,0.11002027150756265,0.9510016578927416,0.0,3.6805555555555554,342.3503112386995,28.228979749697196,True,1456.5185026275035,4.2000027614087045,1559,2023-07-27,0.22207828730901136,0.5618896014029222,2.4
61,3,240,280.52250705621594,2045.437119671288,1943.1652636877247,1956.7560102837501,0.9930544500568292,13.590746596025241,0.14436368964513208,0.1596828484149288,0.9939218803194735,0.0,0.0,0.0,0.0,False,791.2352514389866,1.2807033874204368,1440,2023-11-28,0.2209678958724663,0.7065140495094521,2.26
62,3,240,104.80439439140713,1989.8100322109271,1890.3195306003772,1899.4488154749101,0.9951937189356427,9.12928487453324,0.05544268717263933,0.12365552562494665,0.9833504089768648,0.0,0.0,0.0,0.0,False,1087.86185508617,1.992902788721243,1440,2023-05-01,0.21986305639310397,0.714971796377724,2.353
63,3,240,143.3753180009121,2020.7986802810703,1919.7587462670112,1935.7001822162483,0.9917645118310703,15.941435949236933,0.07468402906339494,0.166699969076531,0.9825037173030498,0.0,0.0,0.0,0.0,False,939.4288886198616,1.9062343116391658,1440,2023-04-09,0.21876374111113842,0.8048153277290551,2.314
64,3,240,250.2260372389527,2153.569131173506,2045.8906746148236,2067.520917741931,0.9895380777328574,21.63024312710733,0.12230665125156912,0.16899624994423768,0.9858282868226336,0.0,0.0,0.0,0.0,False,1188.8267762769528,2.094030088888692,1440,2023-01-04,0.21766992240558275,0.7836573787628076,2.347
65,3,240,73.85822052132585,2014.784340904644,1914.04512385941,1944.9611772371566,0.9841045395972051,30.916053377746294,0.038587502248850256,0.19125249849450862,0.9653286048206298,0.0,0.0,0.0,0.0,False,984.1484589704785,2.834951470875924,1440,2023-09-17,0.2165815727935548,0.7632293891836432,2.302
66,3,240,215.0365773784239,2068.6506019509543,1965.218071853407,2002.094596388889,0.981581027888495,36.87652453548196,0.10942122935782991,0.2388500960497878,0.9922549335967601,0.0,0.0,0.0,0.0,False,640.8614887359685,1.5710648220860823,1440,2023-01-12,0.21549866492958705,0.6983606257849901,2.436
67,3,240,3.9295356702879416,2144.0315108828736,2036.8299353387204,2069.577,0.9841769285891369,32.74706466127953,0.0019292409258677104,0.21864092259137533,0.9564735639877469,0.0,0.0,0.0,0.0,False,686.7397598887896,3.3104635911366307,1440,2023-07-23,0.21442117160493912,0.5398083956419641,2.34
68,3,240,153.91664837121976,2125.8457653625646,2019.553477094438,2037.5829531929437,0.9911515376243931,18.029476098505743,0.07621320758124314,0.21827106895406154,0.9510014260789487,0.0,0.20833333333333334,1.48312762963926,0.0,False,603.606565696042,3.599148491776689,1447,2023-08-26,0.21334906574691442,0.456494747006482,2.382
69,3,240,-46.21734957463415,2131.762055581163,2025.1739528021067,2067.8135445041817,0.9793793827226821,42.639591702074526,-0.022821422086081095,0.23215487229224224,0.9623208038604891,0.0,0.0,0.0,0.0,False,872.5596582194694,3.128052656034191,1440,2023-08-08,0.21228232041817982,0.38974395265248357,2.57
70,3,240,133.14453130098778,2097.924698853834,1993.0284639111394,2027.8890000000001,0.9828094456408311,34.86053608886073,0.0668051328477786,0.21843162398810298,0.9913240940826793,0.0,0.0,0.0,0.0,False,540.1507538479611,1.8533217974747482,1440,2023-04-01,0.21122090881608893,0.30419120621067514,2.479
71,3,240,219.14301526383767,2113.9346751005987,2008.2379413455687,2073.5016266666667,0.9685248931171494,65.26368532109758,0.10912203716109779,0.2504516803401025,1.0031953762019725,0.0,0.0,0.0,0.0,False,499.04899538283007,1.1666330354147378,1440,2023-03-21,0.21016480427200848,0.26501857412692964,2.439
72,3,240,129.88745560310497,1926.4188343982407,1830.097892678328,1843.8075038829147,0.9925645105708077,13.709611204586796,0.07097295512045868,0.15638081324077155,0.951068957161133,0.0,0.06944444444444445,0.9537377970112535,0.0,False,1023.7149568934205,3.565507170669629,1442,2023-08-05,0.20911398025064845,0.16071376046852912,2.471
73,3,240,149.9303310870026,2143.9639608585953,2036.765762815655,2053.7082133930703,0.9917503126944097,16.94245057741533,0.0736119655113098,0.18565679294508414,0.9590438560397576,0.0,0.0,0.0,0.0,False,1059.4350193953273,3.0785593762108214,1440,2023-06-08,0.20806841034939522,0.28640677649829827,2.422
74,3,240,294.60468618286166,2056.371514307241,1953.5529385918835,1972.7462061111112,0.9902707872610418,19.193267519227707,0.150804557359583,0.13924847688600112,0.9872982769905386,0.0,0.0,0.0,0.0,False,1066.0917208728265,1.8408339865749135,1440,2023-01-09,0.20702806829764822,0.3232711943253716,2.437
75,3,240,210.92022876704632,2139.855077068875,2032.8623232154332,2039.6304648865002,0.9966816823990499,6.768141671066975,0.10375529437400763,0.17889102119337302,0.9773833368004092,0.0,0.0,0.0,0.0,False,834.9463824191811,2.463553517461608,1440,2023-09-26,0.20599292795615998,0.457898600072713,2.353
76,3,240,279.4466411377803,2181.2802344201314,2072.2162226991354,2083.264150277778,0.9946968186549127,11.047927578642033,0.13485399741431958,0.17485831128624996,0.9952066461951571,0.0,0.0,0.0,0.0,False,620.7475098661018,1.5759796278780733,1440,2023-02-21,0.20496296331637917,0.4794423761346991,2.34
77,3,240,244.02329114619388,2211.4791007854346,2100.905145746168,2117.4015666278324,0.9922091203002477,16.496420881664598,0.11615150338428315,0.1884636623466413,0.9887876845472616,0.0,0.0,0.0,0.0,False,975.700519631713,1.6149337569521915,1440,2023-02-05,0.2039381484997973,0.5068064432156463,2.27
78,3,240,242.56425422251394,2170.2704241679285,2061.7569029595425,2069.4324997013136,0.9962909654009594,7.675596741770797,0.11764929894223991,0.18128139282704844,0.9891772111337499,0.0,0.0,0.0,0.0,False,976.9034458699673,1.6311476804175378,1440,2023-11-20,0.2029184577572983,0.49934274143021107,2.361
79,4,240,171.2364908973445,2122.9107694384006,2016.7652309664832,2038.824106388889,0.9891805892655076,22.058875422406125,0.08490650684972578,0.21386406871439492,0.9595580374426878,0.0,0.0,0.0,0.0,False,809.3226128492764,2.965977095547627,1440,2023-07-07,0.20190386546851183,0.5101087033036147,2.379
80,4,300,209.65991185511606,2741.0490680713356,2603.996614667761,2670.13342353643,0.9752308973455436,66.13680886866938,0.08051466375729761,0.19384813355919284,0.9887229189414322,0.0,0.0,0.0,0.0,False,656.1349587620209,1.7255530059553472,1440,2023-12-09,0.20089434614116924,0.4463463824144557,2.253
81,4,300,46.31099398030004,2866.994684983682,2723.6449507345005,2747.28588,0.9913948055287573,23.64092926549956,0.01700331534321722,0.16919638887689017,0.9510008817891361,0.0,0.9027777777777778,13.94981802376718,0.0,False,1626.5895818876645,3.4596173941749515,1467,2023-07-12,0.19988987441046338,0.43967917636661336,2.331
82,4,300,139.26920960724684,2515.709781281278,2389.92429221723,2423.6841269414485,0.9860708603283128,33.7598347242186,0.058273481741984864,0.1888005513770344,0.9510001545985698,0.0,1.0416666666666667,19.44727644796466,0.0,False,1353.1981263987168,3.383430767177913,1479,2023-05-18,0.19889042503841106,0.49011943038556083,2.349
83,4,300,413.92676766962535,2798.7374308336184,2658.800559291933,2670.9931275238937,0.9954351929601318,12.19256823196049,0.15568176643526,0.171820482813909,0.9904160172511416,0.0,0.0,0.0,0.0,False,875.693237469995,1.6703622994877358,1440,2023-02-06,0.19789597291321903,0.48790244853154985,2.345
84,4,300,348.4764857373517,2591.6469349766653,2462.064588227822,2482.5134136260326,0.9917628540148177,20.448825398211024,0.14153832007639688,0.16655270869207342,0.9971363131637087,0.0,0.0,0.0,0.0,False,909.8545325946016,1.3679349701999854,1440,2023-11-28,0.19690649304865293,0.5248939897465215,2.402
85,4,300,243.0801531957482,2583.7630226691745,2454.5748715356904,2464.521878348268,0.9959639202638185,9.947006812576866,0.0990314681432661,0.1873308290684141,0.9800574436232758,0.0,0.0,0.0,0.0,False,915.6380675546627,2.272917666975504,1440,2023-03-18,0.19592196058340966,0.5677486903519333,2.308
86,4,300,311.8073441862219,2517.5723773089303,2391.693758443451,2421.0766135005906,0.9878637235627766,29.38285505714034,0.13037093193283686,0.1962816576809243,0.9849884115231207,0.0,0.0,0.0,0.0,False,1076.1716773487674,2.02911253251726,1440,2023-02-10,0.1949423507804926,0.5569540445548927,2.265
87,4,300,258.7706565409769,2532.6814430286654,2406.0473708772433,2421.4446383273594,0.993641288672719,15.397267450115812,0.1075501088104634,0.17392741423124533,0.9782908486415579,0.0,0.0,0.0,0.0,False,1320.4894199868897,1.9846894490471991,1440,2023-04-16,0.19396763902659017,0.5288124220856916,2.327
88,4,300,268.26266823953506,2728.9948835279984,2592.54513935162,2608.15195,0.9940161421007776,15.606810648380199,0.10347463740076901,0.12612656680390083,0.9787157019030384,0.0,0.0,0.0,0.0,False,1219.010700654213,2.151369845929594,1440,2023-01-30,0.1929978008314572,0.556782088988062,2.386
89,4,300,158.25990472254813,2691.6150912550074,2557.0343366922616,2565.015176388889,0.9968885799311866,7.980839696627558,0.06189197479736255,0.1594369364136688,0.9823097359279878,0.0,0.0,0.0,0.0,False,1017.3381665665574,2.2596343191433976,1440,2023-05-03,0.19203281182729992,0.6880133585099213,2.358
90,4,300,-26.344713244938823,2603.820045506507,2473.6290432311835,2474.2620805495817,0.9997441510649278,0.6330373183980019,-0.010650227978616382,0.09181649641195441,0.9511054147282387,0.0,2.0833333333333335,114.75082123842137,0.0,False,1621.836143462389,3.7827581984587337,1470,2023-07-17,0.19107264776816343,0.7217437141652356,2.501
91,4,300,268.5582880925148,2638.04846116107,2506.1460381030374,2512.4216708333333,0.997502157857039,6.275632730295505,0.10715987177498763,0.1591476804990432,0.9774318847258816,0.0,0.0,0.0,0.0,False,1100.8624879683446,2.2449012472360064,1440,2023-09-12,0.19011728452932258,0.9029021418726612,2.494
92,4,300,344.92303165014994,2452.936867586495,2330.2900242071805,2348.775385666069,0.9921297874749117,18.485361458888296,0.14801721162047238,0.13244880910688933,0.9616510919318796,0.0,0.0,0.0,0.0,False,1664.4904424020228,2.591457030191533,1440,2023-01-21,0.189166698106676,0.9017428950220541,2.461
93,4,300,10.187200609150404,2413.397688244317,2292.727803832079,2299.340893894861,0.9971239192586273,6.613090062781493,0.004443266484631736,0.1203106588840869,0.9819988057225806,0.0,0.0,0.0,0.0,False,1366.968323064369,2.0018505023228377,1440,2023-04-11,0.1882208646161426,0.9629305741489624,2.545
94,4,300,229.80380073188687,2523.3327687887027,2397.166130349263,2421.783440561528,0.9898350489147959,24.617310212264904,0.0958647787579098,0.18132613380407836,0.9859222060059821,0.0,0.0,0.0,0.0,False,1058.2273896803981,1.7203952326585645,1440,2023-12-11,0.1872797602930619,1.0425691149964502,2.541
95,4,300,322.23985501512294,2662.261731694951,2529.1486451101864,2531.0043187246074,0.9992668232129465,1.8556736144214685,0.12741040572610712,0.17129834854727155,0.9892170408318149,0.0,0.0,0.0,0.0,False,1088.260578325087,1.6017778446166635,1440,2023-10-25,0.18634336149159655,0.9729795961602553,2.352
96,4,300,29.51568588998379,2661.9771106706708,2528.8782551371446,2534.433742580634,0.9978079965752695,5.55548744348897,0.011671453866956958,0.1402484096619428,0.9510127625349093,0.0,1.0416666666666667,26.786290468575874,0.0,False,1607.9869285082527,3.3206367926382803,1485,2023-07-05,0.1854116446841386,0.9408041912289107,2.602
97,4,300,206.05545049007335,2666.3277034628786,2533.011318289734,2554.7946766666664,0.9914735385289929,21.78335837693259,0.08134801806933895,0.1685891341280698,0.9842116707992793,0.0,0.0,0.0,0.0,False,1183.406113135326,1.9097669059415936,1440,2023-01-07,0.18448458646071791,0.9863613123484611,2.495
98,4,300,287.3697688285547,2737.1737243755065,2600.3150381567184,2610.647128888889,0.9960423258211202,10.332090732170293,0.11051344341424957,0.1468462054989214,0.973921356855259,0.0,0.0,0.0,0.0,False,1589.1591840205597,2.3047313785404047,1440,2023-01-11,0.1835621635284143,0.9620279587122187,2.528
99,5,300,80.5602407798717,2759.8938117257376,2621.899121139435,2635.687,0.9947687722933092,13.78787886056517,0.03072591166088096,0.14404778906679067,0.9700671995524549,0.0,0.0,0.0,0.0,False,1536.336140635439,2.2834537985048318,1440,2023-03-30,0.18264435271077226,0.993053408512405,2.448
100,5,271,194.81519056429087,2331.214449537856,2214.653727060965,2226.085668888889,0.9948645544114977,11.431941827923609,0.08796643384192945,0.15947321408521292,0.9510093051125431,0.0,1.0416666666666667,38.879657525544445,0.0,False,1387.154763670595,3.461589822841807,1457,2023-09-08,0.18173113094721838,1.0268278950499021,2.497
101,5,167,117.28656234138735,1166.2721819263604,1107.9585728300399,1112.6386992801629,0.9957936691819628,4.680126450122963,0.10585825609147485,0.1857090947675616,0.9971962540453951,0.0,0.0,0.0,0.0,False,506.16033237161264,1.4918564984393186,1440,2023-04-16,0.18082247529248227,1.0219378885351103,2.37
102,5,139,102.39737618828372,1289.4093004709982,1224.938835447454,1225.29,0.9997134029066214,0.35116455254578627,0.08359386871008895,0.1555303620497913,0.9802004921899939,0.0,0.0,0.0,0.0,False,731.4213402228347,2.169990822216806,1440,2023-09-15,0.1799183629160199,0.9610214910837317,2.603
103,5,174,67.44701025531177,1517.1060977857246,1441.2507928964344,1444.6926688888889,0.997617572189176,3.4418759924544426,0.046797552922601154,0.1461754000297154,0.9550540800871776,0.0,0.0,0.0,0.0,False,916.995415962174,3.274885259995015,1440,2023-08-15,0.1790187711014398,0.9809050669992339,2.431
104,5,194,230.91498690769788,1783.1026216400426,1693.94749055805,1697.235148745519,0.9980629330061312,3.2876581874691304,0.13631767702057032,0.17458135925976778,1.0014712875980318,0.0,0.0,0.0,0.0,False,598.162885537532,1.2740749226051917,1440,2023-02-09,0.1781236772459326,1.0200840741743167,2.453
105,5,267,-61.01227689282751,2126.6757045698073,2020.3419193413047,2025.8310230197087,0.9972904434693561,5.48910367840409,-0.030198985779951268,0.14415088940687218,0.9657657745337731,0.0,0.0,0.0,0.0,False,1218.221214174213,2.9222734086628765,1440,2023-06-11,0.17723305885970292,0.9902051016452795,2.442
106,5,201,228.01478183110646,1844.324310701115,1752.1080951660733,1758.5140000000001,0.9963572056668717,6.4059048339267335,0.13013739418257417,0.13257890416628726,0.9946541466967951,0.0,0.0,0.0,0.0,False,962.9806921211755,1.4562503310338188,1440,2023-02-08,0.1763468935654044,1.0360414128280764,2.416
107,5,136,34.74342664659928,1439.1774993231327,1367.2186243569872,1368.6470000000002,0.9989563593512331,1.4283756430128183,0.025411756413821065,0.09410455058934541,1.0026487320596267,0.0,0.0,0.0,0.0,False,539.7398327702299,1.2526796697128066,1440,2023-10-15,0.17546515909757737,1.1015398840952864,2.419
108,5,180,158.9891719780389,1566.522535039351,1488.1964082873967,1492.7824158333333,0.9969278794435849,4.586007545936581,0.10683346035017129,0.15042213311131677,0.9863255207593248,0.0,0.0,0.0,0.0,False,1061.9163764169607,1.6542083273253783,1440,2023-03-21,0.1745878333020895,1.243877011448859,2.415
109,5,228,167.98913120790388,1841.5877898617332,1749.5084003686588,1758.0349188888888,0.995149972034902,8.526518520229875,0.09602076284543988,0.1727205450718149,0.9868974783960579,0.0,0.0,0.0,0.0,False,830.2807846109006,1.9156328137377923,1440,2023-03-18,0.17371489413557906,1.2363269251278146,2.418
110,5,267,23.937572653837435,2463.1472587116386,2339.9898957760397,2351.919011111111,0.9949279225693083,11.929115335071595,0.01022977607597691,0.19725842227274978,0.9837597924504847,0.0,0.0,0.0,0.0,False,1076.6492596926034,1.9574811868953648,1440,2023-12-31,0.17284631966490113,1.1825943225042923,2.353
111,5,251,151.82320651329795,1872.4283695995964,1778.8069511196225,1793.4166941338108,0.9918536818230943,14.60974301418817,0.08535114303310817,0.1926384231125544,0.9907437513287736,0.0,0.0,0.0,0.0,False,831.4063167038083,1.5637358588090278,1440,2023-10-10,0.17198208806657664,1.0857619894497803,2.395
112,5,299,260.78652908712434,2592.0824231920046,2462.478302032393,2477.417436143962,0.9939698760920884,14.939134111568546,0.10590409217895873,0.15444964608313053,0.9671287470920059,0.0,0.0,0.0,0.0,False,1235.12264738477,2.546936199747394,1440,2023-10-09,0.17112217762624377,1.0188282000029727,2.485
113,5,154,233.6618799924574,1296.8069042805553,1231.9665590665302,1238.1905564784856,0.9949733121615327,6.223997411955275,0.1896657650914686,0.17190596782728867,0.999079076008356,0.0,0.0,0.0,0.0,False,560.426601173313,1.362502902403635,1440,2023-01-20,0.17026656673811255,1.0515739956061028,2.337
114,5,279,184.9367411513153,2250.543405075677,2138.0162348218955,2164.297352583626,0.9878569745832949,26.28111776173026,0.08649922210095902,0.22833306534545592,0.9978936633753602,0.0,0.0,0.0,0.0,False,649.6422776724269,1.3536142496577377,1440,2023-12-18,0.16941523390442195,1.0407714258600942,2.4
115,5,129,99.07830498158225,1233.69758884034,1172.0127093983226,1172.4480362843447,0.9996287026183253,0.4353268860218491,0.0845368861507024,0.12705562545327673,0.9565406792707631,0.0,0.0,0.0,0.0,False,658.7288650195997,3.447803063776412,1440,2023-08-21,0.16856815773489983,0.9065731022560468,2.458
116,5,221,292.18288072411144,2159.0578753532923,2051.104981585625,2061.7929999999997,0.994816153506014,10.68801841437526,0.1424514509726542,0.16152160273608426,0.9988308612557031,0.0,0.0,0.0,0.0,False,856.2448944333246,1.3468107047225155,1440,2023-11-28,0.16772531694622533,1.0256720298629391,2.518
117,5,169,69.58274098586948,1679.8242215225969,1595.8330104464605,1611.6452096774165,0.9901887840226815,15.812199230955928,0.04360277079768049,0.20320979405798845,0.9556729415567607,0.0,0.0,0.0,0.0,False,500.1102456858469,3.4412286620954324,1440,2023-08-20,0.16688669036149426,1.0470499417894725,2.544
118,5,156,188.0997717202768,1293.7137822443558,1229.0280931321188,1238.085,0.9926847454997991,9.056906867881297,0.1530475770012007,0.18505697629605594,1.0029065462611055,0.0,0.0,0.0,0.0,False,434.04884353851617,1.2075018554512942,1440,2023-01-09,0.16605225690968675,0.9722777607196103,2.525
119,5,238,-87.88876092829823,1933.6906043070755,1837.006074091735,1855.833646353042,0.9898549246058203,18.827572261307377,-0.04784347867317357,0.20280670657039443,0.9599862256148781,0.0,0.0,0.0,0.0,False,709.772595129737,3.1861248765985533,1440,2023-07-30,0.1652219956251383,0.9531433661251694,2.361
120,5,175,70.04865261645477,1764.471435123791,1676.2478633675996,1698.335,0.9869948292696079,22.087136632400227,0.04178895863033424,0.19939813464950987,0.9841906317464958,0.0,0.0,0.0,0.0,False,635.6815284772965,1.9628452286696612,1440,2023-12-26,0.16439588564701263,0.8986461085175521,2.419
121,5,221,188.4044163097759,2025.9405511711323,1924.6435236125765,1935.03125,0.9946317526461531,10.387726387423772,0.09789055167792257,0.18318399747148292,0.9881143697581276,0.0,0.0,0.0,0.0,False,977.598045265747,1.7073607014039063,1440,2023-11-12,0.16357390621877757,0.862577253924929,2.578
122,5,167,121.96686273809868,1520.7702784188857,1444.7317644979473,1450.7848325,0.9958277286428326,6.05306800205263,0.08442180461124067,0.18489914730742618,0.9953186640938626,0.0,0.0,0.0,0.0,False,825.1391916341713,1.4432180538216617,1440,2023-02-26,0.16275603668768368,0.8702340721689156,2.512
123,5,147,171.12714653123209,1275.4845200306313,1211.7102940290904,1244.646508611111,0.9735376957600808,32.936214582020646,0.14122777315212254,0.21078950247407213,1.0068358008449432,0.0,0.0,0.0,0.0,False,353.91184071889177,1.0534119880494517,1440,2023-01-10,0.16194225650424526,0.8733412397596583,2.43
124,5,255,177.92248088482876,2081.186627205711,1977.127295845427,2027.3924303375147,0.9752070029758768,50.26513449208791,0.08999040236746539,0.20926589107646162,0.9510003302188127,0.0,2.0833333333333335,138.56517266301023,0.0,False,1157.1844317480138,3.98738748823464,1516,2023-06-30,0.16113254522172402,0.8183287173419279,2.433
125,5,198,125.28425328327397,1654.3889393599263,1571.6694923919326,1589.1912347670245,0.9889744280035243,17.521742375091993,0.07971412176016929,0.17424261873691466,0.9619447779433403,0.0,0.0,0.0,0.0,False,777.7321050855815,3.0221504737956484,1440,2023-05-12,0.1603268824956154,0.7772073499286636,2.418
126,5,242,257.14372468450557,2074.090956906623,1970.3864090612838,1991.901,0.9891989657424157,21.514590938716147,0.13050421150997077,0.20686687646622262,0.9909674426510942,0.0,0.0,0.0,0.0,False,938.3962700482327,1.6422754180597194,1440,2023-12-06,0.15952524808313734,0.8226493242082096,2.5
127,5,241,95.38656288008738,1990.232993010501,1890.7213433599754,1932.791210504775,0.9782336204158273,42.0698671447997,0.05044982604923537,0.22987171990583266,0.9694482477799935,0.0,0.0,0.0,0.0,False,476.5844253531453,2.74499394393086,1440,2023-05-14,0.15872762184272163,0.7868861928040578,2.472
128,5,291,51.2224031969075,2300.9195654922487,2185.8735872176217,2207.978206111111,0.9899887513235822,22.1046188934895,0.02343337853407526,0.20748617852439816,0.9761734402812997,0.0,0.0,0.0,0.0,False,1078.615397267852,2.1881214997759155,1440,2023-01-01,0.15793398373350803,0.7061714461183026,2.451
129,5,196,57.21943973164848,1692.5938461913418,1607.964153881765,1628.7257825567488,0.9872528396754471,20.76162867498383,0.03558502196303057,0.20505762390603824,1.0035584604275853,0.0,0.0,0.0,0.0,False,699.9361560722805,1.2601055672288592,1440,2023-11-19,0.15714431381484048,0.6904735308826346,2.432
130,5,159,2.8449554142106575,1333.4367488606335,1266.764911417606,1284.3886419444445,0.9862785064027366,17.62373052683833,0.002245843240974315,0.1693159320933138,1.0018093750606836,0.0,0.0,0.0,0.0,False,450.30191934225866,1.3027194012695056,1440,2023-12-24,0.1563585922457663,0.68300513765919,2.694
131,5,234,213.0461847801436,2435.7099984228,2313.924498501662,2344.2870000000003,0.9870483001875034,30.362501498337885,0.09207136400435606,0.19410456350208025,0.9949869899653652,0.0,0.0,0.0,0.0,False,708.6344096298465,1.487401359305962,1440,2023-01-08,0.15557679928453744,0.7571963484637624,2.547
132,5,289,212.90955960017178,2680.9858009634922,2546.936510915332,2577.452652031061,0.9881603485163221,30.516141115729454,0.08359437256787182,0.18939030354384923,0.9576415081474547,0.0,0.0,0.0,0.0,False,1152.7525059420352,3.3525414853178837,1440,2023-06-27,0.1547989152881148,0.7623090998330302,2.568
133,5,295,146.24841161265996,2671.884136739113,2538.289929902152,2558.0419958870866,0.992278443427945,19.75206598493464,0.057616905732395064,0.20508032076162316,0.9558116489281587,0.0,0.0,0.0,0.0,False,781.5449710726128,3.31489978422894,1440,2023-06-26,0.1540249207116742,0.7773011576593603,2.517
134,5,277,223.79196763351268,2405.829369413468,2285.5379009427875,2307.03365663381,0.9906825131791155,21.49575569102297,0.09791654189641667,0.1925350488439853,0.9858443397327705,0.0,0.0,0.0,0.0,False,829.6163520621496,2.0768519127793588,1440,2023-09-28,0.15325479610811582,0.7545227500032404,2.596
135,5,243,171.5424188504063,2143.0101045909537,2035.8595993614142,2057.0933761081237,0.9896777769092415,21.233776746709655,0.08426043667461834,0.21495425534124576,0.9612625896380071,0.0,0.0,0.0,0.0,False,650.3724844407486,3.038551812817769,1440,2023-08-14,0.15248852212757524,0.7642728696549485,2.603
136,5,188,202.89898840117831,1630.3112146708122,1548.795653937266,1553.8421980047722,0.9967522158466373,5.046544067506266,0.13100436321949852,0.17155262462815882,0.9975818212338681,0.0,0.0,0.0,0.0,False,754.2083363383889,1.3752197456943955,1440,2023-03-06,0.15172607951693737,0.7220029983152797,2.584
137,5,190,38.39902210688727,1531.4761386317064,1454.9023317001192,1467.90225,0.9911438801188016,12.999918299880347,0.026392852131879037,0.18592398762890014,0.9742558662132139,0.0,0.0,0.0,0.0,False,741.8706189959883,2.615250213215601,1440,2023-10-01,0.15096744911935267,0.785093057580928,2.636
138,5,127,119.58675288739953,1209.9709446688078,1149.4723974353553,1153.6659999999995,0.996364976895701,4.193602564644243,0.10403621100795064,0.1645164832147191,1.0035202416813953,0.0,0.0,0.0,0.0,False,587.1045465684869,1.2797846843239868,1440,2023-12-14,0.15021261187375592,0.8046519070103707,2.541
139,5,153,48.42115639329509,1166.6945534923475,1108.3598258177235,1112.5846621863793,0.9962026832543661,4.224836368655476,0.04368721715221952,0.15526614415165974,0.9608857737530682,0.0,0.0,0.0,0.0,False,739.7968231651306,3.23047018734534,1440,2023-06-26,0.14946154881438714,0.8691696721043871,2.658
140,5,180,173.67940844625772,1405.8052400432578,1335.514978041092,1336.9446720579408,0.9989306258914604,1.4296940168486454,0.13004676944994462,0.10441972271861856,0.9944226654172091,0.0,0.0,0.0,0.0,False,798.8563854926626,1.4781519054534513,1440,2023-02-28,0.1487142410703152,0.9433713229107481,2.494
141,5,182,181.0321172043594,1915.4056894061914,1819.635404935883,1822.1918175029812,0.9985970672557396,2.5564125670982287,0.0994881264198848,0.15012939073631373,0.9860744844056482,0.0,0.0,0.0,0.0,False,801.8112539839872,1.924139083996808,1440,2023-09-14,0.14797066986496363,1.1193737845725964,2.682
142,5,224,317.9154105252326,2203.0230223719777,2092.871871253388,2097.039234767025,0.9980127393686555,4.167363513636762,0.15190390529489894,0.17030909473446365,0.978704665159944,0.0,0.0,0.0,0.0,False,1039.8922054632685,2.2903832365506633,1440,2023-01-02,0.1472308165156388,1.1621080147263299,2.559
143,5,212,-82.1523330557336,1930.1546377455984,1833.6469058583161,1842.9394335304655,0.9949577682787176,9.29252767214934,-0.04480270045081484,0.1778872241309488,0.9590278612286276,0.0,0.0,0.0,0.0,False,630.009239650529,3.052286842251988,1440,2023-07-30,0.1464946624330606,1.153384595316664,2.516
144,5,245,174.71536207619837,2274.355134126605,2160.6373774202784,2167.5304997013136,0.9968198268573453,6.8931222810352715,0.0808628805101956,0.16988445460325974,0.9636016771145639,0.0,0.0,0.0,0.0,False,811.9564862650274,3.0434867670570993,1440,2023-06-07,0.1457621891208953,1.1308396139101162,2.561
145,5,281,176.3776392509097,2568.334936641713,2439.918189809618,2444.6225806362,0.9980756167173431,4.704390826581991,0.07228834146470792,0.16034701711803317,0.9537466921185651,0.0,0.0,0.0,0.0,False,1236.4773940081718,3.3546240127036056,1440,2023-06-05,0.14503337817529083,1.1319154990156308,2.528
146,5,278,137.29557757887954,2163.5681880537772,2055.3897786510825,2058.0269275,0.9987186033313368,2.6371488489176107,0.06679783027284698,0.15650786810100611,0.9901778788206468,0.0,0.0,0.0,0.0,False,627.7828984638031,1.6045880791227778,1440,2023-01-15,0.14430821128441437,1.1557412187116394,2.5
147,5,260,252.08670643727993,2445.6053310230395,2323.325064471879,2330.610482440261,0.9968740302065605,7.285417968381792,0.10850255536436629,0.12893094927768703,0.9775033168147502,0.0,0.0,0.0,0.0,False,1354.3365726725365,1.9924706143809137,1440,2023-04-17,0.1435866702279923,1.1854225289008555,2.527
148,5,296,102.67103076176525,2556.8526021823072,2429.0099720732223,2436.419011111111,0.9969590456304518,7.409039037888886,0.042268674045060795,0.17128682549298405,0.9898194821421104,0.0,0.0,0.0,0.0,False,1043.829848487389,1.7252583417976228,1440,2023-04-23,0.14286873687685234,1.273390250999646,2.581
149,5,177,257.47125621916,1678.8415341317907,1594.899457425203,1595.2256367323741,0.9997955277926456,0.32617930717118504,0.16143416126983967,0.15245644397612146,0.9916721995808899,0.0,0.0,0.0,0.0,False,802.7949740335173,1.5223681233804343,1440,2023-02-02,0.14215439319246806,1.252017159730376,2.558
150,5,284,223.9094813749909,2567.9788554757506,2439.579912701982,2442.6496272222225,0.9987432849615311,3.069714520240934,0.09178198271316214,0.13360139229701085,0.9576942512242815,0.0,0.0,0.0,0.0,False,1186.1680788388458,3.2242244215732936,1440,2023-09-08,0.14144362122650572,1.2787227038532514,2.708
151,5,287,-98.36824135955328,2628.6617365835586,2497.228649754399,2519.3548325,0.9912175202713923,22.126182745600552,-0.039390963005821567,0.20090620579586177,0.9510015992108656,0.0,0.5555555555555556,7.868407921549474,0.0,False,1062.612595014163,3.3889145147109616,1459,2023-07-30,0.1407364031203732,1.3448881832307444,2.637
152,5,160,150.34537489467627,1591.7642696551818,1512.1760561724186,1522.1747980525681,0.9934312787907528,9.998741880149645,0.09942319499174365,0.21420079032336273,0.9510432670854769,0.0,0.1388888888888889,0.5731580832811576,0.0,False,396.3074922413265,3.6665579224162292,1444,2023-08-29,0.14003272110477133,1.2497046667454739,2.677
153,5,205,227.63328153260588,1871.4336067678373,1777.8619264294464,1781.9198333333334,0.9977227331847494,4.057906903886931,0.12803766037656883,0.15398649131076167,0.9880567523638725,0.0,0.0,0.0,0.0,False,835.6996049963127,1.798626582014578,1440,2023-02-10,0.13933255749924747,1.1435997280805872,2.594
154,5,223,92.94775258962265,1925.628669044623,1829.34723559239,1836.5681533124248,0.9960682549640147,7.220917720034603,0.05080924538611379,0.18018617676678073,0.9525412409728794,0.0,0.0,0.0,0.0,False,911.5233392167386,3.313408556555069,1440,2023-08-15,0.13863589471175125,1.193487910410862,2.578
155,5,245,-3.224257636801656,2118.158235775403,2012.2503239866276,2021.5009841696512,0.9954238656050799,9.250660183023804,-0.001602314383239271,0.19551955631898593,0.9601292786338976,0.0,0.0,0.0,0.0,False,801.3209984082994,3.2405056902311484,1440,2023-05-26,0.1379427152381925,1.176749839433501,2.562
156,5,246,-58.703516554234426,2107.554117020045,2002.176411169045,2009.7120562246073,0.9962503857046474,7.535645055562249,-0.029319852250161215,0.16607186816725805,0.9664272190107606,0.0,0.0,0.0,0.0,False,1018.9901935673684,2.670587962872009,1440,2023-05-13,0.13725300166200152,1.1298499698208113,2.498
157,5,139,100.1212258992682,1283.6780770931948,1219.4941732385432,1226.7469999999998,0.9940877566756172,7.252826761456985,0.0821006185157751,0.18576825271628247,0.9886979903927408,0.0,0.0,0.0,0.0,False,537.2723570153913,1.8340486354461616,1440,2023-10-08,0.1365667366536915,1.1588113946560983,2.497
158,5,206,271.612645588013,1854.7898066406813,1762.0503163086473,1765.4282061111112,0.9980866456133582,3.37788980246366,0.1541457942909482,0.1625478839586931,0.9938458164063182,0.0,0.0,0.0,0.0,False,865.8025839297156,1.4873298413543325,1440,2023-02-07,0.13588390297042305,1.13936007588066,2.55
159,5,138,150.36637593055332,1131.5096534610068,1074.9341707879612,1082.26,0.993230989584722,7.325829212038709,0.13988426455950317,0.1650534859574541,1.0017643278117272,0.0,0.0,0.0,0.0,False,576.0121696818861,1.198010547374799,1440,2023-11-21,0.13520448345557096,1.1767564379290711,2.472
160,5,293,16.142885012325507,2643.6912369887714,2511.5066751393397,2524.12375782258,0.9950014009241273,12.617082683240444,0.006427570020864026,0.20809639713121497,0.9787565758115976,0.0,0.0,0.0,0.0,False,971.1993884607917,2.211891251755411,1440,2023-03-25,0.13452846103829308,1.202908528872653,2.466
161,5,156,126.30635295663524,1226.4192137456569,1165.0982530583683,1173.8944405615275,0.992506832642506,8.796187503159443,0.10840832747374107,0.20929343316718196,1.001336026804616,0.0,0.0,0.0,0.0,False,456.79551229630704,1.2215480066007607,1440,2023-12-14,0.13385581873310162,1.128730977188684,2.453
162,5,201,114.3177349382926,1761.6917218807807,1673.6071357867438,1699.109,0.984991036941564,25.5018642132562,0.06830619474178636,0.22883044491715446,0.9989646852963626,0.0,0.0,0.0,0.0,False,555.5661223165998,1.3330611692077747,1440,2023-12-27,0.1331865396394361,1.0662907849040222,2.493
163,5,280,151.2212058639114,2293.476505032242,2178.802679780639,2206.7125988679804,0.9873522636787143,27.909919087340867,0.06940564525059988,0.20300475638121115,0.9685480953820116,0.0,0.0,0.0,0.0,False,856.0767793441025,2.870243867862965,1440,2023-05-19,0.13252060694123893,0.9719156829804958,2.568
164,5,214,171.98903277778032,1844.5671127792289,1752.3387571402632,1780.0042138590143,0.9844576453789551,27.665456718750875,0.09814827873718811,0.2187134736159076,0.9746182369264847,0.0,0.0,0.0,0.0,False,373.4136153273288,2.5954755516438857,1440,2023-09-04,0.13185800390653274,0.9530818784016892,2.516
165,5,243,215.71856637988708,2241.7407571564972,2129.6537192986766,2134.6532733333333,0.9976579081497157,4.999554034656479,0.10129278972683226,0.14471303118225348,0.9792730029885518,0.0,0.0,0.0,0.0,False,1315.8781758507675,2.0147309851718247,1440,2023-02-18,0.13119871388700008,0.9025199831415166,2.616
166,5,210,227.0388696277098,1779.1654857775313,1690.207211488669,1694.4384405615278,0.9975028723548925,4.2312290728587705,0.13432605664233485,0.17663817253142233,0.9993104597611783,0.0,0.0,0.0,0.0,False,640.9648069394727,1.286151030748877,1440,2023-02-08,0.13054272031756506,1.0276357887283047,2.564
167,5,273,198.4754245146555,2307.617297018771,2192.2364321678365,2203.2164274193547,0.9950163791832384,10.979995251518014,0.0905355926041194,0.1867645015263721,0.9815706144329569,0.0,0.0,0.0,0.0,False,1296.0942227308042,1.9190806330491395,1440,2023-03-15,0.12989000671597725,1.0586612136029927,2.397
168,5,227,201.93716881565612,1901.88476934796,1806.7905308805744,1814.6402296893662,0.9956742396204147,7.84969880879186,0.11176567807073802,0.18112741884055011,0.9951103612218822,0.0,0.0,0.0,0.0,False,843.8185257507469,1.5324372497890273,1440,2023-02-01,0.12924055668239737,1.0618654046375349,2.459
169,5,236,57.93569237369939,1999.7222535025978,1899.7361408274755,1904.4549275,0.99752223767316,4.718786672524322,0.030496704846844736,0.19823378062671582,0.9630814187629338,0.0,0.0,0.0,0.0,False,958.1394419757769,3.0670742882449913,1440,2023-08-12,0.12859435389898535,1.0777739684319498,2.477
170,5,202,78.37026893766492,1586.1291095638753,1506.8226540856967,1518.9595307646352,0.9920097432267805,12.136876678938524,0.05201028052317019,0.16833180542548043,0.9781068027358224,0.0,0.0,0.0,0.0,False,860.0460231728823,2.4226459699043885,1440,2023-10-04,0.12795138212949045,1.052955134506581,2.574
171,5,193,228.2611225053432,1795.2704122994428,1705.506891684487,1719.97574508064,0.991587757305569,14.468853396152873,0.13383770163478806,0.16985204152250016,0.9972937981325078,0.0,0.0,0.0,0.0,False,668.7364455022583,1.3321857230779477,1440,2023-01-10,0.12731162521884298,1.10046782253773,2.495
172,5,227,6.650250439315601,1935.168484562142,1838.4100603340357,1859.4851378345265,0.9886661758829469,21.075077500490625,0.0036173923232922594,0.18024754483268812,0.9510316462280096,0.0,0.1388888888888889,0.5773730686566815,0.0,False,1057.906202065048,3.579228677458585,1444,2023-06-03,0.12667506709274878,1.1366408514730806,2.541
173,5,213,132.23908300958743,1705.0641160131502,1619.8109102124981,1636.5545230555556,0.9897689856297631,16.743612843057235,0.08163859261340534,0.20257527539800393,0.9875038272586389,0.0,0.0,0.0,0.0,False,665.3327272410394,1.9504459228526811,1440,2023-10-08,0.12604169175728502,1.1436967900973132,2.596
174,5,262,50.141493707563804,2067.24173654556,1963.8796497182766,1971.8087105555555,0.9959787880057367,7.929060837278948,0.025531856656672788,0.16876443320435616,0.9688934308964688,0.0,0.0,0.0,0.0,False,1151.492570394967,2.69808111771312,1440,2023-10-07,0.1254114832984986,1.1000917699831045,2.524
175,5,227,178.15767723168082,1966.0084813514932,1867.7080572839145,1877.0118730495815,0.995043283476651,9.303815765667043,0.09538839677693732,0.18140666096917582,0.9513530941295997,0.0,0.0,0.0,0.0,False,980.0378791011285,3.406019857381761,1440,2023-08-18,0.12478442588200611,1.1411533850575446,2.477
176,5,205,206.29805493752647,1886.8186354072677,1792.477703636901,1804.7184274193542,0.9932173775163604,12.240723782453667,0.1150910019795236,0.19932985363523972,0.9948670114499588,0.0,0.0,0.0,0.0,False,786.9238990402432,1.5652645436152248,1440,2023-10-27,0.12416050375259607,1.147119442986035,2.603
177,5,276,150.0875567772675,2294.2391733730874,2179.5272147044107,2208.2174555555557,0.9870075110678233,28.690240851144438,0.06886243758035501,0.21338717804744628,0.9675675294201924,0.0,0.0,0.0,0.0,False,894.9607605175851,2.885912010652617,1440,2023-06-18,0.12353970123383311,1.1124947727817245,2.678
178,5,158,92.02595247235674,1368.4754511645963,1300.0516786063622,1305.0197825567489,0.9961930815020648,4.968103950386526,0.07078638025451982,0.1995452011244851,0.9961065525621783,0.0,0.0,0.0,0.0,False,508.1750507048496,1.4831790508862353,1440,2023-04-21,0.12292200272766393,1.0531995640090492,2.518
179,5,199,96.6660463597622,1575.5192839802091,1496.7433197811938,1504.383536672637,0.9949213636647861,7.640216891443444,0.06458425107512332,0.17340122151513712,0.9879907042072397,0.0,0.0,0.0,0.0,False,916.0052689462182,1.6666633505943775,1440,2023-02-25,0.1223073927140256,1.0362384861651994,2.452
180,5,207,277.4344809420085,1886.486873901861,1792.162530206769,1799.2465020250893,0.9960628119547004,7.083971818320138,0.1548043083514305,0.20610643132178894,1.0003740039693634,0.0,0.0,0.0,0.0,False,502.70325869112696,1.3417457632740275,1440,2023-01-09,0.12169585575045548,1.0815163179549283,2.473
181,5,281,203.91335426058205,2259.3942525259868,2146.424539899681,2158.129923297487,0.9945761451748368,11.705383397805853,0.09500140837474422,0.1871137389885684,0.9940424045287573,0.0,0.0,0.0,0.0,False,709.9589971679575,1.371314404815032,1440,2023-01-08,0.1210873764717032,1.045481800245988,2.477
182,5,199,160.15716822556118,1847.7395219824411,1755.3525458833105,1764.8434405615276,0.9946222455430963,9.49089467821716,0.09123931748136015,0.2077434883015804,0.9737841245495543,0.0,0.0,0.0,0.0,False,729.869775481977,2.5690530499219695,1440,2023-10-05,0.12048193958934468,1.0590824222624926,2.495
183,5,231,289.67310759678895,1987.7375883723705,1888.3507089537588,1899.8854917234162,0.9939286957977694,11.534782769657191,0.1534000576393367,0.20319548082072372,0.9786585104829664,0.0,0.0,0.0,0.0,False,943.1853247514503,2.2200291639748,1440,2023-01-02,0.11987952989139797,1.0241902969719907,2.506
184,5,133,86.84219174311652,1316.8925574578539,1251.0479295849723,1269.2875232974864,0.9856300535712118,18.23959371251438,0.069415559299895,0.19745662812751832,0.9994476513603127,0.0,0.0,0.0,0.0,False,526.7206310049912,1.3076009782450138,1440,2023-12-27,0.11928013224194098,1.0061224391564376,2.484
185,5,270,-40.334976434374425,2241.6148629071663,2129.534119761799,2154.294399641577,0.9885065477198022,24.760279879777848,-0.018940751434819054,0.2192775491760978,0.9787623741318942,0.0,0.0,0.0,0.0,False,861.183391929738,2.4365556256333285,1440,2023-05-21,0.11868373158073126,1.0044207974226713,2.566
186,5,200,192.06956455269125,1839.9038349802065,1747.9086432312006,1762.3383016666667,0.9918122085743584,14.429658435466191,0.10988535659256746,0.22601056347624598,0.9918139917989649,0.0,0.0,0.0,0.0,False,719.5992687991916,1.6102392494844167,1440,2023-03-19,0.11809031292282761,0.9540895802699786,2.583
187,5,210,173.837312434892,1588.4954265337917,1509.070655207101,1524.52,0.989866092414072,15.449344792898861,0.11519494586622586,0.22596349886243713,0.9609150722755243,0.0,0.0,0.0,0.0,False,689.3702462700772,3.223537664680665,1440,2023-06-22,0.11749986135821347,0.897711446913686,2.608
188,5,137,134.7649693349813,1133.8162717864361,1077.1254581971084,1096.348399641577,0.9824663934833552,19.22294144446848,0.12511538772888237,0.25422776946657816,0.993296640447274,0.0,0.0,0.0,0.0,False,251.003146849023,1.6359682052063622,1440,2023-10-31,0.11691236205142241,0.8514143074359095,2.729
189,5,245,246.0586164547656,2444.5223755452002,2322.2962567679424,2363.557199653524,0.9825428625583379,41.26094288558135,0.105954877952229,0.23712346019826455,0.9876074085123938,0.0,0.0,0.0,0.0,False,1038.0607424854607,1.6861938321710146,1440,2023-03-21,0.11632780024116529,0.749483812051249,2.625
190,5,234,217.45669883529763,2226.748862547244,2115.4114194198783,2142.0747090083573,0.9875525865291493,26.663289588479003,0.102796409643535,0.23514621577237702,0.9815750856773588,0.0,0.0,0.0,0.0,False,792.1985830868102,2.0560316697004226,1440,2023-09-28,0.11574616123995946,0.7037127231238975,2.473
191,5,181,257.76033992406997,1675.7971970108379,1592.0073371602932,1639.5059999999999,0.9710286739788042,47.49866283970681,0.1619090150575839,0.26952997843246973,0.9992698997482747,0.0,0.0,0.0,0.0,False,544.2228873102918,1.2965734346107982,1440,2023-02-07,0.11516743043375967,0.66968847893035,2.531
192,5,259,223.35018206246036,2476.224983308684,2352.413734143257,2432.0524633482673,0.9672545183933369,79.63872920501116,0.09494511055632988,0.27020039150624625,0.9931293931631967,0.0,0.0,0.0,0.0,False,752.854203453064,1.7242036655669497,1440,2023-03-16,0.11459159328159088,0.5633483068016846,2.582
193,5,214,52.05710039571766,1844.5978077416935,1752.3679173546238,1800.024,0.9735247515336595,47.65608264537598,0.02970671848084454,0.25762052804721286,0.9979965567722419,0.0,0.0,0.0,0.0,False,330.2949368046936,1.4648852327084838,1440,2023-11-04,0.11401863531518291,0.4732912407611315,2.456
194,5,130,110.54397505571968,1187.3531504768412,1127.9854929529909,1150.969,0.9800311676100667,22.98350704700931,0.0980012382662147,0.25104329143653437,0.9905740629421415,0.0,0.0,0.0,0.0,False,382.3130649433639,1.8412130733235712,1440,2023-09-22,0.113448542138607,0.4260402611362018,2.568
195,5,159,167.19180837679698,1315.185873113616,1249.4265794579337,1269.8907135603276,0.983885121858227,20.46413410239375,0.1338148324404412,0.23730185776305407,1.0097934820069885,0.0,0.0,0.0,0.0,False,383.54827165972017,0.8919072296614343,1440,2023-10-25,0.11288129942791396,0.4001572334079241,2.679
196,5,166,138.67086293546436,1546.6934247224533,1469.3587534863368,1519.0063996415768,0.9673157096856506,49.647646155240054,0.09437508886542582,0.2595836202417664,0.9924473483530857,0.0,0.0,0.0,0.0,False,359.5391760874535,1.7700605644604595,1440,2023-10-10,0.11231689293077439,0.4078168724188058,2.613
197,5,138,34.15575330205193,1241.8683895805552,1179.774970101529,1196.344,0.9861502796031317,16.569029898470912,0.02895107471140242,0.23037750039723112,0.9599559686265613,0.0,0.0,0.0,0.0,False,323.84922562929114,3.227036618187812,1440,2023-08-13,0.11175530846612053,0.3619455251622558,2.615
198,5,210,247.30743665520538,1724.1065733023918,1637.9012446372592,1669.789,0.9809031228719672,31.88775536274092,0.15099044430482483,0.22758284940613507,1.0030228509674672,0.0,0.0,0.0,0.0,False,433.61805109768386,1.127656662298346,1440,2023-01-26,0.1111965319237899,0.3879830359951318,2.619
199,5,126,108.38083335992482,1107.0487197371954,1051.6962837503386,1057.902569722222,0.9941334049566463,6.206285971883723,0.10305335773693128,0.20390659416332194,0.9984944982027597,0.0,0.0,0.0,0.0,False,515.3756759989933,1.4117470063854225,1440,2023-01-04,0.11064054926417097,0.4135821343715372,2.62
200,5,214,108.76991485442208,1839.1835909015956,1747.224411356513,1758.0716260453996,0.9938300496247208,10.847214688886448,0.062252973428854004,0.2108184287868547,0.9566762239265498,0.0,0.0,0.0,0.0,False,896.5686796780635,3.2259701520858326,1440,2023-08-01,0.11008734651785011,0.4859538448986843,2.73
201,5,247,-41.41952595110863,2189.2965958059654,2079.8317660156736,2101.505886863799,0.9896863858513997,21.674120848125145,-0.019914844377271857,0.2280758427666927,0.9668215800969032,0.0,0.0,0.0,0.0,False,1067.5786108842365,2.967419922580761,1440,2023-06-11,0.10953690978526086,0.5281042557092872,2.68
202,5,224,211.7424320796209,2065.7562505722976,1962.4684380436784,1984.6059999999998,0.9888453617713937,22.137561956321576,0.10789596814647379,0.22658286747951487,0.9950580388187813,0.0,0.0,0.0,0.0,False,803.2939340671364,1.548493479694597,1440,2023-10-20,0.10898922523633456,0.5224544814637913,2.642
203,5,202,73.93828913933218,1902.4890658969969,1807.3646126021445,1823.4942114695336,0.9911545653581261,16.129598867389067,0.04090944827833045,0.21081559552503093,1.0010441029274693,0.0,0.0,0.0,0.0,False,525.6163786053431,1.1244048122217427,1440,2023-12-23,0.10844427911015289,0.5198900643252102,2.588
204,5,168,104.422993114259,1369.6705139277233,1301.1869882313313,1309.0200746714454,0.9940160685143961,7.8330864401139895,0.0802521037012508,0.20398437047579926,0.9664357946187278,0.0,0.0,0.0,0.0,False,602.2684357678263,2.7834827456235596,1440,2023-05-12,0.10790205771460211,0.5519857491379583,2.58
205,5,282,78.47722080417135,2353.1671246763385,2235.5087684425303,2253.3484269384708,0.9920830448222433,17.839658495940036,0.03510485931077162,0.2108557459000138,0.9619831397035495,0.0,0.0,0.0,0.0,False,1060.4618191738411,3.1512534609785963,1440,2023-08-12,0.10736254742602912,0.5924917735726765,2.508
206,5,178,129.1609535719307,1535.2319360889105,1458.4703392844617,1462.7802905555554,0.9970535894563791,4.3099512710936425,0.08855919115591901,0.19471528193146492,0.9670148563646029,0.0,0.0,0.0,0.0,False,736.1286144664441,2.7376808804712387,1440,2023-09-08,0.10682573468889896,0.6092367798921783,2.603
207,5,271,439.95687143485344,2379.4245456283197,2260.4533183469234,2267.95017636798,0.9966944344284219,7.496858021056951,0.19463214208581633,0.19191074543915754,0.9910465569256625,0.0,0.0,0.0,0.0,False,746.2680424088144,1.5678632016196805,1440,2023-01-20,0.10629160601545447,0.6584060415820141,2.609
208,5,200,168.21281772811062,1659.2727691623493,1576.3091307042355,1587.318255,0.9930643245227692,11.009124295764554,0.10671308974335476,0.19332452294742472,0.9897031665576791,0.0,0.0,0.0,0.0,False,596.7519864619092,1.6724402910209761,1440,2023-11-10,0.1057601479853772,0.704315893945001,2.489
209,5,189,93.16050997553134,1726.6614596507095,1640.3283866681759,1646.396899363799,0.9963140645503109,6.068512695623043,0.05679381685563483,0.19947822653295308,0.9933938894434794,0.0,0.0,0.0,0.0,False,663.6385443518027,1.5483835517370215,1440,2023-05-01,0.10523134724545032,0.7382672391698317,2.443
210,5,245,101.65743110834273,2132.4086981613254,2025.78826325326,2029.5375964755044,0.9981526170154446,3.7493332222442923,0.05018166654055381,0.19113403637491297,0.964599753392438,0.0,0.0,0.0,0.0,False,945.2242994485405,2.825795427361826,1440,2023-07-25,0.10470519050922306,0.7519162561348861,2.553
211,5,296,14.59240445608138,2443.882685338622,2321.6885510717175,2338.4604036111114,0.9928278227360642,16.771852539393123,0.006285254949181432,0.18521265558599667,0.9808916932523579,0.0,0.0,0.0,0.0,False,1332.75594602548,1.9794048162595923,1440,2023-04-11,0.10418166455667695,0.7816359862358722,2.789
212,5,262,181.0978452100605,2153.915053137198,2046.2193004803364,2056.9830433094367,0.994767218493069,10.763742829100686,0.08850363456524381,0.20187942867898467,0.9725187323951285,0.0,0.0,0.0,0.0,False,928.794602048383,2.4052125623233067,1440,2023-09-29,0.10366075623389356,0.819178175272977,2.59
213,5,227,155.83196605605144,1991.0211767487426,1891.470117911311,1906.8798127240066,0.9919188956168755,15.409694812695655,0.08238669201294685,0.20955386523791336,0.9941959441465408,0.0,0.0,0.0,0.0,False,916.6924630726201,1.631699797587383,1440,2023-12-18,0.10314245245272409,0.812451054264138,2.618
214,5,139,136.18812315992966,1266.446873464216,1203.1245297910102,1211.9427022729985,0.9927239361518908,8.818172481988302,0.11319536738527501,0.19603482504322645,1.0013598649601239,0.0,0.0,0.0,0.0,False,632.890672811718,1.3114091833341979,1440,2023-02-01,0.10262674019046046,0.7897079037655281,2.511
215,5,258,213.05376184840463,2364.3400129964984,2246.123012346658,2255.792698055556,0.9957133979034364,9.66968570889742,0.09485400428973599,0.2030014151290299,0.9676484254544329,0.0,0.0,0.0,0.0,False,991.5540734149199,2.615867265449375,1440,2023-10-05,0.10211360648950817,0.8014535305427902,2.739
216,5,262,236.49865015263939,2268.9568802490126,2155.509036236568,2161.6561308273594,0.997156303214407,6.147094590791097,0.10971823647074869,0.19401275203618276,0.9605646204668685,0.0,0.0,0.0,0.0,False,952.9653398171561,3.075429113554022,1440,2023-06-16,0.10160303845706062,0.7953734630193808,2.673
217,5,193,175.59413535881885,1703.968598095041,1618.770168190284,1621.871,0.9980881144001489,3.1008318097160554,0.10847379004712299,0.20242161065372263,0.9880219115514612,0.0,0.0,0.0,0.0,False,790.4750766438661,1.753451501635475,1440,2023-11-22,0.10109502326477533,0.8105838302031078,2.645
218,5,185,96.01354896484277,1302.1895502175394,1237.0800727066724,1247.1668108273593,0.9919122782669341,10.086738120686848,0.07761304307066372,0.18926328335674317,0.9534161564206536,0.0,0.0,0.0,0.0,False,676.3517763204779,3.547281562293259,1440,2023-07-19,0.10058954814845145,0.8041315544588156,2.563
219,5,155,24.289285761768753,1186.0528805253805,1126.7502364991083,1142.842528052568,0.9859190648243714,16.09229155345988,0.021556938685220302,0.19218019319635835,0.9737927181163737,0.0,0.0,0.0,0.0,False,639.5513890918944,2.6034153527644923,1440,2023-10-14,0.10008660040770918,0.8284548897488994,2.512
220,5,297,252.69124669010102,2547.1506877578836,2419.793153370004,2423.99488,0.998266610765285,4.201726629996121,0.10442679628966729,0.18811013187128314,0.9956861607421065,0.0,0.0,0.0,0.0,False,692.4174855435508,1.621080388352514,1440,2023-04-12,0.09958616740567064,0.841887346673995,2.737
221,5,151,122.83153716879643,1265.2534343541117,1201.9907626364084,1203.7820000000002,0.9985119919025274,1.7912373635916996,0.10219008413956662,0.17744933147610692,1.001778745659499,0.0,0.0,0.0,0.0,False,572.5637817208832,1.2641148682343877,1440,2023-12-13,0.09908823656864228,0.862181940535673,2.601
222,5,209,207.72546287775253,1707.5110940578388,1622.1355393549493,1630.0866269444446,0.9951222913812873,7.951087589495092,0.1280567855386213,0.19616743913668533,0.9989174093476553,0.0,0.0,0.0,0.0,False,704.9853560040733,1.2925321579398006,1440,2023-10-26,0.09859279538579907,0.9029989099205977,2.642
223,5,152,115.93518316057678,1407.806773905588,1337.4164352103037,1346.6505964755047,0.9931428677272568,9.23416126520073,0.08668592676771346,0.1907377943624568,0.9973359861531174,0.0,0.0,0.0,0.0,False,715.2255356766409,1.4991172524073546,1440,2023-03-31,0.09809983140887008,0.8946642766184306,2.636
224,5,262,108.12029665469358,2576.5977670068446,2447.7678786564793,2460.0973886768206,0.9949882024682881,12.329510020340564,0.044170976176890676,0.19103163579289106,0.9916255185344353,0.0,0.0,0.0,0.0,False,912.8969118875016,1.599029952906066,1440,2023-12-23,0.09760933225182573,0.9004048987618769,2.608
225,5,229,190.47734250323103,2091.1377256453666,1986.5808393630887,2003.314973605137,0.9916467782338122,16.734134242048427,0.09588199922651995,0.21628970872621234,0.9639472697479298,0.0,0.0,0.0,0.0,False,883.497694159689,3.0069384239250563,1440,2023-05-15,0.0971212855905666,0.904799363540034,2.601
226,5,148,108.95648005747766,1477.3942587066147,1403.5245457712808,1411.3778104091957,0.9944357459923236,7.85326463791468,0.0776306195611297,0.19525445468448147,0.9983583694957627,0.0,0.0,0.0,0.0,False,550.2131488591801,1.4929956841457572,1440,2023-04-03,0.09663567916261376,0.8519326894729422,2.555
227,5,140,82.22432230731845,1173.1833470373329,1114.5241796854598,1127.4612380555557,0.9885254961027242,12.937058370095711,0.07377527002646433,0.21336437483519186,1.0018339002045524,0.0,0.0,0.0,0.0,False,537.380751929388,1.2823038817391519,1440,2023-04-09,0.0961525007668007,0.8561541863768527,2.485
228,5,137,137.0471159911002,1196.589916321919,1136.7604205058262,1143.1755445041813,0.9943883299208107,6.4151239983551385,0.1205593663527783,0.20668116660198818,0.9957034784574748,0.0,0.0,0.0,0.0,False,468.35104061477466,1.5888934894151006,1440,2023-03-05,0.09567173826296668,0.8190213408266585,2.476
229,5,123,78.97953711802295,1066.8614594803155,1013.5183865063104,1022.4339999999999,0.9912800107452516,8.91561349368931,0.07792610195289358,0.2030981319618882,0.9541812842011886,0.0,0.0,0.0,0.0,False,522.225566673346,3.345648242932664,1440,2023-09-02,0.09519337957165185,0.803684064169452,2.514
230,5,275,268.9290653015984,2386.9586022936955,2267.610672179011,2282.4404820788423,0.9935026520882927,14.829809899831579,0.11859578392404412,0.21257611651460973,0.989830297643396,0.0,0.0,0.0,0.0,False,833.4669202746572,1.7354011843028196,1440,2023-01-04,0.09471741267379359,0.7991420124538123,2.552
231,5,270,190.62231351297388,2204.8719735752425,2094.628374896482,2138.6035338082434,0.9794374421361522,43.97515891176153,0.09100531425885729,0.24612855529406724,0.9549060144413926,0.0,0.0,0.0,0.0,False,482.56635341932935,3.4107083175636626,1440,2023-06-27,0.09424382561042462,0.7740279992395827,2.534
232,5,188,214.64442702159306,1864.142770891795,1770.9356323471811,1775.1878325,0.9976046477589752,4.252200152818952,0.12120396873888939,0.20790069254608665,0.9536226163735771,0.0,0.0,0.0,0.0,False,783.4251271825366,3.558907671834137,1440,2023-08-24,0.0937726064823725,0.6778149955886892,2.524
233,5,137,94.02309567860448,1199.2446788231102,1139.2824448819554,1148.2839999999999,0.9921608634118001,9.001555118044621,0.0825283458908616,0.2034266647780909,0.9820215427100787,0.0,0.0,0.0,0.0,False,634.4202432939195,2.1621254062208557,1440,2023-09-15,0.09330374344996065,0.6845508560862271,2.472
234,5,170,126.6873988086819,1546.499600825636,1469.1746207843564,1484.752,0.9895084302188893,15.577379215643507,0.08623032076408085,0.21508334590229855,0.9845322743438771,0.0,0.0,0.0,0.0,False,702.6884139515078,1.9503849841553098,1440,2023-09-22,0.09283722473271083,0.6996110723349437,2.742
235,5,201,161.35896108202232,1631.438220829649,1549.8663097881708,1565.0410000000002,0.9903039663422049,15.174690211829116,0.1041115353388617,0.21751498583971757,0.9975183731580366,0.0,0.0,0.0,0.0,False,740.506917689383,1.2125361212708137,1440,2023-10-17,0.09237303860904728,0.6852603795655452,2.676
236,5,217,166.22520919582362,2009.5162025107977,1909.0403923852487,1926.127,0.9911290337476442,17.086607614751436,0.0870726517148931,0.21221034035491734,0.9512261499964995,0.0,0.0,0.0,0.0,False,681.423352921671,3.5490733978809668,1440,2023-07-18,0.09191117341600205,0.6675544681957186,2.516
237,5,208,205.77192272433837,1609.3500583670361,1528.8825554486853,1551.8305118787332,0.985212330693082,22.947956430048066,0.13458975118199967,0.2327037942176461,0.9999054645662562,0.0,0.0,0.0,0.0,False,468.49717891874604,1.4018224660279741,1440,2023-01-18,0.09145161754892205,0.6644494421486721,2.555
238,5,231,111.54912313877517,2072.0257857725665,1968.4244964839272,2017.6692508154115,0.9755932473513275,49.244754331484245,0.05666924148628934,0.25251541246705633,0.9743795354451622,0.0,0.0,0.0,0.0,False,428.4358595811344,2.633055082943339,1440,2023-10-01,0.09099435946117741,0.6152446331021493,2.636
239,5,232,214.3867689777891,2145.1288106143256,2037.8723700836044,2054.7511697222226,0.9917854775374577,16.878799638617913,0.10520127370341344,0.21361595139327363,0.9827277674145027,0.0,0.0,0.0,0.0,False,746.5895892993153,2.1409464920220374,1440,2023-09-12,0.09053938766387153,0.5296694550928758,2.611
240,5,233,29.102991195479717,2157.704344618645,2049.819127387728,2065.50620354838,0.9924052146956988,15.687076160652207,0.014197833753541136,0.19181485307422386,0.990167975685623,0.0,0.0,0.0,0.0,False,1100.713342569945,1.8239370760578935,1440,2023-03-13,0.09008669072555218,0.5461073294781151,2.601
241,5,211,182.21703607977526,1979.5312079960315,1880.554647596221,1889.027971615887,0.9955144528577743,8.473324019665856,0.09689536877468055,0.20129947610231946,0.9526354454831829,0.0,0.0,0.0,0.0,False,879.0210953901271,3.6300502045097254,1440,2023-08-28,0.08963625727192442,0.607629302634505,2.571
242,5,200,171.45836060917338,1718.307160390402,1632.391802370889,1636.6039999999998,0.9974262572808629,4.212197629110978,0.10503505369246949,0.18998248198901124,0.9830604159007892,0.0,0.0,0.0,0.0,False,847.9187378200177,2.1625283357211154,1440,2023-09-12,0.08918807598556479,0.6359157366926905,2.62
243,5,289,197.67316296989335,2472.0291439241705,2348.4276867279723,2357.969313034647,0.9959534561141533,9.541626306674166,0.08417255685028492,0.20925686947345393,1.0011282492601097,0.0,0.0,0.0,0.0,False,786.5122602933724,1.3520142148937784,1440,2023-03-22,0.08874213560563697,0.6839431468890663,2.546
244,5,268,214.33022158989516,2247.665008707646,2135.2817582722623,2146.863245878136,0.994605391084826,11.581487605873114,0.10037561589217055,0.19842933028882725,0.9764619178302753,0.0,0.0,0.0,0.0,False,930.7546826505289,2.3489768993469475,1440,2023-04-24,0.08829842492760878,0.6794985791067205,2.54
245,5,255,160.7409818291813,2117.963234523165,2012.0650727970003,2025.4589636170836,0.9933872317036904,13.393890820082905,0.07988856026695645,0.20046079556035923,0.9516288498326201,0.0,0.0,0.0,0.0,False,1012.801423606121,3.428273562055524,1440,2023-07-24,0.08785693280297073,0.6998420445725813,2.546
246,5,129,77.91143116027368,1147.4708152679482,1090.0972745045633,1100.467985065709,0.9905760906251839,10.370710561145742,0.07147199885962795,0.23868659781232657,1.0010091326190027,0.0,0.0,0.0,0.0,False,428.60509193827,1.15988931986248,1440,2023-10-22,0.08741764813895588,0.7116245535698814,2.655
247,5,223,-18.954207430812115,1963.466933828058,1865.2935871366524,1882.0217994115883,0.9911115735852974,16.728212274935828,-0.010161514284680548,0.2217265460540022,0.9612915495536545,0.0,0.0,0.0,0.0,False,863.2026185135783,3.0444014340845635,1440,2023-08-07,0.08698055989826112,0.6350194659227772,2.577
248,5,279,297.90633382961875,2465.762823422768,2342.474682251626,2373.132248888889,0.9870813914177698,30.657566637263287,0.1271759033669752,0.2378601046787919,1.0046573913461483,0.0,0.0,0.0,0.0,False,583.1347860611006,1.1070724469153925,1440,2023-12-05,0.08654565709876981,0.6099611823707072,2.494
249,5,231,264.26915796264956,2078.956092756752,1975.0082881189176,1986.069951388889,0.9944303757970681,11.061663269971358,0.1338066070671282,0.2017467998957878,0.9985982202838324,0.0,0.0,0.0,0.0,False,627.9112699157313,1.293648426450922,1440,2023-02-16,0.08611292881327597,0.5525277213205744,2.521
250,5,154,107.67544312376673,1305.9707574634172,1240.6722195902428,1248.4291775000002,0.9937866255855292,7.756957909757306,0.08678798591889865,0.21466577130358522,0.9685910806644404,0.0,0.0,0.0,0.0,False,373.19729443709446,2.8179650466559636,1440,2023-05-24,0.08568236416920957,0.5859428830082878,2.519
251,5,211,157.3206066626805,1596.7757548090738,1516.9369670686165,1520.6015831630757,0.9975900221760677,3.6646160944592796,0.10370938943276758,0.21167005999780208,0.9709299792079527,0.0,0.0,0.0,0.0,False,684.8064667334581,2.6886676507383807,1440,2023-06-15,0.08525395234836353,0.5835199866961247,2.601
252,5,219,188.6759930786067,1985.2471715221068,1885.984812946012,1898.7135218040628,0.9932961404067125,12.728708858051046,0.10004109883784505,0.22275226595586792,1.0029164778027364,0.0,0.0,0.0,0.0,False,593.007455411612,1.1886683735898582,1440,2023-03-15,0.0848276825866217,0.5875887315192272,2.645
253,5,294,169.6337157479961,2511.25051862398,2385.6879926927886,2392.0144533333337,0.9973551745760862,6.326460640544871,0.07110473635595829,0.2070642717017978,0.9670241450669635,0.0,0.0,0.0,0.0,False,952.964074760074,2.9280960352482612,1440,2023-05-22,0.08440354417368859,0.565325260972171,2.596
254,5,219,129.3583708740087,1824.182111989722,1732.9730063902452,1753.425559495221,0.9883356593074509,20.45255310497539,0.07464534669438394,0.22566877948026065,0.9519150381563146,0.0,0.0,0.0,0.0,False,626.7152460842248,3.623744596065897,1440,2023-08-26,0.08398152645282016,0.5816748583083902,2.627
255,5,161,45.93726628433224,1373.0632937577222,1304.4101290698354,1311.491,0.9946009000975496,7.0808709301644335,0.03521688866145937,0.2142597667188616,0.9783713690848699,0.0,0.0,0.0,0.0,False,531.6951759933352,2.4601580308332096,1440,2023-10-03,0.08356161882055606,0.5525411800907345,2.669
256,5,139,-54.151138465366905,1377.5956404468436,1308.715858424508,1317.5439274999999,0.9932996017125267,8.828069075491907,-0.041377307470359934,0.21205583458841917,1.0002803106695874,0.0,0.0,0.0,0.0,False,569.6678609889433,1.3360321214385085,1440,2023-04-30,0.08314381072645327,0.5536210772557446,2.689
257,5,244,156.23083961727227,2167.055450696711,2058.702678161876,2065.2165232974867,0.9968459262928954,6.513845135610526,0.07588800523481314,0.2000111301785292,0.9962873403943492,0.0,0.0,0.0,0.0,False,999.1009691258248,1.5733015726502286,1440,2023-04-09,0.082728091672821,0.5587308539453052,2.677
258,5,298,106.46316976405237,2768.1361589825756,2629.7293510334393,2641.9739922222225,0.9953653437827812,12.244641188782634,0.04048445887490822,0.20464922222714207,1.0010571807437605,0.0,0.0,0.0,0.0,False,581.4407737848605,1.261237705405287,1440,2023-12-23,0.0823144512144569,0.589316468489785,2.494
259,5,220,143.33094191104678,1925.370046632368,1829.1015443007486,1833.824675925921,0.9974244366502553,4.723131625172146,0.07836139133863182,0.21132996753146316,0.9985059902739267,0.0,0.0,0.0,0.0,False,794.032851159458,1.502432155676185,1440,2023-04-03,0.0819028789583846,0.6033486965070635,2.519
260,5,137,112.58805384007675,1224.122930038309,1162.9167835363883,1171.201790277778,0.9929260638003083,8.285006741389646,0.09681522825537053,0.22069462940255594,1.0058732936713533,0.0,0.0,0.0,0.0,False,407.8421447770121,1.1487133174109607,1440,2023-04-08,0.0814933645635927,0.5993103408748066,2.563
261,5,127,108.8129478933652,1086.5766923263693,1032.2478577100571,1044.1851966666668,0.9885677952582387,11.937338956609675,0.10541358558472215,0.21861728935588354,0.9915886380555918,0.0,0.0,0.0,0.0,False,379.1554462745826,1.8097503101886105,1440,2023-06-19,0.08108589774077472,0.5744426687824694,2.568
262,5,261,-60.486470922491975,2230.1900112246344,2118.680510663399,2133.4756673237725,0.993065232996572,14.79515666037313,-0.02854912320100236,0.22215362951678447,0.9628587376937573,0.0,0.0,0.0,0.0,False,726.4113924028075,3.1462079545909076,1440,2023-08-08,0.08068046825207086,0.5581878147434846,2.622
263,5,173,158.1089111593028,1594.2457512720819,1514.5334637084925,1530.3290111111112,0.9896783323795514,15.795547402618507,0.10439446532409836,0.2176478775229096,0.9907724517294406,0.0,0.0,0.0,0.0,False,810.6849514112976,1.6818333993127714,1440,2023-11-10,0.0802770659108105,0.5362963016824756,2.632
264,5,207,125.84695148115324,1763.6794740275263,1675.4955003261455,1685.6805086111112,0.9939579248659892,10.185008284965614,0.07511028913933601,0.23168798061731763,1.0039301350816474,0.0,0.0,0.0,0.0,False,509.0163996094708,1.147347226821444,1440,2023-11-02,0.07987568058125645,0.5278133517440475,2.498
265,5,287,463.10661973162536,2558.8274392584303,2430.8860672955143,2454.2545956481435,0.9904783601529906,23.36852835262929,0.19050938913268578,0.21800968656388311,0.9863208501273015,0.0,0.0,0.0,0.0,False,1035.499629238906,1.7817056929299127,1440,2023-01-27,0.07947630217835017,0.4885543659547416,2.51
266,5,165,236.70553229707323,1698.5664082826204,1613.6380878685004,1623.999,0.9936201240693501,10.360912131499674,0.14669059566494502,0.22660502155016854,1.0062038147983534,0.0,0.0,0.0,0.0,False,374.18493610772515,1.1310903210869752,1440,2023-11-29,0.0790789206674584,0.4863389399126586,2.449
267,5,262,237.0414020440379,2412.048895690321,2291.446450905818,2311.291213859014,0.9914139928217602,19.844762953195968,0.10344618873826814,0.23556631481572776,0.983820486599551,0.0,0.0,0.0,0.0,False,615.7781823253631,2.1537502466257346,1440,2023-09-28,0.07868352606412113,0.46432661103165573,2.496
268,5,135,50.39285542862712,1290.0380888396187,1225.5361843976439,1237.8643691666666,0.9900407628847722,12.328184769023071,0.04111902697789002,0.2245506061618281,0.964744461472828,0.0,0.0,0.0,0.0,False,419.9513166005988,3.0433378131927573,1440,2023-07-22,0.0782901084338005,0.42522358700183693,2.639
269,5,122,129.79205434449418,923.0957236074338,876.9409374270625,880.9780000000001,0.9954175216941427,4.037062572937443,0.14800546856131838,0.2133709752438238,1.0062328872470725,0.0,0.0,0.0,0.0,False,339.47726242592455,1.1230248741860642,1440,2023-11-29,0.0778986578916315,0.4169481965084697,2.672
270,5,126,129.81894076226973,1036.542438102526,984.715316197397,994.2371652419309,0.990422960056802,9.521849044533962,0.1318339814836861,0.2004360340511005,1.0079551855497615,0.0,0.0,0.0,0.0,False,345.3983146455888,1.0113071875181492,1440,2023-03-06,0.07750916460217336,0.4342545233711941,2.499
271,5,173,164.54166099820463,1692.5094292239992,1607.8839577627903,1616.3311272401397,0.9947738620292657,8.44716947734952,0.10233428861815867,0.22891472807596258,0.9994181991771376,0.0,0.0,0.0,0.0,False,593.0903281269761,1.399177373015592,1440,2023-11-12,0.07712161877916247,0.4765346537828099,2.488
272,5,207,47.360124861295894,1704.1963777325698,1618.9865588459302,1631.3666267054948,0.9924112289310675,12.38006785956454,0.029252945061542596,0.20080562457047063,0.97526312873424,0.0,0.0,0.0,0.0,False,805.1192220841893,2.5421279338967344,1440,2023-10-03,0.07673601068526667,0.44625989485360784,2.541
273,5,121,130.48400968461937,1093.4237976579739,1038.7526077750795,1044.1949641577041,0.9947879882881693,5.442356382624489,0.1256160597893517,0.19223279298953122,1.0045415860129137,0.0,0.0,0.0,0.0,False,397.56210633165267,1.1222832250945713,1440,2023-11-27,0.07635233063184034,0.48383983419380494,2.501
274,5,230,191.31960871555998,1977.9708124013605,1879.0722717812992,1882.8644546624778,0.9979859501453818,3.7921828811787233,0.10181599270484432,0.19039325465309295,0.9793295052043093,0.0,0.0,0.0,0.0,False,961.493543754324,2.0514915851744595,1440,2023-04-28,0.07597056897868114,0.5331523754945527,2.598
275,5,269,457.12301709311595,2174.8953393403613,2066.1505723733335,2070.529800725808,0.9978849720728775,4.379228352474676,0.22124380633500038,0.1719458929578099,0.984274895532265,0.0,0.0,0.0,0.0,False,1210.291696410815,1.9600406778189925,1440,2023-01-24,0.07559071613378773,0.5771297301426606,2.487
276,5,211,137.46465178122003,1848.2568488981697,1755.844006453245,1759.9760762425321,0.9976522011605357,4.13206978928725,0.07828978615184314,0.2092129377288156,0.9587386492772145,0.0,0.0,0.0,0.0,False,676.528366668832,3.1649393661009926,1440,2023-07-26,0.07521276255311879,0.654298514942879,2.55
277,5,139,175.68573760755106,1391.3862435909807,1321.8169314114289,1323.8311769444445,0.9984784725060905,2.0142455330153526,0.1329123068653348,0.20644013033691638,1.0062861450786713,0.0,0.0,0.0,0.0,False,456.69709302673175,1.1232959003055178,1440,2023-02-08,0.0748366987403532,0.6335853974004004,2.506
278,5,269,80.21609740720308,2464.1354503339057,2340.9286778172323,2347.554627222222,0.997177510023343,6.625949404990015,0.03426678401923783,0.20883579917012562,0.9734158853181101,0.0,0.0,0.0,0.0,False,768.3958333014898,2.3420946574720207,1440,2023-09-09,0.07446251524665143,0.6227930731117501,2.519
279,5,130,103.71857694392259,1168.307041390725,1109.891689321188,1128.702,0.9833345642350134,18.810310678811838,0.0934492779267111,0.21730889461488043,1.0005940504059112,0.0,0.0,0.0,0.0,False,306.1325332275618,1.3698320625624265,1440,2023-11-13,0.07409020267041817,0.6084469522892633,2.571
280,5,212,159.68289500884447,1656.472826053131,1573.6491847504822,1584.976256338112,0.9928534755379871,11.32707158763008,0.10147299446170005,0.20422230414088205,0.9528504806393546,0.0,0.0,0.0,0.0,False,640.1421038079204,3.544284393695954,1440,2023-08-29,0.07371975165706608,0.5774638009220692,2.625
281,5,297,198.33300318923054,2506.1904559936097,2380.8809331939146,2388.966150277778,0.9966155999812206,8.085217083863371,0.083302361081606,0.1967984425826556,1.0023681402782925,0.0,0.0,0.0,0.0,False,705.6882609380029,1.2570699090714843,1440,2023-03-22,0.07335115289878076,0.5812566636640661,2.805
282,5,185,95.83524726457127,1716.6266069189783,1630.795276573032,1639.8734752777777,0.994464085893451,9.078198704745834,0.05876595832798849,0.21329215074052255,1.0028393488591876,0.0,0.0,0.0,0.0,False,384.28607880766424,1.2442660949164535,1440,2023-12-22,0.07298439713428685,0.6007835271566291,2.535
283,5,200,118.7598479425616,1989.3524560820113,1889.8848332779035,1898.9768357228163,0.9952121572660194,9.092002444912826,0.06283972750687619,0.20510407121272362,0.9511694327703031,0.0,0.06944444444444445,0.7556473943543357,0.0,False,686.1578947368421,3.7324154486485686,1442,2023-08-26,0.07261947514861541,0.5794542524663462,2.531
284,5,165,144.9142368991759,1464.1743696500964,1390.9656511676046,1395.8308055495813,0.9965145099516118,4.865154381976788,0.10418246976662003,0.21109066105577812,1.0026452273840962,0.0,0.0,0.0,0.0,False,496.6863233143036,1.1990215401216961,1440,2023-12-13,0.07225637777287233,0.5801494041146412,2.596
285,5,177,149.11851090986704,1506.719192612053,1431.3832329814431,1438.5281135573473,0.9950332005967992,7.144880575904055,0.10417790810590015,0.19751155510789856,0.9760224725953816,0.0,0.0,0.0,0.0,False,617.7722192618718,2.5174297034441095,1440,2023-05-10,0.07189509588400797,0.5669804947257685,2.562
286,5,163,190.73159407823943,1548.9730175231753,1471.5243666470285,1479.2839999999999,0.9947544667873299,7.7596333529714165,0.12961497505667183,0.18736791008328027,1.0065610219916115,0.0,0.0,0.0,0.0,False,627.2095587669024,1.0603833552991535,1440,2023-11-16,0.07153562040458793,0.5864438225446105,2.601
287,5,128,129.51715520552835,1129.5161099136728,1073.0403044179943,1080.4288858333334,0.9931614366181627,7.388581415339158,0.1207011094292279,0.1896009432569712,0.9847379267182186,0.0,0.0,0.0,0.0,False,467.23638018882855,1.9093318071933598,1440,2023-03-10,0.071177942302565,0.6249621083496801,2.579
288,5,253,205.81987484150113,2166.1884303342017,2057.8790088174987,2064.1996419444445,0.9969379739253361,6.320633126945579,0.10001553733704181,0.2025388781526388,0.9970718785271828,0.0,0.0,0.0,0.0,False,795.734941171998,1.4991864789927154,1440,2023-11-12,0.07082205259105216,0.6513840168487673,2.606
289,5,190,114.5321394972303,1713.7574729686912,1628.0695993202667,1632.0501105555554,0.9975610361412655,3.9805112352886756,0.07034842954198547,0.17584650698215185,0.9889185201009951,0.0,0.0,0.0,0.0,False,1015.9504252664725,1.8068515534824696,1440,2023-12-27,0.0704679423280969,0.6439311429699365,2.587
290,5,300,145.76280103641028,2732.1786858073847,2595.569751517026,2601.1587327329717,0.9978513494214659,5.588981215945484,0.05615830626444027,0.1885638154988272,0.9811929122300768,0.0,0.0,0.0,0.0,False,1097.57371784496,2.0044827486787593,1440,2023-05-01,0.07011560261645643,0.6978997350928354,2.56
291,5,186,159.88325383685188,1617.2298667897228,1536.368373450227,1539.0774247252034,0.9982398213166825,2.7090512749761664,0.10406570234051458,0.20409356935828776,0.9795187250809572,0.0,0.0,0.0,0.0,False,665.5815625089726,2.1004601954093234,1440,2023-06-19,0.06976502460337414,0.7136683392795276,2.444
292,5,261,154.02125363415507,2190.457796059554,2080.9349062565593,2089.294592780759,0.9959987995215775,8.359686524199534,0.07401541161670808,0.17688801635867266,0.9573300107269759,0.0,0.0,0.0,0.0,False,1039.4165700769593,3.2590409249522896,1440,2023-07-14,0.06941619948035727,0.6919130856701535,2.578
293,5,214,118.36007645132959,1936.101467651407,1839.2963942688436,1842.3340338829148,0.9983512004022045,3.037639614071263,0.06435073586841888,0.20185303100860943,0.9630949695946478,0.0,0.0,0.0,0.0,False,783.8643143481479,3.130719861893877,1440,2023-07-13,0.06906911848295548,0.7355166985638739,2.505
294,5,233,164.92184224109843,2218.172278384816,2107.2636644655836,2115.457048632017,0.9961268964681973,8.193384166433146,0.07826350590205983,0.20162436315768426,0.9657557336581242,0.0,0.0,0.0,0.0,False,1053.8766355810399,2.9452564548304143,1440,2023-08-14,0.0687237728905407,0.7153839050985589,2.471
295,5,121,77.89708224262364,856.3026106317369,813.4874801001529,816.6659595011932,0.9961079810367244,3.1784794010402657,0.09575695280895202,0.20271144812639755,0.9510311231580819,0.0,0.06944444444444445,0.7099753174037803,0.0,False,447.66275006236265,3.6665823025722792,1442,2023-08-28,0.068380154026088,0.6996995214404581,2.412
296,5,277,183.84646282784595,2453.1771903045105,2330.5183307892953,2337.458297544802,0.9970309772958105,6.939966755507158,0.07888651224021104,0.17942052888013818,0.9510004116801783,0.0,1.6666666666666667,77.38532116696885,0.0,False,1329.6870743318784,3.7431696056046726,1477,2023-07-24,0.06803825325595757,0.6846248551764882,2.557
297,5,146,27.749479795597093,1408.476180700228,1338.0523716652208,1342.9759036559135,0.9963338642359184,4.923531990692693,0.020738709771922128,0.19565213469601764,0.9670912018344894,0.0,0.0,0.0,0.0,False,548.0080907388856,2.931242798091136,1440,2023-10-13,0.06769806198967777,0.7248341180630761,2.586
298,5,293,291.63435963550813,2375.6564258493663,2256.8736045568976,2265.092761878733,0.996371381578643,8.219157321835603,0.1292205106420951,0.17980497492080613,0.9893281039338206,0.0,0.0,0.0,0.0,False,947.1834133039382,1.6262501848684507,1440,2023-12-04,0.06735957167972938,0.7215093888426106,2.532
299,5,157,135.35023640483726,1201.0210936667122,1140.9700389833615,1147.169248888889,0.9945960808210892,6.199209905527395,0.1186273361966966,0.21002542511049233,1.0080006611357988,0.0,0.0,0.0,0.0,False,425.73119152923346,0.9155410946830872,1440,2023-03-02,0.06702277382133073,0.7547231082256634,2.471
300,5,258,298.70462487417706,2329.3074470339093,2212.8420746822158,2221.8956260453997,0.9959253030353645,9.053551363184122,0.13498686973270507,0.1888410299488705,0.9995537969229593,0.0,0.0,0.0,0.0,False,751.7496801530762,1.3796283628798767,1440,2023-03-06,0.06668765995222407,0.7143078220592711,2.594
301,5,199,138.59107067760425,1866.499533424462,1773.1745567532416,1783.581218781363,0.9941652996126346,10.406662028121808,0.07815985749951794,0.1957867191316135,0.9593893038709979,0.0,0.0,0.0,0.0,False,832.5094644371493,3.097915032663565,1440,2023-05-12,0.06635422165246296,0.729139210984282,2.665
302,5,259,56.999722394256075,2486.73983737862,2362.402845509674,2374.3719915591346,0.9949590266007134,11.969146049461148,0.024127858846173515,0.19477257716657106,0.9903753388325266,0.0,0.0,0.0,0.0,False,1104.9735276105964,1.6859847976240825,1440,2023-12-28,0.06602245054420065,0.7259344699656753,2.614
303,5,174,152.31982570965903,1510.8053446915303,1435.2650774569556,1441.656976105137,0.9955662832739519,6.391898648181479,0.1061266159833999,0.20289055535507677,0.9874920526982173,0.0,0.0,0.0,0.0,False,612.3101761108708,1.9879168730723062,1440,2023-09-11,0.06569233829147963,0.7258631606155549,2.637
304,5,166,9.570843350202784,1457.1855704532666,1384.3262919306117,1393.7640000000001,0.9932286182815825,9.437708069388421,0.00691371926257001,0.21205256314041307,0.9624145049990531,0.0,0.0,0.0,0.0,False,648.1688457859709,3.1459460781398176,1440,2023-05-26,0.06536387660002224,0.7078020333529921,2.585
305,5,231,140.82054955886437,2270.07291145521,2156.5692658824437,2161.0724269444445,0.9979162377873805,4.5031610620002525,0.06529841252339381,0.1993233514503931,0.9619989192537528,0.0,0.0,0.0,0.0,False,876.8397971339008,3.1131006710263067,1440,2023-07-13,0.06503705721702213,0.6725940862581814,2.566
306,5,120,124.88007486317777,1079.8878605053515,1025.8934674800803,1031.1630364396653,0.994889684004016,5.269568959584744,0.12172811195486295,0.19844242952831742,1.0066454216927923,0.0,0.0,0.0,0.0,False,431.4990538802565,1.1019033239438645,1440,2023-11-26,0.06471187193093703,0.672465826727857,2.511
307,5,171,42.64915068285186,1438.0316015589199,1366.1300214809885,1371.236441388889,0.9962760471106439,5.1064199079006025,0.03121895428124546,0.20374872085930804,1.0017655524907931,0.0,0.0,0.0,0.0,False,501.934307030932,1.3057724387083935,1440,2023-11-19,0.06438831257128233,0.6743791258557482,2.506
308,5,242,209.46642208003848,1989.5704353875403,1890.091913618161,1897.3840736260447,0.9961567296209313,7.29216000788362,0.110823405238035,0.19089990116833686,0.9864908792172116,0.0,0.0,0.0,0.0,False,1071.8353996141345,1.7754430356242925,1440,2023-01-11,0.06406637100842592,0.6640484881869164,2.513
309,5,284,43.635230967764336,2348.6335465943794,2231.2018692646543,2237.271709399639,0.9972869454749359,6.069840134984136,0.019556827900178018,0.19566359817755394,0.9510004783334014,0.0,0.20833333333333334,0.6577172920984979,0.0,False,1157.3021715614072,3.4031595931956797,1446,2023-08-09,0.0637460391533838,0.6845063863135707,2.618
310,5,204,377.5228244426162,2028.7202072545444,1927.2841968918237,1935.4266042413378,0.9957929650591396,8.14240734951412,0.1958833186363776,0.2024496935058259,0.9936460768603594,0.0,0.0,0.0,0.0,False,733.3707908087024,1.3053762770273338,1440,2023-11-30,0.06342730895761688,0.6906093914857389,2.543
311,5,294,353.0367262639791,2730.866057837492,2594.3227549456155,2604.7002982974846,0.996015839765269,10.377543351868866,0.13608049560949087,0.21083954587915013,0.9925192942459343,0.0,0.0,0.0,0.0,False,967.0225041915689,1.6271809688607317,1440,2023-02-21,0.06311017241282879,0.6804399012259839,2.634
312,5,172,102.26378276605976,1319.7351826620688,1253.7484235289646,1260.7346260453999,0.9944586256519747,6.9862025164351795,0.08156642979315955,0.18614818387262116,0.9636576255847826,0.0,0.0,0.0,0.0,False,748.467604774992,3.0868279448333884,1440,2023-07-06,0.06279462155076464,0.6533046565029089,2.611
313,5,130,91.0246468344971,1034.7687547395155,983.0303170025461,985.5058325,0.9974880762590983,2.475515497453918,0.09259597111109377,0.20189327353911776,1.0077431484379156,0.0,0.0,0.0,0.0,False,441.1513230410819,1.0342149885878997,1440,2023-03-15,0.06248064844301082,0.6866100479451818,2.648
314,5,243,418.92738390604416,2159.9882551015285,2051.9888423464413,2058.0685697222225,0.9970459063098166,6.07972737578108,0.20415675527114577,0.18726883121000762,0.9904921509497039,0.0,0.0,0.0,0.0,False,1042.4433923442457,1.6296228938159627,1440,2023-11-30,0.062168245200795766,0.6785205001557515,2.66
315,5,157,185.03370108568112,1355.7813889899794,1287.9923195404817,1292.087,0.9968309560737642,4.094680459518264,0.14366056247268288,0.18681693378859882,1.0012080751379386,0.0,0.0,0.0,0.0,False,676.3676711298933,1.2837497352847729,1440,2023-01-26,0.06185740397479179,0.7048591934877493,2.772
316,5,296,122.51424524183844,2757.3212244362376,2619.455163214443,2631.1175792264034,0.9955675048108684,11.66241601196054,0.0467708884512824,0.21512139059846305,0.9736401465328045,0.0,0.0,0.0,0.0,False,951.731687309523,2.337299063521096,1440,2023-09-30,0.06154811695491783,0.727583475791017,2.658
317,5,221,89.77277577323804,1962.4092283743203,1864.2887669556073,1881.3283691666666,0.9909427814461721,17.03960221105926,0.04815390049248509,0.22129741267538622,0.9803522739265742,0.0,0.0,0.0,0.0,False,753.0678733536759,2.304418928525069,1440,2023-09-30,0.06124037637014324,0.6827370271220066,2.547
318,5,294,293.04373768651175,2462.5566337533264,2339.428802065641,2347.3557755167258,0.9966230200237371,7.926973451084462,0.12526294342779892,0.18165445484959308,0.9759890977372846,0.0,0.0,0.0,0.0,False,1529.3822701011072,2.36560255420222,1440,2023-03-09,0.060934174488292525,0.6322077489837981,2.518
319,5,259,235.4081403263353,2490.1004087929828,2365.595388353326,2376.481012246115,0.9954194357805954,10.88562389278876,0.09951327326952612,0.20106787826098416,0.9874006317066236,0.0,0.0,0.0,0.0,False,967.2449414413991,1.9220131433702368,1440,2023-01-14,0.060629503615851066,0.6799161109474965,2.557
320,5,244,175.9705533508777,2046.3563684220173,1944.0385500009088,1953.813518303462,0.9949969799005992,9.77496830255319,0.09051803697555043,0.2109947307947184,0.9931576461693282,0.0,0.0,0.0,0.0,False,939.794620539262,1.5607220573237575,1440,2023-03-15,0.06032635609777181,0.6753198751003455,2.562
321,5,131,108.56468256210613,1106.5257734778681,1051.199484803968,1059.624,0.9920495239858366,8.424515196031976,0.10327695564115665,0.1994516050322804,0.9970722632784784,0.0,0.0,0.0,0.0,False,583.247986637296,1.2925391721596289,1440,2023-02-18,0.060024724317282944,0.6492540743086737,2.526
322,5,271,281.5352485513962,2300.4839724068793,2185.459773786526,2193.2843034647512,0.9964325055051619,7.824529678225414,0.12882197692598496,0.20334944193053742,0.9983518099528546,0.0,0.0,0.0,0.0,False,818.0067794201391,1.4209147393855346,1440,2023-10-26,0.05972460069569653,0.6538237301010857,2.574
323,5,153,27.13685058660932,1346.4395749360162,1279.117596189201,1287.335,0.9936167323883845,8.217403810798913,0.02121528987440758,0.2171742433931484,0.9735944625883568,0.0,0.0,0.0,0.0,False,582.5173852997775,2.6237969130753003,1440,2023-10-07,0.05942597769221805,0.648736741462323,2.543
324,5,135,79.0600183430811,1123.076793223127,1066.9229535619734,1073.576,0.9938029106108681,6.653046438026495,0.07410096303499276,0.20711858931358545,1.0040565788336946,0.0,0.0,0.0,0.0,False,460.7604155911687,1.1815231078944552,1440,2023-12-20,0.059128847803756955,0.6133938751639112,2.711
325,5,202,36.72047597662367,1538.9019789607767,1461.9568800127472,1470.5526269444445,0.9941547505514592,8.595746931697162,0.025117345442023906,0.21490818361447897,0.9609071522987542,0.0,0.0,0.0,0.0,False,774.766138851244,3.2155990396752165,1440,2023-08-09,0.058833203564738173,0.6068860916345411,2.77
326,5,139,164.07043717599618,1344.4604054067129,1277.237385136366,1282.292,0.9960581405298996,5.054614863633995,0.1284572774688074,0.20561959772539534,1.0042671101011622,0.0,0.0,0.0,0.0,False,557.6519383559191,0.9934481619116422,1440,2023-11-16,0.05853903754691448,0.5837973481683553,2.655
327,5,241,7.705916666214038,2156.174482600029,2048.3657584700145,2056.004,0.9962849092073822,7.6382415299853,0.0037619827583770084,0.21343680791284583,0.9630589979131595,0.0,0.0,0.0,0.0,False,962.709905039926,2.9111892467516345,1440,2023-05-23,0.05824634235917991,0.5854802624651209,2.769
328,5,297,-44.21154223894741,2757.4601632810395,2619.5871551169776,2637.0131769444442,0.9933917577735966,17.426021827466965,-0.016877293871512034,0.21540939349269947,0.9552115828409141,0.0,0.0,0.0,0.0,False,1210.4852236057131,3.2996122065575055,1440,2023-08-07,0.057955110647384005,0.5689568910945,2.683
329,5,283,216.58248423543628,2392.045525992267,2272.443249692645,2283.594523055556,0.995116789232797,11.151273362910558,0.0953082037427028,0.19096194202358285,0.9889010170261731,0.0,0.0,0.0,0.0,False,1082.7724705020746,1.7540905412994015,1440,2023-12-11,0.05766533509414709,0.5506280360476903,2.649
330,5,287,70.93574345667083,2258.1082541146593,2145.2028414089127,2162.33519366786,0.9920769211410343,17.132352258946817,0.03306714968272283,0.20547902883493138,0.9569977451551513,0.0,0.0,0.0,0.0,False,972.3928960395895,3.0428661984418763,1440,2023-08-12,0.05737700841867635,0.59020124814112,2.61
331,5,276,304.9003841568642,2323.0705778648285,2206.917048971572,2215.436841081236,0.9961543511637616,8.519792109663959,0.13815670339714328,0.2004212127682302,0.9813816366514423,0.0,0.0,0.0,0.0,False,1033.6137846012796,1.8518534324915434,1440,2023-02-22,0.05709012337658297,0.5896482753891503,2.676
332,5,164,40.2990099261479,1541.6376436987043,1464.555761513764,1470.04,0.996269327034478,5.484238486235865,0.02751620046511228,0.20322907588557043,0.9725856234258734,0.0,0.0,0.0,0.0,False,763.5815997611849,2.652684024617871,1440,2023-10-01,0.05680467275970005,0.6003120318959058,2.58
333,5,263,26.059788630246576,2373.316505660083,2254.6506803770894,2261.381,0.9970238011096271,6.730319622910133,0.011558237760311538,0.1975341049264458,0.9937506942776508,0.0,0.0,0.0,0.0,False,527.8802603027696,1.6521460777800585,1440,2023-01-01,0.056520649395901554,0.602504284448883,2.595
334,5,165,122.5651829637409,1351.567280191406,1283.9889161818328,1284.646821320191,0.9994878708081945,0.6579051383580431,0.09545657397745305,0.19325223882616768,0.98523628813433,0.0,0.0,0.0,0.0,False,621.4477701896641,2.065293182403212,1440,2023-09-28,0.05623804614892205,0.6169103173550168,2.604
335,5,129,92.06306447587892,1122.550537991269,1066.4230110917074,1070.7309619444445,0.9959766262433339,4.307950852737173,0.08632884279347375,0.20835828836407322,0.9973076892201049,0.0,0.0,0.0,0.0,False,368.72393471518365,1.5327827680457087,1440,2023-10-10,0.05595685591817744,0.6381926371592272,2.625
336,5,259,257.3025840039707,2309.270293691867,2193.8067790072437,2202.463,0.9960697541830412,8.656220992756198,0.11728589156808378,0.19980381229013097,0.9975114443342722,0.0,0.0,0.0,0.0,False,928.4033803573515,1.4258634590612402,1440,2023-03-02,0.05567707163858655,0.6215672696009997,2.618
337,5,296,-24.07050312791131,2917.849772718948,2771.957284083002,2777.855698882915,0.997876630235946,5.898414799912804,-0.008683576498861574,0.1893134934923942,0.9561569466786389,0.0,0.0,0.0,0.0,False,1113.1889088221471,3.178847773957703,1440,2023-08-07,0.05539868628039362,0.6270966323025841,2.641
338,5,266,55.87720105764322,2425.344830873531,2304.077589329861,2316.5352114695334,0.9946223040003913,12.45762213967257,0.024251440713806454,0.20150992288824288,0.9638659101784601,0.0,0.0,0.0,0.0,False,1270.2057317823944,2.799698639792064,1440,2023-10-07,0.05512169284899165,0.6551331491442528,2.755
339,5,231,136.71537568980483,2078.9196898069085,1974.9737053165677,1980.9830000000002,0.9969665087063178,6.009294683432348,0.06922389666341952,0.19426166732526093,0.9781173233340373,0.0,0.0,0.0,0.0,False,903.2318572938638,2.3951544298371026,1440,2023-05-06,0.05484608438474669,0.6506547218023085,2.6
340,5,293,105.61677527804106,2883.806684705033,2739.616350469778,2749.3316260454,0.9964663136728994,9.715275575621796,0.038551666279817,0.20274078125830933,0.9870896790987104,0.0,0.0,0.0,0.0,False,1070.36048737135,1.834020343622035,1440,2023-11-05,0.05457185396282296,0.6633050588010505,2.66
341,5,135,186.51387761529608,1260.8616769764103,1197.8185931275843,1209.136,0.9906400877383391,11.317406872415434,0.15571128941010667,0.20826840383159356,0.9954937301507298,0.0,0.0,0.0,0.0,False,491.1142715272486,1.346646852332187,1440,2023-01-19,0.05429899469300884,0.6546342386844219,2.59
342,5,139,4.511037965502154,1183.9102634401463,1124.7147502681296,1133.1499999999999,0.9925559284014736,8.435249731870352,0.004010828491781344,0.2036995385371164,0.9829882202114303,0.0,0.0,0.0,0.0,False,441.0243461727765,2.0827519358469955,1440,2023-05-20,0.05402749971954379,0.6351233927383142,2.614
343,5,166,-143.9723200024783,1489.8085251329712,1415.3180988763156,1422.1355866905606,0.9952061618610432,6.817487814245207,-0.10172435448736533,0.1979480938014651,0.9648060972123206,0.0,0.0,0.0,0.0,False,643.5284691254676,3.0791486398014185,1440,2023-05-29,0.053757362220946084,0.6293812427024219,2.702
344,5,132,101.92858337393507,1032.3103033534958,980.6947881858197,984.6377305704898,0.9959955400222317,3.9429423846701668,0.10393507195290803,0.19420308062417568,0.9690296829623791,0.0,0.0,0.0,0.0,False,519.6639760226686,2.8442485173395964,1440,2023-06-21,0.053488575409841345,0.6375432964020677,2.532
345,5,232,138.6984403128626,2077.2340361690813,1973.3723343606275,1979.0594533333333,0.9971263526403278,5.687118972705866,0.07028498266537261,0.19685154152633855,0.9964723329644066,0.0,0.0,0.0,0.0,False,673.0303845281751,1.2557190042150608,1440,2023-12-10,0.05322113253279214,0.6526018143206123,2.518
346,5,127,25.574790210996163,1127.782671114427,1071.3935375586984,1075.672412715052,0.9960221391700905,4.2788751563536,0.023870584723958164,0.18791508902971735,1.0057725629672671,0.0,0.0,0.0,0.0,False,455.90504925476716,1.0515625491549305,1440,2023-10-21,0.05295502687012817,0.6589794375943727,2.524
347,5,189,147.4286214894983,1777.6751526283342,1688.791394996937,1693.2030973028668,0.9973944635980425,4.411702305929888,0.08729830216227843,0.20582945441443046,0.9991751911298493,0.0,0.0,0.0,0.0,False,639.5442656294833,1.4193809555572878,1440,2023-03-31,0.05269025173577754,0.6843459772544618,2.535
348,5,212,215.3384483633212,1704.3492550656636,1619.1317923123815,1627.1222921146968,0.9950891830066869,7.990499802315374,0.13299624489232167,0.2082237655569275,0.9875522294242058,0.0,0.0,0.0,0.0,False,809.3074874756289,1.8700243231801954,1440,2023-01-17,0.05242680047709865,0.6649361324154428,2.461
349,5,200,173.53833548600923,1530.890416625912,1454.3458957946282,1460.0133548386998,0.996118214244213,5.667459044071714,0.11932397649542033,0.19729873897783068,1.0004210879294486,0.0,0.0,0.0,0.0,False,755.374370493315,1.281343783614818,1440,2023-10-19,0.05216466647471316,0.6437295837528876,2.725
350,5,227,138.53621682299885,1852.1347870148634,1759.5280476641146,1765.88573476702,0.996399717729333,6.357687102905258,0.0787348726875451,0.2053615621782316,0.9669175353581594,0.0,0.0,0.0,0.0,False,800.3910012410718,2.9251057215718523,1440,2023-08-14,0.0519038431423396,0.650934466347965,2.717
351,5,265,321.8268611375686,2225.170561557476,2113.91203347962,2119.8632505943838,0.9971926410285685,5.951217114763825,0.1522423147418406,0.199105634551034,0.9853719281208936,0.0,0.0,0.0,0.0,False,882.6657415154343,1.7717607865461775,1440,2023-01-21,0.0516443239266279,0.6386920832742332,2.641
352,5,280,97.4960091833629,2099.9324872260295,1994.9358628647065,1999.254,0.9978401257992764,4.318137135293429,0.04887175121678332,0.2065461265016576,0.9724616616999717,0.0,0.0,0.0,0.0,False,934.7793703281615,2.451127535035928,1440,2023-10-04,0.05138610230699475,0.6427059358675309,2.653
353,5,269,386.2355821737568,2631.357155087263,2499.7892973328926,2503.503799283154,0.998516278684568,3.714501950260988,0.15450725490578116,0.18587261653851092,0.9767548301875335,0.0,0.0,0.0,0.0,False,1108.541650003849,2.3736189618650076,1440,2023-01-02,0.05112917179545978,0.6292206293257142,2.667
354,5,256,264.7229348907024,2362.049797728581,2243.9473078421715,2253.0856927777777,0.995944057980174,9.138384935605991,0.11797199246414825,0.1941899069986678,0.9906172594319174,0.0,0.0,0.0,0.0,False,966.0902917502871,1.585125769663491,1440,2023-02-05,0.05087352593648248,0.6646204751842579,2.67
355,5,218,66.70063762617943,1947.0162579091539,1849.665445013712,1857.9726272222222,0.9955288995721483,8.30718220850999,0.03606091999285036,0.20069380617516733,0.9614089437067141,0.0,0.0,0.0,0.0,False,680.1583408798231,3.2058249917194415,1440,2023-08-02,0.05061915830680006,0.6749328175088144,2.709
356,5,227,171.77701407800396,2042.4538650643221,1940.331171811103,1945.6563397252032,0.9972630480494555,5.325167914100427,0.08852973996066221,0.18996792636027274,0.9513489109927753,0.0,0.0,0.0,0.0,False,983.0859006880544,3.5515377083475514,1440,2023-08-04,0.05036606251526607,0.6688394228714023,2.648
357,5,263,90.02809332254297,2548.0602716072217,2420.657258026863,2430.121791580047,0.9961053254260848,9.464533553184085,0.03719159043437941,0.20264512561504439,0.985804696071232,0.0,0.0,0.0,0.0,False,1086.8548733627665,1.761370691602736,1440,2023-11-05,0.050114232202689735,0.6880632464362271,2.616
358,5,204,45.1934412777911,1955.910820298835,1858.1152792838868,1864.7618138530422,0.9964357192860883,6.646534569155177,0.024322194527784384,0.20384731861983033,0.9608928260525225,0.0,0.0,0.0,0.0,False,782.2524011893271,3.2520744785406124,1440,2023-05-17,0.05,0.675420210646837,2.569
359,5,193,170.07018197734885,1724.9190499761569,1638.6730974773448,1648.0775462873307,0.9942936854936397,9.404448809985915,0.10378530180251533,0.21041890567687435,0.9935029100632765,0.0,0.0,0.0,0.0,False,658.0783766025656,1.5493101104366613,1440,2023-01-30,0.05,0.6624685914738044,2.587
360,5,269,162.28965187675783,2287.5658019223224,2173.187511826189,2180.678665692949,0.9965647603268594,7.4911538667595865,0.07467816329405527,0.20572991870647858,0.9793345592679333,0.0,0.0,0.0,0.0,False,1221.3271501696768,1.9280419336391317,1440,2023-04-03,0.05,0.6371288593260378,2.657
361,5,296,437.37661474355895,2445.3059766039896,2323.040677773769,2336.5423691666665,0.9942215079978571,13.501691392897907,0.18827763927177912,0.20955344407602766,0.97648463717688,0.0,0.0,0.0,0.0,False,1260.1174638928437,2.0497643152484697,1440,2023-01-27,0.05,0.6268863490073713,2.624
362,5,188,138.33621082292677,1458.9738089722944,1386.0251185236825,1392.935582792712,0.9950389204250388,6.910464269029515,0.09980786709715252,0.22167510818121544,0.995459908361931,0.0,0.0,0.0,0.0,False,812.1930264780397,1.526511144794764,1440,2023-02-18,0.05,0.6098029127356287,2.702
363,5,229,41.92521697387483,1929.3125446694237,1832.846917435962,1845.151333611111,0.9933314867181824,12.304416175148733,0.02287436914400117,0.2175583329724248,0.95776574740998,0.0,0.0,0.0,0.0,False,740.5233058392964,3.237616701778941,1440,2023-10-13,0.05,0.5683847472777607,2.642
364,5,128,96.98369972460227,1243.962933314317,1181.7647866485854,1184.6322371535243,0.9975794593334477,2.8674505049386814,0.08206683835930013,0.19813278151933678,1.001716292797816,0.0,0.0,0.0,0.0,False,593.9214230895324,1.2125171545718436,1440,2023-02-26,0.05,0.5434292037221845,2.627
365,5,295,521.5524102958082,2829.73448631551,2688.247761999717,2693.0865697222225,0.9982032483556574,4.838807722504925,0.19401203180313967,0.199973568710063,0.9813754228934453,0.0,0.0,0.0,0.0,False,1142.6197863071502,1.9719754147545645,1440,2023-01-20,0.05,0.5662943429985504,2.652
366,5,266,259.63501146312774,2393.6166413595956,2273.9358092916136,2283.835405913974,0.9956653633634345,9.899596622359908,0.11417868983030369,0.20314501874043533,0.9904971760461234,0.0,0.0,0.0,0.0,False,1044.0719865406918,1.7227950949575295,1440,2023-01-11,0.05,0.5805380441645422,2.747
367,5,127,123.19172125023093,1098.2053359636902,1043.2950691654921,1050.7362138590138,0.9929181610042803,7.441144693521871,0.11807946274371753,0.21686727278986712,1.0049266793762477,0.0,0.0,0.0,0.0,False,459.5618555352642,1.1700772943239737,1440,2023-03-20,0.05,0.5847985640934948,2.596
368,5,188,174.78106244199756,1825.5647080917913,1734.2864726872117,1739.1853985035855,0.9971832066779144,4.8989258163739,0.10077981071442071,0.21108675961694193,0.9880638867616839,0.0,0.0,0.0,0.0,False,670.2824998955915,1.9625859993982429,1440,2023-09-11,0.05,0.5571746574884135,2.656
369,5,279,143.76030796130658,2649.7887288394627,2517.299292397459,2537.8912568697697,0.9918861911768005,20.591964472311453,0.057108945446208835,0.20729180556069685,0.9839870636163538,0.0,0.0,0.0,0.0,False,1156.4060406597384,1.907823689083758,1440,2023-10-22,0.05,0.547238323203937,2.744
370,5,234,122.18089622283911,1895.6146613933474,1800.833928323672,1808.851833921734,0.9955674061038606,8.01790559806199,0.06784684267725491,0.20110397082491996,0.9946797162141102,0.0,0.0,0.0,0.0,False,856.4406860862455,1.4639680335919036,1440,2023-11-03,0.05,0.54727356442206,2.561
371,5,221,63.17645500313745,1914.8794985297206,1819.135523603245,1829.9901371774163,0.9940684852045633,10.854613574171454,0.034728833659408154,0.22255795939013912,0.9637561973946215,0.0,0.0,0.0,0.0,False,638.2269827816576,3.078561551413459,1440,2023-06-25,0.05,0.5608597952740215,2.789
372,5,141,81.01996364036893,1155.8545610134565,1098.0618329627841,1103.012,0.9955121367335842,4.950167037215887,0.07378451851091239,0.2238858296969032,0.9993001555876243,0.0,0.0,0.0,0.0,False,567.2009175246785,1.2072016169936408,1440,2023-12-20,0.05,0.5234021071426016,2.704
373,5,249,222.39813727007578,1846.8799457820694,1754.5359484929602,1760.987144644558,0.9963366023589572,6.451196151597955,0.12675610178355268,0.2066073153160147,0.9863334092617303,0.0,0.0,0.0,0.0,False,1006.1006940764344,1.8114622492194954,1440,2023-03-09,0.05,0.4893203504777396,2.598
374,5,233,57.45354277262647,1793.0342342883825,1703.3825225739665,1718.1580108333333,0.9914003903213765,14.775488259366798,0.03372909021386983,0.21774468166313699,0.9608713703454167,0.0,0.0,0.0,0.0,False,729.8379519170676,3.1946696196043223,1440,2023-06-01,0.05,0.49973731101800395,2.742
375,5,154,123.04804369305073,1429.489843609639,1358.0153514291628,1362.6016419444445,0.9966341663079629,4.586290515281723,0.09060872807038309,0.21527902389627995,0.9748461285662487,0.0,0.0,0.0,0.0,False,622.8785642583193,2.590014724008789,1440,2023-10-05,0.05,0.48268143940338953,2.71
376,5,206,132.86826131144906,1878.222053803313,1784.3109511131474,1801.2566380555556,0.9905922972971242,16.94568694240822,0.07446474574880506,0.21432891433321963,0.9970385132984645,0.0,0.0,0.0,0.0,False,787.3956144189835,1.428599599845946,1440,2023-04-09,0.05,0.47369723800396946,2.652
377,5,219,187.5351659119081,1968.088067629207,1869.6836642477517,1879.5642096774163,0.9947431721785337,9.880545429664668,0.10030315261237573,0.21135620793190388,1.0005676211718386,0.0,0.0,0.0,0.0,False,807.1637923374631,1.276057584000361,1440,2023-10-17,0.05,0.4678836722065051,2.57
378,5,221,177.89579397847797,2099.519091441567,1994.5431368694854,2000.4140393757464,0.9970651563172926,5.870902506260909,0.08919124920892535,0.19998681936042212,0.9828307376363656,0.0,0.0,0.0,0.0,False,912.8364076793455,2.040782002260414,1440,2023-09-22,0.05,0.46920496325483313,2.584
379,5,172,155.078612066103,1566.309198792982,1487.9937388533344,1497.1745436081237,0.9938679128669501,9.180804754788937,0.10421993588871444,0.21681163954572888,0.9948578052587014,0.0,0.0,0.0,0.0,False,703.2756327718137,1.4390791828256242,1440,2023-10-20,0.05,0.4952753099827342,2.552
380,5,212,103.20096009225568,1927.9878572029213,1831.588464342769,1841.3886419444445,0.9946778331426401,9.800177601675493,0.05634505900280793,0.22373750840169426,0.955186204055793,0.0,0.0,0.0,0.0,False,756.7768728100793,3.4713203090185747,1440,2023-08-27,0.05,0.47827640098009383,2.661
381,5,139,133.9818327982092,1101.9144893931323,1046.8187649234758,1056.8910430555554,0.99046989924055,10.072278132079564,0.12798952147939716,0.21678430778934363,1.0033847501905886,0.0,0.0,0.0,0.0,False,464.86342029638735,1.167421540119916,1440,2023-11-17,0.05,0.448253486874773,2.559
382,5,225,106.8443418958772,2184.5000140151087,2075.2750133143527,2091.504953112304,0.992240066286336,16.229939797951552,0.051484425538974546,0.21148756275703534,0.991142115199412,0.0,0.0,0.0,0.0,False,845.1155703157563,1.5159637079804016,1440,2023-04-15,0.05,0.4386929815482205,2.539
383,5,120,158.51169458868324,1085.1845282337074,1030.9253018220236,1036.8229999999999,0.9943117598876797,5.8976981779763635,0.15375672156705716,0.22096371556792108,0.9876041841766977,0.0,0.0,0.0,0.0,False,511.45434449030824,1.7378254585705923,1440,2023-01-02,0.05,0.442123038220205,2.549
384,5,124,24.62462631827652,971.5954127539126,923.0156421162214,931.831,0.9905397460657795,8.81535788377871,0.026678449632575037,0.19585892750636807,0.9631630916251559,0.0,0.0,0.0,0.0,False,631.615927777418,2.941962566584338,1440,2023-09-18,0.05,0.4229713615954479,2.601
385,5,284,237.7106359919372,2394.0818175662866,2274.3777266879715,2289.3683429091957,0.9934520732464681,14.990616221223874,0.10451677977786906,0.2047288921794291,1.0009484669762045,0.0,0.0,0.0,0.0,False,809.1430714876152,1.2724396924509134,1440,2023-10-17,0.05,0.46308760765574053,2.663
386,5,269,-20.211507920051545,2259.537180734301,2146.5603216975796,2181.139276111111,0.9841463794667966,34.578954413531704,-0.009415765173590619,0.240056937780706,0.999645628243299,0.0,0.0,0.0,0.0,False,472.502631179408,1.3918924025252133,1440,2023-04-30,0.05,0.47543023761426884,2.6
387,5,241,38.77641420705332,2062.7065687978497,1959.5712403579669,1970.8774036111108,0.9942633858237816,11.30616325314402,0.019788213568581358,0.2088510096590482,0.957946471715564,0.0,0.0,0.0,0.0,False,870.5317085119069,3.1289786697304613,1440,2023-10-13,0.05,0.40557979436924707,2.523
388,5,206,-42.37879470430179,1882.8996702650727,1788.7546867518195,1795.628,0.9961721953276622,6.873313248180782,-0.023691786815808146,0.21520817921508772,0.9673941159392383,0.0,0.0,0.0,0.0,False,885.850960032076,2.9242740766355086,1440,2023-06-11,0.05,0.41790993115792424,2.595
389,5,157,181.28212502792417,1449.6969854264746,1377.212136155159,1380.4904158333334,0.9976252789294481,3.2782796781745396,0.1316297760300165,0.20964198089890107,0.9878073447074255,0.0,0.0,0.0,0.0,False,717.5125518716362,1.7819454427375185,1440,2023-01-17,0.05,0.41302785860482477,2.623
390,5,197,126.16657773562856,1853.4711992413827,1760.7976392793103,1771.3619969444444,0.9940360255648719,10.56435766513415,0.07165308205846312,0.21336755720885517,0.9634083715057229,0.0,0.0,0.0,0.0,False,644.787785824051,2.968806847410841,1440,2023-07-31,0.05,0.42088573781301075,2.631
391,5,166,161.83959209814822,1333.4670562124425,1266.7937034018228,1272.1329761051372,0.9958028973357317,5.339272703314219,0.12775528617133744,0.20648918494629037,1.0073145085477135,0.0,0.0,0.0,0.0,False,499.46822213780075,0.9856352240539578,1440,2023-10-25,0.05,0.4183073954372176,2.49
392,5,154,76.15062249049997,1259.6549344619245,1196.6721877388334,1199.624,0.9975393854564708,2.9518122611665256,0.063635324085195,0.2145687095639535,0.9666991031764668,0.0,0.0,0.0,0.0,False,579.3490883802071,2.9584595947080756,1440,2023-06-12,0.05,0.4310526812669114,2.718
393,5,204,49.31136399648948,1789.8355730723927,1700.343794418771,1720.7683910663052,0.9881305370591578,20.42459664753417,0.029000819809705366,0.20610162111433145,0.9903287515009053,0.0,0.0,0.0,0.0,False,875.51360489739,1.5908161092194348,1440,2023-10-11,0.05,0.42274552029360973,2.667
394,5,215,4.165378326193673,2063.6756191253926,1960.491838169131,1967.7827061648704,0.9962948815573498,7.290867995739651,0.0021246598660077296,0.21253756518914213,0.9573126435605106,0.0,0.0,0.0,0.0,False,604.0548076022549,3.3944635379326953,1440,2023-07-17,0.05,0.43442230504842033,2.662
395,5,268,170.52700924706707,2438.7074159242998,2316.7720451280875,2323.3241718070485,0.9971798482715114,6.552126678961215,0.0736054328718556,0.20517821851460258,0.9738660804663334,0.0,0.0,0.0,0.0,False,1132.8690981342493,2.365915867466236,1440,2023-10-08,0.05,0.4289777776282283,2.641
396,5,216,169.69952329150925,1797.5400231633216,1707.6630220051554,1712.559402105734,0.9971408991159325,4.89638010057851,0.09937529893470805,0.21585360544590393,0.9510436729565469,0.0,0.06944444444444445,1.500900455491723,0.0,False,771.1510232276604,3.7346270289761607,1443,2023-08-28,0.05,0.44055380745033146,2.571
397,5,141,132.958631353357,1162.7112628457257,1104.5756997034273,1111.9560364396652,0.993362744124427,7.380336736237846,0.12037077349162731,0.20054345587393918,1.003866958202882,0.0,0.0,0.0,0.0,False,492.80611752487687,1.253909839350923,1440,2023-04-07,0.05,0.42553609978685597,2.771
398,5,141,135.90674401959873,1453.4824434734137,1380.808321299737,1388.6418097281944,0.9943588847940631,7.833488428457555,0.09842549608309971,0.21277126499587684,1.002529156966151,0.0,0.0,0.0,0.0,False,436.89368218933845,1.156569441663897,1440,2023-11-09,0.05,0.4471770899207009,2.633
399,5,295,233.26349908682963,2495.4295715772605,2370.658092998412,2380.197796586021,0.9959920542732659,9.539703587609413,0.09839609506565225,0.2077406512426173,0.9870113172457509,0.0,0.0,0.0,0.0,False,1130.1864104528343,1.878820183510004,1440,2023-11-07,0.05,0.4369501387097202,2.597
400,5,146,-35.12242295461215,1162.0494627384876,1103.9469896015664,1110.840976105137,0.9937939033112169,6.893986503570686,-0.03181531657356884,0.21971757756625526,0.964102806103725,0.0,0.0,0.0,0.0,False,351.7515471677316,3.0539356248916243,1440,2023-08-08,0.05,0.4394488954359758,2.679
401,5,290,211.162537035299,2596.1255186413473,2466.3192427092886,2477.9065314336913,0.995323758754654,11.587288724402518,0.0856184930882402,0.2195569387082605,0.9968244861073575,0.0,0.0,0.0,0.0,False,686.584297542307,1.5018550324067386,1440,2023-04-03,0.05,0.41411278402666396,2.789
402,5,235,242.32542509196415,2234.147111630663,2122.439756049143,2132.7919961170815,0.9951461557963526,10.352240067938366,0.11417305221564712,0.21537222401260145,0.9593770141886241,0.0,0.0,0.0,0.0,False,838.0379807999766,3.294851367377256,1440,2023-06-22,0.05,0.3932194534513899,2.819
403,5,164,197.53809536447633,1479.9955288454148,1405.9957524031472,1410.806918888889,0.9965897767998395,4.81116648574162,0.1404969360873541,0.2205963309796924,1.000863573239761,0.0,0.0,0.0,0.0,False,377.26318783988654,1.3486894659081377,1440,2023-02-22,0.05,0.38494255012099055,2.853
404,5,197,366.5076695764179,1960.0036812172707,1862.0034971564064,1870.9066272222224,0.9952412750394526,8.903130065815574,0.19683511343353383,0.2039337408076992,0.9952298369305494,0.0,0.0,0.0,0.0,False,639.172895926111,1.4990969663756684,1440,2023-01-20,0.05,0.36579817558008637,2.669
405,5,235,296.39600246658927,2072.3358570326363,1968.7190641810253,1973.4880415860212,0.9975834779312048,4.768977404996189,0.15055271615906668,0.2041698504230568,0.9875717286665838,0.0,0.0,0.0,0.0,False,843.3357787721285,1.7466185677280877,1440,2023-01-21,0.05,0.386943687285363,2.644
406,5,228,96.41247477007124,1892.2697676332218,1797.6562792515474,1809.3562597222221,0.9935336225755391,11.699980470674856,0.05363231886031766,0.22851995786763865,0.9585554278697402,0.0,0.0,0.0,0.0,False,932.981797701186,3.3122256658448705,1440,2023-06-26,0.05,0.40313216297464494,2.683
407,5,185,112.27278841866386,1490.804141506814,1416.2639344314684,1422.5289598058434,0.995595853897252,6.265025374375087,0.07927391617420067,0.21046244928856292,0.9556782926411566,0.0,0.0,0.0,0.0,False,810.2517364789401,3.135353867631783,1440,2023-07-24,0.05,0.36108670925460834,2.76
408,5,190,91.31150990809853,1609.9052197472279,1529.409958759873,1535.0671919444444,0.9963146673876826,5.657233184571343,0.05970375005413118,0.2199181783360879,0.9549120715157451,0.0,0.0,0.0,0.0,False,642.8547262174009,3.5095667001440045,1440,2023-08-27,0.05,0.36665374268811746,2.774
409,5,246,-399.9140994773804,2217.088662553171,2106.2342294255022,2127.3716980555555,0.9900640453902,21.137468630053064,-0.18987161726379367,0.22147889180901045,0.9511754275125284,0.0,0.0,0.0,0.0,False,878.3074773537062,3.4722583047346314,1440,2023-05-28,0.05,0.3493088566135656,2.833
410,5,234,160.36570509332802,1830.2729354191674,1738.7592886482116,1751.632938888889,0.9926504863234398,12.873650240677428,0.09222996313538225,0.21308170203591117,0.9979230435301031,0.0,0.0,0.0,0.0,False,767.3561423203776,1.3579214627204215,1440,2023-11-13,0.05,0.3309254335230438,2.677
411,5,135,53.59345568895727,1236.7670770919767,1174.9287232373763,1182.6709999999998,0.9934535667462688,7.742276762623478,0.045614218657696,0.21256890506121714,0.9968987715470051,0.0,0.0,0.0,0.0,False,712.7049288802931,1.4504180175287473,1440,2023-10-22,0.05,0.3340384274496494,2.564
412,5,250,101.9536627820185,2266.1380195043075,2152.8311185290722,2163.292705328554,0.9951640447112344,10.461586799481813,0.04735794735802529,0.213151303803722,0.9919751306949816,0.0,0.0,0.0,0.0,False,741.2600862206536,1.7238433431142859,1440,2023-04-23,0.05,0.33702853068219985,2.546
413,5,205,129.49219776379397,1612.4291132832557,1531.8076576190902,1538.759292114697,0.9954823119306377,6.9516344956065685,0.08453554669198186,0.21107061265501584,1.0017773379647381,0.0,0.0,0.0,0.0,False,685.3677838832682,1.4140370356605614,1440,2023-12-19,0.05,0.33748177084454334,2.688
414,5,273,-63.312541320981744,2240.3282845599406,2128.311870331928,2135.0826658900737,0.9968287899731867,6.770795558146013,-0.02974777437627486,0.20781131905460337,0.9782614321031449,0.0,0.0,0.0,0.0,False,1064.1455821270206,2.3897679781263896,1440,2023-05-21,0.05,0.3418683528688209,2.618
415,5,226,166.14891250020713,1949.1243843930783,1851.6681651734184,1866.1710000000003,0.9922285606053347,14.502834826581946,0.08972931307302916,0.22379459330253215,0.9871473837308602,0.0,0.0,0.0,0.0,False,584.656763528714,1.9160132544172317,1440,2023-09-22,0.05,0.3521574984564202,2.659
416,5,216,237.41664990433046,1974.2712693968374,1875.5577059269908,1886.0214158333333,0.9944519665479413,10.463709906342592,0.12658456157017453,0.22062450387610721,1.0017622467039065,0.0,0.0,0.0,0.0,False,507.6468132700562,1.1207469484857249,1440,2023-03-03,0.05,0.32403588191592975,2.724
417,5,233,242.1011796175281,1974.6718378230755,1875.9382459319322,1883.2277177419287,0.9961292669275615,7.289471809996408,0.12905604976205207,0.19688635813712801,0.997348342791141,0.0,0.0,0.0,0.0,False,876.3887883607683,1.4737840065222345,1440,2023-10-26,0.05,0.3074815602278669,2.66
418,5,189,124.74338168967874,1597.3060269505227,1517.4407256030124,1527.1445341666667,0.9936457824740541,9.703808563654151,0.08220642795790738,0.2117541302472514,0.9959147754299409,0.0,0.0,0.0,0.0,False,672.5914710407872,1.3629877653255686,1440,2023-03-12,0.05,0.34661770559631444,2.618
419,5,245,217.01960302528414,2349.5601138424704,2232.0821081503746,2241.5634274193544,0.995770220394836,9.481319268980048,0.0972274282531293,0.20562012464587148,0.9898308652624627,0.0,0.0,0.0,0.0,False,979.4165904180053,1.6512781789672448,1440,2023-11-25,0.05,0.34462981673643844,2.628
420,5,174,-74.83528828532482,1540.8426514897897,1463.8005189153039,1474.979,0.9924212608554452,11.17848108469629,-0.051123966222377616,0.2134960609027437,0.96575954402248,0.0,0.0,0.0,0.0,False,537.88126066408,2.874677871568651,1440,2023-05-27,0.05,0.3562533117392799,2.63
421,5,281,204.60622854814983,2395.744647629682,2275.957415248193,2291.4274997222224,0.9932487130943899,15.470084474029559,0.08989897050680869,0.22202263456285176,0.994336869226042,0.0,0.0,0.0,0.0,False,803.3634978231885,1.5855814381870874,1440,2023-11-23,0.05,0.34755024493129694,2.527
422,5,247,254.49977609744408,2368.330217539458,2249.9137066624717,2264.115350621262,0.9937275086470777,14.2016439587906,0.11311534986600431,0.19742497045845037,0.9972036786447087,0.0,0.0,0.0,0.0,False,667.9240676961786,1.3540995793770747,1440,2023-12-12,0.05,0.3207281977045303,2.452
423,5,163,46.099712136215906,1323.638515518116,1257.4565897422117,1262.8525436081236,0.9957271702913983,5.395953865911906,0.036661076423852294,0.19807354657361576,0.9604905684805629,0.0,0.0,0.0,0.0,False,548.4917689801263,3.2383218828224414,1440,2023-08-02,0.05,0.3535141724298775,2.531
424,5,279,307.74457947703263,2377.797428660509,2258.9075572274674,2272.960563545396,0.9938173118604361,14.053006317928338,0.13623602191793605,0.19803246447382447,0.9870757188933483,0.0,0.0,0.0,0.0,False,1096.0644025601991,1.6787228550614017,1440,2023-02-21,0.05,0.3784124074281107,2.582
425,5,147,59.253623982533384,1153.9780444003197,1096.2791421803,1103.2122296893663,0.9937155450941488,6.9330875090660715,0.05404975950257404,0.21817325697385695,0.9778734912764404,0.0,0.0,0.0,0.0,False,403.8401378292159,2.458166044708903,1440,2023-10-04,0.05,0.39851975282254676,2.609
426,5,286,205.80520457745723,2498.0768953328147,2373.1730505661762,2381.348399641577,0.9965669244044125,8.175349075400883,0.08672153281378177,0.2062678979442838,0.9922442460104166,0.0,0.0,0.0,0.0,False,948.8423015551635,1.743105762246631,1440,2023-03-31,0.05,0.36938722278933145,2.543
427,5,190,236.33879835903917,1598.9926055800152,1519.0429753010083,1523.3579761051371,0.9971674413553396,4.315000804129037,0.15558401059206842,0.20637997006790876,0.9928863908882144,0.0,0.0,0.0,0.0,False,761.2091706850149,1.3848903511859703,1440,2023-02-07,0.05,0.37195959373060594,2.592
428,5,186,87.50772327244336,1406.997531474351,1336.6476549006366,1341.1315946863751,0.9966565996927489,4.483939785738727,0.06546805581232137,0.19414259297846664,0.9875528078904737,0.0,0.0,0.0,0.0,False,765.7545558039625,2.0060527924633393,1440,2023-03-26,0.05,0.3734519333082551,2.698
429,5,222,161.25272698382304,2082.2181498355053,1978.1072423437358,1984.1324804091955,0.9969632884270827,6.025238065459568,0.08151869804225818,0.20044686980860388,0.9619571276629489,0.0,0.0,0.0,0.0,False,1038.8700074958324,3.182608103632469,1440,2023-07-06,0.05,0.4018609049182237,2.601
430,5,123,114.04506615257043,1192.1026014678541,1132.497471394457,1135.3302347670246,0.9975048992039317,2.832763372567612,0.10070227001226363,0.20031786294697995,1.0093886891703927,0.0,0.0,0.0,0.0,False,469.61711162771724,0.9419265602862664,1440,2023-04-20,0.05,0.4106963296894665,2.536
431,5,293,227.90594652044186,2519.5817792531793,2393.6026902905496,2401.643,0.9966521628279263,8.040309709450177,0.0952146099454698,0.2034666238094727,0.9517730451835221,0.0,0.0,0.0,0.0,False,926.6587121250557,3.5713625252812156,1440,2023-08-31,0.05,0.4180325914546844,2.56
432,5,273,151.5152781426109,2467.666151069136,2344.282843515687,2351.984071430704,0.9967256462284066,7.7012279150168395,0.06463182485070172,0.20916938982274103,0.9923895593238246,0.0,0.0,0.0,0.0,False,812.5181167633552,1.7286051035427823,1440,2023-04-01,0.05,0.41680099577890106,2.613
433,5,248,212.56308343242796,2186.6535634910156,2077.320885316458,2085.920213859014,0.9958774412916556,8.599328542555789,0.10232558914461895,0.20453738667817256,0.990727618663397,0.0,0.0,0.0,0.0,False,925.2523055112362,1.520082483708762,1440,2023-04-26,0.05,0.40281116451794696,2.649
434,5,138,82.49440884592266,1095.7590006519208,1040.9710506193287,1043.355229689366,0.997714892299196,2.38417907003727,0.0792475533271001,0.19450534645558776,0.9659664897276994,0.0,0.0,0.0,0.0,False,646.8070811520045,2.9810111062946554,1440,2023-08-14,0.05,0.40158283709332565,2.534
435,5,253,224.02867993883459,2355.4774887773974,2237.7036143385303,2245.775495651126,0.9964057487811107,8.071881312596249,0.10011543910611143,0.19230780595057606,0.988151869158886,0.0,0.0,0.0,0.0,False,1040.0196955371616,1.6266306467134617,1440,2023-04-26,0.05,0.4229453963205359,2.513
436,5,188,82.51554496377248,1580.7436928749992,1501.7065082312474,1506.7318799999998,0.9966647206211948,5.025371768752266,0.054947850669543705,0.19763831205713034,0.9900958350191942,0.0,0.0,0.0,0.0,False,772.8901847758008,1.523582915702908,1440,2023-10-22,0.05,0.44525464251580105,2.554
437,5,296,250.06655115564146,2692.844276907503,2558.202063062118,2561.6475630704863,0.9986549671945355,3.4455000083685094,0.0977508988700903,0.18765060265673883,0.9610982036070531,0.0,0.0,0.0,0.0,False,1523.566716039714,2.747337830787137,1440,2023-04-24,0.05,0.45149301043473716,2.603
438,5,260,340.4090064354921,2398.1000901877146,2278.195085678324,2284.4840227777777,0.9972471083024662,6.288937099453749,0.14942048140453107,0.1819763757595091,0.9835884300285546,0.0,0.0,0.0,0.0,False,980.6664017767841,1.8866897065315202,1440,2023-01-21,0.05,0.4790741353179105,2.552
439,5,168,137.9681114668231,1476.5992672912805,1402.7693039267212,1406.1025914456375,0.9976294137147638,3.333287518916374,0.09835409933808359,0.20080840940011904,0.97908316319459,0.0,0.0,0.0,0.0,False,866.7173748142347,2.0479988992727076,1440,2023-04-24,0.05,0.5145235156103791,2.644
440,5,156,170.57210183832586,1208.9112887580868,1148.4657243201777,1151.5774997013136,0.9972978150563527,3.111775381135752,0.148521717475978,0.1931782727810373,1.0051080748749524,0.0,0.0,0.0,0.0,False,499.1081816941631,1.1441139641737694,1440,2023-11-29,0.05,0.5014121253650061,2.621
441,5,166,85.90893541731754,1262.335157567231,1199.2183996888793,1202.917054363799,0.9969252620856092,3.6986546749194775,0.07163743938519074,0.19542374421193653,0.9668733321394566,0.0,0.0,0.0,0.0,False,640.044525388688,2.9273989671164053,1440,2023-06-08,0.05,0.5080504000916357,2.523
442,5,225,241.0966529456248,1945.0511193676477,1847.7985633992619,1850.246048611111,0.9986772109505725,2.447485211849255,0.13047777919152437,0.19925776856828317,0.991818757952938,0.0,0.0,0.0,0.0,False,861.5621615347039,1.525722528621066,1440,2023-10-16,0.05,0.5086497955143643,2.493
443,5,196,176.0143015383225,1598.660594191272,1518.7275644817157,1527.0823050208965,0.9945289520337501,8.354740539180796,0.11589590236902662,0.20452861037047587,0.999733656345271,0.0,0.0,0.0,0.0,False,724.1097576390445,1.3735255626767848,1440,2023-02-05,0.05,0.5007315698401703,2.611
444,5,201,175.41319062593985,1890.8533920441907,1796.3107224419791,1802.2344525806416,0.9967131190227885,5.923730138662429,0.09765191981233397,0.20611779180080383,0.9916750201175704,0.0,0.0,0.0,0.0,False,914.4196569408341,1.8140604953172577,1440,2023-11-07,0.05,0.48257470681746745,2.607
445,5,173,118.56813948988848,1645.132280654984,1562.8756666222332,1568.996668888889,0.9960987793103535,6.121002266655615,0.07586536921784956,0.20908451517868037,0.9946220195410713,0.0,0.0,0.0,0.0,False,576.4290156759112,1.46451869447791,1440,2023-11-06,0.05,0.46424712766254345,2.616
446,5,277,335.3353612507605,2568.535954662461,2440.109156929332,2452.4451355555557,0.9949699267692571,12.33597862622344,0.13742637713500952,0.20095013147815724,0.9909504930980837,0.0,0.0,0.0,0.0,False,720.3245717699872,1.5013843197312269,1440,2023-02-23,0.05,0.44260404714834184,2.501
447,5,237,296.0841826895689,2027.5265482122925,1926.1502208016823,1930.7871530495818,0.9975984239171181,4.6369322478991535,0.15371811580009362,0.21654974488022477,0.9952117926232106,0.0,0.0,0.0,0.0,False,889.822653938469,1.5237012859559786,1440,2023-02-07,0.05,0.4431377203042235,2.581
448,5,132,98.24680255381908,1192.5170606148597,1132.8912075841117,1139.034,0.9946070157555539,6.14279241588822,0.08672218646954653,0.21377017006270235,0.9568228556339212,0.0,0.0,0.0,0.0,False,609.1230031413554,3.293206516083938,1440,2023-07-28,0.05,0.4084180221003691,2.614
449,5,292,223.54806450667368,2728.216409316934,2591.8055888511144,2615.6226888888887,0.990894290625728,23.817100037774612,0.08625186451803556,0.20740899068037766,0.969937905118084,0.0,0.0,0.0,0.0,False,831.7828355730089,2.7930637313598954,1440,2023-05-24,0.05,0.38606881963269973,2.572
450,5,120,62.27880106203765,1027.0181403508727,975.667233333333,977.306,0.998323179570506,1.6387666666669505,0.0638320104788846,0.20687824371333718,0.9996795902752476,0.0,0.0,0.0,0.0,False,379.22327434647434,1.4436218152432156,1440,2023-04-27,0.05,0.3818136027656597,2.647
451,5,147,140.45103217134664,1279.2044005734315,1215.2441805447615,1219.6309999999999,0.9964031584510082,4.386819455238469,0.11557433017978838,0.20209552759009908,1.0035042233356255,0.0,0.0,0.0,0.0,False,538.4049185044004,1.1756961666773635,1440,2023-11-20,0.05,0.3792331604138499,2.659
452,5,151,118.47866850438324,1235.2082770889451,1173.4478632344967,1178.8260436559135,0.9954376810299022,5.378180421416633,0.10096628253922431,0.2050522100223036,0.9527490317330671,0.0,0.0,0.0,0.0,False,456.4218712938404,3.5655553303758665,1440,2023-08-29,0.05,0.38758600562402085,2.613
453,5,213,98.31427493125598,1861.65214775486,1768.5695403671257,1779.9198400029811,0.993623139997228,11.350299635855308,0.0555897139961189,0.20848529224429313,1.0006533061321565,0.0,0.0,0.0,0.0,False,533.8951620728972,1.3582091623615984,1440,2023-12-22,0.05,0.3875109699401926,2.59
454,5,269,204.82792707834307,2129.749739996798,2023.2622529969374,2030.751905761648,0.9963118819470458,7.489652764710478,0.10123646935781247,0.20589371605664145,0.9779316137187003,0.0,0.0,0.0,0.0,False,954.4580320965724,2.423284840087927,1440,2023-09-26,0.05,0.3794738958925383,2.585
455,5,242,116.80316912914735,2045.4457137516317,1943.1734280640505,1951.1460605555556,0.9959138720300442,7.972632491505081,0.060109492772097185,0.21113726431047322,0.9574140820980066,0.0,0.0,0.0,0.0,False,1013.3183130700723,3.3846569639352304,1440,2023-06-06,0.05,0.37845101846441653,2.546
456,5,135,14.10833990563311,1271.707234260327,1208.1218725473123,1211.6327363888888,0.9971023696074437,3.510863841576428,0.011677911166268205,0.21155694234324768,0.9707159752812529,0.0,0.0,0.0,0.0,False,505.39100263834007,2.7074711571027024,1440,2023-05-23,0.05,0.3655400471479655,2.541
457,5,209,253.429170078252,1756.9024858455298,1669.0573615532517,1677.4142096774162,0.9950180175677827,8.356848124164861,0.15183970060945465,0.20877750475843168,0.9947277429525161,0.0,0.0,0.0,0.0,False,787.684313757627,1.465695657000521,1440,2023-02-04,0.05,0.3537101313055385,2.59
458,5,221,254.2996962122015,1776.997071066309,1688.1472175129957,1691.93297663082,0.9977624650798149,3.7857591178242394,0.1506383410013492,0.21123282104487984,0.9890388707281695,0.0,0.0,0.0,0.0,False,892.8422859381532,1.586306273124871,1440,2023-02-04,0.05,0.3499220860802706,2.595
459,5,285,20.48527917825496,2548.4478911524834,2421.0254965948607,2431.7471123536397,0.9955909824239899,10.721615758779274,0.008461405799760154,0.21311811969793984,0.9983794880101057,0.0,0.0,0.0,0.0,False,757.6528813554085,1.3739219740732556,1440,2023-04-11,0.05,0.34092831301762627,2.656
460,5,160,194.64409857816958,1627.7183313319338,1546.3324147653416,1562.689,0.9895330515319053,16.356585234658475,0.1258746804500681,0.21962881664249062,1.0108941164616505,0.0,0.0,0.0,0.0,False,410.1876770056786,0.9351265103082284,1440,2023-03-02,0.05,0.32892973154588184,2.609
461,5,253,166.99479241038296,2239.9964144445617,2127.996593722314,2136.9028188888888,0.9958321805335043,8.90622516657472,0.07847512204813914,0.21908750590849652,0.9620975196121644,0.0,0.0,0.0,0.0,False,1084.0619527934423,3.135821600908554,1440,2023-07-06,0.05,0.30402589225835,2.59
462,5,199,-48.09366532679001,1772.8021305850841,1684.162024055831,1690.9841721146965,0.9959655754492758,6.822148058865696,-0.028556436162222643,0.215173858108738,0.9942011050873719,0.0,0.0,0.0,0.0,False,777.9422132240277,1.4278914970409877,1440,2023-04-30,0.05,0.2843393291476868,2.669
463,5,279,278.50266379135445,2356.2768403602618,2238.4629983422237,2253.0738120758624,0.993515164192434,14.610813733638583,0.1244169164277497,0.21444963474910733,0.9941922178427813,0.0,0.0,0.0,0.0,False,927.2076401919181,1.5238468983907185,1440,2023-12-02,0.05,0.276441410913188,2.591
464,5,266,330.4557959507262,2384.2431247724835,2265.030968533848,2278.1820439695334,0.9942273816657905,13.151075435685705,0.14589460388907172,0.21204431680464955,0.9981823306525834,0.0,0.0,0.0,0.0,False,905.5562984624339,1.4104239634863474,1440,2023-11-29,0.05,0.27099388597932106,2.53
465,5,140,157.73180023906264,1153.7334816095913,1096.0468075291021,1107.0164413888888,0.9900908121599135,10.969633859786798,0.14390973009140812,0.22296432295906077,1.009127013605458,0.0,0.0,0.0,0.0,False,450.9225550776441,0.9263457452098509,1440,2023-11-28,0.05,0.2713253496698022,2.515
466,5,168,197.69466101022786,1354.250875401226,1286.5383316311654,1296.842626045396,0.9920543216213886,10.304294414230341,0.1536640270636759,0.21588912101570568,0.9830987062527259,0.0,0.0,0.0,0.0,False,582.8802185761251,1.8434758752049158,1440,2023-01-02,0.05,0.24641829093452938,2.643
467,5,155,35.71530509096883,1311.7178538632054,1246.1319611700355,1254.1511230555552,0.9936059046329423,8.019161885519647,0.02866093335527204,0.20580415318605527,1.0040381702514807,0.0,0.0,0.0,0.0,False,551.5015448912941,1.1331856864464538,1440,2023-10-21,0.05,0.24126363217090702,2.582
468,5,151,45.73248054223322,1292.091853276894,1227.4872606130457,1232.7383034647512,0.9957403425877602,5.251042851705434,0.03725698995800004,0.21488233439854681,1.0028451778500287,0.0,0.0,0.0,0.0,False,439.8262006587703,1.27671483952249,1440,2023-12-29,0.05,0.25903662672593725,2.581
469,5,131,98.96511739341334,1136.5318292511017,1079.705237788553,1094.5605723506565,0.986428037938366,14.855334562103536,0.09165938436689741,0.22080446487648744,1.0018006857928696,0.0,0.0,0.0,0.0,False,424.72082412704276,1.2669501235505318,1440,2023-12-15,0.05,0.25253890698255277,2.565
470,5,272,166.6110949513841,2294.278988021482,2179.5650386204024,2197.204271935483,0.9919719647643218,17.639233315080947,0.07644235982829115,0.2214841642741562,0.9926346622633178,0.0,0.0,0.0,0.0,False,873.8676726917217,1.5189165377635183,1440,2023-12-20,0.05,0.23327182089255138,2.678
471,5,270,281.9675100353168,2480.8025269249792,2356.7624005787175,2379.916209677416,0.9902711662685649,23.153809098698886,0.11964189091190439,0.2203552164261756,0.9863904981087388,0.0,0.0,0.0,0.0,False,1038.6526282510986,1.7230586836600401,1440,2023-01-11,0.05,0.2152886051319712,2.788
472,5,198,111.09481069976455,1761.5111470150641,1673.4355896643074,1688.2931063888889,0.9911996816972377,14.857516724581531,0.06638726425201119,0.225199661984103,0.9781132171321899,0.0,0.0,0.0,0.0,False,494.8645623061132,2.371297270129895,1440,2023-05-07,0.05,0.20236795696775559,2.811
473,5,294,92.14225134848596,2642.7825802182333,2510.6434512073006,2527.034508611111,0.9935137184126468,16.39105740381052,0.03670065190028367,0.210510013082096,0.955999521901793,0.0,0.0,0.0,0.0,False,1051.0322572605237,3.1483592553851865,1440,2023-08-12,0.05,0.18011367510973772,2.646
474,5,256,37.91846577045317,2424.590105807443,2303.360600517093,2313.760011111111,0.9955054065486144,10.399410594018045,0.016462235987687146,0.208997205072804,0.9920432188096466,0.0,0.0,0.0,0.0,False,822.1086168553929,1.4417665493820133,1440,2023-04-11,0.05,0.19410197655363398,2.786
475,5,122,88.51591404319656,1133.3525305249684,1076.6849039987114,1083.8222347670248,0.9934146665944276,7.137330768313133,0.0822115307036036,0.22135707753400047,0.9560501113125621,0.0,0.0,0.0,0.0,False,318.3189860282755,3.396674898348992,1440,2023-09-02,0.05,0.20817093507555318,2.582
476,5,242,-81.89980141119514,2181.9597908152637,2072.8618012744832,2082.9853691666667,0.9951398756601764,10.123567892183347,-0.03951049769012081,0.22026739286418773,0.9797949010804115,0.0,0.0,0.0,0.0,False,1033.3506032083255,2.343523888585128,1440,2023-05-21,0.05,0.1911665286017563,2.593
477,5,262,64.82740746911375,2231.8791775893524,2120.2852187098906,2131.6099999999997,0.9946872170377747,11.324781290109108,0.03057485233451689,0.2157832108088565,1.000897791329192,0.0,0.0,0.0,0.0,False,655.9599828269709,1.2530467901541962,1440,2023-10-21,0.05,0.17894694005309747,2.585
478,5,244,197.82936832017663,2003.5724686271476,1903.3938451957965,1910.4431069235357,0.9963101430750844,7.0492617277389025,0.10393506778405417,0.20430994527024784,0.9867752615541547,0.0,0.0,0.0,0.0,False,933.8470518722313,1.6904995310029605,1440,2023-02-20,0.05,0.17824730919545623,2.621
479,5,251,301.03165052455597,2345.2843145737284,2228.020098845027,2232.6438858333336,0.997929008285806,4.623786988306743,0.13511173022209555,0.2106008426861818,1.0005125712554064,0.0,0.0,0.0,0.0,False,596.0520378523142,1.2606354838114853,1440,2023-02-08,0.05,0.20271329143076994,2.639
480,5,218,176.77902397455324,1953.1474379340789,1855.4900660373798,1860.142,0.9974991511601694,4.651933962620188,0.0952734952400397,0.21204263240477056,0.9940730532879877,0.0,0.0,0.0,0.0,False,721.5477406367503,1.3787328108511419,1440,2023-12-11,0.05,0.20791606076965707,2.663
481,5,284,292.7901051217609,2406.6030959918826,2286.2729411922815,2297.7691511977264,0.9949967950438134,11.49621000544523,0.12806437055108222,0.20871901272430263,0.9907778810126212,0.0,0.0,0.0,0.0,False,998.5056211599182,1.504756227095795,1440,2023-10-25,0.05,0.20830420723963297,2.762
482,5,294,28.550630275129425,2468.50360960235,2345.0784291222426,2357.7427825567484,0.9946286110901493,12.664353434505827,0.012174701673332034,0.21349760230063133,0.951407870075557,0.0,0.0,0.0,0.0,False,928.0334695918052,3.4399660286983753,1440,2023-06-03,0.05,0.21549073707642802,2.717
483,5,168,293.416159716108,1518.0832191817965,1442.1790582227104,1452.232,0.9930775924388875,10.052941777289673,0.20345334932106385,0.2054142541049492,0.9990825411965067,0.0,0.0,0.0,0.0,False,683.5329811572633,1.254859613197179,1440,2023-11-30,0.05,0.21005218376290935,2.686
484,5,169,122.78887869685694,1495.7866861332761,1420.997351826621,1429.6950000000002,0.9939164310056486,8.697648173379104,0.08641035012417017,0.213533882508649,0.9556910456280256,0.0,0.0,0.0,0.0,False,550.4641249198663,3.4482665645135673,1440,2023-07-18,0.05,0.2232139944373476,2.795
485,5,249,212.33924646579416,1987.8471086186928,1888.4547531877608,1898.1965206093187,0.9948678825844488,9.741767421557553,0.1124407381788523,0.19972071962639387,0.9936309734500186,0.0,0.0,0.0,0.0,False,785.7046468509789,1.4826299861629866,1440,2023-12-12,0.05,0.21520356636332622,2.744
486,5,162,-52.535598548122344,1342.4408960510573,1275.3188512485053,1281.9824887813636,0.9948020838106825,6.663637532857999,-0.041194089224581995,0.20653629169400925,0.9622135874565136,0.0,0.0,0.0,0.0,False,575.0576691244762,3.131167593096032,1440,2023-08-08,0.05,0.23919814626375074,2.61
487,5,162,176.24467277458223,1519.9837151825247,1443.9845294234028,1448.9244274193545,0.9965906448242093,4.939897995951711,0.12205440514307896,0.2087293736348682,0.9947200267160218,0.0,0.0,0.0,0.0,False,457.07070392943933,1.6463571632714913,1440,2023-03-05,0.05,0.24307273705063603,2.656
488,5,229,91.27927055076479,1877.1046235296712,1783.2493923531983,1790.5892239456375,0.9959008847510734,7.33983159243923,0.051187047051400654,0.20707505532657325,0.9611016677281813,0.0,0.0,0.0,0.0,False,964.6113265977076,3.239536751695367,1440,2023-06-26,0.05,0.24091116072851118,2.73
489,5,133,104.80370433978835,1160.108921911756,1102.1034758161622,1103.058106388889,0.9991345600316089,0.9546305727266968,0.09509425080269891,0.2066301138771038,0.9857738789140493,0.0,0.0,0.0,0.0,False,446.7058124234478,2.0842405699490376,1440,2023-09-28,0.05,0.2424676471827315,2.67
490,5,148,81.6161277610306,1075.7442521389476,1021.9570395319979,1025.8521811260455,0.9962030186554051,3.8951415940474585,0.0798625818932726,0.22020356092755294,0.9666407884380823,0.0,0.0,0.0,0.0,False,476.9398011621166,2.966369298622676,1440,2023-08-14,0.05,0.24436020184108537,2.719
491,5,254,88.34012416252152,1968.0350948670136,1869.6333401236589,1878.0919005226997,0.9954961946235502,8.458560399040598,0.04724997263724375,0.20218121158442237,0.9682589153192415,0.0,0.0,0.0,0.0,False,821.9020989396346,2.825201085039538,1440,2023-07-25,0.05,0.21500248401040273,2.705
492,5,236,161.45490872381913,2126.8180953369597,2020.477190570111,2032.1139594444448,0.9942735648164558,11.636768874333601,0.07990929542652346,0.2089093501089006,0.9958761742209639,0.0,0.0,0.0,0.0,False,735.1799878407352,1.5605518121675874,1440,2023-11-06,0.05,0.23105641772152274,2.659
493,5,127,70.67339108173664,1054.310363473015,1001.5948452993676,1005.7000000000002,0.995918112060622,4.105154700632404,0.07056085742994514,0.20908498855850755,0.9651280441407974,0.0,0.0,0.0,0.0,False,430.2716093257035,2.9936354972011525,1440,2023-06-12,0.05,0.22865219243112161,2.701
494,5,251,160.16451673354877,2325.8623316392673,2209.569215057302,2217.8346296206682,0.9962732052007051,8.265414563366441,0.07248676151083827,0.19807768568189085,0.9837458265508927,0.0,0.0,0.0,0.0,False,1143.3987809310975,1.8929608673761333,1440,2023-03-14,0.05,0.22588815818174002,2.582
495,5,246,125.07829224310319,2360.29222570932,2242.2776144238474,2252.06260334528,0.9956550990603469,9.78498892143274,0.05578180482136331,0.20194760605498188,0.9572934793906094,0.0,0.0,0.0,0.0,False,932.9687957415082,3.394366180184184,1440,2023-06-02,0.05,0.247989112826697,2.693
496,5,217,107.75402700620722,1927.592233626449,1831.2126219451188,1836.246261111111,0.9972587341509704,5.033639165992446,0.05884299054893506,0.20460086391564855,0.9793531251985136,0.0,0.0,0.0,0.0,False,996.0366993763371,1.9412574441243802,1440,2023-07-09,0.05,0.2570586714191132,2.779
497,5,171,136.7488254820971,1650.4267039085619,1567.9053687131332,1576.6022347670246,0.9944837918771715,8.696866053891501,0.08721752486525028,0.20280571031848216,0.9537231486747618,0.0,0.0,0.0,0.0,False,690.8805403344882,3.4151475042801933,1440,2023-07-28,0.05,0.25824710780379706,2.703
498,5,155,23.095121292952182,1205.303011333356,1145.0378607666894,1153.7616046146968,0.9924388679488769,8.723743848007627,0.020169744673323074,0.19520213304429507,0.9698512591037457,0.0,0.0,0.0,0.0,False,654.1319281830465,2.805825534482601,1440,2023-07-05,0.05,0.26300690930938614,2.636
499,5,208,215.25315460539696,1875.8948076522188,1782.1000672696032,1789.7932502777778,0.9957016359252776,7.693183008174543,0.12078623336521799,0.20005025768878423,0.9886054351457514,0.0,0.0,0.0,0.0,False,742.5343767777574,1.8454186369909353,1440,2023-10-12,0.05,0.2837825138648542,2.718
500,5,152,171.02686832199439,1419.9429788307295,1348.9458298891764,1353.3414533333334,0.9967520218690336,4.395623444156902,0.12678557176461655,0.18583559794099572,0.9993555686517622,0.0,0.0,0.0,0.0,False,597.7870970303652,1.20709342544004,1440,2023-11-27,0.05,0.2897346104069133,2.678
501,5,281,88.5588351507639,2613.7015210906025,2483.016445036048,2492.783249423536,0.996081968061304,9.766804387487234,0.03566582707408457,0.19127407492746148,0.9755165750152285,0.0,0.0,0.0,0.0,False,1016.723705485201,2.147515965159939,1440,2023-09-09,0.05,0.3264767591886455,2.757
502,5,281,140.3951104696092,2596.6976712506143,2466.8627876880805,2473.001613500591,0.9975176620269889,6.1388258125105,0.05691241165512335,0.1942154497560999,0.9515514649881136,0.0,0.0,0.0,0.0,False,1008.9182837766577,3.4368080832642445,1440,2023-06-02,0.05,0.3443421250974335,2.67
503,5,164,203.55614100079293,1748.0433721058755,1660.6412035005887,1663.493,0.9982856576496497,2.8517964994111975,0.12257683391915235,0.1807373739269853,0.9960772972484355,0.0,0.0,0.0,0.0,False,769.1662648249956,1.5539115090829323,1440,2023-01-29,0.05,0.35245262071365446,2.584
504,5,299,56.222936937789754,2770.1845512912128,2631.675323726622,2638.26139163082,0.9975036332923302,6.586067904197475,0.02136393362467466,0.20542084562347976,0.9920233653790093,0.0,0.0,0.0,0.0,False,749.4535937531372,1.4667894879732322,1440,2023-10-15,0.05,0.38955591533433404,2.666
505,5,204,165.4234416812005,1631.5968990222416,1550.0170540711156,1556.0834405615278,0.9961015030863491,6.066386490412144,0.1067236268444378,0.1879203322232529,0.964079295280864,0.0,0.0,0.0,0.0,False,803.9837885562223,3.039758004646185,1440,2023-06-28,0.05,0.36466387101741593,2.698
506,5,210,143.01029268016723,1820.3852274285969,1729.365966057159,1739.2568530197086,0.9943131533761808,9.890886962549557,0.08269521633192616,0.19625373921129552,0.9859138796392286,0.0,0.0,0.0,0.0,False,931.9349444529239,2.026585414786288,1440,2023-12-09,0.05,0.38385534843321784,2.701
507,5,184,141.511589442656,1711.5366296872464,1625.9597982028763,1628.9716272222222,0.9981510856487527,3.011829019345799,0.08703264963811802,0.20322432587839617,0.992454422493127,0.0,0.0,0.0,0.0,False,768.2403229238901,1.548788177688837,1440,2023-03-31,0.05,0.3810623480316009,2.729
508,5,286,216.6158031368847,2682.4800683261847,2548.356064909879,2557.9852096774166,0.9962356526804345,9.629144767537563,0.08500217301640899,0.20806344603762283,0.9944700490658168,0.0,0.0,0.0,0.0,False,864.130222941201,1.4244880943370275,1440,2023-11-14,0.05,0.363331440748766,2.592
509,5,154,104.49917759744162,1386.8189710582596,1317.4780225053548,1320.4995230555555,0.9977118503282688,3.0215005502007073,0.07931758694442805,0.1922391644225106,0.9986225861897506,0.0,0.0,0.0,0.0,False,604.0570570887234,1.3032982497784924,1440,2023-12-18,0.05,0.3380974782703184,2.524
510,5,162,169.19324257043803,1668.3581190440805,1584.9402130918743,1587.816607222222,0.9981884594749391,2.876394130347784,0.106750551959546,0.19291101415623038,0.9562169091522411,0.0,0.0,0.0,0.0,False,670.0490935387381,3.412324727278348,1440,2023-08-23,0.05,0.3531117696196816,2.556
511,5,205,220.87405587626247,1986.0938915698862,1886.7891969913958,1891.2164883363143,0.9976590245631725,4.427291344918361,0.11706345161847442,0.20088845290402096,0.9939196018238736,0.0,0.0,0.0,0.0,False,962.8158726207189,1.581510525631353,1440,2023-02-05,0.05,0.3639995825771772,2.673
512,5,206,52.95800255062415,1996.488744849522,1896.6643076070554,1904.8290000000002,0.9957136874790625,8.164692392944682,0.027921652945237904,0.2014563958752709,0.961111874672281,0.0,0.0,0.0,0.0,False,767.3826402077739,3.054077491982874,1440,2023-09-03,0.05,0.3551150450528333,2.646
513,5,152,52.945757932644234,1273.1437945799012,1209.4866048509025,1213.4225774970125,0.9967563050835687,3.9359726461101014,0.04377539835521455,0.20337221085286772,0.9810798644958421,0.0,0.0,0.0,0.0,False,585.3269122577037,2.3114151910115885,1440,2023-09-30,0.05,0.34668512070284485,2.531
514,5,288,334.6221955689886,2567.201296573006,2438.8412317443513,2456.3325105346466,0.9928791078914279,17.491278790295592,0.13720540362098693,0.20388527841657023,0.986627373812173,0.0,0.0,0.0,0.0,False,1177.6543831344725,2.0111691268489533,1440,2023-02-03,0.05,0.33555777772949763,2.648
515,5,264,220.88965835342736,2228.4867447333845,2117.0624074966945,2132.809782556749,0.9926166059491828,15.747375060054337,0.10433781147463517,0.19619072479836047,0.9901963008351481,0.0,0.0,0.0,0.0,False,1032.5457486468042,1.6236680953119738,1440,2023-03-21,0.05,0.32533289078984584,2.747
516,5,240,145.52000039417004,2180.3724083235006,2071.3537879073274,2080.795453333333,0.9954624730600594,9.441665426005823,0.07025357099483608,0.19673599604030398,0.9587452858870669,0.0,0.0,0.0,0.0,False,1164.35649798845,3.264434868723235,1440,2023-06-05,0.05,0.33427146295826793,2.773
517,5,231,164.5889911547095,2173.583844982519,2064.9046527333758,2077.9066260453997,0.9937427538133565,13.00197331202431,0.07970779228805464,0.2066350025802029,0.9510000788740383,0.0,0.4861111111111111,4.069310291321013,0.0,False,937.1462744774788,3.302700670826797,1459,2023-07-24,0.05,0.3403859241587146,2.736
518,5,286,190.275277264937,2382.9316970988652,2263.7851122439024,2271.8183381690515,0.9964639664227628,8.033225925149123,0.08405182816859012,0.20410769786362123,0.9529826805297241,0.0,0.0,0.0,0.0,False,1137.7505446084137,3.4666265919748906,1440,2023-07-18,0.05,0.3231679286022842,2.874
519,5,171,83.63189438534538,1601.8486224818619,1521.7561913577497,1525.8822114695336,0.9972959773167483,4.126020111783923,0.05495748587079962,0.2063890625643735,0.9944617716588214,0.0,0.0,0.0,0.0,False,753.3589508412955,1.492660467801374,1440,2023-10-22,0.05,0.3147482176404385,2.708
520,5,162,-93.40462262093125,1364.0731729752727,1295.8695143265193,1300.0958133333334,0.9967492403533104,4.2262990068140365,-0.0720787252021087,0.20068179907313807,0.965727814770845,0.0,0.0,0.0,0.0,False,651.8399024332753,2.9288557461203943,1440,2023-05-27,0.05,0.3026739934010882,2.663
521,5,296,159.33752912425962,2631.401699051832,2499.8316140992592,2509.7033691666666,0.9960665650017894,9.871755067407724,0.06373930476980234,0.1987759474020463,0.9828950899262919,0.0,0.0,0.0,0.0,False,965.2248404154691,1.9053894132726188,1440,2023-04-01,0.05,0.305536503736669,2.742
522,5,130,94.66422053042126,1161.2201154131587,1103.1591096425068,1110.2889999999998,0.9935783472974217,7.129890357493061,0.08581193746484897,0.19685998038316607,1.0009646177828573,0.0,0.0,0.0,0.0,False,394.354257863533,1.3644539363054742,1440,2023-11-18,0.05,0.3120805883114333,2.86
523,5,182,171.76905050638916,1685.592958347202,1601.313310429835,1609.482303464751,0.9949244592392655,8.168993034916111,0.1072676092727174,0.2090850912111775,0.9878175145898392,0.0,0.0,0.0,0.0,False,570.530591960254,1.970099233478722,1440,2023-09-11,0.05,0.32168798439362295,2.639
524,5,132,197.96418504392693,1095.938690538535,1041.141756011616,1046.3931630316529,0.9949814207455042,5.251407020036822,0.1901414326155585,0.20384731775445708,0.9964130424048588,0.0,0.0,0.0,0.0,False,530.0029423390095,1.3947722105357379,1440,2023-01-25,0.05,0.3020244028771906,2.6
525,5,241,217.97671175664317,1957.1486055521736,1859.29117527455,1867.5770000000002,0.9955633289950292,8.285824725450013,0.11723645798752093,0.19776991026787177,0.9859042221697593,0.0,0.0,0.0,0.0,False,1035.0275512707137,1.8100396072869254,1440,2023-04-07,0.05,0.29762427338110686,2.586
526,5,283,222.15757119331468,2540.206706841515,2413.196371499451,2422.200808888889,0.9962825388562361,9.0044373894378,0.0920594667790239,0.20026677999701542,0.9776928692088539,0.0,0.0,0.0,0.0,False,1241.040358785755,2.0498031119156574,1440,2023-12-07,0.05,0.30758597074133387,2.566
527,5,252,31.899533282933664,2282.964372751374,2168.8161541138147,2180.4361536111114,0.9946707912185128,11.619999497296163,0.014708269865302583,0.209329747096641,0.9752058385162379,0.0,0.0,0.0,0.0,False,856.0845096566803,2.5788455103585264,1440,2023-10-14,0.05,0.31004887622554866,2.636
528,5,272,30.518574364703294,2699.3148281715357,2564.3490867629494,2573.103541081236,0.9965977061635818,8.75445431828695,0.011901099784829903,0.20734331533400144,0.9901997027872085,0.0,0.0,0.0,0.0,False,546.6257035297078,1.8736639459698452,1440,2023-10-29,0.05,0.29161418563891217,2.625
529,5,168,212.12446022457434,1658.1408373399943,1575.2337954729978,1583.6408561111111,0.9946913085718448,8.407060638113338,0.13466220749846178,0.21442652566289525,1.0009174924144535,0.0,0.0,0.0,0.0,False,631.490666739186,1.2511163662237648,1440,2023-02-09,0.05,0.28086941728071,2.642
530,5,137,71.94468086469631,1085.495024019764,1031.2202728187863,1034.9184413888888,0.9964266086850868,3.6981685701026974,0.06976655013583016,0.21497280380936432,0.9903458184289369,0.0,0.0,0.0,0.0,False,535.6950781096159,1.7351282279840907,1440,2023-10-08,0.05,0.2559692135874371,2.666
531,5,122,17.25667536208764,1009.3329801756184,958.8663311668383,969.469,0.98906342664576,10.602668833161623,0.017996956198355722,0.2260214662264086,0.986986117033433,0.0,0.0,0.0,0.0,False,273.3526137951801,2.0258706562307887,1440,2023-09-20,0.05,0.23409859852011863,2.604
532,5,125,63.54495840248802,1167.2176769828814,1108.8567931337248,1113.683,0.9956664447008033,4.826206866275298,0.05730673139757254,0.21332283232425767,1.0061558214057997,0.0,0.0,0.0,0.0,False,411.26319069964984,1.0706663486306855,1440,2023-11-01,0.05,0.19099397583744598,2.635
533,5,281,265.85914275465706,2617.3799032299835,2486.5109080684897,2496.3497197640318,0.9960587206120816,9.838811695542091,0.10692056161586487,0.20930594264831734,0.9589506502823201,0.0,0.0,0.0,0.0,False,1134.2483808411012,3.1667656498204955,1440,2023-06-28,0.05,0.18378113065982704,2.86
534,5,161,120.69764188504185,1545.455570746912,1468.182792209551,1473.13807794803,0.9966362381010602,4.955285738478953,0.0822088656300059,0.21811367654611027,0.9901138829529913,0.0,0.0,0.0,0.0,False,598.966491652557,1.8785327761728206,1440,2023-05-05,0.05,0.18638271467238476,2.774
535,5,293,27.582919455130252,2380.0107022382163,2261.0101671262896,2274.396003605137,0.994114553289036,13.38583647884743,0.012199378780409349,0.21931284720477534,0.9622181451828726,0.0,0.0,0.0,0.0,False,904.2200137036065,2.8904372276783326,1440,2023-08-06,0.05,0.16818128347998096,2.842
536,5,145,7.904110894193447,1264.9463138015642,1201.6989981114848,1210.9809999999998,0.9923351382981938,9.282001888515014,0.006577446520813494,0.22681727028217352,1.0006092214904236,0.0,0.0,0.0,0.0,False,411.5995472377019,1.334885895120178,1440,2023-12-25,0.05,0.15001632071675597,2.766
537,5,150,114.01583690448749,1373.536968518125,1304.8601200922403,1311.0952894444445,0.9952443049697431,6.235169352204116,0.08737782322324919,0.23520691885840395,1.0058029557283967,0.0,0.0,0.0,0.0,False,499.39499778625157,1.1245787554842013,1440,2023-03-11,0.05,0.11763375622179134,2.671
538,5,169,113.02990197215101,1414.644593369587,1343.9123637011062,1350.2597326762243,0.9952991496217268,6.347368975118322,0.08410511356623661,0.21691602479610372,0.9811154732693109,0.0,0.0,0.0,0.0,False,653.5745224025425,2.2946012424414066,1440,2023-05-08,0.05,0.0715101318151925,2.63
539,5,147,226.86058066345845,1247.500521153707,1185.1254950960292,1192.7412138590141,0.9936149445709644,7.615718762984868,0.19142325568236654,0.2191517383195192,0.9964390799666932,0.0,0.0,0.0,0.0,False,535.0135119147013,1.3679883032558895,1440,2023-01-27,0.05,0.07400539798716871,2.586
540,5,220,153.05617622192426,1853.3290400936824,1760.6625880890015,1772.7595307646352,0.9931762077903391,12.096942675633725,0.08693100952866233,0.22345913288011296,1.0006490214115937,0.0,0.0,0.0,0.0,False,593.1675977492382,1.233721018449421,1440,2023-03-11,0.05,0.07012545425725966,2.703
541,5,198,154.3510746279401,1719.4015083148138,1633.4314328990795,1652.5929999999998,0.9884051505113961,19.161567100920387,0.09449498247624122,0.23777927251319433,0.9718242678912205,0.0,0.0,0.0,0.0,False,464.7865045163247,2.7071803382556365,1440,2023-09-08,0.05,0.05637227459602051,2.72
542,5,172,138.7195098759033,1647.1805795720754,1564.821550593469,1576.9257192980842,0.9923241985614878,12.10416870461533,0.08864877264969478,0.22119543644831244,0.9923974039865047,0.0,0.0,0.0,0.0,False,593.173048888232,1.5288308998457831,1440,2023-01-13,0.05,0.011976460048590487,2.689
543,5,228,134.62521882076658,1766.4549919316821,1678.1322423350964,1691.402235961764,0.9921544424238495,13.269993626667627,0.08022324786122788,0.22698783831394015,0.9961527170977313,0.0,0.0,0.0,0.0,False,647.6548303803282,1.510275063857483,1440,2023-11-06,0.05,0.011884475930970945,2.715
544,5,267,204.47737405926338,2485.42510617667,2361.153850867856,2376.1108944922335,0.9937052417633169,14.957043624377256,0.08660061434967761,0.22224803592214182,0.9680358525524896,0.0,0.0,0.0,0.0,False,840.5863882637934,2.91092287626756,1440,2023-09-06,0.05,-0.002281787383202616,2.753
545,5,299,390.2524793439945,2648.7312530897457,2516.2946904352566,2533.7285407885274,0.9931192903767642,17.43385035327116,0.15509013345193304,0.22126741470234995,0.97122473407727,0.0,0.0,0.0,0.0,False,1118.7892404182217,2.394359199069425,1440,2023-01-02,0.05,-0.004299634568692229,2.664
546,5,276,-796.9714469531552,2366.9298912112286,2248.58339665066,2259.6266058841084,0.9951128167792449,11.043209233448277,-0.35443268332420796,0.21458087342157064,0.9586175876350668,0.0,0.0,0.0,0.0,False,959.0650687316535,3.3329941479052163,1440,2023-07-02,0.05,-0.004819916368659305,2.683
547,5,294,166.07735537075803,2238.2037476186774,2126.2935602377547,2143.0396269444445,0.9921858343186278,16.746066706689405,0.07810650348401932,0.21073296619732207,0.9873431771224147,0.0,0.0,0.0,0.0,False,1080.0201667588576,1.805291906777007,1440,2023-03-12,0.05,0.008745205338002993,2.618
548,5,269,271.2149009105228,2201.5794031610853,2091.500433003013,2104.2515232974865,0.9939403202738368,12.751090294473908,0.12967480026820155,0.19733585520211702,0.9951262736307298,0.0,0.0,0.0,0.0,False,807.2397315259894,1.425824636842386,1440,2023-11-27,0.05,0.02752605028681357,2.702
549,5,298,150.76723615442174,2780.3864019662497,2641.3670818679266,2662.8315230555554,0.9919392417425648,21.46444118762906,0.057079243998074625,0.2192292707101545,0.9511196981668777,0.0,0.0,0.0,0.0,False,1204.7188644783123,3.2424014140290254,1440,2023-05-18,0.05,0.07215757767520731,2.727
550,5,182,32.41087744114458,1425.2413154595436,1353.9792496865655,1361.437,0.9945221480586803,7.457750313434455,0.02393749937352985,0.20664748217561651,0.9591659774243552,0.0,0.0,0.0,0.0,False,772.8998207766804,3.244068706324952,1440,2023-06-24,0.05,0.058735821932732135,2.735
551,5,164,176.46996820191893,1596.8139114174933,1516.9732158465972,1527.6779522102743,0.992992805618364,10.704736363676922,0.1163303124659548,0.2107269019564487,0.9959755366429295,0.0,0.0,0.0,0.0,False,650.9777544573418,1.5286516486585269,1440,2023-10-27,0.05,0.07534597800595472,2.72
552,5,268,80.58364057433292,2192.5265960838806,2082.9002662796815,2100.4346033333336,0.9916520433314965,17.5343370536518,0.038688189674230204,0.21036174394107435,0.9510003867044907,0.0,1.6666666666666667,26.691509469743842,0.0,False,686.1128810255459,3.61605321246973,1483,2023-07-29,0.05,0.07912303424887954,2.629
553,5,228,64.95991212329062,1904.6928331939748,1809.4581915342687,1820.6306419444445,0.993863417349582,11.17245041017577,0.035900200638628775,0.2159170022912671,0.966051620223161,0.0,0.0,0.0,0.0,False,696.2333689076022,2.7873572535975386,1440,2023-08-12,0.05,0.08242993967998924,2.623
554,5,226,40.99486194735634,2082.8251267021915,1978.6838703670824,1985.152,0.996741745905141,6.468129632917563,0.02071824739732226,0.2143307205838984,0.9983134324903273,0.0,0.0,0.0,0.0,False,670.2336949846595,1.3656176971994427,1440,2023-10-15,0.05,0.07205804553988959,2.699
555,5,198,2.8488136185706727,1902.103520892433,1806.9983448478042,1815.6840000000002,0.995216317843746,8.685655152196178,0.0015765446751477884,0.2052254427189218,1.0001765960251696,0.0,0.0,0.0,0.0,False,463.2238560742517,1.317954222916462,1440,2023-12-24,0.05,0.0665338139548261,2.62
556,5,194,117.30849761685059,1770.7542448429663,1682.2165326008198,1687.740732688171,0.9967268668816494,5.524200087351202,0.06973448146742665,0.22227919678227823,0.9619228364507681,0.0,0.0,0.0,0.0,False,950.3477834340736,3.1797657054543116,1440,2023-06-05,0.05,0.0818847678537778,2.614
557,5,161,39.650531094019975,1501.7591000131515,1426.6711450124906,1442.473,0.9890453027630262,15.801854987509355,0.02779234109600838,0.21151945109100395,0.9764771007450972,0.0,0.0,0.0,0.0,False,646.8319890868618,2.4904562569228825,1440,2023-10-03,0.05,0.05553331219444105,2.692
558,5,142,12.925165076273965,1231.2338741814924,1169.6721804724207,1177.053399641577,0.9937290702601904,7.381219169156293,0.011050245780021544,0.21310459500483855,0.9940774592945593,0.0,0.0,0.0,0.0,False,567.9687163425315,1.5498805365251054,1440,2023-03-27,0.05,0.057547615633224886,2.666
559,5,131,75.33141073184377,1072.3515808705151,1018.734001826999,1025.4514272222223,0.9934492992872226,6.717425395223195,0.0739461042791782,0.2167964757812687,0.9986850613624615,0.0,0.0,0.0,0.0,False,454.7355822293438,1.3929879184575351,1440,2023-11-06,0.05,0.05501651202357391,2.539
560,5,154,-3.159694896267801,1386.0702060959502,1316.7666957911686,1326.2411762246072,0.9928561406452411,9.474480433438869,-0.002399585975531773,0.2204042203070073,0.9648231624827612,0.0,0.0,0.0,0.0,False,521.045382956371,3.019911852527102,1440,2023-08-07,0.05,0.04402966763864333,2.599
561,5,150,141.7854527580533,1179.236073094552,1120.2742694398175,1129.5794158333333,0.9917622911119968,9.305146393515992,0.12656316102747925,0.22307571324092507,1.0053828640165083,0.0,0.0,0.0,0.0,False,423.6698929600902,0.9730987178219858,1440,2023-12-05,0.05,0.02628294315872362,2.54
562,5,179,189.4909646382788,1718.5330675660055,1632.6064141876996,1636.4789999999998,0.9976335866135159,3.8725858123003607,0.1160665320138165,0.21998311813247173,0.9973420154774375,0.0,0.0,0.0,0.0,False,772.7553392571486,1.2707138460581044,1440,2023-10-23,0.05,0.005054493458122478,2.623
563,5,184,148.0814162759261,1474.0831364827734,1400.3789796586345,1409.451073605137,0.9935633849827099,9.07209394650256,0.10574381537205263,0.23019057704429774,0.9782369995838558,0.0,0.0,0.0,0.0,False,612.380644202001,2.413140842090006,1440,2023-09-26,0.05,-0.006123712970384665,2.679
564,5,251,319.40191921406847,2408.1336873255054,2287.7270029592437,2305.71795047491,0.9921972470605258,17.990947515666342,0.13961539939027362,0.2199707354764235,0.9860768721417974,0.0,0.0,0.0,0.0,False,900.6455353831634,1.6873664990512998,1440,2023-02-22,0.05,-0.0390322165714225,2.664
565,5,135,42.68115417928174,1267.626907740917,1204.245562353877,1215.2910000000002,0.9909112816221602,11.04543764612308,0.03544223496730607,0.21713121830221804,0.9613072815144452,0.0,0.0,0.0,0.0,False,398.7011764356844,3.2082364244227413,1440,2023-08-02,0.05,-0.04387390477675063,2.523
566,5,150,127.52737970261397,1288.6780629916107,1224.2441598420405,1237.3619761051373,0.9893985620081943,13.117816263096486,0.10416825653394854,0.21292347311996754,1.0035378448546928,0.0,0.0,0.0,0.0,False,558.6265700225547,1.1729907103885804,1440,2023-03-21,0.05,-0.042356878472872006,2.524
567,5,147,80.52259800236916,1258.8905930365866,1195.9460633847516,1207.6309999999999,0.9903240835857573,11.684936615248485,0.06732962335648743,0.2124416226777158,0.9687471822191127,0.0,0.0,0.0,0.0,False,534.2038747276097,2.8774367670389718,1440,2023-07-31,0.05,-0.03253239168481639,2.558
568,5,214,19.182415394616264,1930.790914560103,1834.251368832107,1843.3655232974866,0.9950556987476494,9.114154465379661,0.010457898912094024,0.21940432186838504,0.9931466994891088,0.0,0.0,0.0,0.0,False,643.0876900697067,1.7092341326791614,1440,2023-12-31,0.05,-0.02423481241530384,2.586
569,5,128,109.2531192244963,1211.3383958100444,1150.7714760195504,1155.024,0.9963182375600425,4.2525239804495545,0.09493902264800332,0.21526307878986078,0.9542589803599437,0.0,0.0,0.0,0.0,False,494.35279880151995,3.517871432478273,1440,2023-08-31,0.05,-0.033884903312585396,2.637
570,5,297,216.4351771300269,2596.967141480889,2467.1187844068495,2481.6971428882866,0.9941256496493885,14.578358481437217,0.0877279109939827,0.22280016853071494,0.9810753630455764,0.0,0.0,0.0,0.0,False,968.6382706478848,2.308448319108913,1440,2023-05-08,0.05,-0.03325739519715032,2.647
571,5,232,278.53654298892957,1927.1282143451967,1830.7718036279462,1849.0238088888889,0.9901288424880204,18.252005260942738,0.15214159538450836,0.2277022581784672,0.994812287830633,0.0,0.0,0.0,0.0,False,609.3979258094707,1.5685384012083508,1440,2023-01-06,0.05,-0.050476994561217126,2.782
572,5,160,63.30699752211744,1610.3580082370468,1529.8401078251973,1537.3173691666666,0.9951361628435106,7.477261341469369,0.04138144711875408,0.22692116013284216,0.9686558403305342,0.0,0.0,0.0,0.0,False,590.2368319115693,2.8506552927908984,1440,2023-09-17,0.05,-0.07642238418644894,2.523
573,5,209,10.411944149168624,1775.2799314822744,1686.5159349081555,1700.9940000000001,0.9914884678653513,14.478065091844638,0.006173641134161972,0.22510252201353576,0.9613082264421143,0.0,0.0,0.0,0.0,False,649.2119046226301,3.205968589261733,1440,2023-05-26,0.05,-0.09680633819290138,2.588
574,5,148,49.45210760586348,1319.9517182525813,1253.9541323399294,1261.5085436081235,0.9940116051480815,7.55441126819454,0.03943693499664445,0.21202910844454315,0.9582695974254175,0.0,0.0,0.0,0.0,False,472.0349072348388,3.291810113541769,1440,2023-05-16,0.05,-0.11036762363626601,2.648
575,5,164,85.28653070012568,1432.117905632541,1360.5120103509262,1375.6902347670243,0.9889668298629243,15.178224416098388,0.06268708401782293,0.21248152077013038,0.9562492014236502,0.0,0.0,0.0,0.0,False,596.2822674634856,3.4437548611344235,1440,2023-06-06,0.05,-0.09305659756140115,2.567
576,5,217,90.50755042871637,1694.685617005489,1609.9513361552117,1620.649,0.9933991482148274,10.697663844788226,0.056217569063212194,0.21287616743707763,0.9579293743773943,0.0,0.0,0.0,0.0,False,654.9284446730998,3.344507163822476,1440,2023-06-02,0.05,-0.0808271598563077,2.535
577,5,215,70.63973458726717,1932.076295140012,1835.4724803830218,1852.4539689366711,0.9908329767765313,16.981488553649363,0.0384858587324209,0.2313578529929615,0.9685745178802173,0.0,0.0,0.0,0.0,False,666.1274653012889,2.872026733918214,1440,2023-07-08,0.05,-0.07255564073137077,2.601
578,5,287,159.18195725408765,2507.986124860119,2382.5868186171006,2397.5921424999997,0.9937415027281276,15.005323882899297,0.06681055901521353,0.22538418176198766,0.9951529029695241,0.0,0.0,0.0,0.0,False,741.0371034335099,1.4372616446726503,1440,2023-04-27,0.05,-0.10816602630401378,2.587
579,5,196,123.2331203858005,1659.8505550271482,1576.8580272757854,1587.6929639396653,0.9931756725576245,10.834936663880013,0.0781510562486724,0.22304611389781628,1.0035334486757084,0.0,0.0,0.0,0.0,False,544.5213441737799,1.206461840115513,1440,2023-11-02,0.05,-0.12478146714208517,2.557
580,5,276,237.9665050635899,2192.864340289688,2083.2211232751833,2106.0728047371563,0.9891496241675155,22.851681461972802,0.11423007495693278,0.21706410393242254,0.9893073140938616,0.0,0.0,0.0,0.0,False,984.7607566809643,1.6735963085905012,1440,2023-02-01,0.05,-0.13408237620625604,2.548
581,5,239,280.89428291772674,1926.7381421817408,1830.40123507266,1849.4405920579404,0.9897053427576743,19.039356985280698,0.1534604968219311,0.22512458426228785,0.9988387495764752,0.0,0.0,0.0,0.0,False,491.687773668037,1.2821065649279892,1440,2023-01-09,0.05,-0.12921588673034765,2.56
582,5,277,243.97709010930762,2590.1011362817085,2460.5960794676107,2488.8479666158864,0.9886486087028088,28.251887148275717,0.09915365311079255,0.22259543115060723,0.9880776459866659,0.0,0.0,0.0,0.0,False,987.511257491052,1.8306231235561312,1440,2023-11-07,0.05,-0.144311981088439,2.549
583,5,288,153.64419016496308,2628.682723645579,2497.2485874632803,2509.5907963530453,0.9950819835218949,12.34220888976477,0.06152538875636556,0.21775965443759782,0.9865156614625371,0.0,0.0,0.0,0.0,False,772.886681614991,1.7933711869026276,1440,2023-05-01,0.05,-0.1519544912867451,2.664
584,5,163,168.3673268183144,1293.9468417168096,1229.2494996309783,1239.3799999999999,0.9918261547152435,10.130500369021332,0.13696757807821636,0.22150827752357613,0.9968171929851154,0.0,0.0,0.0,0.0,False,452.25001857149715,1.5636297370192183,1440,2023-02-21,0.05,-0.14831777339864913,2.564
585,5,183,178.73909426270092,1493.2541034785434,1418.591398304612,1428.064607222222,0.9933664003227161,9.473208917610252,0.12599758780175582,0.21566186684682023,0.9953211374316303,0.0,0.0,0.0,0.0,False,558.6836842136627,1.481167625789193,1440,2023-01-04,0.05,-0.15473078375350346,2.652
586,5,265,183.0552985626095,2135.1107302470077,2028.3551937346351,2049.358106388889,0.9897514677455457,21.002912654253848,0.09024814742903367,0.21049679992537568,0.9540652785065443,0.0,0.0,0.0,0.0,False,1046.1401722331268,3.233505696173857,1440,2023-06-30,0.05,-0.14778218189086495,2.77
587,5,236,238.75205935436517,2189.7146782508066,2080.2289443382624,2093.6545436081233,0.993587481129182,13.425599269861252,0.11477201103473451,0.21569623668020566,0.9967399827047656,0.0,0.0,0.0,0.0,False,711.7739647276624,1.5078350615590772,1440,2023-10-27,0.05,-0.13138499316984492,2.735
588,5,149,71.0917187598706,1348.944382497125,1281.4971633722712,1291.2760000000003,0.9924269973052011,9.778836627728705,0.05547551784881998,0.2222945519750687,0.9712929733658426,0.0,0.0,0.0,0.0,False,451.21186346160687,2.6548001724151424,1440,2023-07-04,0.05,-0.13049081488766512,2.569
589,5,159,194.15111020826754,1316.1958030082928,1250.3860128578667,1261.9339999999997,0.990848976933712,11.547987142133145,0.1552729382860883,0.22091998413375805,0.9970637160516622,0.0,0.0,0.0,0.0,False,539.2176811662184,1.3717860342046602,1440,2023-01-19,0.05,-0.1454064935093734,2.794
590,5,174,132.4667875779036,1761.4610178581327,1673.3879669652265,1681.9360000000001,0.9949177417958985,8.548033034773464,0.07916083430320035,0.20347841216941787,0.9926415451299487,0.0,0.0,0.0,0.0,False,656.0027861033216,1.5986012344519727,1440,2023-12-16,0.05,-0.1553609863625445,2.616
591,5,290,25.188880789450696,2755.9220165184984,2618.1259156925553,2634.6894400507763,0.9937132915529119,16.563524358221027,0.00962095850259656,0.21182618705241937,0.9639349557296563,0.0,0.0,0.0,0.0,False,866.1358381800894,2.868247028538824,1440,2023-05-23,0.05,-0.12512704293200388,2.479
592,5,238,411.14998020908223,2238.5373619202555,2126.610493824235,2133.4431063888887,0.9967973776548377,6.832612564653765,0.1933358183847389,0.20989122868203786,0.9843196168055272,0.0,0.0,0.0,0.0,False,1038.896752447199,1.8794612256964318,1440,2023-01-20,0.05,-0.11989630228279566,2.513
593,5,231,393.1258737437274,2219.323894381536,2108.357699662449,2125.4588675059717,0.9919541290095208,17.101167843523147,0.1864607100619916,0.21188380187416017,0.9852241911853695,0.0,0.0,0.0,0.0,False,1115.8797303457013,1.8762118668140277,1440,2023-01-27,0.05,-0.11194936278269166,2.501
594,5,267,141.3403259103259,2234.3390096772855,2122.6220591934125,2130.3830597371566,0.9963569929321999,7.761000543744162,0.0665876081416183,0.21242211854633952,0.9612456957913706,0.0,0.0,0.0,0.0,False,889.4056552748947,3.095237572042996,1440,2023-09-16,0.05,-0.11056966229898554,2.597
595,5,148,174.6642172171256,1224.7457854163201,1163.5084961455018,1171.6648841666602,0.9930386340570755,8.156388021158321,0.15011855761754841,0.21146593605429853,1.0020776359899124,0.0,0.0,0.0,0.0,False,585.2091014268829,1.2658424189888338,1440,2023-02-04,0.05,-0.11127130451813219,2.496
596,5,295,-258.7627452895153,2728.8996456914215,2592.454663406852,2605.481438933691,0.9950002424380461,13.026775526839312,-0.09981379768835165,0.21487987707554557,0.9644425119235676,0.0,0.0,0.0,0.0,False,968.4197546155656,3.0581695589271716,1440,2023-05-29,0.05,-0.11030231361367429,2.544
597,5,166,16.0165600201476,1448.5841433349813,1376.1549361682403,1382.1730111111112,0.9956459322425685,6.018074942871069,0.011638631377324446,0.20711734610736837,0.9734722763036474,0.0,0.0,0.0,0.0,False,686.0737226791064,2.6334336384083095,1440,2023-09-24,0.05,-0.11778178499062869,2.606
598,5,291,-910.8081162435636,2460.262171211611,2337.249062651026,2347.447744205495,0.9956554170035762,10.198681554468406,-0.3896923656097134,0.17546267382342584,0.9588714401543795,0.0,0.0,0.0,0.0,False,1213.5306888863422,3.2704062408589385,1440,2023-07-02,0.05,-0.10704366126757081,2.56
599,5,148,107.63372113043617,1301.3847842535104,1236.3155450408422,1240.6002145310601,0.9965462931248665,4.28466949021787,0.08706007261833827,0.20483153735353465,1.0054400203252443,0.0,0.0,0.0,0.0,False,526.9602605666397,1.1560490552311353,1440,2023-03-11,0.05,-0.027586016955622232,2.575
