episode,stage,n_ev,cost_eur,energy_drawn_kwh,energy_delivered_kwh,energy_requested_kwh,service_quality,unmet_kwh,cost_per_kwh,retail_price_paid,min_voltage_pu,violation_rate_pct,q_activation_pct,q_kvarh,curtailed_kwh,q_exhausted_any,peak_ev_kw,peak_feeder_mw,pf_solves,day,w_retail,wall_s
0,0,60,259.12801641483094,2258.2659399249515,2145.352642928711,2146.437464763594,0.9994945942508496,1.0848218348831473,0.12078574460424578,0.19936251240716094,0.9989123573557348,0.0,0.0,0.0,0.0,False,327.1035839717515,1.4224214695741466,1440,2023-11-21,0.0,0.333
1,0,60,176.26331091364693,2146.427707090461,2039.106321735931,2041.2542211542916,0.9989477550634795,2.1478994183606916,0.08644145184327148,0.19796522122607124,0.9742483897313665,0.0,0.0,0.0,0.0,False,289.71868316654115,2.624471382305948,1440,2023-10-14,0.00143434708388792,0.307
2,0,60,63.41557733698773,2286.1609645889284,2171.8529163594717,2172.4450937096235,0.9997274143535934,0.5921773501524754,0.029198836099493752,0.19806021138836494,0.995932775337896,0.0,0.0,0.0,0.0,False,293.65246487470176,1.5403830406689143,1440,2023-11-04,0.00575760428809202,0.329
3,0,60,324.22956427037496,2043.9044570945293,1941.7092342398073,1946.2321754912205,0.9976760525756535,4.522941251413011,0.1669815225436228,0.20014238857118033,1.006803606024969,0.0,0.0,0.0,0.0,False,225.38413387448406,1.1026283489957514,1440,2023-01-27,0.009104221124990925,0.314
4,0,60,251.65473908743436,1983.700772368187,1884.5157337497742,1885.111314512413,0.9996840606928336,0.5955807626390719,0.13353814700538288,0.20289370326101233,1.0008337025048042,0.0,0.0,0.0,0.0,False,272.99336404622005,1.2450269448177556,1440,2023-03-03,0.007193605363757169,0.295
5,0,60,112.68793665049698,2108.1695608223877,2002.7610827812764,2004.6026460539265,0.9990813325143139,1.8415632726500548,0.05626629038247781,0.20007016272279016,0.9536947750780149,0.0,0.0,0.0,0.0,False,276.3657854313543,3.4260949498986832,1440,2023-07-02,-0.0005324647259108556,0.313
6,0,60,347.713643533206,2320.956122305506,2204.9083161902395,2209.267258323368,0.9980269738227884,4.358942133128664,0.15769981952537807,0.19953536316089038,1.002563387727533,0.0,0.0,0.0,0.0,False,249.91416045321174,1.2453028962616877,1440,2023-02-08,-0.0005050397496959985,0.31
7,0,60,223.15448082812702,2143.80034859321,2036.6103311635406,2038.3821692278107,0.9991307625768031,1.771838064270037,0.10957151567655857,0.1979071472420567,1.0025364600050153,0.0,0.0,0.0,0.0,False,260.68535876301826,1.19561589673276,1440,2023-12-04,0.0007166911094108829,0.291
8,0,60,240.02472716295338,2242.782479082337,2130.643355128205,2130.7611779389536,0.9999447038870575,0.1178228107491952,0.11265363890453203,0.19883819827551066,0.9584398729140106,0.0,0.0,0.0,0.0,False,291.25267765885377,3.274026653545279,1440,2023-07-11,0.005380793456027614,0.313
9,0,60,178.952917798475,2288.356697055291,2173.938862202523,2178.382095094733,0.9979603059985597,4.443232892209595,0.0823173645358035,0.19864751982008005,0.9639429080465316,0.0,0.0,0.0,0.0,False,278.6129833092117,3.063837915923566,1440,2023-06-10,0.007121853145946776,0.314
10,0,60,303.1982161071253,2250.1512317570887,2137.6436701692355,2140.381577520745,0.9987208321262601,2.737907351509124,0.14183758515895278,0.19664655624661684,1.000403076520381,0.0,0.0,0.0,0.0,False,266.2092747092247,1.3431642160952795,1440,2023-03-08,0.009001817508825446,0.305
11,0,60,317.3394513753802,1850.6644213082088,1758.1312002427937,1760.6828744766788,0.9985507473998443,2.551674233884907,0.18049816266929133,0.20302497337590336,0.9979533488033998,0.0,0.0,0.0,0.0,False,284.46243696216476,1.385063222608916,1440,2023-02-06,0.015075581048416614,0.303
12,0,60,219.8874883712356,2021.2236838230126,1920.16249963187,1920.3106200292239,0.9999228664384767,0.14812039735395288,0.114515041520388,0.19965874053629695,0.985856532040692,0.0,0.0,0.0,0.0,False,248.16403752565384,2.0235882324236782,1440,2023-05-05,0.005750825526864031,0.298
13,0,60,187.97706308836155,2211.9575058379983,2101.3596305460946,2106.386890026291,0.997613325688647,5.0272594801959585,0.08945497018019265,0.20005461329815763,1.0065158551590963,0.0,0.0,0.0,0.0,False,258.3970834314823,1.0695680621091124,1440,2023-11-23,0.005713796329941217,0.306
14,0,60,259.02887503858074,2094.3018253722244,1989.5867341036155,1992.4297357389548,0.9985730981703679,2.843001635339646,0.13019230104350443,0.2008354203286114,1.0046153674753473,0.0,0.0,0.0,0.0,False,218.914514773977,1.0680158821845422,1440,2023-10-25,0.0048105222314015934,0.299
15,0,60,83.67801803179515,2142.294640840727,2035.1799087987015,2036.4916546497898,0.9993558795843365,1.3117458510880624,0.04111578424591833,0.19866164758053154,0.9558719061351347,0.0,0.0,0.0,0.0,False,218.6028544096127,3.353812663541393,1440,2023-07-01,0.002328356469141026,0.314
16,0,60,215.91147300444655,2184.2455854443897,2075.033306172195,2077.575218084994,0.9987765006577514,2.54191191279938,0.10405205177296047,0.20272115926321796,1.0010302808436298,0.0,0.0,0.0,0.0,False,294.8983950018883,1.2682130363194708,1440,2023-11-27,0.005191841526081702,0.299
17,0,60,245.90669610279514,2072.1082021355182,1968.5027920287337,1969.0809743222824,0.9997063694682502,0.5781822935488083,0.12492067428025558,0.19844116234610296,0.9908321373310099,0.0,0.0,0.0,0.0,False,242.97529411315918,1.910531916738118,1440,2023-04-17,-0.0015843540934367866,0.307
18,0,60,187.54749906822505,1955.9440525314942,1858.1468499049195,1861.6126245235553,0.9981382944158306,3.4657746186355785,0.10093254958714473,0.19821608040717512,0.9997798478949942,0.0,0.0,0.0,0.0,False,239.76826598533356,1.3180104027668305,1440,2023-12-08,0.0024886245112962827,0.343
19,1,60,250.816555300116,2397.1997628073777,2277.3397746670275,2280.741074103612,0.998508686726782,3.4012994365843507,0.1101357637056105,0.2025372823905119,0.9952292402920889,0.0,0.0,0.0,0.0,False,285.70108200636946,1.5596915323937444,1440,2023-04-27,0.006331383640365232,0.369
20,1,120,381.25842225804746,4410.1347034957935,4189.627968321009,4200.439414005037,0.9974261155516299,10.81144568402797,0.09100054351862573,0.2019340463084875,0.9794899031683351,0.0,0.0,0.0,0.0,False,456.5628273666349,2.3085247329774323,1440,2023-09-20,-0.00022791753924615923,0.367
21,1,120,525.0979341708475,4454.2790055803,4231.56505530128,4240.20372794492,0.9979626750982019,8.6386726436393,0.12409071521020522,0.19940049287212275,0.99397132876132,0.0,0.0,0.0,0.0,False,525.1710781005188,1.5309315063218274,1440,2023-11-21,-0.004244941417905918,0.406
22,1,120,531.1530422417621,4334.009768263537,4117.309279850329,4125.095310911215,0.998112520930052,7.786031060885136,0.1290048927927684,0.19967708333895715,0.9996144545553759,0.0,0.0,0.0,0.0,False,422.0663352241403,1.3258873454825604,1440,2023-04-08,-0.0018547676044374248,0.323
23,1,120,404.80728899441925,4388.377309464909,4168.958443991655,4178.79899656976,0.9976451242124394,9.840552578104885,0.09710034159199442,0.202481893185523,0.9588998002299796,0.0,0.0,0.0,0.0,False,417.2118892696897,3.2173069697493712,1440,2023-06-07,-0.0005349817476461623,0.331
24,1,120,606.2366531165009,4110.804127277591,3905.2639209137214,3909.386145581175,0.9989455570481026,4.122224667453613,0.15523577033294553,0.20151493232781206,0.9964826570561959,0.0,0.0,0.0,0.0,False,488.88861538115947,1.430103086913304,1440,2023-02-09,-0.005773829383934203,0.321
25,1,120,524.8754048065648,4297.242499830623,4082.3803748390737,4085.724936266065,0.9991814031832383,3.344561426991032,0.12857092103458273,0.1996219627542065,0.9990384421418711,0.0,0.0,0.0,0.0,False,493.9411478516224,1.3582828035919374,1440,2023-12-05,-0.007913340222391155,0.355
26,1,120,220.072053716265,4183.297609510559,3974.1327290350127,3983.978834111249,0.9975285749532772,9.846105076236364,0.055376120708908044,0.2014444787068291,0.9927679612725554,0.0,0.0,0.0,0.0,False,410.3143346309662,1.7134775708260341,1440,2023-11-13,-0.005441513968934779,0.322
27,1,120,390.99053351199484,3839.3792309200467,3647.4102693740497,3653.684611029119,0.9982827358343603,6.274341655069293,0.10719675184198423,0.20048803006590418,0.9886230234619383,0.0,0.0,0.0,0.0,False,534.1182431675734,1.832428502987985,1440,2023-03-16,-0.0075458119972808884,0.327
28,1,120,423.24953780592557,4481.6044701798,4257.524246670802,4269.455553501166,0.9972054266215328,11.931306830362725,0.09941212622262532,0.20157201775168107,0.9962326784851782,0.0,0.0,0.0,0.0,False,418.6345445782505,1.5792885276695636,1440,2023-01-04,-0.007149464913218155,0.323
29,1,120,435.08933472392044,4106.771739338899,3901.433152371954,3911.149823240681,0.9975156485156899,9.71667086872746,0.11152038692740365,0.1989382581191045,0.9722389350498051,0.0,0.0,0.0,0.0,False,448.8933994045915,2.6044416065138005,1440,2023-05-07,-0.009295761042261175,0.324
30,1,120,653.8798022960068,4412.024089170051,4191.422884711517,4206.553746909649,0.9964030265370442,15.130862198130911,0.15600425446954425,0.19779743849269574,1.0003917994714704,0.0,0.0,0.0,0.0,False,425.7006958425045,1.161028982621892,1440,2023-03-02,-0.005165439659782384,0.321
31,1,120,625.8969519617374,4461.090675892117,4238.036142097509,4242.467441072412,0.9989554901631058,4.431298974902935,0.14768560979094567,0.19474103526490383,0.9969442513891786,0.0,0.0,0.0,0.0,False,505.19884404483565,1.3919025324080732,1440,2023-02-26,0.000758748699665164,0.32
32,1,120,448.1722679165296,4005.390055931392,3805.120553134827,3811.8067425874265,0.9982459264322354,6.686189452599853,0.11778135847688333,0.19509783095432012,0.9950526752176259,0.0,0.0,0.0,0.0,False,431.4959900540873,1.5650235051477863,1440,2023-04-11,0.012485134725120212,0.32
33,1,120,282.0218677455339,4399.715890371671,4179.730095853045,4184.606870368791,0.9988345919540786,4.87677451574497,0.06747370315258976,0.19777773557017878,0.9981351904780119,0.0,0.0,0.0,0.0,False,486.7920293793977,1.4390999953997952,1440,2023-10-18,0.021326401481052398,0.316
34,1,120,476.8057993141787,4148.672912665198,3941.2392670319136,3948.599277969161,0.998136045108879,7.360010937247004,0.12097864834104675,0.1963444875670178,0.9960015624888736,0.0,0.0,0.0,0.0,False,539.6210025502347,1.5932409205777596,1440,2023-04-15,0.022614737952400172,0.318
35,1,120,430.0254190521696,4225.19271189004,4013.933076295574,4019.509895773228,0.9986125623217104,5.5768194776533,0.10713318106664511,0.199972600938353,0.9993898751632658,0.0,0.0,0.0,0.0,False,515.7074103914688,1.3392804998013663,1440,2023-11-24,0.026981328358081633,0.326
36,1,120,133.0522807434667,4272.556873990849,4058.9290302913096,4065.4565697520247,0.9983943895725559,6.527539460714983,0.032780144651584985,0.1978111930225305,0.9909386157956712,0.0,0.0,0.0,0.0,False,521.4645780922598,1.7675799481867147,1440,2023-11-04,0.02249412121877171,0.32
37,1,120,261.53753745724185,4125.777825278586,3919.4889340146747,3931.3460645822424,0.9969839514576472,11.857130567567593,0.0667274590795573,0.20369999348937914,0.9557680571983205,0.0,0.0,0.0,0.0,False,458.72173960713,3.4586100687818195,1440,2023-07-14,0.02376889327100676,0.332
38,1,120,488.8235060558597,4361.989976934396,4143.890478087645,4152.261559246685,0.9979839706531978,8.371081159040283,0.11796245789812616,0.20098612235062469,0.9818669416578562,0.0,0.0,0.0,0.0,False,467.04605717037026,2.0546668261408847,1440,2023-04-28,0.011648350211258832,0.326
39,2,120,383.67566086850564,4369.836778147149,4151.344939239775,4161.816936215692,0.997483792022472,10.471996975916985,0.09242201418674863,0.19826058764630106,0.9588124060833099,0.0,0.0,0.0,0.0,False,504.0766052807356,3.2687065035773832,1440,2023-05-25,0.007873126151189062,0.33
40,2,180,806.484294368296,6447.361460378563,6124.993387359671,6140.099853636717,0.9975397034841219,15.10646627704572,0.13167104735699164,0.1997541687323542,0.9847456890366729,0.0,0.0,0.0,0.0,False,662.445003602071,1.8127830373551386,1440,2023-10-11,0.010936093870330179,0.346
41,2,180,633.9987580455385,6473.264987158667,6149.601737800738,6167.853281412748,0.9970408596347432,18.25154361200866,0.10309590524349523,0.20142350222128277,0.9503876926121485,0.0,0.0,0.0,0.0,False,678.8570356240052,3.5801950509536384,1440,2023-07-27,0.010112881219708474,0.357
42,2,180,617.5493983374936,6391.302132891085,6071.737026246543,6094.466998924487,0.9962703920323213,22.72997267794294,0.10170885130037548,0.20091928933655948,0.9539670384021319,0.0,0.0,0.0,0.0,False,655.7096334947245,3.2983947369732327,1440,2023-07-21,0.005710602312504083,0.355
43,2,180,718.1860288906693,6085.454434029872,5781.18171232838,5798.468752298189,0.9970186887765916,17.287039969809204,0.1242282399391004,0.20221666458517257,0.9942601924085558,0.0,0.0,0.0,0.0,False,549.0004635764723,1.49359140092566,1440,2023-02-01,0.0032520830663038524,0.343
44,2,180,1014.7205168407311,6717.83810995493,6381.946204457162,6398.779819638417,0.9973692460663216,16.833615181256313,0.15899860079234898,0.20354998409021008,0.9631873641070433,0.0,0.0,0.0,0.0,False,639.4378487985126,3.1025663567661725,1440,2023-09-25,-0.0016797911068637626,0.353
45,2,180,700.0807690316873,6512.343606846468,6186.726426504171,6206.8505815218805,0.9967577510118224,20.12415501770878,0.11315851401356858,0.20364296415070293,0.9935638937786837,0.0,0.0,0.0,0.0,False,668.8033243123066,1.618197769974562,1440,2023-11-12,-0.008736092560990883,0.372
46,2,180,772.9914009745363,6543.537363983471,6216.3604957843245,6241.01284908605,0.9960499435111185,24.6523533017252,0.12434790445289438,0.20368764011400078,0.9379177256685379,3.125,0.0,0.0,0.0,False,643.1745328790271,3.892152461569671,1440,2023-08-20,-0.014767838064912005,0.352
47,2,180,837.915999617871,6165.622527129171,5857.3414007726915,5880.835282810524,0.9960050093382985,23.49388203783319,0.14305398000316907,0.20583244308824297,0.9945208907763029,0.0,0.0,0.0,0.0,False,624.4863076398248,1.5287949263586316,1440,2023-01-05,-0.019875903593004215,0.342
48,2,180,777.137464365705,6774.993659741413,6436.2439767543365,6452.882697138337,0.9974215058346901,16.6387203840015,0.12074394121361434,0.20594378653611103,0.9565962086960904,0.0,0.0,0.0,0.0,False,756.4473366816316,3.3017728789983547,1440,2023-06-18,-0.028972544713222945,0.368
49,2,180,933.6588374759833,6352.205803705376,6034.595513520137,6052.573228029287,0.9970297402721381,17.977714509150104,0.15471771643752735,0.20479947686171707,0.9983051678448767,0.0,0.0,0.0,0.0,False,677.2572509399292,1.5299147257863701,1440,2023-03-02,-0.03679200252151321,0.345
50,2,180,819.4904192166355,6636.764460808517,6304.926237768084,6333.00129891227,0.9955668631950214,28.07506114418463,0.12997621039682955,0.20410965510741222,0.9923385189338711,0.0,0.0,0.0,0.0,False,566.7036900477168,1.7448861403035236,1440,2023-10-26,-0.040770061327564555,0.348
51,2,180,1014.1099960510708,6453.181266129783,6130.522202823258,6148.034320886649,0.9971515907118643,17.512118063391,0.1654198390447143,0.20655883344640147,0.995587792322785,0.0,0.0,0.0,0.0,False,650.9600622345616,1.4149959237988399,1440,2023-01-20,-0.04264038326830557,0.359
52,2,180,782.2460283457231,6569.959798097472,6241.461808192631,6265.198860308172,0.9962112851252142,23.73705211554045,0.1253305799803078,0.20466443721577973,0.9921819486102745,0.0,0.0,0.0,0.0,False,560.23783429459,1.4093962649512277,1440,2023-11-26,-0.04985277483899481,0.345
53,2,180,752.2101499268709,6626.039219976741,6294.737258977919,6323.511188651672,0.99544969103156,28.773929673753635,0.11949826005112847,0.20693493118513867,0.9901176113339936,0.0,0.0,0.0,0.0,False,512.4207844962096,1.6939207964202376,1440,2023-11-25,-0.051688238248967365,0.348
54,2,180,503.0516103854698,6655.512612474513,6322.73698185082,6344.321398858892,0.9965978367659691,21.58441700807262,0.07956231800080577,0.2067643264704044,0.9914674546392026,0.0,0.0,0.0,0.0,False,670.3808492080342,1.5266274834223548,1440,2023-12-18,-0.05849844226879201,0.342
55,2,180,675.8019261509023,6678.543404340683,6344.616234123657,6370.220650343362,0.9959806076390266,25.604416219705254,0.10651580824009393,0.20985544304140755,0.9530757252858313,0.0,0.0,0.0,0.0,False,547.9501861473556,3.462852967807479,1440,2023-09-02,-0.06390949143575655,0.354
56,2,180,790.6418086908509,6680.752026815077,6346.714425474327,6371.882382071304,0.9960501536142926,25.167956596976943,0.1245749778054275,0.20969113435270986,0.993975326818046,0.0,0.0,0.0,0.0,False,704.306283061002,1.5351831049295004,1440,2023-10-24,-0.07553155937760549,0.339
57,2,180,625.7388658572602,6243.097455515472,5930.942582739663,5952.948196749983,0.9963034091204868,22.005614010320578,0.1055041179589728,0.20935597359262204,0.9895514152574719,0.0,0.0,0.0,0.0,False,648.3768003930504,1.519117199744171,1440,2023-11-27,-0.08495229133358521,0.351
58,2,180,882.786102875464,6123.055411161167,5816.9026406031035,5846.906396352888,0.994868439185464,30.00375574978429,0.15176222766966163,0.2129510068135377,0.9922972327676637,0.0,0.0,0.0,0.0,False,695.6186506366869,1.5653259154743095,1440,2023-01-26,-0.09221932190580688,0.34
59,3,180,759.1239212951355,6640.751747309386,6308.714159943916,6338.524929691404,0.9952968916146646,29.81076974748864,0.12032942086916236,0.21054037971739256,0.9574029035051195,0.0,0.0,0.0,0.0,False,755.1620504764089,3.273377030311533,1440,2023-09-06,-0.10658956979027556,0.364
60,3,240,835.3505972672446,8352.614903497324,7934.984158322444,7966.952571781199,0.9959873724399984,31.96841345875567,0.10527438752238771,0.21090120750170807,0.9420624292114914,5.069444444444445,0.0,0.0,0.0,False,794.9820469335685,3.7669936973207427,1440,2023-07-27,-0.11330940747220083,0.411
61,3,240,1085.0179775709757,8654.752397611752,8222.014777731163,8255.033825425871,0.9960001317507619,33.01904769470744,0.1319649753622047,0.21360570517675653,0.9915238949334394,0.0,0.0,0.0,0.0,False,792.8921271390396,1.5231452807364587,1440,2023-11-28,-0.12002415911832057,0.385
62,3,240,910.8028969039148,8363.523022538182,7945.346871411245,7967.765861717687,0.9971862890180851,22.41899030644127,0.11463349701963846,0.20836974805058311,0.9791446611165794,0.0,0.0,0.0,0.0,False,859.573291228258,2.090416438175691,1440,2023-05-01,-0.13202614057916082,0.381
63,3,240,784.3412783330426,8152.597176794931,7744.967317955178,7771.102972696307,0.9966368152843996,26.135654741128697,0.10127108948732452,0.20713166306504652,0.9845827751356009,0.0,0.0,0.0,0.0,False,783.8716184728241,1.6945694808463379,1440,2023-04-09,-0.13052710747278062,0.407
64,3,240,819.2038197282661,8738.760384691932,8301.82236545732,8326.24705992188,0.997066542190163,24.424694464559828,0.09867758952984282,0.2098078598244754,0.9875433389548829,0.0,0.0,0.0,0.0,False,809.2504316107231,1.8981341522421815,1440,2023-01-04,-0.12696067717274828,0.371
65,3,240,978.365221901833,8779.97208810485,8340.973483699574,8377.224617488135,0.9956726558682832,36.25113378856044,0.11729628727555752,0.21126614013001796,0.9490556608358857,0.06944444444444445,0.0,0.0,0.0,False,757.0270113128668,3.526024406393752,1440,2023-09-17,-0.1304855587946897,0.371
66,3,240,631.7376186582194,8353.820275500522,7936.129261725463,7971.673399647414,0.9955411949110304,35.54413792195132,0.07960273803817401,0.21129545018408977,0.9893545465565193,0.0,0.0,0.0,0.0,False,803.1548997817059,1.7952625886386555,1440,2023-01-12,-0.1370769877709374,0.373
67,3,240,696.1798619947733,8372.875879511515,7954.232085535931,7999.06269396725,0.9943955173066553,44.83060843131965,0.08752320205249164,0.21127595115700362,0.940942584549915,2.2916666666666665,0.0,0.0,0.0,False,688.8358901201809,3.694247500263985,1440,2023-07-23,-0.142979385580098,0.379
68,3,240,931.0156809416262,8882.081718674175,8437.97763274044,8487.091748387662,0.9942130806284081,49.114115647221475,0.11033635326658908,0.21131813679309241,0.9318098191538223,9.86111111111111,0.0,0.0,0.0,False,695.845305428323,4.0939489474576805,1440,2023-08-26,-0.14822220352568716,0.39
69,3,240,721.3986561850938,8728.700960593724,8292.265912564017,8323.683522936512,0.996225515988694,31.417610372495822,0.0869965656904547,0.20956180489557083,0.9432438726480328,1.0416666666666667,0.0,0.0,0.0,False,715.841626314517,3.7148567776719283,1440,2023-08-08,-0.15307517312120844,0.371
70,3,240,631.998322941414,8574.516529954128,8145.790703456434,8171.405733652589,0.9968652847464587,25.615030196155015,0.07758587790295711,0.21070054723484616,0.977575354811593,0.0,0.0,0.0,0.0,False,685.7813079334962,2.233357043794166,1440,2023-04-01,-0.15357170886785654,0.36
71,3,240,793.7870771314882,8214.7371946057,7804.000334875445,7837.152675588105,0.9957698488105348,33.152340712659395,0.10171540787666526,0.21086883958753788,0.9927265307633494,0.0,0.0,0.0,0.0,False,726.1792359948158,1.7386864475183779,1440,2023-03-21,-0.15700919797332305,0.36
72,3,240,724.9898571568913,8853.993281232273,8411.293617170684,8448.671287444085,0.995575911406454,37.37767027340052,0.08619243247874599,0.21315625303917807,0.9567561248183657,0.0,0.0,0.0,0.0,False,760.0322213123324,3.2404314807625285,1440,2023-08-05,-0.16067287441299494,0.381
73,3,240,833.2150239944264,8966.839892995258,8518.49789834548,8567.177753360862,0.9943178656476125,48.67985501538264,0.09781243523652908,0.21445202016337084,0.9492208786716969,0.06944444444444445,0.0,0.0,0.0,False,866.9794730481835,3.4665105380385604,1440,2023-06-08,-0.16929393781029972,0.371
74,3,240,1237.9510128971028,9155.656872727874,8697.874029091443,8753.306156814057,0.9936672924801719,55.43212772261447,0.1423279997797825,0.21528479827347455,0.9905245394687541,0.0,0.0,0.0,0.0,False,816.9873277814542,1.755972702310845,1440,2023-01-09,-0.17976407720953624,0.365
75,3,240,1121.6156183566718,8448.392471787693,8025.972848198314,8073.911735946302,0.9940624954401525,47.93888774798781,0.13974824480105913,0.21527007216332722,0.9622998134710283,0.0,0.0,0.0,0.0,False,632.965225479303,2.7604389553414217,1440,2023-09-26,-0.1907365404848273,0.367
76,3,240,1256.9554675570016,8579.463910752072,8150.490715214449,8196.313296445474,0.9944093668002054,45.82258123102581,0.15421837917202383,0.2180109053963168,0.9845408381686511,0.0,0.0,0.0,0.0,False,808.463433093562,1.889229439283489,1440,2023-02-21,-0.2002456172709024,0.366
77,3,240,1437.3949355850034,8975.518131847091,8526.742225254673,8575.341364451164,0.994332687512831,48.59913919649038,0.16857492552404116,0.2178324414168421,0.9926636426324682,0.0,0.0,0.0,0.0,False,817.4161696086849,1.7164849244759908,1440,2023-02-05,-0.2147832570821554,0.362
78,3,240,964.5370362508114,8296.453003146731,7881.630352989356,7928.20539988784,0.9941253985549942,46.57504689848438,0.12237785750571016,0.2171420112763211,0.9960301590930222,0.0,0.0,0.0,0.0,False,709.5995957756011,1.4732901523480355,1440,2023-11-20,-0.22691237024715555,0.357
79,4,240,856.2173717597079,8714.577096641158,8278.84824180911,8333.872240610872,0.9933975471169776,55.02399880176283,0.10342228130668157,0.21733962976739413,0.9709612546452371,0.0,0.0,0.0,0.0,False,817.6417620660231,2.6585156454274324,1440,2023-07-07,-0.23595381503382554,0.364
80,4,300,459.47025324374596,10872.735183946881,10329.098424749525,10392.369609479023,0.9939117653521689,63.27118472949883,0.04448309371733844,0.21701138298466496,0.9827671820551992,0.0,0.0,0.0,0.0,False,890.5808427674923,2.0282634865963516,1440,2023-12-09,-0.2444887130318919,0.38
81,4,300,1087.942378545744,11194.399078518161,10634.679124592267,10689.41575317845,0.9948793619922672,54.736628586182576,0.10230138265572312,0.21560710167539085,0.9526096092534581,0.0,0.0,0.0,0.0,False,924.5753924125203,3.4166308111686687,1440,2023-07-12,-0.2514450576575741,0.388
82,4,300,1080.9461129030688,11067.10142621502,10513.746354904255,10581.99078079552,0.9935508896856046,68.24442589126386,0.1028126489278343,0.2174422510394513,0.9502043823494564,0.0,0.0,0.0,0.0,False,1212.5634401621678,3.5096342503349347,1440,2023-05-18,-0.2547010695614863,0.387
83,4,300,1828.3691752911552,11059.721089297704,10506.735034832847,10574.269065432869,0.9936133618142184,67.5340306000214,0.17401877645430153,0.2149737821111367,0.9908105922607944,0.0,0.0,0.0,0.0,False,948.5850064571216,1.718926799611158,1440,2023-02-06,-0.26221532023752164,0.391
84,4,300,1250.8201758618657,10472.205984519816,9948.59568529386,10013.218101874965,0.9935462889229383,64.6224165811044,0.12572831537528897,0.21514239911920643,0.9944769707847616,0.0,0.0,0.0,0.0,False,960.8023452531654,1.4485293941337978,1440,2023-11-28,-0.2635447782416147,0.394
85,4,300,1264.715142094466,11016.618156176763,10465.787248367933,10521.319233855957,0.9947219560348164,55.53198548802529,0.12084281020442963,0.21344560594048675,0.9817960045031102,0.0,0.0,0.0,0.0,False,979.4635691316174,2.221642878602636,1440,2023-03-18,-0.2657364220186028,0.386
86,4,300,1260.002976591214,10345.420152159186,9828.149144551222,9890.487480218013,0.993697142249917,62.33833566678908,0.1282034855250204,0.21447688429600623,0.9881138173622732,0.0,0.0,0.0,0.0,False,897.1296308913884,1.7773105567360563,1440,2023-02-10,-0.26442907234403434,0.379
87,4,300,1414.6168419433095,10790.312822870432,10250.797181726954,10316.64900772343,0.9936169364735412,65.85182599647764,0.13800066637402622,0.2147915888987156,0.9883810005870028,0.0,0.0,0.0,0.0,False,908.8246475394988,1.8844954459987129,1440,2023-04-16,-0.2663758492013227,0.382
88,4,300,1525.2304469289882,10759.15231704498,10221.194701192744,10284.4591709202,0.9938485370328136,63.26446972745359,0.14922232591372162,0.21546749820950506,0.9886042486182949,0.0,0.0,0.0,0.0,False,906.7799776877318,1.8156878145489885,1440,2023-01-30,-0.2693652002580498,0.382
89,4,300,1091.5041982167133,10195.177494538668,9685.418619811753,9735.53640283244,0.9948520778982342,50.1177830206865,0.112695614001032,0.2141399435594061,0.9659840454896266,0.0,0.0,0.0,0.0,False,905.6339536465894,2.732221797272988,1440,2023-05-03,-0.2740170564976435,0.378
90,4,300,962.9405162406742,10764.897601293962,10226.652721229271,10285.123608724145,0.9943150039105726,58.47088749487193,0.09415989204773996,0.21709280322619476,0.9417032391303115,5.763888888888889,0.0,0.0,0.0,False,928.6676027095103,3.8661289635634266,1440,2023-07-17,-0.27552491843707116,0.393
91,4,300,1303.9273035520187,11185.867873567611,10626.574479889294,10687.086020065437,0.9943378821820531,60.51154017614111,0.122704386631806,0.21345933821924065,0.9639032065169009,0.0,0.0,0.0,0.0,False,953.1878653030161,2.7872588121989166,1440,2023-09-12,-0.284082139416858,0.385
92,4,300,1529.63171693865,10903.398346758795,10358.228429420862,10413.171434785412,0.9947237010637305,54.943005364550416,0.14767310137648443,0.2117715371175393,0.9889863769565502,0.0,0.0,0.0,0.0,False,1000.0360158475626,1.8062760064461367,1440,2023-01-21,-0.2836072600963505,0.378
93,4,300,1091.8560095665443,10739.508187452839,10202.532778080164,10260.723184336894,0.9943288201804763,58.190406256726774,0.1070181329789368,0.21214131888990254,0.9891536347077275,0.0,0.0,0.0,0.0,False,912.3920741691949,1.8604553068127991,1440,2023-04-11,-0.2801027710720785,0.385
94,4,300,1089.5579480010238,10737.375717087696,10200.506931233362,10261.18742180372,0.9940864065652462,60.68049057035486,0.10681409809789555,0.21300541315149735,0.9908319082370483,0.0,0.0,0.0,0.0,False,851.0235217077037,1.7749374277161354,1440,2023-12-11,-0.2787197656963551,0.389
95,4,300,1325.5666206067926,10900.038447453937,10355.036525081201,10420.334333245059,0.9937336167846812,65.29780816385723,0.12801177643324613,0.21315096989828763,0.9952466064816717,0.0,0.0,0.0,0.0,False,993.943522256965,1.5935316234275239,1440,2023-10-25,-0.28016463942885983,0.385
96,4,300,1096.7534845011548,10911.59776477903,10366.017876540118,10418.578041715948,0.9949551498327911,52.560165175828324,0.10580277764938796,0.21592371266620647,0.9514286610889798,0.0,0.0,0.0,0.0,False,914.5911317999698,3.2537994689300698,1440,2023-07-05,-0.2822983117527167,0.404
97,4,300,434.70289728214806,11277.390813003245,10713.52127235313,10785.00423982682,0.9933720037670715,71.48296747368855,0.040575165366397735,0.21589696843255743,0.9890571106445499,0.0,0.0,0.0,0.0,False,975.92996556362,1.7100812677862502,1440,2023-01-07,-0.29090146933453387,0.379
98,4,300,700.3978064320984,10443.798081379264,9921.60817731027,9989.08250792474,0.9932451923826898,67.47433061446698,0.0705931733964095,0.21480360298728055,0.9892040286082048,0.0,0.0,0.0,0.0,False,1107.5572217885183,1.7380692758118907,1440,2023-01-11,-0.29852000650758764,0.376
99,5,300,1015.2693352166517,11019.904604137679,10468.909373930834,10530.725443122978,0.9941299324983814,61.816069192143004,0.0969794750296364,0.21613923513798786,0.9901638816326281,0.0,0.0,0.0,0.0,False,1082.2921418130686,1.7054983207177856,1440,2023-03-30,-0.30294961241578555,0.383
100,5,271,1131.4787593577353,10013.873025606872,9513.179374326508,9579.41459382206,0.993085671483697,66.23521949555492,0.11893802427517447,0.21662241358599488,0.9662729264631427,0.0,0.0,0.0,0.0,False,934.4405708002103,2.8589168810905043,1440,2023-09-08,-0.3102386496307993,0.388
101,5,167,794.5878116728308,5997.911158992738,5698.015601043089,5730.351981516448,0.9943569992597904,32.33638047335944,0.13944991858698527,0.21166755573030957,0.9890545243092195,0.0,0.0,0.0,0.0,False,556.0845060740319,1.7521509085278963,1440,2023-04-16,-0.3179639926677255,0.345
102,5,139,563.8424027192056,5310.801359017635,5045.261291066739,5073.687894217355,0.9943972503348079,28.426603150614348,0.11175682887178874,0.21499694793953764,0.9846922568180073,0.0,0.0,0.0,0.0,False,491.4722354513648,2.053992128975983,1440,2023-09-15,-0.3138269576012743,0.34
103,5,174,648.2191577531629,5824.446995422495,5533.224645651396,5561.793433766867,0.9948633856226979,28.568788115472092,0.11715034166606689,0.21308722403051408,0.955465927780009,0.0,0.0,0.0,0.0,False,574.9652193199561,3.300098611626538,1440,2023-08-15,-0.31859183980539196,0.362
104,5,194,1006.2962553741258,6818.71527109114,6477.779507536562,6521.667828226591,0.9932703839192676,43.88832069002875,0.15534586415041637,0.21438009896676005,0.9951371685489666,0.0,0.0,0.0,0.0,False,537.5348018733797,1.4778165879792753,1440,2023-02-09,-0.31885671417036,0.361
105,5,267,905.8215856781931,9467.216463239696,8993.855640077687,9050.40649429779,0.9937515674842083,56.55085422010218,0.10071560206523048,0.21877851527102346,0.9578961386467512,0.0,0.0,0.0,0.0,False,896.8197927748454,3.2864165057796497,1440,2023-06-11,-0.3226319434704135,0.409
106,5,201,1087.7306446140399,7379.588523589971,7010.609097410495,7045.664371495949,0.9950245608877888,35.05527408545416,0.15515494153222925,0.21348607584333154,0.9918247014677437,0.0,0.0,0.0,0.0,False,583.654883422414,1.5481528374173728,1440,2023-02-08,-0.336267568543387,0.36
107,5,136,710.9839048200179,4969.615786147127,4721.134996839788,4748.999609062683,0.9941325301080843,27.864612222894905,0.15059597009954875,0.20973502790626686,0.9935504012730639,0.0,0.0,0.0,0.0,False,444.7986546913803,1.4824771602378424,1440,2023-10-15,-0.33620700565301015,0.341
108,5,180,587.8705034087519,6437.559404875639,6115.681434631884,6154.094365413515,0.9937581505091123,38.41293078163055,0.09612510227883331,0.21384461411573621,0.9960274740003138,0.0,0.0,0.0,0.0,False,638.4798091550853,1.4656785551634763,1440,2023-03-21,-0.32839300127447973,0.345
109,5,228,933.1199560971686,8067.271994462202,7663.908394739105,7709.14950792411,0.9941315039825726,45.2411131850065,0.12175510301476326,0.2125401254047875,0.9794891005484053,0.0,0.0,0.0,0.0,False,619.7905531284853,2.170822378473463,1440,2023-03-18,-0.33187511813827475,0.365
110,5,267,86.29675090801888,9214.64666900878,8753.91433555833,8811.701942937594,0.9934419471115248,57.78760737926511,0.009858075781879904,0.21719754385637813,0.9827547608825087,0.0,0.0,0.0,0.0,False,771.109617448846,2.0789492350078054,1440,2023-12-31,-0.332417942735463,0.38
111,5,251,584.2834485553781,8918.42018926369,8472.499179800501,8531.166203971905,0.9931232116725038,58.667024171402076,0.06896234937955296,0.21783130897256633,0.9856221224654675,0.0,0.0,0.0,0.0,False,805.0475344645758,1.9514194431466594,1440,2023-10-10,-0.3439584001995319,0.374
112,5,299,1388.2838315774657,10544.632097238551,10017.40049237664,10074.866233061945,0.9942961286675228,57.465740685303714,0.13858723454592495,0.21431569608343984,0.9815199356108162,0.0,0.0,0.0,0.0,False,1005.6946569112065,2.2118653706843174,1440,2023-10-09,-0.35547661487502935,0.389
113,5,154,860.7066167004729,5494.784350879684,5220.0451333357205,5249.1140166269515,0.9944621352862305,29.068883291231423,0.16488489940516338,0.20676256025279147,1.0014790882720725,0.0,0.0,0.0,0.0,False,536.9074356837612,1.1361736539653995,1440,2023-01-20,-0.357672623063521,0.335
114,5,279,767.4466757959374,10399.2658206592,9879.30252962618,9939.014807753425,0.993992133095459,59.71227812724464,0.07768227296355268,0.213972908698606,0.9939396157237453,0.0,0.0,0.0,0.0,False,1038.8957012896874,1.5775922400079967,1440,2023-12-18,-0.34315065879952755,0.378
115,5,129,570.6671420104191,4370.656839445643,4152.123997473357,4178.529790996283,0.9936806018279866,26.405793522925627,0.13743981209561187,0.20946376371263475,0.9489329243664197,0.20833333333333334,0.0,0.0,0.0,False,382.4531164813649,3.5905626663990056,1440,2023-08-21,-0.348094499404055,0.343
116,5,221,1008.933999667021,8390.10024583099,7970.595233539435,8016.964814850922,0.994216067753523,46.36958131148751,0.12658201427937674,0.21328768571583234,1.0004835573179414,0.0,0.0,0.0,0.0,False,773.2435063665631,1.2533160055581447,1440,2023-11-28,-0.34260264110417193,0.365
117,5,169,722.1386961053719,6140.927632602217,5833.881250972103,5865.4600327896715,0.994616145768442,31.57878181756743,0.12378357821133941,0.21501516361195006,0.9486804476640746,0.8333333333333334,0.0,0.0,0.0,False,544.579703558008,3.7088560408104208,1440,2023-08-20,-0.3472861671570918,0.36
118,5,156,772.0282967714992,5620.804373011304,5339.764154360741,5374.603519747732,0.9935177794494082,34.839365386991034,0.14458097295196437,0.213564915849172,0.9916632397036441,0.0,0.0,0.0,0.0,False,534.4557424124571,1.6374834921591237,1440,2023-01-09,-0.3555841975514842,0.346
119,5,238,542.9953988782191,8799.510773932834,8359.535235236166,8400.375084306375,0.9951383302935477,40.8398490702096,0.06495521384842622,0.2172327534227192,0.9519094237486438,0.0,0.0,0.0,0.0,False,734.4583251280815,3.5905007821724153,1440,2023-07-30,-0.35971032258134505,0.404
120,5,175,504.1631273986791,6110.618884936737,5805.087940689922,5843.020672333176,0.9935080271369112,37.93273164325413,0.08684849093582558,0.21272070626077674,0.9942445382162132,0.0,0.0,0.0,0.0,False,527.3835066542828,1.5351625591205726,1440,2023-12-26,-0.3719421029381734,0.382
121,5,221,815.3445687491196,7758.566040982013,7370.63773893293,7428.134704169471,0.9922595688518859,57.49696523654016,0.11062062709205399,0.21570768943551852,0.9919903427185887,0.0,0.0,0.0,0.0,False,802.0102978460628,1.6308108984295222,1440,2023-11-12,-0.3724370587804016,0.406
122,5,167,861.5651177528922,6102.759319195348,5797.6213532356,5829.137206951113,0.9945933930534469,31.51585371551317,0.14860665525734285,0.21217675161272898,1.0009884895032974,0.0,0.0,0.0,0.0,False,546.8326351035116,1.2590696126419776,1440,2023-02-26,-0.38018977091039197,0.348
123,5,147,366.49393121018244,5354.247605687343,5086.5352254029785,5122.36370605792,0.9930054789720282,35.828480654942496,0.07205178278916709,0.21439398706331983,0.9982791522245068,0.0,0.0,0.0,0.0,False,498.2043243866095,1.3418525022658256,1440,2023-01-10,-0.37923271498488376,0.341
124,5,255,725.1245072007044,9135.714741539861,8678.929004462909,8738.973170525649,0.9931291508863702,60.04416606274027,0.0835499987184857,0.2160796302531925,0.9591329284380202,0.0,0.0,0.0,0.0,False,859.4085957502432,3.2903487970316467,1440,2023-06-30,-0.384064687588943,0.384
125,5,198,679.5238767504898,7142.356600937481,6785.238770890603,6824.572980876988,0.9942363851780026,39.33420998638407,0.10014737869884839,0.21647555336678184,0.9658372363237916,0.0,0.0,0.0,0.0,False,680.4390188417119,2.7966820590325323,1440,2023-05-12,-0.3924426622025699,0.365
126,5,242,982.2202002586845,8285.192346404208,7870.932729083972,7910.333535731605,0.9950190713868566,39.400806647633175,0.12479082645812377,0.21510347256112983,0.9920252735020357,0.0,0.0,0.0,0.0,False,776.1382670275101,1.5280179165097696,1440,2023-12-06,-0.40083985041170705,0.368
127,5,241,1010.5565791090543,8830.085061709407,8388.580808623945,8447.543601187801,0.9930201256900805,58.962792563857136,0.1204681223396148,0.21961787908459585,0.9638464392242853,0.0,0.0,0.0,0.0,False,1016.2951625504252,2.8651068669414705,1440,2023-05-14,-0.40529419683463885,0.386
128,5,291,835.265255391485,10548.437255769646,10021.01539298115,10096.332873026855,0.9925401152088674,75.31748004570542,0.08335135938185623,0.2196648257727482,0.9844241896887996,0.0,0.0,0.0,0.0,False,1021.1295669069335,2.064016008856574,1440,2023-01-01,-0.4197702622788394,0.396
129,5,196,588.0982250932577,6700.2625268305455,6365.249400489018,6418.494269627867,0.9917044610617163,53.244869138848884,0.09239201610043377,0.21845571754299364,0.998146696194285,0.0,0.0,0.0,0.0,False,676.7900976600266,1.354871874251028,1440,2023-11-19,-0.43243763863677237,0.354
130,5,159,18.10753175104943,5694.678741772875,5409.944804684209,5450.1719251577015,0.9926191098141682,40.227120473492434,0.0033470825312988395,0.21772142463260696,1.0003998400156942,0.0,0.0,0.0,0.0,False,501.5975977046048,1.322108400073843,1440,2023-12-24,-0.44083428749480846,0.364
131,5,234,813.9980793456632,8580.01443121447,8151.01370965374,8206.960823149857,0.99318296812892,55.94711349611718,0.09986464363096284,0.21693063371891141,0.9933817733270243,0.0,0.0,0.0,0.0,False,820.90861418332,1.5211431773270485,1440,2023-01-08,-0.4468222334100169,0.365
132,5,289,1090.194707508876,10018.251327441705,9517.33876106964,9587.324041083131,0.9927002279558308,69.98528001348996,0.11454827183080646,0.21821205340158345,0.9434408598044776,1.4583333333333333,0.0,0.0,0.0,False,908.1203822787187,3.9068657952084425,1440,2023-06-27,-0.4507193818179991,0.39
133,5,295,1132.2729481232705,10647.95545556764,10115.557682789246,10180.777950458878,0.9935937835019089,65.22026766963405,0.11193381359979152,0.2167325782591036,0.9441274215114276,2.361111111111111,0.0,0.0,0.0,False,1033.7861986938078,3.9106583733424554,1440,2023-06-26,-0.4575668265163424,0.395
134,5,277,1151.6588861289108,10413.181185301555,9892.522126036429,9959.66774408803,0.9932582471848563,67.14561805160079,0.11641711501436271,0.21417696951725754,0.966339953090384,0.0,0.0,0.0,0.0,False,1049.9853987358958,2.6291134110979346,1440,2023-09-28,-0.46062656587451667,0.387
135,5,243,927.1019294036877,8861.50645508138,8418.431132327267,8464.832393371758,0.9945183485167615,46.401261044490155,0.11012763718450605,0.21385629225055236,0.9523293466284646,0.0,0.0,0.0,0.0,False,768.8601227465367,3.4649931708843464,1440,2023-08-14,-0.45816086660485755,0.387
136,5,188,788.4321913684779,6589.431833734323,6259.960242047597,6302.277591012571,0.9932853879642938,42.3173489649743,0.1259484343163474,0.2122777156434107,0.9976807326695915,0.0,0.0,0.0,0.0,False,584.9207051631361,1.4808647074933319,1440,2023-03-06,-0.4561756318149065,0.353
137,5,190,741.2443436285863,6647.274050209598,6314.9103476990795,6343.983938280589,0.9954171399448105,29.073590581509887,0.1173800264478289,0.20961834521386266,0.9604328299707642,0.0,0.0,0.0,0.0,False,588.2135387901906,2.9634024421484777,1440,2023-10-01,-0.45172846122940447,0.358
138,5,127,438.29523318171545,4382.263971733839,4163.150773147137,4181.522630733836,0.9956064191900655,18.371857586699022,0.10527969248886603,0.2081662135201942,0.9964091919552795,0.0,0.0,0.0,0.0,False,450.5765691213742,1.452812154060736,1440,2023-12-14,-0.4428010270766904,0.329
139,5,153,603.6082671325472,5661.537823120013,5378.4609319640185,5412.852173561955,0.9936463733914785,34.39124159793653,0.1122269501941202,0.21343173558912476,0.950809150050426,0.0,0.0,0.0,0.0,False,533.2130713302038,3.5669757335619505,1440,2023-06-26,-0.43287270070445827,0.351
140,5,180,959.4250111929808,6269.147766495296,5955.690378170539,5986.781249838922,0.9948067466688849,31.090871668382775,0.16109383636019303,0.21496031152906375,0.9916559481882662,0.0,0.0,0.0,0.0,False,634.498977106171,1.6822754309713572,1440,2023-02-28,-0.43718577493777594,0.346
141,5,182,819.1698285478419,6796.156568045382,6456.348739643106,6498.595526771402,0.993499089618017,42.24678712829569,0.12687818790177743,0.21636965895205887,0.980870800329891,0.0,0.0,0.0,0.0,False,610.2136438668518,2.1950772141297596,1440,2023-09-14,-0.4447471169687491,0.363
142,5,224,1111.2650230952265,7911.57992469658,7516.000928461752,7574.906669803278,0.9922235686973743,58.90574134152621,0.14785323121596014,0.2188881138861248,0.9843866040130836,0.0,0.0,0.0,0.0,False,781.8192790391727,2.0908308919299934,1440,2023-01-02,-0.45471523787171975,0.367
143,5,212,439.64606985893477,7559.611312856495,7181.630747213664,7230.3226846229,0.9932655927635441,48.691937409235656,0.06121813907370677,0.21718877729133404,0.9509175708933923,0.0,0.0,0.0,0.0,False,768.4897192768511,3.429180585503543,1440,2023-07-30,-0.4691747411433477,0.37
144,5,245,796.8624046752581,8943.810862347553,8496.62031923017,8553.335168665333,0.993369270779551,56.714849435162655,0.09378580832566345,0.21780802216666112,0.9522450908844167,0.0,0.0,0.0,0.0,False,789.3831831030291,3.4779357988192072,1440,2023-06-07,-0.47786324211667697,0.384
145,5,281,820.0624470127519,9281.333131979181,8817.266475380253,8881.927271088503,0.9927199588856432,64.66079570825107,0.09300642657251504,0.21797198311161162,0.9460503853626021,1.8055555555555556,0.0,0.0,0.0,False,914.1420426562931,3.7474494971016874,1440,2023-06-05,-0.4870667827293931,0.396
146,5,278,1297.1990523674247,10133.830669634566,9627.139136152848,9704.855382501373,0.9919920242718244,77.71624634852418,0.13474398095027484,0.22226106759656383,0.9888184400834622,0.0,0.0,0.0,0.0,False,888.1520618158407,1.7590622319310691,1440,2023-01-15,-0.4956889284540376,0.399
147,5,260,1061.775254444787,8838.488112001136,8396.56370640104,8448.758622020152,0.9938221793337693,52.194915619108826,0.1264535459470584,0.2194570378533774,0.9774383533770773,0.0,0.0,0.0,0.0,False,849.4301050089754,2.193216248516406,1440,2023-04-17,-0.5131356842804763,0.384
148,5,296,1157.9501171221802,10856.85769974904,10314.014814761533,10394.887934577679,0.9922199142188798,80.87311981614626,0.11226958055799077,0.2223036434233711,0.9763351068934796,0.0,0.0,0.0,0.0,False,982.704376656842,2.275740574181151,1440,2023-04-23,-0.521897075399286,0.389
149,5,177,872.6505568743054,6759.137419195879,6421.180548236129,6456.087945465801,0.9945931038231616,34.90739722967173,0.13590188756085028,0.2187002802689422,0.9917576911589459,0.0,0.0,0.0,0.0,False,611.0355362697254,1.4933806973049133,1440,2023-02-02,-0.5362839027194884,0.347
150,5,284,1137.4127385799165,10332.586524749606,9815.957198512151,9887.925930613274,0.9927215542869,71.96873210112436,0.11587384863009786,0.22442680248987026,0.9649202573910959,0.0,0.0,0.0,0.0,False,1014.1323484128462,2.78548036771546,1440,2023-09-08,-0.5408009796493539,0.402
151,5,287,642.6334488554772,10814.697305403963,10273.962440133757,10342.034954067249,0.9934178801139402,68.07251393349121,0.06254971756029806,0.22261237276048515,0.9516656235990552,0.0,0.0,0.0,0.0,False,932.2590060557168,3.5770774422954057,1440,2023-07-30,-0.5582343302037815,0.408
152,5,160,622.1943105894219,5492.158040941531,5217.550138894463,5258.493623903717,0.9922138376619617,40.94348500925402,0.1192502791590341,0.21649987007559973,0.9502049402385712,0.0,0.0,0.0,0.0,False,548.7289336223885,3.550249421810431,1440,2023-08-29,-0.5693198838807007,0.382
153,5,205,875.8265077379955,7238.933646462998,6876.986964139832,6928.4491416032515,0.9925723381363364,51.462177463419884,0.1273561390046263,0.2216085712576826,0.9909521603370016,0.0,0.0,0.0,0.0,False,665.3983607765542,1.6627274922459148,1440,2023-02-10,-0.5655658144192681,0.377
154,5,223,906.9780850108245,8226.612307615764,7815.281692234972,7877.980424281985,0.9920412683619068,62.69873204701225,0.11605187384505546,0.2226349602893557,0.9522351190475853,0.0,0.0,0.0,0.0,False,804.0823963056623,3.4398219171194135,1440,2023-08-15,-0.5748821300135885,0.405
155,5,245,720.1908258223799,8837.439491978714,8395.567517379748,8461.474119831646,0.9922109786641752,65.9066024518983,0.08578226836143069,0.22126083347629677,0.951491695202247,0.0,0.0,0.0,0.0,False,854.6406914133825,3.4821211754453825,1440,2023-05-26,-0.5857249863731933,0.429
156,5,246,742.7186250624214,8686.749140919772,8252.411683873763,8308.10355830473,0.9932966802784615,55.69187443096612,0.09000019067320476,0.21916174357486473,0.9560360711852802,0.0,0.0,0.0,0.0,False,743.1988521166705,3.147170875761598,1440,2023-05-13,-0.5924392341459623,0.391
157,5,139,537.1105744701299,5061.867758392882,4808.774370473233,4834.743103239749,0.9946287254127082,25.96873276651568,0.1116938606577361,0.21207113944663483,0.9824343813348598,0.0,0.0,0.0,0.0,False,506.5639812368337,2.0856655775066844,1440,2023-10-08,-0.5941507217597704,0.341
158,5,206,1281.9221298241575,7187.6703753822485,6828.286856613118,6872.126330583524,0.9936206827608358,43.83947397040481,0.18773700589081588,0.21927805002683767,0.9917082976453191,0.0,0.0,0.0,0.0,False,620.5820582732028,1.6660915787866692,1440,2023-02-07,-0.5805241397410427,0.362
159,5,138,580.5437081409453,4989.513712504242,4740.038026879025,4772.937352728977,0.9931071113197952,32.89932584995158,0.1224765929827765,0.21590000360631903,0.9986233079353881,0.0,0.0,0.0,0.0,False,485.4668239792152,1.3745005689315803,1440,2023-11-21,-0.5864419799038487,0.335
160,5,293,839.7882453312495,10810.221434614763,10269.71036288405,10337.567113014451,0.9934359071734613,67.8567501303991,0.08177331352657653,0.22500726813676047,0.9873488085933959,0.0,0.0,0.0,0.0,False,988.3398991295206,1.923967626007415,1440,2023-03-25,-0.5845395500892685,0.388
161,5,156,534.3739636707124,5456.396878322351,5183.5770344062275,5218.686833377618,0.9932722924190744,35.10979897139026,0.10308980847082642,0.21813039140993548,0.9916847971271395,0.0,0.0,0.0,0.0,False,477.3867292092509,1.5592377441639662,1440,2023-12-14,-0.6043039516114135,0.354
162,5,201,200.46142949779056,7236.373380372286,6874.554711353676,6920.494206807611,0.9933618186676979,45.93949545393585,0.029159914774802554,0.21747292763226092,0.9922101238517531,0.0,0.0,0.0,0.0,False,627.7739956912053,1.6911243301389183,1440,2023-12-27,-0.6058928636006113,0.357
163,5,280,712.6827143084015,10017.007789407435,9516.157399937085,9586.734523003419,0.9926380434446178,70.57712306633384,0.07489185858917312,0.22294183883026097,0.961608227337903,0.0,0.0,0.0,0.0,False,1008.4612561539521,2.92590158077201,1440,2023-05-19,-0.6065912192626985,0.396
164,5,214,829.8985487246249,7482.578457272661,7108.4495344089855,7162.986381645129,0.992386297511902,54.53684723614249,0.11674818041648019,0.22201503433295694,0.9645935733869156,0.0,0.0,0.0,0.0,False,723.0051194403054,2.888881478762013,1440,2023-09-04,-0.6203286003694815,0.377
165,5,243,1012.7304879859087,9150.892183604057,8693.347574423871,8753.815459428046,0.9930923966487037,60.467885004176196,0.11649488063325533,0.22318543531857518,0.9870268517593733,0.0,0.0,0.0,0.0,False,899.3760979248659,1.7278021565637318,1440,2023-02-18,-0.6303802870774868,0.376
166,5,210,1106.254170732664,7603.78154797191,7223.592470573331,7287.76864357964,0.9911939887028595,64.17617300630887,0.15314459879058784,0.22589412564868222,0.991789178924649,0.0,0.0,0.0,0.0,False,599.8582501128132,1.5106631790328817,1440,2023-02-08,-0.64215579037818,0.366
167,5,273,1267.0609831066593,10026.798802200261,9525.458862090287,9596.439854327356,0.9926034036252452,70.98099223707158,0.13301836703629547,0.22624644303578542,0.9947148944022235,0.0,0.0,0.0,0.0,False,945.6483004805142,1.447759838906567,1440,2023-03-15,-0.6588300180274042,0.377
168,5,227,986.1766379238996,8443.002456686105,8020.852333851788,8084.39759488878,0.9921397654814543,63.54526103699006,0.12295160126084956,0.22292495818976935,0.9912613272798474,0.0,0.0,0.0,0.0,False,797.3561960170528,1.4896670706999178,1440,2023-02-01,-0.6742568205501998,0.365
169,5,236,662.7125644069841,8519.480434971993,8093.506413223355,8166.981337169428,0.9910034171852854,73.47492394607384,0.08188200893054576,0.22860317061015334,0.9788129466502402,0.0,0.0,0.0,0.0,False,887.8459816312088,2.270880662314928,1440,2023-08-12,-0.6804372438166894,0.376
170,5,202,620.5759929900368,7063.699583377863,6710.514604208939,6769.473726832498,0.9912904422112077,58.95912262355866,0.09247815251021163,0.2264527847038138,0.9690139703905282,0.0,0.0,0.0,0.0,False,610.6298576687001,2.7546326770730243,1440,2023-10-04,-0.6993038082852334,0.364
171,5,193,469.27841240184586,6938.716914746846,6591.781069009532,6634.404163038491,0.9935754450616048,42.62309402895929,0.07119144393434151,0.22150600795051903,0.9945572017445777,0.0,0.0,0.0,0.0,False,728.9939194976921,1.3629184152007745,1440,2023-01-10,-0.7109888501013125,0.384
172,5,227,531.6293831169263,8038.112779518365,7636.207140542432,7701.133134522496,0.9915692933954077,64.92599398006487,0.06961956025189259,0.22319533737586378,0.9378761920732113,4.930555555555555,0.0,0.0,0.0,False,742.1565451514357,3.7879098351690326,1440,2023-06-03,-0.7105292750944532,0.38
173,5,213,832.5308454182959,8020.604040110305,7619.573838104779,7672.211588673036,0.9931391685487442,52.637750568256706,0.10926212713562625,0.22374317388850676,0.9745131254892619,0.0,0.0,0.0,0.0,False,693.3611329966843,2.296067473316076,1440,2023-10-08,-0.7150379066935173,0.365
174,5,262,788.6444104074169,9088.671338848386,8634.23777190596,8698.43384426854,0.9926198125419003,64.1960723625797,0.09133920459933408,0.2249997094562047,0.9627161115246172,0.0,0.0,0.0,0.0,False,847.3824449424399,2.951912823075925,1440,2023-10-07,-0.7210372109950086,0.373
175,5,227,791.5960807870215,8075.416194263308,7671.64538455014,7743.591633017497,0.9907089304450678,71.94624846735526,0.10318465480445824,0.22635320379320695,0.9448100248835081,2.2916666666666665,0.0,0.0,0.0,False,717.1352125352541,3.7825022327596356,1440,2023-08-18,-0.7298510181579473,0.376
176,5,205,631.9823563272804,7375.370326871241,7006.601810527675,7058.260372636501,0.9926811197970117,51.65856210882617,0.09019812648375476,0.22099938265465482,0.9830216622871154,0.0,0.0,0.0,0.0,False,734.9509462275732,1.960408299016754,1440,2023-10-27,-0.7411974116193636,0.354
177,5,276,1100.716542617424,10005.88085525311,9505.586812490434,9599.472303006918,0.9902197237980388,93.88549051648266,0.11579680080045893,0.22847786509570653,0.9503617822255109,0.0,0.0,0.0,0.0,False,1078.4168696441911,3.317197836510815,1440,2023-06-18,-0.7395460890164145,0.382
178,5,158,593.408988412698,5647.159122027033,5364.8011659256745,5406.612431787909,0.9922666426732555,41.811265862234826,0.11061155298386678,0.2227792297237536,0.9947475060768707,0.0,0.0,0.0,0.0,False,593.9441068461742,1.3703219173843648,1440,2023-04-21,-0.7561015855591545,0.33
179,5,199,906.2319771281913,7192.817091101906,6833.176236546803,6889.385032341597,0.9918412462751135,56.2087957947941,0.1326223626841743,0.22803328020526362,0.9984993999267804,0.0,0.0,0.0,0.0,False,624.6138449321566,1.402462124293632,1440,2023-02-25,-0.7579479464612376,0.347
180,5,207,965.818439956579,7231.396968568273,6869.827120139869,6910.999024608938,0.9940425538590785,41.1719044690694,0.14058846359104812,0.22294576508501815,0.9956284584165744,0.0,0.0,0.0,0.0,False,727.8040658455038,1.6016102505525607,1440,2023-01-09,-0.7723856102524895,0.355
181,5,281,961.6631063386347,10003.183949855642,9503.024752362871,9578.146780146315,0.9921569349992467,75.12202778344515,0.10119547527217825,0.22681620550328216,0.9908773907240337,0.0,0.0,0.0,0.0,False,873.3662524216329,1.6651684456706612,1440,2023-01-08,-0.7738904962752018,0.377
182,5,199,726.6914367973467,7025.385974464465,6674.1166757412475,6727.782035121118,0.9920233207467601,53.66535937986966,0.10888203969203732,0.22461815598996113,0.9645908240760793,0.0,0.0,0.0,0.0,False,827.9254953309132,2.778081710914559,1440,2023-10-05,-0.7849501842887165,0.359
183,5,231,1205.9548087890212,8637.184462580399,8205.325239451395,8269.638147851932,0.9922230081594026,64.31290840053728,0.1469722129953804,0.22540860488856704,0.987254890693842,0.0,0.0,0.0,0.0,False,861.6948771888855,2.0425200342880596,1440,2023-01-02,-0.7901931335697201,0.381
184,5,133,130.31101748588364,4517.449846606678,4291.57735427635,4322.713032947438,0.9927971904603027,31.135678671087458,0.03036436413199799,0.214795558434012,0.9921950880636018,0.0,0.0,0.0,0.0,False,433.11374509334564,1.5654081017883446,1440,2023-12-27,-0.7973969108158844,0.328
185,5,270,830.3575729978721,9428.345723406806,8956.928437236456,9016.894258674916,0.9933496146546502,59.96582143846146,0.09270561653097992,0.2273339584407455,0.9595826583070639,0.0,0.0,0.0,0.0,False,833.9894571288626,2.8369327933257367,1440,2023-05-21,-0.7805510083344952,0.391
186,5,200,902.2291060641305,7082.268683178271,6728.155249019338,6778.729366487363,0.9925392924346481,50.57411746802469,0.13409754571219726,0.22419261386535713,0.9833163432271518,0.0,0.0,0.0,0.0,False,678.1603894089853,1.868657620848778,1440,2023-03-19,-0.7960254642862349,0.357
187,5,210,912.424091636419,7924.644330374916,7528.412113856169,7589.672950111444,0.9919283957743692,61.260836255275265,0.12119741558211022,0.22888689187848668,0.9460641780552789,1.1805555555555556,0.0,0.0,0.0,False,728.3256423846306,3.6159329302627476,1440,2023-06-22,-0.8027037016750402,0.365
188,5,137,475.2512012596121,5202.890257878193,4942.745744984306,4965.61833779776,0.9953938077279619,22.87259281345473,0.09615125393449124,0.2185763727085526,0.9899488528291329,0.0,0.0,0.0,0.0,False,395.11929125043696,1.6552540965439246,1440,2023-10-31,-0.8198180478088937,0.336
189,5,245,813.4757489300686,8928.773574490544,8482.334895765998,8541.29460448442,0.9930970992749195,58.959708718420295,0.09590233808572204,0.22521423536684562,0.9900949720054577,0.0,0.0,0.0,0.0,False,705.5231962205971,1.7576751152720138,1440,2023-03-21,-0.8117552011775492,0.371
190,5,234,936.1444047643887,8554.901171325118,8127.156112758856,8182.221664070538,0.9932700978325381,55.06555131168136,0.11518720592738851,0.22672464066458803,0.974782869521916,0.0,0.0,0.0,0.0,False,794.5806931566478,2.4593034127315865,1440,2023-09-28,-0.8211689334890605,0.37
191,5,181,1063.5047729523517,6112.652864113844,5807.0202209081235,5848.923373795926,0.9928357493832908,41.90315288780332,0.18314122088351137,0.22702141012430296,0.9953391097909436,0.0,0.0,0.0,0.0,False,532.9537884872273,1.592285992182437,1440,2023-02-07,-0.8333590430265323,0.351
192,5,259,924.9950318949103,9317.835450694327,8851.9436781596,8928.656271472122,0.9914082711910832,76.71259331252415,0.10449626268828964,0.22671047495577587,0.9838608565551361,0.0,0.0,0.0,0.0,False,866.5818974160484,1.9446177341086388,1440,2023-03-16,-0.8451150939740977,0.369
193,5,214,207.5535512638194,7456.154553630321,7083.346825948769,7135.498123759692,0.992691288413731,52.15129781092305,0.029301622010583808,0.21997411050066965,0.9878015930015873,0.0,0.0,0.0,0.0,False,614.1138725379972,1.7412477193060403,1440,2023-11-04,-0.8551714011091792,0.351
194,5,130,506.7161026462402,4778.003545750857,4539.103368463305,4569.83776708665,0.993274509908272,30.73439862334504,0.11163352352070072,0.22471594486504248,0.9935900948862835,0.0,0.0,0.0,0.0,False,445.6309750032354,1.6754476031151355,1440,2023-09-22,-0.8493951505410442,0.345
195,5,159,756.6946603563098,6206.076694436901,5895.772859715043,5933.531830529551,0.9936363414079572,37.758970814508636,0.12834528709996518,0.226356421322375,1.0003211341464122,0.0,0.0,0.0,0.0,False,569.1447010433146,1.2586689117957373,1440,2023-10-25,-0.8564419829314085,0.359
196,5,166,391.78704314349824,5782.93038459957,5493.78386536957,5535.643599482066,0.9924381450214005,41.85973411249623,0.07131460806333387,0.2263272141728666,0.9865954723503195,0.0,0.0,0.0,0.0,False,517.8125391936594,1.7766716432630913,1440,2023-10-10,-0.8670063181159503,0.349
197,5,138,475.4980150252169,4643.552594109331,4411.374964403876,4444.102255718875,0.9926357924656473,32.72729131499835,0.10778907231012781,0.22631179484631425,0.957611289186237,0.0,0.0,0.0,0.0,False,452.68155377922164,3.303194228226352,1440,2023-08-13,-0.8767098912433087,0.382
198,5,210,1091.9287672244102,7667.07519749357,7283.721437618897,7337.18078888555,0.9927139111322384,53.45935126665235,0.14991358148114048,0.23015974324573407,0.9979399550466391,0.0,0.0,0.0,0.0,False,758.9454108310249,1.2684340426656342,1440,2023-01-26,-0.8857544169690958,0.412
199,5,126,352.04714479797315,4915.007910143037,4669.2575146358895,4705.125542187106,0.9923768181678435,35.86802755121572,0.07539681495280003,0.225164817833165,0.9993428606378103,0.0,0.0,0.0,0.0,False,471.6759066857994,1.398820921533741,1440,2023-01-04,-0.9029635111907359,0.345
200,5,214,697.7481220604645,7929.517151936893,7533.041294340063,7579.0394250891795,0.993930875910627,45.99813074911628,0.09262502285560499,0.2281366766932632,0.9562370259823924,0.0,0.0,0.0,0.0,False,734.3677475266384,3.304446948547255,1440,2023-08-01,-0.9070001915520542,0.406
201,5,247,827.7204091073202,8725.455052297246,8289.182299682334,8349.05923259342,0.9928283018190438,59.876932911084765,0.09985549589602352,0.22985610627856914,0.9563546642768888,0.0,0.0,0.0,0.0,False,801.0763525261945,3.349663991557607,1440,2023-06-11,-0.9181744591679881,0.422
202,5,224,506.5305615326427,7892.178320902514,7497.569404857376,7553.797054754432,0.9925563727103754,56.22764989705577,0.06755930277944233,0.22647533913938694,1.001204785788241,0.0,0.0,0.0,0.0,False,669.381350130917,1.3375037811130466,1440,2023-10-20,-0.9323894236623367,0.38
203,5,202,122.03584853348119,7651.975562509012,7269.3767843835585,7316.390189103629,0.9935742349020575,47.01340472006972,0.016787663117922947,0.22271481096072962,0.9961086057523907,0.0,0.0,0.0,0.0,False,704.2368743762576,1.460153889841427,1440,2023-12-23,-0.9376474745085842,0.368
204,5,168,614.9907871255663,6437.70359330524,6115.818413639953,6151.006368232645,0.9942793174830019,35.18795459269247,0.10055739813235266,0.2255419128637836,0.9706533894793835,0.0,0.0,0.0,0.0,False,583.7713665781004,2.6901819843567414,1440,2023-05-12,-0.9347164937405724,0.36
205,5,282,795.2337031993736,10116.498830556686,9610.673889028894,9681.106444878886,0.9927247410974136,70.4325558499931,0.08274484311731523,0.22751198474465884,0.9762902874910495,0.0,0.0,0.0,0.0,False,975.1192301386918,2.491941674188583,1440,2023-08-12,-0.939868428956071,0.398
206,5,178,713.2515628426671,6128.444936334052,5822.022689517343,5858.216898774383,0.9938216338038607,36.19420925704091,0.1225092379194759,0.2250215697668025,0.9686030575908926,0.0,0.0,0.0,0.0,False,540.040087800383,2.754907787174186,1440,2023-09-08,-0.9496997345036283,0.359
207,5,271,1525.9009543153452,10047.750237691822,9545.362725807263,9614.580198969015,0.9928007805094626,69.21747316175454,0.15985782815668725,0.22632231517927928,0.997753295163598,0.0,0.0,0.0,0.0,False,918.8345884522071,1.3838429166327961,1440,2023-01-20,-0.9533369444787304,0.378
208,5,200,724.7357154252594,7454.302156935718,7081.587049088933,7134.003936170574,0.992652528993448,52.41688708164089,0.10234086093999209,0.22709405395472518,0.9963050032187779,0.0,0.0,0.0,0.0,False,615.9063254688283,1.5282796817610564,1440,2023-11-10,-0.9604244681252249,0.356
209,5,189,691.4464808780651,6601.474054268674,6271.400351555247,6323.496083346385,0.9917615617840995,52.095731791138164,0.11025392131226211,0.22615720087838925,0.9895096600232052,0.0,0.0,0.0,0.0,False,594.596901448316,1.834400967441602,1440,2023-05-01,-0.9691470150461376,0.373
210,5,245,894.8910280545311,9236.629173011166,8774.797714360648,8829.360270704281,0.9938203273316787,54.562556343631194,0.10198423452998483,0.2278472121495349,0.957316458175558,0.0,0.0,0.0,0.0,False,830.9332939770604,3.2508279632165182,1440,2023-07-25,-0.9753718358588483,0.393
211,5,296,1045.0390892137923,10450.749369578836,9928.211901099887,10001.09625687423,0.9927123633347448,72.88435577434521,0.10525954719983552,0.2295719903596916,0.9839077422209102,0.0,0.0,0.0,0.0,False,962.9239747384067,2.189696993799989,1440,2023-04-11,-0.9854620779130141,0.382
212,5,262,962.0718208198658,9288.725022070783,8824.288770967236,8882.634659828662,0.9934314658774279,58.34588886142719,0.10902542355426709,0.2265556400643156,0.9818755884579087,0.0,0.0,0.0,0.0,False,822.4073182549695,2.0322367844178304,1440,2023-09-29,-0.9988073831366759,0.374
213,5,227,584.5751424821678,7981.5272047853205,7582.45084454604,7632.0611034239755,0.9934997560677706,49.610258877936104,0.0770958037799408,0.22709544049133318,0.9935909789609745,0.0,0.0,0.0,0.0,False,654.4221896231174,1.4847671296459484,1440,2023-12-18,-1.004175438668994,0.381
214,5,139,546.8785776573607,4796.445799322458,4556.623509356344,4578.87727643275,0.9951399075072519,22.253767076405495,0.12001838127166474,0.21983211056575538,1.0003839776893282,0.0,0.0,0.0,0.0,False,449.3997613918177,1.3799000218124882,1440,2023-02-01,-1.011012216058854,0.392
215,5,258,912.161748330455,9187.763424562376,8728.375253334292,8798.798218022359,0.9919962973416278,70.42296468806556,0.10450533138822185,0.22601514433505046,0.9629976851443895,0.0,0.0,0.0,0.0,False,892.6313104812543,2.840928391940618,1440,2023-10-05,-1.0014939176627582,0.406
216,5,262,1134.1020619491176,9195.094916066566,8735.340170263236,8786.483539454814,0.9941793131504858,51.143369191577406,0.12982918121606954,0.2231923469380348,0.9591373747658621,0.0,0.0,0.0,0.0,False,783.997453837576,3.1537573355437347,1440,2023-06-16,-1.0087827104550837,0.427
217,5,193,575.1968521312758,6915.487614198963,6569.713233488991,6615.411301887199,0.993092180317621,45.69806839820764,0.08755280964155643,0.22161569560681338,0.9965428469593323,0.0,0.0,0.0,0.0,False,605.8556351970333,1.3882602717299113,1440,2023-11-22,-1.009563207762411,0.362
218,5,185,649.3819801129592,6609.402665493894,6278.932532219208,6322.762195523435,0.9930679563853818,43.829663304227616,0.1034223535259812,0.22168098060038877,0.9465766053584793,1.8055555555555556,0.0,0.0,0.0,False,562.4451033146297,3.8182144473704485,1440,2023-07-19,-1.0077997574599267,0.37
219,5,155,336.78271014032936,5883.870770901569,5589.677232356472,5622.739062669582,0.9941199778356044,33.0618303131101,0.06025083312339127,0.22375107657768792,0.9692033451362512,0.0,0.0,0.0,0.0,False,556.565017832912,2.727114578648688,1440,2023-10-14,-1.0076166732338243,0.352
220,5,297,993.6471115459377,10438.048737703968,9916.146300818733,9994.985033392884,0.9921121710226924,78.83873257415115,0.10020496686942755,0.22905300226548386,0.9800131875351923,0.0,0.0,0.0,0.0,False,951.5723847874269,2.160127504295439,1440,2023-04-12,-1.013211970831885,0.39
221,5,151,483.2027092898532,5364.792686939649,5096.5530525926315,5122.469062219438,0.9949407191508586,25.91600962680456,0.09480970850368105,0.2257296364961435,0.9955169047223349,0.0,0.0,0.0,0.0,False,510.26560082208147,1.4290831321161201,1440,2023-12-13,-1.030805095536759,0.337
222,5,209,882.8279154469275,7250.21236366692,6887.701745483586,6940.514231112696,0.9923906955780937,52.81248562910986,0.12817452730525342,0.22379008866271993,0.9944397539288634,0.0,0.0,0.0,0.0,False,710.8901283412657,1.5821166510059712,1440,2023-10-26,-1.0388546724329162,0.352
223,5,152,443.8342879462677,5598.469786217652,5318.54629690676,5356.432266040289,0.9929270142416017,37.885969133528356,0.08345030073431897,0.22492864534205081,0.9968460315398291,0.0,0.0,0.0,0.0,False,509.5049654811962,1.4913666220116424,1440,2023-03-31,-1.0422168331494464,0.347
224,5,262,137.40184710541732,9188.340426970508,8728.923405622007,8785.235727306426,0.9935901183038961,56.31232168441976,0.015740984394126016,0.22390553276187963,0.9957648425664705,0.0,0.0,0.0,0.0,False,799.4013326892073,1.4962940205368498,1440,2023-12-23,-1.048657818684301,0.384
225,5,229,782.6981231671291,8600.20035090397,8170.19033335878,8225.37015922599,0.9932915084915276,55.17982586720835,0.09579925206532618,0.22525000679789464,0.9620016207201397,0.0,0.0,0.0,0.0,False,747.6095247190814,3.1183864853734504,1440,2023-05-15,-1.052755036073902,0.368
226,5,148,669.2355193649954,5029.249120863762,4777.7866648206,4809.440870280854,0.9934183190283394,31.654205460252985,0.14007229001927912,0.22238556858575848,0.9922801555813039,0.0,0.0,0.0,0.0,False,425.294154614316,1.7978050199123596,1440,2023-04-03,-1.0602531532047104,0.332
227,5,140,432.43407398802765,4798.05479920483,4558.152059244585,4584.716078286327,0.9942059620294588,26.56401904174319,0.09487048004705974,0.21835377535584272,1.0007011954030447,0.0,0.0,0.0,0.0,False,407.6158583286043,1.2976189602907735,1440,2023-04-09,-1.0610691612719456,0.328
228,5,137,700.8866759708917,4863.880052770619,4620.686050132075,4658.304275824325,0.9919244807842458,37.61822569225051,0.15168454821786861,0.2236289682496546,0.9891589861095014,0.0,0.0,0.0,0.0,False,438.30783009529114,1.8813834426381741,1440,2023-03-05,-1.0537697113877111,0.33
229,5,123,423.0517103448903,4272.729882653872,4059.0933885211616,4093.7501935688156,0.9915342159611744,34.65680504765386,0.10422320204340496,0.22132017789189962,0.9567343489030441,0.0,0.0,0.0,0.0,False,415.0479525923729,3.3686816812021885,1440,2023-09-02,-1.0607170242591928,0.337
230,5,275,686.5672808040957,9638.25189486792,9156.339300124582,9220.648656339696,0.9930255062727179,64.30935621511271,0.07498272598905921,0.22607186927348025,0.9939634663656414,0.0,0.0,0.0,0.0,False,904.3628611630669,1.6690461151622382,1440,2023-01-04,-1.0622615446639116,0.375
231,5,270,1032.9188940475087,9511.884115106066,9036.289909350722,9100.826044636256,0.992908760702709,64.53613528553659,0.11430785249360445,0.2259229617992103,0.9459583755781245,2.5,0.0,0.0,0.0,False,782.6897233497931,3.822851650387187,1440,2023-06-27,-1.0752544754908384,0.381
232,5,188,878.2965442206652,6339.403297312243,6022.433132446629,6062.87769488101,0.9933291475649378,40.44456243438273,0.14583749207421334,0.22461341683419073,0.9482687080461931,0.4861111111111111,0.0,0.0,0.0,False,546.9028996631727,3.7900609018641394,1440,2023-08-24,-1.0866173717989465,0.365
233,5,137,519.4161759198049,4882.2752806103235,4638.161516579814,4666.70757263132,0.9938830416075525,28.546056051506454,0.11198751360060938,0.22458559333975256,0.9833327519736075,0.0,0.0,0.0,0.0,False,471.41348944922623,2.145401362353086,1440,2023-09-15,-1.0940573607640993,0.335
234,5,170,626.7622969046585,6005.495214972986,5705.220454224363,5746.835478891372,0.9927586191009182,41.61502466700975,0.10985768243899843,0.224786199381816,0.9889360227451979,0.0,0.0,0.0,0.0,False,546.4142379990882,1.8268099945085192,1440,2023-09-22,-1.1011774199154454,0.343
235,5,201,651.4709262658032,6976.620820768603,6627.789779730181,6681.306630061071,0.9919900622297287,53.516850330890065,0.09829384273143388,0.22642368833476129,1.0003362748628646,0.0,0.0,0.0,0.0,False,575.646318887301,1.2728852547772367,1440,2023-10-17,-1.1085541104981527,0.357
236,5,217,901.5324562599351,7879.572764123372,7485.594125917198,7528.269879836411,0.9943312667318802,42.67575391921389,0.12043565829178211,0.22449214910601079,0.9440683574746409,0.9722222222222222,0.0,0.0,0.0,False,618.7956467576282,3.9368988122829176,1440,2023-07-18,-1.119379123077536,0.375
237,5,208,863.9722995848061,7087.371923419857,6733.003327248856,6785.258736716985,0.9922986857987655,52.25540946812923,0.12831900677789063,0.22585249122034742,0.9951940435177472,0.0,0.0,0.0,0.0,False,656.875937828549,1.6310901168778953,1440,2023-01-18,-1.1250143542930922,0.363
238,5,231,884.5538353456511,8165.787577710629,7757.498198825084,7810.017042106274,0.9932754508731486,52.51884328118895,0.11402565784412579,0.22493681482611114,0.9631824679294826,0.0,0.0,0.0,0.0,False,719.0424437357068,3.0540435631089533,1440,2023-10-01,-1.1338079164780952,0.37
239,5,232,969.3975560915208,8389.090862198693,7969.636319088773,8022.135113587268,0.9934557578805203,52.49879449849516,0.12163636046598912,0.2258610192697243,0.9735844185507257,0.0,0.0,0.0,0.0,False,713.7860878896277,2.508950224156137,1440,2023-09-12,-1.1400751189000833,0.367
240,5,233,308.9703659817264,8147.403339958061,7740.033172960165,7802.253262943657,0.992025369097027,62.22008998349163,0.03991848084852085,0.2254197994809212,0.9991759425127106,0.0,0.0,0.0,0.0,False,769.3697050357271,1.3408246165101023,1440,2023-03-13,-1.1484151815771089,0.364
241,5,211,890.5513440737582,7696.225638561809,7311.414356633701,7355.800708169645,0.9939658028681164,44.386351535942175,0.12180288253882839,0.22493091810454582,0.9430448009188165,3.75,0.0,0.0,0.0,False,621.4794678182025,3.897540909818164,1440,2023-08-28,-1.1553875381574084,0.366
242,5,200,817.4903964712223,6935.421042674418,6588.64999054066,6631.025976796297,0.9936094374529791,42.37598625563677,0.12407555381525733,0.22437470353328345,0.9745210597799333,0.0,0.0,0.0,0.0,False,607.4966868210162,2.544153176968541,1440,2023-09-12,-1.1611364302988498,0.349
243,5,289,806.0423346126665,9933.631709678448,9436.950124194515,9489.635294554397,0.9944481353893426,52.68517035988358,0.08541343590935487,0.22349885465197805,0.9938270059468088,0.0,0.0,0.0,0.0,False,878.2516370926899,1.7585853733491472,1440,2023-03-22,-1.1657306071318898,0.368
244,5,268,1009.9873339178463,9333.165865034007,8866.507571782317,8926.205345930386,0.9933120769874192,59.69777414806903,0.11391038982836192,0.22594781556138172,0.9791655826593094,0.0,0.0,0.0,0.0,False,729.6065049670499,2.375106217520403,1440,2023-04-24,-1.1686540237920489,0.368
245,5,255,790.2802957386764,8415.268806023265,7994.505365722089,8057.12231614007,0.9922283728655147,62.616950417982196,0.09885293205595289,0.22520822745061717,0.9527630666863691,0.0,0.0,0.0,0.0,False,702.6629238051785,3.558212557740359,1440,2023-07-24,-1.1776778618989332,0.391
246,5,129,530.4096331253912,4360.17929298672,4142.170328337386,4179.274934599657,0.9911217599122071,37.104606262270345,0.12805114012254798,0.22400349925594693,1.0039141679196637,0.0,0.0,0.0,0.0,False,394.50592058763084,1.160696400076418,1440,2023-10-22,-1.1845302499132895,0.327
247,5,223,546.0906452975568,7813.896788530239,7423.20194910373,7478.723440146729,0.9925760737795233,55.52149104300064,0.0735653763755533,0.22518330836404693,0.9551966864139948,0.0,0.0,0.0,0.0,False,720.7623834565113,3.3549069120297697,1440,2023-08-07,-1.1885619332592974,0.368
248,5,279,1128.3928138067324,9877.170407425798,9383.311887054568,9460.734755065776,0.9918164000983378,77.42286801120824,0.12025528165204538,0.22580284619365698,0.9904051540965224,0.0,0.0,0.0,0.0,False,828.6211515040909,1.606725365165322,1440,2023-12-05,-1.1956420253921263,0.367
249,5,231,945.9307037507217,8267.675626806149,7854.291845465865,7911.338059369701,0.9927893090301868,57.04621390383684,0.12043488100035266,0.22900055740410055,0.9933321312025475,0.0,0.0,0.0,0.0,False,700.8578917079635,1.5360567501419893,1440,2023-02-16,-1.203959224633214,0.386
250,5,154,525.1730312904484,5120.325998733047,4864.309698796425,4894.425753412523,0.993846866592041,30.11605461609762,0.10796455485151199,0.22531103505704833,0.9679197919603323,0.0,0.0,0.0,0.0,False,468.6144981831312,2.854119134223923,1440,2023-05-24,-1.219097976559265,0.342
251,5,211,998.3162189145436,7540.453328434278,7163.430662012554,7215.481377876404,0.9927862448618545,52.05071586384903,0.13936286480841964,0.2292949378998413,0.9647832131204004,0.0,0.0,0.0,0.0,False,575.6873172761848,2.9143578464433846,1440,2023-06-15,-1.2243575806894436,0.362
252,5,219,991.6058217037591,7938.130351789446,7541.223834199964,7581.891056626292,0.9946362692206205,40.667222426327825,0.1314913657922152,0.22915313518436217,0.9947030219631526,0.0,0.0,0.0,0.0,False,875.3752818123362,1.4076790316510008,1440,2023-03-15,-1.238794597142723,0.356
253,5,294,888.8932545651613,10099.748931670429,9594.761485086874,9657.715775918712,0.99348145127766,62.95429083183613,0.09264360098442957,0.22675074382214808,0.9559668200815526,0.0,0.0,0.0,0.0,False,861.0394276249242,3.4108789564268727,1440,2023-05-22,-1.2514899010905105,0.381
254,5,219,824.9790904381745,7820.831862859702,7429.790269716663,7480.832864243905,0.9931768834495408,51.04259452724295,0.11103665924470776,0.22802384974101594,0.9456056729999957,3.263888888888889,0.0,0.0,0.0,False,650.0229369901697,3.9378710816991322,1440,2023-08-26,-1.2576984204429769,0.368
255,5,161,434.5294697497313,5714.298653564701,5428.583720886503,5470.852356360439,0.9922738482560594,42.26863547393525,0.08004472107114734,0.2298468040949412,0.9748978609804319,0.0,0.0,0.0,0.0,False,537.0107270674964,2.6447636971308546,1440,2023-10-03,-1.2668672614335101,0.35
256,5,139,514.1829517086871,5181.156909308033,4922.099063842625,4954.615133742187,0.99343721580348,32.51606989956116,0.10446416153747028,0.2271565218154004,0.9947176071965893,0.0,0.0,0.0,0.0,False,511.25037581898033,1.5984225790433553,1440,2023-04-30,-1.2797051740093193,0.363
257,5,244,791.272209631851,9105.855296833792,8650.562531992127,8707.769638012094,0.993430337687134,57.20710601996544,0.09147060745535468,0.22791034663525342,0.9965216587689661,0.0,0.0,0.0,0.0,False,724.2749419907115,1.4838890039275945,1440,2023-04-09,-1.2854147091457468,0.391
258,5,298,144.46673111486444,11016.535634882046,10465.708853137901,10545.760989118287,0.992409069761491,80.0521359803865,0.013803817127164724,0.22938039716495384,0.9905998274672988,0.0,0.0,0.0,0.0,False,1074.765233333766,1.6101738213992587,1440,2023-12-23,-1.2930362691903283,0.388
259,5,220,1066.7366012958455,8017.575329235945,7616.696562774125,7672.482263617225,0.9927291196087041,55.78570084309878,0.1400523957471824,0.22875278412901548,0.9874195911994409,0.0,0.0,0.0,0.0,False,646.7008020323465,1.9251740240768769,1440,2023-04-03,-1.303836648249582,0.364
260,5,137,616.1251601957866,5041.771918946978,4789.683322999645,4822.472813062281,0.9932006894940244,32.789490062635636,0.12863588647650398,0.22907493792721542,1.0000472810117342,0.0,0.0,0.0,0.0,False,545.9090189675924,1.2956711145409505,1440,2023-04-08,-1.3125338420243713,0.343
261,5,127,572.4478820037655,4393.950577002026,4174.253048151914,4202.672615520537,0.9932377394176104,28.419567368622406,0.13713780055984098,0.22535562968913636,0.9866943597011166,0.0,0.0,0.0,0.0,False,375.9269769191742,1.9951613933738042,1440,2023-06-19,-1.3216540822966036,0.331
262,5,261,814.4007793696759,9840.669010301908,9348.635559786828,9417.904492462745,0.9926449739715077,69.26893267591589,0.08711440018828226,0.22908560069369305,0.9554417310501525,0.0,0.0,0.0,0.0,False,801.3762424281132,3.4814729998179397,1440,2023-08-08,-1.3220355778750723,0.387
263,5,173,591.9822214267955,6132.269043598683,5825.6555914187775,5869.7079116723735,0.992494972336529,44.05232025359618,0.10161641245987636,0.22433561156696769,1.0010627276505766,0.0,0.0,0.0,0.0,False,505.9871112500196,1.3176123966042868,1440,2023-11-10,-1.3320009905825563,0.355
264,5,207,421.1314388905053,7022.065657069748,6670.962374216275,6717.62906295348,0.9930531012802474,46.66668873720561,0.06312903825064388,0.22604828077128933,1.0020162709099152,0.0,0.0,0.0,0.0,False,570.7773482458622,1.2997902951584765,1440,2023-11-02,-1.3307401252480964,0.358
265,5,287,1490.9946605201196,9835.064528268165,9343.311301854756,9417.518420295035,0.9921203107731267,74.20711844027954,0.1595788272862256,0.22736370315562449,0.9884051563484322,0.0,0.0,0.0,0.0,False,791.8494227682279,1.598313398961741,1440,2023-01-27,-1.3348017192686004,0.384
266,5,165,791.769755688144,5510.026249967874,5234.524937469452,5278.204983243901,0.9917244506582987,43.68004577444818,0.15125914293015336,0.2281388135015908,0.9969950060533639,0.0,0.0,0.0,0.0,False,468.5031286225111,1.4617386884079995,1440,2023-11-29,-1.3423131088883222,0.344
267,5,262,1087.0953574681946,9977.433796606141,9478.562106775868,9542.917644624566,0.9932561989691958,64.3555378486991,0.11468990182499,0.22849593166702248,0.9718226961856995,0.0,0.0,0.0,0.0,False,822.4852889894504,2.5984489348883297,1440,2023-09-28,-1.3514344040203052,0.377
268,5,135,237.3340285061769,4694.775905111104,4460.03710985557,4485.471273153817,0.994329656406346,25.43416329824629,0.0532134649690981,0.22110654921597162,0.9613813809371455,0.0,0.0,0.0,0.0,False,419.5106783830536,3.1128080869653374,1440,2023-07-22,-1.3609418966731923,0.339
269,5,122,645.5692202958211,4484.054546884562,4259.851819540356,4290.515237794258,0.992853208401687,30.663418253901526,0.15154734193676223,0.22700542696402592,1.000087322481399,0.0,0.0,0.0,0.0,False,367.7798122934672,1.3229971719882163,1440,2023-11-29,-1.3533465768639887,0.321
270,5,126,531.1103475527726,4548.730705904394,4321.294170609149,4357.296762646256,0.9917374018805085,36.00259203710709,0.1229053905112655,0.22523221998733742,1.0002059757156418,0.0,0.0,0.0,0.0,False,417.70108253386235,1.340284075651538,1440,2023-03-06,-1.3615981234105465,0.328
271,5,173,642.1001478563501,6184.875033730528,5875.631282043987,5918.636949740883,0.9927338561121275,43.00566769689683,0.10928189960091901,0.22294432759588007,0.994643122520916,0.0,0.0,0.0,0.0,False,537.1046626017924,1.5623221432860626,1440,2023-11-12,-1.365559916298445,0.346
272,5,207,579.7125893856286,7397.47252369736,7027.59889751244,7071.421702441345,0.9938028296468622,43.822804928905015,0.0824908475625764,0.2230872573386923,0.9664349907056307,0.0,0.0,0.0,0.0,False,601.8699904606328,2.8082810908561875,1440,2023-10-03,-1.3648432037273517,0.356
273,5,121,429.27733085427167,4577.506129208863,4348.630822748408,4375.926829301599,0.9937622342379184,27.29600655319104,0.09871551491762669,0.22148972850279242,1.000110659567044,0.0,0.0,0.0,0.0,False,398.28408023171676,1.2953140555374798,1440,2023-11-27,-1.3657386419715987,0.321
274,5,230,944.707035652208,8618.541168410311,8187.614109989778,8238.257381861687,0.9938526718061259,50.64327187190865,0.11538245732655657,0.22214580489017544,0.9748210790299974,0.0,0.0,0.0,0.0,False,846.4320480945948,2.2265640387863335,1440,2023-04-28,-1.364014915553156,0.361
275,5,269,1605.9369956672813,8939.883573618274,8492.889394937316,8549.362938506398,0.9933944150019969,56.47354356908227,0.18909194750900607,0.2227418034057798,0.9913538807620588,0.0,0.0,0.0,0.0,False,811.3572132314712,1.7136987910977757,1440,2023-01-24,-1.3651865927151532,0.368
276,5,211,691.6610200422663,7384.500114106958,7015.27510840161,7061.69108907208,0.9934270729085986,46.415980670469395,0.09859357036674464,0.22266927011273074,0.9545035429607024,0.0,0.0,0.0,0.0,False,627.8433235114645,3.3866300512693517,1440,2023-07-26,-1.3685722213493696,0.365
277,5,139,726.4030678416167,4914.401702878237,4668.681617734304,4693.585040193946,0.9946941576116383,24.90342245964083,0.15559062007619565,0.21887050011546397,0.995223687829789,0.0,0.0,0.0,0.0,False,425.15619916200114,1.4799323463266656,1440,2023-02-08,-1.3722546145176713,0.334
278,5,269,998.4217979161174,9210.78055014494,8750.241522637676,8815.559993990435,0.992590547690982,65.31847135275865,0.11410219881738222,0.21928261974626895,0.9734638173838601,0.0,0.0,0.0,0.0,False,801.6469898817672,2.427553116711182,1440,2023-09-09,-1.367786760064099,0.372
279,5,130,213.38345140724107,4342.734303854253,4125.5975886615715,4145.877522563867,0.9951084097897435,20.27993390229496,0.051721828613068156,0.21492406370177716,0.9936113989153086,0.0,0.0,0.0,0.0,False,447.73292149198994,1.5851722432136441,1440,2023-11-13,-1.3660832706763255,0.33
280,5,212,882.2455686203937,7740.80400547861,7353.763805204649,7409.127833140792,0.9925275917512852,55.364027936143884,0.11997197516678217,0.22579717345840236,0.9503327992419841,0.0,0.0,0.0,0.0,False,618.3631156574527,3.5562249628834586,1440,2023-08-29,-1.3558778590533136,0.367
281,5,297,871.2219251663391,10545.33586926076,10018.06907579776,10093.029943710042,0.9925730064876112,74.96086791228174,0.08696505470012063,0.22204306891152603,0.9900323426434984,0.0,0.0,0.0,0.0,False,833.5270843803414,1.7620642518253602,1440,2023-03-22,-1.3729242298923996,0.385
282,5,185,145.12664298748385,6296.952954126558,5982.105306420234,6017.150382033247,0.994175801934807,35.04507561301319,0.024260128425310088,0.22192349952534407,0.9994534392398485,0.0,0.0,0.0,0.0,False,549.8786362607402,1.4614789587017474,1440,2023-12-22,-1.3794044500061169,0.383
283,5,200,742.2340885106267,7095.742783648578,6740.955644466152,6787.192531229981,0.9931876270562419,46.236886763828785,0.11010814010027621,0.22087487667205624,0.9413192298176264,5.347222222222222,0.0,0.0,0.0,False,575.8242401696207,3.9016192714619495,1440,2023-08-26,-1.3854217484237576,0.372
284,5,165,567.5335639091397,6269.429516209155,5955.9580403986965,6000.704267744358,0.9925431707097805,44.7462273456605,0.09528837511272134,0.22063989046482302,0.9993013517696268,0.0,0.0,0.0,0.0,False,532.6130633682185,1.3699774884807558,1440,2023-12-13,-1.3889723607142397,0.348
285,5,177,698.3518797943498,6247.606313724624,5935.225998038404,5989.223528199267,0.9909842185874973,53.99753016086275,0.11766222213360629,0.22644933951523075,0.9702912551958582,0.0,0.0,0.0,0.0,False,572.2173579499538,2.7232039134792663,1440,2023-05-10,-1.3923278754139534,0.354
286,5,163,672.9486408218888,5820.894123404529,5529.84941723432,5570.111264942236,0.9927718054823572,40.26184770791485,0.1216938455366575,0.22575769515729532,0.9994245509494694,0.0,0.0,0.0,0.0,False,483.35779394770594,1.3787813157136553,1440,2023-11-16,-1.4091155420603831,0.343
287,5,128,513.2529794813308,4450.578188724045,4228.049279287836,4248.95754531397,0.995079201003269,20.90826602613409,0.12139238347945229,0.22209110296472126,0.9909761996914275,0.0,0.0,0.0,0.0,False,385.22951247535974,1.8523513638176528,1440,2023-03-10,-1.4223119425479336,0.343
288,5,253,1004.342497737619,9678.528816201053,9194.602375390936,9264.983656576394,0.9924035180423117,70.38128118545974,0.10923174888189947,0.22535069463275367,0.9900700715852774,0.0,0.0,0.0,0.0,False,864.8367246110063,1.5793221077781725,1440,2023-11-12,-1.4259071152625469,0.378
289,5,190,150.00312167639598,6950.784651393516,6603.24541882385,6650.837214882404,0.9928442398271214,47.59179605855415,0.02271657528414476,0.2191194246952691,0.9940414869949755,0.0,0.0,0.0,0.0,False,548.3773232663061,1.6632737396945572,1440,2023-12-27,-1.4372218898355467,0.37
290,5,300,1120.7066227134674,10596.895295791672,10067.050531002033,10136.347190190543,0.9931635471942425,69.29665918851074,0.1113242274151888,0.2263221663222452,0.9821267022330045,0.0,0.0,0.0,0.0,False,889.7504064837963,2.277470267718625,1440,2023-05-01,-1.433520886866244,0.401
291,5,186,844.7594865681732,6409.874234793171,6089.380523053513,6124.933286867454,0.9941954039091054,35.552763813940736,0.1387266706966392,0.2237224966847467,0.985822531161558,0.0,0.0,0.0,0.0,False,491.7851635545374,2.1310069433096617,1440,2023-06-19,-1.4477222243862613,0.368
292,5,261,439.77230288806385,9215.512978462448,8754.73732953929,8808.320304987144,0.9939167771388244,53.5829754478537,0.05023249542898696,0.2219719774016238,0.9499234745726927,0.1388888888888889,0.0,0.0,0.0,False,774.2272461963826,3.681940456237178,1440,2023-07-14,-1.454550146034016,0.392
293,5,214,740.4725570068954,7852.917778036708,7460.271889134873,7517.080996238109,0.9924426639633568,56.809107103235625,0.09925543840906366,0.2279873524684504,0.9552989603085397,0.0,0.0,0.0,0.0,False,720.0739892014199,3.306992153207029,1440,2023-07-13,-1.4572599397994304,0.367
294,5,233,847.2693539149765,8165.003790372396,7756.753600853763,7803.105141867363,0.9940598594827459,46.351541013599245,0.10922989146151556,0.22307567482915192,0.9544498766610393,0.0,0.0,0.0,0.0,False,690.6171041302129,3.491855237571867,1440,2023-08-14,-1.474060967582203,0.375
295,5,121,469.72476727924106,4091.8805668860364,3887.286538541749,3915.05592059889,0.9929070279913413,27.769382057140444,0.12083615720683419,0.22261938649362342,0.950179522661815,0.0,0.0,0.0,0.0,False,439.72277815686834,3.6590024162328127,1440,2023-08-28,-1.477849882743422,0.339
296,5,277,899.7219112015179,9611.529650250899,9130.953167738342,9202.237293777893,0.9922536092296002,71.28412603954712,0.09853537683014654,0.22540258597889104,0.9538593399091349,0.0,0.0,0.0,0.0,False,789.2319146835197,3.485869901854704,1440,2023-07-24,-1.4810081498589158,0.39
297,5,146,72.10211225515646,5322.463938654256,5056.340741721536,5085.8667083172295,0.994194506405878,29.525966595693927,0.01425974156769502,0.2226114578909781,0.9711180799197086,0.0,0.0,0.0,0.0,False,485.38335839000445,2.771012733542007,1440,2023-10-13,-1.490927931717844,0.382
298,5,293,1102.708510710329,10679.923355264902,10145.927187501688,10221.913298792457,0.992566351418795,75.98611129077166,0.10868484371430401,0.22257909325451092,0.988595593829929,0.0,0.0,0.0,0.0,False,823.5718861720177,1.7379919895426954,1440,2023-12-04,-1.4938538483061272,0.413
299,5,157,819.1336690603887,5693.570641819123,5408.892109728142,5447.283084984139,0.9929522709473599,38.39097525599915,0.1514420425556537,0.22323545830053573,1.0047412194151204,0.0,0.0,0.0,0.0,False,477.0732821128778,1.2069159758836419,1440,2023-03-02,-1.4972523340392514,0.356
300,5,258,1027.2292760115477,8900.508929827936,8455.483483336484,8523.899681487796,0.9919736035491011,68.41619815131315,0.12148675803529677,0.22522249019790375,0.9964184967829851,0.0,0.0,0.0,0.0,False,760.0114427147075,1.4973120896083636,1440,2023-03-06,-1.5025768986420323,0.387
301,5,199,685.4500802691571,7062.482681194585,6709.35854713486,6761.139032032487,0.9923414553890543,51.78048489762751,0.10216328065547625,0.2241592236342318,0.9718200536618428,0.0,0.0,0.0,0.0,False,646.1740236081394,2.639846976054953,1440,2023-05-12,-1.5124691450083618,0.392
302,5,259,191.56122847981183,8922.428870156218,8476.307426648418,8541.047835099742,0.9924200859541764,64.74040845132227,0.022599608395227386,0.22286943149236702,0.9942895840667699,0.0,0.0,0.0,0.0,False,715.4108832999518,1.4911301783936928,1440,2023-12-28,-1.5192517168430588,0.392
303,5,174,996.990336076229,5822.2983775741595,5531.183458695445,5573.277743128359,0.9924471224344031,42.09428443291513,0.18024900882809877,0.22590714925683744,0.9828086292953038,0.0,0.0,0.0,0.0,False,503.83062922944913,2.26535015192676,1440,2023-09-11,-1.522983703173332,0.352
304,5,166,482.0784057616314,5859.272435252606,5566.308813489979,5606.788729200987,0.9927801959970093,40.47991571100869,0.08660647871230426,0.21903238570300182,0.9545981391402459,0.0,0.0,0.0,0.0,False,495.5675613913866,3.3291893600409406,1440,2023-05-26,-1.5339476287822273,0.414
305,5,231,802.8346809015497,8319.291546691742,7903.326969357154,7955.44588786018,0.9934486489836405,52.11891850302631,0.10158186343729764,0.2235364361363594,0.9553012264992461,0.0,0.0,0.0,0.0,False,655.2397597429273,3.393570403162604,1440,2023-07-13,-1.5285459087360553,0.429
306,5,120,473.4445984411292,4050.833472226997,3848.29179861566,3880.2952117700834,0.9917523251691398,32.00341315442326,0.12302720875050085,0.22362235366405583,1.0033412442246443,0.0,0.0,0.0,0.0,False,321.4595826268196,1.1313987143268904,1440,2023-11-26,-1.5353102654593227,0.356
307,5,171,542.4118103427634,6469.334826767835,6145.868085429411,6184.873584628992,0.9936934039692388,39.00549919958135,0.08825633788475061,0.22402323911948357,0.9982606546493369,0.0,0.0,0.0,0.0,False,533.0690302081375,1.4810430917619848,1440,2023-11-19,-1.5420918870820712,0.406
308,5,242,593.4269747971073,8456.925021326331,8034.078770260046,8097.7484404731695,0.9921373613071385,63.66967021312236,0.07386372374064977,0.22182325719544624,0.9948031319055488,0.0,0.0,0.0,0.0,False,622.3306271646966,1.5791787552828638,1440,2023-01-11,-1.5496002943381852,0.38
309,5,284,976.2450311273985,10113.002323985313,9607.352207786023,9678.6019841187,0.9926384227340282,71.24977633267713,0.1016143688722296,0.22415943145657005,0.9516993396596102,0.0,0.0,0.0,0.0,False,783.4956307351442,3.5459165362769065,1440,2023-08-09,-1.5518582227699669,0.394
310,5,204,990.1318358875627,6969.940780364678,6621.443741346451,6680.775218185916,0.9911190730264421,59.331476839465054,0.14953413100905125,0.2263176391670117,0.9976294140001417,0.0,0.0,0.0,0.0,False,570.436399902816,1.4061348381380716,1440,2023-11-30,-1.5600121204626929,0.354
311,5,294,1506.5551710832856,10268.860951452789,9755.41790388014,9826.869548252187,0.992728951572909,71.45164437204762,0.1544326635647321,0.22219057005544823,0.9774883205770719,0.0,0.0,0.0,0.0,False,832.8075687558818,2.1341372654001898,1440,2023-02-21,-1.572599177538196,0.392
312,5,172,629.9637322980348,5672.274593346932,5388.660863679572,5430.865614103635,0.992228724954184,42.20475042406476,0.11690543313721785,0.22689158733202927,0.9581863202735317,0.0,0.0,0.0,0.0,False,475.236324181874,3.3503022250064127,1440,2023-07-06,-1.574698799655931,0.374
313,5,130,623.1557556918007,4890.610199757048,4646.079689769205,4676.501048114351,0.9934948462467657,30.421358345145055,0.13412506829446053,0.22302221638824596,1.0031577148810613,0.0,0.0,0.0,0.0,False,411.80813650312155,1.256900354335486,1440,2023-03-15,-1.588065314725199,0.359
314,5,243,1262.1072446450964,9000.168325819686,8550.159909528677,8611.296773706872,0.9929003882011282,61.136864178195545,0.14761212164447923,0.22353276596578442,0.9971285291718138,0.0,0.0,0.0,0.0,False,761.4802697659088,1.5990196232540208,1440,2023-11-30,-1.5913970215237025,0.374
315,5,157,793.09060927501,5693.2903819703515,5408.625862871802,5449.240797471639,0.9925466801506219,40.61493459983586,0.1466344001938239,0.22002223768515455,1.0006514518640117,0.0,0.0,0.0,0.0,False,477.24173261225224,1.331266348039961,1440,2023-01-26,-1.5963622343313788,0.354
316,5,296,934.1270902458891,10246.861632846927,9734.518551204546,9793.03014462594,0.9940251798925073,58.51159342139221,0.0959602763436411,0.22194298336040139,0.9685244656014519,0.0,0.0,0.0,0.0,False,893.9260682222953,2.7341888031283297,1440,2023-09-30,-1.5936123542443918,0.416
317,5,221,676.9397427085411,7288.515323670333,6924.089557486832,6967.99933976373,0.9936983658958861,43.909782276898454,0.09776588489913224,0.2213187998093247,0.9692086521660268,0.0,0.0,0.0,0.0,False,563.8629098872552,2.829155110000196,1440,2023-09-30,-1.5967352398283656,0.381
318,5,294,1247.8670626038845,10623.00621830274,10091.855907387577,10157.610784560442,0.9935265409782374,65.75487717286359,0.12365089970125356,0.22405494038262405,0.9958213074187788,0.0,0.0,0.0,0.0,False,826.7070412030503,1.5302500348372916,1440,2023-03-09,-1.598926284473642,0.377
319,5,259,499.2123834101893,9661.885581122448,9178.791302066278,9245.980316211031,0.9927331649163312,67.18901414475509,0.05438759494377102,0.22598866985108557,0.9911162769562022,0.0,0.0,0.0,0.0,False,908.6458747392421,1.600678886313891,1440,2023-01-14,-1.6079013764702532,0.374
320,5,244,1046.2022153173614,8348.041839857864,7930.639747864954,7997.061953908804,0.9916941738820237,66.42220604384966,0.1319190189667882,0.22655493096057924,0.9977120633732186,0.0,0.0,0.0,0.0,False,735.0620686891186,1.4603667817178931,1440,2023-03-15,-1.6206350883907115,0.366
321,5,131,509.36018357366606,4552.784613327654,4325.145382661271,4354.6659838724545,0.993220926399289,29.520601211183084,0.11776718202712894,0.2185255026944474,0.9955876451392434,0.0,0.0,0.0,0.0,False,422.69115394640204,1.471761547718851,1440,2023-02-18,-1.633395578915993,0.33
322,5,271,1137.6294513685575,9629.417649514227,9147.946767038491,9221.02050888784,0.9920753086083135,73.0737418493473,0.12435899337189167,0.2269953922791032,0.988992777487391,0.0,0.0,0.0,0.0,False,868.1000238278073,1.7691706570895946,1440,2023-10-26,-1.626865504285451,0.37
323,5,153,432.714048603326,5007.5736111379765,4757.194930581065,4789.776507061798,0.9931976833506331,32.58157648073373,0.09095991543707299,0.21840250179404616,0.9662437821467222,0.0,0.0,0.0,0.0,False,408.9170074564846,2.7686751042787137,1440,2023-10-07,-1.641624971281215,0.346
324,5,135,245.44873547612147,5202.165734210219,4942.057447499727,4965.74323144837,0.995230163372395,23.68578394864586,0.04966529387478049,0.21611461600265167,0.9945419448539315,0.0,0.0,0.0,0.0,False,444.3006343093467,1.4174236932911626,1440,2023-12-20,-1.6354483109004032,0.336
325,5,202,695.8853733836246,7311.278793032114,6945.714853380525,6998.461020478255,0.9924631762692699,52.74616709772934,0.10018916527287794,0.22103106218694987,0.9596656467255776,0.0,0.0,0.0,0.0,False,599.0482122250193,3.2832320288797794,1440,2023-08-09,-1.6262793646548184,0.365
326,5,139,615.2337370548908,5435.056682685202,5163.303848550931,5198.683304065749,0.9931945353379867,35.379455514818005,0.11915505170735877,0.22057452440174447,0.9993123244415413,0.0,0.0,0.0,0.0,False,501.8045134172276,1.326353442274029,1440,2023-11-16,-1.630811942373154,0.331
327,5,241,752.7746214114715,8379.563041480224,7960.584889406244,8015.260838820175,0.9931785190134899,54.675949413931534,0.0945627277228393,0.22089735483064155,0.9631647537345062,0.0,0.0,0.0,0.0,False,705.9192761783827,3.067373360863513,1440,2023-05-23,-1.634462347640458,0.378
328,5,297,720.6806657639783,10458.748847473984,9935.811405100285,10006.239251153413,0.9929616068249608,70.4278460531283,0.07253364988329347,0.2241186750341586,0.9545292420474923,0.0,0.0,0.0,0.0,False,931.729926583063,3.4891929767958043,1440,2023-08-07,-1.6391377665394067,0.394
329,5,283,1006.6452525882116,10004.631083432314,9504.399529260663,9564.900825458797,0.9936746551477985,60.50129619813605,0.10591360869133386,0.22185565438588153,0.9876436384824968,0.0,0.0,0.0,0.0,False,805.9701207468793,1.9651967189676633,1440,2023-12-11,-1.6511709398580112,0.379
330,5,287,784.6774935545055,9874.31797143154,9380.602072859958,9445.932780010517,0.9930837209334359,65.33070715055867,0.08364894784576157,0.22314949783031393,0.9731699040857579,0.0,0.0,0.0,0.0,False,792.2547991910757,2.5973825226169165,1440,2023-08-12,-1.6569116158059793,0.389
331,5,276,1429.0542232197265,9910.89418966714,9415.34948018374,9469.982485897417,0.994230928537087,54.63300571367857,0.1517792012104726,0.22388101945041106,0.991110154058365,0.0,0.0,0.0,0.0,False,937.5291040655886,1.8423692830624308,1440,2023-02-22,-1.6655080870336207,0.383
332,5,164,635.7030002896349,5851.703646024802,5559.118463723542,5593.026201996834,0.993937496974145,33.90773827329218,0.114353202659372,0.2200229725277429,0.9698150658595638,0.0,0.0,0.0,0.0,False,511.51889783144,2.7848738302621716,1440,2023-10-01,-1.675188662552468,0.353
333,5,263,754.9697359788054,9627.576609081614,9146.197778627578,9203.989349955209,0.9937210301826445,57.79157132763112,0.08254465453863075,0.22307844317697842,0.9846442318054945,0.0,0.0,0.0,0.0,False,833.8454650431344,1.9828269307202284,1440,2023-01-01,-1.6754465683640634,0.391
334,5,165,660.6538526357447,6087.8041986227845,5783.413988691658,5822.270200633238,0.9933262781350556,38.85621194157964,0.11423250245054649,0.22052471582749053,0.982100072257951,0.0,0.0,0.0,0.0,False,607.0212779831292,2.285849266180896,1440,2023-09-28,-1.6835288506005064,0.36
335,5,129,302.9453612651097,4704.012077651162,4468.811473768617,4497.827309842776,0.9935489217181233,29.015836074159346,0.06779103639599976,0.2223339314102436,0.9923590113920965,0.0,0.0,0.0,0.0,False,422.3985888335875,1.6596896081830859,1440,2023-10-10,-1.6854027120121622,0.338
336,5,259,1362.2650219275029,9548.262139482977,9070.84903250886,9128.487582112099,0.9936858598880953,57.63854960323877,0.15018054176023707,0.223548905593829,0.9996256074735643,0.0,0.0,0.0,0.0,False,788.6003719508683,1.436693326496037,1440,2023-03-02,-1.6919987719940557,0.374
337,5,296,782.6832452173102,10963.90387558804,10415.708681808606,10487.621782870363,0.9931430497256095,71.9131010617559,0.07514450232121923,0.22349186899915607,0.9527818395952908,0.0,0.0,0.0,0.0,False,942.2831785349465,3.5012926295821063,1440,2023-08-07,-1.7011260084631499,0.391
338,5,266,871.1930323573115,10047.841445867862,9545.4493735745,9614.83154956196,0.9927838386320328,69.38217598745959,0.0912678909354557,0.22551261994433888,0.9673548360274756,0.0,0.0,0.0,0.0,False,891.6335542937849,2.798378856841976,1440,2023-10-07,-1.7094769105801024,0.378
339,5,231,800.6773498639982,8492.936368460245,8068.2895500372215,8132.998688860233,0.9920436309781232,64.7091388230121,0.09923755771262627,0.22505683380398028,0.9721137920599975,0.0,0.0,0.0,0.0,False,728.7117224018638,2.630154099693974,1440,2023-05-06,-1.7218789153502838,0.366
340,5,293,481.052692632441,10277.537434543154,9763.660562816036,9834.390798773995,0.9928078680819988,70.73023595795823,0.049269706739343645,0.22247036368167009,0.9787759711229179,0.0,0.0,0.0,0.0,False,827.226706783768,2.354564429236337,1440,2023-11-05,-1.732050631347839,0.381
341,5,135,835.5159871476109,5044.454676167305,4792.2319423589215,4828.896243953792,0.9924073122008416,36.664301594870004,0.17434798590661238,0.2241811075295391,0.9972442845805151,0.0,0.0,0.0,0.0,False,407.46984989259204,1.4986549465929346,1440,2023-01-19,-1.7356212880608841,0.339
342,5,139,207.77864013371857,5040.396495685367,4788.376670901054,4822.300302421338,0.9929652594420032,33.923631520282484,0.04339229229738515,0.22145352551651226,0.9863033773743667,0.0,0.0,0.0,0.0,False,455.8705055504171,2.0297048015765364,1440,2023-05-20,-1.7434505052731089,0.341
343,5,166,446.926767651427,5883.579052864263,5589.400100221043,5628.057471396487,0.9931313119363275,38.65737117544256,0.0799597022288228,0.22514902944884388,0.9581297096270073,0.0,0.0,0.0,0.0,False,535.1638986477142,3.3022653202488494,1440,2023-05-29,-1.7447858748900553,0.351
344,5,132,677.378106931797,5136.863447637941,4880.020275256063,4908.375488761616,0.9942230960996207,28.35521350555338,0.13880641241726271,0.22493369251822126,0.9651566701087977,0.0,0.0,0.0,0.0,False,553.1897213505821,2.9486490945756967,1440,2023-06-21,-1.7552417307071844,0.346
345,5,232,437.1471991710999,8157.937548190315,7750.040670780797,7816.962132109985,0.9914389426226984,66.92146132918884,0.05640579420689136,0.22408493903213397,0.9953489447127055,0.0,0.0,0.0,0.0,False,683.8017004335779,1.593549342562024,1440,2023-12-10,-1.7643793587394287,0.368
346,5,127,205.04627682088955,4516.832406502583,4290.990786177459,4324.838211166242,0.9921737130185835,33.847424988783686,0.04778529878959512,0.22233581929007476,1.0038183236534308,0.0,0.0,0.0,0.0,False,401.01048421131856,1.2105894890437843,1440,2023-10-21,-1.7710264504474391,0.324
347,5,189,508.8280809742326,6339.427611373808,6022.45623080513,6075.520588140185,0.9912658748225395,53.06435733505585,0.08448846475156672,0.22487961735223883,0.998051113790249,0.0,0.0,0.0,0.0,False,565.8689263079873,1.5460006108370155,1440,2023-03-31,-1.7736128513458205,0.344
348,5,212,1116.2231442647135,8078.079324840422,7674.175358598374,7722.072779649752,0.9937973362310695,47.89742105137858,0.14545186839053187,0.2268007184602691,0.9916966935138808,0.0,0.0,0.0,0.0,False,664.4386005412143,1.7588464602557032,1440,2023-01-17,-1.7825223086688988,0.369
349,5,200,531.552695507422,6792.728471025263,6453.092047473989,6499.546108986295,0.9928527222157747,46.45406151230551,0.0823717826426316,0.2274875703089834,1.00239763497792,0.0,0.0,0.0,0.0,False,643.3159822730806,1.1432352055962698,1440,2023-10-19,-1.7952163328880413,0.392
350,5,227,792.1583113110131,7616.475200258711,7235.651440245751,7296.79325129017,0.9916207285942207,61.14181104441937,0.10947988827998442,0.22509443358412753,0.9561206947451185,0.0,0.0,0.0,0.0,False,598.2551640325082,3.368489913251528,1440,2023-08-14,-1.8082570048459758,0.4
351,5,265,1285.6293113259314,9318.48163752076,8852.557555644733,8913.840829008854,0.9931249307072342,61.283273364122465,0.14522687971750767,0.22398246934242738,0.99564061879748,0.0,0.0,0.0,0.0,False,775.7919216224832,1.5320596370810888,1440,2023-01-21,-1.8146793632968472,0.39
352,5,280,876.660436132982,10109.741098366243,9604.254043447942,9673.98535729789,0.9927918731242089,69.73131384994905,0.09127834729976173,0.22546969142548198,0.9672487956143796,0.0,0.0,0.0,0.0,False,987.675906729845,2.8554588475310694,1440,2023-10-04,-1.8185700521929253,0.39
353,5,269,1326.4780601764032,9555.4087547572,9077.63831701932,9146.732324177874,0.9924460446955559,69.0940071585536,0.14612589903361095,0.22748657235742786,0.9837529344272887,0.0,0.0,0.0,0.0,False,910.560929317895,2.0237955082302013,1440,2023-01-02,-1.826227976463782,0.393
354,5,256,1359.9954912201852,8488.094391035927,8063.689671484124,8139.295795231868,0.9907109748005428,75.60612374774493,0.1686567249766046,0.22440676701644324,0.9918255404623374,0.0,0.0,0.0,0.0,False,711.8002407064128,1.7335120664910344,1440,2023-02-05,-1.8381657825486197,0.381
355,5,218,310.3425386406418,7743.895016570514,7356.7002657420135,7414.362244994634,0.9922229347114045,57.66197925262179,0.0421850187489377,0.22396320302135733,0.9573354085648933,0.0,0.0,0.0,0.0,False,707.9802994464659,3.4269916678539176,1440,2023-08-02,-1.8421607940171458,0.385
356,5,227,814.3405897848945,8405.561018558972,7985.28296763103,8042.056371742733,0.9929404369371014,56.77340411170349,0.10198017942330759,0.22211003509941304,0.962574378758881,0.0,0.0,0.0,0.0,False,765.1090408972977,3.099034411933044,1440,2023-08-04,-1.8455791225538456,0.388
357,5,263,450.8239129116367,9768.798728251983,9280.358791839411,9333.12396906639,0.9943464613347189,52.76517722697982,0.04857828485123485,0.2186604166839252,0.9823555295030418,0.0,0.0,0.0,0.0,False,854.2688962050446,2.2606606304651744,1440,2023-11-05,-1.8453423177098986,0.377
358,5,204,707.8056529239198,7271.673444338454,6908.0897721215215,6956.548321347029,0.9930341101668472,48.45854922550668,0.10246040168446563,0.21870091622535434,0.9539260712721306,0.0,0.0,0.0,0.0,False,576.7624896377,3.5182966485106326,1440,2023-05-17,-1.838496734154864,0.386
359,5,193,938.5801777510671,6788.299091901638,6448.884137306573,6496.893347924899,0.9926104357810245,48.009210618325596,0.14554148559150148,0.21900381589881124,0.9980427157527826,0.0,0.0,0.0,0.0,False,571.9278314700955,1.4239721401138339,1440,2023-01-30,-1.8340444121132482,0.37
360,5,269,1328.2617199467345,9858.9211449606,9365.975087712555,9438.786475019191,0.9922859376574161,72.81138730663767,0.1418177720426902,0.2216781542424823,0.989481215371286,0.0,0.0,0.0,0.0,False,839.6139076403197,1.911033807336622,1440,2023-04-03,-1.8320991245565013,0.392
361,5,296,1547.6799385126806,10500.937902874764,9975.891007731014,10050.05806940664,0.9926202355087482,74.16706167562552,0.15514202564094529,0.22222688081515088,0.9980592230798961,0.0,0.0,0.0,0.0,False,910.5353446361837,1.3987559887440084,1440,2023-01-27,-1.8375103465793043,0.425
362,5,188,809.1596602055259,7242.028893149158,6879.92744849169,6929.641801728358,0.9928258408357747,49.71435323666745,0.11761165597508166,0.2214335078128789,0.9930886760248843,0.0,0.0,0.0,0.0,False,625.2220271575923,1.5776438952711456,1440,2023-02-18,-1.844157866698175,0.368
363,5,229,102.50137174566659,8229.150183120191,7817.692673964148,7871.219508560294,0.9931996770591985,53.52683459614704,0.013111460890121026,0.221690405288938,0.9676104277353518,0.0,0.0,0.0,0.0,False,700.0532877210419,2.898397517602642,1440,2023-10-13,-1.8488021375789172,0.377
364,5,128,676.8066878117729,4840.114139144587,4598.108432187354,4626.883421623928,0.9937809132380355,28.774989436574543,0.1471924157059974,0.21630214835566114,1.0030875469933682,0.0,0.0,0.0,0.0,False,375.11669912189245,1.2144426943252737,1440,2023-02-26,-1.8541672489952878,0.333
365,5,295,1611.4447076048248,10601.389960000834,10071.320462000791,10134.183886004177,0.9937968932959462,62.86342400338772,0.16000331969227116,0.22248188857742382,0.9930487885949275,0.0,0.0,0.0,0.0,False,1038.64567764903,1.4362408518866907,1440,2023-01-20,-1.8474202802929582,0.39
366,5,266,637.8458267564894,9598.331029935536,9118.414478438786,9176.297363198872,0.9936921306634828,57.882884760084835,0.06995139651358538,0.2224694153091709,0.9906208936000436,0.0,0.0,0.0,0.0,False,768.6620278584296,1.8014977243740071,1440,2023-01-11,-1.8567422282478436,0.392
367,5,127,581.0286726656872,4587.188919797752,4357.829473807881,4385.291321910931,0.9937377368828753,27.461848103050553,0.13332983223824565,0.2199829853971041,0.9998637160394731,0.0,0.0,0.0,0.0,False,418.4265649779695,1.3296724175650219,1440,2023-03-20,-1.865295816187054,0.341
368,5,188,1100.6279629417945,6646.684087346451,6314.349882979109,6370.044157116058,0.9912568464576917,55.694274136948856,0.1743058245645581,0.22043872425077748,0.9810030327335906,0.0,0.0,0.0,0.0,False,514.7637987929427,2.2074352864112217,1440,2023-09-11,-1.8676676900017306,0.358
369,5,279,1224.9971663828874,9996.562408867463,9496.734288424057,9560.903063183505,0.9932884190608997,64.16877475944887,0.1289914121190149,0.22292421614621988,0.9949802037184643,0.0,0.0,0.0,0.0,False,791.7891314975757,1.4431848880339468,1440,2023-10-22,-1.8715897507440924,0.414
370,5,234,356.62969602521076,7966.924420030903,7568.578199029346,7626.213569409778,0.9924424657327172,57.635370380430416,0.047119774235925546,0.21774571935307335,0.999089826111962,0.0,0.0,0.0,0.0,False,672.6595758042342,1.4213514478435243,1440,2023-11-03,-1.8813416923152657,0.362
371,5,221,828.8541485955525,7643.101321043842,7260.946254991657,7308.749317265565,0.9934594743643783,47.80306227390953,0.11415235969082446,0.22139136808493076,0.953949519902087,0.0,0.0,0.0,0.0,False,588.6879028348453,3.4311147655770204,1440,2023-06-25,-1.8786378385949358,0.371
372,5,141,262.4165117946652,5068.756102925472,4815.318297779191,4843.95196076676,0.9940887805619286,28.633662987568165,0.05449619226951016,0.2155201878577034,0.9967440164363885,0.0,0.0,0.0,0.0,False,394.3157046950607,1.377735828270132,1440,2023-12-20,-1.8855647512330047,0.336
373,5,249,1067.1895771076165,9023.970162353742,8572.77165423608,8622.316302927415,0.9942539049890209,49.54464869133358,0.12448594458716093,0.21918095487098346,0.9995109091611232,0.0,0.0,0.0,0.0,False,700.8636591998121,1.477004427605557,1440,2023-03-09,-1.8789656942364448,0.359
374,5,233,744.9470622758881,8588.4220096153,8159.000909134515,8210.721848321686,0.9937008048570366,51.72093918717118,0.09130371114947089,0.22041040713363627,0.9471076553082677,0.06944444444444445,0.0,0.0,0.0,False,744.6400191125174,3.7476296272957477,1440,2023-06-01,-1.8826991838119624,0.367
375,5,154,538.1311494937,5206.259144120023,4945.946186914003,4980.644789925599,0.9930333110520587,34.698603011596866,0.10880246754756225,0.2143683212600812,0.9676478065579464,0.0,0.0,0.0,0.0,False,396.4042730038127,2.759103445855417,1440,2023-10-05,-1.8894112908068943,0.342
376,5,206,625.0498811278649,7200.026645971233,6840.025313672628,6871.9996092401125,0.9953471627785758,31.97429556748541,0.09138122338208945,0.21705601398692675,0.9968189552686354,0.0,0.0,0.0,0.0,False,661.8105977680968,1.4218858230100093,1440,2023-04-09,-1.8822068035440227,0.348
377,5,219,718.54726524076,7635.901302886791,7254.106237742482,7301.002430809078,0.9935767460001519,46.89619306659583,0.09905386572672746,0.21635074909115162,0.9993157645849662,0.0,0.0,0.0,0.0,False,617.9269694698839,1.3652838051133884,1440,2023-10-17,-1.883208938432132,0.352
378,5,221,844.8603145504404,8040.29807934994,7638.283175382409,7689.86824934391,0.9932918130338707,51.58507396150035,0.11060866626068006,0.22120110663539674,0.9837710973293264,0.0,0.0,0.0,0.0,False,708.1118047901356,1.981596938422712,1440,2023-09-22,-1.8832766010264714,0.357
379,5,172,416.8420198491953,6407.689216025746,6087.304755224459,6134.632170365097,0.9922852073561532,47.32741514063801,0.06847727140512205,0.22276340544767415,1.0020352665065848,0.0,0.0,0.0,0.0,False,543.7519528520598,1.2119962203234769,1440,2023-10-20,-1.8950615730310525,0.342
380,5,212,814.206180800656,7565.352229344855,7187.0846178776355,7244.927955115007,0.992016023127389,57.84333723737018,0.11328740707676449,0.21759825533767832,0.9403884530244894,5.347222222222222,0.0,0.0,0.0,False,587.2457818028997,3.8968591661724146,1440,2023-08-27,-1.909064778294111,0.369
381,5,139,513.4278316692743,4825.872758682376,4584.57912074824,4613.699119087394,0.9936883620740066,29.119998339154662,0.1119901779741733,0.21480371469674459,1.002604160806792,0.0,0.0,0.0,0.0,False,426.0597673470886,1.1391890556413855,1440,2023-11-17,-1.909783925029451,0.338
382,5,225,861.5291265231797,7775.025080098909,7386.273826093966,7444.348424926451,0.9921988338646227,58.0745988324846,0.11663920764480734,0.22049269264960641,0.9933192686861212,0.0,0.0,0.0,0.0,False,596.0471102840611,1.7266802650811237,1440,2023-04-15,-1.904951438742506,0.358
383,5,120,592.450778272985,4200.0025254888305,3990.0023992144024,4014.7847280210076,0.9938272334669309,24.78232880660482,0.14848381504473118,0.21901422050929048,0.985181702255007,0.0,0.0,0.0,0.0,False,442.5182355619624,1.8978752877960712,1440,2023-01-02,-1.9146258358417263,0.326
384,5,124,258.77920345461456,4638.4532377501355,4406.530575862618,4432.159805109566,0.9942174401705007,25.62922924694872,0.058726292487816495,0.218853938929057,0.9623561510339045,0.0,0.0,0.0,0.0,False,416.2838589574054,3.1011369472187953,1440,2023-09-18,-1.9200634258378722,0.331
385,5,284,930.5407847057173,10233.110725084774,9721.45518883047,9784.099742422131,0.9935973104076152,62.64455359166219,0.0957203182682844,0.22322978498399826,0.9983700646594889,0.0,0.0,0.0,0.0,False,859.4773889621422,1.5320957358014997,1440,2023-10-17,-1.9250035753047279,0.373
386,5,269,990.1248619042246,10045.120527822757,9542.864501431659,9618.89212928664,0.9920960099320066,76.02762785498054,0.10375551929461874,0.22356073819692035,0.9898020017873477,0.0,0.0,0.0,0.0,False,736.2782175627469,1.9750311945845034,1440,2023-04-30,-1.9397440454482833,0.371
387,5,241,131.47388599340127,8679.000555436058,8245.050527664265,8306.714342409017,0.9925766299161229,61.66381474475277,0.01594579506241624,0.2226835418218217,0.9630711671635567,0.0,0.0,0.0,0.0,False,695.1595192959546,2.886230907351761,1440,2023-10-13,-1.9534425555414021,0.371
388,5,206,679.5027837391001,7107.598419034717,6752.218498083013,6800.677887086878,0.9928743296170696,48.45938900386609,0.10063400405837195,0.2192058258255022,0.9557510993883458,0.0,0.0,0.0,0.0,False,524.7297332033136,3.3965007349899174,1440,2023-06-11,-1.9636057086817713,0.359
389,5,157,758.5147175446956,5437.129765924104,5165.273277627886,5208.095693335823,0.9917777210271441,42.8224157079365,0.14684890358657615,0.22199452943916517,0.9920414308083069,0.0,0.0,0.0,0.0,False,422.01422365009785,1.5904508327550766,1440,2023-01-17,-1.9650455472934387,0.349
390,5,197,551.0442168041214,6907.192321055086,6561.832705002314,6624.069943379178,0.9906043808551461,62.23723837686429,0.08397718161635563,0.22359359464418055,0.9660298768318042,0.0,0.0,0.0,0.0,False,603.018212118175,2.9470720565220656,1440,2023-07-31,-1.9734322926047896,0.359
391,5,166,693.2503130370903,5777.519755883148,5488.64376808899,5535.734755347838,0.9914932724669738,47.0909872588474,0.12630630485943578,0.22321049809607013,1.0038054735559798,0.0,0.0,0.0,0.0,False,549.5663810853683,1.2047506852960597,1440,2023-10-25,-1.9848393120371128,0.342
392,5,154,565.0945506112613,5776.107719476738,5487.302333502905,5519.647359414634,0.9941400194966152,32.34502591172947,0.10298221535217003,0.2226159099238917,0.9613828480435012,0.0,0.0,0.0,0.0,False,526.1580205504913,3.089809099461344,1440,2023-06-12,-1.9942826400819322,0.347
393,5,204,855.9743977285451,6959.187897401565,6611.228502531485,6670.693955852863,0.991085567151645,59.46545332137751,0.129472819976013,0.22382457572247927,0.9948278402869053,0.0,0.0,0.0,0.0,False,578.5293727880556,1.6663491274470168,1440,2023-10-11,-2.0,0.355
394,5,215,665.8187006292683,7547.476075595042,7170.10227181528,7217.935435048492,0.993373013147091,47.83316323321165,0.09286041891571242,0.22432673622567215,0.9466691547942947,0.625,0.0,0.0,0.0,False,573.962520619936,3.6907146775371253,1440,2023-07-17,-2.0,0.374
395,5,268,983.5730242312223,9730.145442465491,9243.638170342248,9307.794405548128,0.993107256949333,64.15623520588036,0.10640540078547939,0.22695785323027293,0.977876077857536,0.0,0.0,0.0,0.0,False,798.9573381174198,2.196990855039641,1440,2023-10-08,-2.0,0.391
396,5,216,885.8322861273821,7762.028534149266,7373.927107441811,7417.109374417413,0.994178019387911,43.18226697560271,0.1201303285509013,0.22439282253689752,0.9468119457439766,2.1527777777777777,0.0,0.0,0.0,False,675.9879995396036,3.817637563085681,1440,2023-08-28,-2.0,0.388
397,5,141,620.2311732570809,5037.37811954792,4785.509213570518,4818.952237438947,0.9930601047238844,33.443023868429336,0.12960609740302223,0.22259165600931344,1.0026397425634317,0.0,0.0,0.0,0.0,False,405.8202646970749,1.2975792592402757,1440,2023-04-07,-2.0,0.339
398,5,141,406.54658306501085,4972.686378660949,4724.052059727871,4757.19174239259,0.9930337719269539,33.13968266471831,0.08605887020822331,0.22259293663356586,1.002150176132147,0.0,0.0,0.0,0.0,False,458.4419568068513,1.1490879682912465,1440,2023-11-09,-2.0,0.335
399,5,295,1026.5874943566753,10863.04774304205,10319.895355889934,10380.801781292923,0.9941327821601653,60.90642540298865,0.09947654108437883,0.22739216998086648,0.9805670250212902,0.0,0.0,0.0,0.0,False,938.9241476550033,2.3486028502720995,1440,2023-11-07,-2.0,0.384
400,5,146,415.191435263925,5120.836625437719,4864.794794165824,4891.820726441787,0.9944752815388594,27.025932275963292,0.08534613541394374,0.21957083151811269,0.958774715129946,0.0,0.0,0.0,0.0,False,376.6628541553102,3.2266489987057345,1440,2023-08-08,-2.0,0.352
401,5,290,1430.8459605235764,10678.021901410615,10144.12080634008,10231.675076688618,0.9914428214644915,87.55427034853611,0.14105174690243208,0.224356321234237,0.9877655414078613,0.0,0.0,0.0,0.0,False,843.8799684964484,2.040124573355016,1440,2023-04-03,-2.0,0.376
402,5,235,991.0370021571466,8738.464731951517,8301.54149535398,8358.320759854088,0.9932068574380604,56.779264500108596,0.11937987694355173,0.22736656591775814,0.9522565627226001,0.0,0.0,0.0,0.0,False,803.3446490365442,3.57615434608991,1440,2023-06-22,-2.0,0.384
403,5,164,854.5311124568553,5897.854118641162,5602.961412709093,5649.7121257903655,0.9917251158925673,46.75071308127211,0.1525141883930413,0.22537408947577162,0.9955601802858651,0.0,0.0,0.0,0.0,False,537.4913002848625,1.5719704291432404,1440,2023-02-22,-2.0,0.339
404,5,197,1076.245134665993,7049.505120256635,6697.029864243822,6748.29227282299,0.9924036472478209,51.26240857916817,0.16070484326375548,0.2245852931235254,1.0038665838505063,0.0,0.0,0.0,0.0,False,623.615941494664,1.2186086452135128,1440,2023-01-20,-2.0,0.358
405,5,235,1150.309913374602,8220.776781560513,7809.737942482466,7871.193881132741,0.9921922976897336,61.45593865027501,0.14729174292997535,0.2256836426684845,0.9979000572544877,0.0,0.0,0.0,0.0,False,683.3541015192743,1.4639174835075934,1440,2023-01-21,-2.0,0.364
406,5,228,864.8968794553044,8045.385983079014,7643.116683925065,7697.147401585481,0.9929804231565987,54.0307176604164,0.11316023491756286,0.22630779143233995,0.9498862518365675,0.1388888888888889,0.0,0.0,0.0,False,656.9042809466439,3.6890701973892,1440,2023-06-26,-2.0,0.38
407,5,185,596.5311032941354,6396.48150680704,6076.65743146666,6117.965726090281,0.9932480343184237,41.308294623621414,0.09816763739307202,0.22155314673472537,0.9581455908541714,0.0,0.0,0.0,0.0,False,535.4681051465852,3.283882275913717,1440,2023-07-24,-2.0,0.372
408,5,190,722.4190764692383,6870.811118360514,6527.270562442482,6584.732571968205,0.991273448253564,57.46200952572325,0.11067705399344005,0.2255579803781095,0.9447754998124673,2.013888888888889,0.0,0.0,0.0,False,649.4140517676968,3.7051067082306437,1440,2023-08-27,-2.0,0.363
409,5,246,391.10150567266015,7952.393259889715,7554.773596895221,7612.079445385252,0.9924717222276532,57.30584849003059,0.05176879236108291,0.22337235966651336,0.9577109348749776,0.0,0.0,0.0,0.0,False,600.9232414077727,3.269531019457301,1440,2023-05-28,-2.0,0.375
410,5,234,362.757459705639,8335.395573073929,7918.62579442024,7982.413730918721,0.9920089413241752,63.787936498481066,0.045810658202999247,0.22213401449416598,0.9900578853804902,0.0,0.0,0.0,0.0,False,654.7388386015976,1.8303802954682005,1440,2023-11-13,-2.0,0.36
411,5,135,645.0916505727671,5186.673499716248,4927.339824730401,4967.152896097502,0.99198473004558,39.81307136710079,0.13092087688676177,0.22496666818785824,1.002915769219444,0.0,0.0,0.0,0.0,False,502.01742020464246,1.1365339222548143,1440,2023-10-22,-2.0,0.333
412,5,250,999.8316741084247,9452.060032224654,8979.45703061347,9044.886495474335,0.9927661375415155,65.429464860865,0.11134656257051179,0.22691202170140426,0.9836884794754001,0.0,0.0,0.0,0.0,False,737.2036712117183,2.152763349004704,1440,2023-04-23,-2.0,0.377
413,5,205,460.2684677094078,6821.71875294485,6480.632815297626,6522.109491753441,0.9936406040854944,41.4766764558149,0.07102214873568173,0.22197954748021215,0.9979963680713818,0.0,0.0,0.0,0.0,False,536.9475903038467,1.5171228540199593,1440,2023-12-19,-2.0,0.356
414,5,273,823.7625230272569,9640.917696454708,9158.871811631981,9225.637885572189,0.9927629856310942,66.7660739402084,0.08994148405713673,0.22648197116390437,0.9709150520330619,0.0,0.0,0.0,0.0,False,828.3816179291698,2.7326055829188767,1440,2023-05-21,-2.0,0.377
415,5,226,844.6928568623415,8060.284992357836,7657.270742739918,7713.7040074781635,0.9926840251215843,56.4332647382445,0.1103125232529122,0.22210796817880818,0.9841148543476568,0.0,0.0,0.0,0.0,False,582.6898577777336,1.9210165947643594,1440,2023-09-22,-2.0,0.363
416,5,216,972.8321593950383,7864.860049635769,7471.61704715397,7525.329733926982,0.9928624141835466,53.71268677301244,0.13020369663694178,0.2202247839196805,0.9981554438871949,0.0,0.0,0.0,0.0,False,682.1039207274156,1.5481885966776663,1440,2023-03-03,-2.0,0.358
417,5,233,971.132962896869,8050.043377785957,7647.541208896633,7704.096975076717,0.9926590012608816,56.55576618008414,0.12698630008912126,0.22141267882431998,0.9960338707526785,0.0,0.0,0.0,0.0,False,741.5308538126005,1.6017948167700322,1440,2023-10-26,-2.0,0.36
418,5,189,450.2662617561517,6924.475701933295,6578.251916836607,6622.289332233377,0.9933501221122397,44.037415396769546,0.06844770730104217,0.21874032992409315,1.0031917129990613,0.0,0.0,0.0,0.0,False,676.0221159997138,1.281530578718447,1440,2023-03-12,-2.0,0.346
419,5,245,989.6993991003314,8826.336090951316,8385.01928640375,8445.710974959517,0.9928139041537523,60.691688555764806,0.11803185720814285,0.22118298057055313,0.9918604072250052,0.0,0.0,0.0,0.0,False,739.3116210807525,1.7207761162510535,1440,2023-11-25,-2.0,0.366
420,5,174,453.5686539006783,6228.565109322342,5917.1368538562365,5963.240770806361,0.9922686474147026,46.103916950124784,0.07665339928805005,0.21755400649987575,0.9620485738138174,0.0,0.0,0.0,0.0,False,590.2501394758049,3.024407222616813,1440,2023-05-27,-2.0,0.384
421,5,281,726.7709513571567,10390.606211338596,9871.075900771652,9934.05671654634,0.9936601111135407,62.980815774690825,0.07362631577985768,0.2209461100543606,0.9958706540786398,0.0,0.0,0.0,0.0,False,821.4652399818756,1.5952759519175355,1440,2023-11-23,-2.0,0.375
422,5,247,743.2288769444851,8730.704332613603,8294.169115982928,8351.407234201602,0.9931462906054602,57.23811821867524,0.08960859931253118,0.22169387327250303,0.9885494341788644,0.0,0.0,0.0,0.0,False,752.9179846039324,1.9083583633998258,1440,2023-12-12,-2.0,0.364
423,5,163,264.29023601914685,6068.447104175461,5765.024748966704,5807.457488664027,0.992693405026184,42.43273969732349,0.045843729650339664,0.21680681384636222,0.9517670503382771,0.0,0.0,0.0,0.0,False,466.7284787947125,3.434467594471702,1440,2023-08-02,-2.0,0.35
424,5,279,1479.3500891625959,10133.33664648925,9626.66981416475,9684.497347710545,0.994028855451185,57.82753354579347,0.15367205043075952,0.22001620217739376,0.9849139103814358,0.0,0.0,0.0,0.0,False,813.518481930432,2.185860487764452,1440,2023-02-21,-2.0,0.37
425,5,147,435.7699670293828,4948.385437765783,4700.966165877488,4742.002483860642,0.9913462048738225,41.03631798315406,0.09269795860103612,0.21802684094668132,0.9706725434971004,0.0,0.0,0.0,0.0,False,381.1059964201942,2.725512265538312,1440,2023-10-04,-2.0,0.34
426,5,286,825.2357777854694,10357.199740625832,9839.33975359442,9903.674045518812,0.9935039974428983,64.33429192438929,0.0838710521693289,0.2190273601140684,0.9905867755130963,0.0,0.0,0.0,0.0,False,811.64200925355,1.6468051108075568,1440,2023-03-31,-2.0,0.385
427,5,190,1144.8546173995228,6550.119925734613,6222.613929447938,6278.890041441884,0.9910372515488386,56.27611199394575,0.18398290981569745,0.22305672331268878,0.9934359319290641,0.0,0.0,0.0,0.0,False,557.6950324660718,1.7302787955565098,1440,2023-02-07,-2.0,0.37
428,5,186,644.1732246352243,6417.896170256257,6097.001361743427,6146.896378525679,0.9918828928113118,49.89501678225112,0.10565410542257515,0.218777332153006,0.9809704569544357,0.0,0.0,0.0,0.0,False,546.2653140712978,2.156487223871127,1440,2023-03-26,-2.0,0.35
429,5,222,843.9721546509003,7593.154171814457,7213.496463223744,7265.118671020797,0.9928945127898648,51.622207797052496,0.11699903908648003,0.2186901379578674,0.9509090041998878,0.0,0.0,0.0,0.0,False,579.1602272465631,3.4611646607760624,1440,2023-07-06,-2.0,0.371
430,5,123,503.3334644582501,4376.389753832192,4157.570266140574,4182.322867311785,0.9940816139842593,24.75260117121081,0.12106433138542934,0.21395577157565213,1.0050791764158715,0.0,0.0,0.0,0.0,False,370.14855765099117,1.1954145550423456,1440,2023-04-20,-2.0,0.328
431,5,293,1140.7233726248373,10514.031983963388,9988.33038476527,10053.2429677865,0.9935431200430319,64.91258302123109,0.11420561081607082,0.22016257542280376,0.9447634028641767,2.1527777777777777,0.0,0.0,0.0,False,827.2101075779462,3.76691820104205,1440,2023-08-31,-2.0,0.422
432,5,273,666.1690670424566,9300.86302204016,8835.819870938169,8906.887512264308,0.9920210464959525,71.06764132613822,0.0753941430193194,0.2190854817385171,0.9811933384783614,0.0,0.0,0.0,0.0,False,705.2935062570034,2.197126439651272,1440,2023-04-01,-2.0,0.404
433,5,248,1021.1259269996978,8783.158844836875,8344.000902594991,8402.201150746501,0.99307321413671,58.20024815150856,0.12237845356441977,0.21988026872016725,0.9889500841180685,0.0,0.0,0.0,0.0,False,705.9516069095129,1.8690451755938304,1440,2023-04-26,-2.0,0.382
434,5,138,519.6244711379793,5005.891740625404,4755.597153594112,4784.311248341435,0.9939982803674661,28.71409474732429,0.10926587226701184,0.2211852814315063,0.9548840585923899,0.0,0.0,0.0,0.0,False,396.60660781274464,3.2378805465769482,1440,2023-08-14,-2.0,0.357
435,5,253,1037.3759313839257,8939.344723602777,8492.377487422658,8563.304535687937,0.9917173273507105,70.92704826527707,0.12215377059254554,0.218102876607175,0.9900878335484485,0.0,0.0,0.0,0.0,False,759.9231754412056,1.8593373142129301,1440,2023-04-26,-2.0,0.372
436,5,188,838.5403407375935,6931.587893433114,6585.008498761416,6620.295688446208,0.9946698468851813,35.287189684791954,0.12734081374311298,0.21745210190832068,1.0028877897725035,0.0,0.0,0.0,0.0,False,660.7720979598614,1.3127375454630625,1440,2023-10-22,-2.0,0.354
437,5,296,1072.1205298076086,9847.643628005624,9355.261446605295,9430.093041630165,0.992064596320045,74.83159502487285,0.1146008089593952,0.22165930814743912,0.9750555741588318,0.0,0.0,0.0,0.0,False,787.573768034204,2.440111269601944,1440,2023-04-24,-2.0,0.388
438,5,260,1350.4272228481404,9637.897370654277,9156.002502121595,9216.979476793604,0.9933842779160423,60.9769746720076,0.14749091893926683,0.21948491399086992,0.9931237896556367,0.0,0.0,0.0,0.0,False,760.7936104712996,1.6011622799319378,1440,2023-01-21,-2.0,0.391
439,5,168,641.3830913742544,5867.391421184821,5574.0218501255395,5607.222408776146,0.9940789652647553,33.200558650606325,0.11506648316418225,0.21881892893391222,0.980552884758507,0.0,0.0,0.0,0.0,False,494.25526492883375,2.2829603103553473,1440,2023-04-24,-2.0,0.35
440,5,156,800.256507113008,5645.986778470724,5363.687439547196,5401.625963776591,0.9929764621830888,37.938524229394154,0.14919894496696584,0.2204057150369672,0.9995532564291104,0.0,0.0,0.0,0.0,False,493.3266907535734,1.4745513412101756,1440,2023-11-29,-2.0,0.348
441,5,166,546.3357936861516,5897.750165211729,5602.862656951139,5645.690153893757,0.9924141255054387,42.827496942619256,0.09751011708422752,0.21556276542543343,0.9574518584162728,0.0,0.0,0.0,0.0,False,578.3462192633832,3.175301244507814,1440,2023-06-08,-2.0,0.373
442,5,225,1090.5706692905658,7908.691328765418,7513.256762327159,7566.256852082867,0.9929952034682621,53.000089755708736,0.14515285498545533,0.22126560475045426,0.9992315116113643,0.0,0.0,0.0,0.0,False,730.813937240466,1.3002370941618144,1440,2023-10-16,-2.0,0.382
443,5,196,1174.6186720199469,7259.196200619934,6896.236390588931,6946.929178230608,0.9927028495121942,50.692787641678244,0.17032749538906625,0.21821100037262145,0.9941238159077131,0.0,0.0,0.0,0.0,False,636.5008615290373,1.6764087204474978,1440,2023-02-05,-2.0,0.367
444,5,201,648.3380129300324,6845.129457632641,6502.872984751018,6543.261397792621,0.9938274798168344,40.38841304160414,0.09970024240829548,0.21719226746092016,0.9804956307195748,0.0,0.0,0.0,0.0,False,591.9360364165723,2.1950853355453814,1440,2023-11-07,-2.0,0.371
445,5,173,622.5791163712768,6065.317617907352,5762.051737011941,5806.606406879697,0.9923269003018756,44.55466986775525,0.10804816492226274,0.21639044335159757,0.9894357924121817,0.0,0.0,0.0,0.0,False,576.7222949549948,1.877776036531459,1440,2023-11-06,-2.0,0.366
446,5,277,1373.6405338867496,9891.290991852291,9396.726442259647,9474.545821692349,0.9917864791730142,77.81937943270154,0.14618287999841229,0.2214491806009603,0.9926370311578567,0.0,0.0,0.0,0.0,False,857.8307486249987,1.4596449398887,1440,2023-02-23,-2.0,0.407
447,5,237,1371.94071343843,7758.525018982824,7370.598768033714,7422.55361603912,0.9930004078524756,51.95484800540562,0.18613694173511883,0.2220401319126012,0.9899217690372211,0.0,0.0,0.0,0.0,False,708.1058268783183,1.8704299786934846,1440,2023-02-07,-2.0,0.386
448,5,132,476.19505012631384,4927.364391697428,4680.996172112529,4706.395964946187,0.9946031330506744,25.39979283365831,0.10172942523715149,0.21995712775395135,0.9551014153157484,0.0,0.0,0.0,0.0,False,422.50493391025884,3.3064986837166197,1440,2023-07-28,-2.0,0.361
449,5,292,1072.6537999342463,10707.474458213639,10172.100735302956,10242.016657817525,0.9931736175745034,69.91592251457097,0.10545056796493664,0.22339405833569412,0.9597041558284506,0.0,0.0,0.0,0.0,False,910.5058910879998,2.9958567462503094,1440,2023-05-24,-2.0,0.417
450,5,120,438.9794757609141,4195.88986268698,3986.0953695526237,4018.1708671262168,0.9920173883505026,32.07549757359277,0.11012769014861344,0.22308867329595333,0.9923333301720141,0.0,0.0,0.0,0.0,False,433.3585247493745,1.625652397637759,1440,2023-04-27,-2.0,0.363
451,5,147,565.354404492893,4951.783462031846,4704.194288930241,4740.516572236906,0.992337906058722,36.32228330666555,0.1201809214860166,0.22084960447005536,1.0004819987268694,0.0,0.0,0.0,0.0,False,410.5881653969518,1.2558001065223663,1440,2023-11-20,-2.0,0.355
452,5,151,618.7972582731032,5410.896324246709,5140.351508034384,5184.550386140819,0.9914748869594197,44.198878106434755,0.12038033922503576,0.22001176805483347,0.9546783941182863,0.0,0.0,0.0,0.0,False,430.1097386057992,3.492946990821763,1440,2023-08-29,-2.0,0.368
453,5,213,190.9343505856771,7212.343486110901,6851.726311805336,6894.390966301998,0.9938116862381035,42.664654496661115,0.02786660498343351,0.21451558806701346,0.9933470638402112,0.0,0.0,0.0,0.0,False,573.2706246315006,1.6343793892936094,1440,2023-12-22,-2.0,0.37
454,5,269,1261.9939917856727,9767.727449257549,9279.341076794666,9346.281194962352,0.9928377804207553,66.94011816768689,0.13600038853422547,0.22229285385373365,0.9686239337405533,0.0,0.0,0.0,0.0,False,786.6265943303163,2.6998164712799184,1440,2023-09-26,-2.0,0.401
455,5,242,731.8295817004644,8331.325886803203,7914.759592463099,7983.11581237217,0.9914374009452384,68.35621990907123,0.09246390533420064,0.2227511530872449,0.9490591714558928,0.06944444444444445,0.0,0.0,0.0,False,715.2108532129733,3.710294617890076,1440,2023-06-06,-2.0,0.389
456,5,135,419.6636749152541,4730.984029575926,4494.43482809715,4532.996696577378,0.9914930737740567,38.56186848022989,0.09337407059319423,0.22452352930058384,0.964561501776795,0.0,0.0,0.0,0.0,False,435.86222793184254,2.8580533538363495,1440,2023-05-23,-2.0,0.354
457,5,209,1039.032382947038,7402.920853411654,7032.774810741081,7079.111229144964,0.9934544864596682,46.33641840388224,0.14774145496030033,0.22519370115416493,0.9938056234715126,0.0,0.0,0.0,0.0,False,674.1380789656339,1.4426201344185132,1440,2023-02-04,-2.0,0.375
458,5,221,1093.6287202743144,7749.339730037651,7361.872743535762,7423.951376477971,0.9916380604082485,62.078632942209104,0.14855305957775441,0.22316254818196193,0.9942786940513347,0.0,0.0,0.0,0.0,False,673.2313873126391,1.5137596774634372,1440,2023-02-04,-2.0,0.38
459,5,285,992.7713442275139,9783.948435420647,9294.75101364965,9371.9122955272,0.9917667516036854,77.16128187755194,0.10680989117079051,0.22422459665963576,0.9887261246331328,0.0,0.0,0.0,0.0,False,801.9805167460207,1.7881180348490027,1440,2023-04-11,-2.0,0.403
460,5,160,902.5002836616865,6240.043768176443,5928.041579767602,5968.034199114149,0.9932988622363319,39.992619346547016,0.15224256974544825,0.22373702446509763,1.0034851865757135,0.0,0.0,0.0,0.0,False,520.6143375508893,1.2877954460239591,1440,2023-03-02,-2.0,0.359
461,5,253,1002.4996767913302,9135.426774907166,8678.655436161833,8746.169147487382,0.9922807677067457,67.51371132555064,0.11551324789484779,0.22393347918620368,0.9527311725272412,0.0,0.0,0.0,0.0,False,771.7081084316845,3.5781268501358072,1440,2023-07-06,-2.0,0.395
462,5,199,724.2621280077129,7399.140851242623,7029.18380868049,7089.105705881593,0.9915473263219382,59.92189720110114,0.10303644743409698,0.22564703805316563,0.9916247771961312,0.0,0.0,0.0,0.0,False,741.0582166647285,1.6989961788603853,1440,2023-04-30,-2.0,0.37
463,5,279,1098.9976696937845,10229.282694262858,9717.818559549725,9799.787859031934,0.9916356047027424,81.9692994822088,0.11309098466484503,0.22391996346146045,0.9858087788886545,0.0,0.0,0.0,0.0,False,821.3119292066704,2.0026222378100007,1440,2023-12-02,-2.0,0.395
464,5,266,1348.8467148859402,9430.593734579847,8959.064047850843,9031.232086864515,0.9920090594152002,72.16803901367354,0.15055665499003884,0.22625756460113491,0.9934868490110855,0.0,0.0,0.0,0.0,False,762.4477472789612,1.7323495902660058,1440,2023-11-29,-2.0,0.394
465,5,140,622.213615906654,5198.143522600083,4938.236346470064,4971.923992338452,0.993224424604982,33.68764586838747,0.12599915683489368,0.21317970017562315,1.0057464791582948,0.0,0.0,0.0,0.0,False,454.3198825058336,1.1659289370514667,1440,2023-11-28,-2.0,0.342
466,5,168,837.0804878125853,6020.040693915453,5719.038659219698,5757.761350423002,0.993274696736005,38.7226912033036,0.14636734208171903,0.22024663519815987,0.9877877899786321,0.0,0.0,0.0,0.0,False,555.2108659472742,1.985841337083787,1440,2023-01-02,-2.0,0.373
467,5,155,282.5972987588637,5668.8685032603535,5385.425078097329,5414.479159375809,0.9946340025654786,29.05408127848007,0.05247446481210827,0.2152987732086254,0.9978175920298035,0.0,0.0,0.0,0.0,False,470.51413491992696,1.3359709657345988,1440,2023-10-21,-2.0,0.354
468,5,151,222.79915789543668,5246.808232930305,4984.467821283798,5023.647642414895,0.9922009217365685,39.179821131095906,0.04469868517238267,0.2142983307056773,0.9962488784074125,0.0,0.0,0.0,0.0,False,469.4557071268387,1.4949045395226959,1440,2023-12-29,-2.0,0.365
469,5,131,364.1543834944319,4780.148257193973,4541.14084433427,4572.548974423524,0.993131155015521,31.40813008925412,0.0801900658837233,0.22013413226473766,0.9958497595403664,0.0,0.0,0.0,0.0,False,412.1531078791132,1.516831293813961,1440,2023-12-15,-2.0,0.348
470,5,272,429.39195245977703,9728.80526961402,9242.365006133336,9314.895528533625,0.9922134905133276,72.53052240028907,0.0464590991780597,0.22087794398145913,0.9949408110402265,0.0,0.0,0.0,0.0,False,815.4282526222282,1.610907485896258,1440,2023-12-20,-2.0,0.384
471,5,270,671.8000382589172,9417.121343101577,8946.265275946549,9004.067088625496,0.9935804773431813,57.80181267894875,0.07509279207997084,0.21700780981980342,0.9944895742504568,0.0,0.0,0.0,0.0,False,787.34087241508,1.7814297495925826,1440,2023-01-11,-2.0,0.373
472,5,198,726.4506493560722,7059.397807348267,6706.427916980826,6747.724924081969,0.993879862091924,41.29700710114382,0.10832154737944515,0.21949753424272356,0.968544244628362,0.0,0.0,0.0,0.0,False,554.861811413662,2.6357033901772677,1440,2023-05-07,-2.0,0.358
473,5,294,889.9101062749168,10826.506210575613,10285.180900046838,10359.434095265198,0.9928323116363762,74.25319521835995,0.08652352495529408,0.22051324927984406,0.9748600836755457,0.0,0.0,0.0,0.0,False,871.0398459859084,2.702836939792166,1440,2023-08-12,-2.0,0.41
474,5,256,907.4017982052266,8921.410172183765,8475.3396635746,8534.488772543895,0.9930694022166175,59.14910896929528,0.10706376785169651,0.22110907251352227,0.9917954254157597,0.0,0.0,0.0,0.0,False,680.6748746912704,1.7794144501808535,1440,2023-04-11,-2.0,0.378
475,5,122,444.2565815871611,4392.268944256255,4172.6554970434145,4202.800727718375,0.992827347136364,30.145230674960754,0.10646855027977854,0.22063230260566075,0.9541496607214104,0.0,0.0,0.0,0.0,False,423.07462973446525,3.4383758614692317,1440,2023-09-02,-2.0,0.34
476,5,242,707.5823645106182,8351.943492512708,7934.346317887058,7992.471085241431,0.9927275598829874,58.124767354372395,0.08917966725443485,0.2213139518382464,0.9702780122523754,0.0,0.0,0.0,0.0,False,701.3329837117692,2.776198532586878,1440,2023-05-21,-2.0,0.393
477,5,262,450.7289020619423,9496.236346403579,9021.424529083408,9088.256190828199,0.992646371279428,66.83166174479221,0.04996205428631315,0.21831561335182031,0.9958290696373581,0.0,0.0,0.0,0.0,False,846.7971492092715,1.5873986238901034,1440,2023-10-21,-2.0,0.374
478,5,244,1083.9685679102229,8671.31633453905,8237.750517812154,8298.665078198701,0.9926597157720493,60.91456038654601,0.13158550572348623,0.22403059951413046,0.9906215238007692,0.0,0.0,0.0,0.0,False,733.943423800497,1.755802740729063,1440,2023-02-20,-2.0,0.364
479,5,251,1253.534191357433,8493.98085369715,8069.2818110123235,8121.202318779768,0.9936067954313389,51.92050776744381,0.15534643859466002,0.2226544644418755,0.9933595450725821,0.0,0.0,0.0,0.0,False,779.2318857014179,1.6673617988747065,1440,2023-02-08,-2.0,0.365
480,5,218,764.4869002264849,7464.09063732348,7090.886105457277,7143.994263870652,0.9925660412856211,53.10815841337491,0.10781260463880835,0.22049281869517043,0.9899774829114202,0.0,0.0,0.0,0.0,False,655.7570995097778,1.771028207043033,1440,2023-12-11,-2.0,0.361
481,5,284,1229.6958901200426,10039.165736783736,9537.207449944539,9600.400847822195,0.9934176292345136,63.193397877656906,0.12893668262686198,0.22117646445197503,0.9957827581268592,0.0,0.0,0.0,0.0,False,812.3073105448391,1.606061900399022,1440,2023-10-25,-2.0,0.372
482,5,294,717.8625711551847,10236.947722179522,9725.100336070624,9801.673355811381,0.9921877605015925,76.57301974075644,0.07381544111093802,0.21867723047215196,0.9408695856689248,4.652777777777778,0.0,0.0,0.0,False,901.278781736546,4.126690873254094,1440,2023-06-03,-2.0,0.391
483,5,168,905.5847245753693,6261.156808778029,5948.09896833916,5988.894444497011,0.9931881457360905,40.79547615785044,0.1522477567027148,0.21920842848487546,0.998798251316328,0.0,0.0,0.0,0.0,False,502.60444459522466,1.4708680152737752,1440,2023-11-30,-2.0,0.345
484,5,169,707.6971578618993,6042.890320281876,5740.7458042678,5782.01690888381,0.9928621612031956,41.271104616010454,0.12327617037768529,0.2149112395379699,0.946190820312327,1.5972222222222223,0.0,0.0,0.0,False,524.8015602428616,3.6635289297774016,1440,2023-07-18,-2.0,0.359
485,5,249,756.3890745849396,8749.42872659956,8311.95729026956,8368.702359792067,0.9932193705687106,56.74506952250749,0.09100011563707272,0.21911718608045777,0.9882419071735971,0.0,0.0,0.0,0.0,False,801.5693812513647,1.9410149527687948,1440,2023-12-12,-2.0,0.361
486,5,162,440.0603022281894,5324.815883518582,5058.575089342642,5099.0288380594575,0.9920663816578431,40.453748716814665,0.0869929366384823,0.22016823163701874,0.9548565486456652,0.0,0.0,0.0,0.0,False,480.99505908389915,3.353264067504674,1440,2023-08-08,-2.0,0.348
487,5,162,841.5382147899463,5814.931444022646,5524.184871821527,5553.49066916858,0.9947229951227341,29.305797347052575,0.15233708398909182,0.2201044100031496,0.9890209506274035,0.0,0.0,0.0,0.0,False,508.9396812205906,1.9353049445541124,1440,2023-03-05,-2.0,0.342
488,5,229,855.9548950169262,8038.803493415644,7636.863318744884,7690.142360764066,0.993071774289769,53.27904201918261,0.11208199744991666,0.22162240121304363,0.9509607639964105,0.0,0.0,0.0,0.0,False,634.8991295916132,3.588083172081551,1440,2023-06-26,-2.0,0.371
489,5,133,561.7928983871377,5032.8862768152785,4781.241962974499,4817.2513824272855,0.9925249033952963,36.00941945278703,0.11749936580026918,0.21576683780931336,0.9774900607088163,0.0,0.0,0.0,0.0,False,419.53789048745415,2.3864687074408124,1440,2023-09-28,-2.0,0.331
490,5,148,599.3611924766774,5735.8391274985215,5449.047171123624,5493.1632212257255,0.9919689169381248,44.116050102100985,0.10999376104741734,0.22291889818594848,0.9578151508897076,0.0,0.0,0.0,0.0,False,530.4961942365311,3.293439578690852,1440,2023-08-14,-2.0,0.342
491,5,254,873.1280679274859,8931.120626090045,8484.564594785572,8551.140334118965,0.9922144022046093,66.57573933339282,0.10290782257278014,0.22047722067277636,0.9522191541560807,0.0,0.0,0.0,0.0,False,776.9056077215516,3.4094722289782897,1440,2023-07-25,-2.0,0.37
492,5,236,881.4186000395893,8721.399414323316,8285.329443607143,8359.59646546892,0.9911159561148014,74.26702186177755,0.10638304801744256,0.2181672551865786,0.9808385257123582,0.0,0.0,0.0,0.0,False,721.2058968807544,2.0109982901042365,1440,2023-11-06,-2.0,0.36
493,5,127,461.7261489489461,4643.56093030631,4411.382883790984,4441.594371605498,0.9931980533819901,30.211487814513298,0.10466698563969475,0.2117404602646908,0.9613245920623747,0.0,0.0,0.0,0.0,False,436.3845474571475,3.1880308403264666,1440,2023-06-12,-2.0,0.332
494,5,251,1268.975183305832,8816.61063090088,8375.780099355845,8449.944621606524,0.9912230759405167,74.16452225067827,0.1515053127294286,0.21891906362875313,0.9967748924944381,0.0,0.0,0.0,0.0,False,716.8099979528108,1.4965530862128327,1440,2023-03-14,-2.0,0.358
495,5,246,727.7208572665598,9074.599451321414,8620.869478755354,8678.752974238707,0.9933304363362836,57.883495483351815,0.08441385860903038,0.21452064199001622,0.9465827478501612,0.8333333333333334,0.0,0.0,0.0,False,755.4826423279999,3.546234664408053,1440,2023-06-02,-2.0,0.372
496,5,217,858.8626075903145,7545.716086820042,7168.430282479047,7219.123177242154,0.9929779706595236,50.69289476310895,0.1198118100819829,0.2200514503456453,0.9842715338801797,0.0,0.0,0.0,0.0,False,632.1442242721013,1.9395745595955471,1440,2023-07-09,-2.0,0.356
497,5,171,606.027442780672,6361.8474511165105,6043.755078560671,6093.833371770511,0.9917821361112652,50.078293209839835,0.10027332923044233,0.21715698059708727,0.9544544687494881,0.0,0.0,0.0,0.0,False,491.15663101926754,3.334679494587358,1440,2023-07-28,-2.0,0.359
498,5,155,561.7463634495665,5558.957964997957,5281.010066748064,5310.177974272556,0.994507169502452,29.1679075244923,0.10637100788476214,0.21841268250303839,0.9652994407012506,0.0,0.0,0.0,0.0,False,497.3237202743846,2.9827620185195585,1440,2023-07-05,-2.0,0.347
499,5,208,950.0467448063869,7673.2526611730145,7289.5900281143995,7333.232920043265,0.994048615064499,43.64289192886435,0.1303292422677076,0.21925824720733111,0.9805749145285795,0.0,0.0,0.0,0.0,False,611.5204136091429,2.317264371276001,1440,2023-10-12,-2.0,0.352
500,5,152,541.5557545905878,5722.0300553399775,5435.928552572981,5469.699226911836,0.9938258626410941,33.77067433885513,0.0996252524942135,0.22149710554595925,0.9972480975713814,0.0,0.0,0.0,0.0,False,479.6710704473184,1.36695344796609,1440,2023-11-27,-2.0,0.336
501,5,281,1016.8931376054351,9555.0400050686,9077.288004815236,9153.60681401025,0.9916624330992453,76.31880919501488,0.11202609601744518,0.2193329066711018,0.9719574287765125,0.0,0.0,0.0,0.0,False,824.4918642431489,2.525809401021024,1440,2023-09-09,-2.0,0.384
502,5,281,757.1098293691676,9495.799298920909,9021.009333974822,9097.402267970527,0.9916027749740535,76.3929339957022,0.08392739674015737,0.22040481830395514,0.9484271203706425,0.625,0.0,0.0,0.0,False,756.6483813632025,3.600218696391751,1440,2023-06-02,-2.0,0.378
503,5,164,445.6494537508572,5519.217049282483,5243.256196818336,5281.016019640823,0.9928498942851048,37.759822822488026,0.08499478892930734,0.21865961460387728,0.9993253693697443,0.0,0.0,0.0,0.0,False,460.43195255067303,1.3052877408361243,1440,2023-01-29,-2.0,0.341
504,5,299,1537.1180121819068,11036.915862811791,10485.070069671172,10560.604951551031,0.9928474853262298,75.53488187985926,0.14660064281574356,0.22275513492750082,0.9913378935356103,0.0,0.0,0.0,0.0,False,856.6251465722484,1.7419331573967476,1440,2023-10-15,-2.0,0.38
505,5,204,896.9014686386649,7325.058812185173,6958.805871575883,7006.709245829589,0.9931632136323885,47.903374253705955,0.12888726675106307,0.22130921146269356,0.9550377596219557,0.0,0.0,0.0,0.0,False,622.4705083973973,3.256086968908284,1440,2023-06-28,-2.0,0.356
506,5,210,347.9763967031897,7533.499982642632,7156.824983510501,7210.051635339699,0.9926177155835736,53.226651829198495,0.048621616080445705,0.2192184270349698,0.9850291077095801,0.0,0.0,0.0,0.0,False,660.4669637023767,1.8656923916498125,1440,2023-12-09,-2.0,0.353
507,5,184,521.4095500241349,6371.764322026919,6053.176105925595,6103.596031037306,0.9917393082937794,50.419925111711194,0.08613817620698577,0.22135989396422187,0.9894425588736985,0.0,0.0,0.0,0.0,False,471.72192464470857,1.58974113035545,1440,2023-03-31,-2.0,0.364
508,5,286,984.1245860672899,10446.284388683755,9923.970169249587,9987.895669051608,0.9935997028883572,63.92549980202186,0.09916641921362261,0.2233505135164237,0.9841953770517584,0.0,0.0,0.0,0.0,False,928.1745105310673,1.6269872024624341,1440,2023-11-14,-2.0,0.367
509,5,154,405.2280921015882,5481.332098367934,5207.2654934494985,5249.210160516894,0.9920093374460617,41.944667067394526,0.0778197486975355,0.21587515546366948,0.9969621860007747,0.0,0.0,0.0,0.0,False,544.6023806100757,1.3587504826867394,1440,2023-12-18,-2.0,0.331
510,5,162,850.3443383011113,5617.153364663169,5336.295696430005,5373.778594852601,0.9930248524830368,37.48289842259698,0.1593510529916837,0.22266098476338386,0.9441733648755465,1.25,0.0,0.0,0.0,False,476.33092157189867,3.726247122346478,1440,2023-08-23,-2.0,0.346
511,5,205,1075.3081613899994,6819.791302537303,6478.801737410424,6537.1932918605535,0.9910677944121933,58.391554450129995,0.1659733087958021,0.22290445782954743,0.9933945320008378,0.0,0.0,0.0,0.0,False,588.6152954972033,1.6532317688658136,1440,2023-02-05,-2.0,0.349
512,5,206,793.9409612282412,7315.463598569555,6949.690418641116,7007.803444326819,0.9917073836120862,58.11302568570248,0.11424119829836706,0.2225364795026659,0.9661866711357533,0.0,0.0,0.0,0.0,False,629.7661391934299,2.784956708133874,1440,2023-09-03,-2.0,0.352
513,5,152,555.5044910985948,5755.374740389063,5467.606003369639,5497.735747420458,0.9945196085379412,30.129744050818555,0.10159921741914872,0.21735069205218155,0.9696477805154815,0.0,0.0,0.0,0.0,False,483.4695136198884,2.5914153881236626,1440,2023-09-30,-2.0,0.339
514,5,288,1587.6689217815003,10363.071721097826,9844.918135042986,9910.139081819792,0.9934187657470465,65.22094677680445,0.16126786429337517,0.2231923157692415,0.9975716992695033,0.0,0.0,0.0,0.0,False,804.7636611915416,1.5989867880076285,1440,2023-02-03,-2.0,0.368
515,5,264,892.4471307278276,9733.097311174826,9246.442445616121,9312.038328882769,0.9929557975440038,65.59588326664833,0.096517891716392,0.22170799459584567,0.9928102793036835,0.0,0.0,0.0,0.0,False,770.8608422876349,1.8243300040773656,1440,2023-03-21,-2.0,0.356
516,5,240,750.0450944313243,8452.516682954887,8029.890848807128,8095.429279180348,0.9919042674436339,65.53843037322032,0.09340663634833174,0.22315806038385105,0.9471100350333793,0.6944444444444444,0.0,0.0,0.0,False,679.1199569011253,3.6183782140747462,1440,2023-06-05,-2.0,0.368
517,5,231,759.5831695328475,8121.0185277912005,7714.967601401608,7778.201714392026,0.9918703428745727,63.23411299041805,0.09845578215971394,0.22178810194809093,0.9530412846274924,0.0,0.0,0.0,0.0,False,633.8917364935228,3.268367846018231,1440,2023-07-24,-2.0,0.367
518,5,286,1206.5096026624235,10404.849284068607,9884.606819865134,9963.11544127796,0.992120073096056,78.50862141282373,0.12205944299551666,0.22418083359250326,0.9349059569327719,10.625,0.0,0.0,0.0,False,730.4457286497168,3.9705323424965004,1440,2023-07-18,-2.0,0.384
519,5,171,752.0285988649302,6190.725955679704,5881.189657895692,5927.237187216303,0.9922311984713679,46.047529320610984,0.12787014917216738,0.22405180108024667,1.0007426883249584,0.0,0.0,0.0,0.0,False,509.88998792870944,1.2940682161012012,1440,2023-10-22,-2.0,0.343
520,5,162,479.2982801969558,6245.619772425819,5933.338783804526,5968.249334159404,0.9941506213295973,34.91055035487737,0.0807805348154457,0.21672353325695423,0.9621313657361813,0.0,0.0,0.0,0.0,False,575.3392823214874,3.025787932803033,1440,2023-05-27,-2.0,0.361
521,5,296,769.0960921163858,10468.77626199073,9945.33744889117,10021.555525968826,0.9923945861617838,76.21807707765608,0.07733232744175354,0.2237911098420001,0.9770055621656157,0.0,0.0,0.0,0.0,False,813.5570180358437,2.2960809669722497,1440,2023-04-01,-2.0,0.377
522,5,130,210.14728182804006,4761.114369351153,4523.0586508835995,4550.805411521473,0.9939028901197081,27.746760637873763,0.04646132143057372,0.21671877445409768,0.992400847880549,0.0,0.0,0.0,0.0,False,394.36792611544286,1.6955594813763908,1440,2023-11-18,-2.0,0.33
523,5,182,983.9005940393494,6113.178824307673,5807.519883092265,5857.378425915942,0.9914879082076927,49.85854282367496,0.16941837718090821,0.22700882709576356,0.9774685428991431,0.0,0.0,0.0,0.0,False,517.8872278549208,2.31478618925407,1440,2023-09-11,-2.0,0.403
524,5,132,769.436142519428,4994.873413309533,4745.12974264408,4784.062191250485,0.9918620521535844,38.932448606404755,0.16215281441191595,0.22047269551450993,0.9955985879762216,0.0,0.0,0.0,0.0,False,426.08448476792177,1.3717775014651927,1440,2023-01-25,-2.0,0.352
525,5,241,1109.932704451262,9006.394325051344,8556.074608798797,8620.193404964994,0.9925617914640679,64.11879616619731,0.1297245238265971,0.2200430900743374,0.9972363044740112,0.0,0.0,0.0,0.0,False,728.0805865422084,1.6324762417696146,1440,2023-04-07,-2.0,0.369
526,5,283,980.7644356413232,10259.70115933041,9746.716101363932,9821.698547101809,0.992365633563453,74.98244573787784,0.10062511572529309,0.2214893859484215,0.9873166751187256,0.0,0.0,0.0,0.0,False,917.2785641845128,1.7257127057082626,1440,2023-12-07,-2.0,0.385
527,5,252,610.1512270464652,8734.88150862142,8298.137433190339,8358.068252608926,0.9928295848266279,59.930819418585784,0.07352869628382182,0.21360314810611458,0.9577089162850732,0.0,0.0,0.0,0.0,False,681.1077039671272,3.0669541107221243,1440,2023-10-14,-2.0,0.378
528,5,272,474.05128968323356,9495.663345523275,9020.880178247058,9081.979507003547,0.9932724656877532,61.099328756489115,0.05255044744152133,0.21575260942080146,0.9773050955902891,0.0,0.0,0.0,0.0,False,761.0210375709842,2.410277804323307,1440,2023-10-29,-2.0,0.372
529,5,168,841.8295011319428,5763.433842888346,5475.262150743928,5513.428709834696,0.993077527415438,38.166559090768715,0.15375145115518585,0.2138626975608415,0.9970939420404593,0.0,0.0,0.0,0.0,False,502.97360931929035,1.4302264541626062,1440,2023-02-09,-2.0,0.352
530,5,137,526.1077512940273,5010.826489423168,4760.285164952011,4794.041701252572,0.9929586477539939,33.75653630056122,0.11052021739528099,0.21123394135190146,0.9798222600437978,0.0,0.0,0.0,0.0,False,432.0354076230233,2.034099338037792,1440,2023-10-08,-2.0,0.352
531,5,122,388.2277103097344,4078.6653953274354,3874.732125561048,3905.49812127691,0.9921223888066287,30.76599571586059,0.1001947225586647,0.2102483562615489,0.9776485251003639,0.0,0.0,0.0,0.0,False,441.658010434965,2.3302329847369934,1440,2023-09-20,-2.0,0.352
532,5,125,214.92889654537504,4659.445210805557,4426.472950265287,4451.837633777569,0.9943024239429058,25.364683512280905,0.048555339422664705,0.21093616558001632,0.9972325571596786,0.0,0.0,0.0,0.0,False,417.24621414861747,1.3895379798214023,1440,2023-11-01,-2.0,0.341
533,5,281,1252.1746784393754,10102.27493746417,9597.161190590941,9653.885024270927,0.9941242480579191,56.72383367998473,0.13047344455014548,0.21699825258424704,0.9459314960192622,1.25,0.0,0.0,0.0,False,828.6373915363881,3.6968806354978074,1440,2023-06-28,-2.0,0.388
534,5,161,653.3128151337426,6325.34457483773,6009.077346095852,6045.716101614748,0.9939397161720659,36.63875551889655,0.10872098618570876,0.2166939777403715,0.9815487412543291,0.0,0.0,0.0,0.0,False,568.5881111554706,2.117187565817131,1440,2023-05-05,-2.0,0.351
535,5,293,513.3240493165081,10450.089080430467,9927.584626408956,9996.186339741353,0.9931372114323579,68.6017133323977,0.05170684195942126,0.2161494570193282,0.9464692248297061,1.1805555555555556,0.0,0.0,0.0,False,742.3371247303312,3.3881673256642375,1440,2023-08-06,-2.0,0.384
536,5,145,81.36028471767241,5355.223311800645,5087.462146210652,5115.036104132711,0.9946092349377981,27.573957922059307,0.015992312547872787,0.20550274690152073,0.9861311735111862,0.0,0.0,0.0,0.0,False,545.908420838932,1.6648748418208215,1440,2023-12-25,-2.0,0.33
537,5,150,601.7352486893709,5214.71474263593,4953.9790055041285,4979.4474022419245,0.9948852965639663,25.46839673779629,0.12146503810791522,0.20833935479827556,0.9935439443622418,0.0,0.0,0.0,0.0,False,479.091330500375,1.3893225338595787,1440,2023-03-11,-2.0,0.332
538,5,169,651.1827187767773,6089.88463570047,5785.390403915442,5821.269564383174,0.9938365402819938,35.87916046773307,0.11255640040057957,0.21690443989151237,0.9663976908112213,0.0,0.0,0.0,0.0,False,569.2685169153365,2.7063021826177764,1440,2023-05-08,-2.0,0.355
539,5,147,831.5038407056338,5440.339269022896,5168.322305571736,5201.742981693334,0.9935751004539793,33.42067612159758,0.1608846723450716,0.2151970108915567,0.9990091886805876,0.0,0.0,0.0,0.0,False,489.08833800437674,1.2848908406225792,1440,2023-01-27,-2.0,0.348
540,5,220,849.7770023792865,7451.56791564003,7078.989519858012,7135.269249279585,0.9921124589058422,56.279729421574245,0.1200421331314997,0.21681591037740217,0.9982095609646469,0.0,0.0,0.0,0.0,False,671.7592552264663,1.6288051795042042,1440,2023-03-11,-2.0,0.361
541,5,198,819.2448540616176,6856.42268079551,6513.601546755721,6567.748818319018,0.9917555812408252,54.147271563296236,0.12577448101191654,0.21507811190038686,0.9602413422502487,0.0,0.0,0.0,0.0,False,574.9808868749469,2.9173869636366168,1440,2023-09-08,-2.0,0.377
542,5,172,629.9914525832672,6355.2981383815295,6037.53323146243,6081.621702277569,0.9927505404029606,44.08847081513856,0.10434583602791511,0.21562669464450007,0.9984320211749601,0.0,0.0,0.0,0.0,False,490.963529422181,1.291101441897127,1440,2023-01-13,-2.0,0.357
543,5,228,813.2328941869124,7803.40902325623,7413.238572093471,7463.58765375232,0.9932540376030103,50.34908165884927,0.10970008401567717,0.2193866581732019,0.981352892343101,0.0,0.0,0.0,0.0,False,612.505322084467,1.9319801718097245,1440,2023-11-06,-2.0,0.382
544,5,267,1070.6485895016967,9684.78563821169,9200.546356301082,9267.943449718361,0.9927279343272938,67.39709341727938,0.11636793599419809,0.2195927907600778,0.9475447752474109,0.4861111111111111,0.0,0.0,0.0,False,773.6568621375886,3.322049184088909,1440,2023-09-06,-2.0,0.389
545,5,299,1496.4061842490214,10708.148510711866,10172.741085176269,10246.466824962552,0.9928047647012654,73.72573978628218,0.1470996039041617,0.22256424276543363,0.9804553570061519,0.0,0.0,0.0,0.0,False,848.896032719337,2.3061811894705206,1440,2023-01-02,-2.0,0.397
546,5,276,498.19478865250727,9986.393112893811,9487.073457249124,9551.773903181747,0.9932263423958275,64.70044593262436,0.052513010560894725,0.21996364678156247,0.941526563108549,5.277777777777778,0.0,0.0,0.0,False,829.9625790570615,3.8063040731196796,1440,2023-07-02,-2.0,0.41
547,5,294,776.2874126671858,10588.476981800179,10059.053132710198,10136.729567887869,0.9923371305648971,77.6764351776726,0.07717301046386178,0.21762241854377048,0.9878967450782821,0.0,0.0,0.0,0.0,False,889.393313997916,1.7221692753527433,1440,2023-03-12,-2.0,0.395
548,5,269,962.194161213899,10090.3405015547,9585.823476476973,9646.890188453028,0.9936698033476996,61.06671197605492,0.10037678698914755,0.2210544240981564,0.9893855953024623,0.0,0.0,0.0,0.0,False,774.0652373429439,1.7534717482877142,1440,2023-11-27,-2.0,0.383
549,5,298,999.9870527328023,10272.203379486222,9758.593210511872,9828.350571189701,0.9929024346280125,69.75736067782911,0.102472460032008,0.2200687602053713,0.9471201783162524,0.7638888888888888,0.0,0.0,0.0,False,869.5586448501507,3.559507516827129,1440,2023-05-18,-2.0,0.392
550,5,182,650.1734792342194,6360.817153928682,6042.776296232223,6074.969553839172,0.9947006717775888,32.193257606947924,0.10759515946993006,0.21795385172856044,0.955787148471239,0.0,0.0,0.0,0.0,False,551.5099429238956,3.275854235966267,1440,2023-06-24,-2.0,0.362
551,5,164,511.1437865887464,5898.0391005612055,5603.137145533137,5638.213483953707,0.9937788204507694,35.07633842056854,0.091224571755527,0.22047351255475223,0.9848540249434055,0.0,0.0,0.0,0.0,False,469.251333834191,1.90631806916841,1440,2023-10-27,-2.0,0.346
552,5,268,573.5636733474928,9462.933576148971,8989.786897341512,9050.963860843856,0.9932408344080339,61.17696350234507,0.06380169851602477,0.22468591766553045,0.9392059094016069,7.986111111111111,0.0,0.0,0.0,False,644.6846305186639,3.8844295507166597,1440,2023-07-29,-2.0,0.391
553,5,228,662.3421252880206,8267.809170287044,7854.418711772739,7922.229077189706,0.9914404942401612,67.81036541696676,0.08432732575044122,0.22287757804599695,0.9747306459257329,0.0,0.0,0.0,0.0,False,674.92560263868,2.433137626597176,1440,2023-08-12,-2.0,0.373
554,5,226,1106.2604593056183,7977.3378934521115,7578.470998779501,7653.446865843027,0.9902036470131989,74.97586706352531,0.14597409681765353,0.22448059460984227,0.9943232926556159,0.0,0.0,0.0,0.0,False,779.8574921510173,1.525618854509796,1440,2023-10-15,-2.0,0.378
555,5,198,27.727947845701454,7034.3669732018325,6682.648624541726,6731.302814976249,0.9927719504274458,48.654190434522874,0.004149245217513279,0.21843032513964852,0.9944235199986352,0.0,0.0,0.0,0.0,False,600.941916087301,1.5751762731657217,1440,2023-12-24,-2.0,0.37
556,5,194,629.8079463326671,7097.685563341397,6742.801285174281,6800.8180702070695,0.9914691461477336,58.01678503278927,0.09340449461523595,0.22284108144326015,0.9481684328058103,0.20833333333333334,0.0,0.0,0.0,False,604.2823953061601,3.61103136056705,1440,2023-06-05,-2.0,0.376
557,5,161,465.2870821541695,5843.388808987021,5551.21936853765,5600.369018986946,0.991223855020506,49.14965044929663,0.08381709517574686,0.22111108091521103,0.965015408891038,0.0,0.0,0.0,0.0,False,519.4183921702498,2.7284819854192492,1440,2023-10-03,-2.0,0.357
558,5,142,567.2519055303335,4892.910837083108,4648.2652952289445,4686.379551385582,0.9918670146669258,38.114256156638746,0.1220351829127675,0.21885636615026768,0.9909059602632488,0.0,0.0,0.0,0.0,False,363.86827165550176,1.6828123336946414,1440,2023-03-27,-2.0,0.345
559,5,131,492.373295302911,4765.496056485055,4527.2212536607985,4556.700780881127,0.9935305106396238,29.479527220329008,0.10875839012833058,0.21900007024729917,0.9898092881030673,0.0,0.0,0.0,0.0,False,434.4244946522969,1.7333464283124347,1440,2023-11-06,-2.0,0.34
560,5,154,368.9532760370173,5402.738210994264,5132.601300444543,5169.077339875794,0.9929434138758452,36.476039431250285,0.07188426578255,0.2182814137126586,0.9543265615168418,0.0,0.0,0.0,0.0,False,446.3129065787209,3.300377858001937,1440,2023-08-07,-2.0,0.37
561,5,150,663.0842511616997,5566.31136868173,5287.995800247604,5327.716365628738,0.992544542041054,39.72056538113283,0.12539424693390483,0.22200714118127254,0.9943641863098845,0.0,0.0,0.0,0.0,False,468.78869060841214,1.3772745110339226,1440,2023-12-05,-2.0,0.372
562,5,179,680.7530759850828,5924.993586735988,5628.743907399163,5670.023807182714,0.9927196249632569,41.2798997835513,0.1209422718788487,0.2221573683050229,0.9983980510301994,0.0,0.0,0.0,0.0,False,513.9259465361586,1.2651696271024804,1440,2023-10-23,-2.0,0.369
563,5,184,872.8925321858882,6672.195914965097,6338.586119216838,6388.45601953653,0.9921937475710586,49.86990031969148,0.13771092097960455,0.22838024652513927,0.9727616454331881,0.0,0.0,0.0,0.0,False,511.5104274379785,2.5928552087758,1440,2023-09-26,-2.0,0.367
564,5,251,1274.9551785750991,8791.28083876749,8351.716796829103,8406.51924293434,0.9934809587034136,54.80244610524096,0.15265785581464655,0.22808256704376578,0.9899218318894751,0.0,0.0,0.0,0.0,False,799.331047254101,1.764824656915822,1440,2023-02-22,-2.0,0.39
565,5,135,230.59993513080462,4812.367785731637,4571.749396445036,4609.692579777857,0.9917688256480979,37.943183332820524,0.05044019589309023,0.22198395330630452,0.9503776199538189,0.0,0.0,0.0,0.0,False,432.5328352372353,3.6256925365914334,1440,2023-08-02,-2.0,0.361
566,5,150,485.3465755199239,5210.742377775437,4950.205258886653,4987.224190082745,0.9925772474255908,37.01893119609246,0.0980457476280656,0.21778270238324451,0.9967567716144998,0.0,0.0,0.0,0.0,False,453.05522519164936,1.4411304265115445,1440,2023-03-21,-2.0,0.344
567,5,147,407.07060500140267,4967.555602519403,4719.177822393434,4764.334614294035,0.9905219100763576,45.15679190060037,0.08625879768076802,0.2208300026198684,0.9565490156674571,0.0,0.0,0.0,0.0,False,551.5085102319717,3.1610291802111727,1440,2023-07-31,-2.0,0.365
568,5,214,92.8469342179433,7580.079017973325,7201.075067074642,7252.679025073567,0.9928848418880083,51.60395799892457,0.01289348234161116,0.21745014827088519,0.9803928778875676,0.0,0.0,0.0,0.0,False,655.7522517482669,1.8216662555943923,1440,2023-12-31,-2.0,0.368
569,5,128,509.07299413673394,4597.059534365034,4367.206557646788,4401.785124488678,0.9921444218961263,34.578566841889604,0.11656718944181135,0.22097301804639105,0.9507046087807026,0.0,0.0,0.0,0.0,False,377.8736442422563,3.5567920966752107,1440,2023-08-31,-2.0,0.35
570,5,297,1127.4734683370964,10656.04569064081,10123.243406108806,10209.059064326393,0.9915941657623029,85.81565821758728,0.11137472676560654,0.2251328200005224,0.9540710613863851,0.0,0.0,0.0,0.0,False,917.1596413045833,3.052221066408127,1440,2023-05-08,-2.0,0.401
571,5,232,911.1948234128841,8055.115861485368,7652.36006841109,7699.076400950452,0.9939322160079364,46.71633253936113,0.11907369952105266,0.22290484994785992,0.9891234320259022,0.0,0.0,0.0,0.0,False,618.4722889663668,1.5150482545470352,1440,2023-01-06,-2.0,0.376
572,5,160,594.3417864487691,5419.695071551814,5148.710317974198,5188.033331940565,0.9924204392203357,39.323013966367256,0.11543507980511471,0.21883978145221397,0.9589038469784161,0.0,0.0,0.0,0.0,False,500.30283337160284,3.1534471625855645,1440,2023-09-17,-2.0,0.354
573,5,209,593.1878742925692,7283.673258078044,6919.489595174127,6977.475455388585,0.9916895644298288,57.98586021445789,0.08572711413660876,0.21885721660567226,0.9471355989959193,0.5555555555555556,0.0,0.0,0.0,False,670.6892954637054,3.5250710412684083,1440,2023-05-26,-2.0,0.366
574,5,148,477.69210981487004,5185.701617195574,4926.416536335828,4965.216631427017,0.992185618882043,38.80009509118966,0.09696543243786854,0.21876693789279822,0.9415678364180571,1.0416666666666667,0.0,0.0,0.0,False,486.1659879684448,3.701826969347481,1440,2023-05-16,-2.0,0.343
575,5,164,492.62445465631896,5596.312282701176,5316.496668566108,5358.625228152742,0.992138177649502,42.12855958663348,0.09265959998977726,0.21860066062076117,0.9460938822380112,0.9722222222222222,0.0,0.0,0.0,False,497.6321196629718,3.7865196967542265,1440,2023-06-06,-2.0,0.349
576,5,217,603.2565888281989,7615.247553389851,7234.485175720359,7289.383353835461,0.9924687486649723,54.89817811510235,0.08338624990936289,0.2193036441768175,0.9429832252322792,2.8472222222222223,0.0,0.0,0.0,False,660.6661183370541,3.8470425379598616,1440,2023-06-02,-2.0,0.368
577,5,215,814.8871358477905,8092.729433915308,7688.092962219547,7746.4695332423125,0.9924641062909685,58.376571022765404,0.10599340302624712,0.22320690308468086,0.9572301938497711,0.0,0.0,0.0,0.0,False,829.1832200371198,3.1770099616607936,1440,2023-07-08,-2.0,0.372
578,5,287,1088.2164659721898,10400.448009135693,9880.425608678903,9962.075740394308,0.9918039037402286,81.65013171540389,0.11013862247151655,0.22255844700293734,0.9829953805522449,0.0,0.0,0.0,0.0,False,998.1679311508274,2.013986852929132,1440,2023-04-27,-2.0,0.406
579,5,196,471.398571705497,7128.406931631913,6771.986585050339,6821.226119670882,0.992781424665201,49.239534620543836,0.06961008646209432,0.2169712662171023,0.9902061897729557,0.0,0.0,0.0,0.0,False,635.1119183289882,1.4576656610859224,1440,2023-11-02,-2.0,0.354
580,5,276,1160.8260075134303,10128.53066936304,9622.10413589488,9696.346130793529,0.9923433019101008,74.2419948986463,0.12064159679825275,0.22358009940625237,0.9931712877970952,0.0,0.0,0.0,0.0,False,810.3244835793741,1.594930129314852,1440,2023-02-01,-2.0,0.376
581,5,239,1127.9444167556903,8382.179824826344,7963.070833585001,8024.082144594885,0.992396474773008,61.01131100988367,0.14164691490605338,0.222812339741179,0.9891719705778652,0.0,0.0,0.0,0.0,False,637.8122905732203,1.7004177948533348,1440,2023-01-09,-2.0,0.37
582,5,277,919.1551871335831,9788.823513419047,9299.382337748088,9368.583210339657,0.99261351785666,69.20087259157111,0.09884045560773913,0.2241546034026692,0.9777339044666642,0.0,0.0,0.0,0.0,False,904.6442771119184,2.254610988891634,1440,2023-11-07,-2.0,0.383
583,5,288,1072.0247297484325,10242.274262418196,9730.160549297258,9798.171091413156,0.9930588533838217,68.01054211589874,0.11017544102351502,0.21890609674397754,0.9848634589580949,0.0,0.0,0.0,0.0,False,757.5020187692531,2.219553829231186,1440,2023-05-01,-2.0,0.39
584,5,163,864.359639053295,5956.501838149956,5658.676746242447,5696.174734570053,0.9934169877022853,37.49798832760648,0.15274942849973877,0.22115635758207408,0.9857420098217579,0.0,0.0,0.0,0.0,False,559.5643810632819,1.9153239016358206,1440,2023-02-21,-2.0,0.352
585,5,183,506.1105033079323,6331.8410640353795,6015.249010833624,6060.215284062837,0.992580086495035,44.96627322921282,0.08413791389124768,0.2194418221523179,0.9945608619556172,0.0,0.0,0.0,0.0,False,527.2054714660817,1.660639412508894,1440,2023-01-04,-2.0,0.35
586,5,265,811.2205855102839,9338.724462363862,8871.788239245672,8936.291219070654,0.9927819071420448,64.5029798249821,0.09143822684154353,0.219519201830689,0.9470231905786651,0.9027777777777778,0.0,0.0,0.0,False,772.8547710349177,3.4230151912160993,1440,2023-06-30,-2.0,0.386
587,5,236,721.0199598490664,8380.290052959412,7961.275550311548,8020.074259385512,0.9926685580242408,58.79870907396423,0.09056588423457479,0.22227881764765747,0.985624201505577,0.0,0.0,0.0,0.0,False,725.9636730736852,2.082581305247271,1440,2023-10-27,-2.0,0.367
588,5,149,555.3971956840829,5194.712038930287,4934.976436983779,4968.547802841669,0.9932432237365837,33.57136585788982,0.1125430288829378,0.22160103236088732,0.9752256154342274,0.0,0.0,0.0,0.0,False,428.25017425127464,2.5737001931579613,1440,2023-07-04,-2.0,0.362
589,5,159,928.7708026294658,5665.30890991043,5382.043464414883,5418.356049779486,0.9932982282760688,36.31258536460237,0.17256843218943393,0.22636762126388785,0.9980444871698744,0.0,0.0,0.0,0.0,False,484.93198710730803,1.4636974970367866,1440,2023-01-19,-2.0,0.353
590,5,174,382.2529070769449,6477.164008994095,6153.305808544367,6196.948417913229,0.9929574031562526,43.64260936886196,0.06212155205193207,0.22181646269871858,0.9876991609060983,0.0,0.0,0.0,0.0,False,530.2491145778017,1.544921000788265,1440,2023-12-16,-2.0,0.362
591,5,290,932.7937346271141,10501.111309144497,9976.055743687244,10050.60830547539,0.9925822836267998,74.55256178814398,0.09350326006521939,0.22400763248436595,0.9549281407436997,0.0,0.0,0.0,0.0,False,886.3506515881575,3.1802112175759616,1440,2023-05-23,-2.0,0.399
592,5,238,1337.1568269065824,8684.916643110524,8250.670810954995,8300.659942931801,0.9939776918557695,49.98913197680534,0.1620664376926959,0.22340645859931915,0.9986034196907578,0.0,0.0,0.0,0.0,False,704.3684284997522,1.3389088968649365,1440,2023-01-20,-2.0,0.402
593,5,231,1156.6220186234718,7826.6702623196215,7435.336749203637,7485.072530604902,0.9933553374135112,49.7357814012645,0.1555574491965481,0.22876740286922514,1.0024403309712528,0.0,0.0,0.0,0.0,False,691.2850165369075,1.1909851748914093,1440,2023-01-27,-2.0,0.367
594,5,267,1035.6356055968697,9810.18448449453,9319.675260269785,9383.700834605715,0.9931769378132972,64.02557433593107,0.11112357208537438,0.2252182079402787,0.9583005380997951,0.0,0.0,0.0,0.0,False,796.8742416602577,3.0865295359109446,1440,2023-09-16,-2.0,0.414
595,5,148,765.6545355849508,5463.077872979647,5189.923979330641,5224.995987180754,0.9932876488448679,35.07200785011305,0.14752711959447612,0.2239378958486569,0.9987785377703806,0.0,0.0,0.0,0.0,False,555.4826367233251,1.3039650309825535,1440,2023-02-04,-2.0,0.415
596,5,295,772.0969224241836,10617.573196955322,10086.694537107542,10171.010501983135,0.9917101683397973,84.31596487559419,0.07654607954902835,0.2222191314707312,0.9548152368262599,0.0,0.0,0.0,0.0,False,920.514685876316,3.47319419184502,1440,2023-05-29,-2.0,0.421
597,5,166,442.0940366114302,6199.157142329941,5889.199285213428,5931.195822969417,0.9929193810136311,41.996537755987944,0.07506861547739396,0.22155149433561866,0.9622724570151533,0.0,0.0,0.0,0.0,False,526.4295901491082,3.0346926002315144,1440,2023-09-24,-2.0,0.352
598,5,291,467.4412512252789,10415.766120880067,9894.977814836075,9971.147635320896,0.9923609775654104,76.16982048482252,0.04724025257787026,0.22512451969449132,0.9484953224137425,0.2777777777777778,0.0,0.0,0.0,False,872.8186256469231,3.77093758255136,1440,2023-07-02,-2.0,0.395
599,5,148,584.2912143312116,5293.094662485033,5028.439929360752,5061.846634825095,0.9934002928428318,33.40670546434256,0.11619731418477748,0.22294432233383235,0.9979803433605006,0.0,0.0,0.0,0.0,False,404.3720592592251,1.4414100355202841,1440,2023-03-11,-2.0,0.379
