episode,stage,n_ev,cost_eur,energy_drawn_kwh,energy_delivered_kwh,energy_requested_kwh,service_quality,unmet_kwh,cost_per_kwh,retail_price_paid,min_voltage_pu,violation_rate_pct,q_activation_pct,q_kvarh,curtailed_kwh,q_exhausted_any,peak_ev_kw,peak_feeder_mw,pf_solves,day,noise,w_retail,wall_s
0,0,60,230.68869904030882,2188.506303738883,2079.080988551933,2146.437464763594,0.96861940898936,67.35647621166146,0.11095705280869413,0.2411658198781897,1.0048398671871026,0.0,0.0,0.0,0.0,False,515.4355627298355,1.154506952294558,1440,2023-11-21,0.3,0.0,0.291
1,0,60,39.41772798154865,2102.7761530035687,1997.637345353386,2041.2542211542916,0.9786323156866561,43.61687580090556,0.019732174147242716,0.13730126525015804,0.9748502608965234,0.0,0.0,0.0,0.0,False,475.55147717450035,2.5840821654593915,1440,2023-10-14,0.2985,-0.09262309472592678,0.294
2,0,60,20.83662763579632,2214.330691527943,2103.6141569515394,2172.4450937096235,0.9683163745047523,68.83093675808438,0.009905156592971308,0.1402637364743993,1.0012993480830417,0.0,0.0,0.0,0.0,False,503.2624534368515,1.371478539020877,1440,2023-11-04,0.2970075,0.06491538641249352,1.962
3,0,60,275.6104496277399,2012.489429049004,1911.86495759656,1946.2321754912205,0.9823416659494973,34.36721789466034,0.14415790641103374,0.11857845214115836,1.0067786592784036,0.0,0.0,0.0,0.0,False,399.38808423280716,1.1012311827365917,1440,2023-01-27,0.29552246249999997,0.18741554780617903,2.186
4,0,60,222.93794032547706,1926.8044782654263,1830.4642543521593,1885.111314512413,0.9710112290242191,54.64706016025379,0.12179311330194732,0.13837286030096488,1.004007358577985,0.0,0.0,0.0,0.0,False,518.2499050498009,1.09813613717032,1440,2023-03-03,0.2940448501875,0.3371943798471996,2.316
5,0,60,49.66680197646186,2100.6525126419847,1995.6198870098783,2004.6026460539265,0.9955189328609684,8.982759044048377,0.02488790691040854,0.1322654242412825,0.9510007955000416,0.0,0.2777777777777778,2.283908247697951,0.0,False,406.5991660416455,3.5598681496071243,1452,2023-07-02,0.29257462593656247,0.41655110451339344,2.256
6,0,60,296.5738479187805,2215.618530211988,2104.837603701379,2209.267258323368,0.9527310902614646,104.42965462198869,0.14090105925381238,0.15476407403400977,1.0062813079508433,0.0,0.0,0.0,0.0,False,411.75284361839294,1.112238792091638,1440,2023-02-08,0.2911117528068797,0.4968595723655857,2.28
7,0,60,185.1953567846579,2071.402149962741,1967.8320424646058,2038.3821692278107,0.9653891562493745,70.55012676320472,0.09411136356571899,0.14841036825005985,1.0074905555598461,0.0,0.0,0.0,0.0,False,473.3478780057328,1.0356413402343656,1440,2023-12-04,0.28965619404284526,0.5138711134016389,2.343
8,0,60,194.44188546352197,2230.943328463687,2119.396162040497,2130.7611779389536,0.994666217867997,11.365015898456507,0.091744001874722,0.17048266382284044,0.9619573740097322,0.0,0.0,0.0,0.0,False,385.1725955394036,3.1616653156101537,1440,2023-07-11,0.28820791307263105,0.5440379805426685,2.279
9,0,60,142.98613227006152,2244.664948099754,2132.4317006947654,2178.382095094733,0.9789061824812836,45.95039439996804,0.06705308883912922,0.14454306917943943,0.9609122758976235,0.0,0.0,0.0,0.0,False,330.6400503098504,3.10342404459318,1440,2023-06-10,0.28676687350726787,0.5210882908042327,2.388
10,0,60,267.44461604270924,2238.8337806884815,2126.892091654045,2140.381577520745,0.9936976256904971,13.489485866699534,0.1257443276469764,0.17174642174651722,1.0059045682159702,0.0,0.0,0.0,0.0,False,479.99506965063887,1.0913125360053944,1440,2023-03-08,0.28533303913973157,0.5625684937699944,2.29
11,0,60,269.0118053035139,1825.2528154828158,1733.9901747086817,1760.6828744766788,0.9848395755107626,26.69269976799727,0.15514032849044782,0.15565587362428465,1.002765082609964,0.0,0.0,0.0,0.0,False,500.1626382619139,1.259177098169345,1440,2023-02-06,0.2839063739440329,0.5373179594077067,2.227
12,0,60,192.16527879827896,2017.0354539882753,1916.1836812888505,1920.3106200292239,0.9978509004234375,4.126938740373083,0.10028541661988587,0.14153802218581082,0.9892968255606823,0.0,0.0,0.0,0.0,False,450.50969948366725,1.8984281476729636,1440,2023-05-05,0.2824868420743127,0.554733944105574,2.284
13,0,60,88.86652910926108,2189.0550665380733,2079.602313211171,2106.386890026291,0.9872841134067323,26.784576815120438,0.0427324630986969,0.12919222679594355,1.0082176869156996,0.0,0.0,0.0,0.0,False,479.5554759800434,0.9339628752110852,1440,2023-11-23,0.28107440786394117,0.6026491039192197,2.29
14,0,60,218.36610060195994,2060.173575558174,1957.1648967802694,1992.4297357389548,0.9823005858996546,35.26483895868542,0.1115726635814866,0.14605438723391118,1.0034037062748307,0.0,0.0,0.0,0.0,False,486.4177801604573,1.0944449454514449,1440,2023-10-25,0.27966903582462144,0.671682370288047,2.22
15,0,60,-1.7872759909704345,2001.4538878553624,1901.3811934626017,2036.4916546497898,0.9336552836449395,135.11046118718787,-0.0009399882554405778,0.20340253457081892,0.959364899461751,0.0,0.0,0.0,0.0,False,231.20695453789205,3.2484389358030548,1440,2023-07-01,0.27827069064549836,0.6925095110578846,2.413
16,0,60,167.5464133807765,2170.3701155153203,2061.851609739553,2077.575218084994,0.9924317501438363,15.72360834544092,0.08126017051340588,0.16191514374156965,1.0053219620825937,0.0,0.0,0.0,0.0,False,465.1616278874287,1.0576937952118752,1440,2023-11-27,0.2768793371922708,0.5828351728040166,2.253
17,0,60,215.74388701929712,2068.2986291404886,1964.8836976834575,1969.0809743222824,0.9978684083115121,4.197276638824967,0.1097998254419094,0.14595706157138674,0.9912302782100556,0.0,0.0,0.0,0.0,False,596.3873980641365,1.8067571127708184,1440,2023-04-17,0.27549494050630946,0.5882722048381923,2.226
18,0,60,161.4868406910044,1939.371742503667,1842.4031553784841,1861.6126245235553,0.9896812747764926,19.209469145070734,0.08765011079121292,0.16413743464343705,1.0043212326240831,0.0,0.0,0.0,0.0,False,378.0274883348071,1.1771262558288107,1440,2023-12-08,0.27411746580377794,0.6304317581613659,2.238
19,1,60,234.44065040817054,2382.8839190829403,2263.7397231287896,2280.741074103612,0.9925456900093298,17.00135097482181,0.10356343002372302,0.18732248494819098,0.9991226088983491,0.0,0.0,0.0,0.0,False,544.4999986886978,1.4442904164814134,1440,2023-04-27,0.27274687847475904,0.6259557083292221,2.133
20,1,120,285.0248004978033,4403.147253075536,4182.98989042177,4200.439414005037,0.9958457861515423,17.449523583266767,0.06813901251601263,0.17323365729260407,0.984560239161465,0.0,0.0,0.0,0.0,False,770.6480094244657,2.0621320743039666,1440,2023-09-20,0.27138314408238523,0.5720016335456389,2.247
21,1,120,442.80689678433157,4446.679364837318,4224.345396595452,4240.20372794492,0.9962600072149945,15.85833134946735,0.10482260686855889,0.14543969125508668,0.9887430134881101,0.0,0.0,0.0,0.0,False,1113.8774330184438,1.5298858154951573,1440,2023-11-21,0.2700262283619733,0.5611721116964334,2.3
22,1,120,493.2856326417137,4285.518850690275,4071.2429081557775,4125.095310911215,0.9869451736998673,53.85240275543667,0.12116339991738934,0.14632455686141288,0.9931655333787015,0.0,0.0,0.0,0.0,False,1013.6381210053487,1.551321179222703,1440,2023-04-08,0.26867609722016345,0.6163832349368529,2.338
23,1,120,349.46717850478785,4355.385761742283,4137.616473655167,4178.79899656976,0.9901448902068757,41.18252291459301,0.08446098876730081,0.16362236150073245,0.9636404195303617,0.0,0.0,0.0,0.0,False,935.755992211701,3.035716026898408,1440,2023-06-07,0.2673327167340626,0.6612892013522003,2.317
24,1,120,514.8024867222651,4107.966208494435,3902.567898069713,3909.386145581175,0.9982559288702733,6.818247511461469,0.13191378091766107,0.1704326146508625,0.9892260558579599,0.0,0.0,0.0,0.0,False,1054.6186343944094,1.4808784473002758,1440,2023-02-09,0.2659960531503923,0.6609776862029384,2.295
25,1,120,419.3665627875342,4229.475692996559,4018.00190834673,4085.724936266065,0.9834244769347525,67.72302791933446,0.10437191727469565,0.16338836043746657,1.0001520642593222,0.0,0.0,0.0,0.0,False,807.7246031465336,1.2305650584936552,1440,2023-12-05,0.26466607288464034,0.6472242864206996,2.308
26,1,120,57.13633618139756,4120.112103154361,3914.1064979966377,3983.978834111249,0.9824616698471496,69.8723361146116,0.01459754255808873,0.18615186141199852,0.9886026615444788,0.0,0.0,0.0,0.0,False,984.9423082232474,1.5246746676348009,1440,2023-11-13,0.26334274252021717,0.6535495078425064,2.279
27,1,120,360.540567158297,3791.299904839623,3601.7349095976524,3653.684611029119,0.9857815583549139,51.949701431466636,0.10010191649517391,0.20145447320395793,0.9892205280201167,0.0,0.0,0.0,0.0,False,772.877625779728,1.8350908971432702,1440,2023-03-16,0.26202602880761605,0.6092223897653817,2.38
28,1,120,133.51939766805918,4365.992765565645,4147.6931272873635,4269.455553501166,0.9714805729470702,121.76242621380183,0.032191243076698475,0.1716570421545757,0.9929804612169094,0.0,0.0,0.0,0.0,False,920.6751410857244,1.5412557078915459,1440,2023-01-04,0.260715898663578,0.5400222257011733,2.579
29,1,120,401.4276237884593,4102.661617707817,3897.5285368224236,3911.149823240681,0.9965173191941363,13.621286418258004,0.10299542902532155,0.1738084292158025,0.9735454117487945,0.0,0.0,0.0,0.0,False,824.9629529810653,2.631898187058072,1440,2023-05-07,0.2594123191702601,0.5516335906507186,2.396
30,1,120,569.699620076452,4408.819594878285,4188.378615134366,4206.553746909649,0.9956793297152959,18.17513177528357,0.1360191311305737,0.14883624671498163,0.9941584205043753,0.0,0.0,0.0,0.0,False,862.8770497206815,1.3254857203433346,1440,2023-03-02,0.2581152575744088,0.5574992096148659,2.27
31,1,120,561.5678116159377,4459.630144323359,4236.648637107196,4242.467441072412,0.9986284387456029,5.818803965215686,0.13255000820633991,0.13191363525564875,0.9880323021737055,0.0,0.0,0.0,0.0,False,1145.0451749140514,1.6384107199434597,1440,2023-02-26,0.25682468128653674,0.6196886939522404,2.28
32,1,120,281.54180218860483,4010.869213234451,3810.3257525727304,3811.8067425874265,0.9996114729537178,1.4809900146961619,0.07388916866189404,0.137149755621345,0.9965796593810001,0.0,0.0,0.0,0.0,False,893.0010170735336,1.3705695476642978,1440,2023-04-11,0.25554055788010405,0.71007434486989,2.371
33,1,120,138.7903531365357,4366.766157507336,4148.427849631961,4184.606870368791,0.9913542605416501,36.17902073682872,0.03345613282122018,0.20275800626221793,0.9961776965985125,0.0,0.0,0.0,0.0,False,1009.2030069684622,1.3991607155719437,1440,2023-10-18,0.25426285509070357,0.7740059130184107,2.398
34,1,120,431.5331352376828,4131.5555827845,3924.9778036452562,3948.599277969161,0.9940177585363755,23.621474323905076,0.10994536958576015,0.16289927132153678,0.9981611808732987,0.0,0.0,0.0,0.0,False,900.0944917800623,1.2842211675723136,1440,2023-04-15,0.25299154081525005,0.6806751158141958,2.308
35,1,120,335.8098226612675,4183.000815009888,3973.850774259391,4019.509895773228,0.9886406246786827,45.65912151383664,0.08450489002669019,0.1996456790690353,1.0026029943663632,0.0,0.0,0.0,0.0,False,812.460472881794,1.2507047375690394,1440,2023-11-24,0.25172658311117374,0.6955547313542456,2.306
36,1,120,58.69874620722744,4259.879230237056,4046.885268725222,4065.4565697520247,0.9954319273350556,18.571301026802367,0.014504672682682124,0.18385151029981725,0.9987856974079619,0.0,0.0,0.0,0.0,False,764.3602437088002,1.4374810865789907,1440,2023-11-04,0.2504679501956179,0.626634042788337,2.295
37,1,120,152.72165464842223,4098.9963416776645,3894.046524593782,3931.3460645822424,0.9905122725459113,37.2995399884597,0.03921926810167061,0.2053765057972075,0.9595291671005631,0.0,0.0,0.0,0.0,False,669.7278742475139,3.2779332423660774,1440,2023-07-14,0.24921561044463983,0.6070520877128989,2.312
38,1,120,454.8216916371732,4342.0797978482615,4124.975807955825,4152.261559246685,0.9934287012266613,27.285751290859537,0.11026045068190712,0.17596218653333356,0.9844951631967221,0.0,0.0,0.0,0.0,False,766.568357359457,2.059896444252284,1440,2023-04-28,0.2479695323924166,0.5437627082684295,2.529
39,2,120,315.30912261237586,4350.726867455835,4133.1905240830565,4161.816936215692,0.9931216551397223,28.62641213263614,0.07628710091517661,0.1449205718512424,0.9606490530242994,0.0,0.0,0.0,0.0,False,920.5009766275223,3.1590798414534937,1440,2023-05-25,0.24672968473045453,0.55904459776671,2.37
40,2,180,733.6972612288669,6398.2647350716,6078.351498318019,6140.099853636717,0.9899434281541651,61.74835531869781,0.12070661945626097,0.21011565151783865,0.964976968477522,0.0,0.0,0.0,0.0,False,1286.3568767642491,2.5648221323692115,1440,2023-10-11,0.24549603630680228,0.6423156330733729,2.328
41,2,180,554.7242711632628,6464.851476024658,6141.60890222343,6167.853281412748,0.9957449734953314,26.244379189318458,0.09032230478929347,0.18142438478563222,0.9548101226936576,0.0,0.0,0.0,0.0,False,1569.5941518623454,3.3859344199275725,1440,2023-07-27,0.24426855612526827,0.5649975034762995,2.462
42,2,180,566.9269406437824,6360.345138330468,6042.327881413961,6094.466998924487,0.9914448437378155,52.13911751052428,0.09382591474183889,0.16480351269680935,0.9530840172109531,0.0,0.0,0.0,0.0,False,979.9690988596103,3.3787117125686157,1440,2023-07-21,0.2430472133446419,0.5671925673702133,2.486
43,2,180,575.5400047810315,6090.508201852929,5785.9827917602925,5798.468752298189,0.9978466796888492,12.485960537896798,0.09947143389376252,0.17838028187958876,0.9913588085997691,0.0,0.0,0.0,0.0,False,1403.1796559070838,1.794947332668606,1440,2023-02-01,0.2418319772779187,0.6072743614459142,2.354
44,2,180,790.76477742512,6688.037141630285,6353.635284548776,6398.779819638417,0.9929448212999784,45.144535089642055,0.12445863541273107,0.20376641121603778,0.961804261795184,0.0,0.0,0.0,0.0,False,1104.7408013607733,2.9353514563047667,1440,2023-09-25,0.2406228173915291,0.6105518904103807,2.355
45,2,180,611.1785195930295,6479.205170342323,6155.244911825195,6206.8505815218805,0.9916856916371859,51.60566969668554,0.09929394010283153,0.20277647879674043,0.9826175762831353,0.0,0.0,0.0,0.0,False,1448.9965280854558,2.178187526980841,1440,2023-11-12,0.23941970330457144,0.5571361084809643,2.313
46,2,180,682.4576322151325,6521.188686723655,6195.1292523874845,6241.01284908605,0.9926480528388457,45.88359669856502,0.11016035411240636,0.18952101719564848,0.954617605794884,0.0,0.0,0.0,0.0,False,1258.4131457186822,3.5379087474977684,1440,2023-08-20,0.23822260478804858,0.5164425103200482,2.338
47,2,180,643.9778049200972,6126.448639811612,5820.126207821011,5880.835282810524,0.9896767938447513,60.70907498951288,0.11064670797941256,0.1831075026914609,0.990412296869975,0.0,0.0,0.0,0.0,False,1212.3935243627639,1.7245123347707638,1440,2023-01-05,0.23703149176410834,0.5135735964539352,2.328
48,2,180,674.1271888043094,6776.068362612439,6437.264944481809,6452.882697138337,0.9975797246921203,15.617752656528541,0.10472261039716702,0.2005361339291262,0.9673022174929135,0.0,0.0,0.0,0.0,False,1131.7912720466582,2.935164238406972,1440,2023-06-18,0.2358463343052878,0.5262328221356845,2.44
49,2,180,821.8867598717328,6290.046947545783,5975.544600168505,6052.573228029287,0.9872734083572811,77.02862786078177,0.13754173299092376,0.21695415438248916,0.9949528761659381,0.0,0.0,0.0,0.0,False,1071.1698186838312,1.5779664732436007,1440,2023-03-02,0.23466710263376137,0.49799040726176386,2.369
50,2,180,723.7187301486463,6611.325036534711,6280.758784707972,6333.00129891227,0.9917507494885134,52.24251420429749,0.11522791353024331,0.20450968489069135,0.9775944264262134,0.0,0.0,0.0,0.0,False,1486.6678168359733,2.1117528058814687,1440,2023-10-26,0.23349376712059255,0.43842912264610445,2.38
51,2,180,907.7057068421674,6362.53406767782,6044.407364293931,6148.034320886649,0.9831447010240871,103.62695659271785,0.15017282127678033,0.22522612710207912,0.9889766553576085,0.0,0.0,0.0,0.0,False,1252.9949876148767,1.6308269274872984,1440,2023-01-20,0.2323262982849896,0.4179324435909975,2.511
52,2,180,671.5520747067543,6544.920467443512,6217.674444071345,6265.198860308172,0.9924145398579591,47.52441623682759,0.1080069535237713,0.21604363966517612,0.9841179939762689,0.0,0.0,0.0,0.0,False,1167.9950934264357,1.8024430710995742,1440,2023-11-26,0.23116466679356462,0.35469762112675496,2.455
53,2,180,698.1514927829527,6596.738261219025,6266.901348158035,6323.511188651672,0.9910477203558634,56.609840493636774,0.11140298115402009,0.20250455326634886,0.9908956610337737,0.0,0.0,0.0,0.0,False,1015.6217132670906,1.5789645731559812,1440,2023-11-25,0.23000884345959682,0.3235090535332887,2.384
54,2,180,402.6344691823604,6626.335779252064,6295.01899028942,6344.321398858892,0.9922288917175066,49.30240856947229,0.06396080294649736,0.21875449942670006,0.9862716720291123,0.0,0.0,0.0,0.0,False,1362.2188990105305,1.8085135409193376,1440,2023-12-18,0.22885879924229882,0.3282189618726181,2.343
55,2,180,626.5787402859628,6623.388994837499,6292.2195450956315,6370.220650343362,0.9877553526747106,78.00110524773001,0.09957992339513001,0.174856505957003,0.9510073583651899,0.0,3.1944444444444446,114.87378826291089,0.0,False,1370.034079449,3.7603350867634653,1502,2023-09-02,0.22771450524608736,0.29529928201997413,2.402
56,2,180,693.1981492712654,6673.799750494553,6340.109762969827,6371.882382071304,0.995013621219551,31.772619101477922,0.10933535462114118,0.2067669397963184,0.9850845044550817,0.0,0.0,0.0,0.0,False,1406.346184175484,1.9044487974492974,1440,2023-10-24,0.2265759327198569,0.36679629847334233,2.367
57,2,180,507.10294464000356,6213.510854715353,5902.835311979567,5952.948196749983,0.9915818375846484,50.11288477041589,0.08590836739267628,0.21505811743762515,0.9942923866242502,0.0,0.0,0.0,0.0,False,1015.4177123735647,1.4918188881783303,1440,2023-11-27,0.22544305305625761,0.35345261019972696,2.358
58,2,180,793.9394879825445,6047.319827602743,5744.953836222587,5846.906396352888,0.9825629908845649,101.95256013030077,0.13819771413595455,0.2180762600021881,0.9859798250793578,0.0,0.0,0.0,0.0,False,1111.0,1.5208228617181287,1440,2023-01-26,0.22431583779097633,0.3237841628980787,2.294
59,3,180,646.82300078404,6570.900020258391,6242.355019245457,6338.524929691404,0.9848277144110515,96.1699104459476,0.1036184258648949,0.1924079877418039,0.9683159820762292,0.0,0.0,0.0,0.0,False,1141.6668130765352,2.891923843133436,1440,2023-09-06,0.22319425860202144,0.2925056784146121,2.417
60,3,240,727.8218529868442,8354.327823525564,7936.611432349226,7966.952571781199,0.9961916254479233,30.341139431975282,0.09170435760786766,0.19523285172272054,0.9510003137157971,0.0,0.6944444444444444,5.919417880497674,0.0,False,1592.3275933210098,3.526469867498557,1461,2023-07-27,0.22207828730901136,0.3243326904135939,2.598
61,3,240,886.1340746852361,8627.66937112382,8196.285902567603,8255.033825425871,0.9928833819339029,58.74792285826822,0.10811410012035355,0.2081847920405284,0.975078509989045,0.0,0.0,0.0,0.0,False,1614.381696551447,2.0426339411878143,1440,2023-11-28,0.2209678958724663,0.34381795666862675,2.44
62,3,240,793.2943766364982,8306.718964672955,7891.383016439325,7967.765861717687,0.9904135178412615,76.38284527836159,0.10052665990028715,0.21587329597841104,0.9737102578809231,0.0,0.0,0.0,0.0,False,1559.5766054301782,2.354624071767821,1440,2023-05-01,0.21986305639310397,0.33050266137144924,2.413
63,3,240,610.5824878975569,8134.688211198943,7727.953800639023,7771.102972696307,0.9944474841976888,43.149172057283934,0.07900959343818385,0.18025077442830972,0.9717838892337711,0.0,0.0,0.0,0.0,False,1852.5632036698191,2.302940629704556,1440,2023-04-09,0.21876374111113842,0.3021420516714449,2.574
64,3,240,325.4064903963707,8696.089336772677,8261.284869934052,8326.24705992188,0.9921979026660738,64.96218998782734,0.03938933174676597,0.22150474727487787,0.9638178478690929,0.0,0.0,0.0,0.0,False,1983.793805460605,2.6458843113588353,1440,2023-01-04,0.21766992240558275,0.35881057260024884,2.424
65,3,240,805.8902211440103,8784.196999129077,8344.987149172593,8377.224617488135,0.9961517722411021,32.23746831554025,0.09657177497558093,0.20202021465255549,0.9557019079691884,0.0,0.0,0.0,0.0,False,1688.5839245363773,2.993319161132422,1440,2023-09-17,0.2165815727935548,0.3123114117170982,2.401
66,3,240,245.9343744767197,8316.986217998023,7901.136907098109,7971.673399647414,0.9911516078227157,70.5364925493048,0.031126453998763234,0.199352614903985,0.96918843296923,0.0,0.0,0.0,0.0,False,1791.7361619268877,2.4732118502441724,1440,2023-01-12,0.21549866492958705,0.3178770440470591,2.447
67,3,240,554.6287563564,8384.867743827865,7965.624356636446,7999.06269396725,0.9958197180582141,33.43833733080501,0.06962778201991399,0.18893100936156665,0.9510000602691763,0.0,5.972222222222222,598.4892612577606,36.284802404168175,True,1331.735715501723,4.407582534742684,1706,2023-07-23,0.21442117160493912,0.32823063861268365,2.394
68,3,240,865.3574533605198,8791.21621412847,8351.655403422026,8487.091748387662,0.9840420783725632,135.43634496563533,0.10361508126951051,0.23560151692500622,0.9510011081006275,0.0,2.7777777777777777,61.806289224738244,0.0,False,1369.563827005347,3.9938448864097387,1545,2023-08-26,0.21334906574691442,0.3599944959904254,2.428
69,3,240,607.4508937430084,8636.444331268072,8204.622114704634,8323.683522936512,0.9856960673836536,119.06140823187802,0.0740376442998285,0.22238180102139826,0.9511011282534191,0.0,1.5277777777777777,27.521776083566706,0.0,False,1224.7999624489632,3.7318990009182067,1484,2023-08-08,0.21228232041817982,0.28095038940680134,2.456
70,3,240,539.8550541694508,8521.93154606184,8095.834968758728,8171.405733652589,0.990751803623869,75.57076489386023,0.06668306064201092,0.18810295023377024,0.9584709260765137,0.0,0.0,0.0,0.0,False,1985.4463035038734,2.7425818162172337,1440,2023-04-01,0.21122090881608893,0.24567938907676978,2.449
71,3,240,652.3237131560761,8205.135603129287,7794.878822972843,7837.152675588105,0.994605967962454,42.273852615260594,0.08368619037842723,0.20290911653903104,0.9819573752590285,0.0,0.0,0.0,0.0,False,1625.9325394443101,2.163463926499571,1440,2023-03-21,0.21016480427200848,0.29347091303383765,2.448
72,3,240,664.8446599467183,8833.999791849943,8392.299802257467,8448.671287444085,0.9933277691522459,56.371485186619005,0.07922079472993564,0.17248914713599595,0.9552302157263446,0.0,0.0,0.0,0.0,False,1669.023594764933,3.0117404627522126,1440,2023-08-05,0.20911398025064845,0.29898511050096654,2.45
73,3,240,769.4791812437295,8954.572049624023,8506.843447142815,8567.177753360862,0.9929575050319952,60.33430621804756,0.09045413683993135,0.20728379029866506,0.9565600750212899,0.0,0.0,0.0,0.0,False,1568.5389487685557,3.17513402668049,1440,2023-06-08,0.20806841034939522,0.3716959438045472,2.345
74,3,240,1056.3010980187744,9132.4560206475,8675.833219615099,8753.306156814057,0.9911492942425362,77.47293719895869,0.12175212124071202,0.23015767242351015,0.9820638477419569,0.0,0.0,0.0,0.0,False,1295.893766269594,1.8340666819376061,1440,2023-01-09,0.20702806829764822,0.35295220597460636,2.345
75,3,240,960.8913387358872,8419.685479346388,7998.701205379079,8073.911735946302,0.9906847469941523,75.21053056722451,0.1201309205161575,0.21827641323879377,0.9510003419294706,0.0,0.3472222222222222,1.6126877773288242,0.0,False,1870.1465034484863,3.6258800147189216,1450,2023-09-26,0.20599292795615998,0.28612679141481895,2.506
76,3,240,1149.5793587898713,8558.34308874951,8130.425934312043,8196.313296445474,0.9919613416727243,65.88736213343131,0.1413922675241913,0.22146669249489506,0.9650675193960366,0.0,0.0,0.0,0.0,False,1577.9408558458545,2.3329821629670042,1440,2023-02-21,0.20496296331637917,0.2578914093114254,2.474
77,3,240,1332.755135350118,8975.727737958015,8526.941351060083,8575.341364451164,0.9943559082566996,48.40001339107954,0.1562993200585844,0.20723054005723887,0.9770328378907024,0.0,0.0,0.0,0.0,False,1554.624296414638,2.176556602186747,1440,2023-02-05,0.2039381484997973,0.22721115464054298,2.438
78,3,240,854.8522017648525,8292.372743716667,7877.754106530825,7928.20539988784,0.9936364800339648,50.45129335701533,0.1085147099293391,0.21424834488582803,0.9867233922658217,0.0,0.0,0.0,0.0,False,1501.7635988371871,2.0410810025645736,1440,2023-11-20,0.2029184577572983,0.23362495926381874,2.419
79,4,240,783.3297294740568,8745.410163237002,8308.139655075156,8333.872240610872,0.9969122894144787,25.732585535716634,0.09428461268047506,0.14456622169905298,0.9655985020730338,0.0,0.0,0.0,0.0,False,1796.1103198899018,2.684004428906195,1440,2023-07-07,0.20190386546851183,0.22260441509525175,2.325
80,4,300,297.22045894169327,10825.749086659609,10284.461632326618,10392.369609479023,0.9896166147657046,107.90797715240666,0.028899953110569785,0.21455346451844093,0.9511078740280157,0.0,1.0416666666666667,76.75120933032609,0.0,False,2139.044468811422,3.1924010954772095,1455,2023-12-09,0.20089434614116924,0.3698603396863506,2.377
81,4,300,973.8683170314032,11161.252185982252,10603.189576683155,10689.41575317845,0.9919334995956486,86.22617649529352,0.091846732531594,0.20559254599906626,0.9518631909807677,0.0,0.0,0.0,0.0,False,1671.9172063626274,3.460137500513797,1440,2023-07-12,0.19988987441046338,0.33296547193065423,2.303
82,4,300,979.975938624409,11098.610963434308,10543.680415262643,10581.99078079552,0.996379663682716,38.31036553287721,0.09294438943785056,0.1889108534733576,0.9510157998463628,0.0,2.0833333333333335,139.75565151785386,0.0,False,2016.8924986805532,3.5581230614928163,1470,2023-05-18,0.19889042503841106,0.32288397116876805,2.366
83,4,300,1694.5170290573196,11057.0782437511,10504.2243315636,10574.269065432869,0.9933759266540471,70.04473386926944,0.16131767330649566,0.1998015707942056,0.9704911522509692,0.0,0.0,0.0,0.0,False,1955.8938540228185,2.5640858235483153,1440,2023-02-06,0.19789597291321903,0.35207295144215034,2.445
84,4,300,1107.8862337143237,10400.833882580535,9880.79218845148,10013.218101874965,0.9867748897431198,132.4259134234833,0.11212524386548725,0.241935464639459,0.9758730143709253,0.0,0.0,0.0,0.0,False,1658.743599058157,2.0863373077413483,1440,2023-11-28,0.19690649304865293,0.35147447901528023,2.369
85,4,300,1161.0699430890247,10987.545544884719,10438.168267640467,10521.319233855957,0.992096906826292,83.15096621549094,0.11123311229696078,0.2120712441720794,0.9601818719293872,0.0,0.0,0.0,0.0,False,2099.1850119813803,2.6976385853146128,1440,2023-03-18,0.19592196058340966,0.2562043613822537,2.532
86,4,300,1147.55532665654,10367.092902994238,9848.738257844514,9890.487480218013,0.9957788508951655,41.74922237349787,0.11651800429791227,0.20760502813492318,0.951002148421166,0.0,4.097222222222222,77.15986281576754,0.0,False,2321.5274262608073,3.171093607720695,1531,2023-02-10,0.1949423507804926,0.24508599009546367,2.629
87,4,300,1305.887609611778,10741.166976215138,10204.108627404301,10316.64900772343,0.9890913822661915,112.54038031912935,0.12797664718157425,0.24000433901513385,0.9679784117369588,0.0,0.0,0.0,0.0,False,2108.6879295714452,2.565502751906748,1440,2023-04-16,0.19396763902659017,0.24563671694102912,2.621
88,4,300,1340.0779472054126,10708.269793036307,10172.856303384571,10284.4591709202,0.9891483970444269,111.60286753562777,0.13173074574537738,0.22224838118712728,0.9665765255022695,0.0,0.0,0.0,0.0,False,1949.7056981552382,2.5093259582804146,1440,2023-01-30,0.1929978008314572,0.17279859753026133,2.604
89,4,300,1012.9225842797199,10120.448026856579,9614.425625513726,9735.53640283244,0.9875599276395826,121.1107773187142,0.10535445628615975,0.23530079130105006,0.9738436569620915,0.0,0.0,0.0,0.0,False,1624.4818738096767,2.4180456159077615,1440,2023-05-03,0.19203281182729992,0.1524787901639052,2.518
90,4,300,847.1355172102215,10739.050699925569,10202.09816492931,10285.123608724145,0.9919276182811833,83.0254437948336,0.08303542109821399,0.21815967146443244,0.9510004794583549,0.0,3.8194444444444446,373.76269169518656,20.345058519113117,True,1453.8024139316035,4.542833288842414,1627,2023-07-17,0.19107264776816343,0.10574260245513767,2.538
91,4,300,1119.5101347427985,11125.140845292497,10568.883803027922,10687.086020065437,0.9889397150153386,118.2022170375137,0.1059251057734276,0.21766598953842264,0.953745892567806,0.0,0.0,0.0,0.0,False,1917.7567225334462,3.1143125438934636,1440,2023-09-12,0.19011728452932258,0.10515613235546076,2.612
92,4,300,1434.2608431606484,10821.334571839234,10280.26784324729,10413.171434785412,0.9872369726773003,132.9035915381231,0.1395159022148201,0.23775692867882697,0.972898014098554,0.0,0.0,0.0,0.0,False,1940.7580127410463,2.3710463611291708,1440,2023-01-21,0.189166698106676,0.10488975703601969,2.481
93,4,300,948.9961653213742,10701.012801437946,10165.962161366017,10260.723184336894,0.9907646838075185,94.76102297087562,0.09335035388267234,0.23175304786279316,0.9660546206911684,0.0,0.0,0.0,0.0,False,1825.3706033229828,2.424700682246504,1440,2023-04-11,0.1882208646161426,0.05858874423763591,2.538
94,4,300,1006.1064174529315,10689.46740807482,10154.994037671113,10261.18742180372,0.989650965354462,106.1933841326055,0.09907503773223938,0.2246119759524985,0.9623064082711111,0.0,0.0,0.0,0.0,False,1984.4723517462724,2.6625223485855978,1440,2023-12-11,0.1872797602930619,0.0331688194010637,2.515
95,4,300,1210.1422387955613,10878.988115629192,10335.038709847686,10420.334333245059,0.9918145022348039,85.29562339737241,0.11709121492138039,0.23144484325803638,0.9626260261270628,0.0,0.0,0.0,0.0,False,2126.118013157424,2.550396420095221,1440,2023-10-25,0.18634336149159655,0.027312638936829225,2.414
96,4,300,976.2641149768342,10858.28946774184,10315.374994354777,10418.578041715948,0.9900943250654796,103.20304736117218,0.09464165049851386,0.23543369327880787,0.9567740787391356,0.0,4.166666666666667,425.5405851819325,0.0,False,2198.2037033618517,3.658222027641962,1500,2023-07-05,0.1854116446841386,0.0060231443303565,2.502
97,4,300,224.64161587371072,11270.674971236871,10707.141222674934,10785.00423982682,0.9927804370382765,77.86301715188414,0.020980541042830213,0.21709739851502868,0.9587863120025126,0.0,0.0,0.0,0.0,False,2139.77686190264,2.6228464916003675,1440,2023-01-07,0.18448458646071791,-0.021555606064459387,2.421
98,4,300,376.7154437171912,10368.431584623515,9850.010005392374,9989.08250792474,0.9860775499229248,139.07250253236464,0.038245183863870075,0.24569749537166563,0.9676457564566664,0.0,0.0,0.0,0.0,False,1894.9669337782232,2.5476671067643384,1440,2023-01-11,0.1835621635284143,-0.004133627825749275,2.523
99,5,300,872.8557814320334,10980.883969340468,10431.839770873414,10530.725443122978,0.9906097948537685,98.88567224956388,0.0836722764731415,0.24447773327186206,0.9792833445593673,0.0,0.0,0.0,0.0,False,1600.467331324342,2.0832801316991705,1440,2023-03-30,0.18264435271077226,-0.05540113308796574,2.51
100,5,271,1042.052442520417,9992.376542482269,9492.75771535818,9579.41459382206,0.9909538440355461,86.65687846388204,0.10977341608903564,0.20869557326667126,0.9570835484474833,0.0,0.0,0.0,0.0,False,1713.7974649071693,2.9105219395007023,1440,2023-09-08,0.18173113094721838,-0.09595554734176423,2.559
101,5,167,739.9439866195918,5947.401721125361,5650.031635069091,5730.351981516448,0.9859833485436087,80.32034644735799,0.13096280417738643,0.2537418219516474,0.9973460572686663,0.0,0.0,0.0,0.0,False,744.0057847566613,1.5026288769790865,1440,2023-04-16,0.18082247529248227,-0.05011310539671682,2.459
102,5,139,521.6671240498532,5286.952012077128,5022.604411473237,5073.687894217355,0.9899316860222442,51.083482744117944,0.10386386848587925,0.22735499230628764,0.9822721325238354,0.0,0.0,0.0,0.0,False,758.3204643340727,2.082489701149069,1440,2023-09-15,0.1799183629160199,-0.11522799004520876,2.358
103,5,174,603.1371391541486,5781.896953123276,5492.802105467123,5561.793433766867,0.9875954889153411,68.99132829974425,0.10980500072154997,0.24304564276077326,0.9606923409819884,0.0,0.0,0.0,0.0,False,893.7107215649479,3.166749571389123,1440,2023-08-15,0.1790187711014398,-0.11063662215952522,2.36
104,5,194,897.2303797524498,6810.133083472215,6469.626429298583,6521.667828226591,0.9920202315881889,52.04139892800754,0.13868349116561351,0.22076597638325066,0.9860598489048829,0.0,0.0,0.0,0.0,False,1321.4404426687388,1.788732101839047,1440,2023-02-09,0.1781236772459326,-0.1436352409888854,2.382
105,5,267,777.1502833338997,9460.843743005524,8987.801555855312,9050.40649429779,0.993082637947597,62.60493844247615,0.08646722766454573,0.1893167803237273,0.9510000622369358,0.0,2.4305555555555554,53.15825493587492,0.0,False,1662.3334412358943,3.8556531575592583,1531,2023-06-11,0.17723305885970292,-0.12205716884098636,2.47
106,5,201,990.6993778802142,7370.851869840523,7002.3092763484765,7045.664371495949,0.993846556852343,43.35509514747278,0.14148180818383366,0.18102182757242152,0.9868892180845863,0.0,0.0,0.0,0.0,False,1311.359905003097,1.8382652187585589,1440,2023-02-08,0.1763468935654044,-0.0350723188079021,2.395
107,5,136,595.3306181871125,4935.183636619787,4688.424454788812,4748.999609062683,0.9872446495556089,60.575154273871306,0.12697882282800457,0.21053192155570274,0.9944146485865845,0.0,0.0,0.0,0.0,False,970.4795130553571,1.4377191156325124,1440,2023-10-15,0.17546515909757737,0.05371336589281692,2.401
108,5,180,516.7829838195063,6450.145804477138,6127.638514253265,6154.094365413515,0.9957010975800219,26.455851160250237,0.0843364017993942,0.1938776471035892,0.9882369957260648,0.0,0.0,0.0,0.0,False,1117.4613908491883,1.568541426870262,1440,2023-03-21,0.1745878333020895,0.05929311081238833,2.483
109,5,228,866.086904160946,8086.62399317401,7682.292793515304,7709.14950792411,0.9965162545646312,26.856714408807076,0.11273807539488968,0.1746470805581441,0.9659769956891762,0.0,0.0,0.0,0.0,False,1703.7296663534075,2.5572966229708696,1440,2023-03-18,0.17371489413557906,0.10070242818751579,2.434
110,5,267,16.277691691906703,9020.567317057572,8569.538951204742,8811.701942937594,0.9725180228177213,242.16299173285168,0.0018994827825151918,0.1950046209103925,0.9613356669552595,0.0,0.0,0.0,0.0,False,1790.2556172443888,2.985901798612936,1440,2023-12-31,0.17284631966490113,0.1774047744596898,2.383
111,5,251,265.37091484677643,8935.53379201949,8488.757102418514,8531.166203971905,0.995028920954131,42.40910155338878,0.03126145696537484,0.19319111999218447,0.9693212634616979,0.0,0.0,0.0,0.0,False,1891.1478499820116,2.384487388112484,1440,2023-10-10,0.17198208806657664,0.1942298316569629,2.436
112,5,299,1144.8714265539766,10564.714532668659,10036.478806035157,10074.866233061945,0.9961897829570368,38.387427026787094,0.11407102517523776,0.18174883870043967,0.9598206277398075,0.0,0.0,0.0,0.0,False,2114.9929451983835,2.8566152061484313,1440,2023-10-09,0.17112217762624377,0.2120200234352298,2.456
113,5,154,784.0850745477686,5487.457277568533,5213.0844136901,5249.1140166269515,0.9931360601383918,36.029602936851305,0.15040713181023502,0.18005690410682773,0.9972146492220749,0.0,0.0,0.0,0.0,False,901.124410215807,1.4115289774642024,1440,2023-01-20,0.17026656673811255,0.2523377537646599,2.439
114,5,279,615.3616352819525,10456.146243040526,9933.338930888433,9939.014807753425,0.9994289296298698,5.675876864992745,0.06194912300520032,0.1821648406186062,0.9637996906870079,0.0,0.0,0.0,0.0,False,2021.1396737145378,2.541031494844866,1440,2023-12-18,0.16941523390442195,0.2893113489288089,2.495
115,5,129,481.4232353842704,4390.642573513928,4171.110444838223,4178.529790996283,0.998224412286339,7.419346158060016,0.1154184819009132,0.17716029438366848,0.9571376584433817,0.0,0.0,0.0,0.0,False,986.8063631293808,3.4185387836671395,1440,2023-08-21,0.16856815773489983,0.3151445227032851,2.452
116,5,221,865.0163797554736,8417.078881199777,7996.224937139746,8016.964814850922,0.9974130012803901,20.739877711177495,0.10817809485795812,0.17437093250474672,0.9811348936019816,0.0,0.0,0.0,0.0,False,1454.3102413040262,1.9433505496789527,1440,2023-11-28,0.16772531694622533,0.3479630487205456,2.39
117,5,169,650.295322859885,6154.828169300424,5847.08676083542,5865.4600327896715,0.9968675480096123,18.37327195425074,0.1112169785500108,0.1741124587670145,0.956288702045144,0.0,0.0,0.0,0.0,False,1147.0832203025773,3.4108135657863525,1440,2023-08-20,0.16688669036149426,0.38163591904274463,2.517
118,5,156,627.952205811553,5629.127216309721,5347.670855494238,5374.603519747732,0.9949889021293317,26.932664253493776,0.11742536569287731,0.20455020584043673,0.9937875212008102,0.0,0.0,0.0,0.0,False,920.1336587425259,1.4191091667448315,1440,2023-01-09,0.16605225690968675,0.4104372345851639,2.476
119,5,238,373.51143875893365,8832.813838135957,8391.17314622922,8400.375084306375,0.9989045800949594,9.20193807715659,0.044512421833028226,0.1759578871520697,0.951008547998204,0.0,0.06944444444444445,0.8830245641578431,0.0,False,1399.0529851913452,3.6057630321872383,1442,2023-07-30,0.1652219956251383,0.3662877331655487,2.417
120,5,175,417.48574471214613,6140.022378953138,5833.021260005484,5843.020672333176,0.9982886570340168,9.999412327692434,0.07157281383057287,0.16337339514934585,0.9883590428195675,0.0,0.0,0.0,0.0,False,1362.1556942002119,1.7378663226048598,1440,2023-12-26,0.16439588564701263,0.3950733387866605,2.481
121,5,221,736.1712692079785,7761.239529098303,7373.177552643376,7428.134704169471,0.9926014869526737,54.957151526095146,0.09984450583914828,0.21299120406427458,0.9795395693402674,0.0,0.0,0.0,0.0,False,1460.0775044957331,2.0315936613920753,1440,2023-11-12,0.16357390621877757,0.4476190359320751,2.474
122,5,167,792.8845867798802,6087.5184715796295,5783.14254800063,5829.137206951113,0.9921095254207373,45.99465895048186,0.1371027223000061,0.21670625399271762,0.9926976874449344,0.0,0.0,0.0,0.0,False,1050.1979714423198,1.5655130106705726,1440,2023-02-26,0.16275603668768368,0.37984685383234984,2.429
123,5,147,146.73081158142233,5373.357968987567,5104.690070538169,5122.36370605792,0.9965497109276231,17.673635519752793,0.02874431347522594,0.1928747022272017,0.9914996485381979,0.0,0.0,0.0,0.0,False,1206.6382063639721,1.5389459118945403,1440,2023-01-10,0.16194225650424526,0.31662068561035905,2.437
124,5,255,650.4040081976809,9172.01628040072,8713.41546638067,8738.973170525649,0.9970754339616033,25.557704144977908,0.07464397981562587,0.1484663954095614,0.9568167583042931,0.0,0.0,0.0,0.0,False,1461.4089996321945,3.373291950503776,1440,2023-06-30,0.16113254522172402,0.3188254298055414,2.604
125,5,198,658.2700152017921,7168.8316097217485,6810.390029235677,6824.572980876988,0.9979217818197484,14.182951641310906,0.09665672779032733,0.12160814446698472,0.9747642457665464,0.0,0.0,0.0,0.0,False,1196.3112211345585,2.5298146309741547,1440,2023-05-12,0.1603268824956154,0.4208641803900177,2.502
126,5,242,833.2531242841549,8269.502982367603,7856.027833249211,7910.333535731605,0.9931348403658214,54.305702482393365,0.10606544961024227,0.19610229626606288,0.9795909924047088,0.0,0.0,0.0,0.0,False,1499.8125221259315,2.023116804509932,1440,2023-12-06,0.15952524808313734,0.5655029257079185,2.456
127,5,241,936.4440619999209,8860.070012152531,8417.066511544896,8447.543601187801,0.9963921950472537,30.477089642904502,0.1112553952990022,0.18993002920909358,0.9669699269291433,0.0,0.0,0.0,0.0,False,1572.911827533814,2.918083057813041,1440,2023-05-14,0.15872762184272163,0.5175216731909639,2.426
128,5,291,681.0162119864151,10558.10771404304,10030.202328340845,10096.332873026855,0.9934500431475786,66.13054468601128,0.06789655778549644,0.21608527040466882,0.9658183906748999,0.0,0.0,0.0,0.0,False,1477.7165876374079,2.424591072216,1440,2023-01-01,0.15793398373350803,0.493219157242278,2.487
129,5,196,501.0068652500149,6709.111785391715,6373.656196122101,6418.494269627867,0.9930142379782221,44.83807350576585,0.07860588174725217,0.2096921003065729,0.9783525443265907,0.0,0.0,0.0,0.0,False,1392.4902191353317,2.085654018385793,1440,2023-11-19,0.15714431381484048,0.4154313503328303,2.634
130,5,159,-25.22844276174964,5685.90254255787,5401.607415429977,5450.1719251577015,0.9910893618780072,48.564509727724044,-0.004670543566287928,0.18101202504862127,0.9977581805492975,0.0,0.0,0.0,0.0,False,982.5100239034008,1.356466747057257,1440,2023-12-24,0.1563585922457663,0.36678147400575445,2.654
131,5,234,634.6036138054515,8558.152161356902,8130.244553289056,8206.960823149857,0.9906522924242062,76.7162698608009,0.07805467715589505,0.22600126938094514,0.9804781453999505,0.0,0.0,0.0,0.0,False,1555.4125316983905,2.184107962958506,1440,2023-01-08,0.15557679928453744,0.3919071372591564,2.607
132,5,289,978.15140085578,10007.532155252484,9507.155547489878,9587.324041083131,0.9916380740601111,80.16849359325357,0.10288581016369676,0.21808923649316242,0.9510044592364908,0.0,1.0416666666666667,50.176246507412316,0.0,False,2159.055120655183,3.7898976931656803,1481,2023-06-27,0.1547989152881148,0.31173126686171815,2.573
133,5,295,1023.2197914831196,10579.224593443008,10050.263363770902,10180.777950458878,0.9871802933603818,130.51458668797756,0.10181024660225452,0.20558459151270717,0.9526698099239302,0.0,0.0,0.0,0.0,False,1804.1238596083529,3.485661673031374,1440,2023-06-26,0.1540249207116742,0.26409258107223144,2.662
134,5,277,929.7851774877415,10361.918734978952,9843.82279822995,9959.66774408803,0.9883685933271374,115.84494585808177,0.09445366871647966,0.2364949612474233,0.9624989343682402,0.0,0.0,0.0,0.0,False,1865.999766890805,2.5765489107621784,1440,2023-09-28,0.15325479610811582,0.25321262182200827,2.625
135,5,243,841.743893542652,8841.152118025902,8399.094512124611,8464.832393371758,0.9922340008411009,65.73788124714474,0.10021840953540204,0.20134434211931965,0.9629083688963769,0.0,0.0,0.0,0.0,False,1509.644256610985,3.0913373523993455,1440,2023-08-14,0.15248852212757524,0.17468109294308304,2.609
136,5,188,703.059269034768,6502.3246848050685,6177.208450564849,6302.277591012571,0.9801549299215131,125.06914044772165,0.11381504682272454,0.23099310683699278,0.9937602944200747,0.0,0.0,0.0,0.0,False,995.7408793577962,1.648388446562726,1440,2023-03-06,0.15172607951693737,0.1891200148158049,2.531
137,5,190,657.1874182532188,6606.111402147964,6275.805832040565,6343.983938280589,0.9892531086296378,68.17810624002418,0.10471761489146257,0.2294382844356905,0.9753525346024562,0.0,0.0,0.0,0.0,False,1177.1900296572921,2.5590968949069017,1440,2023-10-01,0.15096744911935267,0.1338942145932519,2.543
138,5,127,379.719510192405,4383.540874059177,4164.3638303561975,4181.522630733836,0.9958965185907346,17.158800377637842,0.09118307757464261,0.20410961205889647,0.9927899427480211,0.0,0.0,0.0,0.0,False,846.1638186563291,1.6406612205713145,1440,2023-12-14,0.15021261187375592,0.09166226947628994,2.481
139,5,153,561.1944664971967,5650.976314320677,5368.427498604633,5412.852173561955,0.9917927418793541,44.42467495732194,0.10453609863280502,0.2180152935610557,0.9573639757832663,0.0,0.0,0.0,0.0,False,842.6981601235375,3.4155724180153104,1440,2023-06-26,0.14946154881438714,0.11339431200872249,2.536
140,5,180,845.3037933676359,6252.187154082755,5939.577796378626,5986.781249838922,0.9921153869683202,47.203453460296224,0.14231715154619567,0.232606872666655,0.9933360679949632,0.0,0.0,0.0,0.0,False,994.1415790913056,1.5266302948233945,1440,2023-02-28,0.1487142410703152,0.09928668205186539,2.506
141,5,182,700.1174849996504,6777.433125141527,6438.561468884474,6498.595526771402,0.9907619950126743,60.034057886926334,0.10873818451265801,0.24295448447195525,0.9756727385556812,0.0,0.0,0.0,0.0,False,1274.2864524979864,2.426036358678342,1440,2023-09-14,0.14797066986496363,0.05426876042072851,2.543
142,5,224,1030.1811943478842,7885.577845784675,7491.298953495438,7574.906669803278,0.9889625417246214,83.60771630784123,0.13751703152457986,0.24573980796601352,0.9828931176140966,0.0,0.0,0.0,0.0,False,1137.8696751667437,2.12070183050112,1440,2023-01-02,0.1472308165156388,-0.006658047079439344,2.518
143,5,212,333.1192935184836,7557.761864922986,7179.87377167685,7230.3226846229,0.9930225917781869,50.44891294605012,0.04639626045134273,0.20015662755062194,0.9510151222098614,0.0,0.7638888888888888,10.560721784939831,0.0,False,1467.8670873602412,3.700055336230061,1462,2023-07-30,0.1464946624330606,-0.0638141951648025,2.518
144,5,245,741.3548476750586,8939.98862925308,8492.989197790412,8553.335168665333,0.9929447438122154,60.34597087492027,0.08729021436503583,0.22205536561593145,0.9568243389308563,0.0,0.0,0.0,0.0,False,1332.7916970843642,3.3130129918474993,1440,2023-06-07,0.1457621891208953,-0.00926394809676262,2.54
145,5,281,744.6668036499165,9284.781170373435,8820.542111854802,8881.927271088503,0.9930887568249387,61.38515923370059,0.08442415377724741,0.21674256110146312,0.9510001979644869,0.0,2.361111111111111,207.07709011861428,0.0,False,1347.9339403640784,4.239057048379332,1553,2023-06-05,0.14503337817529083,-0.0149037424668082,2.513
146,5,278,1091.618441137316,10087.75453884609,9583.366811903783,9704.855382501373,0.9874816712038137,121.488570597591,0.11390761332242699,0.2626303453583579,0.9790479218575838,0.0,0.0,0.0,0.0,False,1247.6200018731595,1.9682922956871463,1440,2023-01-15,0.14430821128441437,-0.008564536086087482,2.452
147,5,260,976.9688307525229,8828.14895540603,8386.741507635707,8448.758622020152,0.9926596181570617,62.01711438444471,0.11648967955707731,0.2315757153295463,0.9721887207338561,0.0,0.0,0.0,0.0,False,1584.0667765364565,2.1413441851880237,1440,2023-04-17,0.1435866702279923,-0.10757781361459734,2.513
148,5,296,1070.538572569389,10793.046571183892,10253.394242624694,10394.887934577679,0.9863881464770469,141.49369195298468,0.10440821324503655,0.24939202640694944,0.9772369111362871,0.0,0.0,0.0,0.0,False,1595.0248637101313,2.0420202617447494,1440,2023-04-23,0.14286873687685234,-0.12004703534049702,2.488
149,5,177,740.3370879734631,6703.696102263355,6368.511297150181,6456.087945465801,0.9864350286031767,87.57664831561954,0.11624963094667877,0.22302908153691434,0.9897009563285042,0.0,0.0,0.0,0.0,False,1020.6759683868572,1.5094723011368756,1440,2023-02-02,0.14215439319246806,-0.17168789841185117,2.5
150,5,284,1063.3917709784787,10309.036729288908,9793.584892824538,9887.925930613274,0.990458965970138,94.34103778873511,0.1085804414436223,0.20799052775841465,0.95100204347862,0.0,0.1388888888888889,0.03766801328223569,0.0,False,1739.027886471827,2.7854152146580233,1444,2023-09-08,0.14144362122650572,-0.15615356423170296,2.542
151,5,287,520.2294913068868,10770.686078452904,10232.151774530299,10342.034954067249,0.9893750910700863,109.88317953694937,0.050842628488157626,0.22815718297543708,0.9541719882895477,0.0,0.0,0.0,0.0,False,1627.2132425907678,3.379869361591512,1440,2023-07-30,0.1407364031203732,-0.1110408049628058,2.582
152,5,160,565.0691950221354,5499.287290277805,5224.322925763944,5258.493623903717,0.9935018085817501,34.1706981397724,0.10816123027837264,0.2004169763147972,0.951297206426329,0.0,0.0,0.0,0.0,False,965.2278826969626,3.615675726068543,1440,2023-08-29,0.14003272110477133,-0.12072509817390922,2.551
153,5,205,796.7352587893057,7256.159642359834,6893.3516602418695,6928.4491416032515,0.9949342947254051,35.09748136138151,0.11558024282796424,0.20438726438658072,0.9710830891610664,0.0,0.0,0.0,0.0,False,1393.6918378933233,2.4604354781876676,1440,2023-02-10,0.13933255749924747,-0.06746492690512418,2.513
154,5,223,836.5487447433763,8245.414496627898,7833.143771796425,7877.980424281985,0.9943086108278003,44.83665248555898,0.10679604117000972,0.20461415333844546,0.9578042091179888,0.0,0.0,0.0,0.0,False,1561.9293158249052,3.3740932410835907,1440,2023-08-15,0.13863589471175125,-0.03381078686734887,2.672
155,5,245,662.4694248960802,8877.756170223132,8433.868361711953,8461.474119831646,0.9967374765048337,27.605758119694254,0.07854870345185332,0.16275441794699286,0.9510001293048254,0.0,5.208333333333333,236.61097492557488,0.0,False,1270.3587055486328,4.057950433210307,1634,2023-05-26,0.1379427152381925,-0.007617338198153328,2.606
156,5,246,695.9122423323523,8725.606906323743,8289.32656100758,8308.10355830473,0.9977399177603676,18.77699729715001,0.08395280813351902,0.15665790246464997,0.951002434270613,0.0,0.4166666666666667,3.689095429900482,0.0,False,1348.55945838983,3.5604188661810223,1452,2023-05-13,0.13725300166200152,0.1072911177010492,2.626
157,5,139,460.99482610216444,5032.796389728015,4781.156570241639,4834.743103239749,0.9889163639403712,53.58653299811055,0.09641910264379101,0.20591381740040193,0.9874618858285634,0.0,0.0,0.0,0.0,False,825.5319410427984,1.845171879880877,1440,2023-10-08,0.1365667366536915,0.21479732135833304,2.559
158,5,206,1147.7163854586527,7211.8263773417175,6851.235058474631,6872.126330583524,0.9969599988265758,20.891272108892153,0.16751963341835507,0.18787264715792396,0.9836546823641525,0.0,0.0,0.0,0.0,False,1414.7866382207553,2.007378901677005,1440,2023-02-07,0.13588390297042305,0.19214358055548575,2.593
159,5,138,510.2503857313993,4986.43764343571,4737.115761263909,4772.937352728977,0.9924948540452586,35.82159146506732,0.107713303082815,0.22608969342756127,0.9958487768204879,0.0,0.0,0.0,0.0,False,867.5986056941732,1.4804740601834552,1440,2023-11-21,0.13520448345557096,0.21431753008876325,2.814
160,5,293,750.6813247320281,10858.06936286264,10315.165894719514,10337.567113014451,0.9978330280180977,22.401218294936996,0.07277452756395444,0.17869138842978805,0.9725529389765564,0.0,0.0,0.0,0.0,False,1825.102538085181,2.3681270982420615,1440,2023-03-25,0.13452846103829308,0.14667470325080512,2.573
161,5,156,476.5908172035912,5471.540692245817,5197.963657633554,5218.686833377618,0.9960290440094004,20.72317574406378,0.09168798564100886,0.19337132827985362,0.9902730456414364,0.0,0.0,0.0,0.0,False,948.4719157407565,1.6139887720476302,1440,2023-12-14,0.13385581873310162,0.1979021433540503,2.615
162,5,201,50.321477813899286,7256.159079904253,6893.351125909043,6920.494206807611,0.9960778695729754,27.1430808985677,0.00730000211722325,0.15820748929199116,0.9853157894913027,0.0,0.0,0.0,0.0,False,1458.7447421844,1.913577657700709,1440,2023-12-27,0.1331865396394361,0.20691966135250947,2.592
163,5,280,639.3151905737842,10053.42720909757,9550.755848642722,9586.734523003419,0.9962470354973985,35.97867436069672,0.06693870105208884,0.14401456624510195,0.9710779878003628,0.0,0.0,0.0,0.0,False,1439.6114727365075,2.7007373770338843,1440,2023-05-19,0.13252060694123893,0.2935837470599747,2.545
164,5,214,722.9328297053883,7515.456182646934,7139.683373514576,7162.986381645129,0.9967467468330994,23.303008130551977,0.10125558682156487,0.19776648570916047,0.956956737223012,0.0,0.0,0.0,0.0,False,1829.3263146735494,2.8932040686027753,1440,2023-09-04,0.13185800390653274,0.396938718016848,2.544
165,5,243,954.974930913738,9168.714418468177,8710.278697544743,8753.815459428046,0.9950265387607169,43.536761883300514,0.10963770093635772,0.2046777492749475,0.9846638977052941,0.0,0.0,0.0,0.0,False,1635.7996344113828,2.0346792303310712,1440,2023-02-18,0.13119871388700008,0.36148014767595993,2.475
166,5,210,1042.785590931153,7618.138400746983,7237.231480709589,7287.76864357964,0.9930654819957034,50.53716287005146,0.14408625642424677,0.2020129997244467,0.9830085400017946,0.0,0.0,0.0,0.0,False,1386.5605901466733,1.839784530247828,1440,2023-02-08,0.13054272031756506,0.3176746240947706,2.435
167,5,273,1136.2863303548017,9997.363867503725,9497.495674128548,9596.439854327356,0.9896894909257217,98.94418019880939,0.11964062626004437,0.2039460379110251,0.9719786465350138,0.0,0.0,0.0,0.0,False,1842.239762194785,2.395036407944688,1440,2023-03-15,0.12989000671597725,0.2883920042546986,2.544
168,5,227,845.6893579231354,8455.409031385756,8032.638579816436,8084.39759488878,0.993597665816799,51.75901507234269,0.10528163934178417,0.22377882078492184,0.9861117766971486,0.0,0.0,0.0,0.0,False,1342.6540246679856,1.8494726184800379,1440,2023-02-01,0.12924055668239737,0.2605159224766172,2.546
169,5,236,618.6605869804575,8567.036615511057,8138.684784735521,8166.981337169428,0.9965352495290856,28.29655243390817,0.07601481115729952,0.15809642079104175,0.9669014978322373,0.0,0.0,0.0,0.0,False,1631.9779281744104,2.650999788005994,1440,2023-08-12,0.12859435389898535,0.1933939936923332,2.531
170,5,202,552.0560843372615,7089.145525247378,6734.688248984992,6769.473726832498,0.9948614206582079,34.78547784750627,0.08197203254663848,0.1957348248391594,0.9654863117808746,0.0,0.0,0.0,0.0,False,1366.064298450559,2.971930499895055,1440,2023-10-04,0.12795138212949045,0.28629290961189013,2.552
171,5,193,195.3599292869265,6834.1456390282765,6492.438357076855,6634.404163038491,0.9786015740867049,141.965805961635,0.030090378767167077,0.21836717752656917,0.9802609832794985,0.0,0.0,0.0,0.0,False,1389.0625650360507,1.7795961917334522,1440,2023-01-10,0.12731162521884298,0.2780208121997188,2.528
172,5,227,500.1749923251695,8087.427724565851,7683.056338337562,7701.133134522496,0.9976527095598569,18.07679618493449,0.06510104446707675,0.14779583424491927,0.951000037181501,0.0,2.5,49.06028205706643,0.0,False,1260.2145350801186,3.6982118748543473,1550,2023-06-03,0.12667506709274878,0.2206935994813518,2.749
173,5,213,711.6940395255614,8017.86186474267,7616.968771505526,7672.211588673036,0.9927996228298671,55.2428171675092,0.09343533640152919,0.1983599460096568,0.9605532893528137,0.0,0.0,0.0,0.0,False,1833.4711951936952,2.5833887141607397,1440,2023-10-08,0.12604169175728502,0.3326989928140421,2.601
174,5,262,718.5260004545701,9135.633096755006,8678.851441917182,8698.43384426854,0.9977487438886185,19.58240235135892,0.08279044816739549,0.20102585362668823,0.9510027989896419,0.0,1.1111111111111112,88.94738505169906,0.0,False,1456.7026582438307,3.4257887798802598,1457,2023-10-07,0.1254114832984986,0.3111442642972888,2.649
175,5,227,750.8736177302706,8103.794633970158,7698.6049022716525,7743.591633017497,0.9941904567185558,44.986730745842934,0.09753372555964104,0.19303988335325412,0.951000072306221,0.0,1.0416666666666667,20.902316573150813,0.0,False,1219.2476604052372,3.6859353578338103,1467,2023-08-18,0.12478442588200611,0.28798419204508274,2.538
176,5,205,530.3853707012582,7391.679747003802,7022.095759653639,7058.260372636501,0.9948762710535495,36.164612982862515,0.07553092251299905,0.20791675214771604,0.989078285316939,0.0,0.0,0.0,0.0,False,1152.933118105944,1.6650688597005436,1440,2023-10-27,0.12416050375259607,0.2873732746772102,2.468
177,5,276,988.1848222745529,10080.625204302918,9576.593944087797,9599.472303006918,0.9976167066066793,22.878358919120686,0.10318750362017994,0.2002682708326037,0.9510003761966015,0.0,4.166666666666667,129.26062784278724,0.0,False,2028.8046589721396,3.254411308101673,1503,2023-06-18,0.12353970123383311,0.2537595918277101,2.567
178,5,158,551.0243789831119,5672.898458082662,5389.253535178519,5406.612431787909,0.9967893210714847,17.358896609390968,0.10224502807045228,0.1786132364270873,0.9939195540477058,0.0,0.0,0.0,0.0,False,972.351301908493,1.5448757479799433,1440,2023-04-21,0.12292200272766393,0.24368189089972697,2.433
179,5,199,845.890461887457,7241.148445239625,6879.09102297764,6889.385032341597,0.9985058159305028,10.29400936395693,0.12296544108255021,0.1627831174871252,0.9841746157572886,0.0,0.0,0.0,0.0,False,1249.0161823411017,1.802416964298782,1440,2023-02-25,0.1223073927140256,0.28433014402812223,2.47
180,5,207,800.2961532866099,7226.196175316499,6864.886366550665,6910.999024608938,0.9933276422274011,46.11265805827268,0.11657820837152869,0.2207494826137855,0.983806042171673,0.0,0.0,0.0,0.0,False,1344.7401324277714,1.9266995704494685,1440,2023-01-09,0.12169585575045548,0.35353585232439877,2.485
181,5,281,733.4727117509125,10044.41999281585,9542.198993175056,9578.146780146315,0.99624689537586,35.94778697126019,0.07686621420026139,0.20119704289318235,0.9707244254732351,0.0,0.0,0.0,0.0,False,1708.0655759281385,2.2886612433617866,1440,2023-01-08,0.1210873764717032,0.28033694155207806,2.468
182,5,199,602.4067646178203,7050.198561126002,6697.6886330697125,6727.782035121118,0.995526995093731,30.093402051405306,0.08994248577687654,0.18090395657654995,0.9703693698444631,0.0,0.0,0.0,0.0,False,959.7639019181813,2.5841157497969682,1440,2023-10-05,0.12048193958934468,0.2647333281748893,2.756
183,5,231,1121.9111190393448,8668.10313266267,8234.697976029542,8269.638147851932,0.9957748850436139,34.94017182239168,0.13624192682052533,0.20005040389482173,0.9745894742036683,0.0,0.0,0.0,0.0,False,1494.0691684375824,2.5041184785657316,1440,2023-01-02,0.11987952989139797,0.2978500295409021,2.497
184,5,133,25.033670196766153,4532.9514903153,4306.3039157995445,4322.713032947438,0.9962039772192084,16.409117147893255,0.005813261368971027,0.19920088194092717,0.992149169138002,0.0,0.0,0.0,0.0,False,964.849772007554,1.435821518758837,1440,2023-12-27,0.11928013224194098,0.28221868633877334,2.542
185,5,270,722.1965383050195,9451.037842086265,8978.485949981932,9016.894258674916,0.9957404059988801,38.408308692983034,0.08043633885805355,0.2113177085240539,0.9510006000360999,0.0,0.625,5.465291969229731,0.0,False,1408.7157329269467,3.390277026697212,1459,2023-05-21,0.11868373158073126,0.27162251597859205,2.598
186,5,200,850.3757164074576,7068.025348531612,6714.624081105035,6778.729366487363,0.9905431708633698,64.10528538232725,0.12664532014538485,0.22670569239894908,0.9859493165831801,0.0,0.0,0.0,0.0,False,1192.1333912405548,1.7255364582051824,1440,2023-03-19,0.11809031292282761,0.23592267578136547,2.521
187,5,210,829.6965448484221,7946.4704848543415,7549.146960611633,7589.672950111444,0.99466037736195,40.525989499810606,0.10990599986693066,0.21105661854164634,0.9562516459646275,0.0,0.0,0.0,0.0,False,1297.2413031545584,3.2802384438413013,1440,2023-06-22,0.11749986135821347,0.17217395447886735,2.531
188,5,137,367.62888116646906,5196.700450801551,4936.865428261449,4965.61833779776,0.9942096013869114,28.752909536311392,0.07446605270258139,0.21519153976216865,0.9968813958504174,0.0,0.0,0.0,0.0,False,769.1289327090016,1.5676809438791064,1440,2023-10-31,0.11691236205142241,0.1550501089958526,2.599
189,5,245,712.8970771007704,8961.564357164232,8513.486139306067,8541.29460448442,0.9967442329920628,27.80846517835155,0.08373738624056519,0.1861462708268819,0.9706307012131177,0.0,0.0,0.0,0.0,False,1519.259299427577,2.026350121885854,1440,2023-03-21,0.11632780024116529,0.13149462893618324,2.643
190,5,234,750.1790290375009,8541.705068548348,8114.619815120936,8182.221664070538,0.9917379592334374,67.60184894960153,0.09244783441851497,0.2279702289753739,0.9620481015039146,0.0,0.0,0.0,0.0,False,1595.3916841704945,2.6007158128173065,1440,2023-09-28,0.11574616123995946,0.17724252300473453,2.611
191,5,181,964.6449104568685,6120.621280716709,5814.5902166809055,5848.923373795926,0.9941300039475918,34.33315711502067,0.16590075560088374,0.19158172747177118,0.9859936573793213,0.0,0.0,0.0,0.0,False,1099.3316898170356,1.8580017234011734,1440,2023-02-07,0.11516743043375967,0.12042961888412448,2.522
192,5,259,851.5433179507247,9342.265792554557,8875.152502926858,8928.656271472122,0.99400763486481,53.50376854526599,0.09594689417110318,0.21052257413720618,0.9665248719431204,0.0,0.0,0.0,0.0,False,1558.4066158276996,2.571583122198085,1440,2023-03-16,0.11459159328159088,0.15545491252197385,2.573
193,5,214,106.97812330681032,7418.897017082618,7047.9521662284915,7135.498123759692,0.9877309255762129,87.54595753119975,0.015178610862232423,0.21155052776874622,0.9858654519143095,0.0,0.0,0.0,0.0,False,1266.3704320240104,1.6715964311951939,1440,2023-11-04,0.11401863531518291,0.14127915606143604,2.486
194,5,130,465.6879429790473,4798.346779116909,4558.429440161062,4569.83776708665,0.9975035597526559,11.408326925586781,0.10215973485872214,0.1775309238974311,0.9940424491577563,0.0,0.0,0.0,0.0,False,921.5346955668507,1.6917639736298251,1440,2023-09-22,0.113448542138607,0.1270995265151804,2.563
195,5,159,696.9252216767097,6209.534766587647,5899.058028258267,5933.531830529551,0.9941900029769946,34.4738022712857,0.11814178099931001,0.21617333085178767,0.988401481098545,0.0,0.0,0.0,0.0,False,1040.1296548631508,1.6281171739986107,1440,2023-10-25,0.11288129942791396,0.19172240520019757,2.491
196,5,166,188.90081933503473,5794.367383514836,5504.649014339097,5535.643599482066,0.9944009066721946,30.994585142968738,0.034316596542843275,0.20329928455511775,0.9889023447645562,0.0,0.0,0.0,0.0,False,1073.4349976228632,1.5808735181678089,1440,2023-10-10,0.11231689293077439,0.15759874630603746,2.417
197,5,138,421.6404599621094,4650.047761957969,4417.54537386007,4444.102255718875,0.9940242414934015,26.55688185880475,0.09544677513831129,0.19300403269716188,0.9603365835875272,0.0,0.0,0.0,0.0,False,901.4562305334707,3.310216156850678,1440,2023-08-13,0.11175530846612053,0.15845775681562732,2.568
198,5,210,984.5556424562066,7672.924903047342,7289.27865789492,7337.18078888555,0.9934713165221181,47.90213099062932,0.13506900869948874,0.22572164840055092,0.9836687234801441,0.0,0.0,0.0,0.0,False,1363.714959938084,1.7521793538045212,1440,2023-01-26,0.1111965319237899,0.18214431767594405,2.446
199,5,126,210.19476933802895,4910.2829628133095,4664.768814672664,4705.125542187106,0.9914228160008495,40.35672751444014,0.045060061428312974,0.213581560467008,0.9988555403517566,0.0,0.0,0.0,0.0,False,823.6090945601463,1.4846552578273293,1440,2023-01-04,0.11064054926417097,0.127828729396714,2.471
200,5,214,617.03002754954,7961.588158632737,7563.508750701088,7579.0394250891795,0.9979508386858789,15.530674388092002,0.081579865626829,0.1800421369636645,0.9611493653725584,0.0,0.0,0.0,0.0,False,1277.33981609488,3.1318030700107267,1440,2023-08-01,0.11008734651785011,0.11040537420377397,2.525
201,5,247,736.6165053284124,8769.44007304721,8330.968069394825,8349.05923259342,0.9978331494968955,18.091163198595204,0.08841907677386182,0.18547928493085294,0.9510008234516597,0.0,0.4166666666666667,4.700045307055958,0.0,False,1391.821363723861,3.80206355322275,1453,2023-06-11,0.10953690978526086,0.1712513149085944,2.562
202,5,224,369.8250783762026,7921.295374455422,7525.230605732613,7553.797054754432,0.9962182662818776,28.566449021817956,0.04914468376483707,0.18345678797440199,0.9870253475502728,0.0,0.0,0.0,0.0,False,1477.8168352204448,1.9711157492011357,1440,2023-10-20,0.10898922523633456,0.20869237769809357,2.545
203,5,202,43.0137995873167,7679.483087542077,7295.50893316498,7316.390189103629,0.9971459619567928,20.881255938648266,0.005895928574876846,0.13989299145909112,0.9842597029384879,0.0,0.0,0.0,0.0,False,1251.8822137218926,1.7731314220829288,1440,2023-12-23,0.10844427911015289,0.2439218818351649,2.675
204,5,168,592.2497977551619,6449.913608273269,6127.417927859585,6151.006368232645,0.9961651087706745,23.588440373061925,0.09665568837117745,0.17166458316577674,0.9764402153256735,0.0,0.0,0.0,0.0,False,1083.775224449475,2.5148252288190287,1440,2023-05-12,0.10790205771460211,0.37095118790555137,2.596
205,5,282,716.7157028089193,10150.48456638657,9642.960338067214,9681.106444878886,0.9960597368669725,38.14610681167237,0.07432527747517151,0.18948045729103768,0.9598153503199487,0.0,0.0,0.0,0.0,False,1794.2794787639518,2.758904903309416,1440,2023-08-12,0.10736254742602912,0.4040939018488633,2.7
206,5,178,640.5633026651927,6148.9550511263005,5841.507298569984,5858.216898774383,0.9971476644697307,16.70960020439749,0.10965719461174074,0.1805799147662287,0.97394120493472,0.0,0.0,0.0,0.0,False,1218.5167826020618,2.5832222752223672,1440,2023-09-08,0.10682573468889896,0.39193912706338685,2.42
207,5,271,1445.7211638038336,10097.99499221687,9593.095242606101,9614.580198969015,0.9977653775912944,21.484956362914073,0.15070434799634938,0.17277089711959298,0.9763573486901774,0.0,0.0,0.0,0.0,False,1649.45378316206,2.0458604788277572,1440,2023-01-20,0.10629160601545447,0.4027675050512741,2.521
208,5,200,669.6304792500989,7449.235789687845,7076.7740002034425,7134.003936170574,0.9919778659390743,57.2299359671318,0.09462369142081525,0.1956265153794982,0.9840698758878323,0.0,0.0,0.0,0.0,False,1201.7315072005722,1.799531387169242,1440,2023-11-10,0.1057601479853772,0.4299715014082028,2.496
209,5,189,615.3199059687518,6626.833993164206,6295.492293505975,6323.496083346385,0.995571470358911,28.003789840410114,0.0977397600190022,0.19568981863396193,0.9738857171483052,0.0,0.0,0.0,0.0,False,1307.8743500985142,2.1604100528472427,1440,2023-05-01,0.10523134724545032,0.4016710125529793,2.504
210,5,245,823.0270628154934,9226.517325459454,8765.191459186419,8829.360270704281,0.9927323373890662,64.16881151786077,0.09389721452723251,0.22511457342730123,0.9510001171204955,0.0,2.0833333333333335,38.767305495097006,0.0,False,1743.11701736031,3.432872412787122,1491,2023-07-25,0.10470519050922306,0.3791068633772823,2.399
211,5,296,807.4224406630894,10446.44408406357,9924.121879860395,10001.09625687423,0.9923034060430198,76.97437701383684,0.08135958530513812,0.22970935469676326,0.9668401551927293,0.0,0.0,0.0,0.0,False,1885.810887851987,2.4650971098640055,1440,2023-04-11,0.10418166455667695,0.29506535482001306,2.52
212,5,262,878.4122496237379,9303.02310622121,8837.871950910085,8882.634659828662,0.9949606495558109,44.762708918577914,0.09939182808971145,0.21382084824988207,0.9632785130334376,0.0,0.0,0.0,0.0,False,1701.5278664238385,2.500858131935415,1440,2023-09-29,0.10366075623389356,0.21623816144654315,2.433
213,5,227,513.0278701486069,7966.235172907145,7567.9234142617515,7632.0611034239755,0.9915962820143762,64.137689162224,0.06778978090367642,0.2491083878954016,0.9882191695748103,0.0,0.0,0.0,0.0,False,1223.5099577423102,1.6307602242022134,1440,2023-12-18,0.10314245245272409,0.18744007851841168,2.399
214,5,139,463.9782631548964,4745.16765760834,4507.909274727919,4578.87727643275,0.9845010037569474,70.96800170482955,0.10292537734866025,0.24486738975769642,0.9965778657101653,0.0,0.0,0.0,0.0,False,1008.2551386356354,1.4698963780636851,1440,2023-02-01,0.10262674019046046,0.08431360556099349,2.357
215,5,258,777.2672782355,9096.53710312563,8641.71024796935,8798.798218022359,0.9821466561500126,157.08797005300985,0.08994368660047868,0.26259291303723414,0.9665805673820673,0.0,0.0,0.0,0.0,False,1464.862033952791,2.561005586003118,1440,2023-10-05,0.10211360648950817,0.008899253610125502,2.575
216,5,262,1045.3875869348135,9189.519196661875,8730.043236828786,8786.483539454814,0.9935764629419052,56.440302626027886,0.11974598046945684,0.20080410499245177,0.9687180849651694,0.0,0.0,0.0,0.0,False,1179.1908462944461,2.823792618695057,1440,2023-06-16,0.10160303845706062,-0.0935580248174136,2.402
217,5,193,385.13756956970406,6821.037984872553,6479.986085628918,6615.411301887199,0.9795288289603931,135.42521625827993,0.05943493774220417,0.2555512497248466,0.9931154995140798,0.0,0.0,0.0,0.0,False,1151.8885092982382,1.5667920401036382,1440,2023-11-22,0.10109502326477533,-0.03962867511054624,2.481
218,5,185,582.3785209834904,6609.512360720643,6279.036742684566,6322.762195523435,0.9930844381795938,43.72545283886944,0.09274965967701883,0.21884250524771745,0.9536254632538543,0.0,0.0,0.0,0.0,False,1264.9453358454716,3.533087843488307,1440,2023-07-19,0.10058954814845145,-0.11970647624256336,2.548
219,5,155,148.0318164037389,5846.710059855995,5554.374556863212,5622.739062669582,0.9878414230067593,68.36450580637026,0.02665139249941737,0.21083345599132072,0.9719027632497467,0.0,0.0,0.0,0.0,False,943.0766804273906,2.7021478065221523,1440,2023-10-14,0.10008660040770918,-0.10395160456087874,2.493
220,5,297,891.4233791165124,10426.366362130599,9905.048044024103,9994.985033392884,0.9910017884900972,89.93698936878089,0.08999687585102875,0.22268708651218394,0.9546573307098187,0.0,0.0,0.0,0.0,False,2035.5696092196654,2.821933318507507,1440,2023-04-12,0.09958616740567064,-0.0742694716510243,2.515
221,5,151,439.10164733415553,5360.166099247715,5092.15779428536,5122.469062219438,0.9940826840404685,30.311267934076973,0.08623095848029973,0.23602706475360385,0.9901543709329794,0.0,0.0,0.0,0.0,False,1195.440619158109,1.786490228132889,1440,2023-12-13,0.09908823656864228,-0.07773610679464898,2.522
222,5,209,781.812572484959,7220.738308850323,6859.701393407812,6940.514231112696,0.988356361644989,80.81283770488317,0.11397180834085323,0.2409796548776334,0.9886640714442417,0.0,0.0,0.0,0.0,False,1257.8882646394372,1.7478191314747766,1440,2023-10-26,0.09859279538579907,-0.1116587202783528,2.51
223,5,152,377.75554350858647,5607.28513496298,5326.920878214808,5356.432266040289,0.9944904768025198,29.511387825480604,0.07091442732958,0.2145126344795476,0.9858885413058918,0.0,0.0,0.0,0.0,False,1202.7224756504934,1.7306878994380255,1440,2023-03-31,0.09809983140887008,-0.15174149208206247,2.361
224,5,262,30.102174937554462,9101.293963978054,8646.229265779111,8785.235727306426,0.9841772644648279,139.00646152731437,0.0034815379065526036,0.2126924699780678,0.9803252927332058,0.0,0.0,0.0,0.0,False,1460.480506261679,1.9894057179932287,1440,2023-12-23,0.09760933225182573,-0.1263058963732189,2.478
225,5,229,670.9217670207953,8593.042203454615,8163.390093281886,8225.37015922599,0.9924647687892096,61.98006594410323,0.08218666011966458,0.20724849109384857,0.9638129313764707,0.0,0.0,0.0,0.0,False,1686.2513536210658,3.055584380838159,1440,2023-05-15,0.0971212855905666,-0.10258768140179178,2.525
226,5,148,602.9854941509441,5021.085735366166,4770.031448597852,4809.440870280854,0.9918058205213571,39.40942168300084,0.1264112198522698,0.22701587136748588,0.9941305947940238,0.0,0.0,0.0,0.0,False,842.0214259434347,1.7745727256204515,1440,2023-04-03,0.09663567916261376,-0.07199878043406027,2.465
227,5,140,366.0368499839723,4763.969912548833,4525.771416921389,4584.716078286327,0.9871432253691552,58.94466136493885,0.0808783334958983,0.22282113597442224,0.9959663470463869,0.0,0.0,0.0,0.0,False,919.6458137268451,1.3025951699561633,1440,2023-04-09,0.0961525007668007,-0.09236668983025142,2.429
228,5,137,630.4138092530321,4793.153403988216,4553.495733788824,4658.304275824325,0.9775007093075829,104.80854203550133,0.13844611834707576,0.2306204630919067,0.9949986447252415,0.0,0.0,0.0,0.0,False,983.0894207379981,1.6339226760358907,1440,2023-03-05,0.09567173826296668,-0.10057365628118543,2.365
229,5,123,407.2785086983168,4272.912138154882,4059.266531247133,4093.7501935688156,0.9915765103655187,34.48366232168278,0.10033302951732714,0.22791659212922458,0.9575225108096399,0.0,0.0,0.0,0.0,False,669.1791402101517,3.363161952993047,1440,2023-09-02,0.09519337957165185,-0.12582877225499378,2.364
230,5,275,418.86083097241163,9517.80258448293,9041.912455258753,9220.648656339696,0.9806156586437059,178.73620108094403,0.046324362577609704,0.2631632089279525,0.9746393454306603,0.0,0.0,0.0,0.0,False,1641.604057687623,2.263327734487099,1440,2023-01-04,0.09471741267379359,-0.14148017852260103,2.459
231,5,270,903.4375396653517,9472.71246933171,8999.076845865071,9100.826044636256,0.988819784240228,101.74919877118543,0.10039224635363198,0.23496947804996313,0.9510010950046847,0.0,3.1944444444444446,165.17886433239218,0.0,False,2060.036313641748,3.6329836829958477,1508,2023-06-27,0.09424382561042462,-0.23470202094028586,2.438
232,5,188,672.2634654789537,6217.951405917868,5907.053835621966,6062.87769488101,0.9742986965759496,155.82385925904597,0.1138068966673248,0.2528110041321071,0.9541703108097546,0.0,0.0,0.0,0.0,False,1310.0925010340295,3.522681867843438,1440,2023-08-24,0.0937726064823725,-0.24900176084535525,2.352
233,5,137,478.4468153553887,4850.41898265855,4607.898033525623,4666.70757263132,0.9873980663689761,58.80953910569674,0.10383190163375135,0.23704217422071558,0.9782029526274441,0.0,0.0,0.0,0.0,False,710.9192037050386,2.2514742386919613,1440,2023-09-15,0.09330374344996065,-0.3023334603567329,2.474
234,5,170,580.8640808556502,5977.743835179148,5678.85664342017,5746.835478891372,0.988171083769338,67.97883547120185,0.10228539252327679,0.2265626356351593,0.9877371803414289,0.0,0.0,0.0,0.0,False,1112.4806771151498,1.764270767642401,1440,2023-09-22,0.09283722473271083,-0.31215950287180944,2.536
235,5,201,520.855143158914,6968.154786514918,6619.747047189221,6681.306630061071,0.9907862958130261,61.559582871849855,0.07868203111780106,0.22800859456349348,0.9896427415867093,0.0,0.0,0.0,0.0,False,1010.0352552166777,1.515477125601611,1440,2023-10-17,0.09237303860904728,-0.29829348377740483,2.685
236,5,217,805.5308867152885,7871.49405799877,7477.9193550988075,7528.269879836411,0.9933118066247251,50.35052473760342,0.10772125887744945,0.20463243948880255,0.9523620081059473,0.0,0.0,0.0,0.0,False,1373.3288654917103,3.5226882696981137,1440,2023-07-18,0.09191117341600205,-0.291782207872391,2.563
237,5,208,824.8211824790575,7028.615395859548,6677.184626066579,6785.258736716985,0.9840722196685608,108.07411065040596,0.12352828754488795,0.2566208297768403,0.9898533489724212,0.0,0.0,0.0,0.0,False,1033.051990432517,1.670926808939791,1440,2023-01-18,0.09145161754892205,-0.23537726795850006,2.641
238,5,231,833.7262696763739,8126.8573220950275,7720.514455990272,7810.017042106274,0.9885400267843891,89.50258611600235,0.10798843450509879,0.24915177466342225,0.9700999895015056,0.0,0.0,0.0,0.0,False,1369.9953951048728,2.6476908405899064,1440,2023-10-01,0.09099435946117741,-0.30745881614991233,2.641
239,5,232,834.8968131508336,8354.757799770316,7937.019909781779,8022.135113587268,0.9893899563395127,85.11520380549102,0.10519021278022576,0.2287637707982903,0.9728442048700832,0.0,0.0,0.0,0.0,False,1403.506687348346,2.4504765396331227,1440,2023-09-12,0.09053938766387153,-0.35114972218669355,2.618
240,5,233,223.51288874598723,8118.112159267763,7712.206551304374,7802.253262943657,0.9884588837859245,90.04671163928069,0.02898170416716656,0.24997513546475703,0.9931908751435585,0.0,0.0,0.0,0.0,False,988.7718427844128,1.6772980623628844,1440,2023-03-13,0.09008669072555218,-0.3426870270527428,2.542
241,5,211,788.6801344841978,7685.468952668631,7301.195505035204,7355.800708169645,0.9925765793146362,54.605203134439115,0.10802068427564931,0.22131201546939105,0.95166472080064,0.0,0.0,0.0,0.0,False,1459.443388494701,3.6364935947114505,1440,2023-08-28,0.08963625727192442,-0.3850806299850468,2.672
242,5,200,694.44931510976,6906.250747102268,6560.938209747123,6631.025976796297,0.9894303283844116,70.08776704917354,0.1058460380068914,0.23392576992440822,0.9790195730606297,0.0,0.0,0.0,0.0,False,1127.151914755762,2.271138821605313,1440,2023-09-12,0.08918807598556479,-0.3570022491145544,2.485
243,5,289,620.7752585614088,9940.978383548281,9443.929464370844,9489.635294554397,0.995183605189782,45.70583018355286,0.06573272925252253,0.21227001720511893,0.9816869177219297,0.0,0.0,0.0,0.0,False,1665.1949604632607,2.092551000598621,1440,2023-03-22,0.08874213560563697,-0.3639860927154187,2.508
244,5,268,910.1656635174268,9365.716464524425,8897.43064129823,8926.205345930386,0.9967763788175369,28.77470463215657,0.10229533673382184,0.1853748340200109,0.9732687240341364,0.0,0.0,0.0,0.0,False,1836.051210148446,2.371817092522651,1440,2023-04-24,0.08829842492760878,-0.3225440124739296,2.449
245,5,255,732.8838034191084,8471.661743094215,8048.078655939545,8057.12231614007,0.9988775570426169,9.043660200526649,0.09106320088934947,0.16261852014593128,0.9510478813639545,0.0,0.06944444444444445,0.23041269521916957,0.0,False,1444.1419631620788,3.5550961429964256,1442,2023-07-24,0.08785693280297073,-0.22948968697450123,2.465
246,5,129,488.9760326729055,4354.244302411207,4136.532087290637,4179.274934599657,0.9897726644028231,42.74284730902045,0.11820917192332892,0.22245531092620097,0.9983138931922932,0.0,0.0,0.0,0.0,False,723.0083403336507,1.2881462776559414,1440,2023-10-22,0.08741764813895588,-0.10311326205927993,2.356
247,5,223,392.1626254764743,7839.970731970422,7447.972195371885,7478.723440146729,0.9958881692817029,30.751244774844146,0.05265361029679478,0.1464271682228211,0.9510051757274004,0.0,4.375,185.98868393492216,0.0,False,1027.837582857081,3.761634940990164,1557,2023-08-07,0.08698055989826112,-0.1347758273900062,2.46
248,5,279,1017.8351987870508,9892.449207909047,9397.826747513573,9460.734755065776,0.9933506213649507,62.9080075522034,0.10830538018338594,0.21785907370255655,0.976779769357378,0.0,0.0,0.0,0.0,False,1629.2000050633314,2.091697828542733,1440,2023-12-05,0.08654565709876981,0.009834675881707411,2.553
249,5,231,843.7752519403329,8280.108157287154,7866.102749422753,7911.338059369701,0.9942822175455674,45.23530994694909,0.10726725531296329,0.20198035027288222,0.9868931510375019,0.0,0.0,0.0,0.0,False,1185.6421269263278,1.5852590790651528,1440,2023-02-16,0.08611292881327597,-0.032520067241467526,2.574
250,5,154,462.8231978732978,5135.3910458309965,4878.6214935394655,4894.425753412523,0.9967709674905094,15.804259873056676,0.09486761751986567,0.19018336918791612,0.9628004095329276,0.0,0.0,0.0,0.0,False,764.4367517237749,3.101212188113,1440,2023-05-24,0.08568236416920957,-0.03156968770836805,2.618
251,5,211,917.0927760118085,7558.900183840495,7180.955174648483,7215.481377876404,0.9952149826990362,34.52620322792019,0.12771180904310567,0.1914580228089196,0.9679515887875333,0.0,0.0,0.0,0.0,False,1341.5655380333792,2.804957549153499,1440,2023-06-15,0.08525395234836353,-0.004365194154358853,2.663
252,5,219,885.382069722168,7944.50845869516,7547.283035760387,7581.891056626292,0.9954354368049566,34.60802086590524,0.11731136430515038,0.19906893567760062,0.9725158349287757,0.0,0.0,0.0,0.0,False,1679.1106592838405,2.226339379698395,1440,2023-03-15,0.0848276825866217,0.015021261582194858,2.66
253,5,294,780.1412388203321,10155.006961877758,9647.25661378384,9657.715775918712,0.9989170149155816,10.45916213487073,0.080866641165705,0.15544375948065328,0.9510009415242431,0.0,1.0416666666666667,21.42687159014145,0.0,False,2050.0836260028386,3.2409868066371557,1472,2023-05-22,0.08440354417368859,0.013832971076459569,2.74
254,5,219,774.9363814331359,7862.351834664556,7469.234242931354,7480.832864243905,0.9984495548125412,11.598621312551831,0.10375044565867125,0.16007869548653345,0.9510252473577453,0.0,0.20833333333333334,1.7275474004275304,0.0,False,1230.989857565752,3.7366343667751916,1446,2023-08-26,0.08398152645282016,0.11108553833112282,2.605
255,5,161,323.0036551926144,5744.594785416789,5457.365046145963,5470.852356360439,0.9975346967280526,13.487310214475695,0.05918674167137167,0.18826170034288256,0.97592858823006,0.0,0.0,0.0,0.0,False,1159.3176174206815,2.495030708303414,1440,2023-10-03,0.08356161882055606,0.1806867981475904,2.456
256,5,139,475.0125340499888,5209.6376361998155,4949.155754389822,4954.615133742187,0.998898122416172,5.459379352364505,0.09597849767178177,0.16127300739824627,0.9977695453418337,0.0,0.0,0.0,0.0,False,802.9197877519097,1.4221025416627278,1440,2023-04-30,0.08314381072645327,0.17495211029965224,2.387
257,5,244,688.8893166232733,9154.990967998783,8697.241419598842,8707.769638012094,0.9987909397181004,10.52821841325298,0.07920779513730551,0.1464046498627639,0.9736789457595839,0.0,0.0,0.0,0.0,False,1697.8383913884463,2.131348279318211,1440,2023-04-09,0.082728091672821,0.23167583412958928,2.549
258,5,298,41.49263738314023,11049.069876108897,10496.616382303444,10545.760989118287,0.9953398709808089,49.144606814843044,0.003952953587319233,0.16009783194412322,0.9747509240785945,0.0,0.0,0.0,0.0,False,1694.3675227856502,2.189916071958457,1440,2023-12-23,0.0823144512144569,0.3124449672784619,2.58
259,5,220,935.9864297779677,8014.759834876234,7614.021843132422,7672.482263617225,0.9923805075754921,58.46042048480183,0.12292930714694421,0.2125696067014986,0.9781478332811856,0.0,0.0,0.0,0.0,False,1581.7009214291343,2.158003597755627,1440,2023-04-03,0.0819028789583846,0.34893038162136336,2.588
260,5,137,598.0585733280135,5055.591631952997,4802.812050355327,4822.472813062281,0.9959230951694119,19.660762706953143,0.12452258532243984,0.19357640987516575,0.9954116218449071,0.0,0.0,0.0,0.0,False,981.0874647960384,1.4077453233713197,1440,2023-04-08,0.0814933645635927,0.26205232829438374,2.481
261,5,127,506.51451398312213,4400.625308708387,4180.594043272971,4202.672615520537,0.9947465400550047,22.078572247565663,0.12115850253342796,0.1874373822397744,0.9897127999401305,0.0,0.0,0.0,0.0,False,733.4712477839473,1.7986416948249824,1440,2023-06-19,0.08108589774077472,0.23465609815697402,2.482
262,5,261,693.32106746455,9898.833714253968,9403.892028541262,9417.904492462745,0.9985121463131531,14.012463921480514,0.07372703401530849,0.18252484778241335,0.9510013013613369,0.0,0.3472222222222222,2.6476622999728407,0.0,False,1378.938243488375,3.487635043815204,1452,2023-08-08,0.08068046825207086,0.22687310573291852,2.617
263,5,173,547.5086970988501,6137.504538416352,5830.629311495516,5869.7079116723735,0.9933423262682038,39.078600176857734,0.09390216181628908,0.19082447160305505,0.9904757077243114,0.0,0.0,0.0,0.0,False,1077.0394942210369,1.5550051027753247,1440,2023-11-10,0.0802770659108105,0.23232804521074774,2.516
264,5,207,225.36964915300854,7037.8949240563725,6686.000177853541,6717.62906295348,0.9952916594823066,31.62888509994005,0.03370769416063054,0.19704185199485325,0.9938321859989655,0.0,0.0,0.0,0.0,False,1240.5117289791053,1.6250577706910574,1440,2023-11-02,0.07987568058125645,0.21889160080744666,2.532
265,5,287,1351.6836666142253,9868.952361765078,9375.504743676825,9417.518420295035,0.995538774150134,42.013676618210084,0.1441718289914843,0.16876012481152472,0.9694090014080952,0.0,0.0,0.0,0.0,False,1914.4134799552398,2.3958000426301007,1440,2023-01-27,0.07947630217835017,0.1946121158231071,2.576
266,5,165,668.56369947202,5482.847081801319,5208.70472771128,5278.204983243901,0.9868325963555309,69.50025553262043,0.1283550775906218,0.21287285912186682,0.9971820282193845,0.0,0.0,0.0,0.0,False,833.8467311139841,1.383408066182217,1440,2023-11-29,0.0790789206674584,0.23897032139838198,2.473
267,5,262,909.2990280549211,10000.418302726364,9500.397387590052,9542.917644624566,0.9955443126915734,42.52025703451521,0.0957116835178598,0.19779525098856504,0.9599831165482345,0.0,0.0,0.0,0.0,False,1864.1707871556282,2.8591865846036306,1440,2023-09-28,0.07868352606412113,0.17676522741975592,2.62
268,5,135,161.11624390024645,4702.060517338463,4466.957491471548,4485.471273153817,0.9958725002224234,18.51378168226877,0.03606845245513406,0.14583359711579938,0.9638131642394248,0.0,0.0,0.0,0.0,False,652.2646657139477,3.1255586050030386,1440,2023-07-22,0.0782901084338005,0.16028212758069071,2.612
269,5,122,537.2024258442103,4484.585093596471,4260.355838916662,4290.515237794258,0.9929706813270518,30.159398877594832,0.1260933232236329,0.2081421350385688,0.9913754271894778,0.0,0.0,0.0,0.0,False,940.1370714602579,1.459656474501988,1440,2023-11-29,0.0778986578916315,0.26411960637373305,2.574
270,5,126,490.4696238734943,4570.058513643983,4341.555587961787,4357.296762646256,0.9963873989902609,15.741174684469376,0.1129709418516862,0.18401308553408566,1.0004981448894312,0.0,0.0,0.0,0.0,False,795.0808846171843,1.3010106251062212,1440,2023-03-06,0.07750916460217336,0.20970369922614576,2.444
271,5,173,584.7997162839861,6210.010104850577,5899.50959960806,5918.636949740883,0.9967682846075462,19.127350132823988,0.09912683527506047,0.18712454198235506,0.9830705799501138,0.0,0.0,0.0,0.0,False,1223.7511554537784,1.9922581065752023,1440,2023-11-12,0.07712161877916247,0.22005422814123454,2.544
272,5,207,392.1237023669607,7421.001160652131,7049.951102619527,7071.421702441345,0.9969637506112236,21.47059982181826,0.055620769088917596,0.17802315675830127,0.9675331409529944,0.0,0.0,0.0,0.0,False,1533.5053221814742,2.7126430935317765,1440,2023-10-03,0.07673601068526667,0.22213321998799515,2.494
273,5,121,370.28349781779025,4598.9744557125,4369.025732926878,4375.926829301599,0.9984229406377385,6.901096374720972,0.08475196083812754,0.17350064072840818,1.0007858692578266,0.0,0.0,0.0,0.0,False,795.1878727583457,1.2614250670787124,1440,2023-11-27,0.07635233063184034,0.2449183031204069,2.472
274,5,230,912.8466346884777,8654.523288593155,8221.797124163542,8238.257381861687,0.9980019733621839,16.4602576981453,0.11102762825485646,0.16931322225409465,0.9715522978190346,0.0,0.0,0.0,0.0,False,1443.4928938313362,2.158279061817816,1440,2023-04-28,0.07597056897868114,0.2744208728556807,2.612
275,5,269,1357.8304673800585,8945.55830935426,8498.28039388659,8549.362938506398,0.9940249881789752,51.08254461980644,0.15977708482728356,0.20933810569737593,0.9656373371778668,0.0,0.0,0.0,0.0,False,1947.4814805971625,2.4643460210688084,1440,2023-01-24,0.07559071613378773,0.30876958817468475,2.553
276,5,211,607.4204624361239,7416.68627984868,7045.851965856262,7061.69108907208,0.997757035387695,15.839123215818232,0.08620965432990131,0.16183127173764528,0.9510110857892248,0.0,0.1388888888888889,1.2876788180586476,0.0,False,1412.7161560409056,3.3053846080385103,1444,2023-07-26,0.07521276255311879,0.2477269115698004,2.671
277,5,139,654.7979567283813,4916.811235351705,4670.97067358411,4693.585040193946,0.9951818564239966,22.614366609834555,0.14018455744787292,0.17815703870646699,0.9938532580461891,0.0,0.0,0.0,0.0,False,992.585805157393,1.4927408355110003,1440,2023-02-08,0.0748366987403532,0.3053162414104181,2.465
278,5,269,909.3159504409973,9261.061050244856,8798.00799773265,8815.559993990435,0.9980089754627328,17.551996257787415,0.10335475378919169,0.14458898976982143,0.9618098305997886,0.0,0.0,0.0,0.0,False,1886.1579574541192,2.698477567996547,1440,2023-09-09,0.07446251524665143,0.3165631660161811,2.471
279,5,130,77.08381946613041,4358.977364271129,4141.02849605759,4145.877522563867,0.998830398032772,4.849026506276104,0.018614655644006557,0.1808763349586721,0.9942710057704837,0.0,0.0,0.0,0.0,False,864.584809143684,1.467649244017003,1440,2023-11-13,0.07409020267041817,0.4021809638729208,2.538
280,5,212,795.871039171275,7778.912711593276,7389.967076013633,7409.127833140792,0.9974138984292519,19.1607571271597,0.10769615493342515,0.16299590457280405,0.9536542663534167,0.0,0.0,0.0,0.0,False,1631.1549963382965,3.576698590813947,1440,2023-08-29,0.07371975165706608,0.39179922599490735,2.64
281,5,297,673.1161208035891,10590.337171827414,10060.820313236005,10093.029943710042,0.9968087253625845,32.209630474037795,0.06690469562586643,0.17528417657239603,0.9709115560111605,0.0,0.0,0.0,0.0,False,1918.9910522679359,2.337896444959368,1440,2023-03-22,0.07335115289878076,0.42468098731276616,2.653
282,5,185,67.0006235759948,6328.300760266986,6011.885722253619,6017.150382033247,0.9991250576360284,5.264659779628851,0.011144693474126601,0.1620361452366307,0.9927117938732763,0.0,0.0,0.0,0.0,False,1076.400619827887,1.4671723496833786,1440,2023-12-22,0.07298439713428685,0.425187989139331,2.599
283,5,200,704.0034685257766,7135.737005766516,6778.95015547816,6787.192531229981,0.9987855986530668,8.242375751820639,0.1038514006415672,0.17142110801550806,0.9510022648936796,0.0,2.361111111111111,63.11435582514739,0.0,False,1036.301969913029,3.8166219165761355,1552,2023-08-26,0.07261947514861541,0.4566374522774351,2.564
284,5,165,520.766823198303,6278.429196423162,5964.507736601969,6000.704267744358,0.9939679528389764,36.196531142389006,0.08731094772541755,0.2115524417588496,0.9853962729393239,0.0,0.0,0.0,0.0,False,1137.8381339437083,1.7078356801285692,1440,2023-12-13,0.07225637777287233,0.4625790492736127,2.531
285,5,177,649.3897007501369,6284.110713162682,5969.905177504549,5989.223528199267,0.9967744815995327,19.318350694717708,0.1087772219895769,0.17965997832276007,0.9748575971232053,0.0,0.0,0.0,0.0,False,1061.1735998136262,2.5486242030403257,1440,2023-05-10,0.07189509588400797,0.378465770547261,2.565
286,5,163,608.1427934361722,5850.579934048336,5558.050937345893,5570.111264942236,0.9978348138802452,12.06032759634249,0.1094165563237129,0.1969568112947692,0.9844100559754702,0.0,0.0,0.0,0.0,False,1180.196935638703,1.6425034478768676,1440,2023-11-16,0.07153562040458793,0.3823555682094386,2.542
287,5,128,488.96619637475425,4449.775643690174,4227.286861505652,4248.95754531397,0.9948997645711435,21.67068380831706,0.11566903604942412,0.21746673773839745,0.9858328800660082,0.0,0.0,0.0,0.0,False,694.7365859026556,1.924976332370969,1440,2023-03-10,0.071177942302565,0.3475665332360221,2.515
288,5,253,907.8700431907599,9678.4739510473,9194.55025349488,9264.983656576394,0.9923978923555337,70.43340308151593,0.09874001644024683,0.22911418575326828,0.9779955164384192,0.0,0.0,0.0,0.0,False,1381.3360541655748,1.9330510052707963,1440,2023-11-12,0.07082205259105216,0.2737401301943869,2.765
289,5,190,40.321597321215265,6967.876189769485,6619.482380281006,6650.837214882404,0.9952855808090993,31.354834601397688,0.006091352012859887,0.1643311680590803,0.9777087990891824,0.0,0.0,0.0,0.0,False,1519.4270051398812,1.963316850447244,1440,2023-12-27,0.0704679423280969,0.18759891284069952,2.626
290,5,300,968.7007623221194,10641.690402361935,10109.605882243839,10136.347190190543,0.9973618397786747,26.741307946704563,0.09581983448271825,0.18065794557827158,0.9605679306355756,0.0,0.0,0.0,0.0,False,2046.1249482672852,2.708599244913859,1440,2023-05-01,0.07011560261645643,0.2629920194820091,2.654
291,5,186,731.1960550323212,6420.19997532443,6099.189976558219,6124.933286867454,0.9957969647825502,25.743310309234598,0.11988412524328944,0.18090814392074991,0.964359754410079,0.0,0.0,0.0,0.0,False,1311.552419184728,2.45837603689717,1440,2023-06-19,0.06976502460337414,0.2883546969739224,2.524
292,5,261,289.0827229386328,9207.391164691115,8747.02160645651,8808.320304987144,0.9930408186341807,61.298698530631576,0.03304927504983523,0.20644222976959686,0.9565338196285289,0.0,0.0,0.0,0.0,False,1466.6001694398228,3.319990759433482,1440,2023-07-14,0.06941619948035727,0.3090489954179632,2.624
293,5,214,677.503654242187,7902.378001269845,7507.259101206355,7517.080996238109,0.9986933897563869,9.821895031753773,0.0902464727950202,0.16643995246155796,0.9510034366929783,0.0,1.0416666666666667,18.480801326866693,0.0,False,1569.5268191694938,3.6298103548125593,1479,2023-07-13,0.06906911848295548,0.2691073338172527,2.665
294,5,233,768.0056683615489,8187.3022946866895,7777.937179952347,7803.105141867363,0.9967746222231483,25.167961915015418,0.09874156226680328,0.19451549925718017,0.9655692648087607,0.0,0.0,0.0,0.0,False,1391.4908197537995,3.0174692607643343,1440,2023-08-14,0.0687237728905407,0.32683701699129203,2.649
295,5,121,421.32950589946734,4088.5104652959,3884.084942031098,3915.05592059889,0.9920892627855352,30.970978567792546,0.10847587325913172,0.2183625502608927,0.954373428359795,0.0,0.0,0.0,0.0,False,739.9726055644453,3.523610380841455,1440,2023-08-28,0.068380154026088,0.3115287856172956,2.48
296,5,277,834.4616152249027,9645.948598983692,9163.65116903453,9202.237293777893,0.99580687570734,38.58612474336119,0.09106213231301126,0.1660995743372532,0.951002155279233,0.0,3.3333333333333335,88.50209270527557,0.0,False,1795.752409128725,3.2602665279757788,1507,2023-07-24,0.06803825325595757,0.24590056079688621,2.661
297,5,146,18.05213133714262,5344.144408663291,5076.937188230151,5085.8667083172295,0.9982442481096732,8.929520087078146,0.0035557129560304236,0.1846080359175366,0.9711140544758152,0.0,0.0,0.0,0.0,False,1008.1681350358824,2.7766717528442224,1440,2023-10-13,0.06769806198967777,0.310071549255703,2.684
298,5,293,994.0739539836077,10688.405583193718,10153.985304034008,10221.913298792457,0.9933546692509636,67.9279947584511,0.09789988110271135,0.20441964532025608,0.9664283042528808,0.0,0.0,0.0,0.0,False,1689.7052230930803,2.2729106805539026,1440,2023-12-04,0.06735957167972938,0.32145932275025607,2.635
299,5,157,730.9031879141813,5669.630021799258,5386.148520709279,5447.283084984139,0.9887770539329263,61.13456427486119,0.13570052610022193,0.18965819912554963,0.9971576273264996,0.0,0.0,0.0,0.0,False,948.6988828166687,1.4145456326616914,1440,2023-03-02,0.06702277382133073,0.2867630185939029,2.68
300,5,258,953.4390302955409,8931.543968631191,8484.966770199633,8523.899681487796,0.9954325000594837,38.93291128816316,0.11236803350181046,0.20989769319689672,0.9801148409276619,0.0,0.0,0.0,0.0,False,1624.800751678341,2.143153914087553,1440,2023-03-06,0.06668765995222407,0.2919982469408971,2.675
301,5,199,657.4321635760417,7074.548042278365,6720.820640164462,6761.139032032487,0.9940367456316151,40.31839186802598,0.0978202214841362,0.1683239138179763,0.9729326159807851,0.0,0.0,0.0,0.0,False,1417.5207650648113,2.4947239419584215,1440,2023-05-12,0.06635422165246296,0.25116465800168397,2.714
302,5,259,46.15737901602644,8932.184241105637,8485.575029050377,8541.047835099742,0.9935051521639537,55.47280604936435,0.005439511035846905,0.20399646006048208,0.9730038011439464,0.0,0.0,0.0,0.0,False,1562.1768138935759,2.189164346879258,1440,2023-12-28,0.06602245054420065,0.3115439057930396,2.732
303,5,174,729.8448499378165,5789.416180020013,5499.945371019007,5573.277743128359,0.9868421464909464,73.33237210935266,0.1327003816771718,0.23886938690762372,0.9863365942569535,0.0,0.0,0.0,0.0,False,995.58989106421,2.0532333616356304,1440,2023-09-11,0.06569233829147963,0.2811678792895873,2.555
304,5,166,415.29736616882553,5842.081490547347,5549.97741601997,5606.788729200987,0.9898674061169569,56.81131318101694,0.07482865875635325,0.19575100349481805,0.9522193000712321,0.0,0.0,0.0,0.0,False,686.9510822874997,3.4577046465142325,1440,2023-05-26,0.06536387660002224,0.17820314967773265,2.498
305,5,231,708.9700243950709,8302.09004885185,7886.985546409258,7955.44588786018,0.9913945311908424,68.4603414509223,0.08989112763340194,0.2109529105469747,0.9584657182875144,0.0,0.0,0.0,0.0,False,1296.6863979529985,3.401473604666733,1440,2023-07-13,0.06503705721702213,0.19090425932168048,2.532
306,5,120,401.37580145612395,4006.9649448039136,3806.616697563707,3880.2952117700834,0.9810121369160554,73.67851420637591,0.10544161215732874,0.22065964528787538,0.9978659998302225,0.0,0.0,0.0,0.0,False,682.0191854174675,1.257919939715243,1440,2023-11-26,0.06471187193093703,0.1670733059947454,2.45
307,5,171,468.8454877959539,6472.168649401393,6148.560216931332,6184.873584628992,0.9941286806915653,36.31336769765949,0.0762528903116035,0.22397839105709444,0.987350465403813,0.0,0.0,0.0,0.0,False,1205.8021108705716,1.6960546369331366,1440,2023-11-19,0.06438831257128233,0.12562074463882208,2.587
308,5,242,231.81016532063578,8198.864208463518,7788.920998040303,8097.7484404731695,0.9618625541774892,308.82744243286584,0.02976152478359446,0.23751603175599934,0.9766885166366389,0.0,0.0,0.0,0.0,False,1664.906407785895,2.2443092549489267,1440,2023-01-11,0.06406637100842592,0.08395853530894676,2.535
309,5,284,866.011735721066,10048.35317486521,9545.935516121986,9678.6019841187,0.9862928067282442,132.66646799671543,0.09072046781150699,0.21693352129346377,0.9568446950369209,0.0,0.0,0.0,0.0,False,1679.4471294600899,3.2461709130679326,1440,2023-08-09,0.0637460391533838,0.018970156719655795,2.534
310,5,204,754.313807694248,6910.3289997330985,6564.81254974646,6680.775218185916,0.9826423334639682,115.96266843945646,0.11490256606388258,0.21628047937884395,0.9766126481218952,0.0,0.0,0.0,0.0,False,1437.7667856226208,1.9400234519880915,1440,2023-11-30,0.06342730895761688,0.011414300801128041,2.552
311,5,294,1309.7280368939844,10125.290336105209,9619.025819299986,9826.869548252187,0.9788494466186164,207.84372895220008,0.13616015400084439,0.21027617881958546,0.96160766105691,0.0,0.0,0.0,0.0,False,2147.4406642686736,2.804758166141503,1440,2023-02-21,0.06311017241282879,0.0059922843095272516,2.625
312,5,172,532.8856499684181,5610.773443241085,5330.234771079022,5430.865614103635,0.9814705702230448,100.63084302461371,0.09997414238858073,0.19879402641002591,0.9625312989977194,0.0,0.0,0.0,0.0,False,1374.0014020540557,3.1654353449850947,1440,2023-07-06,0.06279462155076464,0.014350323405636023,2.58
313,5,130,543.5034617740359,4809.8550610828215,4569.362308028683,4676.501048114351,0.9770899783869678,107.13874008566665,0.11894514488795582,0.21933183323528618,0.9997764559070628,0.0,0.0,0.0,0.0,False,784.4326579258874,1.2631054434524855,1440,2023-03-15,0.06248064844301082,0.04635778866305275,2.49
314,5,243,1008.4663146204769,8971.111261922151,8522.555698825989,8611.296773706872,0.989694807040928,88.741074880881,0.11832909637180741,0.2155576734164923,0.9753003442151322,0.0,0.0,0.0,0.0,False,1674.506335526003,2.1914222921437094,1440,2023-11-30,0.062168245200795766,0.02581399419164923,2.546
315,5,157,707.7154814650122,5603.933709067089,5323.737023613759,5449.240797471639,0.9769685762618324,125.50377385787876,0.13293584531427777,0.20978331422367472,0.9937241207094059,0.0,0.0,0.0,0.0,False,1002.3865582654439,1.4006527431296676,1440,2023-01-26,0.06185740397479179,0.016904226545048362,2.437
316,5,296,841.4922952044437,10277.535269217293,9763.658505756459,9793.03014462594,0.9970007609048769,29.371638869480137,0.08618616625195531,0.14602506036948615,0.9510104511653787,0.0,0.9027777777777778,3.801951340831433,0.0,False,2228.2014609737757,3.0560796306155575,1466,2023-09-30,0.06154811695491783,0.021990836940782577,2.523
317,5,221,597.8888420738357,7291.07761250504,6926.5237318797645,6967.99933976373,0.9940477020932996,41.47560788396554,0.08631874591319372,0.15964860225624233,0.9729298882524426,0.0,0.0,0.0,0.0,False,1424.9276344398177,2.355413169313583,1440,2023-09-30,0.06124037637014324,0.16902703071811054,2.564
318,5,294,1136.0726085138617,10612.482369169948,10081.858250711455,10157.610784560442,0.9925422881959476,75.75253384898579,0.11268484244297836,0.232511111351919,0.9743828016734303,0.0,0.0,0.0,0.0,False,1826.9952995770839,2.335001786144703,1440,2023-03-09,0.060934174488292525,0.25870176347629714,2.575
319,5,259,309.60686817474704,9675.188589540418,9191.429160063335,9245.980316211031,0.9941000138133486,54.55115614769802,0.03368430118789205,0.17493318531388075,0.9711241888163259,0.0,0.0,0.0,0.0,False,1607.6019159310881,2.2515304442584303,1440,2023-01-14,0.060629503615851066,0.16851847410476187,2.634
320,5,244,903.2477423481979,8252.176972270423,7839.568123656922,7997.061953908804,0.9803060384976883,157.4938302518822,0.11521651806590337,0.18827585781351924,0.991491705465126,0.0,0.0,0.0,0.0,False,1342.7797394125841,1.8614628637240391,1440,2023-03-15,0.06032635609777181,0.22429662062552375,2.676
321,5,131,470.9664919463731,4561.833251439538,4333.741588867516,4354.6659838724545,0.9951949483422076,20.92439500493913,0.10867433654931997,0.18451723455420527,1.0010128432874514,0.0,0.0,0.0,0.0,False,723.8123619819894,1.3063731686945217,1440,2023-02-18,0.060024724317282944,0.24015146545225258,2.51
322,5,271,1011.5141561742702,9667.913705988443,9184.518020689073,9221.02050888784,0.9960413830374216,36.50248819876257,0.11013252452613521,0.20696829733604274,0.9554119805475249,0.0,0.0,0.0,0.0,False,2189.6880749157945,2.763699680638184,1440,2023-10-26,0.05972460069569653,0.26187845075641614,2.582
323,5,153,381.7958155226398,5020.843196043619,4769.801036241457,4789.776507061798,0.995829560984549,19.97547082034061,0.0800443902422165,0.15958384084448185,0.9510002671801259,0.0,2.0833333333333335,58.044842067352484,0.0,False,1299.5823468778267,3.518710018579832,1539,2023-10-07,0.05942597769221805,0.2295192860129024,2.53
324,5,135,108.96726704359804,5182.517703893864,4923.391818699172,4965.74323144837,0.9914712842015302,42.35141274919795,0.02213256044943193,0.1594653135477978,0.9895965254797969,0.0,0.0,0.0,0.0,False,1022.7891336727637,1.596571059914721,1440,2023-12-20,0.059128847803756955,0.3098985664573013,2.493
325,5,202,617.5615708819427,7333.9610911017335,6967.263036546592,6998.461020478255,0.9955421650788118,31.197983931663128,0.08863761388690795,0.15909726793985854,0.9556152405686416,0.0,0.0,0.0,0.0,False,1587.5239887237549,3.2121848921526337,1440,2023-08-09,0.058833203564738173,0.3764894851881354,2.558
326,5,139,554.6757440462856,5411.654692150132,5141.071957542618,5198.683304065749,0.9889180888402888,57.611346523131594,0.10789106797707906,0.18778779494409728,0.9884786639703981,0.0,0.0,0.0,0.0,False,1014.6825629722152,1.5681982025460697,1440,2023-11-16,0.05853903754691448,0.43261705711327614,2.568
327,5,241,633.226540187331,8332.728260008133,7916.0918470076995,8015.260838820175,0.9876274779066238,99.1689918124752,0.079992318485629,0.1904844795650819,0.9603154713542237,0.0,0.0,0.0,0.0,False,1676.5421149684034,2.746310800309258,1440,2023-05-23,0.05824634235917991,0.41501056549685866,2.592
328,5,297,577.1728749866644,10417.667643435281,9896.784261263521,10006.239251153413,0.9890613259244951,109.45498988989172,0.058319233778364364,0.13488787223215207,0.9639305585768568,0.0,0.0,0.0,0.0,False,1421.3629943915796,3.114287133297977,1440,2023-08-07,0.057955110647384005,0.3954684420593044,2.606
329,5,283,897.4026236149718,10003.19554369197,9503.035766507364,9564.900825458797,0.9935320752321062,61.86505895143438,0.09443325750470082,0.1723880360171894,0.9626396732822391,0.0,0.0,0.0,0.0,False,1987.0360336762376,2.6283603775805897,1440,2023-12-11,0.05766533509414709,0.505402885830099,2.68
330,5,287,667.390282980207,9876.239799198478,9382.42780923853,9445.932780010517,0.9932770037379076,63.504970771985896,0.07113193904066625,0.14956091499364071,0.9540807033316802,0.0,0.0,0.0,0.0,False,1957.9507878876962,3.0842656746182895,1440,2023-08-12,0.05737700841867635,0.5122306787187931,2.688
331,5,276,1326.1628887649038,9920.884096773018,9424.839891934345,9469.982485897417,0.9952330858023974,45.14259396307254,0.1407093281128114,0.189353447084641,0.9688235430468639,0.0,0.0,0.0,0.0,False,1880.8034610247855,2.5273798008303383,1440,2023-02-22,0.05709012337658297,0.5704345335318735,2.56
332,5,164,562.7296706898211,5865.320690165022,5572.054655656775,5593.026201996834,0.9962504115692196,20.971546340058808,0.1009914125875516,0.20173519816331886,0.9732367868609818,0.0,0.0,0.0,0.0,False,1027.859064882703,2.645187931552024,1440,2023-10-01,0.05680467275970005,0.5299863744279052,2.49
333,5,263,540.1064523874849,9684.405534351741,9200.185257634106,9203.989349955209,0.9995866909253734,3.804092321101903,0.0587060409396992,0.17444738538949434,0.9510000109714499,0.0,1.0416666666666667,16.14993329344617,0.0,False,1860.2611280972174,3.1752040830908275,1464,2023-01-01,0.056520649395901554,0.4703012348634732,2.568
334,5,165,524.9855235847357,6071.296362329788,5767.731544213286,5822.270200633238,0.9906327507071003,54.53865641995246,0.09102114402523624,0.1898700745678318,0.9839541242602244,0.0,0.0,0.0,0.0,False,1012.6342618107333,2.096982962140131,1440,2023-09-28,0.05623804614892205,0.4838639420448669,2.784
335,5,129,125.91115073555707,4694.050185871573,4459.3476765780015,4497.827309842776,0.9914448397828507,38.47963326477482,0.028235329439972784,0.19403042533094678,0.9950721415509922,0.0,0.0,0.0,0.0,False,975.8763783153984,1.5429322244558272,1440,2023-10-10,0.05595685591817744,0.4612906878692478,2.56
336,5,259,1227.0720299541854,9575.43863871202,9096.66670677639,9128.487582112099,0.9965141130938203,31.820875335709204,0.1348924907889723,0.18582337900893403,0.9764190373434716,0.0,0.0,0.0,0.0,False,1867.9788058272268,2.37139561052076,1440,2023-03-02,0.05567707163858655,0.43437779158335227,2.53
337,5,296,672.252926502161,11019.765893090896,10468.77759843639,10487.621782870363,0.9982031975576435,18.84418443397339,0.06421503563153048,0.14939594791884522,0.951009970542988,0.0,0.06944444444444445,0.17108812311189822,0.0,False,1664.1266886391131,3.3505685846068074,1442,2023-08-07,0.05539868628039362,0.4316118075126172,2.535
338,5,266,789.8254276152544,10027.02012476269,9525.669118524562,9614.83154956196,0.9907265737753397,89.16243103739856,0.08291548003481261,0.20454991673268613,0.9513993897362055,0.0,0.0,0.0,0.0,False,1783.4803879441993,3.4921992170631038,1440,2023-10-07,0.05512169284899165,0.5120695712582822,2.512
339,5,231,753.850314930151,8495.805564849088,8071.015286606675,8132.998688860233,0.9923787763130397,61.983402253558225,0.09340216666187172,0.1577894246018618,0.9711327788355079,0.0,0.0,0.0,0.0,False,1463.2144336158199,2.5584648883583316,1440,2023-05-06,0.05484608438474669,0.45486955502772997,2.513
340,5,293,300.3347982563916,10323.39969954216,9807.22971456502,9834.390798773995,0.9972381528490446,27.161084208973215,0.030623816000797364,0.14325070303191895,0.9648544869630068,0.0,0.0,0.0,0.0,False,1834.499804289362,2.3534577480261647,1440,2023-11-05,0.05457185396282296,0.5140931535010086,2.698
341,5,135,732.4031912395311,4923.231853767734,4677.070261079374,4828.896243953792,0.9685588641370132,151.82598287441743,0.156594438474505,0.21061821891418386,0.9927524291563521,0.0,0.0,0.0,0.0,False,878.4254195548231,1.435097711945551,1440,2023-01-19,0.05429899469300884,0.5962946845819098,2.667
342,5,139,151.0952688072824,5029.321773181204,4777.855684522117,4822.300302421338,0.9907835233992159,44.44461789921981,0.03162407548155046,0.12240252578950732,0.9878561836210268,0.0,0.0,0.0,0.0,False,829.1827114803564,1.9041238088966899,1440,2023-05-20,0.05402749971954379,0.5133164635599388,2.564
343,5,166,369.758019965016,5919.998259958181,5623.998346960297,5628.057471396487,0.9992787699029692,4.05912443619121,0.06574646668679512,0.17921963220054912,0.9556259302718193,0.0,0.0,0.0,0.0,False,1014.9086180977731,3.273989051947626,1440,2023-05-29,0.053757362220946084,0.6448882853271749,2.661
344,5,132,620.817759060164,5142.5606983634925,4885.432663445296,4908.375488761616,0.9953257803179789,22.94282531632073,0.12707528725252187,0.1899829669763301,0.9687863595587274,0.0,0.0,0.0,0.0,False,1006.2035266208779,2.8610408708804074,1440,2023-06-21,0.053488575409841345,0.6261871270266446,2.515
345,5,232,260.8949242121777,8202.902920874552,7792.7577748308395,7816.962132109985,0.9969036107799831,24.204357279147107,0.033479152278391086,0.1516060210823839,0.974312028468282,0.0,0.0,0.0,0.0,False,1724.0371043775783,2.4521391945471476,1440,2023-12-10,0.05322113253279214,0.5880477155306856,2.696
346,5,127,130.2744834639293,4539.494423571325,4312.519702392764,4324.838211166242,0.9971516833296392,12.318508773478353,0.030208437863286197,0.1409704373687048,0.9949192303470442,0.0,0.0,0.0,0.0,False,858.5229501759641,1.5184350243187952,1440,2023-10-21,0.05295502687012817,0.6443851662464808,2.703
347,5,189,418.1201194803142,6381.729199228423,6062.642739267019,6075.520588140185,0.9978803711243602,12.877848873165291,0.06896664333726936,0.16313675873340433,0.9820225160340003,0.0,0.0,0.0,0.0,False,1518.1151632384547,2.065630890221524,1440,2023-03-31,0.05269025173577754,0.7158048891207758,2.595
348,5,212,1017.9194430511583,8091.010697910083,7686.460163014595,7722.072779649752,0.995388204999957,35.612616635157536,0.1324301982268955,0.17635959061939657,0.9762599236979376,0.0,0.0,0.0,0.0,False,1358.0367195133636,2.2715010578663892,1440,2023-01-17,0.05242680047709865,0.7260179224812024,2.647
349,5,200,293.8405890942584,6831.090667570568,6489.536134192077,6499.546108986295,0.9984598963333181,10.009974794217332,0.04527913598416853,0.14071971936993444,0.9767474526404408,0.0,0.0,0.0,0.0,False,1547.4305799137614,2.108456273796748,1440,2023-10-19,0.05216466647471316,0.7062801394893912,2.548
350,5,227,698.0741637786733,7498.8341845803925,7123.892475351369,7296.79325129017,0.9763045532490277,172.90077593880028,0.09799055308512955,0.16030561233805177,0.9558048738967942,0.0,0.0,0.0,0.0,False,1734.006576589715,3.0400528273822514,1440,2023-08-14,0.0519038431423396,0.7718616438762621,2.556
351,5,265,1212.3391711683332,9338.647132471422,8871.714775847871,8913.840829008854,0.99527408510326,42.126053160982394,0.13665218075639382,0.19310019784512134,0.9807525209566174,0.0,0.0,0.0,0.0,False,1594.99733806482,1.9958874901407127,1440,2023-01-21,0.0516443239266279,0.7832226022389981,2.526
352,5,280,781.7358021373458,10146.622207970957,9639.29109757239,9673.98535729789,0.9964136538929814,34.69425972550057,0.08109888935029903,0.18891216810023345,0.9613348592296577,0.0,0.0,0.0,0.0,False,1837.212068610088,3.1268934647949513,1440,2023-10-04,0.05138610230699475,0.7205082709213779,2.611
353,5,269,1188.6427487233464,9555.12766311695,9077.371279961166,9146.732324177874,0.9924168498914783,69.3610442167085,0.13094570135600223,0.16494408110803482,0.9595750049447115,0.0,0.0,0.0,0.0,False,1850.6169807534561,2.882693126509059,1440,2023-01-02,0.05112917179545978,0.6801048629010233,2.567
354,5,256,1243.1883234196684,8496.847361303948,8072.004993238779,8139.295795231868,0.9917326014822426,67.29080199308929,0.15401233330021225,0.20427877293499333,0.9808465573266072,0.0,0.0,0.0,0.0,False,1548.560439630218,2.062938548404783,1440,2023-02-05,0.05087352593648248,0.7022647238121749,2.575
355,5,218,122.88951749647134,7783.00081593662,7393.850775139774,7414.362244994634,0.9972335489989436,20.511469854861843,0.01662050279803601,0.15544978581552238,0.9510569342196656,0.0,0.9722222222222222,11.38919600923527,0.0,False,1945.9125733591397,3.5208305711576604,1468,2023-08-02,0.05061915830680006,0.6332423518750377,2.537
356,5,227,755.9705057393015,8346.054567154863,7928.751838797125,8042.056371742733,0.9859109999099578,113.30453294560819,0.09534546182164155,0.13512068330191707,0.9596685144969862,0.0,0.0,0.0,0.0,False,1654.6267455026025,3.143419495799473,1440,2023-08-04,0.05036606251526607,0.687675736697388,2.513
357,5,263,295.99937783619015,9790.719239796217,9301.183277806465,9333.12396906639,0.9965777063107928,31.94069125992493,0.03182384100982868,0.1339531985532401,0.9697858411417797,0.0,0.0,0.0,0.0,False,1855.6077067412045,2.362479024620074,1440,2023-11-05,0.050114232202689735,0.7791904359201042,2.689
358,5,204,651.2143477104041,7284.716610354387,6920.480779836694,6956.548321347029,0.9948153107195911,36.06754151033413,0.09409958186832378,0.16605171462841836,0.953103587204093,0.0,0.0,0.0,0.0,False,1344.146573931953,3.5392666442326326,1440,2023-05-17,0.05,0.8582730018177043,2.73
359,5,193,820.0008914483468,6829.262935368174,6487.799788599761,6496.893347924899,0.9986003219018452,9.093559325138514,0.12639121399665212,0.16104903693496464,0.9874621752798246,0.0,0.0,0.0,0.0,False,1236.4833392304342,1.7547616393903778,1440,2023-01-30,0.05,0.8526197334389714,2.683
360,5,269,1133.2398387503476,9888.646731568699,9394.214394990226,9438.786475019191,0.9952777743042571,44.572080028967264,0.12063167723260448,0.17713828085203592,0.9578597990138076,0.0,0.0,0.0,0.0,False,1847.5787520430567,2.7909924726541853,1440,2023-04-03,0.05,0.861050557814835,2.511
361,5,296,1435.408132450175,10536.805564638167,10009.965286406272,10050.05806940664,0.9960106914085985,40.09278300036729,0.14339791311758965,0.147266330125571,0.9818952172774968,0.0,0.0,0.0,0.0,False,1685.2370525319006,2.1521420202556607,1440,2023-01-27,0.05,0.8335419666553673,2.556
362,5,188,753.7973705662235,7266.0652497210995,6902.76198723501,6929.641801728358,0.9961210383938397,26.87981449334627,0.10920228337007558,0.13269130123981668,0.9864945088490765,0.0,0.0,0.0,0.0,False,1348.836014456063,1.7455723986560614,1440,2023-02-18,0.05,0.8798900688197373,2.603
363,5,229,24.482078881317918,8275.769335395558,7861.980868625785,7871.219508560294,0.9988262759125873,9.238639934509877,0.0031139835227807166,0.14721638031270698,0.9525886380659598,0.0,0.0,0.0,0.0,False,1927.8588342564344,3.029782917755124,1440,2023-10-13,0.05,0.9523990490379022,2.64
364,5,128,608.1053447940104,4839.810705743364,4597.820170456177,4626.883421623928,0.9937186117480455,29.06325116775156,0.13225948868149767,0.1880223066944363,0.9998983566207303,0.0,0.0,0.0,0.0,False,817.3875396588653,1.2467537584769086,1440,2023-02-26,0.05,0.9810902402364399,2.588
365,5,295,1502.2540784719263,10572.101968840194,10043.496870398232,10134.183886004177,0.9910513745728269,90.68701560594485,0.14957480425962047,0.17581378862630964,0.9653893047236581,0.0,0.0,0.0,0.0,False,1897.4976994106937,2.3167436471025757,1440,2023-01-20,0.05,0.9148690398207437,2.673
366,5,266,252.97195910302977,9642.194632697148,9160.084901062264,9176.297363198872,0.998233223979682,16.212462136607392,0.027616770132086164,0.18114786498118682,0.9669768238647066,0.0,0.0,0.0,0.0,False,2145.753302489187,2.74167672100533,1440,2023-01-11,0.05,0.8899601298067501,2.563
367,5,127,533.3468251469703,4562.648344188163,4334.515926978757,4385.291321910931,0.9884214317351103,50.77539493217449,0.12304645642834759,0.19571024087520306,1.001252560242464,0.0,0.0,0.0,0.0,False,733.6489937532442,1.304061772945051,1440,2023-03-20,0.05,0.859240640565766,2.557
368,5,188,782.2903944349521,6604.624896362254,6274.393651544164,6370.044157116058,0.9849843261345305,95.65050557189477,0.12467983965947467,0.18138500947099317,0.9778367293956398,0.0,0.0,0.0,0.0,False,1339.4815648486656,2.100726789814808,1440,2023-09-11,0.05,0.8028423101623827,2.549
369,5,279,1091.3311813246712,10007.320636597608,9506.954604767721,9560.903063183505,0.9943573888303998,53.94845841578316,0.11479293072224943,0.19724456433961512,0.964509151512583,0.0,0.0,0.0,0.0,False,1954.142171233926,2.3564045995795797,1440,2023-10-22,0.05,0.7901699044553883,2.519
370,5,234,234.30183794390638,8002.381433415179,7602.262361744389,7626.213569409778,0.9968593578651584,23.95120766538811,0.030820014726529944,0.15165013463775792,0.9827272363350035,0.0,0.0,0.0,0.0,False,1466.1886022994186,1.8661983768096775,1440,2023-11-03,0.05,0.7452787309618436,2.441
371,5,221,705.2717803326062,7639.161296842785,7257.2032320006565,7308.749317265565,0.9929473452943391,51.54608526491049,0.09718231084155236,0.20600713392583575,0.9631629951915229,0.0,0.0,0.0,0.0,False,1447.1034913014055,3.0876918218546363,1440,2023-06-25,0.05,0.812091030779206,2.493
372,5,141,111.97305893268347,5077.477900560733,4823.604005532683,4843.95196076676,0.9957993069710676,20.347955234076892,0.023213567864246352,0.17725955347751754,0.99339799850561,0.0,0.0,0.0,0.0,False,894.3854287260347,1.450549355369164,1440,2023-12-20,0.05,0.7456551155030327,2.49
373,5,249,969.3677740179241,9028.13035814156,8576.723840234452,8622.316302927415,0.9947122720750243,45.59246269296217,0.11302308341449707,0.23556166712406942,0.9782898778641101,0.0,0.0,0.0,0.0,False,1529.1610567122482,2.0269078775454554,1440,2023-03-09,0.05,0.7568880825945183,2.571
374,5,233,693.746526268173,8564.889274383087,8136.644810663904,8210.721848321686,0.9909780115529155,74.07703765778314,0.08526198972811833,0.21451597102989065,0.9560438482036977,0.0,0.0,0.0,0.0,False,1201.2227468825151,3.442519367257298,1440,2023-06-01,0.05,0.6358317228890893,2.525
375,5,154,434.2359554964956,5228.021233146651,4966.620171489331,4980.644789925599,0.997184176140279,14.02461843626762,0.08743087663300857,0.1946896412231886,0.9755480525969281,0.0,0.0,0.0,0.0,False,912.3299977973575,2.5585555888834994,1440,2023-10-05,0.05,0.5845613679804448,2.444
376,5,206,531.6213674410452,7200.527919833594,6840.501523841911,6871.9996092401125,0.9954164599549964,31.498085398202132,0.07771672377940857,0.1797517407099689,0.9913931699973786,0.0,0.0,0.0,0.0,False,1143.9185538749216,1.5511679128558944,1440,2023-04-09,0.05,0.5874285275671143,2.402
377,5,219,510.9571597012191,7635.281177327543,7253.517118461181,7301.002430809078,0.9934960558090603,47.48531234789619,0.07044267647769992,0.1955022745125644,0.9839361569773895,0.0,0.0,0.0,0.0,False,1485.3306294751542,1.888676225694534,1440,2023-10-17,0.05,0.6235980493300346,2.503
378,5,221,770.4729388240083,7984.509930069253,7585.284433565761,7689.86824934391,0.9863997909473843,104.58381577814885,0.10157469315383566,0.18974024001166281,0.9794507522337711,0.0,0.0,0.0,0.0,False,1387.0810339143372,1.9232578128277675,1440,2023-09-22,0.05,0.6181073786490326,2.474
379,5,172,307.79526627461587,6428.026763083591,6106.625424929391,6134.632170365097,0.9954346495995309,28.00674543570645,0.050403495360643445,0.17983113186890468,0.9812745474450363,0.0,0.0,0.0,0.0,False,1302.7263417753848,1.7915792606958925,1440,2023-10-20,0.05,0.6269043060056314,2.513
380,5,212,702.3068703539012,7501.9487723252905,7126.851333709032,7244.927955115007,0.9837021676216102,118.07662140597375,0.09854378006063994,0.21280880950384087,0.9510326311186321,0.0,0.06944444444444445,0.24948515320225848,0.0,False,1387.547973871231,3.6635010570548414,1442,2023-08-27,0.05,0.6567503292115332,2.614
381,5,139,446.09066884337926,4751.617778193859,4514.036889284165,4613.699119087394,0.9783986282523464,99.66222980322888,0.09882300029544512,0.16394564181062013,0.9950897278416178,0.0,0.0,0.0,0.0,False,982.4023315786116,1.3496863823122123,1440,2023-11-17,0.05,0.607435816504203,2.593
382,5,225,803.429440280652,7743.79795512345,7356.608057367264,7444.348424926451,0.9882138284573839,87.74036755918705,0.10921194034199752,0.18339312314514528,0.9777968038193505,0.0,0.0,0.0,0.0,False,1397.9543003243107,1.808390004258058,1440,2023-04-15,0.05,0.6772858931728933,2.53
383,5,120,511.67492719847723,4169.871092688323,3961.37753805386,4014.7847280210076,0.9866973714445025,53.40718996714746,0.12916590814261347,0.18779553876772806,0.9845174592228948,0.0,0.0,0.0,0.0,False,891.3882293701172,1.8626173909126231,1440,2023-01-02,0.05,0.6912118394146332,2.472
384,5,124,86.3578159077929,4661.328903838937,4428.262458647031,4432.159805109566,0.9991206665296585,3.8973464625354524,0.019501512549050182,0.17080841107682876,0.965447767429996,0.0,0.0,0.0,0.0,False,813.3682356966074,3.0404323440821464,1440,2023-09-18,0.05,0.6932775050999564,2.455
385,5,284,663.4542568690754,10257.676564140056,9744.79273593311,9784.099742422131,0.9959825627779945,39.3070064890205,0.06808295207989834,0.18924805370095102,0.9607714999369513,0.0,0.0,0.0,0.0,False,2091.3369483835004,2.670497358989446,1440,2023-10-17,0.05,0.7337612980143521,2.513
386,5,269,893.5366987177136,9961.942447439937,9463.84532506785,9618.89212928664,0.9838810122688955,155.046804218788,0.09441581809784148,0.17485688572187494,0.9708126779043116,0.0,0.0,0.0,0.0,False,1489.55675417281,1.9857168400974192,1440,2023-04-30,0.05,0.726118715887752,2.463
387,5,241,15.364838184615675,8725.682527898975,8289.398401504084,8306.714342409017,0.9979154283882704,17.31594090493556,0.001853552868423814,0.17580751012946313,0.9645089273742733,0.0,0.0,0.0,0.0,False,1618.6495407230202,2.771037448894508,1440,2023-10-13,0.05,0.7529223754543457,2.449
388,5,206,577.2174508264985,7141.978397477996,6784.879477604076,6800.677887086878,0.9976769360723876,15.798409482802683,0.08507409051727616,0.1748298638689781,0.9510004155275134,0.0,1.5277777777777777,35.77191794881818,0.0,False,1292.2030990128126,3.5961848430883956,1509,2023-06-11,0.05,0.7734835539044532,2.417
389,5,157,666.4848458701815,5341.47248703852,5074.398862686599,5208.095693335823,0.9743290372294235,133.6968306492222,0.13134262085131332,0.1935440918221581,0.9845397045657401,0.0,0.0,0.0,0.0,False,1006.9085826160555,1.8209569869019957,1440,2023-01-17,0.05,0.7933418252441575,2.491
390,5,197,467.3726641538414,6949.572022102561,6602.093420997453,6624.069943379178,0.9966823233194132,21.976522381725637,0.07079158599413307,0.17491083822902653,0.9691673377025546,0.0,0.0,0.0,0.0,False,1369.003237288437,2.7194678356804367,1440,2023-07-31,0.05,0.7683799362278171,2.611
391,5,166,615.2353771479031,5707.641003795398,5422.258953605604,5535.734755347838,0.9795012212908847,113.47580174223313,0.1134647722309157,0.17835825138299566,0.9886488728213275,0.0,0.0,0.0,0.0,False,1212.0055741446117,1.7185205101068348,1440,2023-10-25,0.05,0.7906580410081829,2.544
392,5,154,504.9705296754519,5746.523092999567,5459.1969383495825,5519.647359414634,0.9890481371129728,60.450421065051515,0.09249904983792616,0.21602548927569865,0.96655385168603,0.0,0.0,0.0,0.0,False,938.1684785020745,2.9794570824432043,1440,2023-06-12,0.05,0.8019783033245937,2.512
393,5,204,763.8760723164961,6957.769587028645,6609.881107677236,6670.693955852863,0.9908835799426431,60.812848175625795,0.11556578096832487,0.18322604957474106,0.9809340062929641,0.0,0.0,0.0,0.0,False,1335.5429852705106,1.7884253463784523,1440,2023-10-11,0.05,0.7273653153499908,2.453
394,5,215,565.5537940668835,7560.110225562751,7182.104714284605,7217.935435048492,0.9950358767979688,35.83072076388796,0.07874485496459616,0.20262547819698132,0.9510025888186805,0.0,1.5277777777777777,44.67894285474602,0.0,False,1229.0775835032237,3.990155049090583,1502,2023-07-17,0.05,0.7406723898336782,2.485
395,5,268,838.0628431615041,9765.222444342638,9276.961322125562,9307.794405548128,0.9966873910102498,30.833083422565817,0.09033807666770405,0.19502874454934913,0.962511238141684,0.0,0.0,0.0,0.0,False,1859.7831452268047,2.825206857011838,1440,2023-10-08,0.05,0.7085080325418505,2.565
396,5,216,788.3122059488733,7748.543564331859,7361.116386115253,7417.109374417413,0.9924508342164553,55.992988302160754,0.1070913927452377,0.21207372922093756,0.9538386521409972,0.0,0.0,0.0,0.0,False,1316.9359667923582,3.562606816634501,1440,2023-08-28,0.05,0.6997379235057116,2.624
397,5,141,579.487103602527,5063.059447356767,4809.9064749889485,4818.952237438947,0.9981228777534417,9.045762449998993,0.12047783186966404,0.18503979164887602,0.9952988746229243,0.0,0.0,0.0,0.0,False,1049.0921043788424,1.5531695886931907,1440,2023-04-07,0.05,0.654619183538259,2.678
398,5,141,312.16506568087084,4979.707669390919,4730.722285921356,4757.19174239259,0.9944359071686438,26.469456471233677,0.06598676625129211,0.19003379396096318,0.9925994377477533,0.0,0.0,0.0,0.0,False,1138.978144466616,1.5241629575260882,1440,2023-11-09,0.05,0.6787468646403887,2.513
399,5,295,883.3094271624767,10899.402132781712,10354.432026142595,10380.801781292923,0.9974597573765595,26.369755150327713,0.08530737610062247,0.18382303116455306,0.9691757615145146,0.0,0.0,0.0,0.0,False,1956.5575188288062,2.488679887150304,1440,2023-11-07,0.05,0.6875605147374524,2.571
400,5,146,360.16559337899946,5139.787598414228,4882.798218493521,4891.820726441787,0.998155593090422,9.022507948265726,0.07376212926736928,0.18486192874768925,0.9631564866809059,0.0,0.0,0.0,0.0,False,943.7306499285194,3.0822082319438087,1440,2023-08-08,0.05,0.709083961408978,2.528
401,5,290,1257.2923744136458,10707.339487021416,10171.972512670261,10231.675076688618,0.9941649276808663,59.70256401835632,0.12360359535454465,0.21085515492251,0.9565496182395636,0.0,0.0,0.0,0.0,False,1958.1496018199518,2.672020372192898,1440,2023-04-03,0.05,0.7247740476259144,2.615
402,5,235,873.5590801444089,8716.647501585236,8280.815126505986,8358.320759854088,0.9907271286212931,77.50563334810238,0.10549191918899886,0.18673029448236142,0.9510066570094093,0.0,0.4861111111111111,2.8891930934093626,0.0,False,1485.1743921509528,3.253274017264956,1454,2023-06-22,0.05,0.6795982612687322,2.536
403,5,164,772.5617345491243,5853.725380716808,5561.039111680984,5649.7121257903655,0.984304861533635,88.67301410937986,0.1389239886708143,0.17791972428237968,0.982675369330535,0.0,0.0,0.0,0.0,False,1298.936793951636,1.8866599523630994,1440,2023-02-22,0.05,0.6971958104271955,2.542
404,5,197,1002.0194841981831,7062.122199770934,6709.016089782389,6748.29227282299,0.994179833733821,39.276183040600884,0.1493541632318077,0.15562832764011397,0.9893178854091529,0.0,0.0,0.0,0.0,False,1189.198911116028,1.5685324019184,1440,2023-01-20,0.05,0.7317611179798068,2.542
405,5,235,1072.1084797971278,8231.142709301866,7819.5855738368155,7871.193881132741,0.9934433952364418,51.608307295925265,0.13710553707401646,0.20686267061382507,0.9833593840288534,0.0,0.0,0.0,0.0,False,1332.7534900014093,1.715772734021682,1440,2023-01-21,0.05,0.8106730202528749,2.613
406,5,228,778.5373792068357,8074.3928439630245,7670.673201764865,7697.147401585481,0.9965605180153931,26.474199820617084,0.10149531321810323,0.18075673299629388,0.9510117096212595,0.0,0.625,4.443431361549055,0.0,False,1587.9678079268247,3.720351877916404,1459,2023-06-26,0.05,0.7607438539984736,2.576
407,5,185,560.0082870660041,6420.937445478369,6099.890573204442,6117.965726090281,0.9970455615975818,18.075152885839316,0.09180628412024384,0.1785019783217869,0.9632944690497484,0.0,0.0,0.0,0.0,False,1154.2995208954912,3.0652383508171983,1440,2023-07-24,0.05,0.7791957471037064,2.625
408,5,190,644.0562118374958,6904.603517477649,6559.373341603748,6584.732571968205,0.9961487835554,25.359230364457673,0.09818868027414733,0.19977511623909583,0.9510050247652396,0.0,0.20833333333333334,2.2847693919641854,0.0,False,1352.4721193243272,3.6325447641967035,1446,2023-08-27,0.05,0.7999926229557188,2.584
409,5,246,299.86282485410726,7981.364309837418,7582.296094345531,7612.079445385252,0.9960873567789972,29.78335103972091,0.0395477598240629,0.1587489956081535,0.9550696349481347,0.0,0.0,0.0,0.0,False,1435.3203377612756,3.3054494297792787,1440,2023-05-28,0.05,0.7698404644072941,2.476
410,5,234,123.2370621838475,8382.14354957362,7963.036372094944,7982.413730918721,0.997572493799874,19.377358823775083,0.01547613955597516,0.1915722940061139,0.9749548908313915,0.0,0.0,0.0,0.0,False,1692.602379065113,2.3889529442521944,1440,2023-11-13,0.05,0.8380387531762199,2.642
411,5,135,563.3705090570463,5207.720912029945,4947.334866428451,4967.152896097502,0.9960101832813278,19.81802966905061,0.11387353479546275,0.21529871894480612,0.9995255582623501,0.0,0.0,0.0,0.0,False,885.6837920076022,1.2395953066848533,1440,2023-10-22,0.05,0.8208075130155421,2.49
412,5,250,856.1079147076322,9476.985038971447,9003.135787022802,9044.886495474335,0.995384053910193,41.750708451533285,0.09508997031252528,0.21244209636886396,0.9759352469016025,0.0,0.0,0.0,0.0,False,1690.515598023128,2.128557398156784,1440,2023-04-23,0.05,0.7540594500746366,2.649
413,5,205,329.2877444108881,6787.59282928723,6448.213187822881,6522.109491753441,0.9886698768206829,73.89630393056059,0.051066510181879694,0.16900519287143975,0.9851520024063024,0.0,0.0,0.0,0.0,False,1359.7869248199986,1.798384631622504,1440,2023-12-19,0.05,0.7063234645705416,2.607
414,5,273,771.0338845734001,9681.547096909868,9197.469742064339,9225.637885572189,0.9969467538334773,28.168143507850882,0.08383108683109887,0.20293549702767757,0.9568161165453692,0.0,0.0,0.0,0.0,False,1729.6138785107885,2.895710494390534,1440,2023-05-21,0.05,0.765245604218027,2.533
415,5,226,781.2147539420871,8096.3137302603345,7691.498043747322,7713.7040074781635,0.9971212320683664,22.205963730840427,0.10156860854657083,0.18585164078859986,0.971698460475862,0.0,0.0,0.0,0.0,False,1375.9959248407022,1.9030248475449152,1440,2023-09-22,0.05,0.7375898719409083,2.622
416,5,216,926.5895160985857,7854.614560556197,7461.883832528388,7525.329733926982,0.9915690204094902,63.445901398593975,0.12417635236551515,0.2029611772108321,0.9814388927697403,0.0,0.0,0.0,0.0,False,1354.672007066767,2.0176321017511794,1440,2023-03-03,0.05,0.7537571878057543,2.596
417,5,233,871.1382899361212,7941.167474069407,7544.109100365926,7704.096975076717,0.9792334033140596,159.9878747107918,0.11547265268126448,0.23208250872272085,0.9814512676278475,0.0,0.0,0.0,0.0,False,1663.9286571557427,2.0659625191153803,1440,2023-10-26,0.05,0.7289020015081785,2.481
418,5,189,266.565429925098,6920.471711699479,6574.448126114485,6622.289332233377,0.9927757300053277,47.84120611889183,0.04054567391995514,0.1904791071176285,0.9915256111288222,0.0,0.0,0.0,0.0,False,1229.598010809988,1.7581347811473318,1440,2023-03-12,0.05,0.6433467977078265,2.455
419,5,245,922.9867399069277,8875.421279042217,8431.650215090149,8445.710974959517,0.9983351597146698,14.060759869365317,0.10946691529672989,0.174861006106601,0.9809303565784027,0.0,0.0,0.0,0.0,False,1591.1614779080564,2.1300941362955723,1440,2023-11-25,0.05,0.6669061628428667,2.461
420,5,174,388.2528134279154,6173.092104990096,5864.437499740594,5963.240770806361,0.9834312792551546,98.80327106576675,0.06620461270924778,0.16144287733875343,0.9668995858180544,0.0,0.0,0.0,0.0,False,1118.7550446213572,2.9254725368967014,1440,2023-05-27,0.05,0.7213704268698294,2.45
421,5,281,432.4158846681945,10410.27025827613,9889.75674536238,9934.05671654634,0.9955405961081163,44.29997118396205,0.04372361179368421,0.1981953308264511,0.9754798637115694,0.0,0.0,0.0,0.0,False,1632.2241439435047,2.1275116835542853,1440,2023-11-23,0.05,0.7963895775137265,2.558
422,5,247,672.3389978881997,8763.143528293464,8324.986351878813,8351.407234201602,0.9968363556485921,26.420882322789392,0.08076157358942262,0.2104737113795069,0.9739945084558681,0.0,0.0,0.0,0.0,False,1668.3589800066866,2.253597893242926,1440,2023-12-12,0.05,0.7756397338145867,2.59
423,5,163,158.1531709311382,6076.742240522713,5772.905128496588,5807.457488664027,0.9940503464321722,34.55236016743897,0.02739576823295645,0.19695121701013188,0.9614585237755561,0.0,0.0,0.0,0.0,False,943.0522126975342,3.2121787968928,1440,2023-08-02,0.05,0.7315037360695769,2.548
424,5,279,1319.2977656110907,10111.666035036285,9606.082733284464,9684.497347710545,0.991903078537719,78.41461442608012,0.137339829589413,0.20122438224216982,0.9657194520726581,0.0,0.0,0.0,0.0,False,2020.6306254234714,2.688293487346355,1440,2023-02-21,0.05,0.7260968646356875,2.619
425,5,147,383.58340323708313,4933.997369266808,4687.297500803408,4742.002483860642,0.98846373800026,54.70498305723333,0.08183466126725186,0.20648221905292946,0.9729874811580748,0.0,0.0,0.0,0.0,False,760.4940060242111,2.586641428478667,1440,2023-10-04,0.05,0.7123091848659838,2.677
426,5,286,711.6504160830597,10407.462661708123,9887.089528622775,9903.674045518812,0.9983254177369114,16.58451689603639,0.07197774572818996,0.1912405414915432,0.9604333565140453,0.0,0.0,0.0,0.0,False,2025.1472399778938,2.6068675025521393,1440,2023-03-31,0.05,0.6893876891139032,2.593
427,5,190,1037.6122505448309,6558.916312988231,6230.970497338797,6278.890041441884,0.9923681504554454,47.919544103086366,0.16652498210158237,0.18895131967494233,0.978539517750784,0.0,0.0,0.0,0.0,False,1315.2004250958446,2.0319261958568298,1440,2023-02-07,0.05,0.7050201560727114,2.536
428,5,186,577.0043418497272,6451.078445128664,6128.524522872225,6146.896378525679,0.9970111980872759,18.371855653454745,0.0941506132016431,0.17295286060783535,0.975804212231295,0.0,0.0,0.0,0.0,False,1336.2764038393047,1.9421710092483768,1440,2023-03-26,0.05,0.7231148516525329,2.676
429,5,222,740.12681156588,7623.063636500511,7241.910454675498,7265.118671020797,0.9968055282513316,23.208216345299057,0.1022004920107845,0.19455709287835618,0.9541567734182216,0.0,0.0,0.0,0.0,False,1453.9809855060603,3.306379280423773,1440,2023-07-06,0.05,0.7741395750336335,2.669
430,5,123,449.50558821271125,4392.662754520017,4173.029616794022,4182.322867311785,0.9977779691304092,9.293250517761205,0.1077168459106334,0.20565398290279496,0.998562972728857,0.0,0.0,0.0,0.0,False,872.5559440279178,1.286865633824171,1440,2023-04-20,0.05,0.7677021880994505,2.639
431,5,293,1059.9346308916338,10539.849547189682,10012.85706983025,10053.2429677865,0.9959827989748524,40.385897956251014,0.1058573615402265,0.2089678605797763,0.9510005987539649,0.0,3.611111111111111,233.1440691156003,0.0,False,1543.5718898403793,4.0034406619477965,1501,2023-08-31,0.05,0.7378564213531988,2.572
432,5,273,590.6810365628014,9305.996536242783,8840.696709430616,8906.887512264308,0.9925685821514474,66.19080283368888,0.0668138559637167,0.21679164201677675,0.9629133875424668,0.0,0.0,0.0,0.0,False,1670.010608827024,2.2892885404659995,1440,2023-04-01,0.05,0.7062408840378499,2.543
433,5,248,928.096036286577,8826.9226882054,8385.576553795167,8402.201150746501,0.9980213997911895,16.624596951332492,0.11067766543333707,0.18788184841944158,0.985256863440566,0.0,0.0,0.0,0.0,False,1382.8175953062084,1.8186495201732698,1440,2023-04-26,0.05,0.6628965529233309,2.529
434,5,138,478.09482407881217,5017.9515296041745,4767.053953123972,4784.311248341435,0.9963929405254631,17.257295217464012,0.1002914648711925,0.17937584890715705,0.9648466156172254,0.0,0.0,0.0,0.0,False,888.015090496157,3.0169122125959347,1440,2023-08-14,0.05,0.692428541524881,2.6
435,5,253,932.8438099318863,9003.897699399178,8553.702814429183,8563.304535687937,0.9988787364482089,9.601721258752326,0.1090573088836192,0.1856004847806674,0.9818769107371518,0.0,0.0,0.0,0.0,False,1615.6569576136485,2.120834512734967,1440,2023-04-26,0.05,0.7357985388877891,2.618
436,5,188,738.948407844603,6942.628652623844,6595.497219992667,6620.295688446208,0.9962541750972211,24.798468453541368,0.11203831693001981,0.20211539563553169,0.9936493860626463,0.0,0.0,0.0,0.0,False,1208.3600141473657,1.5583544751313803,1440,2023-10-22,0.05,0.7575203136173595,2.544
437,5,296,973.7286939977065,9906.149615456756,9410.84213468399,9430.093041630165,0.9979585665951343,19.2509069461772,0.10346881608065607,0.18101388327157256,0.9702152523313247,0.0,0.0,0.0,0.0,False,1719.3267072436647,2.2772435044251034,1440,2023-04-24,0.05,0.7384591597385378,2.586
438,5,260,1261.8405843656878,9661.21353159823,9178.152855018376,9216.979476793604,0.995787489613817,38.82662177522821,0.1374830648713533,0.20068271142665142,0.9806122983823781,0.0,0.0,0.0,0.0,False,1703.488656450497,2.118666326395835,1440,2023-01-21,0.05,0.770582869672612,2.699
439,5,168,584.9649816193117,5875.9242041805655,5582.127993971535,5607.222408776146,0.9955246264593796,25.094414804610352,0.10479247022838772,0.20346477580394579,0.9895391140602009,0.0,0.0,0.0,0.0,False,849.5817788759655,1.9108920467729529,1440,2023-04-24,0.05,0.7529762801073652,2.735
440,5,156,659.9733530261027,5658.581463897098,5375.652390702252,5401.625963776591,0.9951915269127263,25.973573074337768,0.12277083878555746,0.21533692458393192,0.989581401557887,0.0,0.0,0.0,0.0,False,1142.2686139418215,1.6497502798777817,1440,2023-11-29,0.05,0.7325972280349228,2.514
441,5,166,507.16585685895353,5912.040318171667,5616.438302263094,5645.690153893757,0.994818728829727,29.251851630663808,0.09030026318540624,0.1930304391455455,0.9654193488331875,0.0,0.0,0.0,0.0,False,1019.9969396964757,2.986016874560117,1440,2023-06-08,0.05,0.6894084128318029,2.563
442,5,225,938.3811927567799,7914.322805434342,7518.60666516267,7566.256852082867,0.9937022773807791,47.65018692019842,0.12480785796452852,0.19844685165262493,0.9840139253774999,0.0,0.0,0.0,0.0,False,1446.762763978133,1.8664673272765142,1440,2023-10-16,0.05,0.7042801066764798,2.644
443,5,196,1084.9606271998407,7270.691046281464,6907.156493967361,6946.929178230608,0.9942747819586413,39.77268426324798,0.15707775379744676,0.2167493923589214,0.9838124873756586,0.0,0.0,0.0,0.0,False,1425.683040981297,1.879987433561002,1440,2023-02-05,0.05,0.7043390116540154,2.49
444,5,201,551.8334084710347,6878.528136016862,6534.60172921605,6543.261397792621,0.9986765516383783,8.659668576571857,0.08444790231113863,0.16836325108430186,0.9824859478076495,0.0,0.0,0.0,0.0,False,1479.8012025522464,2.0172959486962903,1440,2023-11-07,0.05,0.6632830764642454,2.455
445,5,173,521.5415105328127,6090.6944705116375,5786.159746986086,5806.606406879697,0.9964787246696478,20.446659893609834,0.09013603725760855,0.19515319008724782,0.9914806364778447,0.0,0.0,0.0,0.0,False,1023.5536304982732,1.5662627369170727,1440,2023-11-06,0.05,0.7384696765623774,2.45
446,5,277,1292.0820634111408,9936.729854108844,9439.893361403398,9474.545821692349,0.9963425729379436,34.65246028895166,0.13687464613679187,0.18768133286226735,0.9724380171960725,0.0,0.0,0.0,0.0,False,1632.1588591417042,2.1340054552369705,1440,2023-02-23,0.05,0.7399234313300395,2.511
447,5,237,1230.4439116516999,7727.266378063801,7340.90305916061,7422.55361603912,0.9889996676208475,81.65055687850978,0.16761478822639486,0.1938519253084506,0.9682936314666769,0.0,0.0,0.0,0.0,False,1595.1726721283405,2.4646027633619036,1440,2023-02-07,0.05,0.7581404543960129,2.592
448,5,132,448.76358069684653,4939.634265916297,4692.652552620456,4706.395964946187,0.9970798435941018,13.743412325731754,0.09563111175709128,0.18425036063636815,0.9605672005086161,0.0,0.0,0.0,0.0,False,982.6164524801061,3.2761505617098234,1440,2023-07-28,0.05,0.7594461732017658,2.454
449,5,292,940.4361848605827,10752.109768529031,10214.504280102612,10242.016657817525,0.9973137733872056,27.512377714915623,0.0920687053499512,0.18234540221797604,0.9591204217451571,0.0,0.0,0.0,0.0,False,1858.2947746199789,3.2555963635876313,1440,2023-05-24,0.05,0.7824016724931312,2.514
450,5,120,415.0745465117359,4214.551647098506,4003.8240647435787,4018.1708671262168,0.9964295190878981,14.346802382637534,0.10366952688225049,0.20430782840665027,0.9975963879064603,0.0,0.0,0.0,0.0,False,671.6572698348995,1.5222579310987447,1440,2023-04-27,0.05,0.8058397103357873,2.763
451,5,147,507.34925193262904,4931.770680975007,4685.1821469262795,4740.516572236906,0.9883273427130926,55.33442531062648,0.10828805284880466,0.2121737025611535,0.9959695844929324,0.0,0.0,0.0,0.0,False,868.2642164812177,1.389539932576143,1440,2023-11-20,0.05,0.7760574115744964,2.662
452,5,151,561.1866973039862,5424.685678338508,5153.4513944215705,5184.550386140819,0.9940016029543505,31.098991719249643,0.10889531196732563,0.2069003592298049,0.954591161322587,0.0,0.0,0.0,0.0,False,975.1022883940373,3.5081898277724415,1440,2023-08-29,0.05,0.7343179642974988,2.627
453,5,213,66.28505856236423,7244.677700259683,6882.443815246688,6894.390966301998,0.9982671201685973,11.947151055309632,0.0096310351877516,0.16939848969162383,0.9785346126467696,0.0,0.0,0.0,0.0,False,1386.8878335096351,1.79251689543063,1440,2023-12-22,0.05,0.7121827438433775,2.574
454,5,269,1089.5212139940913,9780.578528401124,9291.549601981045,9346.281194962352,0.994144024576234,54.73159298130611,0.11725936583944999,0.2184788710299749,0.9512806377259269,0.0,1.0416666666666667,38.23394844106055,0.0,False,1531.1485222879332,3.175767230332771,1455,2023-09-26,0.05,0.7785087559794976,2.588
455,5,242,680.0654411694887,8374.241107638789,7955.529052256886,7983.11581237217,0.9965443617800797,27.586760115283724,0.08548337096155315,0.20449535332518506,0.9510000008417098,0.0,4.166666666666667,363.28448558382865,0.0,False,1525.9691217765449,4.316658679099004,1631,2023-06-06,0.05,0.7226687831925227,2.644
456,5,135,383.8149774548253,4747.225446750743,4509.864174413204,4532.996696577378,0.9948968588082933,23.13252216417588,0.0851056623018508,0.2212200301884456,0.9677586521337639,0.0,0.0,0.0,0.0,False,804.5789846998122,2.83391915218242,1440,2023-05-23,0.05,0.7085357762472211,2.514
457,5,209,967.7058775430502,7403.464474720676,7033.291250984677,7079.111229144964,0.9935274391548413,45.81997816028664,0.13758933662921596,0.21002087389881535,0.983866792653272,0.0,0.0,0.0,0.0,False,1056.008882257157,1.7703618845596285,1440,2023-02-04,0.05,0.6593740800823843,2.563
458,5,221,1013.8274518222291,7779.323636552611,7390.357454724978,7423.951376477971,0.9954749270234404,33.593921752993424,0.13718246485818422,0.18662474832568934,0.983621670298405,0.0,0.0,0.0,0.0,False,1260.8588216251815,1.8330875549441272,1440,2023-02-04,0.05,0.6441818232927606,2.616
459,5,285,762.3116128213676,9805.26213740839,9314.999030537992,9371.9122955272,0.9939272516435765,56.91326498920835,0.08183700398918237,0.2108140432464089,0.9679762083865249,0.0,0.0,0.0,0.0,False,1731.027086778954,2.274955972579113,1440,2023-04-11,0.05,0.6841682567056546,2.718
460,5,160,804.0172500107088,6206.3162603160345,5896.0004473002555,5968.034199114149,0.9879300705373664,72.03375181389335,0.13636655173234657,0.20019135231176213,0.9935279063367066,0.0,0.0,0.0,0.0,False,1008.1793962116108,1.4874936284848352,1440,2023-03-02,0.05,0.6624002524480661,2.546
461,5,253,894.8563956641844,9165.407706241152,8707.137320929096,8746.169147487382,0.9955372659846741,39.03182655828568,0.10277274409273916,0.2019807356245385,0.9556849588741079,0.0,0.0,0.0,0.0,False,1750.797561222162,3.280689336517395,1440,2023-07-06,0.05,0.6683462014826301,2.691
462,5,199,695.2078883263154,7434.464339077008,7062.741122123112,7089.105705881593,0.9962809718387177,26.364583758479416,0.09843315453665258,0.1938874786920058,0.9863200451780892,0.0,0.0,0.0,0.0,False,1103.5060655080508,1.732769318321219,1440,2023-04-30,0.05,0.6690672806409466,2.596
463,5,279,1037.2333943727074,10267.398645110805,9754.0287128553,9799.787859031934,0.995330598291017,45.759146176634744,0.10633897283957018,0.19906902712036184,0.978270655950172,0.0,0.0,0.0,0.0,False,1704.0294794088888,2.1877059841259308,1440,2023-12-02,0.05,0.6877549352845713,2.536
464,5,266,1070.805336568724,9371.054765307339,8902.502027041994,9031.232086864515,0.9857461242735913,128.7300598225228,0.12028139205316386,0.22399803767733645,0.9681464711100837,0.0,0.0,0.0,0.0,False,1910.2943514042236,2.461668372021909,1440,2023-11-29,0.05,0.6913522011010697,2.574
465,5,140,523.4017238731184,5196.518463472466,4936.692540298871,4971.923992338452,0.9929139198238204,35.23145203958106,0.10602275098165852,0.22133308213045727,0.9984663029689,0.0,0.0,0.0,0.0,False,879.5290196856985,1.2709675712730752,1440,2023-11-28,0.05,0.6381862886450573,2.652
466,5,168,754.2216288449772,6043.750308885985,5741.562793441712,5757.761350423002,0.9971866571058732,16.198556981289382,0.13136173128794923,0.1960958313902456,0.9778152194926072,0.0,0.0,0.0,0.0,False,1147.5646534073853,2.177007911384189,1440,2023-01-02,0.05,0.6004498067768589,2.566
467,5,155,202.16716565195472,5679.145635227649,5395.188353466292,5414.479159375809,0.9964371816121754,19.290805909516994,0.03747175305234092,0.20394899461859015,0.9941364776170597,0.0,0.0,0.0,0.0,False,881.3523665877051,1.5438041126362552,1440,2023-10-21,0.05,0.6259777813412535,2.606
468,5,151,112.84929872770728,5271.310925182131,5007.7453789229985,5023.647642414895,0.9968345185363653,15.90226349189639,0.022534951398023646,0.18479688910025263,0.9910480962860772,0.0,0.0,0.0,0.0,False,919.5309917860602,1.6546227926655814,1440,2023-12-29,0.05,0.6289257521594818,2.601
469,5,131,310.6880377296706,4794.38017677971,4554.661167940724,4572.548974423524,0.9960880011164769,17.887806482799554,0.0682132053897964,0.1904173897400355,0.9957778758792599,0.0,0.0,0.0,0.0,False,844.672454529687,1.5010265800303688,1440,2023-12-15,0.05,0.6741789164993941,2.495
470,5,272,248.65350873429665,9755.349349367294,9267.581881898937,9314.895528533625,0.9949206465612249,47.313646634686556,0.026830462563266533,0.18121511083448666,0.9746822880991505,0.0,0.0,0.0,0.0,False,1701.4658838748346,2.2370061218781014,1440,2023-12-20,0.05,0.6984954770767999,2.579
471,5,270,333.6651870086697,9439.632999187752,8967.651349228367,9004.067088625496,0.9959556343773658,36.41573939713035,0.03720764490218282,0.18633253289707832,0.97843870716966,0.0,0.0,0.0,0.0,False,1706.7501907844448,2.2786176139520387,1440,2023-01-11,0.05,0.7391329835892078,2.563
472,5,198,668.0060822742312,7074.65649373443,6720.923669047666,6747.724924081969,0.9960281049782199,26.80125503430211,0.09939200549928065,0.19240308858010655,0.9745283602611376,0.0,0.0,0.0,0.0,False,1181.790442967244,2.497291648579641,1440,2023-05-07,0.05,0.7610680336165785,2.45
473,5,294,789.4971041417641,10858.00583244119,10315.105540819159,10359.434095265198,0.9957209482643169,44.32855444604111,0.07653795698139482,0.18821768684687246,0.9571435716842915,0.0,0.0,0.0,0.0,False,1699.9648818731034,2.8183180653099833,1440,2023-08-12,0.05,0.7656406967068075,2.609
474,5,256,675.7300077567074,8954.243153502452,8506.530995827343,8534.488772543895,0.9967241416021901,27.95777671655329,0.07943661265540197,0.2012945184875258,0.9840073651614314,0.0,0.0,0.0,0.0,False,1568.9463029673434,2.0750498437765725,1440,2023-04-11,0.05,0.7790958266497622,2.64
475,5,122,423.15723980737306,4391.970806048056,4172.372265745659,4202.800727718375,0.9927599560521551,30.428461972716683,0.10141886026839197,0.2007049447583936,0.9527983269476136,0.0,0.0,0.0,0.0,False,834.810380756855,3.3423133259919786,1440,2023-09-02,0.05,0.7610261750703122,2.567
476,5,242,691.3828374231953,8387.054268739761,7967.7015553027295,7992.471085241431,0.9969008921428018,24.769529938700206,0.08677318454066098,0.20877807040657914,0.9666566889292452,0.0,0.0,0.0,0.0,False,1374.0691358968895,2.7480323007172114,1440,2023-05-21,0.05,0.7478322687729236,2.69
477,5,262,301.4609260623733,9500.613096041465,9025.58244123939,9088.256190828199,0.9931038751249048,62.673749588809244,0.03340071713100177,0.21092299031221862,0.9725762961936607,0.0,0.0,0.0,0.0,False,1631.9751494007737,2.185211760409988,1440,2023-10-21,0.05,0.7190773637886754,2.589
478,5,244,976.7918416008786,8683.005303616195,8248.85503843541,8298.665078198701,0.9939978250364451,49.81003976329279,0.11841544517991072,0.21527810076972909,0.9688191208057179,0.0,0.0,0.0,0.0,False,1416.7297574765341,2.087847971200261,1440,2023-02-20,0.05,0.690808466493259,2.639
479,5,251,1122.9351956482576,8496.89780702615,8072.052916674931,8121.202318779768,0.99394801407777,49.14940210483585,0.13911395369182256,0.1969248821501698,0.9674891704940082,0.0,0.0,0.0,0.0,False,1799.598420881556,2.3764984097871658,1440,2023-02-08,0.05,0.6578482006119165,2.627
480,5,218,679.8745066203722,7476.152686793732,7102.345052454013,7143.994263870652,0.9941700385137106,41.649211416638046,0.09572535572394655,0.20660592875657383,0.9806129345652558,0.0,0.0,0.0,0.0,False,1339.3225244218424,1.874308725159763,1440,2023-12-11,0.05,0.6720108247623645,2.737
481,5,284,1099.570863360693,10018.672745873082,9517.7391085795,9600.400847822195,0.9913897616825608,82.66173924269417,0.1155285778289001,0.23670854551187884,0.9753102079089415,0.0,0.0,0.0,0.0,False,1678.620764789663,2.091898272942104,1440,2023-10-25,0.05,0.6617123251108052,2.669
482,5,294,651.1210796590276,10272.529418538927,9758.90294761198,9801.673355811381,0.9956364177169765,42.77040819940057,0.06672072497845243,0.1789364022685288,0.9510001024160681,0.0,1.6666666666666667,32.5529311093706,0.0,False,1367.9169455735307,3.614545339285268,1491,2023-06-03,0.05,0.5854123412522929,2.621
483,5,168,711.9987665272287,6237.62874676129,5925.7473094232555,5988.894444497011,0.9894559612531192,63.147135073755024,0.12015341345976606,0.22722402930160374,0.9902536895800511,0.0,0.0,0.0,0.0,False,964.5623734593391,1.436540556490933,1440,2023-11-30,0.05,0.6525242491874267,2.63
484,5,169,609.4123525900876,6045.61930775977,5743.338342371815,5782.01690888381,0.9933105407470243,38.67856651199557,0.10610768794415476,0.20874666230034647,0.9544256535662449,0.0,0.0,0.0,0.0,False,1042.5087670107096,3.4897466803738517,1440,2023-07-18,0.05,0.5986197945976888,2.715
485,5,249,674.0800992756904,8756.19015609125,8318.380648286664,8368.702359792067,0.9939869158512343,50.321711505403414,0.08103501483964076,0.20721139675657757,0.9760058047128007,0.0,0.0,0.0,0.0,False,1452.3836555767625,2.0635164844943703,1440,2023-12-12,0.05,0.595709105213647,2.61
486,5,162,414.0546530937611,5340.465936301082,5073.442639486015,5099.0288380594575,0.9949821427989451,25.586198573442708,0.08161216801215447,0.20863134056382915,0.9612688615981905,0.0,0.0,0.0,0.0,False,872.8990316761956,3.202328069047296,1440,2023-08-08,0.05,0.5963975680648763,2.587
487,5,162,754.8922043133401,5793.691729056516,5504.007142603676,5553.49066916858,0.9910896534247148,49.483526564903286,0.1371532021588616,0.22279418995132563,0.9907820571883059,0.0,0.0,0.0,0.0,False,1110.878709374196,1.6692790683774659,1440,2023-03-05,0.05,0.5933928949417149,2.469
488,5,229,795.3988543169381,8061.40769892965,7658.337313983148,7690.142360764066,0.9958641797136044,31.805046780918097,0.1038605145877606,0.20467265706879878,0.9589158721677001,0.0,0.0,0.0,0.0,False,1257.528377267974,3.284233648830657,1440,2023-06-26,0.05,0.5586911782931271,2.486
489,5,133,456.2115523442001,4995.034572382097,4745.282843762983,4817.2513824272855,0.9850602484796965,71.96853866430214,0.09614001259036159,0.2090211449020916,0.9830085106961948,0.0,0.0,0.0,0.0,False,794.6791625590693,2.1330314105278676,1440,2023-09-28,0.05,0.570563544462376,2.516
490,5,148,559.6047035423803,5741.633591340557,5454.55191177352,5493.1632212257255,0.9929710245450181,38.61130945220437,0.10259407419599159,0.22502794721001806,0.9641777481971237,0.0,0.0,0.0,0.0,False,889.4299062660848,3.0383540072053634,1440,2023-08-14,0.05,0.5700437069194264,2.564
491,5,254,800.8125406298681,8914.21440585852,8468.503685565667,8551.140334118965,0.9903361837925196,82.63664855329637,0.09456364079935764,0.2145754006928517,0.9510005286177592,0.0,1.0416666666666667,27.6277629667755,0.0,False,1597.1704253021476,3.259135594565819,1459,2023-07-25,0.05,0.5331614744471276,2.605
492,5,236,736.6109753547794,8752.868030499858,8315.224628974811,8359.59646546892,0.9946921078454689,44.37183649410925,0.08858581796912883,0.2051586233485397,0.9826988599619197,0.0,0.0,0.0,0.0,False,1448.1265361584733,1.9976782435505915,1440,2023-11-06,0.05,0.5259225207724119,2.58
493,5,127,414.60203065105117,4645.133862261444,4412.877169148356,4441.594371605498,0.9935344833286157,28.71720245714153,0.09395276930653057,0.21278007814049538,0.9661109772896262,0.0,0.0,0.0,0.0,False,782.7099373893652,3.0044964087483894,1440,2023-06-12,0.05,0.5405903368226987,2.54
494,5,251,1076.2649436456418,8700.320889193252,8265.30484473358,8449.944621606524,0.9781489956276377,184.63977687294306,0.13021479108921283,0.2229107676386002,0.9801144227564893,0.0,0.0,0.0,0.0,False,1390.2747994426704,1.8838595191599015,1440,2023-03-14,0.05,0.534918385213601,2.67
495,5,246,664.1837380910792,9067.742419785607,8614.355298796298,8678.752974238707,0.992579846939582,64.39767544240995,0.07710196701358336,0.18329859500555937,0.9533658734791337,0.0,0.0,0.0,0.0,False,1385.438900355992,3.3199220880607343,1440,2023-06-02,0.05,0.5069477686485622,2.661
496,5,217,790.0407431218371,7567.112329943024,7188.756713445886,7219.123177242154,0.9957936077483763,30.366463796268057,0.1098994964795708,0.21335989986448217,0.9879532120622029,0.0,0.0,0.0,0.0,False,1349.1521025075108,2.0437382018488863,1440,2023-07-09,0.05,0.5725531254389431,2.639
497,5,171,573.5912895765922,6385.070583371627,6065.817054203037,6093.833371770511,0.9954025133510773,28.01631756747439,0.09456125769225891,0.19271551828821254,0.9593496683229734,0.0,0.0,0.0,0.0,False,965.8036076095011,3.252781775791102,1440,2023-07-28,0.05,0.5582345451883934,2.533
498,5,155,511.36335758898446,5562.367866184933,5284.249472875665,5310.177974272556,0.9951172067070986,25.928501396890912,0.09677123690201228,0.22701385853144954,0.9684475583815044,0.0,0.0,0.0,0.0,False,1036.438004585346,2.862132878740778,1440,2023-07-05,0.05,0.5925615445413362,2.595
499,5,208,830.2200478799326,7658.327465017372,7275.411091766479,7333.232920043265,0.9921150972692077,57.82182827678457,0.1141131459663476,0.20785298941217983,0.9752698910201368,0.0,0.0,0.0,0.0,False,1211.7331688096365,2.024928739601448,1440,2023-10-12,0.05,0.5432161025619967,2.651
500,5,152,456.2372290880328,5721.931764472277,5435.835176248652,5469.699226911836,0.9938087910763781,33.86405066318412,0.08393139495500462,0.20793136538161672,0.9963056450880268,0.0,0.0,0.0,0.0,False,955.7796618623935,1.4795688256691748,1440,2023-11-27,0.05,0.5455010115703094,2.54
501,5,281,924.7936198579017,9563.629667731635,9085.448184345078,9153.60681401025,0.9925539045919198,68.15862966517376,0.10178844247347003,0.1877259907055531,0.9709005454596843,0.0,0.0,0.0,0.0,False,1584.8522766535164,2.3865925642483004,1440,2023-09-09,0.05,0.5467599433751176,2.548
502,5,281,700.3301451297581,9539.542561756876,9062.565433669028,9097.402267970527,0.9961706833142743,34.83683430149742,0.07727725115538567,0.1784319607838996,0.958048647559156,0.0,0.0,0.0,0.0,False,1335.1604684058539,3.3803972448499082,1440,2023-06-02,0.05,0.5928326135710265,2.439
503,5,164,224.03685353688795,5531.820289375533,5255.229274906749,5281.016019640823,0.9951170864397741,25.78674473407531,0.04263122345710851,0.21163337239879915,0.9875028652501668,0.0,0.0,0.0,0.0,False,1029.438546536409,1.7906767623919313,1440,2023-01-29,0.05,0.6512160175161962,2.438
504,5,299,1354.8654823508534,11051.734292467958,10499.147577844547,10560.604951551031,0.9941805063262538,61.45737370648328,0.12904528413429583,0.22649329819034691,0.9638753508979443,0.0,0.0,0.0,0.0,False,1764.6120464818075,2.2819253425518515,1440,2023-10-15,0.05,0.6242979664996131,2.463
505,5,204,813.5429435662975,7330.336629271033,6963.819797807468,7006.709245829589,0.9938788029419588,42.88944802212163,0.11682423830416151,0.2152781290593272,0.9648676992254817,0.0,0.0,0.0,0.0,False,1150.573910792643,3.0360206754205765,1440,2023-06-28,0.05,0.5687470240354241,2.506
506,5,210,168.81183003696043,7489.949212721643,7115.451752085534,7210.051635339699,0.9868794444147267,94.59988325416558,0.023724681990497903,0.19525174587557298,0.9668454496945784,0.0,0.0,0.0,0.0,False,1458.6848313348862,2.385795330343767,1440,2023-12-09,0.05,0.54821573569935,2.521
507,5,184,436.74038220906544,6391.169651915941,6071.611169320139,6103.596031037306,0.994759669290936,31.9848617171665,0.0719315466734621,0.2030446778874651,0.9918716605582295,0.0,0.0,0.0,0.0,False,1037.3997435931267,1.4803543798404342,1440,2023-03-31,0.05,0.5760861607409714,2.672
508,5,286,854.6270651275851,10420.403354803391,9899.383187063206,9987.895669051608,0.9911380249733018,88.51248198840312,0.08633134499171988,0.2309653841904586,0.959896915810273,0.0,0.0,0.0,0.0,False,1964.1077895530932,2.6915461942972567,1440,2023-11-14,0.05,0.5810858164537325,2.715
509,5,154,322.79759741736524,5467.394824289266,5194.02508307479,5249.210160516894,0.98948697503918,55.185077442103804,0.06214787034225749,0.21471770687777042,0.990865232208311,0.0,0.0,0.0,0.0,False,887.1660774595521,1.315570627654853,1440,2023-12-18,0.05,0.5221117179478328,2.665
510,5,162,673.2452397938054,5560.186758848245,5282.177420905826,5373.778594852601,0.982954047635212,91.60117394677425,0.12745600651906017,0.23114955887348795,0.955189179711683,0.0,0.0,0.0,0.0,False,1128.425244157628,3.5115111392314207,1440,2023-08-23,0.05,0.5099414438871385,2.623
511,5,205,1017.2327283531681,6818.054950439591,6477.152202917604,6537.1932918605535,0.9908154637223735,60.04108894294897,0.15704937856716725,0.22289979938105,0.9825536024707142,0.0,0.0,0.0,0.0,False,1223.6414975213165,1.6745197808108538,1440,2023-02-05,0.05,0.46249767230433014,2.69
512,5,206,736.1632342779059,7324.883561767006,6958.6393836786265,7007.803444326819,0.9929843836176665,49.16406064819334,0.10579126086122016,0.22453268611854024,0.9766299647273755,0.0,0.0,0.0,0.0,False,1136.5375545816178,2.4816611629149645,1440,2023-09-03,0.05,0.44154713595239437,2.516
513,5,152,479.716101609811,5752.888264968882,5465.24385172041,5497.735747420458,0.9940899495368992,32.4918957000467,0.08777579091165359,0.18962742034980073,0.9800003394124661,0.0,0.0,0.0,0.0,False,922.8099729104046,2.33974404847922,1440,2023-09-30,0.05,0.41996772174244035,2.523
514,5,288,1444.2995952860258,10341.753509459017,9824.665833986026,9910.139081819792,0.9913751717177646,85.47324783376624,0.14700750332798343,0.24907860039750432,0.973652179936611,0.0,0.0,0.0,0.0,False,1709.2986693018388,2.2676472505414456,1440,2023-02-03,0.05,0.4800144040482139,2.653
515,5,264,766.6649094288923,9705.745785204503,9220.458495944324,9312.038328882769,0.9901654364271251,91.57983293844454,0.08314824146392662,0.22310653893012672,0.9838280117223804,0.0,0.0,0.0,0.0,False,1645.9653146270853,2.0713955742990855,1440,2023-03-21,0.05,0.39480522376800964,2.611
516,5,240,684.8556072937895,8473.309519375896,8049.644043407098,8095.429279180348,0.9943443103269397,45.78523577324977,0.08507899276051926,0.2175246666483856,0.9525443521113377,0.0,0.0,0.0,0.0,False,1152.5541762017199,3.619115648398048,1440,2023-06-05,0.05,0.3826210878255707,2.608
517,5,231,725.9773345778913,8136.189517654086,7729.380041771367,7778.201714392026,0.9937232699262192,48.82167262065883,0.09392439376179472,0.2171526721023529,0.9610723141778127,0.0,0.0,0.0,0.0,False,1152.8012173512716,3.0557903539316285,1440,2023-07-24,0.05,0.3842776647590307,2.624
518,5,286,1074.8899162250013,10422.278388074297,9901.164468670608,9963.11544127796,0.9937819678018901,61.95097260735132,0.10856196961743055,0.2016933612009292,0.951000158637442,0.0,5.763888888888889,228.5072571865725,0.0,False,1666.2949868994974,3.6598715188480933,1550,2023-07-18,0.05,0.3855636807019529,2.66
519,5,171,667.9958853644821,6188.606074596678,5879.175770866861,5927.237187216303,0.9918914302175895,48.061416349441956,0.11362066918880175,0.22699171894933387,0.9985839679393839,0.0,0.0,0.0,0.0,False,1076.0597715918739,1.4416032279950843,1440,2023-10-22,0.05,0.42051830937937645,2.664
520,5,162,418.95686417579265,6254.958645483342,5942.21071320915,5968.249334159404,0.9956371425702305,26.038620950253943,0.07050521841046105,0.15375150135803306,0.9669270353313515,0.0,0.0,0.0,0.0,False,812.6315240531367,2.9628682008926353,1440,2023-05-27,0.05,0.39147603932735825,2.655
521,5,296,674.1811358834346,10480.40233868059,9956.382221746506,10021.555525968826,0.993496687809249,65.173304222321,0.0677134646770494,0.21992824678142495,0.9638614555386728,0.0,0.0,0.0,0.0,False,1765.8862590414049,2.397816416102926,1440,2023-04-01,0.05,0.5316831269187039,2.628
522,5,130,77.17673214872313,4782.534374368373,4543.4076556499185,4550.805411521473,0.99837440734055,7.3977558715548115,0.016986530375004017,0.1644617427184636,0.9980774252421876,0.0,0.0,0.0,0.0,False,952.776054522941,1.4612171400840257,1440,2023-11-18,0.05,0.497263544721247,2.53
523,5,182,730.4383156013256,6104.990774907466,5799.7412361621,5857.378425915942,0.9901598999479312,57.637189753841085,0.1259432595107783,0.22484155224348565,0.9834650783108354,0.0,0.0,0.0,0.0,False,1018.5278192469989,1.9669324946880027,1440,2023-09-11,0.05,0.5935311007658732,2.676
524,5,132,682.6894003584312,4987.48068042973,4738.106646408266,4784.062191250485,0.9903940327267763,45.955544842218245,0.14408485315034975,0.2264307279390633,0.9958224105398139,0.0,0.0,0.0,0.0,False,844.144755458948,1.370189357489696,1440,2023-01-25,0.05,0.5364674870343515,2.554
525,5,241,1039.7828927968242,9003.649513358154,8553.467037690272,8620.193404964994,0.992259295802309,66.7263672747238,0.12156274037359253,0.2267420203875923,0.9775023256102874,0.0,0.0,0.0,0.0,False,1589.5584750668786,2.0499445278076474,1440,2023-04-07,0.05,0.48599887312191015,2.586
526,5,283,886.2884785071681,10250.450234652139,9737.927722919503,9821.698547101809,0.9914708414455435,83.77082418230651,0.09101407442377814,0.2235503666214094,0.9697690768528556,0.0,0.0,0.0,0.0,False,1976.4933277794717,2.618464109298854,1440,2023-12-07,0.05,0.44360203758581357,2.55
527,5,252,270.5501939477315,8783.520850057324,8344.344807554437,8358.068252608926,0.9983580601833199,13.723445054489899,0.03242318003239663,0.18783751467390294,0.9510000931266452,0.0,1.0416666666666667,17.19433147285145,0.0,False,1974.1017249936708,3.1616256997166903,1471,2023-10-14,0.05,0.41552868911146823,2.616
528,5,272,216.941563752812,9511.603275365233,9036.023111597,9081.979507003547,0.9949398261280916,45.95639540654729,0.024008522452137727,0.22316458839754508,0.9641868279249683,0.0,0.0,0.0,0.0,False,1921.8729071718158,2.703333432271298,1440,2023-10-29,0.05,0.472246408882811,2.54
529,5,168,731.859606235012,5756.159859690101,5468.351866705547,5513.428709834696,0.9918241723070179,45.076843129148976,0.13383549999607594,0.21352923686194508,0.9913493671561208,0.0,0.0,0.0,0.0,False,1122.5126718030551,1.5136862611371193,1440,2023-02-09,0.05,0.43874279308799535,2.473
530,5,137,447.2867394485029,5018.10148992163,4767.196415425544,4794.041701252572,0.9944002811197878,26.84528582702818,0.0938259514546509,0.21279580056725766,0.9862728416184616,0.0,0.0,0.0,0.0,False,858.3483849435042,1.883166882011865,1440,2023-10-08,0.05,0.4324612119873656,2.684
531,5,122,264.7956496264954,4086.787683057566,3882.448298904695,3905.49812127691,0.9940981094711989,23.049822372214265,0.0682032648576927,0.220514852016442,0.9859503914171562,0.0,0.0,0.0,0.0,False,731.730987223323,2.0612052443860978,1440,2023-09-20,0.05,0.4284097169268112,2.532
532,5,125,99.768028664381,4654.86946519329,4422.125991933622,4451.837633777569,0.9933259825968236,29.711641843946555,0.022561100440459492,0.1842025010182832,1.0009754807076818,0.0,0.0,0.0,0.0,False,907.5152216833385,1.3310160668709428,1440,2023-11-01,0.05,0.40716086508933996,2.349
533,5,281,1126.1264504078442,10091.826209750727,9587.234899263127,9653.885024270927,0.9930960307855092,66.6501250078001,0.11746102627509399,0.22838514195837809,0.9615085186628807,0.0,0.0,0.0,0.0,False,1482.0243021354709,3.247372512167448,1440,2023-06-28,0.05,0.47083883076439825,2.459
534,5,161,610.3051362332351,6330.636701524755,6014.104866448507,6045.716101614748,0.9947713001016044,31.611235166241098,0.10147896483115981,0.20385886057883243,0.9875922272771467,0.0,0.0,0.0,0.0,False,1012.7234291632476,1.9877657390404053,1440,2023-05-05,0.05,0.4231601361383172,2.405
535,5,293,370.95827017285154,10482.783477037074,9958.644303185183,9996.186339741353,0.9962443640724348,37.5420365561701,0.037249876477082715,0.2132589512916739,0.9514391446649323,0.0,1.0416666666666667,34.75213980627355,0.0,False,1508.7244316149022,3.1407670969672625,1455,2023-08-06,0.05,0.4387820564435112,2.571
536,5,145,9.703205160954994,5360.207747935936,5092.197360539127,5115.036104132711,0.9955349790053032,22.838743593584915,0.0019055045344761902,0.19596470476821487,0.9854167211809528,0.0,0.0,0.0,0.0,False,1031.3901643154325,1.5486323527354993,1440,2023-12-25,0.05,0.42993644555483146,2.554
537,5,150,513.1056756169622,5132.712024413855,4876.076423193192,4979.4474022419245,0.9792404717434727,103.3709790487325,0.10522921116994002,0.22190094056291157,0.991621071117519,0.0,0.0,0.0,0.0,False,907.852468170159,1.5200678863312804,1440,2023-03-11,0.05,0.4611090639570868,2.487
538,5,169,575.521222352323,6073.600905167856,5769.92085990948,5821.269564383174,0.991179122714422,51.34870447369616,0.09974508079498198,0.23539770064834464,0.9822213111486984,0.0,0.0,0.0,0.0,False,1086.7254710265331,2.2416272892539864,1440,2023-05-08,0.05,0.42789239290241277,2.392
539,5,147,727.700968927507,5388.301948601595,5118.886851171525,5201.742981693334,0.984071467811192,82.85613052180726,0.14216000276719595,0.2233855329199973,0.9978874361426048,0.0,0.0,0.0,0.0,False,968.8444774841981,1.394842732601329,1440,2023-01-27,0.05,0.36985629883830345,2.489
540,5,220,748.501052769946,7389.8362106100985,7020.3444000795735,7135.269249279585,0.9838934110003467,114.9248492000113,0.10661885088735276,0.2303920683725814,0.9879841492180093,0.0,0.0,0.0,0.0,False,1384.7116582566223,1.9987051975878167,1440,2023-03-11,0.05,0.34868491594338036,2.477
541,5,198,704.2797397585233,6838.650807580483,6496.718267201475,6567.748818319018,0.989184947067491,71.03055111754259,0.10840546115629833,0.23753944911619218,0.9764508360598713,0.0,0.0,0.0,0.0,False,1036.3958891154614,2.5112098752104344,1440,2023-09-08,0.05,0.31481382821312787,2.492
542,5,172,517.4444206986067,6348.339960339779,6030.922962322784,6081.621702277569,0.9916636149966713,50.69873995478443,0.08579854591598285,0.20524286627882313,0.9860487673424716,0.0,0.0,0.0,0.0,False,1017.7996008473087,1.7087338394256413,1440,2023-01-13,0.05,0.2701157479371725,2.649
543,5,228,655.4093350746905,7813.847016958421,7423.154666110508,7463.58765375232,0.9945826337791471,40.43298764181276,0.08829256085244735,0.2087283477189436,0.9795964049691689,0.0,0.0,0.0,0.0,False,1516.601070638032,1.9957537550886106,1440,2023-11-06,0.05,0.305147622644679,2.616
544,5,267,955.1003119679436,9675.18870868409,9191.429273249842,9267.943449718361,0.9917442119836365,76.51417646852116,0.10391205584833337,0.23519768349780157,0.963755318305852,0.0,0.0,0.0,0.0,False,1378.4007324498075,2.9266287209122854,1440,2023-09-06,0.05,0.3250686458564719,2.604
545,5,299,1342.5763904208015,10697.22993899263,10162.36844204299,10246.466824962552,0.9917924505728473,84.09838291956154,0.13211254817985096,0.2397092719057964,0.9588412455218802,0.0,0.0,0.0,0.0,False,1907.2929578612752,2.947920402938747,1440,2023-01-02,0.05,0.28101304153752865,2.47
546,5,276,285.7248461629009,9989.356064731943,9489.88826149539,9551.773903181747,0.9935210315577359,61.885641686356514,0.030108346725452085,0.21458218129826848,0.9510002692571745,0.0,4.166666666666667,831.01373737882,67.05211947207486,True,1540.0374016725007,4.741388017849944,1699,2023-07-02,0.05,0.2338575999894956,2.519
547,5,294,478.7949250934681,10616.036808551386,10085.234968123768,10136.729567887869,0.9949199986623664,51.49459976409956,0.047474840854654074,0.20856628235669808,0.9690757096401154,0.0,0.0,0.0,0.0,False,1892.3904318823988,2.4020755030046734,1440,2023-03-12,0.05,0.2506837370227172,2.581
548,5,269,792.9252680925852,10018.675767163788,9517.741978805687,9646.890188453028,0.9866124515647616,129.1482096473402,0.08331022944920005,0.2344693046260386,0.9730410829502182,0.0,0.0,0.0,0.0,False,1815.946571287801,2.2904540138728575,1440,2023-11-27,0.05,0.27695131020291436,2.494
549,5,298,926.8775533512286,10241.090041640902,9729.035539558801,9828.350571189701,0.9898950458765658,99.31503163090021,0.09526921240882437,0.25091421344000175,0.9629676632161918,0.0,0.0,0.0,0.0,False,1529.4904469675246,3.1013849845280257,1440,2023-05-18,0.05,0.2392552545232211,2.548
550,5,182,554.6156434059918,6269.536270035062,5956.05945653332,6074.969553839172,0.9804262233329706,118.91009730585124,0.09311788229340506,0.21439925023508355,0.9586266741569769,0.0,0.0,0.0,0.0,False,824.1388011673223,3.2450334117828046,1440,2023-06-24,0.05,0.17037389991674734,2.428
551,5,164,409.27579239647065,5913.144335585911,5617.487118806624,5638.213483953707,0.9963239481431361,20.7263651470819,0.07285745098128805,0.20575213504676682,0.983083719885496,0.0,0.0,0.0,0.0,False,1230.6012561424996,1.8559897082424013,1440,2023-10-27,0.05,0.19488177277063434,2.56
552,5,268,495.55324053187525,9501.256755823068,9026.193918031915,9050.963860843856,0.9972632812159266,24.769942811941863,0.05490168337087161,0.18234601641502146,0.9510000028442356,0.0,6.527777777777778,176.94232858851373,0.0,False,1372.4456580883345,3.7830277933167133,1705,2023-07-29,0.05,0.23322411771570242,2.708
553,5,228,594.9991960928376,8298.779431117578,7883.84045956171,7922.229077189706,0.9951543161332551,38.38861762799509,0.07547073017836228,0.19759401774493748,0.977228875995868,0.0,0.0,0.0,0.0,False,1351.085547055668,2.388065316708272,1440,2023-08-12,0.05,0.31627415384084556,2.779
554,5,226,966.576339285028,8030.479396754476,7628.95542691678,7653.446865843027,0.9967999465658341,24.491438926246076,0.12669838597755012,0.20159674700904526,0.982849686169943,0.0,0.0,0.0,0.0,False,1375.6615661599449,1.8655158711854736,1440,2023-10-15,0.05,0.34928887892789795,2.727
555,5,198,-22.906010531377294,7069.815948094893,6716.3251506902,6731.302814976249,0.9977749234141234,14.977664286049283,-0.0034104975589252656,0.17515386027634325,0.9843189500821221,0.0,0.0,0.0,0.0,False,1452.3210162561727,1.87738055353931,1440,2023-12-24,0.05,0.3668148172660505,2.58
556,5,194,565.5757722561791,7123.044889078272,6766.892644624363,6800.8180702070695,0.9950115669567274,33.92542558270708,0.08357983522990776,0.20349635719124157,0.9510004259986335,0.0,2.0833333333333335,59.22542869671867,0.0,False,1317.3953882101273,3.8248290415056765,1504,2023-06-05,0.05,0.4402522257346998,2.593
557,5,161,329.46382866936557,5857.652300778348,5564.76968573943,5600.369018986946,0.9936433950822128,35.5993332475159,0.059205294607909256,0.22070321505227586,0.9742910976943564,0.0,0.0,0.0,0.0,False,1011.2818731534823,2.440212770136865,1440,2023-10-03,0.05,0.43647384143728085,2.536
558,5,142,491.8523126850341,4897.34040569622,4652.473385411386,4686.379551385582,0.9927649552063764,33.90616597419667,0.10571845810603021,0.21370980803064527,0.9887826082758947,0.0,0.0,0.0,0.0,False,844.9803306454694,1.7722105885105741,1440,2023-03-27,0.05,0.39456088595245653,2.595
559,5,131,404.43783513037044,4775.423033265625,4536.651881602324,4556.700780881127,0.9956001281973739,20.048899278803717,0.0891489683769884,0.20611233904881052,0.9968423747372699,0.0,0.0,0.0,0.0,False,824.2507086052424,1.4560083841210327,1440,2023-11-06,0.05,0.37573052661065204,2.496
560,5,154,298.0402364328851,5393.192552454366,5123.532924831664,5169.077339875794,0.9911890629507927,45.544415044130304,0.05817084437740338,0.18132432378915464,0.9516353408325371,0.0,0.0,0.0,0.0,False,893.7571414475049,3.4163359091662793,1440,2023-08-07,0.05,0.3770750539448044,2.509
561,5,150,560.5184979552614,5587.78400869471,5308.394808259958,5327.716365628738,0.9963733885134294,19.32155736878012,0.10559095888706027,0.19414544332613357,0.9951807545102311,0.0,0.0,0.0,0.0,False,987.3244136676137,1.4234746302131063,1440,2023-12-05,0.05,0.43361809319391154,2.517
562,5,179,578.2929531487506,5952.547480133852,5654.920106127138,5670.023807182714,0.997336219111383,15.103701055576494,0.10226368229714985,0.1996142339208738,0.9854551804412255,0.0,0.0,0.0,0.0,False,1203.1343131605804,1.7284599067382935,1440,2023-10-23,0.05,0.45093878944553684,2.576
563,5,184,755.3002710666952,6690.781845607454,6356.242753327057,6388.45601953653,0.9949575819085297,32.21326620947296,0.11882810339037908,0.21337598556316803,0.9567453487011547,0.0,0.0,0.0,0.0,False,1375.0,3.128991381019486,1440,2023-09-26,0.05,0.4527832954423649,2.66
564,5,251,1174.2162530069195,8788.749594341054,8349.312114624032,8406.51924293434,0.9931949090155963,57.20712831031207,0.14063628678466217,0.22299192371725884,0.9745260025295451,0.0,0.0,0.0,0.0,False,1698.030333339685,2.340670883164318,1440,2023-02-22,0.05,0.42331424734862166,2.603
565,5,135,117.52951463210228,4837.043132680115,4595.190976046099,4609.692579777857,0.9968541061077751,14.501603731757418,0.025576633320521912,0.20204771120241197,0.957916056001725,0.0,0.0,0.0,0.0,False,863.6679095419386,3.3542025171014163,1440,2023-08-02,0.05,0.37743434874876436,2.579
566,5,150,412.52100582149285,5198.068426424003,4938.165005102823,4987.224190082745,0.9901630279469935,49.059184979922755,0.08353730695414527,0.20523366335708051,0.9964089931238855,0.0,0.0,0.0,0.0,False,1036.9280095341442,1.4349928963271763,1440,2023-03-21,0.05,0.386705311841421,2.559
567,5,147,331.85363830269625,4983.601784296293,4734.421695081481,4764.334614294035,0.9937214906940395,29.912919212554932,0.07009380652497728,0.21179583624102355,0.9709870775066456,0.0,0.0,0.0,0.0,False,1006.60892723716,2.6911211597885116,1440,2023-07-31,0.05,0.38685130440742155,2.544
568,5,214,22.234956555566615,7600.7616827163965,7220.723598580593,7252.679025073567,0.9955939830809416,31.955426492973924,0.003079325257642798,0.16007016112888608,0.9657886522683782,0.0,0.0,0.0,0.0,False,1435.4814664094072,2.639181338289818,1440,2023-12-31,0.05,0.3719415263034961,2.519
569,5,128,456.4266500635855,4578.650938596975,4349.718391667124,4401.785124488678,0.9881714505935584,52.0667328215534,0.10493245975141165,0.2387248148989878,0.9561493717170105,0.0,0.0,0.0,0.0,False,813.112229591622,3.439885981824386,1440,2023-08-31,0.05,0.4758066810106138,2.435
570,5,297,1009.1320132801443,10659.880212485226,10126.886201860936,10209.059064326393,0.9919509856934225,82.17286246545768,0.09964879560853604,0.23354567253862607,0.9642416185761427,0.0,0.0,0.0,0.0,False,1837.8092449623673,2.3790013428342363,1440,2023-05-08,0.05,0.38392232573713475,2.586
571,5,232,731.6801944370555,7973.648500305384,7574.966075290153,7699.076400950452,0.9838798423087505,124.1103256602984,0.0965918773978178,0.2080369895047428,0.991133236820769,0.0,0.0,0.0,0.0,False,1255.05851527301,1.7053959256982512,1440,2023-01-06,0.05,0.32013167108421614,2.493
572,5,160,497.8896791605212,5428.592066182972,5157.1624628738155,5188.033331940565,0.9940496008619122,30.870869066750465,0.09654333807492144,0.2249022775690076,0.9696539859742521,0.0,0.0,0.0,0.0,False,1002.1819450491387,2.8114236012834053,1440,2023-09-17,0.05,0.32481640056118716,2.596
573,5,209,561.6669439026662,7313.983442792153,6948.284270652558,6977.475455388585,0.9958163686962906,29.191184736027566,0.08083534323357734,0.21319226189524798,0.9552606301561164,0.0,0.0,0.0,0.0,False,1108.5321771112601,3.3136462708862653,1440,2023-05-26,0.05,0.29021543652293114,2.517
574,5,148,409.7497327316917,5161.164607007071,4903.106376656693,4965.216631427017,0.9874909275101511,62.11025477032564,0.08356941523489644,0.21559614682006067,0.9604378344369611,0.0,0.0,0.0,0.0,False,1027.795032485756,3.2567032686297592,1440,2023-05-16,0.05,0.28763708667983506,2.666
575,5,164,454.87276676477205,5542.52115184544,5265.395094253156,5358.625228152742,0.9826018558995727,93.23013389958608,0.08638910444939579,0.2307175053042396,0.9510000735994047,0.0,1.0416666666666667,25.133972516102556,0.0,False,896.3791774515303,3.8538991734744696,1471,2023-06-06,0.05,0.2795060526297673,2.606
576,5,217,543.566834698432,7586.71194657771,7207.376349248836,7289.383353835461,0.988749802197812,82.00700458662455,0.0754181283672086,0.20701998483718512,0.9591989203719858,0.0,0.0,0.0,0.0,False,906.746820524882,3.3006692615571183,1440,2023-06-02,0.05,0.23819836145930742,2.838
577,5,215,759.916221257624,8030.276444770014,7628.762622531509,7746.4695332423125,0.9848050895694239,117.70691071080383,0.09961198936944447,0.22419725541768665,0.9637834693347597,0.0,0.0,0.0,0.0,False,1076.5043452154314,2.9582204952355347,1440,2023-07-08,0.05,0.25693575430860016,2.669
578,5,287,1030.4605703798754,10419.56165361993,9898.583570938934,9962.075740394308,0.9936266124540767,63.492169455370735,0.10410182052765461,0.23531282269714118,0.9674820110700693,0.0,0.0,0.0,0.0,False,1997.8285268572529,2.5722701785905095,1440,2023-04-27,0.05,0.23292581054004668,2.542
579,5,196,199.84169975241636,7107.599232444865,6752.219270822609,6821.226119670882,0.989883512489159,69.0068488482737,0.02959644699572531,0.20973705133409268,0.9771266438943024,0.0,0.0,0.0,0.0,False,1331.004940873544,1.8755621784653314,1440,2023-11-02,0.05,0.1874979663755468,2.618
580,5,276,975.8979775145086,10100.980359179546,9595.931341220536,9696.346130793529,0.9896440588837793,100.41478957299172,0.101699141314446,0.2504497721200798,0.9724871424959146,0.0,0.0,0.0,0.0,False,1756.2010363178474,2.283012283255598,1440,2023-02-01,0.05,0.206935535475949,2.606
581,5,239,889.1929788614074,8366.763949260036,7948.425751797062,8024.082144594885,0.9905713337133785,75.6563927978241,0.11187032585167818,0.23623299528704983,0.972837128498688,0.0,0.0,0.0,0.0,False,1709.6430525673368,2.2782030858441447,1440,2023-01-09,0.05,0.1303951164210951,2.642
582,5,277,782.4233656355908,9763.50680610218,9275.33146579703,9368.583210339657,0.9900463343870703,93.25174454262738,0.08435529970231173,0.22318922950371653,0.975319275068216,0.0,0.0,0.0,0.0,False,1729.5063047733152,2.1348077706917183,1440,2023-11-07,0.05,0.09862804044552548,2.555
583,5,288,959.9782130598169,10197.72413896985,9687.83793202133,9798.171091413156,0.9887394128595571,110.3331593918256,0.09909106859506692,0.24455763041816275,0.9650779305335646,0.0,0.0,0.0,0.0,False,1936.1775521994707,2.7496342570063206,1440,2023-05-01,0.05,0.10075120291321715,2.549
584,5,163,780.1282756062892,5955.976970495261,5658.178121970497,5696.174734570053,0.9933294510140367,37.996612599557125,0.13787623132207166,0.2219561538360441,0.9883915828768302,0.0,0.0,0.0,0.0,False,1032.9385105537126,1.7773660863840592,1440,2023-02-21,0.05,0.05321136935468063,2.473
585,5,183,170.44140028830816,6331.593561603596,6015.013883523374,6060.215284062837,0.9925412879871885,45.201400539462156,0.02833599449457461,0.22511510696912818,0.9796720363129587,0.0,0.0,0.0,0.0,False,1355.713586567475,2.0238690761053753,1440,2023-01-04,0.05,0.06380494329671021,2.474
586,5,265,674.075834603941,9331.178420511334,8864.619499485745,8936.291219070654,0.9919797018888601,71.67171958490883,0.07604114701629838,0.20571718678380377,0.9572635149262319,0.0,0.0,0.0,0.0,False,1766.7182740231524,2.996978862084993,1440,2023-06-30,0.05,0.06407435020909258,2.532
587,5,236,559.5619448503148,8295.753314628351,7880.965648896943,8020.074259385512,0.9826549473247362,139.1086104885692,0.07100169824095524,0.24337788527978016,0.9788003019112417,0.0,0.0,0.0,0.0,False,1496.889978783943,2.1437980608483116,1440,2023-10-27,0.05,0.10667944080752195,2.615
588,5,149,432.7585313872898,5100.247719535347,4845.235333558565,4968.547802841669,0.975181386156217,123.312469283103,0.08931630800055525,0.20952072408016376,0.9747479234859459,0.0,0.0,0.0,0.0,False,1068.2937172823858,2.5951409977191684,1440,2023-07-04,0.05,0.0557410823311284,2.594
589,5,159,829.9994904393567,5659.73072395586,5376.744187758062,5418.356049779486,0.9923202053096681,41.611862021423065,0.15436841729036044,0.21317016677370784,0.9896118334683699,0.0,0.0,0.0,0.0,False,1063.1580828447577,1.6221975239470572,1440,2023-01-19,0.05,0.08900011398516144,2.67
590,5,174,249.87233222061033,6243.001723882721,5930.851637688591,6196.948417913229,0.9570600298276738,266.0967802246382,0.04213093624408925,0.20989093940262213,0.981479069995763,0.0,0.0,0.0,0.0,False,1276.962124057131,1.8570119451171296,1440,2023-12-16,0.05,0.10692005704390556,2.556
591,5,290,845.3014837746241,10488.1857225292,9963.776436402708,10050.60830547539,0.9913605359562786,86.83186907268134,0.08483745988983764,0.24979599755697202,0.9700333352926818,0.0,0.0,0.0,0.0,False,1525.726579832532,2.7822001241276655,1440,2023-05-23,0.05,0.12797576473715827,2.563
592,5,238,1229.3419721930693,8647.931307858616,8215.534742465661,8300.659942931801,0.9897447671569023,85.12520046613932,0.14963626966832314,0.2217247701839129,0.9811297646155577,0.0,0.0,0.0,0.0,False,1519.6722366905453,1.9138827414201807,1440,2023-01-20,0.05,0.054539403074342074,2.465
593,5,231,1055.43474766832,7822.422780300921,7431.301641285875,7485.072530604902,0.9928162500631532,53.770889319025365,0.14202555603511915,0.2216837175003425,0.989025763504431,0.0,0.0,0.0,0.0,False,1300.3166450491979,1.7417950281188557,1440,2023-01-27,0.05,0.0564607754556235,2.457
594,5,267,967.0518857177234,9789.448060043907,9299.9756570417,9383.700834605715,0.9910775951791589,83.72517756401669,0.103984345914443,0.22866920058405318,0.9672264430486995,0.0,0.0,0.0,0.0,False,1358.5776412087205,2.7530515536538442,1440,2023-09-16,0.05,0.05700400338948641,2.465
595,5,148,706.6988186457986,5436.7322331547075,5164.895621496949,5224.995987180754,0.9884975288342311,60.10036568380488,0.1368273185820888,0.2226981030463516,0.997527895357555,0.0,0.0,0.0,0.0,False,805.1405282440268,1.3562335870127677,1440,2023-02-04,0.05,0.040637062923210565,2.681
596,5,295,679.625816309188,10641.746760042608,10109.659422040535,10171.010501983135,0.9939680447748395,61.35107994260086,0.06722539186903809,0.2371944939524574,0.9510057047959425,0.0,2.0833333333333335,58.650323332262516,0.0,False,1670.3364731541142,3.7099237718445988,1523,2023-05-29,0.05,0.03954501998081583,2.618
597,5,166,225.7881432641719,6184.51068408436,5875.285149880114,5931.195822969417,0.9905734568950192,55.910673089303735,0.03843015913343017,0.21577640947540425,0.9731712350858882,0.0,0.0,0.0,0.0,False,1197.8277242440197,2.652584401163936,1440,2023-09-24,0.05,0.00491960093584437,2.612
598,5,291,245.9477526351155,10436.941580835177,9915.0945017934,9971.147635320896,0.994378467195798,56.053133527496485,0.024805386634552958,0.223201470918421,0.9510084574220738,0.0,0.7638888888888888,10.256879839225364,0.0,False,1671.487403266438,3.7905454743676392,1463,2023-07-02,0.05,0.023550231075613937,2.636
599,5,148,508.4647460833399,5194.666443045665,4934.933120893375,5061.846634825095,0.9749274280539112,126.91351393171884,0.10303376634034142,0.23004435179742644,0.9955760480694106,0.0,0.0,0.0,0.0,False,907.9306697314739,1.5306082762231874,1440,2023-03-11,0.05,0.020959526466871714,2.906
