episode,stage,n_ev,cost_eur,energy_drawn_kwh,energy_delivered_kwh,energy_requested_kwh,service_quality,unmet_kwh,cost_per_kwh,retail_price_paid,min_voltage_pu,violation_rate_pct,q_activation_pct,q_kvarh,curtailed_kwh,q_exhausted_any,peak_ev_kw,peak_feeder_mw,pf_solves,day,noise,w_retail,wall_s
0,0,60,235.02482690614397,2217.997532533302,2107.0976559066407,2146.437464763594,0.9816720451898717,39.33980885695363,0.11153959867371104,0.2404824633107286,1.0048398671871026,0.0,0.0,0.0,0.0,False,515.4355627298355,1.154506952294558,1440,2023-11-21,0.3,0.0,0.275
1,0,60,45.01075616823832,2146.9231941115027,2039.5770344059226,2041.2542211542916,0.9991783547923685,1.6771867483691265,0.022068671792702756,0.13764339386218358,0.9748502608965234,0.0,0.0,0.0,0.0,False,471.939509057554,2.5840821654593915,1440,2023-10-14,0.2985,-0.0910855424491393,0.302
2,0,60,26.61012916522917,2270.0565307048696,2156.553704169623,2172.4450937096235,0.992685021321821,15.891389540000922,0.01233919151365412,0.2016675576900918,1.0009866172822128,0.0,0.0,0.0,0.0,False,429.6310156583786,1.3663269506348021,1440,2023-11-04,0.2970075,0.0654098066852391,2.013
3,0,60,276.1588414882093,2035.6410392457494,1933.8589872834639,1946.2321754912205,0.9936424911870375,12.373188207756584,0.142801953660611,0.20102799998510484,1.0067786592784036,0.0,0.0,0.0,0.0,False,373.92685490846634,1.1012311827365917,1440,2023-01-27,0.29552246249999997,0.04966954768683919,2.347
4,0,60,229.37254699046213,1967.1412029558078,1868.784142808005,1885.111314512413,0.9913388819117926,16.32717170440789,0.12273891978011468,0.21187527142235374,1.0045515395731146,0.0,0.0,0.0,0.0,False,470.33126598596573,1.0956158993997946,1440,2023-03-03,0.2940448501875,0.038432967439835285,2.31
5,0,60,56.55094340985388,2101.3253263099723,1996.2590599944708,2004.6026460539265,0.9958377855701827,8.343586059455605,0.02832845923815645,0.17115270667607152,0.9585863631926645,0.0,0.0,0.0,0.0,False,472.71521314625096,3.2760467014784056,1440,2023-07-02,0.29257462593656247,0.0049859425091669015,2.388
6,0,60,310.7803407285748,2299.3062818025,2184.3409677123727,2209.267258323368,0.988717394639745,24.926290610995615,0.14227647849962285,0.22644186866202515,1.0063036875122449,0.0,0.0,0.0,0.0,False,369.0278662092461,1.1235441460719788,1440,2023-02-08,0.2911117528068797,0.0692603296726495,2.587
7,0,60,192.68044632323256,2136.934653373241,2030.08792070457,2038.3821692278107,0.9959309649346164,8.29424852324104,0.09491236530108517,0.1782603825937051,1.0075133339468199,0.0,0.0,0.0,0.0,False,437.5033329711074,1.0356413402343656,1440,2023-12-04,0.28965619404284526,-0.002278410398763657,2.809
8,0,60,192.868343080581,2226.2170572898044,2114.9062044253137,2130.7611779389536,0.9925590095793955,15.854973513639552,0.09119475023384754,0.19375118323521354,0.9624674372730753,0.0,0.0,0.0,0.0,False,396.49726768728516,3.1450532552447523,1440,2023-07-11,0.28820791307263105,0.04757684776472465,3.041
9,0,60,144.54926422670016,2279.4855064767635,2165.5112311529238,2178.382095094733,0.9940915489661838,12.87086394180928,0.06675064167168589,0.15909234552063312,0.9621008525853105,0.0,0.0,0.0,0.0,False,312.2198701978831,3.0825393829517194,1440,2023-06-10,0.28676687350726787,0.05369373372243608,3.21
10,0,60,266.38038566561016,2240.529502910397,2128.5030277648693,2140.381577520745,0.9944502653729459,11.878549755875353,0.1251491692475227,0.20654986528956595,1.0060182953150825,0.0,0.0,0.0,0.0,False,477.812088906765,1.10260138461945,1440,2023-03-08,0.28533303913973157,0.13688206818465048,3.191
11,0,60,269.9124468147663,1840.0074085804963,1748.0070381514718,1760.6828744766788,0.992800613609095,12.675836325206816,0.15441153320538137,0.19347948578514879,1.003216274802577,0.0,0.0,0.0,0.0,False,446.021401086573,1.2535052489107685,1440,2023-02-06,0.2839063739440329,0.09869869899829148,3.138
12,0,60,189.55068845177416,2019.0465440999142,1918.094216894928,1920.3106200292239,0.9988458100938575,2.2164031342957053,0.09882240756589364,0.11647888353767294,0.9892245446608506,0.0,0.0,0.0,0.0,False,477.9506254847974,1.8942612239558996,1440,2023-05-05,0.2824868420743127,0.0972328642696646,3.091
13,0,60,82.1738762575162,2211.0584532144444,2100.505530553729,2106.386890026291,0.9972078446270197,5.881359472561769,0.03912099971279474,0.14678050374410773,1.0076897142366104,0.0,0.0,0.0,0.0,False,446.18335497379303,0.9412974166491116,1440,2023-11-23,0.28107440786394117,0.2696375772543263,3.025
14,0,60,222.7144878676211,2095.836524457234,1991.0446982343615,1992.4297357389548,0.9993048500131526,1.3850375045933667,0.1118581054785571,0.12573323610912202,1.0058429854215678,0.0,0.0,0.0,0.0,False,517.614286454972,1.0268910844721446,1440,2023-10-25,0.27966903582462144,0.3435587580006938,3.134
15,0,60,-13.675046380900998,2134.3267515474013,2027.6104139700255,2036.4916546497898,0.9956389506141672,8.881240679764376,-0.006744415143402967,0.15541615904371578,0.957765304975985,0.0,0.0,0.0,0.0,False,260.90338054424296,3.254875812556455,1440,2023-07-01,0.27827069064549836,0.4527130295893002,3.274
16,0,60,164.3184280143318,2182.847976434666,2073.7055776129246,2077.575218084994,0.9981374246100045,3.8696404720693813,0.0792390345998304,0.14622722044493636,1.0061905858435845,0.0,0.0,0.0,0.0,False,460.72544297094964,1.0547872873321371,1440,2023-11-27,0.2768793371922708,0.4769632084518933,3.107
17,0,60,213.57846647222595,2069.485342944802,1966.0110757975583,1969.0809743222824,0.9984409485619145,3.069898524724005,0.10863543400211154,0.13191643316997645,0.9920295464956962,0.0,0.0,0.0,0.0,False,581.4392763376236,1.789616269908938,1440,2023-04-17,0.27549494050630946,0.5192676554370357,3.001
18,0,60,158.39795504315254,1948.2119264021665,1850.8013300820678,1861.6126245235553,0.9941925112136288,10.811294441487455,0.08558344565060848,0.15829145164409916,1.0061635582410453,0.0,0.0,0.0,0.0,False,357.2475893493498,1.1308159434776903,1440,2023-12-08,0.27411746580377794,0.5879991233715626,3.027
19,1,60,234.9300720281793,2387.064286225921,2267.7110719146185,2280.741074103612,0.9942869436881981,13.030002188993377,0.10359788552332148,0.20379105797578703,0.9998876667948902,0.0,0.0,0.0,0.0,False,518.4045814777578,1.418657224265801,1440,2023-04-27,0.27274687847475904,0.5870446844939091,3.148
20,1,120,253.39520435353853,4405.277548005659,4185.013670605347,4200.439414005037,0.9963275881689287,15.425743399689182,0.060548238141569996,0.18514021050662202,0.9839267058258377,0.0,0.0,0.0,0.0,False,793.5973011255264,2.0209670306564758,1440,2023-09-20,0.27138314408238523,0.4859924465632837,3.064
21,1,120,442.73458461117275,4452.944306001273,4230.2970907012195,4240.20372794492,0.9976636412117629,9.906637243699913,0.10465803585860786,0.15059537487016303,0.9919327226961023,0.0,0.0,0.0,0.0,False,944.2467914465894,1.355673641864541,1440,2023-11-21,0.2700262283619733,0.4469255101256153,2.993
22,1,120,499.19350994187727,4336.011413490767,4119.210842816226,4125.095310911215,0.9985734952403588,5.884468094987508,0.1211866857489111,0.12792746166281854,0.9919106494479838,0.0,0.0,0.0,0.0,False,981.8566455916787,1.5860774424181925,1440,2023-04-08,0.26867609722016345,0.49414083063218217,2.877
23,1,120,348.33995263852165,4382.783010192144,4163.643859682523,4178.79899656976,0.9963733271450297,15.155136887237157,0.08366228341755495,0.14392334112204597,0.9643821463094863,0.0,0.0,0.0,0.0,False,904.1058374287818,3.045976562083492,1440,2023-06-07,0.2673327167340626,0.5853861230104527,2.865
24,1,120,516.3864416407168,4097.748810196614,3892.8613696867774,3909.386145581175,0.9957730509908632,16.524775894397305,0.1326495840981529,0.1856879071700364,0.9865909541695475,0.0,0.0,0.0,0.0,False,1091.8763010801242,1.6934767917673472,1440,2023-02-09,0.2659960531503923,0.6259952550466664,2.737
25,1,120,446.55295919392165,4245.28021677929,4033.0162059403256,4085.724936266065,0.9870992954376635,52.708730325739424,0.11072431559689326,0.2529598196352375,1.0022287005661195,0.0,0.0,0.0,0.0,False,766.3517143547039,1.2042761698360558,1440,2023-12-05,0.26466607288464034,0.5673161200115567,2.639
26,1,120,55.77880484990015,4176.581577486281,3967.752498611976,3983.978834111249,0.9959271029855025,16.226335499272874,0.01405803534101813,0.17272600418966977,0.9913733000632625,0.0,0.0,0.0,0.0,False,878.2381265163422,1.4768959838812363,1440,2023-11-13,0.26334274252021717,0.3697266135782646,2.896
27,1,120,359.4184899384145,3794.5970264136045,3604.867175092926,3653.684611029119,0.9866388478663891,48.817435936192815,0.09970367075429053,0.24018115907635906,0.9948702030010722,0.0,0.0,0.0,0.0,False,501.49756395816803,1.5457096469390772,1440,2023-03-16,0.26202602880761605,0.38953310220239645,2.807
28,1,120,156.7774159968456,4470.0143563540905,4246.513638536374,4269.455553501166,0.9946265010427434,22.94191496479165,0.03691908924396657,0.19159931056310045,0.9943418068999695,0.0,0.0,0.0,0.0,False,846.9067440089201,1.4651287106599165,1440,2023-01-04,0.260715898663578,0.2549678943971675,2.732
29,1,120,402.54281602221755,4090.55795226771,3886.030054654313,3911.149823240681,0.9935773954663913,25.11976858636887,0.10358715973904795,0.2151080534528406,0.9779916880387631,0.0,0.0,0.0,0.0,False,759.4164155937881,2.418987481397699,1440,2023-05-07,0.2594123191702601,0.25461582935399824,2.729
30,1,120,570.7890501011711,4402.322426979172,4182.2063056301695,4206.553746909649,0.9942120218249044,24.347441279479657,0.136480366674586,0.17296874233172996,0.9945956559629525,0.0,0.0,0.0,0.0,False,820.6354179100119,1.2813868969411781,1440,2023-03-02,0.2581152575744088,0.2018595402893925,2.813
31,1,120,574.6015919084964,4444.097634495503,4221.892752770731,4242.467441072412,0.9951503014254176,20.574688301680336,0.13610047093958003,0.1962447624222673,0.9993494635991791,0.0,0.0,0.0,0.0,False,747.5429725424552,1.1909206189436818,1440,2023-02-26,0.25682468128653674,0.2537125563875648,2.826
32,1,120,326.6803221067982,3989.473897134539,3790.0002022778144,3811.8067425874265,0.994279211465267,21.806540309612096,0.08619533104786148,0.16919671238368558,0.9941122284592324,0.0,0.0,0.0,0.0,False,968.7222445854131,1.4742462738854543,1440,2023-04-11,0.25554055788010405,0.24417548694580715,2.816
33,1,120,144.26392609927618,4377.667499291863,4158.7841243272715,4184.606870368791,0.9938291106329796,25.822746041518318,0.03468896720447408,0.20254249290058385,0.9930548801506727,0.0,0.0,0.0,0.0,False,953.8299962918788,1.4315150588356955,1440,2023-10-18,0.25426285509070357,0.2975917058580965,2.799
34,1,120,429.10028053987924,4136.917744046635,3930.071856844302,3948.599277969161,0.9953078497409877,18.527421124858463,0.10918382568313405,0.16222906837645412,0.9991819346903561,0.0,0.0,0.0,0.0,False,871.2112624390962,1.2585323217075222,1440,2023-04-15,0.25299154081525005,0.2668368392057226,2.85
35,1,120,334.84263891521124,4212.48918862703,4001.8647291956568,4019.509895773228,0.9956101198814994,17.64516657757064,0.08367165348502721,0.19235878816432544,1.0033346984469536,0.0,0.0,0.0,0.0,False,781.5683995454164,1.1595932962695963,1440,2023-11-24,0.25172658311117374,0.33281102641808624,2.849
36,1,120,56.9642997593519,4254.170926940478,4041.462380593462,4065.4565697520247,0.9940980333335534,23.994189158562495,0.01409497216475069,0.18491486020383416,0.9972093843338039,0.0,0.0,0.0,0.0,False,725.2337941486754,1.4567172865680034,1440,2023-11-04,0.2504679501956179,0.31968705324644386,2.964
37,1,120,147.46092378278854,4105.77212923209,3900.4835227704953,3931.3460645822424,0.9921496247583519,30.862541811747377,0.037805806106328,0.21068016485861032,0.9598820854007772,0.0,0.0,0.0,0.0,False,740.5942366068429,3.2570342219859127,1440,2023-07-14,0.24921561044463983,0.3263187732120192,2.821
38,1,120,455.6883848948723,4356.550233541661,4138.722721864575,4152.261559246685,0.9967394064201086,13.538837382110668,0.11010362750021964,0.17397197043545753,0.9858218860681686,0.0,0.0,0.0,0.0,False,815.3894483286344,2.008201931227018,1440,2023-04-28,0.2479695323924166,0.2744064707010413,2.743
39,2,120,331.7273183896265,4361.766720480529,4143.678384456507,4161.816936215692,0.9956416747691746,18.138551759185525,0.08005624172811773,0.1902831790813309,0.9611495063617641,0.0,0.0,0.0,0.0,False,711.1299982551517,3.1587845259067104,1440,2023-05-25,0.24672968473045453,0.3149360579014223,2.813
40,2,180,700.5672012975199,6452.514401365475,6129.888681297181,6140.099853636717,0.9983369696612527,10.211172339535993,0.11428710009612586,0.1756383093833171,0.9801621428393992,0.0,0.0,0.0,0.0,False,1373.0946911504075,1.919307260173474,1440,2023-10-11,0.24549603630680228,0.31196090968673906,2.853
41,2,180,561.8040906126128,6473.3311213804645,6149.664565311456,6167.853281412748,0.9970510459196386,18.188716101292208,0.09135524135439729,0.17973680769638153,0.9629991756756805,0.0,0.0,0.0,0.0,False,1315.5858475838363,3.1056009749430946,1440,2023-07-27,0.24426855612526827,0.34301758898145707,2.914
42,2,180,564.0436555577321,6383.619252078015,6064.438289474096,6094.466998924487,0.9950727915245599,30.0287094503903,0.0930083923084401,0.17981804393653533,0.9602683385790663,0.0,0.0,0.0,0.0,False,950.0401882589965,3.129802492290015,1440,2023-07-21,0.2430472133446419,0.3598593957436706,3.012
43,2,180,568.3662779858383,6088.629176120124,5784.197717314137,5798.468752298189,0.9975388269569623,14.27103498405123,0.0982619035107528,0.16804687138941715,0.9848906410344163,0.0,0.0,0.0,0.0,False,1494.7105603664968,1.899883543613384,1440,2023-02-01,0.2418319772779187,0.3741632192282763,3.016
44,2,180,750.7042035420534,6725.277250887981,6389.01338834355,6398.779819638417,0.998473704117011,9.76643129486763,0.11749923781842082,0.1614310771192287,0.9646003562558758,0.0,0.0,0.0,0.0,False,1219.8730398531227,2.834793831964435,1440,2023-09-25,0.2406228173915291,0.41310051405015,2.962
45,2,180,598.9485531195752,6512.436882930148,6186.815038783607,6206.8505815218805,0.9967720275403567,20.03554273827444,0.09681048315893,0.14997267366546346,0.9768634421857211,0.0,0.0,0.0,0.0,False,1568.3809243047544,2.3668898574056616,1440,2023-11-12,0.23941970330457144,0.4607335434461022,2.857
46,2,180,678.9911309824229,6544.661400707024,6217.428330671665,6241.01284908605,0.9962210431247809,23.58451841438358,0.10920771336162259,0.16066420296993436,0.9544683727843007,0.0,0.0,0.0,0.0,False,1253.7864472270317,3.434340322583359,1440,2023-08-20,0.23822260478804858,0.5265498208778742,2.887
47,2,180,635.083356507268,6167.956670933367,5859.558837386659,5880.835282810524,0.9963820708452666,21.27644542386584,0.1083841589669083,0.16843722709140077,0.9918523462395354,0.0,0.0,0.0,0.0,False,1141.8900658515531,1.6510286611420024,1440,2023-01-05,0.23703149176410834,0.5576482682049592,2.94
48,2,180,644.7031963850876,6788.514722578993,6449.088986450069,6452.882697138337,0.9994120905545129,3.7937106882690976,0.09996810367164238,0.1499936302625014,0.9608996217747375,0.0,0.0,0.0,0.0,False,1415.7732924718011,2.862706084385981,1440,2023-06-18,0.2358463343052878,0.567004511644831,2.758
49,2,180,800.7012137611789,6343.060912123503,6025.907866517345,6052.573228029287,0.995594376060011,26.66536151194138,0.13287644476116786,0.16878011594963685,0.9894713376248373,0.0,0.0,0.0,0.0,False,1328.374553900217,1.8124145381201786,1440,2023-03-02,0.23466710263376137,0.6175657379071819,2.857
50,2,180,698.4493514814309,6652.756244814546,6320.11843257382,6333.00129891227,0.9979657565614802,12.882866338448835,0.11051206697039578,0.17233801258258816,0.9826557131082732,0.0,0.0,0.0,0.0,False,1343.8781468760885,1.9629777422454304,1440,2023-10-26,0.23349376712059255,0.618245444607883,2.848
51,2,180,916.2325935743488,6435.304000167251,6113.538800158886,6148.034320886649,0.9943891788940457,34.495520727762646,0.14986943299526234,0.17248795331587827,0.9884936492329293,0.0,0.0,0.0,0.0,False,1276.989676136784,1.6489275105480572,1440,2023-01-20,0.2323262982849896,0.6123449367468214,2.804
52,2,180,672.6307475723579,6545.854076711992,6218.561372876371,6265.198860308172,0.9925561042080783,46.63748743180089,0.10816500911387407,0.20008460876504314,0.9828690867135282,0.0,0.0,0.0,0.0,False,1285.1727043110222,1.8048592615638095,1440,2023-11-26,0.23116466679356462,0.60867026317894,2.995
53,2,180,691.2724506888393,6622.695570872766,6291.56079232911,6323.511188651672,0.9949473646255421,31.9503963225618,0.10987296690062388,0.17073189125239002,0.9839892444528399,0.0,0.0,0.0,0.0,False,1242.721393825609,1.7752721735165085,1440,2023-11-25,0.23000884345959682,0.54501365189822,2.866
54,2,180,385.0124116816786,6668.591674120563,6335.162090414549,6344.321398858892,0.9985562981651607,9.15930844434397,0.060773884896208684,0.16923206412661904,0.9860622293843396,0.0,0.0,0.0,0.0,False,1365.246371506849,1.7988145108758145,1440,2023-12-18,0.22885879924229882,0.5601277468388615,2.844
55,2,180,627.0454763600823,6668.276227460554,6334.862416087515,6370.220650343362,0.9944494490541799,35.358234255846966,0.0989832825362848,0.16867158864863452,0.9412485343936968,3.125,0.0,0.0,0.0,False,1385.955565214157,3.7556405311912555,1440,2023-09-02,0.22771450524608736,0.5770570392617398,2.775
56,2,180,656.8503432616369,6694.510383926636,6359.784864730282,6371.882382071304,0.9981014217439007,12.097517341022819,0.10328184950160164,0.16021269848901745,0.9831693076822177,0.0,0.0,0.0,0.0,False,1509.1946132111984,1.9229976506707458,1440,2023-10-24,0.2265759327198569,0.5933999398191767,2.798
57,2,180,488.72695603793767,6232.1816648656295,5920.572581622342,5952.948196749983,0.9945614149396904,32.3756151276412,0.0825472451017597,0.20908249116990263,0.9866593483007312,0.0,0.0,0.0,0.0,False,1344.1566140360983,1.7479434364889423,1440,2023-11-27,0.22544305305625761,0.6270731836918328,3.012
58,2,180,766.5065901652391,6141.206614012536,5834.1462833119,5846.906396352888,0.9978176300121809,12.760113040988012,0.13138281985794026,0.15540716495527865,0.9749473897548108,0.0,0.0,0.0,0.0,False,1577.862367015136,2.0211616894279567,1440,2023-01-26,0.22431583779097633,0.5460441103335152,2.921
59,3,180,620.9015019764637,6654.057095690813,6321.354240906264,6338.524929691404,0.9972910592013753,17.17068878513988,0.09822286148093606,0.1837855994646118,0.9692537228319369,0.0,0.0,0.0,0.0,False,1313.7542282399315,2.844886916835029,1440,2023-09-06,0.22319425860202144,0.60153621107127,2.838
60,3,240,703.7368203870286,8366.189135944282,7947.879679147099,7966.952571781199,0.9976059989736029,19.07289263410147,0.08854397006454781,0.1720948856744854,0.9350780115865419,5.138888888888889,0.0,0.0,0.0,False,1992.9400606751442,3.8215067691460924,1440,2023-07-27,0.22207828730901136,0.5843080557677103,2.874
61,3,240,869.6121712756432,8654.522621413693,8221.796490343011,8255.033825425871,0.9959736888078535,33.23733508285984,0.1057691189872012,0.17126935310538138,0.9695295983312163,0.0,0.0,0.0,0.0,False,1729.2471208606185,2.1706496335663665,1440,2023-11-28,0.2209678958724663,0.5976403575794164,2.808
62,3,240,755.235436695227,8361.072927328314,7943.019280961925,7967.765861717687,0.9968941631587519,24.746580755761535,0.09508165723648673,0.1756155487402324,0.9707372379450271,0.0,0.0,0.0,0.0,False,1575.660193668616,2.461105490853748,1440,2023-05-01,0.21986305639310397,0.611558903025541,2.843
63,3,240,594.3993112303757,8127.0240937356775,7720.6728890489085,7771.102972696307,0.9935105629375155,50.43008364739792,0.07698801902013988,0.19771489338401765,0.9868710307259273,0.0,0.0,0.0,0.0,False,1369.3769150891694,1.7956070104663966,1440,2023-04-09,0.21876374111113842,0.6143513315487568,2.765
64,3,240,257.3079248393311,8746.209496520018,8308.899021694031,8326.24705992188,0.997916463671688,17.348038227847596,0.03096775206528756,0.1662119293426234,0.9628325491731557,0.0,0.0,0.0,0.0,False,1974.0816625082684,2.636403660963123,1440,2023-01-04,0.21766992240558275,0.5680809714818009,2.793
65,3,240,779.1980638975921,8798.465993414005,8358.542693743331,8377.224617488135,0.9977699149064473,18.68192374480229,0.09322176035313545,0.15587952061857543,0.9441865403996296,1.0416666666666667,0.0,0.0,0.0,False,1939.0288587020068,3.333956181045084,1440,2023-09-17,0.2165815727935548,0.6020606078521724,2.893
66,3,240,287.6516893329284,8351.068325673847,7933.514909390185,7971.673399647414,0.9952132396368726,38.15849025723023,0.03625778644374401,0.1865181740764333,0.9779466003666448,0.0,0.0,0.0,0.0,False,1440.890167892059,2.16292207938554,1440,2023-01-12,0.21549866492958705,0.6541816401104465,2.701
67,3,240,553.3497380196382,8398.491030702788,7978.566479167698,7999.06269396725,0.9974376729394795,20.49621479955241,0.06935453122618614,0.17842847368233394,0.9239850339206354,5.902777777777778,0.0,0.0,0.0,False,1529.557854549699,4.514425149571518,1440,2023-07-23,0.21442117160493912,0.6291475196059566,2.676
68,3,240,865.0196131404361,8882.489534691123,8438.36505795657,8487.091748387662,0.9942587293886213,48.7266904310926,0.1025103331272455,0.178978283112794,0.9422625097638724,3.4027777777777777,0.0,0.0,0.0,False,1044.0355662140428,3.9813463763793817,1440,2023-08-26,0.21334906574691442,0.6279961403852667,2.855
69,3,240,575.9614522416497,8725.490619409666,8289.216088439185,8323.683522936512,0.9958591128071665,34.467434497327304,0.06948322327426502,0.17229740964080834,0.9489926458249124,0.06944444444444445,0.0,0.0,0.0,False,1833.9796818843492,3.751350350256863,1440,2023-08-08,0.21228232041817982,0.626916542106063,2.725
70,3,240,529.0506573304473,8558.510912380489,8130.585366761437,8171.405733652589,0.9950044865936543,40.82036689115131,0.06506919655419324,0.18612218232079294,0.9594304136836048,0.0,0.0,0.0,0.0,False,1894.1430361839357,2.6166814446330826,1440,2023-04-01,0.21122090881608893,0.642135914639028,2.814
71,3,240,634.1530928585767,8203.341289918424,7793.174225422485,7837.152675588105,0.9943884658132782,43.978450165619776,0.08137288792926965,0.18697482161010223,0.9796860054627091,0.0,0.0,0.0,0.0,False,1721.7946962399392,2.161762929623536,1440,2023-03-21,0.21016480427200848,0.6245908036533943,2.841
72,3,240,657.1370518223241,8845.403715043261,8403.133529291077,8448.671287444085,0.9946100686600645,45.53775815300827,0.07820142920872553,0.1841094030320624,0.9640611901604056,0.0,0.0,0.0,0.0,False,1386.6954484214689,2.8810765932775277,1440,2023-08-05,0.20911398025064845,0.6093301673479016,2.835
73,3,240,749.3548385160711,8980.844760725637,8531.802522689333,8567.177753360862,0.9958708419867148,35.37523067152972,0.08783077626600586,0.18475715533695672,0.9561603845041086,0.0,0.0,0.0,0.0,False,1814.0486653934126,3.2300851300184883,1440,2023-06-08,0.20806841034939522,0.6042201090235921,2.916
74,3,240,996.4523643564615,9194.204072397204,8734.493868777361,8753.306156814057,0.9978508362783528,18.812288036696774,0.11408243904302416,0.15404135296268254,0.9754901285883227,0.0,0.0,0.0,0.0,False,1802.998284682386,2.216226982118346,1440,2023-01-09,0.20702806829764822,0.5994691495265292,2.815
75,3,240,888.9465899057456,8467.45284746616,8044.080205092874,8073.911735946302,0.9963051948263674,29.831530853427232,0.11050941403380526,0.17362250088075945,0.9290078501514369,3.125,0.0,0.0,0.0,False,2056.8490496873856,3.9946296228736973,1440,2023-09-26,0.20599292795615998,0.6655410795041479,2.682
76,3,240,1139.1466873647546,8593.88441597702,8164.190195178167,8196.313296445474,0.9960807865554336,32.123101267307604,0.13952966064381295,0.16647639153186844,0.9651804492037818,0.0,0.0,0.0,0.0,False,1722.3683651504507,2.377986707019711,1440,2023-02-21,0.20496296331637917,0.6766389730224357,2.76
77,3,240,1320.7565855506514,9014.374559749387,8563.655831761851,8575.341364451164,0.9986373099107454,11.685532689312371,0.15422812540551672,0.17135112726115104,0.9802843002721208,0.0,0.0,0.0,0.0,False,1298.0225705490616,2.1892653609293804,1440,2023-02-05,0.2039381484997973,0.7029149088280328,2.842
78,3,240,847.0335503763274,8313.374132203693,7897.705425593516,7928.20539988784,0.9961529787945762,30.499974294324474,0.10725058795323104,0.19767716249577366,0.9815617363432648,0.0,0.0,0.0,0.0,False,1688.2626574788965,2.2731655851173764,1440,2023-11-20,0.2029184577572983,0.7146436825050312,2.897
79,4,240,758.364737437065,8690.71899764045,8256.183047758423,8333.872240610872,0.9906778997074288,77.68919285244917,0.09185415742968092,0.18716310098597275,0.9755751675665008,0.0,0.0,0.0,0.0,False,1455.326121455329,2.405125575097045,1440,2023-07-07,0.20190386546851183,0.6662255658056714,2.959
80,4,300,277.0259145737554,10898.215850563702,10353.305058035505,10392.369609479023,0.9962410352103059,39.0645514435189,0.026757244476124795,0.16796911509990237,0.9474692125088933,1.0416666666666667,0.0,0.0,0.0,False,1982.3381253049374,3.0326014573218836,1440,2023-12-09,0.20089434614116924,0.651263852718447,2.691
81,4,300,923.0044852151083,11207.51625879984,10647.140445859775,10689.41575317845,0.996045124607853,42.275307318675246,0.08669036441366995,0.17396552349325833,0.9370819032886842,1.1111111111111112,0.0,0.0,0.0,False,1882.0026985304953,3.8088208575919453,1440,2023-07-12,0.19988987441046338,0.6831227954430272,2.73
82,4,300,961.669078023627,11102.153753042177,10547.046065390066,10581.99078079552,0.9966977182149059,34.94471540545387,0.09117899666517301,0.17434098215708266,0.9470891506226119,1.25,0.0,0.0,0.0,False,2042.0446072816849,3.138566678601569,1440,2023-05-18,0.19889042503841106,0.6967195749826453,2.674
83,4,300,1639.5530096124958,11100.798325361899,10545.758409093749,10574.269065432869,0.9973037704863856,28.510656339118913,0.15547037453453202,0.17842906894605148,0.9571785788764394,0.0,0.0,0.0,0.0,False,2190.0155866751334,2.9161925539905837,1440,2023-02-06,0.19789597291321903,0.7080539404460722,2.645
84,4,300,1048.7198090522616,10504.083276243377,9978.879112431197,10013.218101874965,0.9965706340265036,34.33898944376616,0.10509394865259145,0.16915468031327713,0.9759395827244344,0.0,0.0,0.0,0.0,False,1693.826816606409,2.120181828558107,1440,2023-11-28,0.19690649304865293,0.7092061884337796,2.422
85,4,300,1143.9760694403844,11040.79843135226,10488.758509784662,10521.319233855957,0.9969052622254329,32.56072407129553,0.10906687081919199,0.16563089917797857,0.9579928436377435,0.0,0.0,0.0,0.0,False,2078.465269566763,2.9192500743690992,1440,2023-03-18,0.19592196058340966,0.7320739078003853,2.48
86,4,300,1093.7262720818276,10405.041972905505,9884.789874260263,9890.487480218013,0.9994239307244314,5.697605957750568,0.11064739726333106,0.17105827153551886,0.9371385779951762,6.041666666666667,0.0,0.0,0.0,False,2351.6922318935394,3.608775910858553,1440,2023-02-10,0.1949423507804926,0.7598388568324278,2.602
87,4,300,1246.2128746955593,10841.11622910405,10299.060417648805,10316.64900772343,0.9982951256690561,17.588590074626776,0.12100257927995144,0.16138624154663378,0.9522171197407234,0.0,0.0,0.0,0.0,False,2400.6103686617917,3.0167034410489673,1440,2023-04-16,0.19396763902659017,0.7715576832946971,2.506
88,4,300,1336.2190356134017,10790.21662687323,10250.705795529586,10284.4591709202,0.9967180213534171,33.75337539061401,0.13035385682380402,0.19230020266392087,0.9608019076783991,0.0,0.0,0.0,0.0,False,2124.3014417725626,2.7342313335620814,1440,2023-01-30,0.1929978008314572,0.8041418983627282,2.415
89,4,300,975.3818190640993,10234.596827937521,9722.866986540685,9735.53640283244,0.9986986421941713,12.669416291757086,0.10031833413069575,0.15925271273885566,0.9582113325674517,0.0,0.0,0.0,0.0,False,2071.8195836763634,2.9912795223400392,1440,2023-05-03,0.19203281182729992,0.7625835458259254,2.395
90,4,300,790.2559344165871,10802.859817815528,10262.71682692475,10285.123608724145,0.9978214377724748,22.406781799393336,0.07700260542542801,0.17956332093449567,0.9227727769587468,8.75,0.0,0.0,0.0,False,2351.325533471564,4.674263161948117,1440,2023-07-17,0.19107264776816343,0.8040787059946838,2.885
91,4,300,1083.7074373871296,11208.399369862263,10647.979401369139,10687.086020065437,0.9963407594340614,39.10661869629625,0.10177587658065758,0.18086575879084754,0.9462748484759714,1.0416666666666667,0.0,0.0,0.0,False,2081.4680078549413,3.256390942728877,1440,2023-09-12,0.19011728452932258,0.7936133300525577,2.491
92,4,300,1420.7401106828158,10905.90686754018,10360.611524163221,10413.171434785412,0.994952554949147,52.55991062219057,0.13712898194950537,0.1817818900786143,0.959279604194852,0.0,0.0,0.0,0.0,False,2244.869241180953,2.7078314309872487,1440,2023-01-21,0.189166698106676,0.7833323780753404,2.338
93,4,300,816.6462977855293,10751.296976883305,10213.73212803905,10260.723184336894,0.9954202978236879,46.99105629784303,0.07995571917767913,0.18984682376480855,0.9704479982800814,0.0,0.0,0.0,0.0,False,1742.9713010787964,2.3332299521970574,1440,2023-04-11,0.1882208646161426,0.774003033156549,2.328
94,4,300,978.1472825186598,10775.459237099194,10236.686275244254,10261.18742180372,0.997612250361259,24.501146559463393,0.09555311711409469,0.17719543882345898,0.9622532486715232,0.0,0.0,0.0,0.0,False,1936.2285563522034,2.6321481895190715,1440,2023-12-11,0.1872797602930619,0.7493043619236479,2.373
95,4,300,1190.629915071608,10949.683223126553,10402.19906197017,10420.334333245059,0.9982596267360607,18.13527127488765,0.1144594434290804,0.18091541105096542,0.9604855238502706,0.0,0.0,0.0,0.0,False,2096.065101792073,2.7756215619144213,1440,2023-10-25,0.18634336149159655,0.7585186998671233,2.47
96,4,300,930.7868958442439,10925.826496928985,10379.535172082491,10418.578041715948,0.9962525721382391,39.04286963345803,0.08967520032570939,0.17693486955008297,0.9426831399424168,1.8055555555555556,0.0,0.0,0.0,False,1936.8387288267502,3.313409134223468,1440,2023-07-05,0.1854116446841386,0.7586604607688411,2.586
97,4,300,201.43932916213964,11285.149471475806,10720.891997901963,10785.00423982682,0.9940554272859622,64.11224192485477,0.018789418753734348,0.20568498888797007,0.963899786193461,0.0,0.0,0.0,0.0,False,1993.5209706837604,2.4643363863048067,1440,2023-01-07,0.18448458646071791,0.7686843173146526,2.499
98,4,300,333.1650409803133,10484.142290673115,9959.935176139501,9989.08250792474,0.9970820811859231,29.14733178523874,0.033450523029352586,0.20470026889457016,0.9678413307238394,0.0,0.0,0.0,0.0,False,1831.055042865304,2.4202674541047235,1440,2023-01-11,0.1835621635284143,0.7131688905635516,2.451
99,5,300,794.752927497173,11026.470009704453,10475.146509219212,10530.725443122978,0.9947222122346698,55.57893390376479,0.07587034002796125,0.21789586631160482,0.9616093409678459,0.0,0.0,0.0,0.0,False,2146.7037042609422,2.633837762490943,1440,2023-03-30,0.18264435271077226,0.6706879197034221,2.501
100,5,271,1019.0532524979714,10032.74886339979,9531.111420229803,9579.41459382206,0.9949576069477764,48.30317359225795,0.10691861710220162,0.18762873053327572,0.9599411204990687,0.0,0.0,0.0,0.0,False,1646.6729907963372,2.8540344413641225,1440,2023-09-08,0.18173113094721838,0.606778035382262,2.423
101,5,167,724.8547710844413,5987.49230777037,5688.1176923818375,5730.351981516448,0.9926297216522058,42.23428913461099,0.1274331528082212,0.22628834227587036,0.9948749261700113,0.0,0.0,0.0,0.0,False,1033.871224082372,1.472580236481289,1440,2023-04-16,0.18082247529248227,0.6228563901109944,2.361
102,5,139,506.29129768193974,5305.743630750098,5040.456449212608,5073.687894217355,0.9934502386237392,33.231445004746796,0.10044552567476894,0.19155789628332784,0.9634383221863336,0.0,0.0,0.0,0.0,False,1315.2143653654075,2.802031127900533,1440,2023-09-15,0.1799183629160199,0.5493535109464783,2.612
103,5,174,580.8822868437652,5801.128776926857,5511.072338080498,5561.793433766867,0.9908804423806125,50.72109568636843,0.10540276940840991,0.20753917254394255,0.9572336691383234,0.0,0.0,0.0,0.0,False,1355.7709518254328,3.1934392300204366,1440,2023-08-15,0.1790187711014398,0.5673802939842927,2.58
104,5,194,872.0077202726994,6832.067540119819,6490.464163113822,6521.667828226591,0.9952153857058288,31.20366511276871,0.13435213543407823,0.2136472901413683,0.9775172700745065,0.0,0.0,0.0,0.0,False,1492.0236672522972,2.139558783080127,1440,2023-02-09,0.1781236772459326,0.5462659540139947,2.36
105,5,267,810.1527193651513,9486.188270747787,9011.878857210377,9050.40649429779,0.9957429937415864,38.52763708741283,0.08989831445824979,0.1809062949098195,0.9493583748023462,0.06944444444444445,0.0,0.0,0.0,False,1499.6474505791289,3.694277736259444,1440,2023-06-11,0.17723305885970292,0.5152542588163513,2.447
106,5,201,983.3822189774389,7377.1659338957,7008.3076372009255,7045.664371495949,0.9946979117475203,37.35673429502454,0.14031664559893603,0.19595605329882335,0.9840953552955369,0.0,0.0,0.0,0.0,False,1480.7140926583259,1.9344704529390908,1440,2023-02-08,0.1763468935654044,0.5634297774221529,2.553
107,5,136,587.21691764944,4978.31518829049,4729.39942887597,4748.999609062683,0.9958727770477579,19.600180186712368,0.12416310495241951,0.18121005565223652,0.9958217039382711,0.0,0.0,0.0,0.0,False,940.0632210684103,1.3818793123432433,1440,2023-10-15,0.17546515909757737,0.5690629211860446,2.498
108,5,180,502.5472496740867,6412.012983014093,6091.412333863391,6154.094365413515,0.9898145806956744,62.68203155012376,0.08250094101827996,0.20734637601997427,0.9756704890600125,0.0,0.0,0.0,0.0,False,1526.4513831648976,1.9592848694011407,1440,2023-03-21,0.1745878333020895,0.606950128237037,2.473
109,5,228,846.9559037454289,8001.7016931614635,7601.616608503404,7709.14950792411,0.9860512629427961,107.53289942070765,0.11141786640462738,0.2533375648880679,0.9824662335772014,0.0,0.0,0.0,0.0,False,1279.298202552152,2.214908837038568,1440,2023-03-18,0.17371489413557906,0.5793926702678093,2.351
110,5,267,20.66987588872423,9187.700667613584,8728.315634232851,8811.701942937594,0.9905368668567398,83.38630870474273,0.002368140286730241,0.2227899107237331,0.9685484259549938,0.0,0.0,0.0,0.0,False,1419.4158566174092,2.6398377489912344,1440,2023-12-31,0.17284631966490113,0.45349921013821765,2.476
111,5,251,317.50132162007776,8912.749039091093,8467.11158713658,8531.166203971905,0.9924916927763636,64.05461683532366,0.03749818557988921,0.21251850291029378,0.9660605248496353,0.0,0.0,0.0,0.0,False,1954.2065374905628,2.50979492475562,1440,2023-10-10,0.17198208806657664,0.41884978565989434,2.528
112,5,299,1194.7757812280336,10508.423795291976,9983.002605527385,10074.866233061945,0.9908819010188842,91.86362753455887,0.11968100464749058,0.2189427268511624,0.9562058872818605,0.0,0.0,0.0,0.0,False,2071.7117309849687,3.0208015834965614,1440,2023-10-09,0.17112217762624377,0.4131014181212874,2.452
113,5,154,784.0440682596202,5466.33385288254,5193.017160238412,5249.1140166269515,0.9893130809864581,56.09685638853995,0.15098045010573866,0.24968663963134727,1.000113990875883,0.0,0.0,0.0,0.0,False,836.3788042318201,1.2618232015770028,1440,2023-01-20,0.17026656673811255,0.3934222950779329,2.52
114,5,279,635.2679059716311,10360.477354115554,9842.453486409842,9939.014807753425,0.9902846184243276,96.56132134358131,0.06454365335317962,0.23834894036679272,0.9803649027966556,0.0,0.0,0.0,0.0,False,1760.0076863765717,2.265390652009973,1440,2023-12-18,0.16941523390442195,0.3075580565452751,2.872
115,5,129,485.2643565172633,4331.868539611269,4115.275112630707,4178.529790996283,0.9848619774108408,63.25467836557591,0.11791784102790058,0.2572710873371476,0.957401654791968,0.0,0.0,0.0,0.0,False,1051.86104118824,3.3823898090243434,1440,2023-08-21,0.16856815773489983,0.26189215708282937,2.726
116,5,221,849.6669023160273,8352.302912925603,7934.68776727933,8016.964814850922,0.9897371325094031,82.27704757159192,0.10708258815423606,0.23661112910760984,0.9799940415127288,0.0,0.0,0.0,0.0,False,1702.8210493859697,2.1283321970783557,1440,2023-11-28,0.16772531694622533,0.18086715981123458,2.611
117,5,169,642.1538287291817,6114.008952033373,5808.308504431705,5865.4600327896715,0.990256258155631,57.151528357966406,0.11055780322949825,0.25212492597697805,0.9574162947110324,0.0,0.0,0.0,0.0,False,1289.2457797140041,3.412572322528407,1440,2023-08-20,0.16688669036149426,0.15966851364356133,2.436
118,5,156,642.2304202726945,5557.583290187485,5279.704125678098,5374.603519747732,0.9823429963306226,94.89939406963451,0.12164136568736411,0.27376275858530946,0.985739279888173,0.0,0.0,0.0,0.0,False,1229.1369561419713,1.7827783188059434,1440,2023-01-09,0.16605225690968675,0.10597299729796378,2.56
119,5,238,432.9724757179632,8705.626305673408,8270.344990389753,8400.375084306375,0.9845209181004851,130.03009391662172,0.052352408058077726,0.2426773963588611,0.9483144901787179,0.2777777777777778,0.0,0.0,0.0,False,1724.2360322459472,3.6689175604296116,1440,2023-07-30,0.1652219956251383,0.011725214553891139,2.569
120,5,175,416.43931448630343,6049.491794602937,5747.017204872796,5843.020672333176,0.9835695485530356,96.00346746037987,0.07246181795544508,0.26333537310250116,0.9917833444410331,0.0,0.0,0.0,0.0,False,1085.0649868609462,1.6509614327295532,1440,2023-12-26,0.16439588564701263,0.002580915438876341,2.514
121,5,221,746.5657739775799,7690.782656114451,7306.243523308691,7428.134704169471,0.983590607101893,121.89118086078037,0.10218189026903549,0.29361244098122485,0.9852328914592117,0.0,0.0,0.0,0.0,False,1307.28168486307,1.822750395988292,1440,2023-11-12,0.16357390621877757,-0.05334884134426865,2.501
122,5,167,781.8949269583755,6095.093985654657,5790.339286371938,5829.137206951113,0.9933441401014015,38.7979205791735,0.13503438888263983,0.2044863052495275,0.9885947717951615,0.0,0.0,0.0,0.0,False,1259.265582355288,1.7834111368327608,1440,2023-02-26,0.16275603668768368,-0.16938281815303802,2.504
123,5,147,154.46010117138843,5333.453430320585,5066.780758804562,5122.36370605792,0.9891489651178763,55.58294725335928,0.030484859820110156,0.246228087926841,0.9947111265595593,0.0,0.0,0.0,0.0,False,1054.94468313573,1.4612157991918064,1440,2023-01-10,0.16194225650424526,-0.06635681625279566,2.586
124,5,255,635.5437957851735,9049.423254001556,8596.95209130152,8738.973170525649,0.9837485392788331,142.0210792241281,0.07392664156267928,0.2855804319112531,0.9650297318171519,0.0,0.0,0.0,0.0,False,1339.4090802904952,3.025397540822356,1440,2023-06-30,0.16113254522172402,-0.07807934101903363,2.596
125,5,198,647.1037753936378,7088.3171128975155,6733.9012572526335,6824.572980876988,0.9867139345013345,90.67172362435385,0.09609641583275158,0.2725691803466018,0.9759301422248752,0.0,0.0,0.0,0.0,False,921.0034342015615,2.5494677857532837,1440,2023-05-12,0.1603268824956154,-0.17831153919329323,2.667
126,5,242,833.4718172011902,8199.848606499614,7789.8561761746505,7910.333535731605,0.9847696233018812,120.47735955695431,0.10699450649042427,0.2586523633726736,0.9749290645611218,0.0,0.0,0.0,0.0,False,1813.7653503197735,2.347368939673978,1440,2023-12-06,0.15952524808313734,-0.23350100330779822,2.674
127,5,241,932.1506050011841,8834.455858749945,8392.733065812437,8447.543601187801,0.993511659961405,54.810535375364296,0.11106639490278482,0.2078021038278849,0.9605809028009532,0.0,0.0,0.0,0.0,False,1763.6879325427576,3.219540067609177,1440,2023-05-14,0.15872762184272163,-0.24996819542539384,2.595
128,5,291,608.080785095663,10594.760162724933,10065.0221545887,10096.332873026855,0.996898802879033,31.310718438154435,0.06041524556589631,0.20116051343277414,0.9414694565642953,4.027777777777778,0.0,0.0,0.0,False,2338.1229432987693,3.5239336713890674,1440,2023-01-01,0.15793398373350803,-0.15166148331232931,2.762
129,5,196,486.23869910160056,6695.368079452156,6360.599675479514,6418.494269627867,0.9909800349246539,57.894594148352155,0.07644541771369126,0.19881976952800628,0.9701950978866921,0.0,0.0,0.0,0.0,False,1815.7166280235203,2.4295550958444294,1440,2023-11-19,0.15714431381484048,-0.058462640424272794,2.693
130,5,159,-27.36659250621362,5686.885922065157,5402.541625961897,5450.1719251577015,0.9912607712472434,47.630299195805435,-0.005065503313237523,0.23751975692279848,0.997302598701534,0.0,0.0,0.0,0.0,False,990.9607919100581,1.4062131423528446,1440,2023-12-24,0.1563585922457663,0.021305082000261377,2.634
131,5,234,695.6175488350624,8526.120744264086,8099.814707050855,8206.960823149857,0.9869444830543398,107.14611609900281,0.08588067431092346,0.21886432360332383,0.9836118767485513,0.0,0.0,0.0,0.0,False,1612.90342762491,2.097353888940479,1440,2023-01-08,0.15557679928453744,-0.0018967001747939305,2.678
132,5,289,972.365478842942,9998.35474992253,9498.437012426355,9587.324041083131,0.9907286925657376,88.88702865677476,0.10237110353743908,0.22223756183858648,0.9536368931916981,0.0,0.0,0.0,0.0,False,1881.1538098796302,3.622209794984295,1440,2023-06-27,0.1547989152881148,0.019640611207839775,2.638
133,5,295,1044.79142635837,10609.482640060065,10079.008508057077,10180.777950458878,0.990003765635885,101.76944240180086,0.10366013934040956,0.20227183495685386,0.9420380654367453,1.3888888888888888,0.0,0.0,0.0,False,2211.859630920392,3.687208102029567,1440,2023-06-26,0.1540249207116742,0.028337458104439606,2.667
134,5,277,917.4094266341718,10364.310105012488,9846.094599761871,9959.66774408803,0.9885966934596212,113.57314432616016,0.09317495554596433,0.2503426626269981,0.9468272097001179,1.0416666666666667,0.0,0.0,0.0,False,2091.3695707546112,3.146193505072408,1440,2023-09-28,0.15325479610811582,0.07910594301368856,2.693
135,5,243,848.8113962165528,8782.490110016779,8343.365604515919,8464.832393371758,0.985650420089717,121.46678885583621,0.1017348917033105,0.28650239618928997,0.9653714917719461,0.0,0.0,0.0,0.0,False,1288.2912201246495,2.983026558355067,1440,2023-08-14,0.15248852212757524,0.011447776935420428,2.66
136,5,188,723.3582702921667,6514.069832682705,6188.3663410485815,6302.277591012571,0.9819253835904604,113.91124996399029,0.11689002079498706,0.27701640331485766,0.9949152172090037,0.0,0.0,0.0,0.0,False,929.0298695274628,1.5907685648306658,1440,2023-03-06,0.15172607951693737,-0.1265552895737006,2.65
137,5,190,630.5310106519966,6628.349000236806,6296.93155022497,6343.983938280589,0.9925831483002822,47.05238805561872,0.10013305776358163,0.22101249826554306,0.9705808524189495,0.0,0.0,0.0,0.0,False,1471.557490555291,2.561710898116376,1440,2023-10-01,0.15096744911935267,-0.2199393786229893,2.582
138,5,127,388.2330202714906,4341.036052939879,4123.984250292863,4181.522630733836,0.9862398495662631,57.538380440972006,0.09414027714677145,0.3067995961751305,0.9966396904897171,0.0,0.0,0.0,0.0,False,621.459729715018,1.3909925795843157,1440,2023-12-14,0.15021261187375592,-0.1724886836672053,2.523
139,5,153,569.9649631629479,5641.889862226099,5359.795369114781,5412.852173561955,0.9901979949302293,53.056804447173086,0.10634080667469266,0.2363174017606232,0.9603252074603542,0.0,0.0,0.0,0.0,False,873.8001794468869,3.236588851062277,1440,2023-06-26,0.14946154881438714,-0.3285997229124269,2.636
140,5,180,838.2628828002448,6249.422008938069,5936.950908491158,5986.781249838922,0.9916766056302617,49.83034134776389,0.1411941745385401,0.22359989984713532,0.992218723063646,0.0,0.0,0.0,0.0,False,1016.2113318718704,1.6295424418492799,1440,2023-02-28,0.1487142410703152,-0.30024359668471945,2.687
141,5,182,710.9136645818999,6725.179241730092,6388.920279643586,6498.595526771402,0.9831232384480614,109.67524712781513,0.11127289643087535,0.28984048837286464,0.9736938742327979,0.0,0.0,0.0,0.0,False,1037.8257357987547,2.5017243954825066,1440,2023-09-14,0.14797066986496363,-0.2507601864852368,2.709
142,5,224,998.6727556829784,7902.0551091318375,7506.952353675258,7574.906669803278,0.9910290226546401,67.95431612802,0.13303304838401533,0.21940226337559043,0.9713551505421534,0.0,0.0,0.0,0.0,False,1517.2651032112735,2.546472365526688,1440,2023-01-02,0.1472308165156388,-0.36139477750089843,2.642
143,5,212,310.1980353973607,7541.014771914297,7163.964033318565,7230.3226846229,0.990822172923836,66.35865130433454,0.0432997756486038,0.21761617144126263,0.9460139347193527,0.625,0.0,0.0,0.0,False,1367.9283824246113,3.7071193121720336,1440,2023-07-30,0.1464946624330606,-0.295908468488204,2.623
144,5,245,725.1844269501767,8959.020416476378,8511.069395652572,8553.335168665333,0.9950585622825118,42.265773012760334,0.08520485420088322,0.20498969410305404,0.9486663950570771,0.9722222222222222,0.0,0.0,0.0,False,1989.9018643639433,3.3891278420436817,1440,2023-06-07,0.1457621891208953,-0.24047082759459043,2.788
145,5,281,746.9954607427704,9265.982877173798,8802.683733315052,8881.927271088503,0.991078114540366,79.24353777345125,0.08485996809310054,0.23404565682623868,0.9531606478275554,0.0,0.0,0.0,0.0,False,1670.2807055417727,3.6168488534019922,1440,2023-06-05,0.14503337817529083,-0.16859194944079336,2.698
146,5,278,932.354101605209,10133.754666531815,9627.066933205195,9704.855382501373,0.9919845843930413,77.78844929617732,0.09684716103815381,0.19815439459905682,0.9435783465075225,4.166666666666667,0.0,0.0,0.0,False,2484.0,3.3173657103046077,1440,2023-01-15,0.14430821128441437,-0.17671424775007386,2.639
147,5,260,981.1652842307058,8779.154698452468,8340.196963529888,8448.758622020152,0.9871505787599,108.5616584902626,0.11764293919210264,0.2512374612836214,0.9715706671497293,0.0,0.0,0.0,0.0,False,1547.9690017193336,2.1180228422719196,1440,2023-04-17,0.1435866702279923,-0.104159029227651,2.641
148,5,296,1046.6542909569305,10827.247376302728,10285.885007487599,10394.887934577679,0.9895137948791645,109.00292709007795,0.10175636711814487,0.22134435751191736,0.9573914782134053,0.0,0.0,0.0,0.0,False,2091.7509999275208,2.6571168796833193,1440,2023-04-23,0.14286873687685234,-0.1654594741799359,2.729
149,5,177,748.5865092710505,6737.2735405063495,6400.409863481047,6456.087945465801,0.991375879254579,55.67808198475291,0.11695915187280057,0.215229645457474,0.978717022101811,0.0,0.0,0.0,0.0,False,1377.5084335348379,1.8872970166794467,1440,2023-02-02,0.14215439319246806,-0.14980221971961077,2.523
150,5,284,1038.510227477174,10345.995265217245,9828.69550195638,9887.925930613274,0.9940098227805777,59.2304286568946,0.105661043957508,0.20665048597927457,0.9604175012508417,0.0,0.0,0.0,0.0,False,1771.8912552601762,2.87613354286359,1440,2023-09-08,0.14144362122650572,-0.12458553190444896,2.711
151,5,287,492.9170938485478,10782.752196980615,10243.61458713163,10342.034954067249,0.9904834621645798,98.42036693561865,0.048119449404877716,0.21766154720899375,0.9466656739020591,1.3194444444444444,0.0,0.0,0.0,False,1533.115440816302,3.759331822251284,1440,2023-07-30,0.1407364031203732,-0.08587055509924454,2.684
152,5,160,559.8480979935948,5475.112937159777,5201.357290301799,5258.493623903717,0.9891344674561948,57.136333601916775,0.10763500116353489,0.23995375273130695,0.9492796742094198,0.1388888888888889,0.0,0.0,0.0,False,975.430402234895,3.675456388219393,1440,2023-08-29,0.14003272110477133,-0.08000598572091286,2.545
153,5,205,789.0995548243669,7254.372859649467,6891.654216667002,6928.4491416032515,0.9946892985451381,36.794924936248904,0.11450074684768466,0.20468553759407515,0.9648416859679614,0.0,0.0,0.0,0.0,False,1827.8527064485074,2.896857289189839,1440,2023-02-10,0.13933255749924747,-0.1263548700039019,2.508
154,5,223,818.4872783484362,8233.365797946846,7821.6975080495595,7877.980424281985,0.9928556669093838,56.282916232424064,0.10464317720112606,0.20746340228718432,0.9567329536073745,0.0,0.0,0.0,0.0,False,1513.6746881231593,3.38003695395336,1440,2023-08-15,0.13863589471175125,-0.0860781810080869,2.726
155,5,245,654.0199762276807,8814.291499374145,8373.57692440537,8461.474119831646,0.9896120706414185,87.89719542627661,0.07810520905605992,0.21317126450936816,0.9390788298909061,3.888888888888889,0.0,0.0,0.0,False,1486.5776584914156,4.227369308346967,1440,2023-05-26,0.1379427152381925,-0.06034130225063432,2.635
156,5,246,685.658826620127,8683.324141671766,8249.157934588206,8308.10355830473,0.9929050446587653,58.94562371652607,0.08311864460070552,0.1716402459058072,0.9507184812562511,0.0,0.0,0.0,0.0,False,1401.2252617470197,3.5975136892904143,1440,2023-05-13,0.13725300166200152,-0.052967659358945096,2.704
157,5,139,445.6712361397422,5056.538929189937,4803.711982730456,4834.743103239749,0.9935816402554049,31.031120509293235,0.09277642742569679,0.22238644877330346,0.9804119019660069,0.0,0.0,0.0,0.0,False,1131.9067824762392,2.1475924714608237,1440,2023-10-08,0.1365667366536915,0.04571748358695002,2.609
158,5,206,1155.3069249421067,7164.609766416136,6806.379278095334,6872.126330583524,0.9904327933851287,65.74705248819006,0.169738840246558,0.2389569122686565,0.9851464374128507,0.0,0.0,0.0,0.0,False,1146.0818376681366,2.06415308595522,1440,2023-02-07,0.13588390297042305,0.011904629196509184,2.709
159,5,138,506.35947633321115,4980.286737834958,4731.272400943215,4772.937352728977,0.9912705848188139,41.66495178576157,0.10702395326725736,0.21645892015561505,0.9959030564680887,0.0,0.0,0.0,0.0,False,1061.9209329968132,1.4818436411020743,1440,2023-11-21,0.13520448345557096,-0.05354851961905302,2.82
160,5,293,751.7203916160862,10802.878495900935,10262.734571105899,10337.567113014451,0.9927611070292988,74.83254190855185,0.07324757221457417,0.20352797387178764,0.9721577268032929,0.0,0.0,0.0,0.0,False,1836.5304588525173,2.39661439966236,1440,2023-03-25,0.13452846103829308,-0.05723840203059234,2.729
161,5,156,473.80900965909404,5441.4496165641995,5169.377135736002,5218.686833377618,0.9905513208176735,49.309697641615756,0.0916568857752017,0.20987830622960899,0.9895273069039248,0.0,0.0,0.0,0.0,False,1065.1471367556308,1.625264063559303,1440,2023-12-14,0.13385581873310162,-0.03191862482899287,2.708
162,5,201,58.46703148501381,7164.367120396834,6806.148764376983,6920.494206807611,0.9834772721407458,114.34544243062649,0.008590325235179564,0.2996856887656721,0.9921850086901748,0.0,0.0,0.0,0.0,False,1105.2114354085188,1.6595800651076822,1440,2023-12-27,0.1331865396394361,-0.0261274495664007,2.619
163,5,280,623.8193136947714,9961.541677125384,9463.464593269095,9586.734523003419,0.9871416143381735,123.26992973432436,0.06591870319232387,0.23323283948313178,0.9733853681991187,0.0,0.0,0.0,0.0,False,1654.4096438631796,2.6217207068474373,1440,2023-05-19,0.13252060694123893,-0.22405503537394938,2.707
164,5,214,735.1722823792645,7458.871739898873,7085.928152903937,7162.986381645129,0.9892421645616065,77.05822874119113,0.10375102125160246,0.23956380452314985,0.9623681962812191,0.0,0.0,0.0,0.0,False,1342.6729635056786,2.686579892399536,1440,2023-09-04,0.13185800390653274,-0.23786247757255624,2.548
165,5,243,948.9080875675063,9146.103063326427,8688.797910160121,8753.815459428046,0.9925726616503093,65.01754926792412,0.10921051420219065,0.22627777323357579,0.98267466215632,0.0,0.0,0.0,0.0,False,1523.4035996703453,1.9882499988739002,1440,2023-02-18,0.13119871388700008,-0.26481474464563903,2.592
166,5,210,1035.7717678945564,7606.699416479799,7226.364445655792,7287.76864357964,0.9915743486206928,61.40419792384782,0.1433323458405453,0.2068746834832233,0.9898760896652765,0.0,0.0,0.0,0.0,False,1224.3374774770355,1.6300055949028582,1440,2023-02-08,0.13054272031756506,-0.25846117812872105,2.727
167,5,273,1131.674541004264,10048.270644184864,9545.857111975622,9596.439854327356,0.9947290095994376,50.58274235173548,0.1185513807434366,0.2013283568893796,0.9747374265843659,0.0,0.0,0.0,0.0,False,1723.2650255990425,2.2720853635291025,1440,2023-03-15,0.12989000671597725,-0.21103526163857236,2.702
168,5,227,851.1168981891573,8445.767639474863,8023.479257501176,8084.39759488878,0.9924647029450755,60.918337387603316,0.10607828236029218,0.2216881284209264,0.9793919519388743,0.0,0.0,0.0,0.0,False,1627.169378983687,2.0527255947856267,1440,2023-02-01,0.12924055668239737,-0.1609590277844663,2.713
169,5,236,602.5626864023246,8544.396007222138,8117.176206861024,8166.981337169428,0.993901647591414,49.80513030840386,0.07423304250719726,0.19795334943024065,0.9668512716623132,0.0,0.0,0.0,0.0,False,1560.0112115579332,2.660351338700839,1440,2023-08-12,0.12859435389898535,-0.1667739444916307,2.656
170,5,202,559.3513754338667,7046.526275377856,6694.1999616089615,6769.473726832498,0.9888804110539391,75.2737652235364,0.08355761385105469,0.21624673945570855,0.9753871141127929,0.0,0.0,0.0,0.0,False,1179.8281349096223,2.5671073362376857,1440,2023-10-04,0.12795138212949045,-0.11910703154936558,2.687
171,5,193,144.3947156077113,6961.058924413718,6613.005978193017,6634.404163038491,0.9967746636593702,21.398184845474443,0.021834959182536036,0.1982402685166229,0.9817895087535687,0.0,0.0,0.0,0.0,False,1449.502034292871,1.8122954066177415,1440,2023-01-10,0.12731162521884298,-0.12203129622436831,2.738
172,5,227,495.96242826005385,8007.400162342573,7607.03015422544,7701.133134522496,0.9877806319338627,94.10298029705717,0.06519790485969928,0.2211700888597977,0.9507717996536817,0.0,0.0,0.0,0.0,False,1391.122752363872,3.604729552886899,1440,2023-06-03,0.12667506709274878,-0.0846684853242132,2.712
173,5,213,697.7109840108295,8036.29300455556,7634.478354327777,7672.211588673036,0.9950818308503161,37.73323434525889,0.0913894770053695,0.18564760894571106,0.9579499481095958,0.0,0.0,0.0,0.0,False,1950.3005685248056,2.685054168434317,1440,2023-10-08,0.12604169175728502,-0.10628234580206354,2.69
174,5,262,709.6674670951063,9137.665285928742,8680.782021632305,8698.43384426854,0.9979706895571936,17.65182263623601,0.08175155940174879,0.16064375454213123,0.9213763184644096,7.708333333333333,0.0,0.0,0.0,False,2049.0214209768933,4.368076126705436,1440,2023-10-07,0.1254114832984986,-0.044706358820638774,2.68
175,5,227,733.0059578034325,8087.749030844566,7683.3615793023255,7743.591633017497,0.992221948603493,60.23005371517123,0.09540172621551826,0.1905826450763768,0.9551734357882241,0.0,0.0,0.0,0.0,False,1545.9100483074371,3.4467671446163046,1440,2023-08-18,0.12478442588200611,0.06153072272527011,2.843
176,5,205,518.9285758329172,7367.738723547522,6999.351787370136,7058.260372636501,0.9916539512349611,58.90858526636573,0.07413951914365688,0.23311486221968472,0.9861924254051173,0.0,0.0,0.0,0.0,False,1507.4266728323712,2.066596107706406,1440,2023-10-27,0.12416050375259607,0.08112569653283815,2.678
177,5,276,969.6999178388749,10069.223940974081,9565.76274392532,9599.472303006918,0.9964883945682056,33.70955908159949,0.10137193904946859,0.1834989670698078,0.9481403133540665,3.3333333333333335,0.0,0.0,0.0,False,2145.4030410587384,3.24504321110979,1440,2023-06-18,0.12353970123383311,0.0015750547526308875,2.755
178,5,158,539.7800724072798,5647.830392647771,5365.438873015364,5406.612431787909,0.9923845921467447,41.173558772545235,0.10060315384861046,0.20956936405940377,0.994725397927805,0.0,0.0,0.0,0.0,False,1163.5824920022233,1.6480106756045796,1440,2023-04-21,0.12292200272766393,0.047914562304703895,2.738
179,5,199,816.10352408386,7203.103268625864,6842.948105194571,6889.385032341597,0.9932596411829167,46.43692714702651,0.11926197766491099,0.19010702319983147,0.9866098737663626,0.0,0.0,0.0,0.0,False,1194.5698379293658,1.741718461448053,1440,2023-02-25,0.1223073927140256,0.027152826766281002,2.814
180,5,207,827.8226122921196,7203.614353188487,6843.433635529042,6910.999024608938,0.9902234989703649,67.56538907989699,0.12096597357126611,0.23386508077977067,0.9817188999895214,0.0,0.0,0.0,0.0,False,1383.2661089214075,1.9688928423213907,1440,2023-01-09,0.12169585575045548,0.053855237066610176,2.915
181,5,281,688.3126701173089,10059.359114696737,9556.391158961938,9578.146780146315,0.9977286189402034,21.75562118437856,0.07202642280625073,0.17025271570590494,0.9580741367205589,0.0,0.0,0.0,0.0,False,2129.1018180821384,2.664138613614944,1440,2023-01-08,0.1210873764717032,-0.022743815407981254,3.119
182,5,199,573.1781049371446,7044.63939549858,6692.407425723655,6727.782035121118,0.9947420101880834,35.374609397463104,0.08564602668002783,0.1983805089622163,0.9695680954302947,0.0,0.0,0.0,0.0,False,1535.4843516018532,2.5808164398387796,1440,2023-10-05,0.12048193958934468,0.057411509989554944,2.696
183,5,231,1098.2183740000041,8670.15981797937,8236.651827080426,8269.638147851932,0.996011153065981,32.98632077150684,0.13333310634659665,0.21059404929595238,0.9761676528220279,0.0,0.0,0.0,0.0,False,1461.4316808322365,2.4663596884721555,1440,2023-01-02,0.11987952989139797,0.05973559969558813,2.619
184,5,133,11.456111857227983,4521.555548564029,4295.477771135867,4322.713032947438,0.9936994980689245,27.23526181157025,0.002667016911182526,0.21376200530850797,0.9939239401551508,0.0,0.0,0.0,0.0,False,958.178385409213,1.3628817291539437,1440,2023-12-27,0.11928013224194098,0.034195380261397665,2.526
185,5,270,716.7241063658038,9458.280002070403,8985.366001966864,9016.894258674916,0.9965034239280649,31.528256708053092,0.07976571084682754,0.1901047802976041,0.9492905523615575,0.1388888888888889,0.0,0.0,0.0,False,1553.7629708842019,3.413812119448681,1440,2023-05-21,0.11868373158073126,0.0061056012209975905,2.594
186,5,200,849.5149461969015,7108.513217626052,6753.0875567447365,6778.729366487363,0.9962173132520389,25.641809742626883,0.12579652478345807,0.17498643208784964,0.9816794449388214,0.0,0.0,0.0,0.0,False,1405.8833622928978,1.8626061815675845,1440,2023-03-19,0.11809031292282761,0.036174433997785825,2.66
187,5,210,826.656497237121,7941.606932121157,7544.526585515083,7589.672950111444,0.9940516060582428,45.14636459636032,0.10957036042847786,0.20252048264596778,0.9594419925988928,0.0,0.0,0.0,0.0,False,1445.3585337908592,3.1915958874476895,1440,2023-06-22,0.11749986135821347,0.09474054467628376,2.643
188,5,137,339.54099523375396,5201.344387043188,4941.277167691,4965.61833779776,0.9950980585999777,24.34117010676038,0.06871522962805535,0.20351598492754466,0.9966834641705273,0.0,0.0,0.0,0.0,False,969.9832074737699,1.5841704650128863,1440,2023-10-31,0.11691236205142241,0.08089249785892381,2.597
189,5,245,735.9093166133658,8898.349859786602,8453.432366797271,8541.29460448442,0.9897132411706046,87.86223768714868,0.08705449865593208,0.22215015833858803,0.9660089758010189,0.0,0.0,0.0,0.0,False,1674.829335942799,2.2380633898243234,1440,2023-03-21,0.11632780024116529,0.06744815613918949,2.758
190,5,234,773.245307170713,8529.567932910568,8103.089536265029,8182.221664070538,0.9903287724221661,79.13212780550913,0.09542598581813601,0.23198577674121285,0.9691712768460347,0.0,0.0,0.0,0.0,False,1557.873588562745,2.3405862468307115,1440,2023-09-28,0.11574616123995946,0.014589993342177206,2.725
191,5,181,981.3352799569036,6089.6431686287915,5785.161010197368,5848.923373795926,0.989098444359141,63.762363598558025,0.16962972650668268,0.23043255457941558,0.9878424373013331,0.0,0.0,0.0,0.0,False,1154.1409174517732,1.7510302298438332,1440,2023-02-07,0.11516743043375967,-0.050934186218267855,2.622
192,5,259,805.833761604956,9357.664304075559,8889.781088871776,8928.656271472122,0.9956460209220332,38.87518260034702,0.0906471996946807,0.20957967683373657,0.954842425787576,0.0,0.0,0.0,0.0,False,2141.069499392015,3.0609710392198517,1440,2023-03-16,0.11459159328159088,-0.1014580688396407,2.871
193,5,214,109.2204274938922,7446.777056573484,7074.4382037448095,7135.498123759692,0.9914427950290441,61.059920014881335,0.015438742179707931,0.23885175239691803,0.9845046285946679,0.0,0.0,0.0,0.0,False,1298.4021909547419,1.714608105537247,1440,2023-11-04,0.11401863531518291,-0.09647982773793198,2.812
194,5,130,464.7450389270102,4776.126548106678,4537.320220701332,4569.83776708665,0.9928843105504709,32.517546385318155,0.10242720732088306,0.20325729591257377,0.9932925878320121,0.0,0.0,0.0,0.0,False,1021.0436852202732,1.6945565236894566,1440,2023-09-22,0.113448542138607,-0.15883838871541012,2.684
195,5,159,704.2683594928668,6202.224106581143,5892.112901252047,5933.531830529551,0.9930195151116585,41.4189292775052,0.1195273022251853,0.2050930865078473,0.9866030844940841,0.0,0.0,0.0,0.0,False,1270.0042422203455,1.8462611747667435,1440,2023-10-25,0.11288129942791396,-0.13058029802746396,2.953
196,5,166,163.26176199073845,5793.377298637671,5503.708433705766,5535.643599482066,0.9942309931623329,31.935165776301233,0.029663955486975313,0.18826581445845375,0.9794136138739747,0.0,0.0,0.0,0.0,False,1328.5375628899728,1.8692970562972961,1440,2023-10-10,0.11231689293077439,-0.11226721911210114,2.661
197,5,138,450.46928952728274,4615.957110602949,4385.159255072798,4444.102255718875,0.986736803688478,58.9430006460765,0.10272586771077359,0.2523164623948837,0.9629699811196986,0.0,0.0,0.0,0.0,False,602.1734431481324,3.135252384403011,1440,2023-08-13,0.11175530846612053,-0.06001004819406777,2.674
198,5,210,950.968161777705,7701.713443885524,7316.62777169125,7337.18078888555,0.997198785502814,20.5530171942993,0.12997356042316296,0.1941372495438411,0.9704672280937613,0.0,0.0,0.0,0.0,False,1849.5444355010986,2.294734791085821,1440,2023-01-26,0.1111965319237899,-0.16173156003953118,2.604
199,5,126,198.57152903297822,4926.207395419991,4679.897025649001,4705.125542187106,0.9946380779190904,25.228516538104657,0.042430747502492455,0.19643224263456902,0.9999107977246452,0.0,0.0,0.0,0.0,False,819.4662199438271,1.4234585283488004,1440,2023-01-04,0.11064054926417097,-0.11482136372080019,2.546
200,5,214,626.5794115609435,7947.166569988102,7549.808241488678,7579.0394250891795,0.9961431545660342,29.231183600501364,0.08299275842764903,0.17656004769317246,0.9585329481813744,0.0,0.0,0.0,0.0,False,1774.394144841881,3.1554775167511497,1440,2023-08-01,0.11008734651785011,-0.08216380359714529,2.713
201,5,247,738.4272803685659,8740.21362998096,8303.202948481892,8349.05923259342,0.9945076106380332,45.85628411152844,0.08893282326714362,0.17050340510656437,0.947115552242182,0.2777777777777778,0.0,0.0,0.0,False,1804.0687860680264,3.770191507275453,1440,2023-06-11,0.10953690978526086,-0.011146929011807551,2.698
202,5,224,346.7969747285181,7936.835877039478,7539.994083187481,7553.797054754432,0.9981727108278262,13.802971566949745,0.04599432982338787,0.16114083720795297,0.9768100653373009,0.0,0.0,0.0,0.0,False,1895.7308384291532,2.398095406166212,1440,2023-10-20,0.10898922523633456,0.060466014091672224,2.882
203,5,202,28.4952835992579,7650.659452316777,7268.126479700926,7316.390189103629,0.993403343977665,48.26370940270168,0.003920581690321718,0.20232857553286637,0.9834481153208317,0.0,0.0,0.0,0.0,False,1379.6786740945631,1.8498758269044329,1440,2023-12-23,0.10844427911015289,0.14029697609100347,2.849
204,5,168,583.6849715774907,6413.787683593003,6093.09829941337,6151.006368232645,0.990585594396659,57.90806881927576,0.09579444527157663,0.2578460490533561,0.9749598802081887,0.0,0.0,0.0,0.0,False,736.1695915433547,2.5472585819347615,1440,2023-05-12,0.10790205771460211,0.11343229259901566,2.687
205,5,282,718.5788627280652,10107.881765772916,9602.487677484272,9681.106444878886,0.9918791547389502,78.61876739461432,0.07483257327296292,0.21277693047772583,0.9411905480456655,1.9444444444444444,0.0,0.0,0.0,False,2312.8601921705613,3.483456889308022,1440,2023-08-12,0.10736254742602912,-0.03309019839231983,2.631
206,5,178,621.669148563033,6145.020914542999,5837.7698688158325,5858.216898774383,0.9965096836952507,20.44702995854937,0.10649086252677789,0.19199576456975412,0.9741343505936739,0.0,0.0,0.0,0.0,False,1134.2348778765972,2.57793605990483,1440,2023-09-08,0.10682573468889896,-0.051794976842887905,2.744
207,5,271,1427.6021792366207,10037.11741611565,9535.261545309884,9614.580198969015,0.9917501698443748,79.31865365913004,0.14971819833707828,0.22541962713030597,0.9659061317988455,0.0,0.0,0.0,0.0,False,1861.2642861145787,2.289556622955975,1440,2023-01-20,0.10629160601545447,-0.020640022834292285,2.844
208,5,200,670.9797250417008,7482.730927891963,7108.594381497337,7134.003936170574,0.9964382477356921,25.409554673237153,0.09438992985563587,0.1802912711155367,0.9855706661440763,0.0,0.0,0.0,0.0,False,1247.6392400324698,1.851124619588787,1440,2023-11-10,0.1057601479853772,-0.07051953861714516,2.843
209,5,189,619.7156300823294,6619.266492898841,6288.3031682539095,6323.496083346385,0.9944345794432988,35.19291509247567,0.09855053318849567,0.17814655907245508,0.9724829673573586,0.0,0.0,0.0,0.0,False,1502.6927832409563,2.2030668539304896,1440,2023-05-01,0.10523134724545032,-0.010155331566711895,2.668
210,5,245,806.0033786779643,9263.70919370892,8800.523734023482,8829.360270704281,0.996734017437653,28.836536680799615,0.09158584227912427,0.17408210740749613,0.938671289806213,3.6805555555555554,0.0,0.0,0.0,False,2014.2939247085624,3.5304700698642764,1440,2023-07-25,0.10470519050922306,0.04394707261479153,2.68
211,5,296,735.8953644607279,10505.964817330085,9980.666576463569,10001.09625687423,0.9979572558961605,20.429680410660765,0.07373208581039248,0.17658493996687158,0.9555976982171986,0.0,0.0,0.0,0.0,False,2281.220405229218,2.774008207458624,1440,2023-04-11,0.10418166455667695,0.09746668425252913,2.799
212,5,262,886.9586212784641,9248.601066468853,8786.171013145355,8882.634659828662,0.9891401987836379,96.46364668330821,0.10094939194234309,0.23080125470010285,0.9746334847690068,0.0,0.0,0.0,0.0,False,1296.530221287227,2.1093340687041335,1440,2023-09-29,0.10366075623389356,0.13594689493374967,2.773
213,5,227,467.2363334610453,8011.2730102425185,7610.709359730385,7632.0611034239755,0.997202362061277,21.35174369359111,0.061391955910611404,0.19923197977359158,0.9724545737077648,0.0,0.0,0.0,0.0,False,1822.8819279232498,2.2957020519085796,1440,2023-12-18,0.10314245245272409,0.045915108330612145,2.699
214,5,139,458.4058235351932,4805.449204123642,4565.176743917471,4578.87727643275,0.9970078838789163,13.7005325152782,0.10041359825683897,0.20238151647980787,0.9970844721232034,0.0,0.0,0.0,0.0,False,1001.1975247263908,1.416340574709184,1440,2023-02-01,0.10262674019046046,0.043380484897747346,2.75
215,5,258,772.9213687232997,9212.09363228166,8751.48895066757,8798.798218022359,0.9946232126044342,47.30926735478852,0.08831884186568512,0.1766917267806126,0.9605863818990346,0.0,0.0,0.0,0.0,False,1623.5101478710917,2.88484779057603,1440,2023-10-05,0.10211360648950817,0.03430472957378928,2.614
216,5,262,1031.9186023347706,9204.418152171116,8744.19724456256,8786.483539454814,0.9951873471676841,42.286294892255256,0.11801181669094357,0.16263557964099218,0.9697099393045231,0.0,0.0,0.0,0.0,False,1129.1879790692892,2.800121929303942,1440,2023-06-16,0.10160303845706062,0.0847270763138218,2.564
217,5,193,386.18890506034455,6949.458356219236,6601.985438408256,6615.411301887199,0.9979705171959432,13.425863478942711,0.058495873500965336,0.16044377951092575,0.9919749340273938,0.0,0.0,0.0,0.0,False,1188.7750482407125,1.6333407212667808,1440,2023-11-22,0.10109502326477533,0.15785669843096312,2.644
218,5,185,592.7080073910316,6625.609890533119,6294.329396006485,6322.762195523435,0.9955031047131456,28.432799516950787,0.09416539397621652,0.18914231915867635,0.9557449942656603,0.0,0.0,0.0,0.0,False,1220.605660163508,3.4801081172142476,1440,2023-07-19,0.10058954814845145,0.22316016743527606,2.678
219,5,155,150.96571179693706,5898.807757940418,5603.867370043397,5622.739062669582,0.9966436833692892,18.871692626185524,0.026939558313595124,0.18392963239304835,0.9690095351685608,0.0,0.0,0.0,0.0,False,1309.6773011156265,2.767430829606985,1440,2023-10-14,0.10008660040770918,0.21280903945574126,2.84
220,5,297,873.0936604289235,10476.244724876702,9952.432488632881,9994.985033392884,0.9957426104573607,42.55254476000334,0.08772665993224499,0.17600544639798468,0.9525798419101297,0.0,0.0,0.0,0.0,False,2252.016179872863,2.971863291065741,1440,2023-04-12,0.09958616740567064,0.2167995663368426,2.808
221,5,151,430.3849075145768,5383.1428260980065,5113.985684793091,5122.469062219438,0.998343888987263,8.483377426345204,0.084158410688236,0.14629555939337363,0.9841200051103165,0.0,0.0,0.0,0.0,False,1376.34957962088,1.951815165558006,1440,2023-12-13,0.09908823656864228,0.2386249247109645,2.616
222,5,209,757.6320498534092,7299.5738121859185,6934.595121576622,6940.514231112696,0.9991471655645427,5.91910953607346,0.10925397035741533,0.15854552173726402,0.966841720196338,0.0,0.0,0.0,0.0,False,1924.2520451274158,2.571400526807264,1440,2023-10-26,0.09859279538579907,0.3241321848507377,2.665
223,5,152,365.95158479484667,5627.649104016132,5346.266648815314,5356.432266040289,0.9981021663823839,10.165617224974905,0.0684499312947547,0.16058172493799439,0.9836093721667417,0.0,0.0,0.0,0.0,False,1368.7935096912563,1.9128853629944862,1440,2023-03-31,0.09809983140887008,0.3676607997191342,2.671
224,5,262,31.377578401079504,9197.966491690368,8738.06816710585,8785.235727306426,0.9946310421638467,47.167560200577455,0.0035909056556916426,0.17401340608128232,0.9719429379235661,0.0,0.0,0.0,0.0,False,1731.961690696695,2.287722832180438,1440,2023-12-23,0.09760933225182573,0.39997495832534485,2.687
225,5,229,682.0434151718965,8621.063108357732,8190.0099529398785,8225.37015922599,0.9957010802430029,35.360206286109886,0.08327748306668063,0.18329462185633358,0.9683613918263342,0.0,0.0,0.0,0.0,False,1676.7627469785236,2.9030507907191683,1440,2023-05-15,0.0971212855905666,0.39757591639101575,2.799
226,5,148,575.0573144786571,5052.511721172818,4799.886135114173,4809.440870280854,0.9980133376364553,9.554735166680471,0.11980644921381628,0.1550623959877741,0.982182407051802,0.0,0.0,0.0,0.0,False,1183.7566153340977,2.097779823308132,1440,2023-04-03,0.09663567916261376,0.37607327704562304,2.69
227,5,140,360.6435711957493,4806.151958307293,4565.844360391933,4584.716078286327,0.9958837761003846,18.871717894394326,0.07898726779306853,0.15629367276251263,0.9936729836797428,0.0,0.0,0.0,0.0,False,965.2771988590324,1.3713343911766396,1440,2023-04-09,0.0961525007668007,0.42322894268075106,2.607
228,5,137,639.7363988931957,4881.874281698301,4637.780567613387,4658.304275824325,0.9955941675348577,20.523708210938516,0.1379402042780143,0.18448223580986642,0.9947697508156478,0.0,0.0,0.0,0.0,False,1074.0614553148685,1.644756633944168,1440,2023-03-05,0.09567173826296668,0.4604299826463031,2.651
229,5,123,399.35478967597544,4280.184237704298,4066.1750258191073,4093.7501935688156,0.9932640814788777,27.57516774970895,0.0982138710557664,0.17665931340030902,0.9526788716043029,0.0,0.0,0.0,0.0,False,822.005703713911,3.5293880546990577,1440,2023-09-02,0.09519337957165185,0.42895186412407305,2.609
230,5,275,242.59157868363968,9694.498385343764,9209.773466076605,9220.648656339696,0.9988205612567601,10.875190263090905,0.026340667289722654,0.17523806302576736,0.9524261782201048,0.0,0.0,0.0,0.0,False,2367.4787111152755,3.053519830709277,1440,2023-01-04,0.09471741267379359,0.4221468329372998,2.683
231,5,270,901.6577424848765,9551.41346564247,9073.842792360378,9100.826044636256,0.9970350765805723,26.98325227587946,0.09936889619070956,0.18090159510305517,0.9399374726733811,4.652777777777778,0.0,0.0,0.0,False,2109.79573678867,3.5731855834958304,1440,2023-06-27,0.09424382561042462,0.4210676556605845,2.665
232,5,188,653.3238771211721,6376.834942427339,6057.993195305946,6062.87769488101,0.999194359539994,4.884499575066082,0.1078449341322143,0.14286547592117255,0.9393425099056659,4.305555555555555,0.0,0.0,0.0,False,1765.8386652781248,3.507352530519521,1440,2023-08-24,0.0937726064823725,0.4086994635140263,2.706
233,5,137,470.65032776158694,4903.59955513768,4658.4195773807805,4666.70757263132,0.9982240165852376,8.28799525053834,0.10103218912415193,0.16593406023215124,0.9636168048683159,0.0,0.0,0.0,0.0,False,1296.9978910684586,2.823502176737203,1440,2023-09-15,0.09330374344996065,0.4853410982008629,2.678
234,5,170,574.9966172911862,6017.420865571915,5716.549822293297,5746.835478891372,0.9947300289508345,30.285656598075263,0.1005845545242735,0.17185713430694327,0.9807902597263702,0.0,0.0,0.0,0.0,False,1371.145913789312,1.9538392736028616,1440,2023-09-22,0.09283722473271083,0.4976068174545715,2.665
235,5,201,491.03522532668103,7011.573161141449,6660.994503084365,6681.306630061071,0.9969598570906301,20.31212697670606,0.07371800488640365,0.18759037045699264,0.9877304914585733,0.0,0.0,0.0,0.0,False,1318.8621997693679,1.716312361940446,1440,2023-10-17,0.09237303860904728,0.4957957731776488,2.757
236,5,217,791.0221706312145,7883.2509344947675,7489.088387770028,7528.269879836411,0.9947954187759228,39.18149206638339,0.1056232921383308,0.1912183917596039,0.9546623361101687,0.0,0.0,0.0,0.0,False,1290.4481112056985,3.4968659342908097,1440,2023-07-18,0.09191117341600205,0.46035429970315234,2.794
237,5,208,797.1676508553768,7092.458576234836,6737.835647423104,6785.258736716985,0.9930108650039738,47.423089293881176,0.11831212463014808,0.1930426692940346,0.978432535477216,0.0,0.0,0.0,0.0,False,1599.8165694005377,2.132824506118973,1440,2023-01-18,0.09145161754892205,0.4244585544698303,2.714
238,5,231,781.3310421165489,8195.589922222081,7785.810426110956,7810.017042106274,0.9969005680954584,24.20661599531774,0.10035320658415094,0.16241818218059964,0.9391506928736381,3.125,0.0,0.0,0.0,False,2207.0449805259705,3.488854680391635,1440,2023-10-01,0.09099435946117741,0.3920764142427233,2.708
239,5,232,795.2943976744864,8401.135759613444,7981.078971632788,8022.135113587268,0.994882142799497,41.05614195448127,0.09964747880596189,0.17746137835353365,0.9608612427643332,0.0,0.0,0.0,0.0,False,1557.7948709307905,3.0294969476145384,1440,2023-09-12,0.09053938766387153,0.4354236646015647,2.662
240,5,233,155.79045717230096,8193.866754641935,7784.173416909847,7802.253262943657,0.9976827404309369,18.079846033808955,0.02001374440526615,0.16055703900728888,0.9776090666777669,0.0,0.0,0.0,0.0,False,1596.4353882265898,2.0483501957221897,1440,2023-03-13,0.09008669072555218,0.43813336439050626,2.765
241,5,211,775.0453474311204,7722.114218717246,7336.008507781344,7355.800708169645,0.9973093071477155,19.792200388300188,0.1056494613670398,0.17606293865396735,0.936001634279913,3.125,0.0,0.0,0.0,False,1912.0488401856023,4.012123784894007,1440,2023-08-28,0.08963625727192442,0.47946281883303354,2.766
242,5,200,661.6552591087997,6943.4615813267565,6596.288502260404,6631.025976796297,0.9947613725753076,34.73747453589244,0.10030720440472925,0.1915601938950007,0.9732884538444805,0.0,0.0,0.0,0.0,False,1461.0726014497618,2.460033405337983,1440,2023-09-12,0.08918807598556479,0.4796102562316644,2.674
243,5,289,598.8718940534518,9946.790255131587,9449.45074237501,9489.635294554397,0.9957654271284327,40.184552179386586,0.06337637079453491,0.1800032014429172,0.9678339707704283,0.0,0.0,0.0,0.0,False,2082.01233854194,2.57727197918957,1440,2023-03-22,0.08874213560563697,0.4460562349255457,2.664
244,5,268,898.1555726454079,9364.772584494358,8896.533955269577,8926.205345930386,0.9966759233615058,29.671390660809646,0.10095567298019632,0.1559877586256448,0.9676361052351413,0.0,0.0,0.0,0.0,False,2069.564246234629,2.720923366124909,1440,2023-04-24,0.08829842492760878,0.4456382412030886,2.678
245,5,255,732.5090134351452,8449.22919459459,8026.767734864834,8057.12231614007,0.996232577825655,30.354581275238196,0.09125827950065635,0.17729435645018332,0.9536533546877863,0.0,0.0,0.0,0.0,False,1930.0353978048036,3.2417368857173146,1440,2023-07-24,0.08785693280297073,0.50033843249184,2.607
246,5,129,472.6726563445135,4370.41478264208,4151.894043509965,4179.274934599657,0.9934484111435192,27.380891089691684,0.11384506718888263,0.174872193421496,0.9927298941541395,0.0,0.0,0.0,0.0,False,879.7249239909146,1.5633733122934823,1440,2023-10-22,0.08741764813895588,0.4983593524863471,2.664
247,5,223,419.83370885928656,7832.690630911317,7441.056099365756,7478.723440146729,0.9949633996921493,37.66734078097244,0.056421253012065235,0.190049926600979,0.9401515339294397,2.2916666666666665,0.0,0.0,0.0,False,1108.9010377491002,3.9165700065311793,1440,2023-08-07,0.08698055989826112,0.5033612374739901,2.849
248,5,279,1028.868410391833,9830.73076300148,9339.19422485142,9460.734755065776,0.9871531616348005,121.54053021435509,0.11016672162722921,0.2466195257243267,0.9869014495935805,0.0,0.0,0.0,0.0,False,1222.1452161344366,1.7400102849592978,1440,2023-12-05,0.08654565709876981,0.47446923613919295,2.589
249,5,231,830.284188183261,8261.706370795702,7848.62105225597,7911.338059369701,0.9920725158445919,62.717007113730105,0.10578726921012552,0.21010948493247916,0.9714849996420802,0.0,0.0,0.0,0.0,False,1587.040634299855,2.015901338141851,1440,2023-02-16,0.08611292881327597,0.32457154071377403,2.585
250,5,154,453.9353608531348,5110.317348309414,4854.801480893915,4894.425753412523,0.9919042039832803,39.62427251860777,0.09350235280260144,0.20184647844036102,0.9716881180957845,0.0,0.0,0.0,0.0,False,1026.880030002853,2.677053496110686,1440,2023-05-24,0.08568236416920957,0.28446999986887944,2.593
251,5,211,907.1463666366997,7529.672976443484,7153.1893276212595,7215.481377876404,0.9913668891938188,62.29205025514418,0.12681704972268146,0.22315764439800373,0.968361957160809,0.0,0.0,0.0,0.0,False,1478.8508155483769,2.8021310100546106,1440,2023-06-15,0.08525395234836353,0.2704750575536056,2.609
252,5,219,860.0473395783862,7912.539137597877,7516.912180717945,7581.891056626292,0.9914297270399899,64.97887590834677,0.11441497770647661,0.21220387115827516,0.9770599850967399,0.0,0.0,0.0,0.0,False,1631.3358736545613,2.168320297606684,1440,2023-03-15,0.0848276825866217,0.21123665637467245,2.536
253,5,294,788.3112130797541,10078.924984235928,9574.978735024126,9657.715775918712,0.9914330631782632,82.7370408945852,0.08233033564828778,0.21346108475234132,0.9599226471874016,0.0,0.0,0.0,0.0,False,1815.8422632458842,2.981954312545161,1440,2023-05-22,0.08440354417368859,0.187334043001015,2.654
254,5,219,768.1266618927605,7820.852567433133,7429.809939061501,7480.832864243905,0.993179512748336,51.02292518240432,0.10338442950665662,0.1909959649291983,0.9527526246615734,0.0,0.0,0.0,0.0,False,1296.0371661226595,3.598707905777949,1440,2023-08-26,0.08398152645282016,0.16477302815752642,2.764
255,5,161,293.3214023223956,5740.249182327977,5453.236723211576,5470.852356360439,0.996780093484266,17.615633148862706,0.05378849611898927,0.1751579564235517,0.9775010462523841,0.0,0.0,0.0,0.0,False,1248.384929513022,2.4241464212375066,1440,2023-10-03,0.08356161882055606,0.1965976816471903,2.64
256,5,139,484.0769645207769,5177.385665452992,4918.516382180346,4954.615133742187,0.992714115912657,36.0987515618397,0.09841930511293505,0.19188800816355217,0.9972883278782458,0.0,0.0,0.0,0.0,False,980.6553985623632,1.4719909517543253,1440,2023-04-30,0.08314381072645327,0.25814312533016637,2.741
257,5,244,664.2399458643696,9109.792323732652,8654.302707546023,8707.769638012094,0.9938598593338217,53.46693046607014,0.07675256670710084,0.22554520856005716,0.9743722691576993,0.0,0.0,0.0,0.0,False,1737.7846421746945,2.171217653575178,1440,2023-04-09,0.082728091672821,0.27097896604036853,2.713
258,5,298,23.58553494007655,11018.664619131485,10467.731388174947,10545.760989118287,0.9926008563038878,78.0296009433393,0.002253165854706623,0.18737703179613038,0.9731066257444224,0.0,0.0,0.0,0.0,False,1772.5160728515245,2.3149266206696324,1440,2023-12-23,0.0823144512144569,0.20592453730821642,2.854
259,5,220,947.9626412682752,8033.373144255799,7631.704487043041,7672.482263617225,0.9946851911580752,40.77777657418383,0.12421375105360902,0.19803223960314958,0.9570710276080706,0.0,0.0,0.0,0.0,False,1873.6598261139045,2.895451954318734,1440,2023-04-03,0.0819028789583846,0.23848213161332713,2.74
260,5,137,594.1199922620876,5038.5580933527335,4786.630188685114,4822.472813062281,0.9925675839415659,35.842624377165734,0.12412072143498769,0.19930268714209554,0.9782703591265611,0.0,0.0,0.0,0.0,False,1374.3710798734187,1.985751824735842,1440,2023-04-08,0.0814933645635927,0.24118513790181595,2.734
261,5,127,504.08533582457864,4380.8831930607785,4161.839033407711,4202.672615520537,0.9902839012579694,40.83358211282529,0.12112081504791739,0.2331202643789572,0.9892519157576212,0.0,0.0,0.0,0.0,False,845.3683621331713,1.8531431280895396,1440,2023-06-19,0.08108589774077472,0.24058742398982116,2.679
262,5,261,774.2423290663161,9826.37971945709,9335.060733484275,9417.904492462745,0.9912035889677188,82.84375897846967,0.0829391849898906,0.23359911381161272,0.9375101116325444,1.25,0.0,0.0,0.0,False,1915.7569430902452,3.657365870209061,1440,2023-08-08,0.08068046825207086,0.16405456972018184,2.675
263,5,173,545.925404727198,6113.685696410173,5808.001411589677,5869.7079116723735,0.9894872962997038,61.70650008269615,0.09399539807924662,0.22606466089193555,0.9921274397665464,0.0,0.0,0.0,0.0,False,1000.1247115704609,1.573631266583785,1440,2023-11-10,0.0802770659108105,0.10009486186204758,2.682
264,5,207,190.78020480769734,7042.963232692976,6690.815071058343,6717.62906295348,0.9960084143313285,26.81399189513683,0.02851374649897774,0.18507398360525348,0.9873517145756819,0.0,0.0,0.0,0.0,False,1543.721040292686,1.9290714144022023,1440,2023-11-02,0.07987568058125645,0.06419965895423316,2.622
265,5,287,1338.945716728337,9802.780558142635,9312.641530235485,9417.518420295035,0.9888636384470949,104.87689005954954,0.14377722071456986,0.21916122642614744,0.9678716142683486,0.0,0.0,0.0,0.0,False,1902.3510302489713,2.3376039340349917,1440,2023-01-27,0.07947630217835017,0.1264092874784195,2.699
266,5,165,696.4807649346611,5480.917591392241,5206.87171182263,5278.204983243901,0.9864853161922047,71.3332714212703,0.13376184463182458,0.25741092084711875,0.9962284184329306,0.0,0.0,0.0,0.0,False,834.6826917717895,1.3618696737079148,1440,2023-11-29,0.0790789206674584,0.10022699477049453,2.681
267,5,262,905.8113275528349,9962.7302957301,9464.593780943549,9542.917644624566,0.9917924615303438,78.32386368101636,0.09570525143684849,0.2286647292595683,0.9629064855660057,0.0,0.0,0.0,0.0,False,1701.7589395291866,2.7085601299559006,1440,2023-09-28,0.07868352606412113,-0.007738713164338301,2.712
268,5,135,158.33263684603958,4693.147848543492,4458.49045611632,4485.471273153817,0.9939848423065419,26.980817037497125,0.03551261091718455,0.16656672462582453,0.9637257891472489,0.0,0.0,0.0,0.0,False,714.0828300221247,3.110567513500278,1440,2023-07-22,0.0782901084338005,-0.03230289448257198,2.674
269,5,122,550.8607478688659,4463.248614364563,4240.0861836463455,4290.515237794258,0.9882463873560702,50.42905414791259,0.12991734696183518,0.25228056141331895,1.0000670913934155,0.0,0.0,0.0,0.0,False,743.9348202943802,1.2544263685344916,1440,2023-11-29,0.0778986578916315,0.08633303442578613,2.945
270,5,126,490.8594826380908,4533.278796576031,4306.6148567471955,4357.296762646256,0.988368498025303,50.681905899059515,0.11397803123004109,0.24727772407992535,0.9939916409756673,0.0,0.0,0.0,0.0,False,800.9279749174804,1.4424426020723338,1440,2023-03-06,0.07750916460217336,-0.009942691450681024,2.681
271,5,173,573.1122170379247,6197.377398882687,5887.508528938535,5918.636949740883,0.9947406098622571,31.12842080234885,0.09734375996585633,0.19658913256260316,0.9807001759565808,0.0,0.0,0.0,0.0,False,1413.287173277139,2.001737756740944,1440,2023-11-12,0.07712161877916247,-0.07832091622238513,2.657
272,5,207,412.31401735695323,7394.957452272182,7025.209579658562,7071.421702441345,0.9934649459857798,46.212122782782245,0.058690635870964646,0.20636748545094258,0.9718359868553061,0.0,0.0,0.0,0.0,False,1388.3074024506113,2.625386554134519,1440,2023-10-03,0.07673601068526667,-0.02133805132976971,2.642
273,5,121,386.0216169400341,4568.9290767944785,4340.482622954758,4375.926829301599,0.9919001830401953,35.44420634684059,0.08893518312884113,0.19388257553640748,0.9963847252506656,0.0,0.0,0.0,0.0,False,946.1825518890914,1.3788844223235894,1440,2023-11-27,0.07635233063184034,0.0024174899574287423,2.623
274,5,230,905.3612683202275,8588.427678967131,8159.006295018825,8238.257381861687,0.9903801152149785,79.25108684286148,0.11096464882898324,0.23298855755649028,0.9674702637619494,0.0,0.0,0.0,0.0,False,1651.6050275172759,2.3002196023540216,1440,2023-04-28,0.07597056897868114,0.049194596022344356,2.614
275,5,269,1346.170109682077,8944.463167288832,8497.240008924397,8549.362938506398,0.9939032966600073,52.122929582000985,0.1584243952469549,0.21460224073982562,0.9646255790878036,0.0,0.0,0.0,0.0,False,1976.1736229348248,2.497564048010984,1440,2023-01-24,0.07559071613378773,-0.0010663074477298418,2.579
276,5,211,596.4639053364226,7404.3916077837575,7034.172027394592,7061.69108907208,0.9961030493503074,27.519061677487944,0.08479518314500885,0.16848799785907143,0.949338401974719,0.1388888888888889,0.0,0.0,0.0,False,1737.1640020922323,3.305296071836104,1440,2023-07-26,0.07521276255311879,-0.0015552452641181824,2.635
277,5,139,643.4136257525381,4883.420705202576,4639.249669942463,4693.585040193946,0.9884234823091139,54.33537025148271,0.13868915698182674,0.2233382965383161,0.9937352863969379,0.0,0.0,0.0,0.0,False,968.6595392249175,1.594913794825648,1440,2023-02-08,0.0748366987403532,0.10108053892747679,2.692
278,5,269,897.4562961344861,9210.384402074154,8749.865181970452,8815.559993990435,0.9925478571906076,65.6948120199847,0.10256801418880614,0.18776600212024366,0.9600749737023081,0.0,0.0,0.0,0.0,False,1956.7534788210687,2.8019751252843923,1440,2023-09-09,0.07446251524665143,0.06135159435949866,2.69
279,5,130,63.4812597433968,4353.60440031354,4135.924180297854,4145.877522563867,0.9975992194145046,9.953342266012758,0.01534874842382268,0.128526553494184,0.9883879554286014,0.0,0.0,0.0,0.0,False,1017.9927551556594,1.5560668732021599,1440,2023-11-13,0.07409020267041817,0.10843918631886333,2.565
280,5,212,806.8455926269302,7727.995461562943,7341.5956884847765,7409.127833140792,0.9908852774338773,67.53214465601664,0.1099005756871711,0.22736744372308895,0.9553443126834633,0.0,0.0,0.0,0.0,False,1531.3956638014456,3.4842311156729933,1440,2023-08-29,0.07371975165706608,0.28000971918897716,2.663
281,5,297,648.1407067274672,10568.04902389618,10039.646572701306,10093.029943710042,0.9947108676674437,53.38337100873633,0.06455811985352349,0.19111460275050055,0.9640313220823127,0.0,0.0,0.0,0.0,False,2072.492527681722,2.566062328693258,1440,2023-03-22,0.07335115289878076,0.19844781479532286,2.694
282,5,185,56.984943906216465,6324.328203165881,6008.111793007598,6017.150382033247,0.9984978622019091,9.03858902564892,0.009484667707504557,0.14845465681715664,0.9864212416551335,0.0,0.0,0.0,0.0,False,1218.5764290174543,1.6134446829153042,1440,2023-12-22,0.07298439713428685,0.2133988112825689,2.642
283,5,200,697.5518517793353,7098.028318914551,6743.1269029687965,6787.192531229981,0.9935075323031688,44.06562826118437,0.10344634793573648,0.17818124904314175,0.9463037589672666,1.5277777777777777,0.0,0.0,0.0,False,1211.1238891043834,3.8367489300445756,1440,2023-08-26,0.07261947514861541,0.3217887566848645,2.653
284,5,165,513.7421142179082,6287.468769000063,5973.095330550072,6000.704267744358,0.9953990505176713,27.608937194285552,0.08600936127543722,0.20641709248376996,0.9802675299055699,0.0,0.0,0.0,0.0,False,1254.6676748771415,1.9621149296610634,1440,2023-12-13,0.07225637777287233,0.34419314765737663,2.595
285,5,177,656.9149239690106,6259.999298104377,5946.999333199143,5989.223528199267,0.9929499717615616,42.224195000124794,0.11046157686646793,0.20716759922386532,0.9760161035638536,0.0,0.0,0.0,0.0,False,1104.4666020039551,2.5250736157384965,1440,2023-05-10,0.07189509588400797,0.29967695024181573,2.716
286,5,163,615.269182710048,5824.318459924013,5533.102536927812,5570.111264942236,0.9933558368488341,37.00872801442166,0.11119786387542145,0.18693486964516207,0.9805226020017203,0.0,0.0,0.0,0.0,False,1355.3948826102032,1.8414984268215568,1440,2023-11-16,0.07153562040458793,0.262054497519964,2.614
287,5,128,482.7399160154615,4456.410172659971,4233.589664026951,4248.95754531397,0.9963831407767377,15.367881287018324,0.11402614668051787,0.19087135331877428,0.9845459100001361,0.0,0.0,0.0,0.0,False,977.4983164325217,2.093558532225757,1440,2023-03-10,0.071177942302565,0.2771217969333717,2.576
288,5,253,892.8031708538225,9725.778849130253,9239.489906673707,9264.983656576394,0.9972483761604273,25.493749902688762,0.09662905418717417,0.17040680872133243,0.951200753703938,0.0,0.0,0.0,0.0,False,2120.758730190497,2.9690049657964397,1440,2023-11-12,0.07082205259105216,0.28097180471621225,2.611
289,5,190,24.290053679885958,6977.287329000419,6628.422962550385,6650.837214882404,0.9966298600299729,22.41425233201874,0.0036645298311711837,0.16695808879716656,0.9684404697846871,0.0,0.0,0.0,0.0,False,1809.9346447191244,2.2897388492499617,1440,2023-12-27,0.0704679423280969,0.33055346862079016,2.672
290,5,300,995.3940103713832,10620.781181188535,10089.74212212906,10136.347190190543,0.9954021831349084,46.60506806148387,0.09865405857977891,0.1945953299072892,0.9612056088558181,0.0,0.0,0.0,0.0,False,1826.2793118056777,2.7085089814772405,1440,2023-05-01,0.07011560261645643,0.379458079137759,2.668
291,5,186,747.2158788143403,6387.209164120777,6067.8487059147465,6124.933286867454,0.9906799669026431,57.084580952708095,0.12314345907899417,0.21459097807471794,0.9626432391186065,0.0,0.0,0.0,0.0,False,1398.541630462856,2.5454211504743744,1440,2023-06-19,0.06976502460337414,0.35805007061369987,2.62
292,5,261,270.5380248697269,9231.865033489134,8770.271781814692,8808.320304987144,0.995680388331143,38.04852317245077,0.03084716546991076,0.1653076091149646,0.9452445664954363,3.125,0.0,0.0,0.0,False,1946.3837579791525,3.358241821009196,1440,2023-07-14,0.06941619948035727,0.2962036889223734,2.717
293,5,214,670.1473414894925,7851.370944338287,7458.802397121369,7517.080996238109,0.9922471769100392,58.278599116739045,0.08984650696043744,0.21529814374567757,0.9510489863168028,0.0,0.0,0.0,0.0,False,1381.1966481266556,3.5036124364031043,1440,2023-07-13,0.06906911848295548,0.35688461482502143,2.669
294,5,233,767.48151560829,8159.259738583059,7751.296751653901,7803.105141867363,0.9933605418264216,51.80839021346266,0.09901330579874029,0.1808590762668402,0.9609939696962959,0.0,0.0,0.0,0.0,False,1717.0686485565498,2.9956702139904525,1440,2023-08-14,0.0687237728905407,0.29468527217228735,2.575
295,5,121,416.6619334939011,4074.1316924049893,3870.4251077847375,3915.05592059889,0.988600210643396,44.63081281415185,0.10765275696869903,0.24067227165089564,0.9545385420674312,0.0,0.0,0.0,0.0,False,1111.966094343286,3.517536348574911,1440,2023-08-28,0.068380154026088,0.3216487926902003,2.517
296,5,277,847.5014540506902,9602.912853520409,9122.767210844395,9202.237293777893,0.9913640476335867,79.47008293349725,0.09289960320847059,0.23249401414335577,0.9456100426779779,2.0833333333333335,0.0,0.0,0.0,False,1890.3685073256493,3.407854168787037,1440,2023-07-24,0.06803825325595757,0.20959696567706398,2.687
297,5,146,1.438894873187518,5345.562636786601,5078.2845049473,5085.8667083172295,0.9985091619964145,7.5822033699301254,0.0002833427059444457,0.14301256255434278,0.9711166383424872,0.0,0.0,0.0,0.0,False,1452.2004137950141,2.7702004684647026,1440,2023-10-13,0.06769806198967777,0.1363229698759748,2.607
298,5,293,1020.3658457095472,10646.65853803302,10114.325611131315,10221.913298792457,0.9894747994317412,107.58768766114382,0.1008832308687575,0.24440949159589728,0.9746528389380557,0.0,0.0,0.0,0.0,False,1472.6858509680492,2.110229389023262,1440,2023-12-04,0.06735957167972938,0.2774123386032149,2.59
299,5,157,764.3549708966566,5681.407129166177,5397.3367727078785,5447.283084984139,0.9908309681180437,49.94631227626165,0.1416170609849077,0.2359873532324225,0.9959217819675162,0.0,0.0,0.0,0.0,False,908.9205231026685,1.4667016616245951,1440,2023-03-02,0.06702277382133073,0.16499011511379222,2.538
300,5,258,974.8548873105977,8884.658262229255,8440.425349117791,8523.899681487796,0.9902070254825625,83.47433237000494,0.1154983128205134,0.2479856900796896,0.9897708054704786,0.0,0.0,0.0,0.0,False,1356.8864708583137,1.8821979934584823,1440,2023-03-06,0.06668765995222407,0.09178167306027743,2.74
301,5,199,657.3327262086932,7074.722312784509,6720.986197145256,6761.139032032487,0.9940612321833646,40.152834887231634,0.09780301683819792,0.19071781932745366,0.9663801638851794,0.0,0.0,0.0,0.0,False,1646.6040487571768,2.7105226119237043,1440,2023-05-12,0.06635422165246296,0.004419293849493522,2.768
302,5,259,43.27885515487026,8955.232517918146,8507.470892022202,8541.047835099742,0.9960687559974135,33.57694307753865,0.005087158769529801,0.1607696804612774,0.9743791110773912,0.0,0.0,0.0,0.0,False,1771.7329658042486,2.258088160724992,1440,2023-12-28,0.06602245054420065,0.060982815169412785,2.777
303,5,174,708.5272382096706,5808.901809226587,5518.456718765274,5573.277743128359,0.9901635936894266,54.82102436308614,0.12839227963868127,0.2549160230694248,0.9878466733444246,0.0,0.0,0.0,0.0,False,905.0491299276628,1.9847957442626627,1440,2023-09-11,0.06569233829147963,0.17408105370787208,2.79
304,5,166,450.574254805293,5845.583872259029,5553.304678646099,5606.788729200987,0.9904608407525086,53.48405055488847,0.08113623884853072,0.2032897626993929,0.9533568904749304,0.0,0.0,0.0,0.0,False,966.2396409559292,3.5193410475113804,1440,2023-05-26,0.06536387660002224,0.05469188964724406,2.612
305,5,231,722.6697093869358,8323.30249701154,7907.137372160931,7955.44588786018,0.9939276168325188,48.30851569924964,0.09139460659065778,0.1958457115160187,0.962402240417229,0.0,0.0,0.0,0.0,False,1267.51510282739,3.1631742537271874,1440,2023-07-13,0.06503705721702213,0.07259384307784214,2.685
306,5,120,424.31033677249764,4042.652241996919,3840.519629897077,3880.2952117700834,0.9897493412995085,39.77558187300601,0.11048253300657361,0.22963125595237804,0.9996877762383116,0.0,0.0,0.0,0.0,False,710.2336982123434,1.307646150374916,1440,2023-11-26,0.06471187193093703,0.10350003284994291,2.645
307,5,171,479.2964037181867,6470.725433976014,6147.189162277179,6184.873584628992,0.9939070020047833,37.68442235181276,0.07797001053090011,0.20674267671362548,0.9927369111342315,0.0,0.0,0.0,0.0,False,1042.018522156527,1.5591238813037946,1440,2023-11-19,0.06438831257128233,0.052415224110014036,2.657
308,5,242,260.4410394963698,8482.017146589542,8057.91628926008,8097.7484404731695,0.9950810831546698,39.832151213088935,0.032321139876260105,0.18179893865021746,0.9718398467256181,0.0,0.0,0.0,0.0,False,1871.0169889451922,2.456169604948211,1440,2023-01-11,0.06406637100842592,0.06156511760764535,2.637
309,5,284,877.7947090501411,10109.40700794987,9603.936657552356,9678.6019841187,0.9922855256690108,74.66532656634489,0.09139946881676482,0.21975416657532665,0.9415122842992928,3.5416666666666665,0.0,0.0,0.0,False,2012.2902592578232,3.5698490045954543,1440,2023-08-09,0.0637460391533838,0.12467130921273718,2.714
310,5,204,764.4249385186761,7010.845179967636,6660.302920969252,6680.775218185916,0.9969356404686487,20.472297216663414,0.11477329899094617,0.18351781848611745,0.968513571663332,0.0,0.0,0.0,0.0,False,1607.1988847043494,2.139933950992328,1440,2023-11-30,0.06342730895761688,0.0906670527328041,2.676
311,5,294,1343.0839971641612,10283.301115666241,9769.13605988292,9826.869548252187,0.9941249359131326,57.733488369268606,0.13748237192432528,0.22102175485132325,0.9604323499440203,0.0,0.0,0.0,0.0,False,2131.2191604310647,2.7934723099070426,1440,2023-02-21,0.06311017241282879,0.14400772242081195,2.797
312,5,172,553.6751717012461,5680.629149819753,5396.597692328733,5430.865614103635,0.9936901547175259,34.26792177490381,0.10259708121068498,0.19540051290187455,0.9631790575282563,0.0,0.0,0.0,0.0,False,1220.07395065627,3.133443891600283,1440,2023-07-06,0.06279462155076464,0.10312051042519936,2.712
313,5,130,554.5180882333423,4878.735846024408,4634.799053723176,4676.501048114351,0.991082650476901,41.70199439117374,0.11964231497542334,0.23007887713009897,0.9960989053924579,0.0,0.0,0.0,0.0,False,903.6314792747337,1.4072889148501533,1440,2023-03-15,0.06248064844301082,0.12700744747240267,2.643
314,5,243,1082.3669774557864,8980.025370347754,8531.024101830411,8611.296773706872,0.9906782132835603,80.27267187645855,0.12687421399073934,0.2253453741327458,0.9764347956658362,0.0,0.0,0.0,0.0,False,1642.7474540423166,2.1996457794296322,1440,2023-11-30,0.062168245200795766,0.06832065195156665,2.719
315,5,157,718.7316157808025,5693.968580970801,5409.270151922259,5449.240797471639,0.9926649147954839,39.97064554937939,0.13287034952864968,0.21950430563444603,0.9866057671887084,0.0,0.0,0.0,0.0,False,1311.2065815540066,1.7203892116061352,1440,2023-01-26,0.06185740397479179,0.030517653422437535,2.777
316,5,296,834.9847318509464,10244.999477870366,9732.749503976804,9793.03014462594,0.993844536393854,60.280640649134334,0.08579124855825905,0.19750627438857365,0.9498099673588716,0.06944444444444445,0.0,0.0,0.0,False,2199.8127220867173,3.044067804820547,1440,2023-09-30,0.06154811695491783,0.012150390013671408,2.699
317,5,221,590.9960874585851,7286.962147199435,6922.614039839484,6967.99933976373,0.9934866096118509,45.385299924246794,0.08537180955884818,0.18422760465798585,0.9762917766800758,0.0,0.0,0.0,0.0,False,1158.2240400927026,2.3805581933430635,1440,2023-09-30,0.06124037637014324,0.04597693430814906,2.532
318,5,294,1136.0203297791536,10652.209132920168,10119.598676274174,10157.610784560442,0.9962577707403353,38.012108286265075,0.11225942511362641,0.1925173236381709,0.9584634653601161,0.0,0.0,0.0,0.0,False,2279.568380886465,2.782406276784473,1440,2023-03-09,0.060934174488292525,0.10303986291812509,2.622
319,5,259,303.1323582796129,9673.509603416987,9189.834123246099,9245.980316211031,0.9939275024340587,56.14619296493528,0.03298561804427198,0.1879649590044694,0.979035820218882,0.0,0.0,0.0,0.0,False,1388.4503929024263,1.966038555707557,1440,2023-01-14,0.060629503615851066,0.13082695786779025,2.656
320,5,244,927.4272168756795,8364.027552806481,7945.8261751661685,7997.061953908804,0.9935931747136719,51.235778742636,0.11671879002013086,0.21036983382946048,0.9851342470661996,0.0,0.0,0.0,0.0,False,1685.428791763017,2.220957761193813,1440,2023-03-15,0.06032635609777181,0.16367358807144217,2.585
321,5,131,470.1668635003683,4561.027862082682,4332.976468978573,4354.6659838724545,0.9950192471766587,21.689514893881235,0.10850898149723907,0.18309402298733848,0.99780204156156,0.0,0.0,0.0,0.0,False,922.6821795664779,1.3184694390714156,1440,2023-02-18,0.060024724317282944,0.14014167592791035,2.594
322,5,271,1046.7675794684199,9650.117534428864,9167.61165770737,9221.02050888784,0.9942079240438745,53.40885118046769,0.1141810559338412,0.22485496706421065,0.9539089605516918,0.0,0.0,0.0,0.0,False,2132.0254119855754,2.783881290473853,1440,2023-10-26,0.05972460069569653,0.18216822891638634,2.6
323,5,153,395.2527559175429,5014.982701902158,4764.233566807043,4789.776507061798,0.9946671958040013,25.542940254755703,0.08296250600963685,0.19040222599968595,0.9569430977075438,0.0,0.0,0.0,0.0,False,1005.6113478952875,3.1380649106534833,1440,2023-10-07,0.05942597769221805,0.12267264598483787,2.654
324,5,135,121.63634529357577,5196.677434213688,4936.843562502983,4965.74323144837,0.9941801926522572,28.899668945387397,0.024638484844333623,0.19177348847655018,0.993033993738828,0.0,0.0,0.0,0.0,False,898.7383198863565,1.4611331759758994,1440,2023-12-20,0.059128847803756955,0.1513520986815691,2.554
325,5,202,636.5333511467627,7329.032267036649,6962.580653684769,6998.461020478255,0.9948731061459803,35.88036679348657,0.09142204346457282,0.19562173258493265,0.9595199243190866,0.0,0.0,0.0,0.0,False,1465.1075184408428,3.3050621116487737,1440,2023-08-09,0.058833203564738173,0.17169020896602527,2.702
326,5,139,563.7630218969848,5435.750271944663,5163.962758347439,5198.683304065749,0.9933212808537201,34.72054571831031,0.10917255764203053,0.21911872110933328,0.9848306181130846,0.0,0.0,0.0,0.0,False,1125.355905548895,1.7102228069222574,1440,2023-11-16,0.05853903754691448,0.17971347352590217,2.771
327,5,241,669.6640470691697,8406.326885278366,7986.010541014477,8015.260838820175,0.9963506742458048,29.250297805698022,0.08385464101630162,0.1815097113129118,0.9475453576953662,0.5555555555555556,0.0,0.0,0.0,False,1714.1016353234377,3.473756314446836,1440,2023-05-23,0.05824634235917991,0.1334827743646556,2.771
328,5,297,655.0524513947146,10477.837155172338,9953.945297413673,10006.239251153413,0.9947738653426949,52.29395373974016,0.0658083234157331,0.1918437384350387,0.9586684477480295,0.0,0.0,0.0,0.0,False,1539.2196570374538,3.3576250034751216,1440,2023-08-07,0.057955110647384005,0.18016255102214007,2.761
329,5,283,923.5701716732001,10013.937574706724,9513.240695971386,9564.900825458797,0.9945989895316104,51.66012948741199,0.09708260320421709,0.20713373135369245,0.9577691206147599,0.0,0.0,0.0,0.0,False,2098.8204198900794,2.7710199306251795,1440,2023-12-11,0.05766533509414709,0.19517932575769648,2.709
330,5,287,716.0455981791285,9889.635548520286,9395.153771094236,9445.932780010517,0.9946242462127468,50.77900891628075,0.07621435642513513,0.180906940006807,0.9663226830062716,0.0,0.0,0.0,0.0,False,1699.1479224664868,2.5714501791568125,1440,2023-08-12,0.05737700841867635,0.17319807455741873,2.655
331,5,276,1355.7048145806632,9889.483791561524,9395.009601983442,9469.982485897417,0.9920831021571979,74.97288391397448,0.14430052464176849,0.2227019978598118,0.9748164027732942,0.0,0.0,0.0,0.0,False,1685.4014434112119,2.3464558131382347,1440,2023-02-22,0.05709012337658297,0.21426666756000423,2.657
332,5,164,579.3697133234925,5851.114619490187,5558.558888515689,5593.026201996834,0.9938374482370851,34.46731348114452,0.10423020155826801,0.22173958440098282,0.9753441600431656,0.0,0.0,0.0,0.0,False,1044.2749228129205,2.5706391608837387,1440,2023-10-01,0.05680467275970005,0.15403731479247149,2.665
333,5,263,619.5001637603445,9642.88263975888,9160.73850777096,9203.989349955209,0.9953008591666331,43.25084218424755,0.0676255700601899,0.2041757318593877,0.9443163314004578,1.0416666666666667,0.0,0.0,0.0,False,1947.7703849394059,3.4541800776614364,1440,2023-01-01,0.056520649395901554,0.10688416296781986,2.726
334,5,165,540.0148434987383,6087.806394786899,5783.416075047542,5822.270200633238,0.9933266364756705,38.85412558569542,0.09337298864396491,0.22345607171898432,0.9857129519247093,0.0,0.0,0.0,0.0,False,1025.2916991495651,2.032561107167629,1440,2023-09-28,0.05623804614892205,0.10759333050663844,2.61
335,5,129,163.22168076001557,4713.825167349997,4478.133908982511,4497.827309842776,0.9956215747062654,19.69340086026597,0.03644859311433624,0.1925572862378049,0.9942017765279034,0.0,0.0,0.0,0.0,False,790.1059053623278,1.5624574151175001,1440,2023-10-10,0.05595685591817744,0.06457111326063154,2.452
336,5,259,1278.9363466770924,9544.59627815801,9067.366464250059,9128.487582112099,0.9933043543837633,61.12111786204004,0.14104826927637254,0.2148511493707467,0.9856891307502123,0.0,0.0,0.0,0.0,False,1639.5007169114547,2.1667941743678885,1440,2023-03-02,0.05567707163858655,0.09850280321053047,2.629
337,5,296,698.0087118212615,10938.066101540579,10391.162796463526,10487.621782870363,0.9908025872400943,96.45898640683552,0.0671733015345326,0.21941117723627734,0.9391212493643551,3.4722222222222223,0.0,0.0,0.0,False,1525.990881960587,3.693527507404746,1440,2023-08-07,0.05539868628039362,0.07585909880944033,2.795
338,5,266,790.2310764226903,10095.180424034817,9590.421402833064,9614.83154956196,0.9974611987112756,24.410146728895405,0.08239795137565609,0.18710818139401852,0.9365561593246485,2.7083333333333335,0.0,0.0,0.0,False,1890.3181934913514,4.158793403361178,1440,2023-10-07,0.05512169284899165,0.04674151512258695,2.703
339,5,231,754.7190967849833,8531.22845267464,8104.667030040843,8132.998688860233,0.9965164559957207,28.331658819389475,0.09312154268491644,0.1621916594998897,0.9701922083655117,0.0,0.0,0.0,0.0,False,1532.7122726976631,2.496601997690688,1440,2023-05-06,0.05484608438474669,0.09515862995637273,2.621
340,5,293,316.089420369412,10296.975257886937,9782.12649499264,9834.390798773995,0.9946855575652058,52.26430378135461,0.03231295572912644,0.1835149009162959,0.9596722946558581,0.0,0.0,0.0,0.0,False,2048.672001587999,2.584093108588357,1440,2023-11-05,0.05457185396282296,0.19059908701549028,2.693
341,5,135,780.3743623110515,5045.481584845281,4793.207505603035,4828.896243953792,0.9926093383357653,35.6887383507562,0.1628083827789284,0.22696862080583677,0.9955515988121308,0.0,0.0,0.0,0.0,False,794.6381434671705,1.4258442697844689,1440,2023-01-19,0.05429899469300884,0.22086457650087585,2.584
342,5,139,163.31429555227376,5046.726610636869,4794.390280105012,4822.300302421338,0.9942123010667104,27.910022316326632,0.03406362144316225,0.18453989079441227,0.9896293707117237,0.0,0.0,0.0,0.0,False,894.7469575250097,1.8695784780442217,1440,2023-05-20,0.05402749971954379,0.1481303532919026,2.551
343,5,166,419.27913904306513,5907.503741571875,5612.128554493296,5628.057471396487,0.9971697309446205,15.928916903191014,0.07470946806936084,0.19545061239968606,0.9541730341014737,0.0,0.0,0.0,0.0,False,1081.5533767917452,3.3854779352457247,1440,2023-05-29,0.053757362220946084,0.18405918621013725,2.583
344,5,132,617.9495513313565,5137.8397302089015,4880.947743698491,4908.375488761616,0.9944120523937248,27.427745063126135,0.12660441860479973,0.21863104018041482,0.9699132724073192,0.0,0.0,0.0,0.0,False,1066.105936376655,2.8114131157141093,1440,2023-06-21,0.053488575409841345,0.18902613439313837,2.537
345,5,232,297.78223094249216,8191.921620498943,7782.325539473983,7816.962132109985,0.9955690468943524,34.63659263600289,0.03826391345775284,0.18486670313197995,0.9824948564179053,0.0,0.0,0.0,0.0,False,1294.7586640283184,2.0286789841399715,1440,2023-12-10,0.05322113253279214,0.14107119981291524,2.634
346,5,127,133.39592202703267,4540.625279355008,4313.594015387246,4324.838211166242,0.9974000886900313,11.24419577899609,0.03092454263224335,0.17926547010055213,0.9957939934469251,0.0,0.0,0.0,0.0,False,849.79460223517,1.5087419832262963,1440,2023-10-21,0.05295502687012817,0.17774545849869447,2.708
347,5,189,428.27026190060155,6337.926192387453,6021.029882768057,6075.520588140185,0.9910311051404389,54.490705372127366,0.07112907097941726,0.21716307796021372,0.9823091445845846,0.0,0.0,0.0,0.0,False,1354.1098207056477,1.8964973446311335,1440,2023-03-31,0.05269025173577754,0.22044430461143144,2.644
348,5,212,1028.111771309254,8048.739820046895,7646.302829044529,7722.072779649752,0.9901878740634377,75.76995060522256,0.13445867817371357,0.23445178405005937,0.9696064775856076,0.0,0.0,0.0,0.0,False,1645.2452174087102,2.5584697016995115,1440,2023-01-17,0.05242680047709865,0.1703704903123548,2.797
349,5,200,359.4274764510189,6800.339234230478,6460.322272518939,6499.546108986295,0.9939651422099883,39.223836467355255,0.05563615270092011,0.2057055931708634,0.9842652276100476,0.0,0.0,0.0,0.0,False,1384.5288534295428,1.7457466265772128,1440,2023-10-19,0.05216466647471316,0.09055369627293011,2.72
350,5,227,717.5737174425989,7621.467987414923,7240.394588044184,7296.79325129017,0.9922707604143761,56.39866324598481,0.09910699047086519,0.20515032160012533,0.9586039056699345,0.0,0.0,0.0,0.0,False,1704.13456761837,3.0363714676104676,1440,2023-08-14,0.0519038431423396,0.08965660131707834,2.813
351,5,265,1203.0539543894376,9284.23102361546,8820.01947243468,8913.840829008854,0.9894746430440126,93.82135657417422,0.13640037396168542,0.2513037885450214,0.971421610552263,0.0,0.0,0.0,0.0,False,1886.8487005822458,2.323068651821507,1440,2023-01-21,0.0516443239266279,0.08990300672801439,2.843
352,5,280,767.184682382451,10143.210485937594,9636.049961640629,9673.98535729789,0.996078617626949,37.935395657261544,0.07961609637107263,0.1790593269589263,0.9462751986619191,1.9444444444444444,0.0,0.0,0.0,False,1845.6495988423412,3.6177435391673924,1440,2023-10-04,0.05138610230699475,-0.014002685649259189,2.675
353,5,269,1244.1159022237948,9501.890688375823,9026.796153956999,9146.732324177874,0.9868875390718668,119.93617022087396,0.13782474767400418,0.2721860581197279,0.9734421206051102,0.0,0.0,0.0,0.0,False,1396.9262748627136,2.445670710526054,1440,2023-01-02,0.05112917179545978,0.0628576095903849,2.613
354,5,256,1289.9665110635658,8499.342819824336,8074.37567883308,8139.295795231868,0.9920238656964869,64.92011639878856,0.15976052668012514,0.21359567068440444,0.9765058735255391,0.0,0.0,0.0,0.0,False,1814.5118584903157,2.335534564494118,1440,2023-02-05,0.05087352593648248,-0.0841422656776498,2.574
355,5,218,164.4825021005233,7760.738215750912,7372.701304963359,7414.362244994634,0.994381048746384,41.66094003127516,0.022309665792345668,0.20934636114690117,0.9604235267011738,0.0,0.0,0.0,0.0,False,1614.640312417801,3.1929894747998966,1440,2023-08-02,0.05061915830680006,-0.07352309706858617,2.656
356,5,227,776.2916471494405,8392.215793019986,7972.605003368992,8042.056371742733,0.9913639789174108,69.45136837374264,0.09736988685898801,0.21106536117064995,0.9673371471900037,0.0,0.0,0.0,0.0,False,1599.5578505331373,2.8153787695320003,1440,2023-08-04,0.05036606251526607,-0.0561465992561731,2.674
357,5,263,324.5399587852708,9777.701576306203,9288.816497490914,9333.12396906639,0.9952526644109381,44.307471575476555,0.03493878459897827,0.19705084754150662,0.970191266106396,0.0,0.0,0.0,0.0,False,1883.3486280696363,2.4064820989521847,1440,2023-11-05,0.050114232202689735,-0.04658046911702245,2.612
358,5,204,667.78134210763,7265.486073132856,6902.211769476216,6956.548321347029,0.9921891505153391,54.336551870811995,0.09674889215378356,0.20791374079131744,0.958972178849563,0.0,0.0,0.0,0.0,False,1284.5728453031827,3.303089875897295,1440,2023-05-17,0.05,-0.007948177398661938,2.732
359,5,193,840.7768386341143,6790.2974836992635,6450.782609514297,6496.893347924899,0.9929026480902092,46.110738410602806,0.13033718380062095,0.23306023949350788,0.9875646771933554,0.0,0.0,0.0,0.0,False,1191.2138266874158,1.7798041156979787,1440,2023-01-30,0.05,-0.001336396213123231,2.828
360,5,269,1209.1465651552214,9855.969346523589,9363.170879197429,9438.786475019191,0.991988843478779,75.61559582176345,0.12913857717171817,0.23035839155687077,0.9492331667771363,0.7638888888888888,0.0,0.0,0.0,False,2083.5444188714027,3.1175779785566924,1440,2023-04-03,0.05,-0.05302228038418662,2.759
361,5,296,1425.7432411224293,10425.13700917641,9903.880158717606,10050.05806940664,0.9854550183014351,146.177910689032,0.14395804657101588,0.3027402536204994,0.9848799257410736,0.0,0.0,0.0,0.0,False,1448.3322401420291,1.8968797528816501,1440,2023-01-27,0.05,-0.08994484183827922,2.652
362,5,188,756.1356086478823,7243.060966313728,6880.90791799805,6929.641801728358,0.9929673300403272,48.7338837303073,0.10988893001606603,0.21842258972028547,0.9944852257455551,0.0,0.0,0.0,0.0,False,1107.8836511595596,1.4771487640077674,1440,2023-02-18,0.05,-0.2838600002225612,2.552
363,5,229,15.782115454807494,8259.421815853053,7846.450725060395,7871.219508560294,0.9968532470129994,24.76878349990118,0.0020113699821502438,0.18518746184134494,0.9526322412029804,0.0,0.0,0.0,0.0,False,2144.0,3.335607295563433,1440,2023-10-13,0.05,-0.2544143958355305,2.624
364,5,128,623.7111249771749,4847.428788694208,4605.057349259478,4626.883421623928,0.9952827701985216,21.826072364450507,0.1354404685269493,0.20173130647374302,0.9968931736701677,0.0,0.0,0.0,0.0,False,914.8485200725089,1.423462713637118,1440,2023-02-26,0.05,-0.15700000408430392,2.52
365,5,295,1500.2119338049017,10530.234937815909,10003.723190925091,10134.183886004177,0.9871266698387762,130.46069507908564,0.14996535841433753,0.26053620107097986,0.9729123634437322,0.0,0.0,0.0,0.0,False,1642.7425134775758,2.1800510072396446,1440,2023-01-20,0.05,-0.11555151419828566,2.667
366,5,266,368.1631530948497,9583.297618382352,9104.132737463213,9176.297363198872,0.9921357577158438,72.16462573565802,0.040439124045266846,0.22492643964833317,0.9731991478087884,0.0,0.0,0.0,0.0,False,1883.5274010495132,2.5546780593102723,1440,2023-01-11,0.05,-0.21479030045694109,2.617
367,5,127,540.1690248948669,4578.380601259206,4349.461571196241,4385.291321910931,0.9918295620325909,35.82975071469186,0.12419215943234628,0.2343237856458577,0.9996206104164613,0.0,0.0,0.0,0.0,False,826.5745958868082,1.2972404455299666,1440,2023-03-20,0.05,-0.21708617631645938,2.594
368,5,188,790.9138109732706,6663.4754060651,6330.301635761891,6370.044157116058,0.9937610289075044,39.742521354166875,0.12494093591135477,0.20382198516496433,0.966305348477965,0.0,0.0,0.0,0.0,False,1672.068078245468,2.5332533771526817,1440,2023-09-11,0.05,-0.2413132274809209,2.603
369,5,279,1092.3131262699067,9997.678609085182,9497.7946786309,9560.903063183505,0.993399328061842,63.10838455260325,0.11500702670773703,0.22377065453505884,0.9575966387679669,0.0,0.0,0.0,0.0,False,1920.2783355366896,2.666582450348558,1440,2023-10-22,0.05,-0.1937820066127729,2.583
370,5,234,226.25647788326796,7994.775702407589,7595.036917287181,7626.213569409778,0.9959119093848023,31.17665212259653,0.029790043201538902,0.18541936921892446,0.9889652369903809,0.0,0.0,0.0,0.0,False,1269.2157119424369,1.6595931282066934,1440,2023-11-03,0.05,-0.20083263525921535,2.71
371,5,221,750.6206282010334,7628.134685025215,7246.727950773937,7308.749317265565,0.9915140930685481,62.02136649163016,0.10358062746385678,0.22382388245251103,0.9588295975918703,0.0,0.0,0.0,0.0,False,1329.8366655282948,3.096835146627119,1440,2023-06-25,0.05,-0.12137127894181989,2.597
372,5,141,133.6456900815112,5046.433639911022,4794.111957915453,4843.95196076676,0.9897108800304003,49.84000285130707,0.027877048190510387,0.24825693629599957,0.997613903740265,0.0,0.0,0.0,0.0,False,828.9749260134262,1.3299605702980621,1440,2023-12-20,0.05,-0.14348331712441953,2.6
373,5,249,957.1029870344457,9010.145564606797,8559.638286376465,8622.316302927415,0.9927307217284908,62.678016550949025,0.111815821535096,0.25143418525665845,0.9815614691035354,0.0,0.0,0.0,0.0,False,1637.0654219427847,2.137459676584892,1440,2023-03-09,0.05,-0.217338512940974,2.755
374,5,233,713.308569704157,8551.665222167194,8124.081961058829,8210.721848321686,0.9894479573339138,86.63988726285852,0.0878017446307484,0.2407648651431502,0.9478718820668457,0.9722222222222222,0.0,0.0,0.0,False,1921.4525308449943,3.6813840189501916,1440,2023-06-01,0.05,-0.28598432657050005,2.657
375,5,154,434.1889862416997,5212.341426390782,4951.724355071217,4980.644789925599,0.9941934355742695,28.92043485438151,0.08768440145442123,0.21016998731891248,0.9713615088889114,0.0,0.0,0.0,0.0,False,1069.989559962797,2.547992020699592,1440,2023-10-05,0.05,-0.3194667164815603,2.672
376,5,206,530.6358468932591,7186.479820129366,6827.155829122887,6871.9996092401125,0.993474420450064,44.843780117226274,0.07772429107736246,0.1761777086348372,0.9802556268016366,0.0,0.0,0.0,0.0,False,1618.3269565990588,2.0510221945979463,1440,2023-04-09,0.05,-0.27945239656303106,2.618
377,5,219,583.8003786342978,7606.919324200321,7226.573357990301,7301.002430809078,0.9898056364829166,74.42907281877689,0.08078522831139595,0.2314896542272844,0.9882956384942446,0.0,0.0,0.0,0.0,False,1327.584051092277,1.8367873281001672,1440,2023-10-17,0.05,-0.17146681295498392,2.537
378,5,221,781.8625680815974,8026.675014567451,7625.341263839082,7689.86824934391,0.9916088308131503,64.52698550482717,0.10253476415401218,0.20167278599767507,0.972609358297471,0.0,0.0,0.0,0.0,False,1697.2578801797895,2.251613241829297,1440,2023-09-22,0.05,-0.20833910908329425,2.634
379,5,172,315.81860771088947,6426.811349738092,6105.470782251191,6134.632170365097,0.995246432499282,29.161388113906774,0.051727150775823016,0.16909732877920222,0.9752852785729866,0.0,0.0,0.0,0.0,False,1524.363733454999,1.9765771682501523,1440,2023-10-20,0.05,-0.17232347518068578,2.526
380,5,212,759.2358026344417,7537.0387502909225,7160.1868127763855,7244.927955115007,0.9883033837101454,84.74114233862026,0.10603575332415742,0.2622194805416844,0.9494923904464371,0.06944444444444445,0.0,0.0,0.0,False,991.8720857888832,3.722192388892715,1440,2023-08-27,0.05,-0.07029982861691884,2.64
381,5,139,454.8643168882616,4819.461045555261,4578.487993277481,4613.699119087394,0.992368135654048,35.21112580991333,0.09934815108309368,0.21634720890336379,0.9954863207100644,0.0,0.0,0.0,0.0,False,866.0542215387242,1.2446011119544795,1440,2023-11-17,0.05,-0.19666061927045034,2.68
382,5,225,821.449666555235,7788.7437515617885,7399.306563983668,7444.348424926451,0.9939495227289514,45.04186094278401,0.11101711484068849,0.20535993802051866,0.9700142357579903,0.0,0.0,0.0,0.0,False,1852.3607703046991,2.291446686764886,1440,2023-04-15,0.05,-0.19764761463413832,2.706
383,5,120,520.7703158435245,4177.511778038048,3968.636189136145,4014.7847280210076,0.9885053515913889,46.14853888486333,0.13122148038388998,0.23513135964564041,0.9833625389218394,0.0,0.0,0.0,0.0,False,965.4039037198534,1.9098027347675137,1440,2023-01-02,0.05,-0.1745332118838554,2.602
384,5,124,96.29827965350442,4644.983176819671,4412.734017978653,4432.159805109566,0.9956170833216532,19.425787130912635,0.021822815347845484,0.17635290616750482,0.9661569243462877,0.0,0.0,0.0,0.0,False,983.7240333305142,2.996459612770455,1440,2023-09-18,0.05,-0.2232953852411789,2.621
385,5,284,754.7469873284965,10191.11227491855,9681.556661172608,9784.099742422131,0.9895194157920412,102.54308124952314,0.07795719363554117,0.2535382248790831,0.9794628082719575,0.0,0.0,0.0,0.0,False,1598.6969194667188,1.9947739004384466,1440,2023-10-17,0.05,-0.13181017158351466,2.54
386,5,269,943.7846831995491,10093.67468262108,9588.990948489985,9618.89212928664,0.9968914111526821,29.901180796652547,0.09842377454200961,0.17407168257807973,0.9686160641862829,0.0,0.0,0.0,0.0,False,1726.9859485928919,2.249193345104853,1440,2023-04-30,0.05,-0.23110661306680966,2.607
387,5,241,10.248803631488952,8696.66312882083,8261.829972379732,8306.714342409017,0.9945966156799044,44.88437002928749,0.001240500429777895,0.1820543089893395,0.945767833364366,3.6805555555555554,0.0,0.0,0.0,False,2076.7539194756046,3.2418313508638863,1440,2023-10-13,0.05,-0.1344209573201422,2.781
388,5,206,640.9837257655975,7111.869389686131,6756.275920201824,6800.677887086878,0.9934709498637827,44.40196688505483,0.09487234289070448,0.2073535172229384,0.962734042121179,0.0,0.0,0.0,0.0,False,1304.1877731420134,2.9649051257274905,1440,2023-06-11,0.05,-0.07373692627704667,2.656
389,5,157,687.5302466409107,5442.94356210103,5170.796383995956,5208.095693335823,0.992838205836426,37.29930933986469,0.13296409210172613,0.22501081056638678,0.9811233381042249,0.0,0.0,0.0,0.0,False,1047.067817406676,1.8960493530680922,1440,2023-01-17,0.05,-0.0812156354176348,2.661
390,5,197,469.70490027152835,6924.216971520964,6578.006122944921,6624.069943379178,0.9930459942560996,46.06382043425788,0.07140536075713551,0.21601760277671217,0.9708361657730336,0.0,0.0,0.0,0.0,False,1325.3919567900002,2.710804032328171,1440,2023-07-31,0.05,-0.12729518861401104,2.739
391,5,166,638.7163329750911,5794.945963601693,5505.198665421582,5535.734755347838,0.9944838235074835,30.536089926255936,0.11602057832842604,0.20310500597302755,0.98690171129307,0.0,0.0,0.0,0.0,False,983.3475520156824,1.7304435105259597,1440,2023-10-25,0.05,-0.1451746541726635,2.577
392,5,154,510.0552271294755,5785.078874176494,5495.824930467657,5519.647359414634,0.995684066862289,23.822428946977546,0.09280776472733698,0.1909853400042832,0.9569442499486904,0.0,0.0,0.0,0.0,False,1441.4092591889548,3.101683448455694,1440,2023-06-12,0.05,-0.1312257639501307,2.683
393,5,204,781.0967274074843,6992.849498927398,6643.20702398102,6670.693955852863,0.9958794494165445,27.486931871843822,0.11757826070869652,0.17490465731541838,0.9733737100992313,0.0,0.0,0.0,0.0,False,1384.2179512207206,2.2862975453373826,1440,2023-10-11,0.05,-0.09295265364108102,2.669
394,5,215,598.6566432724305,7569.264500069063,7190.8012750656235,7217.935435048492,0.9962407311305236,27.134159982868347,0.0832531202535516,0.19775693298691366,0.9412911136036535,1.0416666666666667,0.0,0.0,0.0,False,1782.5918361383135,3.615553774870886,1440,2023-07-17,0.05,-0.025701896344109604,2.595
395,5,268,835.8208765727314,9733.427919863,9246.75652386987,9307.794405548128,0.9934422829922119,61.03788167825834,0.09039070883018462,0.22119776345024234,0.9510046278261606,0.0,0.0,0.0,0.0,False,2290.0389534665246,3.228328461773274,1440,2023-10-08,0.05,-0.02206414363316776,2.82
396,5,216,799.1445815382046,7736.898433003785,7350.053511353588,7417.109374417413,0.9909592996841722,67.05586306382554,0.10872636237324944,0.22256228001972364,0.9520480255980779,0.0,0.0,0.0,0.0,False,1149.5771103765244,3.572600150631307,1440,2023-08-28,0.05,-0.0717836566562495,2.635
397,5,141,576.256168022301,5054.635214029016,4801.903453327581,4818.952237438947,0.9964621388070808,17.048784111366057,0.12000577971282869,0.17881503730155743,0.9904747956763266,0.0,0.0,0.0,0.0,False,1212.654607919514,1.7304308817948808,1440,2023-04-07,0.05,-0.11568931752855993,2.604
398,5,141,326.03881110333754,4984.328445574408,4735.112023295656,4757.19174239259,0.9953586653024357,22.079719096933385,0.06885556445112638,0.20685262813907593,0.9987893869901449,0.0,0.0,0.0,0.0,False,887.5030213858746,1.299340163653483,1440,2023-11-09,0.05,-0.0535106641115205,2.615
399,5,295,892.1844467290408,10855.243794199452,10312.481604489512,10380.801781292923,0.9934186030864659,68.32017680340948,0.08651500976647858,0.22537566930370492,0.9763337995306275,0.0,0.0,0.0,0.0,False,1709.6646456771227,2.1647829241024663,1440,2023-11-07,0.05,-0.06579307262738344,2.595
400,5,146,394.1169040745718,5137.706504745945,4880.821179508643,4891.820726441787,0.9977514411201358,10.99954693314396,0.08074807283028712,0.16457972421291067,0.9625422626263471,0.0,0.0,0.0,0.0,False,1221.3250587672057,3.0972319996173625,1440,2023-08-08,0.05,-0.11763847346744283,2.549
401,5,290,1296.0311726815416,10700.697540767986,10165.662663729698,10231.675076688618,0.9935482301320026,66.01241295891985,0.12749106630359486,0.2132118488551013,0.9466687325820283,2.5,0.0,0.0,0.0,False,2436.880839924419,3.227886028249532,1440,2023-04-03,0.05,-0.02359270115038852,2.652
402,5,235,895.8682377465141,8756.180783260363,8318.371744097349,8358.320759854088,0.9952204495490746,39.94901575673785,0.10769754770604177,0.19887329605529305,0.9461996558837671,2.361111111111111,0.0,0.0,0.0,False,1751.1239168406805,3.342044843836358,1440,2023-06-22,0.05,-0.05600734995231953,2.708
403,5,164,801.9938111284537,5887.427911210847,5593.0565156503,5649.7121257903655,0.9899719474411026,56.65561014006467,0.143390972160632,0.23956727124600596,0.9878837395325911,0.0,0.0,0.0,0.0,False,1084.402434278224,1.7232447300181737,1440,2023-02-22,0.05,-0.05033791763705084,2.638
404,5,197,998.5608998567291,7044.366916371898,6692.14857055328,6748.29227282299,0.991680309625027,56.14370226971096,0.14921379723256384,0.22866600324264,0.9912285080653183,0.0,0.0,0.0,0.0,False,1146.829931052811,1.562335119068781,1440,2023-01-20,0.05,-0.13730748076670457,2.731
405,5,235,1075.2972011501945,8220.12228638856,7809.116172069142,7871.193881132741,0.992113304537905,62.07770906360051,0.13769768274112876,0.24412781829039643,0.986248747044764,0.0,0.0,0.0,0.0,False,1325.3180255807547,1.7316815629364724,1440,2023-01-21,0.05,-0.18433364182515444,2.62
406,5,228,798.6704224653317,8037.39374775578,7635.524060367956,7697.147401585481,0.9919940027126372,61.623341217525564,0.10459929353255733,0.20967454361968738,0.9557459993122603,0.0,0.0,0.0,0.0,False,1708.887863870188,3.3559953393249247,1440,2023-06-26,0.05,-0.2581769546914983,2.532
407,5,185,560.9086598677663,6422.610880282107,6101.480336268001,6117.965726090281,0.9973054131781128,16.48538982227965,0.0919299299439927,0.16725297980544804,0.9634265753482005,0.0,0.0,0.0,0.0,False,1259.4302168773297,3.0739154324404554,1440,2023-07-24,0.05,-0.24193812788999786,2.753
408,5,190,660.3612367412653,6914.419758250215,6568.698770337742,6584.732571968205,0.9975650033687442,16.0338016304634,0.10053151466212107,0.16663661451751977,0.9489838141486896,0.2777777777777778,0.0,0.0,0.0,False,1437.0151695795644,3.6198119841043592,1440,2023-08-27,0.05,-0.13398227504774335,2.74
409,5,246,339.4738570086818,7957.410893998808,7559.540349298866,7612.079445385252,0.9930979311943154,52.53909608638507,0.04490667968194222,0.18467775186605698,0.9520141288662589,0.0,0.0,0.0,0.0,False,1726.7496535863452,3.101074932996566,1440,2023-05-28,0.05,-0.04459341986637354,2.677
410,5,234,124.99848865866147,8373.937562209701,7955.2406840992635,7982.413730918721,0.996595885939336,27.173046819456985,0.015712722420643456,0.1594633492487849,0.9669842096379382,0.0,0.0,0.0,0.0,False,1925.501558526647,2.590614882808762,1440,2023-11-13,0.05,-0.01200672548136239,2.629
411,5,135,564.415373738312,5206.492447039156,4946.167824687183,4967.152896097502,0.995775231435536,20.985071410318284,0.11411165042181076,0.19878681251822003,0.9899833093859284,0.0,0.0,0.0,0.0,False,1068.2263907790184,1.6451934675429156,1440,2023-10-22,0.05,0.07156114832220581,2.584
412,5,250,877.6815351919399,9452.829276098779,8980.187812293836,9044.886495474335,0.9928469325499141,64.69868318049906,0.09773532063443015,0.20948644439956787,0.9706503322832,0.0,0.0,0.0,0.0,False,1612.6549113539386,2.330008376497392,1440,2023-04-23,0.05,0.05196448754639213,2.689
413,5,205,332.1835575736226,6849.1952181647075,6506.735457256456,6522.109491753441,0.9976427819072305,15.37403449698455,0.0510522611155436,0.16683581703511266,0.9788793347903492,0.0,0.0,0.0,0.0,False,1517.77443087621,1.967365401815412,1440,2023-12-19,0.05,0.012273646566797532,2.535
414,5,273,800.1078362590873,9670.910771120092,9187.365232564121,9225.637885572189,0.995851489785013,38.27265300806889,0.08708784466553568,0.21031594602361012,0.9516019915647753,0.0,0.0,0.0,0.0,False,1915.648057810759,3.065343972237434,1440,2023-05-21,0.05,0.07601056313316769,2.655
415,5,226,783.78839646172,8083.438838779155,7679.266896840166,7713.7040074781635,0.9955355934574865,34.43711063799707,0.10206552357025514,0.18084661270276675,0.9783142286375243,0.0,0.0,0.0,0.0,False,1442.7676248613818,1.9575800898694466,1440,2023-09-22,0.05,0.030828015310388902,2.725
416,5,216,921.9136188464905,7902.437436671191,7507.315564837639,7525.329733926982,0.997606195379303,18.0141690893438,0.12280203368092052,0.1896721853682513,0.976982520663438,0.0,0.0,0.0,0.0,False,1639.4181493520737,2.215993018555173,1440,2023-03-03,0.05,0.06047217972288294,2.622
417,5,233,841.191578184223,8085.53166361904,7681.255080438104,7704.096975076717,0.9970350977262478,22.841894638613116,0.10951225670483074,0.2038615144370052,0.9599791163090423,0.0,0.0,0.0,0.0,False,2176.8609076356133,2.837532753638365,1440,2023-10-26,0.05,0.06528764212039959,2.53
418,5,189,280.79134152368835,6930.12817869864,6583.621769763712,6622.289332233377,0.9941609977260502,38.667562469663935,0.042649980716277694,0.17649328464006894,0.988006111574942,0.0,0.0,0.0,0.0,False,1439.2926241526764,1.9172690429835224,1440,2023-03-12,0.05,0.03773041236530407,2.47
419,5,245,919.5392914021807,8847.706038382172,8405.320736463067,8445.710974959517,0.995217662714696,40.39023849644903,0.10939966721473617,0.2032353164511196,0.9736137299459486,0.0,0.0,0.0,0.0,False,1795.7180224778149,2.357964959630794,1440,2023-11-25,0.05,0.077070069882484,2.501
420,5,174,406.49734992762393,6222.55258276595,5911.424953627649,5963.240770806361,0.9913107957283259,51.81581717871161,0.06876469770256827,0.2040152216241605,0.967842438213119,0.0,0.0,0.0,0.0,False,1103.4974624472966,2.865911479022283,1440,2023-05-27,0.05,0.04954756008936047,2.624
421,5,281,350.09672007563086,10409.84615243167,9889.353844810057,9934.05671654634,0.995500038603381,44.702871736282916,0.03540137460642709,0.19826898544947552,0.9586993208866098,0.0,0.0,0.0,0.0,False,2201.5695882439613,2.696001643596602,1440,2023-11-23,0.05,0.025612999792963678,2.513
422,5,247,667.731628057673,8747.650692543317,8310.268157916202,8351.407234201602,0.9950739947015249,41.139076285401615,0.08035019031505075,0.2104936135353201,0.9686524004862832,0.0,0.0,0.0,0.0,False,1782.7550136587986,2.3972894528303064,1440,2023-12-12,0.05,0.019193621867679415,2.506
423,5,163,122.91681365605832,6102.8260078454105,5797.684707453116,5807.457488664027,0.9983172014207617,9.77278121091052,0.02120101727816359,0.1569008174513721,0.9619154652954152,0.0,0.0,0.0,0.0,False,1192.8538383295345,3.211955390715398,1440,2023-08-02,0.05,-0.013360742938172049,2.491
424,5,279,1340.4204760081504,10098.336047678338,9593.41924529443,9684.497347710545,0.9905954744840065,91.07810241611595,0.13972291231467096,0.27290193925628614,0.9691416026103619,0.0,0.0,0.0,0.0,False,1554.3473072722459,2.5184946250406037,1440,2023-02-21,0.05,0.08065487572926375,2.557
425,5,147,376.6429520435022,4962.336512353023,4714.219686735362,4742.002483860642,0.994141125564603,27.78279712527946,0.07989507852238653,0.18262562663943374,0.9731506483363298,0.0,0.0,0.0,0.0,False,942.4624141037959,2.533193623678787,1440,2023-10-04,0.05,-0.1029801942704128,2.535
426,5,286,689.1175142092818,10362.988626452934,9844.839195130338,9903.674045518812,0.9940592905099603,58.83485038847371,0.06999784359607901,0.22682422804264626,0.9708176531111212,0.0,0.0,0.0,0.0,False,1842.7983074857257,2.408524093135181,1440,2023-03-31,0.05,-0.05041164384505046,2.643
427,5,190,1031.6098853692442,6569.239711214575,6240.777725653816,6278.890041441884,0.9939300870796399,38.11231578806694,0.16530149457632984,0.2001642499454348,0.9797705775702742,0.0,0.0,0.0,0.0,False,1284.2312943236916,2.0451652703592917,1440,2023-02-07,0.05,-0.10693493799396045,2.664
428,5,186,582.8622092530958,6441.788489972767,6119.699065474126,6146.896378525679,0.9955754398029927,27.197313051552857,0.09524360642853577,0.19356198830591248,0.9766215546342303,0.0,0.0,0.0,0.0,False,1332.1117574953914,2.0712816041586346,1440,2023-03-26,0.05,-0.09350983399649497,2.538
429,5,222,739.6610965623895,7616.912840817661,7236.06719877673,7265.118671020797,0.9960012391318607,29.051472244066236,0.10221866052977376,0.17504915926226458,0.9520647879556625,0.0,0.0,0.0,0.0,False,1860.0681151006843,3.2059422541678195,1440,2023-07-06,0.05,-0.0679228746068691,2.56
430,5,123,444.60140569345367,4381.752994246401,4162.6653445340335,4182.322867311785,0.9952998552714831,19.657522777750362,0.10680690588717555,0.19483478750774344,0.989872445876278,0.0,0.0,0.0,0.0,False,1139.061209922852,1.7011411037697326,1440,2023-04-20,0.05,-0.005477541162256242,2.495
431,5,293,1041.002483333099,10491.682466863382,9967.09834352017,10053.2429677865,0.9914311606172892,86.1446242663303,0.10444388601923223,0.2274870394224843,0.9391224693836354,4.166666666666667,0.0,0.0,0.0,False,1999.5621803971808,4.016095559320978,1440,2023-08-31,0.05,0.0012086040779933811,2.613
432,5,273,583.6520456187047,9316.222104593513,8850.410999363823,8906.887512264308,0.9936592313731683,56.476512900482184,0.06594632109860867,0.19606252326925638,0.9502103875711385,0.0,0.0,0.0,0.0,False,2262.8825073476874,3.0433670958714965,1440,2023-04-01,0.05,-0.06665178591336103,2.592
433,5,248,918.0197488252205,8782.320380867484,8343.204361824122,8402.201150746501,0.9929784126963995,58.996788922379736,0.11003203433752504,0.21404097024754523,0.9791043523268633,0.0,0.0,0.0,0.0,False,1687.9215851593403,2.105978305068043,1440,2023-04-26,0.05,-0.05160928853280596,2.622
434,5,138,472.9834639275845,5008.445672885532,4758.023389241261,4784.311248341435,0.9945054036546457,26.287859100174998,0.09940755335442118,0.20733054719135283,0.9659083850618998,0.0,0.0,0.0,0.0,False,997.0986229521209,2.974278281710489,1440,2023-08-14,0.05,-0.07982992249297463,2.556
435,5,253,924.8947090923144,8962.706092488954,8514.570787864475,8563.304535687937,0.994309002135757,48.7337478234611,0.10862493625756627,0.20036771570424944,0.9829155534163866,0.0,0.0,0.0,0.0,False,1573.1772131777543,2.055837995000024,1440,2023-04-26,0.05,-0.08801002629705393,2.655
436,5,188,761.20570904076,6923.334963386603,6577.168215217262,6620.295688446208,0.9934855669204907,43.127473228946556,0.11573456602183244,0.21267477954186356,0.9883886071715262,0.0,0.0,0.0,0.0,False,1172.1726881030686,1.8695323627842448,1440,2023-10-22,0.05,-0.07925426585390237,2.645
437,5,296,966.9869020042491,9864.96870753205,9371.720272155395,9430.093041630165,0.993809947662544,58.37276947477144,0.10318136627245411,0.20493581863720392,0.9575988624782473,0.0,0.0,0.0,0.0,False,2239.5477543902052,2.7906293624816914,1440,2023-04-24,0.05,-0.09995893691922539,2.65
438,5,260,1251.0612170615161,9645.761592998142,9163.473513348163,9216.979476793604,0.994194848368692,53.505963445443165,0.13652696384609309,0.22238912740637387,0.9760073842181851,0.0,0.0,0.0,0.0,False,1844.851133189376,2.2553441821298743,1440,2023-01-21,0.05,-0.09974375071309277,2.749
439,5,168,573.9849398548191,5882.857826260429,5588.714934947418,5607.222408776146,0.9966993508586781,18.50747382872647,0.10270427934435691,0.1797080990724034,0.9803224370574484,0.0,0.0,0.0,0.0,False,1315.5916866749835,2.0312314460285745,1440,2023-04-24,0.05,-0.13908833741067925,2.571
440,5,156,652.945798298474,5644.49975001473,5362.274762513991,5401.625963776591,0.9927149340723534,39.35120126259868,0.12176656870755984,0.2078639786225264,0.9916231608695267,0.0,0.0,0.0,0.0,False,1187.5625795095743,1.7220915959167284,1440,2023-11-29,0.05,-0.07565114938763358,2.463
441,5,166,496.42088978122143,5911.196150704558,5615.63634316933,5645.690153893757,0.9946766808122299,30.053810724428903,0.08839975729287582,0.1856612684379496,0.9654712532888092,0.0,0.0,0.0,0.0,False,1184.1571137203014,2.9501942926644698,1440,2023-06-08,0.05,-0.08723753291059397,2.625
442,5,225,921.3160997702562,7910.504941468432,7514.979694394993,7566.256852082867,0.9932229160745768,51.27715768787472,0.122597283989658,0.2169475639212972,0.9767504390330808,0.0,0.0,0.0,0.0,False,1675.0016364887651,2.1127571051667413,1440,2023-10-16,0.05,-0.046943740744790824,2.585
443,5,196,1109.8098871853706,7261.097846890424,6898.042954545905,6946.929178230608,0.9929629016749016,48.886223684704184,0.1608876451623124,0.21481514259309983,0.9840171972235756,0.0,0.0,0.0,0.0,False,1289.0806511971311,1.932557465732005,1440,2023-02-05,0.05,-0.08438593527157784,2.682
444,5,201,535.717366119546,6867.228074467627,6523.866670744218,6543.261397792621,0.9970359235449548,19.394727048404466,0.08211654117977757,0.1276225258532194,0.9779893907038978,0.0,0.0,0.0,0.0,False,1608.4174057581927,2.037892754377471,1440,2023-11-07,0.05,-0.11038912110062825,2.602
445,5,173,494.5030130953628,6083.954323345722,5779.756607178451,5806.606406879697,0.9953759911005103,26.84979970124506,0.08555775730784071,0.171238167066204,0.9771657941242541,0.0,0.0,0.0,0.0,False,1481.0647961415393,2.173176493697379,1440,2023-11-06,0.05,0.06425096077120739,2.559
446,5,277,1297.691995246604,9934.847279659847,9438.10491567681,9474.545821692349,0.9961538097233003,36.440906015539476,0.1374949745569284,0.18483289513862328,0.9693296299177563,0.0,0.0,0.0,0.0,False,1746.4528796398954,2.255600679016222,1440,2023-02-23,0.05,0.10944670724679956,2.699
447,5,237,1212.688982541493,7767.195171153639,7378.8354125959795,7422.55361603912,0.9941100858673931,43.71820344314004,0.16434693481187865,0.1788543345339057,0.9688106928226082,0.0,0.0,0.0,0.0,False,1810.5746105188,2.418233707576489,1440,2023-02-07,0.05,0.11645325791101976,2.645
448,5,132,446.6156095636474,4930.859097632165,4684.316142750529,4706.395964946187,0.9953085498202636,22.079822195657556,0.09534275568800622,0.17282157832099249,0.9619874551003156,0.0,0.0,0.0,0.0,False,1083.5882611727727,3.1796796596962245,1440,2023-07-28,0.05,0.1362686150460793,2.586
449,5,292,935.3802132876616,10719.159233524757,10183.201271848557,10242.016657817525,0.9942574408991929,58.81538596897067,0.09185522197950842,0.18652870260820523,0.9493233636692336,0.625,0.0,0.0,0.0,False,2097.7256758711374,3.029267368107006,1440,2023-05-24,0.05,0.16675188550648637,2.778
450,5,120,406.51870413219086,4218.987622804722,4008.0382416644898,4018.1708671262168,0.9974782990079828,10.1326254617267,0.10142585465037095,0.17020489170583306,0.9937922149536078,0.0,0.0,0.0,0.0,False,939.2898652920858,1.5043881970406268,1440,2023-04-27,0.05,0.16165639331253373,2.676
451,5,147,511.62072823592,4955.622514522464,4707.8413887963525,4740.516572236906,0.9931072525656978,32.67518344055357,0.10867416422597988,0.2044771431227408,0.9947900385566922,0.0,0.0,0.0,0.0,False,1018.7308354722976,1.443925732082941,1440,2023-11-20,0.05,0.19498213895729877,2.611
452,5,151,554.0990680953512,5424.660337844637,5153.427320952407,5184.550386140819,0.9939969596454094,31.123065188411626,0.10752049725093395,0.1921749205905783,0.9554557942090897,0.0,0.0,0.0,0.0,False,1375.7253851905953,3.4837132199316816,1440,2023-08-29,0.05,0.14601992519977672,2.605
453,5,213,66.82185514751751,7203.739299202596,6843.552334242458,6894.390966301998,0.992626088031847,50.83863205954077,0.009764206056139455,0.1443903325104371,0.979640976568857,0.0,0.0,0.0,0.0,False,1424.7175935402386,1.8375829578631766,1440,2023-12-22,0.05,0.13430629773498765,2.542
454,5,269,1058.108954694874,9785.450821073546,9296.178280019863,9346.281194962352,0.9946392673302518,50.10291494248935,0.11382193013327334,0.20753136948711767,0.9443966034690638,1.0416666666666667,0.0,0.0,0.0,False,1708.688057740187,3.6679603527220204,1440,2023-09-26,0.05,0.23284197291394518,2.524
455,5,242,677.5208768058474,8370.490348646756,7951.965831214429,7983.11581237217,0.996098017128918,31.14998115774081,0.08520168360713089,0.1889261884387698,0.9414723531067787,2.1527777777777777,0.0,0.0,0.0,False,1874.9124734982604,3.763663527547743,1440,2023-06-06,0.05,0.17238366323405807,2.545
456,5,135,392.14494103455866,4741.563375411919,4504.48520664129,4532.996696577378,0.9937102336832462,28.511489936089674,0.0870565498708689,0.1978469650237288,0.9727618887104074,0.0,0.0,0.0,0.0,False,1343.7830222697662,2.6744878718195304,1440,2023-05-23,0.05,0.16550210437457524,2.519
457,5,209,960.6072022687218,7397.527450412607,7027.6510778919765,7079.111229144964,0.9927307045210528,51.46015125298855,0.1366896551382097,0.18372479553793467,0.9751985871577815,0.0,0.0,0.0,0.0,False,1333.7680447888692,2.068429465268876,1440,2023-02-04,0.05,0.14047880054889267,2.551
458,5,221,1004.9023501982371,7748.225321039632,7360.814054987644,7423.951376477971,0.9914954559521536,63.137321490327786,0.13652054551185425,0.20572682893308475,0.9859815661761714,0.0,0.0,0.0,0.0,False,1207.7138312542024,1.7732876115973246,1440,2023-02-04,0.05,0.152342690580197,2.657
459,5,285,756.7787589162468,9819.890715762358,9328.896179974177,9371.9122955272,0.9954101026347043,43.016115553022914,0.08112200460980386,0.18106021655307225,0.9601373000524295,0.0,0.0,0.0,0.0,False,2043.5806762302313,2.5397880771912025,1440,2023-04-11,0.05,0.11314298768925607,2.526
460,5,160,814.2099963389625,6230.287177583534,5918.772818704339,5968.034199114149,0.9917457945503863,49.2613804098102,0.13756398856295327,0.219115753095113,0.9850042447097164,0.0,0.0,0.0,0.0,False,1271.1974919649363,1.7490748978738304,1440,2023-03-02,0.05,0.1369967617848772,2.615
461,5,253,876.9180287963811,9189.793191904559,8730.30353230936,8746.169147487382,0.9981859926431242,15.865615178020455,0.10044530817869704,0.14448964434982464,0.9500515697617872,0.0,0.0,0.0,0.0,False,1863.499310902529,3.3332292167569344,1440,2023-07-06,0.05,0.07140181301412882,2.704
462,5,199,692.3236775111403,7428.587685828772,7057.158301537289,7089.105705881593,0.9954934507017157,31.947404344302498,0.09810233070162656,0.15933223417720282,0.9829038261587562,0.0,0.0,0.0,0.0,False,1375.8298884870746,1.8785118623355346,1440,2023-04-30,0.05,0.18587881101967324,2.6
463,5,279,1030.3967708693137,10268.14272888206,9754.735592437903,9799.787859031934,0.9954027304221174,45.052266594030996,0.10563041520757377,0.18193606359640854,0.9763266826286966,0.0,0.0,0.0,0.0,False,1763.939566046671,2.2517720976356497,1440,2023-12-02,0.05,0.24684010009501667,2.54
464,5,266,1148.5852677129171,9412.63032464702,8941.99880841461,9031.232086864515,0.9901194789823096,89.2332784499062,0.12844838076158924,0.22556492515807477,0.9822079615191313,0.0,0.0,0.0,0.0,False,1346.0281960863333,1.8726228087227548,1440,2023-11-29,0.05,0.2467839034532184,2.614
465,5,140,534.0492709074903,5205.03105266081,4944.779500027733,4971.923992338452,0.9945404450364591,27.144492310718164,0.10800264620586116,0.15198708293870092,0.9972168917542416,0.0,0.0,0.0,0.0,False,1028.7393767385201,1.4221964495298023,1440,2023-11-28,0.05,0.14947720444621035,2.545
466,5,168,773.6123970894887,6018.718335835396,5717.7824190436295,5757.761350423002,0.9930565146857927,39.9789313793725,0.13529937664520034,0.18439263500016506,0.9754657492008979,0.0,0.0,0.0,0.0,False,1266.0830878957206,2.260669776713395,1440,2023-01-02,0.05,0.23590374397629132,2.657
467,5,155,181.27997823877018,5689.69288119305,5405.208237133394,5414.479159375809,0.9982877536380648,9.27092224241531,0.03353801931133563,0.1397266848288674,0.9865021688530528,0.0,0.0,0.0,0.0,False,1079.8416433945797,1.7514439628088003,1440,2023-10-21,0.05,0.23453312931512674,2.61
468,5,151,104.27852474749524,5277.2996801976005,5013.434696187715,5023.647642414895,0.9979670257641179,10.212946227179435,0.020799817104786476,0.10811577209432777,0.9839881784727336,0.0,0.0,0.0,0.0,False,1157.8637772801471,1.8220734494116555,1440,2023-12-29,0.05,0.3347153937216065,2.537
469,5,131,312.62722449222093,4797.416310726228,4557.545495189917,4572.548974423524,0.9967187931025937,15.003479233607164,0.06859552467927552,0.15973762893952168,0.9942011936115028,0.0,0.0,0.0,0.0,False,917.1401151172289,1.582231633634614,1440,2023-12-15,0.05,0.48899942465806123,2.588
470,5,272,256.773515021779,9762.51803146588,9274.392129892585,9314.895528533625,0.9956517602889943,40.50339864103883,0.027686290532633856,0.17526339091563883,0.9727265250839651,0.0,0.0,0.0,0.0,False,1618.762935537999,2.3378211043591834,1440,2023-12-20,0.05,0.5008716829008223,2.76
471,5,270,252.09027302347667,9455.003804837157,8982.253614595353,9004.067088625496,0.9975773754442924,21.81347403014395,0.028065370211085187,0.14005509153137166,0.9664821381354982,0.0,0.0,0.0,0.0,False,2030.511092076179,2.623238399441601,1440,2023-01-11,0.05,0.47744964360179143,2.804
472,5,198,657.189668273163,7071.801283481601,6718.211219307523,6747.724924081969,0.9956261250856396,29.513704774445813,0.09782212062408221,0.18866117006462657,0.9670530972070986,0.0,0.0,0.0,0.0,False,1297.727143322532,2.72361672262571,1440,2023-05-07,0.05,0.5391675162313859,2.771
473,5,294,776.6505499028844,10814.867217669984,10274.123856786478,10359.434095265198,0.9917649711659722,85.31023847871923,0.07559287397434625,0.18704317316932967,0.9602188510668341,0.0,0.0,0.0,0.0,False,1710.6611281890077,2.789795579292023,1440,2023-08-12,0.05,0.48217538305866947,2.652
474,5,256,633.7635636571018,8954.448368554395,8506.72595012674,8534.488772543895,0.9967469847161238,27.762822417153732,0.07450146711822303,0.16807367131571002,0.9663122587463109,0.0,0.0,0.0,0.0,False,2029.132592484107,2.5715570722940546,1440,2023-04-11,0.05,0.44078911103168295,2.593
475,5,122,421.3206012940042,4404.5001053570595,4184.275100089186,4202.800727718375,0.9955920756587366,18.52562762919064,0.10069141995109833,0.15947877585871195,0.9503218691886195,0.0,0.0,0.0,0.0,False,1060.5226308762315,3.507378922922266,1440,2023-09-02,0.05,0.45100931392227145,2.622
476,5,242,664.8801008448254,8371.795277377358,7953.205513508481,7992.471085241431,0.9950871800080133,39.2655717329484,0.08359900919390675,0.20407739545053172,0.9775053090178211,0.0,0.0,0.0,0.0,False,1605.168603931449,2.3757970382870814,1440,2023-05-21,0.05,0.48012030744720247,2.77
477,5,262,281.53754106938624,9540.558203600034,9063.53029342003,9088.256190828199,0.9972793573498597,24.725897408170486,0.03106267998836808,0.17156216396768859,0.9707562255592258,0.0,0.0,0.0,0.0,False,1872.519243623884,2.3163578799745017,1440,2023-10-21,0.05,0.4050882693926171,2.695
478,5,244,959.9799465224104,8699.38240331187,8264.413283146294,8298.665078198701,0.9958726138807085,34.25179505240718,0.11615826963543895,0.1919024175483884,0.9675802434851029,0.0,0.0,0.0,0.0,False,1754.70803500389,2.355640400018267,1440,2023-02-20,0.05,0.4180180400128194,2.674
479,5,251,1126.835207356828,8535.312798384608,8108.54715846538,8121.202318779768,0.9984417134535457,12.65516031438832,0.13896881714258816,0.17252846541518232,0.9670660035376111,0.0,0.0,0.0,0.0,False,1788.8459316361163,2.3509711239158397,1440,2023-02-08,0.05,0.38401817775402214,2.697
480,5,218,687.8945181406526,7485.594839276064,7111.315097312272,7143.994263870652,0.995425644905169,32.679166558379315,0.09673239179074529,0.17983277790382354,0.977073335889855,0.0,0.0,0.0,0.0,False,1361.4675206542015,2.0862397794493863,1440,2023-12-11,0.05,0.40081455936927857,2.627
481,5,284,1104.787600686504,9993.339308426577,9493.672343005219,9600.400847822195,0.9888829116087182,106.7285048169763,0.11637094274698592,0.22896682757411801,0.9616034065913244,0.0,0.0,0.0,0.0,False,2203.4874411558208,2.626095951705028,1440,2023-10-25,0.05,0.3991905382912819,2.621
482,5,294,648.0165717810852,10236.496006956284,9724.67120660849,9801.673355811381,0.9921439792566401,77.0021492028925,0.06663634769890417,0.19723207453277658,0.9448823190850093,0.9027777777777778,0.0,0.0,0.0,False,1842.8182634522127,3.768900373733319,1440,2023-06-03,0.05,0.2883480707755308,2.616
483,5,168,720.4838477453701,6261.151498790594,5948.093923851049,5988.894444497011,0.993187303429024,40.800520645962564,0.12112852570406256,0.22363487104386745,0.9894243816553071,0.0,0.0,0.0,0.0,False,1164.414600311306,1.642698791993046,1440,2023-11-30,0.05,0.2696289497272423,2.739
484,5,169,602.317580081796,6046.462624851058,5744.13949360849,5782.01690888381,0.9934490998777393,37.877415275320296,0.10485775645803787,0.16323785782351383,0.9489505008307862,0.1388888888888889,0.0,0.0,0.0,False,1036.721130607833,3.5792418079960764,1440,2023-07-18,0.05,0.19538575701201816,2.668
485,5,249,672.0301563789787,8766.172023704112,8327.863422518943,8368.702359792067,0.9951200394616331,40.838937273124074,0.0806965871416403,0.2146168457093038,0.9733973964315519,0.0,0.0,0.0,0.0,False,1766.268690244523,2.2359066133629484,1440,2023-12-12,0.05,0.2707027390334411,2.658
486,5,162,389.96706260871156,5328.530608495104,5062.104078070342,5099.0288380594575,0.9927584720224553,36.92475998911536,0.07703655566824413,0.1781240401239379,0.9523747502687839,0.0,0.0,0.0,0.0,False,1327.9970120355897,3.49330348333718,1440,2023-08-08,0.05,0.21719170901637633,2.627
487,5,162,766.909320348977,5810.806879110868,5520.266535155317,5553.49066916858,0.9940174322795365,33.22413401326426,0.13892613979143661,0.21755654556824564,0.9940033982201241,0.0,0.0,0.0,0.0,False,1247.1800556111762,1.7483813128675862,1440,2023-03-05,0.05,0.2557608552843326,2.704
488,5,229,764.355291765605,8079.770358741677,7675.781840804611,7690.142360764066,0.9981326067469539,14.36051995945515,0.09958012194956829,0.14524674783983052,0.9517516147491609,0.0,0.0,0.0,0.0,False,1800.7035705223739,3.3682039566778976,1440,2023-06-26,0.05,0.1989868330428084,2.667
489,5,133,475.25533746810424,5024.918609263493,4773.672678800329,4817.2513824272855,0.990953616457317,43.5787036269563,0.0995575879298747,0.20786513238623686,0.9839557622978294,0.0,0.0,0.0,0.0,False,869.8834026455879,2.058245698650292,1440,2023-09-28,0.05,0.3153868328601107,2.664
490,5,148,546.5168525878722,5766.287015443749,5477.972664671572,5493.1632212257255,0.9972346431477846,15.190556554153572,0.09976626136023961,0.15337399494031356,0.9651956047230599,0.0,0.0,0.0,0.0,False,1193.643042957479,2.9676105795772987,1440,2023-08-14,0.05,0.27035313009254675,2.759
491,5,254,797.8574957844764,8916.106761559742,8470.301423481751,8551.140334118965,0.9905464174977145,80.83891063721228,0.09419469932588467,0.22918203499545978,0.955496023936172,0.0,0.0,0.0,0.0,False,1583.2325143282415,3.026781622541703,1440,2023-07-25,0.05,0.3565379705125111,2.671
492,5,236,741.7360569236805,8759.15388826259,8321.196193849459,8359.59646546892,0.9954064443447622,38.40027161946079,0.08913815269395142,0.18297370736931048,0.977957185205402,0.0,0.0,0.0,0.0,False,1542.2418188223492,2.141336581731074,1440,2023-11-06,0.05,0.2572490529773881,2.781
493,5,127,406.7967652316879,4660.076164887823,4427.0723566434135,4441.594371605498,0.9967304499809975,14.522014962083956,0.0918884383313128,0.1732395508123244,0.966756561409209,0.0,0.0,0.0,0.0,False,1015.3923002427669,2.966448922532385,1440,2023-06-12,0.05,0.2803275543583525,2.621
494,5,251,1088.3519014664153,8830.59747376199,8389.067600073919,8449.944621606524,0.9927955715381918,60.877021532606335,0.12973454898096487,0.19268378305429407,0.9800485566767557,0.0,0.0,0.0,0.0,False,1562.9258107531025,1.99727365775785,1440,2023-03-14,0.05,0.3215435223478772,2.749
495,5,246,658.150032775874,9053.738270641794,8601.051357109687,8678.752974238707,0.991046914532576,77.70161712902163,0.07651971897968529,0.1948003423104571,0.9580879674410376,0.0,0.0,0.0,0.0,False,1626.1727931843388,3.270013442263877,1440,2023-06-02,0.05,0.312104796654449,2.851
496,5,217,763.5700174936492,7565.213947488157,7186.953250113755,7219.123177242154,0.9955437902445253,32.169927128400374,0.10624391044724876,0.1678550740711022,0.9800070237418395,0.0,0.0,0.0,0.0,False,1709.8702273388042,2.2893506468735936,1440,2023-07-09,0.05,0.3001573686206249,2.698
497,5,171,568.0721522444064,6364.427945704602,6046.206548419388,6093.833371770511,0.9921844230970028,47.6268233511223,0.09395513495861517,0.19701187995018316,0.9598633852038257,0.0,0.0,0.0,0.0,False,1228.8993738829354,3.2374942682027874,1440,2023-07-28,0.05,0.3514862626165913,2.604
498,5,155,472.0195637688438,5576.571802563867,5297.743212435655,5310.177974272556,0.9976583154280051,12.434761836901814,0.08909823387831425,0.1829941211670584,0.9676794466180969,0.0,0.0,0.0,0.0,False,1080.7104825383526,2.88324110074993,1440,2023-07-05,0.05,0.3285538108818772,2.646
499,5,208,824.2183489648489,7658.418816850487,7275.4978760079375,7333.232920043265,0.9921269316459967,57.73504403532639,0.11328686545051914,0.2035852527243741,0.9685139092793036,0.0,0.0,0.0,0.0,False,1590.628162008202,2.30421846425943,1440,2023-10-12,0.05,0.3418972127586274,2.699
500,5,152,476.36700972259257,5710.209620945104,5424.6991398978735,5469.699226911836,0.9917728406723801,45.00008701396328,0.08781445706711778,0.2152161202140974,0.9953144355039654,0.0,0.0,0.0,0.0,False,1005.4141447791504,1.4591183323748813,1440,2023-11-27,0.05,0.30709218219771434,2.621
501,5,281,924.4003553232996,9591.739748970942,9112.152761522353,9153.60681401025,0.9954712876213506,41.454052487896845,0.10144697740656199,0.15092333732739574,0.961075478295071,0.0,0.0,0.0,0.0,False,1913.8226067723342,2.8981443861229508,1440,2023-09-09,0.05,0.2528994432608878,2.684
502,5,281,680.1837362424966,9485.121141272242,9010.8650842086,9097.402267970527,0.9904877039386727,86.53718376192464,0.07548484300741644,0.2092933319459364,0.9533876386811596,0.0,0.0,0.0,0.0,False,1533.6370853265626,3.5300316719600207,1440,2023-06-02,0.05,0.3534432075958004,2.591
503,5,164,185.60747159039363,5543.175919719305,5266.017123733356,5281.016019640823,0.9971598465424676,14.998895907467368,0.035246271941251635,0.1497833225203825,0.9814436512087247,0.0,0.0,0.0,0.0,False,1356.2443374950174,2.0887924651637215,1440,2023-01-29,0.05,0.3049995643056441,2.534
504,5,299,1342.573592350991,11048.549233725676,10496.1217720394,10560.604951551031,0.993893988099407,64.48317951163078,0.12791139637189333,0.20865060413822212,0.9544208406844799,0.0,0.0,0.0,0.0,False,2233.59606374204,2.74906903505927,1440,2023-10-15,0.05,0.3996775042837186,2.716
505,5,204,810.7992630744088,7338.345597926422,6971.428318030092,7006.709245829589,0.9949646936155518,35.28092779949743,0.11630317720938935,0.1760047226066809,0.9654377738959226,0.0,0.0,0.0,0.0,False,1423.706377645167,3.0166735802868487,1440,2023-06-28,0.05,0.34547930650002,2.665
506,5,210,167.68740775388065,7568.298034893736,7189.883133149062,7210.051635339699,0.997202724306192,20.16850219063791,0.023322688929498087,0.1508747173815458,0.9706112958437545,0.0,0.0,0.0,0.0,False,1648.9326254874056,2.3625098722184608,1440,2023-12-09,0.05,0.37514145151211775,2.625
507,5,184,419.6773458138674,6401.978445110317,6081.8795228547915,6103.596031037306,0.9964420141713043,21.716508182514954,0.06900454772850775,0.17995351233326104,0.9827097116180841,0.0,0.0,0.0,0.0,False,1338.6897195946635,1.8088712268641989,1440,2023-03-31,0.05,0.45661344314801583,2.476
508,5,286,859.5462517171364,10459.331097372004,9936.364542503412,9987.895669051608,0.9948406422878575,51.53112654819722,0.0865051043608932,0.20989028474627097,0.9486150767444389,1.0416666666666667,0.0,0.0,0.0,False,2267.8232688227436,3.0282498391301154,1440,2023-11-14,0.05,0.45882001194629773,2.566
509,5,154,318.7931629420251,5510.151676567132,5234.644092738796,5249.210160516894,0.9972250934268817,14.566067778098262,0.06090063761626833,0.14515193268076437,0.9835023178847018,0.0,0.0,0.0,0.0,False,1296.8214015170636,1.7783734353823768,1440,2023-12-18,0.05,0.39422985343898787,2.561
510,5,162,673.4716534596574,5639.442309999145,5357.470194499192,5373.778594852601,0.9969651893792145,16.30840035340909,0.1257070275726681,0.18337580581322607,0.956323645244315,0.0,0.0,0.0,0.0,False,1041.7317429432742,3.438837369610444,1440,2023-08-23,0.05,0.4877245045432163,2.669
511,5,205,1023.5390762750426,6848.6606784368905,6506.227644515017,6537.1932918605535,0.9952631586732962,30.96564734553641,0.15731682507880318,0.19843393837843723,0.9892978180595863,0.0,0.0,0.0,0.0,False,1212.8014434986787,1.7508799871800855,1440,2023-02-05,0.05,0.479258914244522,2.663
512,5,206,732.1317412729118,7342.848736173284,6975.706299364617,7007.803444326819,0.995419799482506,32.09714496220228,0.10495449634105124,0.19159368731784124,0.9746635658033923,0.0,0.0,0.0,0.0,False,1604.6416669855648,2.501330210704635,1440,2023-09-03,0.05,0.4394368534431801,2.695
513,5,152,481.7208050088183,5752.441072946698,5464.819019299352,5497.735747420458,0.9940126754661588,32.91672812110546,0.08814945258161176,0.1973668854198967,0.9774497000095913,0.0,0.0,0.0,0.0,False,1055.2104673218505,2.4274502987833024,1440,2023-09-30,0.05,0.42304807276952583,2.649
514,5,288,1445.1058460213842,10421.451677528496,9900.379093652062,9910.139081819792,0.9990151512418595,9.759988167731114,0.14596469815463523,0.1614442241999643,0.9607559978138037,0.0,0.0,0.0,0.0,False,2295.8729538314315,2.8826393813200863,1440,2023-02-03,0.05,0.3973676681350854,2.613
515,5,264,762.873550688043,9769.499939434385,9281.024942462593,9312.038328882769,0.9966695383626178,31.013386420175557,0.08219712320756084,0.17817465678591363,0.9795269538946914,0.0,0.0,0.0,0.0,False,1771.200110209324,2.204566436259158,1440,2023-03-21,0.05,0.4577809879013862,2.638
516,5,240,685.0681593256729,8488.63650274773,8064.204677610304,8095.429279180348,0.9961429344271654,31.224601570043607,0.08495173259028461,0.1736243715294826,0.9408061723732644,2.0833333333333335,0.0,0.0,0.0,False,1426.5906014653922,4.088697792043369,1440,2023-06-05,0.05,0.47039595918604266,2.776
517,5,231,725.3143520574488,8170.99091019428,7762.44136468455,7778.201714392026,0.9979737797647604,15.760349707477232,0.09343894761734205,0.16737257418876694,0.9538299324361467,0.0,0.0,0.0,0.0,False,1745.762993726155,3.141876161193758,1440,2023-07-24,0.05,0.49181734520144194,2.684
518,5,286,1059.210168518926,10432.810599982624,9911.170069983424,9963.11544127796,0.9947862321177849,51.94537129453479,0.10687034538200568,0.18739571567858174,0.9299871511191897,7.638888888888889,0.0,0.0,0.0,False,2175.9774900183875,3.9984600547679627,1440,2023-07-18,0.05,0.5243397794538975,2.664
519,5,171,679.3127089817813,6212.171813361844,5901.563222693781,5927.237187216303,0.9956684769460729,25.673964522521807,0.11510724927415206,0.2017293814133807,0.9887906644680899,0.0,0.0,0.0,0.0,False,1271.4709876703964,1.8165229221904313,1440,2023-10-22,0.05,0.5069370297943403,2.677
520,5,162,419.70386618417194,6226.062582118913,5914.7594530129545,5968.249334159404,0.991037592742599,53.48988114645,0.07095873797037959,0.2345391190617336,0.9709774573109787,0.0,0.0,0.0,0.0,False,841.2008802619032,2.792039541490505,1440,2023-05-27,0.05,0.4613942963794677,2.654
521,5,296,665.119932843974,10513.861369811113,9988.168301320571,10021.555525968826,0.9966684588473577,33.38722464825555,0.06659078149053978,0.1806945930256925,0.9467851045390954,2.0833333333333335,0.0,0.0,0.0,False,2400.2897350160983,3.2111730175389512,1440,2023-04-01,0.05,0.3510517308681066,2.627
522,5,130,71.26796348020703,4758.569555462123,4520.641077689005,4550.805411521473,0.9933716493884579,30.164333832467012,0.01576501258459561,0.17326622292542143,0.9952010509793869,0.0,0.0,0.0,0.0,False,915.325826043726,1.528903356660777,1440,2023-11-18,0.05,0.38220090608702356,2.62
523,5,182,764.3258456257895,6137.691492657968,5830.806918025083,5857.378425915942,0.995463583542205,26.571507890857657,0.13108406029755307,0.1847884360927759,0.9749505994885768,0.0,0.0,0.0,0.0,False,1292.5929920614694,2.1538304559542696,1440,2023-09-11,0.05,0.4247993493364824,2.702
524,5,132,691.1473045484031,5004.046476950201,4753.844153102687,4784.062191250485,0.9936836025662328,30.21803814779639,0.14538703463749703,0.21647373417406493,0.9976375926389487,0.0,0.0,0.0,0.0,False,826.3617056560706,1.2695387955935489,1440,2023-01-25,0.05,0.4342898131632308,2.666
525,5,241,1036.3935162820956,9040.341860035545,8588.324767033817,8620.193404964994,0.9963030251835393,31.86863793117839,0.12067470017671895,0.18493862970833172,0.9714487129526387,0.0,0.0,0.0,0.0,False,1751.0414015225335,2.242756886746015,1440,2023-04-07,0.05,0.37135084173709043,2.641
526,5,283,900.1120577766114,10301.009647616991,9785.95916523609,9821.698547101809,0.9963611811445522,35.73938186572127,0.09197995235604438,0.18694102230341278,0.9643376675383704,0.0,0.0,0.0,0.0,False,2063.561174276073,2.729542162573084,1440,2023-12-07,0.05,0.3911299629353746,2.606
527,5,252,240.42386999436798,8767.35188288011,8328.984288736108,8358.068252608926,0.9965202528869348,29.083963872816796,0.028865929104886254,0.1687821249541494,0.9574158087682987,0.0,0.0,0.0,0.0,False,1813.9009874677306,2.9759023932909603,1440,2023-10-14,0.05,0.403200945069653,2.678
528,5,272,164.90713318904787,9533.340226512544,9056.673215186931,9081.979507003547,0.9972135709184213,25.306291816616266,0.018208356343532284,0.18530607562297646,0.9570876373209969,0.0,0.0,0.0,0.0,False,2260.4561584591866,3.0847375362995493,1440,2023-10-29,0.05,0.4543681986977476,2.745
529,5,168,743.4524219124633,5778.391558493468,5489.4719805688055,5513.428709834696,0.9956548401137105,23.95672926589063,0.13543241035641984,0.1999623779723649,0.9907170400275446,0.0,0.0,0.0,0.0,False,1151.667869773358,1.6267426800947393,1440,2023-02-09,0.05,0.459684006347655,2.587
530,5,137,464.02486312375584,5020.455847174171,4769.43305481547,4794.041701252572,0.9948668267882042,24.608646437101125,0.09729140922845157,0.1829339371578259,0.9863153933101172,0.0,0.0,0.0,0.0,False,685.1300313784263,1.9233258177130295,1440,2023-10-08,0.05,0.43169466840030807,2.671
531,5,122,216.8432961603508,4096.758376624682,3891.9204577934634,3905.49812127691,0.9965234489783835,13.577663483445855,0.055716271314365656,0.15347818728037296,0.984181018657217,0.0,0.0,0.0,0.0,False,1094.847575273228,2.0602607786145053,1440,2023-09-20,0.05,0.44761907097652504,2.71
532,5,125,113.14246319128566,4658.728914724273,4425.792468988027,4451.837633777569,0.9941495699232317,26.04516478954082,0.025564339942301017,0.20864231497178645,1.0048412484944895,0.0,0.0,0.0,0.0,False,767.201651674478,1.136879072274115,1440,2023-11-01,0.05,0.5274873334038764,2.67
533,5,281,1100.9719997955242,10146.678552793017,9639.34462515333,9653.885024270927,0.9984938292634478,14.540399117596778,0.11421647867248147,0.16650820614066073,0.9444935267948519,2.0833333333333335,0.0,0.0,0.0,False,2172.7003588846455,3.696370129331524,1440,2023-06-28,0.05,0.46958874667605854,2.744
534,5,161,605.2073099510884,6319.138790485691,6003.181850961404,6045.716101614748,0.9929645636780755,42.534250653343925,0.10081442224745615,0.18350467591190614,0.9835438347515606,0.0,0.0,0.0,0.0,False,1298.7742214471052,2.033631238498421,1440,2023-05-05,0.05,0.5176395064152478,2.699
535,5,293,334.6866535375825,10463.675524243336,9940.491748031203,9996.186339741353,0.9944284160161434,55.694591710149155,0.03366902382911489,0.19767258178733654,0.9451930743109589,1.0416666666666667,0.0,0.0,0.0,False,1815.1894040997229,3.2283682394404245,1440,2023-08-06,0.05,0.519512646914264,2.688
536,5,145,12.607298701221339,5358.831793064419,5090.890203411173,5115.036104132711,0.995279427118407,24.1459007215381,0.002476442861166749,0.18213094429535712,0.9874394241049766,0.0,0.0,0.0,0.0,False,949.6338345364375,1.5064259175385302,1440,2023-12-25,0.05,0.4899581372981632,2.682
537,5,150,529.2465589677315,5214.370500146397,4953.65197513907,4979.4474022419245,0.994819620528326,25.7954271028552,0.10683967336095979,0.1785416637899912,0.9863787122963151,0.0,0.0,0.0,0.0,False,1058.8943443592962,1.678642391062781,1440,2023-03-11,0.05,0.5013995848728694,2.968
538,5,169,565.6532852108012,6117.278957298529,5811.415009433618,5821.269564383174,0.9983071467760487,9.854554949557137,0.09733486324631457,0.15816708172357988,0.9820307066700538,0.0,0.0,0.0,0.0,False,1274.0803233609865,2.2552447074535844,1440,2023-05-08,0.05,0.51952207685494,2.623
539,5,147,739.5043644440648,5430.033837403286,5158.532145533112,5201.742981693334,0.99169300822584,43.21083616022067,0.1433555793743416,0.21711502108908362,0.9999184761049243,0.0,0.0,0.0,0.0,False,899.5981853225505,1.2777861417687661,1440,2023-01-27,0.05,0.5809357969005222,2.762
540,5,220,753.3278941542428,7471.082402167572,7097.528282059166,7135.269249279585,0.994710645681068,37.740967220420075,0.10613947056167053,0.16082096469318635,0.9827363979498678,0.0,0.0,0.0,0.0,False,1638.8198333584307,2.2723475024079853,1440,2023-03-11,0.05,0.4995255552784257,2.691
541,5,198,709.9070943712935,6884.715132331369,6540.479375714778,6567.748818319018,0.9958479772356429,27.269442604239252,0.10854052946137624,0.16468476577874505,0.9630247102952845,0.0,0.0,0.0,0.0,False,1624.6186526565907,2.824320016174445,1440,2023-09-08,0.05,0.5602032378170632,2.595
542,5,172,504.0249108529657,6389.375103608421,6069.906348427996,6081.621702277569,0.9980736464017178,11.715353849572722,0.083036686551762,0.17034618758818165,0.9832178089593324,0.0,0.0,0.0,0.0,False,1107.2849077771868,1.7887036603544704,1440,2023-01-13,0.05,0.6020107831708066,2.532
543,5,228,649.3371603719202,7837.376948901159,7445.508101456075,7463.58765375232,0.9975776324825293,18.07955229624528,0.0872119338967522,0.16705543227931283,0.9723418470826228,0.0,0.0,0.0,0.0,False,1627.855255437886,2.3019590996964836,1440,2023-11-06,0.05,0.6244843820936319,2.575
544,5,267,914.4774709906555,9712.266100204713,9226.652795194406,9267.943449718361,0.9955447878218108,41.290654523956015,0.09911259167213385,0.18522468153641578,0.935503165297778,4.166666666666667,0.0,0.0,0.0,False,2284.079545298483,3.6441807096838397,1440,2023-09-06,0.05,0.6513501512974378,2.641
545,5,299,1344.8038183001113,10750.820613891481,10213.279583196947,10246.466824962552,0.9967611038680422,33.18724176560466,0.13167208508739978,0.1657720366617097,0.9459483863279204,1.0416666666666667,0.0,0.0,0.0,False,2186.0978076740603,3.2561722357114906,1440,2023-01-02,0.05,0.6336091842180354,2.618
546,5,276,301.8197596997029,9979.932072077518,9480.93546847369,9551.773903181747,0.9925837404207756,70.83843470805772,0.031834386037466834,0.1853725894519482,0.9470693836871991,1.5277777777777777,0.0,0.0,0.0,False,2021.804331579841,3.658979378334863,1440,2023-07-02,0.05,0.6639236274457813,2.551
547,5,294,474.13920191055684,10612.488059831794,10081.86365684022,10136.729567887869,0.9945874149369183,54.86591104765046,0.047028924219667326,0.17818112650169246,0.9632728933667998,0.0,0.0,0.0,0.0,False,1876.939558865678,2.4799857134511516,1440,2023-03-12,0.05,0.6457853364168559,2.703
548,5,269,795.8042848462705,10137.214244462426,9630.353532239313,9646.890188453028,0.9982858044519353,16.53665621371519,0.08263500215045844,0.17041158721761834,0.9751607978087339,0.0,0.0,0.0,0.0,False,1804.838049872106,2.2371378044671384,1440,2023-11-27,0.05,0.6481868657591936,2.674
549,5,298,887.6971498910476,10266.78181437683,9753.442723657981,9828.350571189701,0.9923783907595543,74.90784753172007,0.0910137245936603,0.19083475510065526,0.9413570972046393,2.0833333333333335,0.0,0.0,0.0,False,2241.856904823464,3.4670210034236923,1440,2023-05-18,0.05,0.6686804962971459,2.647
550,5,182,573.4278944978414,6359.393195096409,6041.423535341573,6074.969553839172,0.9944779939717725,33.54601849759918,0.09491602287827693,0.16588964385593535,0.9620642734056825,0.0,0.0,0.0,0.0,False,899.7099829802219,3.144366769319177,1440,2023-06-24,0.05,0.6406026936297937,2.787
551,5,164,401.2372734848331,5909.415086378072,5613.94433205914,5638.213483953707,0.9956955954286519,24.2691518945661,0.0714715447378979,0.19112347869137652,0.9841897603407671,0.0,0.0,0.0,0.0,False,1252.2921776986127,1.8208289982418633,1440,2023-10-27,0.05,0.674725214041499,2.657
552,5,268,471.93410345638847,9450.075792431286,8977.57200280972,9050.963860843856,0.9918912660394499,73.39185803413702,0.05256812235075216,0.18779928159508738,0.9439322325517988,3.4027777777777777,0.0,0.0,0.0,False,1557.7879901219019,3.702275722113859,1440,2023-07-29,0.05,0.6469526197983239,2.71
553,5,228,574.298190045862,8255.521918329243,7842.745822412751,7922.229077189706,0.9899670592705014,79.48325477695519,0.07322667380149575,0.2093136199785982,0.9704881080262683,0.0,0.0,0.0,0.0,False,1580.3920125316654,2.645454904913136,1440,2023-08-12,0.05,0.6326578139358655,2.616
554,5,226,1003.538215971763,8010.643592238991,7610.111412627019,7653.446865843027,0.9943377861013953,43.33545321600776,0.13186905704253554,0.19543586117515346,0.9697430766218538,0.0,0.0,0.0,0.0,False,1832.921924304046,2.3522948616358446,1440,2023-10-15,0.05,0.5734247438032452,2.627
555,5,198,-31.22764925074157,7051.849643249729,6699.257161087244,6731.302814976249,0.9952393088277491,32.04565388900504,-0.0046613599836304144,0.18209838528219605,0.9795717222164075,0.0,0.0,0.0,0.0,False,1617.7610929635484,2.0487017962141203,1440,2023-12-24,0.05,0.5567975640059695,2.659
556,5,194,561.4078582242978,7149.839534983562,6792.3475582344,6800.8180702070695,0.9987544863154365,8.470511972669991,0.08265299344755997,0.1593291480160323,0.940426793621697,2.5694444444444446,0.0,0.0,0.0,False,1381.189421701749,3.9125850881981834,1440,2023-06-05,0.05,0.5737333478685456,2.599
557,5,161,329.3482151995679,5859.22492292709,5566.263676780753,5600.369018986946,0.993910161617821,34.10534220619296,0.059168633453966446,0.1790406171223348,0.9614378145129027,0.0,0.0,0.0,0.0,False,1369.0031564341314,2.645049625141547,1440,2023-10-03,0.05,0.6394078395433651,2.618
558,5,142,463.2457135194177,4924.457009856873,4678.234159364032,4686.379551385582,0.9982619009125836,8.14539202154996,0.0990214892497797,0.16263758089769625,0.9835654105008728,0.0,0.0,0.0,0.0,False,1119.545576323569,1.9737601137784397,1440,2023-03-27,0.05,0.6496301699932384,2.612
559,5,131,387.8140014817304,4774.4949264744655,4535.770180150734,4556.700780881127,0.9954066326193256,20.93060073039285,0.08550124589179306,0.19036019897206674,0.9881303004704333,0.0,0.0,0.0,0.0,False,1087.0805111802288,1.761206440071842,1440,2023-11-06,0.05,0.6957628350024571,2.603
560,5,154,276.65139158301486,5417.980458500118,5147.081435575104,5169.077339875794,0.9957447136395102,21.99590430069022,0.053749177091095224,0.16994851316582363,0.9468564125932322,1.5277777777777777,0.0,0.0,0.0,False,770.4933204203182,3.675657729166945,1440,2023-08-07,0.05,0.6721611972976136,2.552
561,5,150,559.5236853226543,5576.719811840738,5297.883821248699,5327.716365628738,0.9944005006399176,29.83254438003885,0.10561267558917059,0.1965031034806778,0.9925508539401624,0.0,0.0,0.0,0.0,False,1056.1315344204925,1.474695652697142,1440,2023-12-05,0.05,0.6996881702491824,2.608
562,5,179,584.9346167534957,5952.468841711721,5654.845399626127,5670.023807182714,0.9973230434169678,15.178407556586874,0.10343954174099418,0.1891277910414963,0.9858047060035191,0.0,0.0,0.0,0.0,False,1219.4404024117118,1.7163748982809737,1440,2023-10-23,0.05,0.6634644947437245,2.713
563,5,184,763.3968829407095,6660.763008884097,6327.724858439893,6388.45601953653,0.9904936089548217,60.7311610966367,0.1206431853500226,0.23215131585627696,0.9790291878793831,0.0,0.0,0.0,0.0,False,969.7395657040697,2.393630780822836,1440,2023-09-26,0.05,0.6512548521534827,2.543
564,5,251,1172.7846160237298,8811.463710107591,8370.890524602182,8406.51924293434,0.9957617752005856,35.628718332160076,0.14010273011896368,0.19573104345645753,0.9702654983044615,0.0,0.0,0.0,0.0,False,1891.6871930454345,2.4400030375627644,1440,2023-02-22,0.05,0.5452278176959579,2.629
565,5,135,124.97936679650896,4812.9784888742715,4572.329564430559,4609.692579777857,0.9918946839294219,37.36301534729789,0.02733384919773909,0.20019226423986172,0.9586734158658541,0.0,0.0,0.0,0.0,False,1093.5052308721101,3.337153048237172,1440,2023-08-02,0.05,0.5407442372367178,2.549
566,5,150,419.3254761169689,5219.428292078351,4958.456877474443,4987.224190082745,0.9942317987898946,28.76731260830251,0.08456773679365939,0.1869714470862465,0.9950654755495107,0.0,0.0,0.0,0.0,False,991.0266458476394,1.5136977885406544,1440,2023-03-21,0.05,0.5273330739338434,2.558
567,5,147,332.47639192736625,4980.13206431303,4731.125461097362,4764.334614294035,0.9930296345900981,33.20915319667276,0.07027427081805815,0.18584216112759563,0.9679557567115807,0.0,0.0,0.0,0.0,False,1380.3286029763326,2.6912088916857044,1440,2023-07-31,0.05,0.5463413686751852,2.732
568,5,214,29.399716093561707,7591.922899592027,7212.326754612432,7252.679025073567,0.9944362255214064,40.352270461134005,0.0040763150497528395,0.17688588367456307,0.9648974882334538,0.0,0.0,0.0,0.0,False,1417.6158745150728,2.5996676915169377,1440,2023-12-31,0.05,0.5647403255209107,2.685
569,5,128,453.3040673089663,4620.972956851949,4389.924309009324,4401.785124488678,0.9973054533231602,11.860815479353416,0.1032601100612743,0.17655000504273488,0.9554471816326059,0.0,0.0,0.0,0.0,False,938.1544668251993,3.465419701619073,1440,2023-08-31,0.05,0.6003190072104346,2.669
570,5,297,1010.6922842111256,10670.89462830389,10137.349896888698,10209.059064326393,0.9929759278513464,71.70916743769524,0.09969985198215581,0.1880478712262936,0.9516864702122363,0.0,0.0,0.0,0.0,False,2332.402464494141,2.9988775897357263,1440,2023-05-08,0.05,0.630693385299939,2.697
571,5,232,748.4585707968143,8073.861276656133,7670.168212823302,7699.076400950452,0.9962452394778702,28.908188127148495,0.09758046369120178,0.16628350793073085,0.984039475074074,0.0,0.0,0.0,0.0,False,1461.8317294104063,1.842587297629431,1440,2023-01-06,0.05,0.6302951886063987,2.595
572,5,160,496.5852827470419,5434.136759601978,5162.429921621872,5188.033331940565,0.9950649102115318,25.603410318692585,0.0961921595617574,0.20011530243322181,0.9694313102495394,0.0,0.0,0.0,0.0,False,1024.817195260063,2.7937299709881374,1440,2023-09-17,0.05,0.6795440551052678,2.645
573,5,209,544.9168788919285,7286.657610028193,6922.324729526756,6977.475455388585,0.9920958910977985,55.150725861829514,0.07871876864828642,0.1839297602696398,0.9379627924628868,5.069444444444445,0.0,0.0,0.0,False,1294.7372815923923,4.033363053976046,1440,2023-05-26,0.05,0.6445074352772221,2.725
574,5,148,410.7820689110046,5193.5270901855265,4933.850735676272,4965.216631427017,0.9936828746701167,31.365895750745437,0.08325790359661127,0.21565529625087346,0.9584144904569932,0.0,0.0,0.0,0.0,False,1200.1288156389212,3.381068749962091,1440,2023-05-16,0.05,0.6528898441611838,2.625
575,5,164,447.19819854390886,5612.310651497362,5331.6951189224765,5358.625228152742,0.9949744368968402,26.930109230264836,0.08387542583910661,0.18359200683135535,0.9550568088768907,0.0,0.0,0.0,0.0,False,1527.5166522599588,3.497412122263199,1440,2023-06-06,0.05,0.5890168272970955,2.601
576,5,217,549.0122308221457,7638.025585037229,7256.124305785348,7289.383353835461,0.9954373303699807,33.25904805011345,0.0756619109163297,0.18252320949918066,0.9583204093779502,0.0,0.0,0.0,0.0,False,942.1117246771903,3.313347791586118,1440,2023-06-02,0.05,0.609278050187197,2.67
577,5,215,769.4115785952959,8114.59216592372,7708.862557627512,7746.4695332423125,0.995145275476342,37.60697561480123,0.09980870366329256,0.17424981709492063,0.9661837427620319,0.0,0.0,0.0,0.0,False,1703.860632775127,2.931569699822021,1440,2023-07-08,0.05,0.6287122221551034,2.645
578,5,287,1007.4186812105678,10443.404147781357,9921.233940392347,9962.075740394308,0.9959002720852287,40.84180000196086,0.10154167185888656,0.20122774932516566,0.9569006647908006,0.0,0.0,0.0,0.0,False,2300.640069577071,2.9144875564978348,1440,2023-04-27,0.05,0.6637485321640547,2.75
579,5,196,205.3158430337808,7160.215704029493,6802.204918827985,6821.226119670882,0.9972114689486624,19.021200842897795,0.030183719173981684,0.1774071460579192,0.9712797662128266,0.0,0.0,0.0,0.0,False,1468.8479858330793,2.024112515481444,1440,2023-11-02,0.05,0.6323647417984184,2.712
580,5,276,958.4056766987145,10168.75570477898,9660.317919540012,9696.346130793529,0.996284351778749,36.02821125351638,0.09921057305579341,0.17471623363790348,0.9532064411896926,0.0,0.0,0.0,0.0,False,2424.4726322667157,2.930819684039689,1440,2023-02-01,0.05,0.6607926793909553,2.641
581,5,239,877.0273820929805,8425.081737184282,8003.827650325118,8024.082144594885,0.997475786774764,20.254494269768408,0.10957599543730247,0.18668249681066618,0.9611471903913555,0.0,0.0,0.0,0.0,False,2214.2056678947743,2.6672299701957787,1440,2023-01-09,0.05,0.6907192251071245,2.694
582,5,277,789.3861742093867,9817.754586189416,9326.866856879962,9368.583210339657,0.995547207883722,41.716353459695014,0.08463572883825356,0.19682221622172796,0.9683903545642407,0.0,0.0,0.0,0.0,False,1911.11235896771,2.4374474438727205,1440,2023-11-07,0.05,0.6890005578594486,2.656
583,5,288,956.1745778806362,10271.069607900004,9757.516127504989,9798.171091413156,0.9958507599501099,40.6549639081675,0.09799364565591873,0.18085579558664175,0.9523038687295333,0.0,0.0,0.0,0.0,False,2164.951869688869,3.105745790527722,1440,2023-05-01,0.05,0.6654771305458853,2.858
584,5,163,786.5624381356971,5986.125147651852,5686.818890269262,5696.174734570053,0.9983575215409016,9.35584430079116,0.13831325620050733,0.16888548109272838,0.9915167029318109,0.0,0.0,0.0,0.0,False,1073.2320196890398,1.7369060478931966,1440,2023-02-21,0.05,0.6827417243128926,2.887
585,5,183,218.20758514780204,6341.673909748811,6024.590214261405,6060.215284062837,0.9941214844470758,35.62506980143195,0.03621949002128995,0.21383416847704526,0.9792230303326318,0.0,0.0,0.0,0.0,False,1396.5670224018113,1.9627868775410626,1440,2023-01-04,0.05,0.7244438171584712,2.71
586,5,265,669.7601344980008,9343.481197347448,8876.307137480115,8936.291219070654,0.9932875865255455,59.98408159053864,0.07545481742851659,0.17899547858669232,0.9567538100112901,0.0,0.0,0.0,0.0,False,1766.454029436073,3.161069373804444,1440,2023-06-30,0.05,0.6582266707655847,2.713
587,5,236,573.3430170696923,8378.39720381916,7959.477343628185,8020.074259385512,0.9924443448031153,60.59691575732674,0.07203274691505614,0.20584278568977107,0.9772784312769621,0.0,0.0,0.0,0.0,False,1645.0458197830299,2.2073296036022616,1440,2023-10-27,0.05,0.6829482974807175,2.678
588,5,149,451.79411077228315,5202.76529517342,4942.6270304147665,4968.547802841669,0.9947830284712008,25.92077242690219,0.09140768825811449,0.17462430215427344,0.9752950123159342,0.0,0.0,0.0,0.0,False,1256.4799852171673,2.5635401377498934,1440,2023-07-04,0.05,0.6433693839415617,2.647
589,5,159,833.2462512377375,5691.58043112664,5407.001409570286,5418.356049779486,0.997904412315307,11.354640209198632,0.15410505530161467,0.18690965406077362,0.9770217011870952,0.0,0.0,0.0,0.0,False,1579.4901913734334,2.1299221311267704,1440,2023-01-19,0.05,0.6816557017806184,2.666
590,5,174,274.06104886335135,6498.606439679281,6173.676117695293,6196.948417913229,0.996244554795605,23.27230021793621,0.04439187343790584,0.1763908466665111,0.9830861675699274,0.0,0.0,0.0,0.0,False,1181.3821469962304,1.8353715994370148,1440,2023-12-16,0.05,0.6859114991545247,2.575
591,5,290,809.943069944332,10556.887190315978,10029.04283080022,10050.60830547539,0.9978543114983972,21.565474675170666,0.08075975779631868,0.15770566448072304,0.9467089097901582,2.013888888888889,0.0,0.0,0.0,False,2202.7472680328865,3.6392973276483467,1440,2023-05-23,0.05,0.7136379709877017,2.709
592,5,238,1249.1442359127614,8642.537324079827,8210.410457875809,8300.659942931801,0.9891274325563907,90.2494850559906,0.1521415089198767,0.24459309203918608,0.9843487912182913,0.0,0.0,0.0,0.0,False,1435.711160698864,1.8387248306993018,1440,2023-01-20,0.05,0.7790412660389407,2.689
593,5,231,1065.0313725212914,7863.521250632276,7470.345188100677,7485.072530604902,0.9980324382370367,14.727342504225078,0.14256789287565355,0.15356802276198012,0.9838777665610208,0.0,0.0,0.0,0.0,False,1534.8119287274737,1.9955783490066816,1440,2023-01-27,0.05,0.6379819068493541,2.733
594,5,267,967.3880606255134,9846.061366941189,9353.75829859413,9383.700834605715,0.9968090909397749,29.942536011586654,0.10342239234158015,0.1669317655528376,0.9323983945351461,4.166666666666667,0.0,0.0,0.0,False,2246.799998998642,3.943157074595028,1440,2023-09-16,0.05,0.7277111707694388,2.786
595,5,148,707.501554117592,5464.054837016316,5190.852095165474,5224.995987180754,0.9934652788061368,34.14389201528057,0.13629776790915063,0.19206298411135084,0.9935953196458805,0.0,0.0,0.0,0.0,False,738.4323431424264,1.4510157227656744,1440,2023-02-04,0.05,0.7717477594879785,2.793
596,5,295,706.1149796503867,10681.334373363507,10147.26765469526,10171.010501983135,0.9976656353581342,23.742847287873687,0.06958671079535966,0.17114207192866074,0.9371433399928558,5.208333333333333,0.0,0.0,0.0,False,2056.342768181424,3.837331089223071,1440,2023-05-29,0.05,0.7520852004285133,2.724
597,5,166,254.08767821781686,6205.009152525406,5894.7586948991775,5931.195822969417,0.99385669784681,36.437128070239346,0.04310399990379296,0.19262554798667883,0.9721996607330207,0.0,0.0,0.0,0.0,False,1172.408348979889,2.6853945917820887,1440,2023-09-24,0.05,0.7838240563864264,2.688
598,5,291,234.54046109600546,10429.809005910012,9908.318555614609,9971.147635320896,0.9936989119001982,62.829079706289264,0.023671065860423075,0.19528876549508914,0.9189431255701489,5.138888888888889,0.0,0.0,0.0,False,1705.061328768482,4.812635930117143,1440,2023-07-02,0.05,0.7623202164257832,2.825
599,5,148,531.720795323019,5302.723191265715,5037.587031702411,5061.846634825095,0.9952073610931276,24.25960312268326,0.10555069162613125,0.16511329752903822,0.9848746067713946,0.0,0.0,0.0,0.0,False,1220.0712723231118,1.8353431161484466,1440,2023-03-11,0.05,0.7394936276640114,2.694
