episode,daily_cost_usd,min_voltage_pu,violation_rate_pct,service_quality,peak_mw,wall_s
0,131.49728934000953,0.9504510566788809,0.0,0.8390569954651216,3.4289189696847444,15.8
1,120.85007040802931,0.952982144124652,0.0,0.8110922750894551,3.4186989546649142,13.4
2,248.94006206044395,0.9491501128222194,0.1388888888888889,0.8875984421942802,3.545936017641971,13.5
3,234.6326103293036,0.9474439913312606,1.3194444444444444,0.9320127212566394,3.5170131616659077,13.4
4,186.91653291452457,0.9496842022687263,0.1388888888888889,0.781391639117194,3.5566222557899057,13.3
5,110.83180468925785,0.9522766746561976,0.0,0.623792826142643,3.39006017495102,13.7
