episode,daily_cost_usd,min_voltage_pu,violation_rate_pct,service_quality,peak_mw,wall_s
0,131.15382251844946,0.9505218013254899,0.0,0.8384342097133186,3.4278526738225463,17.1
1,103.66235472605432,0.9530661029988954,0.0,0.6625102262724731,3.4264353782511487,13.1
2,80.91329167685,0.954388352075464,0.0,0.6367523657747255,3.337063273885485,13.0
3,79.09277087008995,0.9531376395161679,0.0,0.620698515537588,3.3941342762232467,13.7
4,74.5047331556162,0.954372729769955,0.0,0.5973160603786503,3.3667137340174946,13.1
