episode,stage,n_ev,cost_eur,energy_drawn_kwh,energy_delivered_kwh,energy_requested_kwh,service_quality,unmet_kwh,cost_per_kwh,retail_price_paid,min_voltage_pu,violation_rate_pct,q_activation_pct,q_kvarh,curtailed_kwh,q_exhausted_any,peak_ev_kw,peak_feeder_mw,pf_solves,day,noise,w_retail,wall_s
0,0,60,186.76575387500316,2226.41066863074,2115.090135199195,2132.1436021879185,0.9920017268202649,17.053466988723386,0.08830155782340401,0.2140478841702684,0.9752985725754256,0.0,0.0,0.0,0.0,False,493.1906937563734,2.531287586895358,1440,2023-10-05,0.3,0.0,0.316
1,0,60,200.81771423058788,2016.0570302932165,1915.2541787785658,1930.5687369686639,0.9920673333734055,15.314558190097928,0.10485173010229763,0.18709787275734896,0.9692379594842246,0.0,0.0,0.0,0.0,False,377.11803558638184,2.83285372468629,1440,2023-09-06,0.2985,-0.031607739383103885,0.321
2,0,60,206.7726035347177,2016.9234123572287,1916.077241739375,1940.5458196274674,0.9873908785659131,24.46857788809222,0.1079145448995646,0.23296441892884912,0.9683462852198703,0.0,0.0,0.0,0.0,False,433.9963058147274,2.8723658758503072,1440,2023-06-29,0.2970075,0.003041200580968337,2.025
3,0,60,229.70248810482772,2267.71956980405,2154.3335913138494,2174.0394456362487,0.9909358340475592,19.70585432239936,0.10662345378216963,0.2528567954300348,0.9736605341398334,0.0,0.0,0.0,0.0,False,257.06796818971634,2.615781956018255,1440,2023-06-17,0.29552246249999997,-0.0717942699715167,2.516
4,0,60,207.68614374667084,2193.8868298008065,2084.192488310752,2099.5538083798997,0.9926835311351221,15.361320069147414,0.09964825461730813,0.21264279571005212,1.0004518059483183,0.0,0.0,0.0,0.0,False,400.72504627412525,1.4061466156614313,1440,2023-04-25,0.2940448501875,-0.17806871448761497,2.464
5,0,60,201.79830060686712,2023.5933544962397,1922.4136867714346,1948.734733939736,0.9864932631877051,26.321047168301597,0.10497131912630828,0.2167573639930729,0.9995347717487862,0.0,0.0,0.0,0.0,False,537.7407158071229,1.4401022750777315,1440,2023-03-27,0.29257462593656247,-0.1752496105020343,2.421
6,0,60,300.3091579751912,2313.3361532012254,2197.669345541149,2224.182466547462,0.9880796106411771,26.51312100631237,0.1366489270028216,0.26670942658377955,1.0094470560359199,0.0,0.0,0.0,0.0,False,489.76234142702805,0.9725482722039452,1440,2023-04-05,0.2911117528068797,-0.18288424573586914,2.308
7,0,60,217.86541337815072,2132.3666591880874,2025.7483262286592,2043.360755662356,0.9913806559194743,17.61242943369667,0.10754811471756283,0.2106572718834414,0.9623605248515167,0.0,0.0,0.0,0.0,False,368.14603401011163,3.121359131258656,1440,2023-06-22,0.28965619404284526,-0.3022219629516806,2.341
8,0,60,52.29355501983552,2290.239274017855,2175.727310316949,2184.695607576476,0.9958949442529087,8.968297259527391,0.024034976613046998,0.15960700286388882,1.0098549904168816,0.0,0.0,0.0,0.0,False,527.4636490744763,0.9605380331774594,1440,2023-04-10,0.28820791307263105,-0.2749102599777579,2.273
9,0,60,284.43409345881753,2094.950487948151,1990.2029635507429,1997.5175868352887,0.9963381432370092,7.314623284546011,0.14291712888988747,0.15109048384920692,1.006728762644121,0.0,0.0,0.0,0.0,False,346.7859137195216,1.1014176686934987,1440,2023-01-27,0.28676687350726787,-0.13873065589879854,2.429
10,0,60,236.56478017531538,2345.14075036191,2227.8837128438086,2243.798295539151,0.9929073024402498,15.91458269534175,0.10618363014708225,0.17006956158189632,1.0027811868330028,0.0,0.0,0.0,0.0,False,330.36814610755505,1.2741189157033015,1440,2023-12-02,0.28533303913973157,-0.008605154995791193,2.423
11,0,60,220.94867243791293,2217.9030128604786,2107.0078622174524,2114.4716346695895,0.9964701477523942,7.463772452137398,0.10486371522381632,0.17006179130674975,0.9581153529523985,0.0,0.0,0.0,0.0,False,461.5174713457959,3.31185002582012,1440,2023-06-26,0.2839063739440329,0.055237796635603215,2.481
12,0,60,213.89873952556462,2181.06893462976,2072.015487898278,2084.8852512924377,0.9938271118824493,12.869763394159527,0.1032322107507652,0.2103646251529948,0.9763409440607232,0.0,0.0,0.0,0.0,False,413.2181398868561,2.4839041830581703,1440,2023-09-08,0.2824868420743127,0.10782616298070369,2.41
13,0,60,154.52801339953797,2067.2150036993357,1963.8542535143629,1973.6321747827199,0.995045722605615,9.777921268357002,0.07868609043823212,0.14391486980584217,0.9731323707351127,0.0,0.0,0.0,0.0,False,416.53335652069063,2.637907475535,1440,2023-06-09,0.28107440786394117,0.06071239033739522,2.287
14,0,60,256.2618804936333,2264.5841372423406,2151.3549303802224,2157.018784139889,0.9973742214016348,5.663853759666107,0.11911650508005323,0.1593340793482077,0.9569955894481456,0.0,0.0,0.0,0.0,False,433.6349863280759,3.357774325528366,1440,2023-08-23,0.27966903582462144,0.17201509049619212,2.318
15,0,60,247.99666977799524,1953.7113580547452,1856.0257901520029,1861.5702966041813,0.9970215970558337,5.544506452178482,0.13361703867147506,0.15243811485237957,1.0078752299788323,0.0,0.0,0.0,0.0,False,506.626483826218,1.1081691331289931,1440,2023-01-28,0.27827069064549836,0.2291682856626151,2.273
16,0,60,181.67915122005644,2272.6627064008107,2159.029571080771,2175.129002283076,0.9925984016647259,16.099431202304476,0.08414852378752329,0.17058507238057358,0.9611183544547213,0.0,0.0,0.0,0.0,False,380.2924876059283,3.166478229080965,1440,2023-05-16,0.2768793371922708,0.2924400579439564,2.359
17,0,60,231.57314947887014,2208.7058387134825,2098.270546777808,2105.899289765339,0.9963774416827021,7.6287429875317105,0.11036381835244438,0.15905442068235973,1.00526414667239,0.0,0.0,0.0,0.0,False,404.96167475669205,1.1866188926122456,1440,2023-04-15,0.27549494050630946,0.304604915587974,2.287
18,0,60,229.0492106980934,1841.822294174127,1749.7311794654204,1753.8535608597717,0.9976495293071501,4.122381394351512,0.13090537185722023,0.15223342266769818,0.9961905172690518,0.0,0.0,0.0,0.0,False,441.6950163865929,1.5752129011778704,1440,2023-01-02,0.27411746580377794,0.3417515144051405,2.309
19,1,60,279.7864477169895,2129.3736144632353,2022.904933740081,2035.4647949131424,0.9938294873954834,12.559861173061545,0.13830924184840548,0.14212084234261532,1.007785085397743,0.0,0.0,0.0,0.0,False,440.27107826118174,1.032770270656317,1440,2023-01-21,0.27274687847475904,0.3888633179577442,2.406
20,1,120,250.82448073487132,4176.936160657078,3968.0893526242016,3994.747774576146,0.9933266320037507,26.65842195194366,0.06321039131061766,0.19556921421971107,1.0069926180760362,0.0,0.0,0.0,0.0,False,893.0364098481886,1.316273303497327,1440,2023-12-18,0.27138314408238523,0.4516943953978787,2.393
21,1,120,384.9620837797122,4238.194079055439,4026.284375102675,4054.583305643858,0.9930205082969212,28.29893054118373,0.09561224392400133,0.17231598002974705,1.002611690930742,0.0,0.0,0.0,0.0,False,810.9514330938225,1.4867155205657032,1440,2023-01-15,0.2700262283619733,0.3845943785093901,2.369
22,1,120,473.3065054465853,4273.781396882262,4060.092327038139,4091.6824692853384,0.992279424788132,31.59014224719905,0.11657530600834023,0.18027227629780834,0.9852918532855155,0.0,0.0,0.0,0.0,False,847.3804472256165,2.0833762017661326,1440,2023-06-20,0.26867609722016345,0.3834556812150327,2.368
23,1,120,140.06921205316226,4310.773803398981,4095.235113229035,4139.232567592127,0.9893706251957023,43.99745436309284,0.03420297203466779,0.19703615575235728,0.9607071396503825,0.0,0.0,0.0,0.0,False,797.4242351560688,3.2020474214473635,1440,2023-07-14,0.2673327167340626,0.36602725777492157,2.4
24,1,120,370.2985300446839,4213.159870449656,4002.5018769271865,4028.348269522436,0.9935838733729162,25.846392595249753,0.09251676612053726,0.2105789492586826,1.0103494331734157,0.0,0.0,0.0,0.0,False,835.8612330145045,1.159072212566409,1440,2023-01-31,0.2659960531503923,0.3153521764352071,2.582
25,1,120,-19.856786259128143,3906.789864558886,3711.450371330936,3725.1072471380985,0.9963338301688751,13.656875807162537,-0.005350141931712654,0.1566626578374368,1.007242406153669,0.0,0.0,0.0,0.0,False,996.5418811230713,1.3913284033940654,1440,2023-12-24,0.26466607288464034,0.2444890181865857,2.473
26,1,120,258.5148432865871,4046.9490954878497,3844.601640713455,3893.453470443246,0.9874528281638282,48.85182972979064,0.06724099593283576,0.2253662381264153,0.9949889162922649,0.0,0.0,0.0,0.0,False,949.5137509599066,1.6428897696944886,1440,2023-04-01,0.26334274252021717,0.3085811998225575,2.401
27,1,120,38.2920684041431,3950.682206362799,3753.148096044657,3806.083475423784,0.9860919026813428,52.93537937912771,0.01020265319252872,0.20453505098304534,0.9662218409446359,0.0,0.0,0.0,0.0,False,609.6942812354384,2.987803440048352,1440,2023-07-15,0.26202602880761605,0.20743875658926147,2.516
28,1,120,387.27027760479774,4168.502828916158,3960.0776874703533,3983.1313489245213,0.9942121764424383,23.053661454167905,0.09779360612801033,0.22230784478429083,0.9811816210140785,0.0,0.0,0.0,0.0,False,926.6941379384954,2.2572239209539107,1440,2023-05-09,0.260715898663578,0.1721266611688863,2.409
29,1,120,397.2416062514893,4437.142062414884,4215.284959294148,4238.339020226537,0.9945605906411996,23.054060932388968,0.09423837536193701,0.20007499445333463,0.9941362926793573,0.0,0.0,0.0,0.0,False,945.7907467227456,1.6636583760270218,1440,2023-03-26,0.2594123191702601,0.10366144623063152,2.339
30,1,120,425.4425454363356,4579.395893913995,4350.426099218279,4378.368047816644,0.9936181818674885,27.941948598365155,0.09779330477830267,0.17955400560967077,1.0009786287293336,0.0,0.0,0.0,0.0,False,1107.236589598007,1.705982803014792,1440,2023-11-15,0.2581152575744088,0.0977977952854646,2.463
31,1,120,396.4169060307484,4115.080941085538,3909.326894031271,3932.930659713862,0.993998428214265,23.60376568259133,0.10140285444944361,0.19086854082434612,0.9559286182134076,0.0,0.0,0.0,0.0,False,886.6342951159435,3.4482794558012553,1440,2023-08-27,0.25682468128653674,0.139275349704908,2.473
32,1,120,536.445832764988,4083.86024952384,3879.66723704765,3885.9863565679925,0.9983738698645552,6.319119520343156,0.13827109388206518,0.14035366682003686,1.0078893938452003,0.0,0.0,0.0,0.0,False,1069.674505822678,1.4601575923356762,1440,2023-01-21,0.25554055788010405,0.14802198872695968,2.396
33,1,120,488.58608753751565,4219.525899648076,4008.549604665659,4017.0472396472737,0.9978846066589048,8.497634981614787,0.12188600260025151,0.15801268601423188,0.9701787063045945,0.0,0.0,0.0,0.0,False,994.0799894284808,2.7721506239414784,1440,2023-09-25,0.25426285509070357,0.2691343394130795,2.4
34,1,120,52.11175194060317,4206.726892173834,3996.39054756513,4015.9343632337127,0.9951334324964302,19.54381566858292,0.013039704533470373,0.17896989224671128,0.9989437937353418,0.0,0.0,0.0,0.0,False,900.4611191214012,1.5657097128476394,1440,2023-12-30,0.25299154081525005,0.3292737434340348,2.35
35,1,120,362.08997273806926,3854.187123793663,3661.477767603975,3711.9369009252346,0.9864062524045917,50.459133321260126,0.09889175784208473,0.21711709061294204,0.9559968442047081,0.0,0.0,0.0,0.0,False,497.06236846389754,3.550001305572666,1440,2023-09-02,0.25172658311117374,0.3323309183270088,2.41
36,1,120,431.54887214420125,4515.053409525154,4289.300739048852,4320.1074752299355,0.9928689884782452,30.80673618108248,0.10061054199708477,0.2091828494931546,0.9938258986393501,0.0,0.0,0.0,0.0,False,802.2833063551702,1.684095207567315,1440,2023-09-29,0.2504679501956179,0.24999696730503312,2.62
37,1,120,501.9793647920329,4186.367360578492,3977.0489925495635,3992.118512626868,0.9962251821859396,15.069520077304439,0.126219054814869,0.194508254488815,0.970296656796552,0.0,0.0,0.0,0.0,False,952.1457207811568,2.7789597117232754,1440,2023-06-21,0.24921561044463983,0.20112599447632729,2.624
38,1,120,377.824965687149,4096.100853496239,3891.2958108214243,3909.0087630950934,0.9954686844294398,17.71295227366926,0.09709489693290445,0.19533468183530686,0.9940906774855047,0.0,0.0,0.0,0.0,False,784.3244659701691,1.6900615768340712,1440,2023-09-29,0.2479695323924166,0.19458791249846896,2.508
39,2,120,481.3593765605891,4388.0130802683,4168.612426254912,4180.5850010094455,0.997136148469259,11.972574754534103,0.1154723268416304,0.20770607166018568,0.9982338242935436,0.0,0.0,0.0,0.0,False,945.0028859156797,1.9011390703781637,1440,2023-02-10,0.24672968473045453,0.18777257266213487,2.426
40,2,180,413.98628711188314,6685.382721051705,6351.1135849991315,6375.608370296557,0.9961580473776361,24.494785297425356,0.0651832598443348,0.1668713319297046,0.9643297876542503,0.0,0.0,0.0,0.0,False,924.3215110835771,3.2796533374447323,1440,2023-06-10,0.24549603630680228,0.15471793959532495,2.295
41,2,180,564.5966032979356,6143.262538211893,5836.099411301302,5881.574215596234,0.9922682597161919,45.47480429493329,0.09674211549663184,0.20228369735231713,0.9996012719466651,0.0,0.0,0.0,0.0,False,960.357536329235,1.7317471371795625,1440,2023-04-30,0.24426855612526827,0.21976709395245014,2.39
42,2,180,622.9649078464711,6334.984855834592,6018.235613042866,6040.359214498577,0.9963373699030005,22.123601455710716,0.10351288116676031,0.16695659684421363,1.006198436218796,0.0,0.0,0.0,0.0,False,1255.26058702489,1.6958719294473812,1440,2023-01-05,0.2430472133446419,0.19378502864078687,2.366
43,2,180,618.809456270989,6157.850436958966,5849.957915111016,5870.88375635951,0.9964356573700124,20.925841248495985,0.10578015521659453,0.15209348415900906,1.0055818955108333,0.0,0.0,0.0,0.0,False,1227.5178201817766,1.7153321550597287,1440,2023-12-06,0.2418319772779187,0.2523711676670733,2.37
44,2,180,616.7790479116915,6291.319310301618,5976.75334478655,6003.65673435855,0.9955188328110043,26.90338957200039,0.10319633626000317,0.17855120554455786,0.9518929646517329,0.0,0.0,0.0,0.0,False,946.4794418364659,3.6186108544720645,1440,2023-08-26,0.2406228173915291,0.334334252587602,2.375
45,2,180,483.0397722289322,6314.194816697619,5998.485075862742,6015.1978259981115,0.997221579303155,16.712750135369966,0.08052696074424395,0.17480180514840574,1.005827533587001,0.0,0.0,0.0,0.0,False,1568.3355197466765,1.9946273408961783,1440,2023-11-27,0.23941970330457144,0.3427701731985897,2.334
46,2,180,368.13110270361886,6562.330892355866,6234.214347738061,6271.771129977353,0.9940117741127733,37.55678223929198,0.05905011957716638,0.20068540470782428,0.9630579514493635,0.0,0.0,0.0,0.0,False,807.2818943726494,3.3270750523989783,1440,2023-08-07,0.23822260478804858,0.35902750030149433,2.492
47,2,180,383.9832856585442,6594.2005549002015,6264.490527155207,6313.219438983284,0.99228144811074,48.72891182807621,0.06129521371196269,0.21168718247185317,0.9693609780401673,0.0,0.0,0.0,0.0,False,809.3601391495083,3.0750950803141546,1440,2023-05-27,0.23703149176410834,0.315055172717706,2.402
48,2,180,61.39052666171308,6799.329364808403,6459.362896567985,6518.047175655214,0.9909966470776073,58.68427908722882,0.009504114824440557,0.202144181202342,0.9635453274382355,0.0,0.0,0.0,0.0,False,898.1233728530117,3.216424770077751,1440,2023-07-15,0.2358463343052878,0.25508904044621905,2.36
49,2,180,604.9346456077584,6482.1373034302605,6158.030438258739,6187.479218882232,0.9952405851265529,29.448780623493747,0.09823508533660501,0.19946216046892679,0.9622556162484112,0.0,0.0,0.0,0.0,False,1074.4229521598957,3.1237408604114503,1440,2023-06-13,0.23466710263376137,0.228003528361837,2.571
50,2,180,594.0589387157893,6741.898597437062,6404.803667565204,6452.585848391958,0.9925948787122821,47.782180826753795,0.09275209195313582,0.17773605048396213,0.9664061829479628,0.0,0.0,0.0,0.0,False,1239.75808781396,3.0850968054435364,1440,2023-07-24,0.23349376712059255,0.21226245628439844,2.427
51,2,180,604.0903722197703,6211.970689249012,5901.372154786575,5985.534447911128,0.9859390512481431,84.16229312455451,0.10236439193718624,0.2376112968009917,0.9839490999233576,0.0,0.0,0.0,0.0,False,1034.8531971281627,2.368980056230275,1440,2023-09-12,0.2323262982849896,0.24858023806517182,2.42
52,2,180,546.8002102521419,6726.966987328515,6390.6186379621195,6452.248690158443,0.990448283202362,61.63005219632361,0.0855629542661161,0.2601140354918844,1.0039295394838619,0.0,0.0,0.0,0.0,False,1160.14765589022,1.5492169788159944,1440,2023-02-17,0.23116466679356462,0.14402835675227585,2.563
53,2,180,680.0548144352024,6523.055037559963,6196.902285681969,6254.159645398613,0.9908449155501219,57.25735971664406,0.10974109048104223,0.20813307672488576,0.9688703674955312,0.0,0.0,0.0,0.0,False,1326.8028058265127,2.8905878016149105,1440,2023-08-16,0.23000884345959682,0.007875124807400949,2.357
54,2,180,674.8263000906817,6657.910891115902,6325.015346560123,6367.8767163304565,0.9932691269508382,42.861369770332644,0.10669164628314899,0.20254531561020642,0.9986917210564569,0.0,0.0,0.0,0.0,False,1574.6621685567634,2.0433448834220664,1440,2023-04-25,0.22885879924229882,0.012903994702653687,2.313
55,2,180,587.1535106972137,6160.386664207122,5852.367330996768,5938.1741214654285,0.985549970628432,85.80679046866075,0.10032752175130649,0.2820226201250491,0.9872675728264687,0.0,0.0,0.0,0.0,False,825.3103950541346,2.0545745001041062,1440,2023-09-28,0.22771450524608736,0.029092899290640115,2.436
56,2,180,529.0571244497125,6629.848060770883,6298.355657732358,6337.3561869155055,0.9938459306952526,39.000529183147435,0.08399924570791747,0.22445172949316736,0.966103447435404,0.0,0.0,0.0,0.0,False,1176.7112560198725,3.0101845614463203,1440,2023-05-30,0.2265759327198569,-0.13690717797787705,2.387
57,2,180,268.8393423597676,6189.205053482826,5879.744800808693,5928.305186063717,0.9918087237868287,48.560385255022936,0.045722961024225364,0.19918203350610397,0.9589500124754985,0.0,0.0,0.0,0.0,False,1385.5505412633881,3.652749456003389,1440,2023-05-28,0.22544305305625761,-0.1442738668772094,2.399
58,2,180,690.4247495213493,6600.95143097546,6270.903859426701,6309.600870773091,0.9938669636734648,38.697011346389104,0.11009971847734074,0.20176737156182117,0.9764332726528675,0.0,0.0,0.0,0.0,False,1125.5721155082924,2.5307636269386347,1440,2023-05-10,0.22431583779097633,-0.09453298850044098,2.444
59,3,180,427.34702142442217,6581.898852033482,6252.8039094317755,6312.931560388934,0.9904754787245859,60.12765095715874,0.06834486217931907,0.23458255245066864,1.0048297615139348,0.0,0.0,0.0,0.0,False,1134.5507348054784,1.5767954160826805,1440,2023-12-17,0.22319425860202144,-0.06051639809969517,2.379
60,3,240,659.9812877696079,8195.096484069305,7785.341659865852,7838.629755030464,0.9932018609336135,53.28809516461281,0.0847722960151989,0.21072889086171695,0.9779316768043537,0.0,0.0,0.0,0.0,False,1548.051520683463,2.803833265689588,1440,2023-10-04,0.22207828730901136,-0.10722565135709637,2.426
61,3,240,793.4305269921106,8529.881480795584,8103.387406755786,8177.046126962284,0.9909920136119055,73.65872020649722,0.09791343880839615,0.20662406422626486,0.9573344839572925,0.0,0.0,0.0,0.0,False,1729.4154410005183,3.8864293885543266,1440,2023-09-02,0.2209678958724663,-0.09265144301040945,2.517
62,3,240,881.0451185248165,8534.272454208169,8107.558831497724,8174.770439522094,0.9917781656963202,67.21160802436988,0.10866959301016375,0.19561580387940156,0.9711539748041688,0.0,0.0,0.0,0.0,False,1016.5464796269748,2.8219868853928927,1440,2023-06-17,0.21986305639310397,-0.07229266094637857,2.494
63,3,240,896.9854737365855,8499.411143194955,8074.440586035166,8093.341210843342,0.9976646697185023,18.900624808176126,0.11108948838981263,0.17384642153512678,0.9856893001325047,0.0,0.0,0.0,0.0,False,1864.2399308866816,2.931156578844357,1440,2023-02-10,0.21876374111113842,-0.03156825272602465,2.363
64,3,240,460.39495006846164,8423.629581234984,8002.448102173217,8061.7488006945605,0.9926441892463538,59.30069852134372,0.05753176330421095,0.19509775094108237,0.9569175808412717,0.0,0.0,0.0,0.0,False,1149.6857570283041,3.9362537843857286,1440,2023-08-07,0.21766992240558275,0.05021159393090664,2.531
65,3,240,888.517665218544,8518.827324027885,8092.885957826503,8164.794117943289,0.9911928997745628,71.90816011678533,0.10978996489617805,0.21459911738445414,0.999964185859494,0.0,0.0,0.0,0.0,False,1372.77021756059,1.981397475659081,1440,2023-11-20,0.2165815727935548,0.06912765901629528,2.512
66,3,240,1109.2753120374584,8552.476802730462,8124.852962593985,8177.763929354296,0.9935298979993313,52.91096676031147,0.1365286629978969,0.21928073811830157,1.002454640251944,0.0,0.0,0.0,0.0,False,1561.5988215062007,2.016701576002389,1440,2023-02-23,0.21549866492958705,0.040627549039965564,2.552
67,3,240,550.4189752093529,8584.762485868332,8155.524361574913,8234.379453910748,0.9904236751807225,78.85509233583451,0.06749032322221664,0.21680051393609823,0.9980025172645948,0.0,0.0,0.0,0.0,False,1815.5462947091714,2.476951015046047,1440,2023-12-15,0.21442117160493912,0.006563858538522385,2.484
68,3,240,684.0903572201812,8574.037019669822,8145.335168686339,8223.0829838491,0.9905451744418163,77.74781516276218,0.08398553810898732,0.19734972465088804,0.9693040345799985,0.0,0.0,0.0,0.0,False,1364.1535875543782,2.9902983327017534,1440,2023-05-13,0.21334906574691442,-0.016070626358589732,2.503
69,3,240,809.5654249298045,8050.845492602204,7648.303217972122,7745.412907547794,0.987462296621909,97.1096895756726,0.10584902322223222,0.24903433720635032,0.9744807680298767,0.0,0.0,0.0,0.0,False,851.4433236910527,2.6767444117064043,1440,2023-06-17,0.21228232041817982,0.008746035918638581,2.379
70,3,240,1121.6274641384996,8189.294610451061,7779.829879928506,7882.191615629321,0.9870135438603338,102.36173570081488,0.14417120701215216,0.24424611403598837,0.9953740913452012,0.0,0.0,0.0,0.0,False,1631.540352319876,2.100612619211754,1440,2023-03-05,0.21122090881608893,-0.0875584987419133,2.49
71,3,240,1191.194034233481,8956.972967659925,8509.124319276887,8569.915120202,0.9929064873954457,60.79080092511398,0.13999020222737912,0.2223172085337331,1.0057588254538736,0.0,0.0,0.0,0.0,False,1525.4528910443908,1.8971259951764847,1440,2023-02-26,0.21016480427200848,-0.1562803411973579,2.41
72,3,240,249.37792708339146,8658.783843906913,8225.844651711617,8349.45800107265,0.9851950450741651,123.61334936103209,0.030316391524790272,0.26039400603408647,0.9601569465679753,0.0,0.0,0.0,0.0,False,1169.8135104537328,3.245311802857796,1440,2023-08-02,0.20911398025064845,-0.16413008348343866,2.503
73,3,240,227.3473655240531,8686.279194981247,8251.965235232183,8319.314173101924,0.9919045084163916,67.34893786974321,0.027550693567319214,0.19891983085537088,0.9711215400004697,0.0,0.0,0.0,0.0,False,1589.8031162424375,3.1654610185553937,1440,2023-09-19,0.20806841034939522,-0.257198532114785,2.543
74,3,240,1009.0176127217137,8374.167235996556,7955.458874196707,8014.462446954931,0.9926378627202076,59.00357275822424,0.12683336419404193,0.22608792151822682,1.0036941382757234,0.0,0.0,0.0,0.0,False,1447.564798068513,1.935087459165565,1440,2023-03-07,0.20702806829764822,-0.19635609716945635,2.427
75,3,240,625.8814003605994,8362.240025806754,7944.128024516431,7977.424305272152,0.995826186563285,33.29628075572108,0.07878541212189208,0.1657962521742916,0.9639507437327615,0.0,0.0,0.0,0.0,False,1777.0576294183015,3.22980259953157,1440,2023-05-31,0.20599292795615998,-0.20875634474738783,2.331
76,3,240,837.0739523403573,8543.652873116402,8116.470229460591,8161.571022770112,0.9944740059011073,45.10079330951999,0.10313275705761912,0.18678799576022984,0.9611390198048405,0.0,0.0,0.0,0.0,False,1795.2022380713593,3.2786905209351893,1440,2023-07-06,0.20496296331637917,-0.08432468286179007,2.473
77,3,240,916.1448490792023,8431.763560582624,8010.175382553483,8043.960732789035,0.9957999110938178,33.785350235551014,0.11437263297313145,0.17866071100444358,0.9933588489167208,0.0,0.0,0.0,0.0,False,1868.620708342672,2.4588631802174947,1440,2023-10-26,0.2039381484997973,-0.030300589030387494,2.384
78,3,240,1159.0396692100453,8715.332670544176,8279.56603701696,8344.326164715469,0.9922390224902341,64.76012769850841,0.1399879732860534,0.20291034203256583,0.9936149420345609,0.0,0.0,0.0,0.0,False,1474.7060385757036,2.0758854601287653,1440,2023-03-05,0.2029184577572983,0.031865676947242134,2.468
79,4,240,668.9221013869286,8573.271667402869,8144.6080840327,8243.13288334248,0.9880476512141548,98.52479930977843,0.08213066785844902,0.22337600603171012,0.9643784905505101,0.0,0.0,0.0,0.0,False,1693.6234811746342,3.2193415235848404,1440,2023-05-25,0.20190386546851183,0.028103984365848614,2.466
80,4,300,1070.5816248684284,10836.690755296071,10294.856217531345,10361.903752225247,0.9935294192749567,67.04753469390096,0.10399189675377016,0.20699181163209013,1.001220364203611,0.0,0.0,0.0,0.0,False,1986.954075343722,2.4214532827414508,1440,2023-12-05,0.20089434614116924,-0.021098630798969148,2.464
81,4,300,39.98147709947546,10617.668737707952,10086.785300822517,10206.613092528029,0.9882597889604307,119.82779170550964,0.003963748201938551,0.2568114674302955,1.0038329086691873,0.0,0.0,0.0,0.0,False,1700.9014424312904,2.1495347941154033,1440,2023-12-23,0.19988987441046338,-0.024765085833263888,2.492
82,4,300,1432.9896901523075,11080.744146641075,10526.706939308999,10633.201392600895,0.9899847233810506,106.49445329189767,0.13612896211646344,0.2324950524876588,0.9997173951068762,0.0,0.0,0.0,0.0,False,1891.6687005875633,2.3466394456204003,1440,2023-02-23,0.19889042503841106,-0.14014206598826623,2.439
83,4,300,705.1757792692765,11298.751685859597,10733.814101566632,10765.427951576126,0.9970633912416955,31.613850009493284,0.06569666407454867,0.18084471707064623,0.9897815797130145,0.0,0.0,0.0,0.0,False,2434.718275647071,3.1391030086417047,1440,2023-04-01,0.19789597291321903,-0.18057228986285034,2.437
84,4,300,1043.53463146359,10821.404413348377,10280.33419268093,10328.211529611535,0.9953644116608825,47.87733693060525,0.10150785100026544,0.19351319341917397,0.9919801968032901,0.0,0.0,0.0,0.0,False,1853.9167523384094,2.6387219967051627,1440,2023-09-29,0.19690649304865293,-0.0983279668986223,2.494
85,4,300,1219.042184549245,10553.994361705325,10026.294643620084,10088.806702108628,0.9938038203789276,62.512058488545776,0.12158451630233548,0.1783309819542745,0.9818508290161457,0.0,0.0,0.0,0.0,False,2044.0607153773308,3.335903034144754,1440,2023-10-11,0.19592196058340966,-0.06007881616495959,2.522
86,4,300,806.13705306026,10394.75854620944,9875.020618898994,9968.375915202305,0.9906348539523937,93.35529630330949,0.08163396150459273,0.20257027499182256,0.9900070544094348,0.0,0.0,0.0,0.0,False,1190.5700511736889,1.976164793406936,1440,2023-04-29,0.1949423507804926,0.005004820547035722,2.504
87,4,300,785.2889744843551,11158.590452350289,10600.66092973277,10620.152656126284,0.9981646472489951,19.49172639351048,0.07407924653846572,0.14247062754022963,0.996291954972265,0.0,0.0,0.0,0.0,False,2066.82496005527,2.6274040869105546,1440,2023-11-19,0.19396763902659017,0.0036167714844350905,2.336
88,4,300,669.7695790807584,10326.092981281034,9809.788332216967,9870.517673547012,0.9938474005783101,60.72934133004578,0.06827564024813097,0.1687493960788404,0.9734551522804404,0.0,0.0,0.0,0.0,False,1591.7506021719978,2.7408593463710798,1440,2023-05-19,0.1929978008314572,0.13760202525084755,2.54
89,4,300,657.8318065557145,10820.028762580947,10279.027324451896,10368.512141148367,0.9913695605041207,89.48481669647126,0.06399747619999559,0.20371669200788017,0.9549986379874059,0.0,0.0,0.0,0.0,False,1235.8320506212401,3.7295419559201433,1440,2023-06-03,0.19203281182729992,0.18853946767509183,2.399
90,4,300,219.02226031483585,10419.583893592406,9898.604698912754,9949.711076041327,0.9948635315399623,51.106377128572035,0.022126579146947135,0.18389580785192391,0.967855287467493,0.0,0.0,0.0,0.0,False,2046.3661754727366,3.1811653462767575,1440,2023-09-18,0.19107264776816343,0.15217553597020572,2.473
91,4,300,849.7398772286361,10534.757876877016,10008.019983033162,10039.220270802589,0.9968921602546995,31.200287769427796,0.08490589334046302,0.16251862647536242,0.9651781932443498,0.0,0.0,0.0,0.0,False,1432.9960222797242,3.794849422701791,1440,2023-05-13,0.19011728452932258,0.16749554535680442,2.474
92,4,300,1045.02282804561,11020.344811383973,10469.32757081476,10498.246528915959,0.9972453534957912,28.918958101201294,0.09981756908235537,0.16893486945576236,0.995300329888604,0.0,0.0,0.0,0.0,False,1791.4607109271653,2.5002667075065705,1440,2023-12-03,0.189166698106676,0.22865542057075056,2.362
93,4,300,1068.7674419713267,11006.820585857875,10456.479556564944,10495.239508235885,0.9963069016537902,38.75995167093906,0.10221102008470118,0.16669277281262201,0.9948895900932195,0.0,0.0,0.0,0.0,False,2261.563853159828,2.9493282061777504,1440,2023-02-24,0.1882208646161426,0.26502084271223947,2.319
94,4,300,1321.3869571554862,10860.386695048093,10317.367360295724,10370.10998207517,0.9949139766241041,52.74262177944411,0.12807404360152702,0.1895997899791765,0.9717844806750596,0.0,0.0,0.0,0.0,False,2007.7376402071136,3.150764100873352,1440,2023-06-15,0.1872797602930619,0.30071115439970825,2.362
95,4,300,963.1861479615734,10052.490594687324,9549.86606495295,9597.20701331208,0.9950672160876113,47.34094835912766,0.10085860277102418,0.17807797776950163,0.9510571480020668,0.0,0.2777777777777778,15.595252848518998,0.0,False,1326.4448212197121,4.42027436932228,1448,2023-08-19,0.18634336149159655,0.2793879764843046,2.403
96,4,300,819.9714133702381,10303.712996849858,9788.527347007344,9810.469374052853,0.997763407008482,21.942027045506666,0.08376861853697827,0.16092236518452255,0.9595201266536605,0.0,0.0,0.0,0.0,False,2031.7953238177085,3.5093887255685847,1440,2023-06-01,0.1854116446841386,0.2887735221247913,2.414
97,4,300,1053.0085502075656,10339.632244922872,9822.650632676807,9841.437002436993,0.9980910948517443,18.786369760187686,0.1072020770752595,0.1599105989227346,1.0010956348076188,0.0,0.0,0.0,0.0,False,1733.907686819592,2.2470045509921883,1440,2023-11-20,0.18448458646071791,0.33597818806490853,2.546
98,4,300,1035.7605205524371,10748.196046504323,10210.786244179115,10246.140840834421,0.9965494719226964,35.35459665530584,0.10143788105865945,0.16809600991955728,0.9764374913238885,0.0,0.0,0.0,0.0,False,2184.580770969391,3.6993689813137194,1440,2023-09-15,0.1835621635284143,0.377972276646799,2.562
99,5,300,1323.2843011080356,10805.599263242995,10265.319300080875,10309.694368712688,0.9956957920337115,44.37506863181111,0.12890824556208497,0.16408898064598684,0.9660677802352557,0.0,0.0,0.0,0.0,False,2087.819499589658,3.25239980773682,1440,2023-06-21,0.18264435271077226,0.3951548428233237,2.466
100,5,205,627.0074586342616,7111.118494493348,6755.562569768642,6781.357185716211,0.9961962457895743,25.794615947569234,0.09281350770698803,0.15364146954818647,0.9652409341687976,0.0,0.0,0.0,0.0,False,1625.0520112849792,3.235193261743621,1440,2023-06-12,0.18173113094721838,0.4195119111340991,2.49
101,5,212,731.5502631068268,7800.846266576812,7410.803953247971,7438.85792328036,0.9962287261940314,28.05397003238952,0.09871402181489454,0.18497530919264765,0.9812037180354347,0.0,0.0,0.0,0.0,False,1601.952332871695,2.2996719638323198,1440,2023-05-08,0.18082247529248227,0.46430001672047083,2.502
102,5,256,787.2493029991674,9033.909859767156,8582.214366778782,8623.21111062467,0.9952457682735639,40.99674384588812,0.09173032382488143,0.192183703930459,0.9908135604244607,0.0,0.0,0.0,0.0,False,1784.6092295182607,2.2893671292785496,1440,2023-03-29,0.1799183629160199,0.4319472885121213,2.425
103,5,292,875.1627318374613,10057.321416463852,9554.455345640663,9663.760907573274,0.9886891280757008,109.30556193261178,0.09159734387546904,0.21810900003270953,0.9581046482149422,0.0,0.0,0.0,0.0,False,1145.0669403826325,3.762036878575488,1440,2023-06-24,0.1790187711014398,0.39059745232573373,2.465
104,5,126,299.86821495157693,4406.577080635537,4186.248226603767,4216.5847152029155,0.9928054359990041,30.33648859914827,0.07163173293114895,0.21324907794557466,1.01047651476799,0.0,0.0,0.0,0.0,False,711.6437766301615,1.1591831419586265,1440,2023-11-09,0.1781236772459326,0.29957648195003705,2.477
105,5,146,143.88187844190946,4738.602723578289,4501.672587399374,4548.008637171184,0.9898117938050727,46.33604977181005,0.03196187098205433,0.19467119377790318,1.0061711635171229,0.0,0.0,0.0,0.0,False,802.668315307481,1.3842785235571953,1440,2023-01-14,0.17723305885970292,0.23678908034389765,2.408
106,5,268,280.82212955185247,9153.145623613362,8695.488342432716,8814.71882037619,0.9864737060395097,119.23047794347485,0.03229515335918299,0.2389636921885689,0.9725348035041506,0.0,0.0,0.0,0.0,False,1850.1129226958562,2.7569732379646306,1440,2023-10-14,0.1763468935654044,0.22769694453896824,2.462
107,5,291,689.2353179840959,10621.61372450577,10090.53303828048,10148.420867776316,0.9942958781223152,57.88782949583583,0.06830514457158429,0.201535891426352,0.9949862251708149,0.0,0.0,0.0,0.0,False,1752.3860362732537,2.41014155747797,1440,2023-12-15,0.17546515909757737,0.12103155478213172,2.461
108,5,165,305.39711203181145,5948.178910973202,5650.769965424561,5665.209646333436,0.997451165656646,14.43968090887488,0.05404522107614514,0.17459426580888332,0.9916665163924488,0.0,0.0,0.0,0.0,False,1270.1269920649643,2.261208669549243,1440,2023-01-01,0.1745878333020895,0.11796361008222203,2.358
109,5,176,617.4846711858678,6156.547607692717,5848.720227308109,5875.107057281073,0.9955087065281198,26.38682997296419,0.10557603153982062,0.1864619438328756,1.0020649505975558,0.0,0.0,0.0,0.0,False,1303.3168656433304,1.8528331428893454,1440,2023-11-21,0.17371489413557906,0.17605111739028123,2.543
110,5,277,889.9501697345329,10105.863665959005,9600.570482661034,9618.090255963203,0.9981784561346462,17.51977330216984,0.09269763409807927,0.16752826327802825,0.9865469238945551,0.0,0.0,0.0,0.0,False,1968.9000548287959,2.97392051986432,1440,2023-10-08,0.17284631966490113,0.1970891343923018,2.573
111,5,196,443.6025855264475,6885.855703674122,6541.56291849041,6601.716747425462,0.9908881536066341,60.15382893505117,0.06781293569348061,0.223845407356916,0.9748641156393902,0.0,0.0,0.0,0.0,False,819.5908790499714,2.6385856349370505,1440,2023-05-19,0.17198208806657664,0.257197232050681,2.469
112,5,169,549.2264625528974,6399.761965551408,6079.773867273876,6091.99246036659,0.9979943190717641,12.218593092714542,0.09033665964276502,0.15712659240752017,0.9692308558865285,0.0,0.0,0.0,0.0,False,1408.2288470102023,2.8399847444093016,1440,2023-07-05,0.17112217762624377,0.18019372283598556,2.376
113,5,269,927.9368838962456,9991.708689870078,9492.123255376591,9509.469582275104,0.9981758891231068,17.346326898510853,0.097758621430736,0.17021464208615653,0.9963170163381427,0.0,0.0,0.0,0.0,False,1639.3624026373616,2.353251306973487,1440,2023-12-03,0.17026656673811255,0.267515978732524,2.38
114,5,166,527.6788687539835,5839.501911810785,5547.526816220259,5562.001130451579,0.9973976427023586,14.474314231320745,0.09511966074884359,0.1566207508331374,0.9706369371035423,0.0,0.0,0.0,0.0,False,1578.9526587470443,2.8371396031512797,1440,2023-09-17,0.16941523390442195,0.31006934205244696,2.466
115,5,194,542.6514761085195,7015.512356866572,6664.736739023245,6700.28715139917,0.994694195700478,35.55041237592621,0.08142129199660604,0.1997500299172665,1.004870028461104,0.0,0.0,0.0,0.0,False,1255.2061645095223,1.6586087492618011,1440,2023-03-21,0.16856815773489983,0.3761875559233705,2.484
116,5,236,111.76895602317488,8335.486070823032,7918.71176728188,7983.4871559883295,0.991886328938619,64.77538870644995,0.014114537731373935,0.2128317291048474,0.9976219675274909,0.0,0.0,0.0,0.0,False,1173.6164760302847,1.7765509436664289,1440,2023-12-30,0.16772531694622533,0.33421021153916197,2.433
117,5,219,826.0182205186624,7726.733314748816,7340.3966490113835,7375.721975501566,0.9952105940804825,35.325326490181794,0.1125304612292187,0.21447181968999945,0.9925089190053855,0.0,0.0,0.0,0.0,False,1912.2993554842574,2.7797499107145924,1440,2023-01-16,0.16688669036149426,0.2712070113638748,2.494
118,5,135,496.8161976976002,4617.760944378957,4386.872897160008,4399.1905709938965,0.9972000135854296,12.317673833888671,0.11325064786336327,0.1785480570869086,0.9935938806100862,0.0,0.0,0.0,0.0,False,1256.8730987187084,2.367518283004699,1440,2023-03-10,0.16605225690968675,0.2164726609518106,2.464
119,5,124,63.62188880704327,4130.360566376724,3923.8425380578933,3934.784878321563,0.9972190753492126,10.942340263670072,0.016214179898904134,0.16360320785416715,1.0093582596170354,0.0,0.0,0.0,0.0,False,1092.0097642614817,1.4943257663481466,1440,2023-04-10,0.1652219956251383,0.2527900554946137,2.464
120,5,276,984.4503071086634,10104.550750312674,9599.323212797033,9625.26272929964,0.9973050588610276,25.93951650260881,0.10255413692043151,0.1381654512405763,0.9838443496036701,0.0,0.0,0.0,0.0,False,2334.518896005429,3.496056426715341,1440,2023-04-18,0.16439588564701263,0.316542479048179,2.447
121,5,256,648.0662315945884,8976.43843033887,8527.616508821913,8543.667261610066,0.9981213274936075,16.050752788150984,0.07599617442038543,0.17787146354546987,0.9758275280599983,0.0,0.0,0.0,0.0,False,1820.8101550990214,2.9320898919162475,1440,2023-06-04,0.16357390621877757,0.42659920987890226,2.546
122,5,271,120.23080153986366,9161.773862068572,8703.685168965076,8760.172813897978,0.9935517659145623,56.487644932901915,0.013813781083048973,0.1985648250752413,0.9975976654819034,0.0,0.0,0.0,0.0,False,1472.4351652268724,1.9762865153086864,1440,2023-12-30,0.16275603668768368,0.42839779429544156,2.428
123,5,217,250.14064630848333,8066.5044455263,7663.179223249968,7716.601383321983,0.9930769833222852,53.42216007201618,0.03264188909344055,0.17467202491139236,0.9632600325492825,0.0,0.0,0.0,0.0,False,863.5568528915851,3.142354850904718,1440,2023-07-22,0.16194225650424526,0.3843830252094138,2.398
124,5,267,619.6409642034074,9458.813518924302,8985.872842978039,9022.2921288049,0.9959634109263003,36.41928582686043,0.06895723710219452,0.17704813154243637,0.9978796136019746,0.0,0.0,0.0,0.0,False,1643.237988470703,2.18687676851755,1440,2023-12-15,0.16113254522172402,0.4030017690554896,2.39
125,5,179,684.4359533419146,6275.7708825407335,5961.982338413673,5988.628735744376,0.9955505010401364,26.646397330703156,0.11480006388680868,0.17736378923330914,0.9917065834408321,0.0,0.0,0.0,0.0,False,1259.7564596937395,2.0687566706931846,1440,2023-10-12,0.1603268824956154,0.4138169229669316,2.399
126,5,201,1032.712119395815,7000.061695903454,6650.058611108305,6659.264287057156,0.9986176136654099,9.205675948851903,0.155293686836198,0.1386873545894878,0.9980818315002984,0.0,0.0,0.0,0.0,False,1972.09452586149,2.5528603876308145,1440,2023-01-24,0.15952524808313734,0.42290640971449966,2.415
127,5,262,921.8816689285825,9144.24845722602,8687.036034364719,8726.635051510231,0.9954622810611681,39.59901714551235,0.1061215430995964,0.19763516245414117,1.003367363947523,0.0,0.0,0.0,0.0,False,1504.5517718969636,1.9304859937404921,1440,2023-11-28,0.15872762184272163,0.5183317875994867,2.432
128,5,142,534.8274335899007,5066.5752535232405,4813.246490847057,4854.367165671353,0.9915291379038881,41.12067482429519,0.11111573749795209,0.21355147190595272,0.9858315824051066,0.0,0.0,0.0,0.0,False,1026.1291649075197,2.0876728060599965,1440,2023-03-18,0.15793398373350803,0.46510515448253187,2.464
129,5,174,86.41519785503725,6603.578490699936,6273.399566164941,6320.157923771828,0.9926017105631149,46.7583576068873,0.013774859538855207,0.1845314195981728,0.9994395587119954,0.0,0.0,0.0,0.0,False,1064.293399506425,1.5677774630717058,1440,2023-12-30,0.15714431381484048,0.3868303935996849,2.402
130,5,142,489.9386176460708,4826.333625846369,4585.016944554031,4603.359157706322,0.9960154720663965,18.34221315229068,0.10685644645828575,0.19631987093617126,1.0030919365784654,0.0,0.0,0.0,0.0,False,1132.8466182947159,1.5007306438575427,1440,2023-02-18,0.1563585922457663,0.3888281289906146,2.436
131,5,202,707.4600090512617,6855.199891830665,6512.439897239145,6562.408047833795,0.9923856989339235,49.968150594649885,0.10863209798698938,0.22415762479538776,1.0038072239605076,0.0,0.0,0.0,0.0,False,1066.4977805045828,1.4802527107338643,1440,2023-04-15,0.15557679928453744,0.3646757308129531,2.554
132,5,296,1008.5211056051882,10214.600762202177,9703.870724092065,9792.40089792211,0.9909592984649116,88.53017383004516,0.10392977547622366,0.22189299779778449,0.9966823856994487,0.0,0.0,0.0,0.0,False,1862.9808535086147,2.331251803229856,1440,2023-04-25,0.1547989152881148,0.2829028725407782,2.51
133,5,144,434.5486851522786,5065.2305259258965,4811.968999629574,4863.111901135466,0.9894835030438122,51.14290150589243,0.09030579481823973,0.24889531729851608,0.9963604614376564,0.0,0.0,0.0,0.0,False,1240.061797752224,1.8618029626125268,1440,2023-04-12,0.1540249207116742,0.22137211542787633,2.492
134,5,189,477.2352039386873,7049.029479624152,6696.578005642932,6755.245226215038,0.9913153085332215,58.66722057210569,0.0712655334614994,0.210401175080776,1.0009215611860254,0.0,0.0,0.0,0.0,False,1387.324930651313,1.7360445792868253,1440,2023-12-26,0.15325479610811582,0.11029764097101948,2.619
135,5,192,625.9666824112002,6767.400556234323,6429.030528422603,6490.648297307663,0.9905066849931433,61.617768885060045,0.09736564162260782,0.22460965200629987,1.0031885709741948,0.0,0.0,0.0,0.0,False,1462.8081066285088,1.853096979741665,1440,2023-04-22,0.15248852212757524,0.10560511553052342,2.585
136,5,283,712.0212213103968,10252.860388766898,9740.217369328524,9776.142736502,0.9963252002203958,35.925367173475344,0.07310116338394226,0.18261006527383658,0.9625234952519582,0.0,0.0,0.0,0.0,False,1667.44418079947,3.307472258247475,1440,2023-06-30,0.15172607951693737,0.069361963341659,2.491
137,5,156,134.09171120928403,5775.613445382121,5486.832773113036,5513.834044797968,0.995102995217927,27.001271684930586,0.024438818669008773,0.18392909089359938,1.0095263841607107,0.0,0.0,0.0,0.0,False,1176.0592122656997,1.5316622188103415,1440,2023-01-10,0.15096744911935267,0.13363602913829492,2.573
138,5,210,450.2706374127803,7607.417636723867,7227.046754887646,7267.672840061648,0.9944100283449665,40.626085174002014,0.06230354565068541,0.18003309361260902,0.9558111091218838,0.0,0.0,0.0,0.0,False,1222.6255062821426,3.615375184855088,1440,2023-06-03,0.15021261187375592,0.1829569708674455,2.535
139,5,167,423.53667222380693,6224.4014527035415,5913.181380068357,5928.087041124507,0.997485586673619,14.905661056150548,0.07162585501798202,0.1680440839126799,0.9985274846555932,0.0,0.0,0.0,0.0,False,1304.5748660807278,1.9113960564967656,1440,2023-10-27,0.14946154881438714,0.23198326358831434,2.584
140,5,123,383.8007027875719,4201.146113852219,3991.0888081596286,4034.6414292996374,0.9892053304108442,43.55262114000837,0.0961644105746046,0.21034496648074846,0.9702903747688014,0.0,0.0,0.0,0.0,False,772.5952852331344,2.8083533647141112,1440,2023-08-04,0.1487142410703152,0.29917791490921947,2.7
141,5,255,860.4327878975449,8861.339420158518,8418.272449150609,8462.843977018423,0.9947332683919434,44.57152786781458,0.10221013789882286,0.19298968371191816,0.9991822571799605,0.0,0.0,0.0,0.0,False,1789.7750903660103,2.387240081159285,1440,2023-03-11,0.14797066986496363,0.2593544459921553,2.526
142,5,131,486.731650133187,4967.528189132235,4719.15177967558,4735.983218785785,0.9964460517842544,16.831439110203547,0.10313964730472126,0.18802306370693006,0.9847682265187965,0.0,0.0,0.0,0.0,False,1096.6688104888053,2.1215114039542886,1440,2023-05-03,0.1472308165156388,0.2660278087643347,2.55
143,5,170,164.71177179668408,6014.591327375436,5713.861761006665,5738.690503451968,0.9956734480748931,24.828742445302126,0.028826698769776546,0.16244385113248092,1.006685790764262,0.0,0.0,0.0,0.0,False,953.9171248780017,1.412604301929802,1440,2023-11-03,0.1464946624330606,0.2828919098077055,2.508
144,5,210,618.4093582977495,7595.75515521879,7215.9673974578745,7243.943593861146,0.9961379880943607,27.97619640327079,0.08570013197615194,0.19096817990448223,0.9989226316481923,0.0,0.0,0.0,0.0,False,1724.902882547086,2.388725332270774,1440,2023-01-15,0.1457621891208953,0.3545352657495663,2.419
145,5,207,795.3393220483619,7745.4700093873735,7358.196508918032,7405.9778752592365,0.993548270445038,47.78136634120468,0.10808889394084836,0.2082030270262844,0.9618411562021828,0.0,0.0,0.0,0.0,False,1386.6653276513298,3.1936912771163346,1440,2023-06-22,0.14503337817529083,0.3495480182094279,2.519
146,5,141,424.3489964331238,4818.341710956266,4577.424625408456,4612.137822950536,0.992473512528324,34.713197542079726,0.09270474800997033,0.21426274144474675,0.968663829997621,0.0,0.0,0.0,0.0,False,726.4597679792624,2.9251288549939085,1440,2023-05-24,0.14430821128441437,0.30723140515803815,2.471
147,5,297,484.03412914869506,10799.068203068973,10259.114792915589,10311.860849043991,0.9948849138966714,52.746056128403964,0.04718088635512139,0.17509143690552864,0.9960966035017647,0.0,0.0,0.0,0.0,False,1845.8199826820387,2.337427044063836,1440,2023-12-16,0.1435866702279923,0.2593336059240719,2.426
148,5,255,140.46802927155403,9016.181248224204,8565.372185813001,8611.954711703736,0.994590946254347,46.582525890736164,0.016399524296704125,0.1850054475654188,1.0003296403086206,0.0,0.0,0.0,0.0,False,1943.324424723297,2.415331674516239,1440,2023-12-21,0.14286873687685234,0.3084376646779023,2.476
149,5,294,952.8133582216358,9974.199557135438,9475.489579278623,9534.381430558014,0.9938232121602938,58.891851279390885,0.10055558082247126,0.19518567285384067,0.9887696527991893,0.0,0.0,0.0,0.0,False,1789.8561482739992,2.4082839664551177,1440,2023-05-05,0.14215439319246806,0.3266598158509373,2.546
150,5,136,616.4629647991345,4762.812037485436,4524.671435611162,4550.083885125507,0.9944149492282067,25.412449514344065,0.13624480220758103,0.18350284883473567,1.0091365184901138,0.0,0.0,0.0,0.0,False,967.0867020491894,1.408547075330782,1440,2023-02-23,0.14144362122650572,0.3190817575121452,2.517
151,5,251,991.8411186859528,8529.924586337605,8103.428357020715,8136.517903242259,0.9959332055044876,33.08954622154356,0.12239771550847775,0.1752831770247379,1.0013732240688433,0.0,0.0,0.0,0.0,False,1664.9388343730388,2.131037520210623,1440,2023-03-20,0.1407364031203732,0.3395463812414057,2.588
152,5,173,342.77611831619754,6153.350079684449,5845.682575700209,5853.894679604382,0.998597155508659,8.212103904172444,0.0586374839682668,0.15957564041571673,1.0033789593571032,0.0,0.0,0.0,0.0,False,1316.64257208665,1.921261850246152,1440,2023-12-17,0.14003272110477133,0.3752371993555723,2.62
153,5,217,275.2244459864306,7497.121231021285,7122.265169470231,7184.975290295435,0.9912720478092798,62.710120825206,0.03864282492123253,0.2144912290813765,1.002301707374507,0.0,0.0,0.0,0.0,False,1369.5904589196157,1.9003642215535854,1440,2023-01-12,0.13933255749924747,0.4403676523659663,2.736
154,5,287,689.4688721533182,10296.97806213773,9782.129159030832,9812.403957012051,0.9969146400704809,30.27479798121853,0.07048249526707615,0.15935685114297313,0.971524389770178,0.0,0.0,0.0,0.0,False,2050.1506899056308,3.355262598626352,1440,2023-07-31,0.13863589471175125,0.37093315825576123,2.766
155,5,170,680.6228177263249,6235.629481702306,5923.848007617222,5945.558753549535,0.9963484094881155,21.710745932313678,0.11489538841157661,0.17175723554813563,0.9960747621242099,0.0,0.0,0.0,0.0,False,1180.509983900859,1.9665000459247737,1440,2023-04-02,0.1379427152381925,0.4387133518749359,2.728
156,5,251,851.8785451229056,8756.05324762513,8318.250585243884,8354.400275592132,0.9956729760179363,36.149690348245535,0.10241078173745943,0.18747049284881312,0.9855330432065921,0.0,0.0,0.0,0.0,False,2059.52441234671,3.23023461029482,1440,2023-04-18,0.13725300166200152,0.46706879930151135,2.565
157,5,149,494.2802690883049,5353.632621349981,5085.950990282497,5095.787900274454,0.998069599798016,9.836909991958533,0.09718541724698185,0.14471470969495367,0.9941050559350064,0.0,0.0,0.0,0.0,False,1108.4293953232257,1.8552924607449894,1440,2023-09-29,0.1365667366536915,0.45581046653884055,2.747
158,5,178,126.50723084714083,5950.82477796336,5653.28353906521,5673.765410192404,0.9963900743780488,20.481871127193678,0.022377655387873795,0.20346896650021193,0.9900577081209913,0.0,0.0,0.0,0.0,False,1331.102353549416,1.892908979304475,1440,2023-10-29,0.13588390297042305,0.543630787782447,2.546
159,5,295,728.6893395927331,10722.391999404093,10186.272399433876,10239.10270525771,0.9948403383241086,52.830305823834664,0.0715364081205242,0.18985445554779135,0.9621604508825151,0.0,0.0,0.0,0.0,False,2390.2400430247203,3.7051371091688656,1440,2023-08-08,0.13520448345557096,0.48445423148075345,2.55
160,5,196,603.6858249758379,6844.851417080397,6502.608846226383,6526.099593977015,0.9964004919918306,23.49074775063174,0.09283748096368598,0.17906714227217405,0.9704618917268044,0.0,0.0,0.0,0.0,False,1763.5938874230917,3.0446716119664217,1440,2023-09-17,0.13452846103829308,0.46757218775733433,2.548
161,5,213,365.62554098999146,7541.313347117448,7164.247679761576,7227.668458080083,0.9912252784301961,63.420778318507075,0.05103474326032226,0.24275892989777512,0.9810324929050521,0.0,0.0,0.0,0.0,False,1298.8158292956755,2.2581038673778258,1440,2023-10-02,0.13385581873310162,0.47884528487134836,2.586
162,5,173,235.88689747263973,5891.802886833426,5597.2127424917635,5643.0204208936175,0.9918824184594037,45.80767840185267,0.04214363618553969,0.21081706150998294,1.0087625939466889,0.0,0.0,0.0,0.0,False,1134.8989196219416,1.58163243156163,1440,2023-03-12,0.1331865396394361,0.3456038832913485,2.55
163,5,140,520.3132466838262,5346.4315581256715,5079.10998021938,5092.121027252252,0.997444866890783,13.011047032870811,0.1024418153397325,0.16945253825373688,0.9778590885774101,0.0,0.0,0.0,0.0,False,1181.8317187925677,2.4895416563417525,1440,2023-09-13,0.13252060694123893,0.3087420194049922,2.657
164,5,196,630.4437634705948,6836.174450967356,6494.365728418965,6504.786340622406,0.9983980085343673,10.420612203441799,0.09707549433377455,0.17316673434151744,0.9821303218320899,0.0,0.0,0.0,0.0,False,1415.4068129970083,2.261097241411202,1440,2023-05-08,0.13185800390653274,0.37178185254696167,2.773
165,5,232,939.532529975672,8069.432835342213,7665.961193575109,7705.896416927891,0.9948175758935646,39.93522335278075,0.12255899896324811,0.18100593730742573,1.0003477440809958,0.0,0.0,0.0,0.0,False,1531.5054759155753,1.9598517136112545,1440,2023-04-08,0.13119871388700008,0.4153841509503442,2.643
166,5,202,832.7107975042366,6713.912664454198,6378.217031231477,6402.8013715728175,0.9961603774793811,24.584340341340532,0.1305554190813511,0.16962201737087687,1.0024686165305459,0.0,0.0,0.0,0.0,False,1594.4954867365495,2.042936137737709,1440,2023-04-04,0.13054272031756506,0.4339694462826807,2.544
167,5,260,119.55930066291661,9595.202648030287,9115.442515628773,9152.26230123145,0.9959769743926893,36.81978560267882,0.013116126886646222,0.18220459550671364,0.9999678034614453,0.0,0.0,0.0,0.0,False,2033.254450095199,2.4224837116368807,1440,2023-11-04,0.12989000671597725,0.4754012055404135,2.552
168,5,185,625.9218936919532,7102.849079248032,6747.706625285584,6802.9507754729,0.991879384106895,55.24415018731581,0.09276068573379362,0.21295748002430123,0.9755145675638622,0.0,0.0,0.0,0.0,False,1073.6295013199765,2.5568372665281016,1440,2023-07-04,0.12924055668239737,0.4817547112724232,2.714
169,5,230,876.3617686465889,8209.52565912823,7799.049376171839,7809.735061367996,0.9986317480539109,10.685685196156749,0.11236776770821662,0.1555064491953512,0.979864167605433,0.0,0.0,0.0,0.0,False,1692.8694291720842,2.567689339790346,1440,2023-09-26,0.12859435389898535,0.41853329591812316,2.688
170,5,259,733.6259278359505,9137.623270358225,8680.742106840353,8706.023844244144,0.9970960638454366,25.281737403791244,0.08451189066633592,0.18225601057140942,0.959190341551572,0.0,0.0,0.0,0.0,False,1752.9656886679359,3.4919922484708783,1440,2023-06-05,0.12795138212949045,0.49657310899860563,2.672
171,5,286,1200.190936508858,10019.474790680926,9518.501051146915,9573.61432549201,0.9942432113440853,55.113274345094354,0.12609032977563658,0.18064103381369429,0.9978565557678581,0.0,0.0,0.0,0.0,False,2039.6425036952232,2.5566597199409156,1440,2023-03-07,0.12731162521884298,0.501043123907093,2.623
172,5,197,946.3417263430882,6923.972644463705,6577.774012240494,6604.713724873956,0.9959211384844728,26.939712633461607,0.14386960156765088,0.198409262695099,1.0053048849619506,0.0,0.0,0.0,0.0,False,1411.6611642036382,1.8892866389696565,1440,2023-01-25,0.12667506709274878,0.5091400330101716,2.58
173,5,127,413.27091311132034,4610.912736197932,4380.367099388029,4390.577880174053,0.9976743879587853,10.210780786025024,0.09434618234829165,0.17257802395865302,0.9547401218997267,0.0,0.0,0.0,0.0,False,1161.4967714645827,3.474886143625447,1440,2023-08-27,0.12604169175728502,0.4766069936187891,2.653
174,5,250,1392.2983693609644,8842.334166457431,8400.2174581346,8437.740449873192,0.9955529573395262,37.522991738592665,0.16574551507743301,0.19307634400617857,0.9916289638852148,0.0,0.0,0.0,0.0,False,1668.7581260727738,2.293482095915822,1440,2023-02-07,0.1254114832984986,0.5087803861279316,2.687
175,5,215,883.3543931836963,7679.690660794902,7295.706127755159,7338.976806640156,0.9941039902393688,43.27067888499605,0.12107866979772369,0.1989824251396307,1.0039038669741458,0.0,0.0,0.0,0.0,False,1475.6226879724695,1.9286629682536485,1440,2023-11-29,0.12478442588200611,0.48976897883038056,2.6
176,5,277,1272.850035782654,9956.25216613409,9458.439557827367,9477.719346662527,0.9979657776169591,19.279788835159415,0.13457294176281986,0.16421257726509697,0.999870852417902,0.0,0.0,0.0,0.0,False,2021.2573906619618,2.519859996371246,1440,2023-01-28,0.12416050375259607,0.46161735324176345,2.562
177,5,203,589.7970521741075,7240.123761191939,6878.117573132338,6927.41564142799,0.9928836277700973,49.29806829565155,0.08574977759583575,0.2027640506814101,0.9922252700584802,0.0,0.0,0.0,0.0,False,1329.7626443800168,1.8370073615837281,1440,2023-11-07,0.12353970123383311,0.517379089231589,2.642
178,5,186,156.74073429662238,6305.467440893774,5990.194068849085,6007.605993950663,0.9971016865754659,17.411925101577143,0.026166219740980358,0.17501039828550835,1.0060338792057772,0.0,0.0,0.0,0.0,False,1377.8063019937501,1.7505721119924385,1440,2023-11-02,0.12292200272766393,0.4770370339734902,2.605
179,5,131,441.1136533792272,4536.342308359392,4309.52519294143,4331.262916978045,0.9949812042230441,21.73772403661471,0.10235783146174134,0.1756654456013024,0.9564475235399401,0.0,0.0,0.0,0.0,False,713.988898838931,3.658280478476293,1440,2023-08-19,0.1223073927140256,0.5070709051237196,2.641
180,5,202,688.2292028834844,7129.427887831226,6772.956493439669,6793.1927472641655,0.9970210982409345,20.236253824495183,0.10161429555174432,0.16682640141913602,1.006975229404927,0.0,0.0,0.0,0.0,False,1477.1917479155409,1.9040413315754097,1440,2023-12-05,0.12169585575045548,0.530873625669091,2.774
181,5,236,855.529704788634,8374.143583410138,7955.436404239626,8000.592684842721,0.9943558830724324,45.15628060309548,0.10754026068673034,0.21424800592798035,0.9611776078060458,0.0,0.0,0.0,0.0,False,1652.6574228426493,3.200501227131064,1440,2023-06-22,0.1210873764717032,0.5710203792351973,2.86
182,5,259,755.6007081953466,8780.68976116629,8341.655273108012,8379.149269545183,0.9955253218159692,37.49399643717072,0.0905816272018896,0.16567810952028908,0.9925422377478036,0.0,0.0,0.0,0.0,False,1915.398792195409,2.6361008158525356,1440,2023-03-26,0.12048193958934468,0.49809785187222594,2.805
183,5,274,1261.4790125822965,9322.064949938931,8855.961702441926,8922.292765075927,0.9925656931037237,66.33106263400065,0.14244404560088134,0.2228278719920615,0.9973708497504271,0.0,0.0,0.0,0.0,False,1707.182267918699,2.327074546864646,1440,2023-02-22,0.11987952989139797,0.5483296966027551,2.725
184,5,158,590.1867571630978,6155.463633968816,5847.690452270376,5860.840897565102,0.9977562186852421,13.150445294726307,0.10092647036984606,0.15481050814404734,0.9966369954242595,0.0,0.0,0.0,0.0,False,1265.543527958746,1.7780230803084396,1440,2023-09-22,0.11928013224194098,0.46164430134967616,2.617
185,5,227,450.2438740115902,7786.506849629558,7397.1815071480705,7420.703059862374,0.9968302797558996,23.521552714303848,0.06086694960459047,0.20139448881896777,1.0018192688155512,0.0,0.0,0.0,0.0,False,1768.6603361681887,2.227560330749699,1440,2023-12-18,0.11868373158073126,0.5441936602056416,2.662
186,5,265,1281.9186844690546,9405.0869363847,8934.832589565485,8971.694017942806,0.9958913636261335,36.86142837732112,0.1434742813162654,0.17756332205957454,0.9985067165141351,0.0,0.0,0.0,0.0,False,2032.7321060318036,2.5366749419927266,1440,2023-01-25,0.11809031292282761,0.5076786653646408,2.646
187,5,167,903.0127651548921,6079.748666915609,5775.7612335698295,5811.542026649517,0.99384314990486,35.780793079687065,0.15634523807985848,0.20462027816938366,1.0032387013937982,0.0,0.0,0.0,0.0,False,1256.0717357229462,1.8032101731942167,1440,2023-02-06,0.11749986135821347,0.5320170702595265,2.716
188,5,182,560.4486452889695,6291.615183495113,5977.034424320382,6001.878827711821,0.9958605623164654,24.84440339143885,0.09376700977470032,0.15860452894812163,0.9693440159929574,0.0,0.0,0.0,0.0,False,951.8250645900886,2.9581746649446456,1440,2023-07-21,0.11691236205142241,0.49173147682538576,2.722
189,5,272,961.2462922237152,8842.871762337583,8400.728174220716,8458.1872424273,0.9932066923372939,57.459068206584966,0.11442416327354671,0.20730494108091738,1.0000117140748002,0.0,0.0,0.0,0.0,False,1717.3332609374024,2.084063856333212,1440,2023-10-26,0.11632780024116529,0.5628074239174435,2.662
190,5,225,637.132449703027,7851.356405651452,7458.788585368863,7477.932321528738,0.9974399693208295,19.14373615987536,0.08542036584235999,0.16925655850446683,0.9650639422543069,0.0,0.0,0.0,0.0,False,1707.5772138549755,3.0137652787981306,1440,2023-06-07,0.11574616123995946,0.5121620278448933,2.751
191,5,212,580.9528000741927,7574.625569641212,7195.894291159153,7207.795162157445,0.9983488888445701,11.900870998292556,0.0807339263985505,0.17256957963688085,0.9672332348318882,0.0,0.0,0.0,0.0,False,1684.1616186594913,2.9488879480128745,1440,2023-08-01,0.11516743043375967,0.5568893247298209,2.862
192,5,241,257.2200451910043,8489.229012349439,8064.767561731986,8105.553927587709,0.9949680964163468,40.78636585572383,0.03189429121448404,0.17862765363606964,0.9921046680404734,0.0,0.0,0.0,0.0,False,1653.5238803643838,2.417912531024935,1440,2023-05-20,0.11459159328159088,0.5867540367646081,2.61
193,5,212,832.2279152529472,7981.235187268573,7582.173427905158,7613.276985531807,0.9959145637698775,31.10355762664846,0.1097611289383128,0.19315525195495206,0.9667294084533428,0.0,0.0,0.0,0.0,False,1552.7081074750818,2.978745704351724,1440,2023-06-29,0.11401863531518291,0.5983866609124191,2.587
194,5,297,1375.7361507311175,10581.34075031973,10052.273712803766,10133.931152567677,0.9919421753972326,81.65743976391109,0.13685820641541196,0.25237559275099125,1.0025320175742864,0.0,0.0,0.0,0.0,False,1718.8679151236993,2.114609982782319,1440,2023-01-21,0.113448542138607,0.5760742813313791,2.661
195,5,256,290.33559223158375,9324.709770474283,8858.474281950548,8925.517621217623,0.9924885768969073,67.0433392670727,0.032774898136031475,0.2131418682708646,0.997581936335226,0.0,0.0,0.0,0.0,False,1550.9028787305433,2.068139624345796,1440,2023-10-10,0.11288129942791396,0.4253208482777111,2.557
196,5,129,512.4786233945416,4656.764080082815,4423.925876078663,4451.315117238121,0.9938469327742288,27.389241159457896,0.11584249776101561,0.21930171264064202,0.9785589985222294,0.0,0.0,0.0,0.0,False,978.2936560188344,2.787668621842154,1440,2023-09-26,0.11231689293077439,0.3903752022775122,2.643
197,5,146,496.09032196328195,5415.241029745162,5144.47897825793,5171.86342118225,0.9947051109640362,27.384442924320673,0.09643159668061711,0.19428926463784146,1.0016337517355134,0.0,0.0,0.0,0.0,False,1212.998254367566,1.8253598636608652,1440,2023-12-11,0.11175530846612053,0.3479019422318106,2.753
198,5,218,1021.6662775504011,7808.309502204539,7417.894027094299,7485.049082488453,0.9910281075442424,67.15505539415281,0.13772996403274357,0.26322761770415115,1.0080489186351826,0.0,0.0,0.0,0.0,False,1132.7622534226052,1.5754852725927142,1440,2023-03-02,0.1111965319237899,0.36923625656951853,2.702
199,5,268,917.5473928199024,9594.291021003515,9114.576469953325,9191.354615533768,0.9916466996659355,76.77814558044518,0.10066813261643534,0.2216345028358047,0.9784919876711953,0.0,0.0,0.0,0.0,False,1796.1084298621481,3.282323603196798,1440,2023-09-15,0.11064054926417097,0.23147795040859598,2.758
200,5,132,389.4993418055949,5042.312667552509,4790.197034174896,4818.583780597517,0.9941089025914785,28.386746422621727,0.081311757956254,0.20262968946979554,1.0055652852288435,0.0,0.0,0.0,0.0,False,885.5302729756748,1.456981072103623,1440,2023-02-17,0.11008734651785011,0.21169443304842991,2.705
201,5,243,789.052657334189,7985.063083474115,7585.809929300394,7650.7919654499065,0.9915064954787735,64.98203614951181,0.10401692959461743,0.2050917963405335,0.9514300329343365,0.0,0.0,0.0,0.0,False,1595.113220667722,3.60962181205712,1440,2023-09-01,0.10953690978526086,0.23754672409202743,2.706
202,5,257,1016.3688946238041,8621.226353358255,8190.165035690301,8236.530778165672,0.9943707194540834,46.36574247537058,0.12409626548363446,0.20501419662030831,0.9984430270671171,0.0,0.0,0.0,0.0,False,1987.2467620536743,2.422132266160302,1440,2023-03-19,0.10898922523633456,0.25255733199425523,2.702
203,5,262,1457.6736840107353,9129.41528026382,8672.944516250616,8768.505259524787,0.9891018206129981,95.56074327417267,0.16807137198669633,0.2600398748105096,0.99892195859482,0.0,0.0,0.0,0.0,False,1851.899854185674,2.410820628809641,1440,2023-01-22,0.10844427911015289,0.26448582786951746,2.704
204,5,278,312.2498126097115,10094.282714338264,9589.568578621383,9685.074539194351,0.9901388512616536,95.50596057296724,0.032561403576155584,0.24230719563899022,0.9691890710673408,0.0,0.0,0.0,0.0,False,1453.65507733293,2.805551789748613,1440,2023-09-18,0.10790205771460211,0.14997013881075888,2.666
205,5,154,596.1864877473585,5292.507131168537,5027.881774610134,5077.277470276978,0.9902712239076921,49.395695666844524,0.11857607526851349,0.2302762712823101,1.0039847893365685,0.0,0.0,0.0,0.0,False,926.1799921455004,1.6205112690170917,1440,2023-02-20,0.10736254742602912,0.09525412195914518,2.527
206,5,220,724.0986464422284,7911.215454840744,7515.65468209872,7597.669929672407,0.9892052105010011,82.01524757368736,0.09634538534173666,0.26414616689259107,0.9658457082485526,0.0,0.0,0.0,0.0,False,1218.8960894395357,3.029049050361536,1440,2023-06-12,0.10682573468889896,0.07643552849843499,2.573
207,5,265,722.0026005050227,9290.110182934312,8825.604673787604,8911.912923218953,0.9903154070091413,86.30824943134962,0.08180772051227254,0.22899684636734152,0.9638054429481576,0.0,0.0,0.0,0.0,False,2119.1147810741077,3.059941363746716,1440,2023-05-22,0.10629160601545447,-0.016340424957380806,2.671
208,5,184,557.3944195371752,6349.678843805856,6032.194901615536,6092.528630397205,0.9900970955670773,60.33372878166943,0.09240325099374598,0.22207857201216036,0.9666802801159005,0.0,0.0,0.0,0.0,False,1338.4408915048766,2.9532932684373976,1440,2023-07-24,0.1057601479853772,-0.014682524884851555,2.605
209,5,154,470.5194049831781,5644.405327273691,5362.185060909971,5392.552728773498,0.9943685913905874,30.36766786352523,0.0877476997974647,0.2044700538288566,0.9812720419746449,0.0,0.0,0.0,0.0,False,813.631632396503,2.2809734970197026,1440,2023-09-30,0.10523134724545032,0.0007600701539624555,2.545
210,5,206,106.77074039794059,7545.77581132962,7168.487020763134,7191.893582002183,0.9967454244181776,23.406561239051054,0.014894459610331291,0.1732216039519169,0.9998917968822533,0.0,0.0,0.0,0.0,False,1459.506422183821,2.0163665381448563,1440,2023-11-18,0.10470519050922306,0.05162938349683904,2.617
211,5,134,406.104624483881,4493.2274815304645,4268.566107453951,4297.531519562261,0.9932599884430261,28.965412108309998,0.09513841750622624,0.21050710049105323,0.9745188879447663,0.0,0.0,0.0,0.0,False,1004.4340840957611,2.5922860804064696,1440,2023-09-07,0.10418166455667695,0.16241034370281177,2.657
212,5,159,578.8935322414035,5627.748233977834,5346.36082227891,5379.811608604938,0.9937821639938983,33.450786326027455,0.10827805146055361,0.18790665105776277,1.0064435124917435,0.0,0.0,0.0,0.0,False,1067.8491519795089,1.4872735004475193,1440,2023-01-05,0.10366075623389356,0.1684816644569374,2.703
213,5,274,275.8969872070539,9319.34081629426,8853.373775479544,8967.53987255367,0.9872689613097181,114.16609707412786,0.031162920961406024,0.2340377910569811,0.9897525425818926,0.0,0.0,0.0,0.0,False,1074.954288249548,1.9726569982202964,1440,2023-05-20,0.10314245245272409,0.2236643772605888,2.835
214,5,240,901.7772378436238,8146.181032007802,7738.871980407396,7818.9495659645045,0.9897585238424248,80.07758555710728,0.11652566939040535,0.23483738898543263,0.9896941046669006,0.0,0.0,0.0,0.0,False,1648.985723962276,2.437095122135857,1440,2023-10-12,0.10262674019046046,0.1646201499523805,2.697
215,5,275,914.5251827490133,10076.537737520874,9572.710850644831,9587.441034479347,0.9984635958874176,14.730183834515538,0.09553460843198973,0.18317101424681276,0.9678040531197684,0.0,0.0,0.0,0.0,False,1944.468643743217,3.221015784785311,1440,2023-09-05,0.10211360648950817,0.11388378321394885,2.742
216,5,272,934.3130595833322,9856.702337392539,9363.867220522876,9415.011256541904,0.994567819981788,51.14403601902677,0.09977854636122878,0.196355039047728,0.9589235778304622,0.0,0.0,0.0,0.0,False,2011.2240406451008,3.540586529904945,1440,2023-06-27,0.10160303845706062,0.18780216353582666,2.794
217,5,278,1244.8261502037901,9637.213937154202,9155.353240296563,9211.217512701387,0.9939351912678435,55.864272404824504,0.1359670257969716,0.21407518770955603,0.9955510378186632,0.0,0.0,0.0,0.0,False,1968.6376958081742,2.5001129697929607,1440,2023-03-05,0.10109502326477533,0.21811426127892897,2.751
218,5,176,390.85026385924294,5875.554856414437,5581.777113593718,5597.468229157761,0.9971967477220672,15.69111556404241,0.07002254943275613,0.17789619188305877,1.0027668073655427,0.0,0.0,0.0,0.0,False,1371.4074791788819,1.896234214383483,1440,2023-03-30,0.10058954814845145,0.20267585303191135,2.708
219,5,205,796.5039372896133,7522.405064397932,7146.28481117806,7201.815274623251,0.9922893796455928,55.53046344519009,0.11145706592098589,0.22768111566598936,0.9766667203073747,0.0,0.0,0.0,0.0,False,1370.9687298379536,2.4757164655742048,1440,2023-09-13,0.10008660040770918,0.27102410765843826,2.767
220,5,231,703.7670093771835,8140.952696143806,7733.905061336625,7791.1722850796505,0.9926497295082675,57.2672237430254,0.09099762717484843,0.20850576855690067,0.9950746269671352,0.0,0.0,0.0,0.0,False,1312.1124107025944,2.003944959231452,1440,2023-04-12,0.09958616740567064,0.21479182325391305,2.654
221,5,169,535.4156412289503,5943.607170094138,5646.426811589444,5686.019136170644,0.9930368991674087,39.59232458120027,0.09482379903162744,0.20006685855433778,0.9599007310352351,0.0,0.0,0.0,0.0,False,1173.8221684860514,3.3540446447823613,1440,2023-05-17,0.09908823656864228,0.2115664709424429,2.68
222,5,286,24.710629177306807,10110.556101594799,9605.028296515044,9634.09405708086,0.9969830312644236,29.065760565818906,0.0025726763539335403,0.16264192415319076,0.9578714743967409,0.0,0.0,0.0,0.0,False,1616.4176671309936,3.4890038828567143,1440,2023-07-01,0.09859279538579907,0.2275484481711883,2.817
223,5,121,141.2853455582703,4398.701213899348,4178.766153204368,4196.567908572355,0.9957580204214916,17.80175536798661,0.03381030198350048,0.1806585324358736,1.0018006313739474,0.0,0.0,0.0,0.0,False,809.7854431352349,1.4245800634374783,1440,2023-01-11,0.09809983140887008,0.32453678942904857,2.57
224,5,271,698.2266027088688,9605.930902486738,9125.634357362414,9160.553519832418,0.9961880947047136,34.919162470003904,0.0765126648040145,0.16897525427489657,0.9616074896569363,0.0,0.0,0.0,0.0,False,1912.3210561821247,3.316573397658085,1440,2023-08-08,0.09760933225182573,0.3634579975916408,2.743
225,5,236,316.58688219908623,8539.005634201803,8112.055352491736,8128.970318628934,0.997919174818681,16.914966137198448,0.03902671621956351,0.15710168907525585,0.995921193325707,0.0,0.0,0.0,0.0,False,1778.01125959488,2.4933183344984133,1440,2023-01-29,0.0971212855905666,0.42184941336211923,2.606
226,5,165,512.8081704592328,5914.4328657640335,5618.711222475855,5663.622338421685,0.9920702488156465,44.911115945830645,0.09126793496841552,0.21188827101512164,0.9666395328806997,0.0,0.0,0.0,0.0,False,1011.8412551519931,3.029134963588351,1440,2023-06-08,0.09663567916261376,0.49682930496394884,2.579
227,5,250,787.9483258790358,8649.21427931214,8216.753565346493,8301.998158123111,0.9897320390642088,85.24459277661757,0.09589533379729744,0.22822190560311936,0.9865980801975315,0.0,0.0,0.0,0.0,False,1513.6452726090222,2.257936961413879,1440,2023-09-28,0.0961525007668007,0.4356883244269516,2.608
228,5,194,701.0496042285743,6415.986137460615,6095.186830587565,6114.226819989571,0.9968859530464658,19.039989402005652,0.11501691805581525,0.17968856989565266,0.9853089138280993,0.0,0.0,0.0,0.0,False,1273.1792463097258,2.2027561294195555,1440,2023-06-20,0.09567173826296668,0.3494304486236029,2.538
229,5,271,823.933088067515,9902.697726432349,9407.562840110751,9493.649615168219,0.9909321727104902,86.08677505746661,0.08758199143294962,0.21249840824799004,1.0014516683544425,0.0,0.0,0.0,0.0,False,1675.312565371717,2.1623631011047855,1440,2023-04-11,0.09519337957165185,0.38821305804256806,2.67
230,5,300,943.6548240429718,10606.786906971256,10076.44756162267,10176.46906866052,0.990171295528635,100.02150703785003,0.09364955439623301,0.23760171035004454,0.9661677951884022,0.0,0.0,0.0,0.0,False,2046.6606157174788,3.3222282629572457,1440,2023-07-24,0.09471741267379359,0.34643258079019845,2.722
231,5,171,866.9116852900868,6086.449471296089,5782.126997731277,5819.541944305026,0.9935708090203966,37.41494657374874,0.14992954766130792,0.20094158451229716,1.0074363607504835,0.0,0.0,0.0,0.0,False,967.6656638125523,1.2817115880748857,1440,2023-01-20,0.09424382561042462,0.25590084884628067,2.551
232,5,205,485.08740050220854,7488.931208314693,7114.484647898969,7179.472048630623,0.990948164392666,64.98740073165399,0.06818306940130418,0.2164620708515406,0.9730996383831424,0.0,0.0,0.0,0.0,False,1111.0585432564772,2.66809805170591,1440,2023-05-19,0.0937726064823725,0.26408066090857574,2.573
233,5,158,533.2079225864986,5573.42158142758,5294.7505023561735,5327.76390823745,0.9938035156118249,33.01340588127552,0.1007050138338379,0.22352129918878205,1.0066053008455786,0.0,0.0,0.0,0.0,False,1227.0441522361104,1.611487835520907,1440,2023-02-16,0.09330374344996065,0.23565633706949932,2.552
234,5,245,588.2961782116906,8911.562792412951,8465.984652792233,8537.539089887361,0.9916188451564591,71.55443709512846,0.06948939814315161,0.22645325697275864,1.0008982047016748,0.0,0.0,0.0,0.0,False,1318.2481450630262,2.03059974241995,1440,2023-12-15,0.09283722473271083,0.1962105106968678,2.692
235,5,235,1409.4411519218702,9229.746959306716,8768.259611341422,8796.584812516134,0.9967799774823509,28.325201174711093,0.16074354711153965,0.17228248883201014,0.998952883601537,0.0,0.0,0.0,0.0,False,1906.9774715382123,2.42759442417662,1440,2023-01-24,0.09237303860904728,0.15688087962537614,2.749
236,5,272,1465.631372341205,9724.716721443048,9238.480885370827,9285.860254715797,0.9948976865852673,47.37936934497009,0.15864419600218455,0.19922915846684955,0.9966000349549238,0.0,0.0,0.0,0.0,False,2139.936143364189,2.6268703807709475,1440,2023-01-24,0.09191117341600205,0.245978740236229,2.83
237,5,265,1238.005985972432,9525.79506886407,9049.505315420822,9148.192793349901,0.9892123526298201,98.68747792908081,0.13680371941025396,0.2316024165507128,0.999808333462827,0.0,0.0,0.0,0.0,False,1428.444507388011,1.9886617068086214,1440,2023-02-04,0.09145161754892205,0.2580128976049222,2.727
238,5,296,971.3627758660859,10471.610636812158,9948.030104971538,10034.513688558674,0.9913813876515267,86.4835835871355,0.09764373103179959,0.2554103708789243,0.9974282140423412,0.0,0.0,0.0,0.0,False,1827.8785649351994,2.422923053198724,1440,2023-01-15,0.09099435946117741,0.1948389348878419,2.68
239,5,294,674.8562793159185,10477.936357300661,9954.039539435602,10046.105930150643,0.9908356141817369,92.06639071504101,0.06779722710988781,0.2345495172458675,0.9960890943889527,0.0,0.0,0.0,0.0,False,1922.287613232549,2.6253376539429967,1440,2023-02-19,0.09053938766387153,0.08915174664816608,2.682
240,5,281,1136.664504009568,10211.1979334269,9700.638036755521,9732.2864838506,0.9967480974642912,31.648447095079085,0.11717420026422687,0.19729362822251117,0.9572666283831798,0.0,0.0,0.0,0.0,False,1701.2025638234693,3.656865166838524,1440,2023-08-21,0.09008669072555218,0.048768398186857076,2.624
241,5,147,754.4196906364617,5510.807259387134,5235.266896417816,5259.527062159228,0.9953873864599049,24.26016574141235,0.14410338681160012,0.18548480179674162,1.0051790718286961,0.0,0.0,0.0,0.0,False,1112.9822026930015,1.816932717683344,1440,2023-02-12,0.08963625727192442,0.09855999385806824,2.473
242,5,127,275.2184068040787,4833.781150139539,4592.092092632536,4607.711026245257,0.9966102619014612,15.61893361272014,0.059933120079545835,0.19204997849736366,1.0062363092253392,0.0,0.0,0.0,0.0,False,988.252234238347,1.4022113344042104,1440,2023-12-17,0.08918807598556479,0.1650984484418931,2.571
243,5,207,640.4736913700203,7389.636161269025,7020.15435320558,7038.113005547919,0.9974483711289969,17.958652342337828,0.09123356256085222,0.1506390706805615,0.9973638053591538,0.0,0.0,0.0,0.0,False,1327.4246793271254,1.971071231654554,1440,2023-12-07,0.08874213560563697,0.20428332444271635,2.619
244,5,182,570.4452428981373,6134.288544137863,5827.574116930949,5868.360755705371,0.9930497390204294,40.78663877442331,0.0978872565928957,0.20118471822412587,0.9678104314067555,0.0,0.0,0.0,0.0,False,942.487772929062,3.0111779476646627,1440,2023-07-08,0.08829842492760878,0.3292032689063116,2.658
245,5,281,862.1867089014492,9986.312617606449,9486.99698672616,9580.475842014957,0.9902427753244941,93.47885528879814,0.09088088782022251,0.2207452507707092,0.9740467336383712,0.0,0.0,0.0,0.0,False,1604.831055141436,2.637685404772916,1440,2023-07-04,0.08785693280297073,0.31787956397013994,2.551
246,5,264,1058.2801072317259,9706.372244748765,9221.053632511375,9272.95477265329,0.9944029555395898,51.90114014191536,0.1147678073903037,0.2026350414784726,0.9921319842501146,0.0,0.0,0.0,0.0,False,1446.141313156221,1.991640560142203,1440,2023-04-17,0.08741764813895588,0.26475016588018374,2.594
247,5,196,226.11505433958828,7062.3277761185645,6709.211387312605,6748.8864049991735,0.9941212497431904,39.67501768656948,0.033702180671663015,0.17944147680087294,0.9652141543072946,0.0,0.0,0.0,0.0,False,826.1539739274746,3.089042084650761,1440,2023-07-22,0.08698055989826112,0.2619573557772157,2.723
248,5,224,185.05677272064707,8462.108498963571,8039.003074015339,8054.460544429774,0.9980808807332076,15.457470414434965,0.02301986589839858,0.1435201602523979,1.0022686417835047,0.0,0.0,0.0,0.0,False,1674.2816002785764,2.023787408179864,1440,2023-01-10,0.08654565709876981,0.31177687614551686,2.73
249,5,226,804.5521614326567,8152.427317558616,7744.805951680695,7770.594563406614,0.9966812563034285,25.78861172591773,0.10388280435329195,0.16491693195958376,0.9991169498148293,0.0,0.0,0.0,0.0,False,1540.857029659831,2.1331495303266506,1440,2023-03-11,0.08611292881327597,0.43348338083418303,2.856
250,5,281,1061.5649790033158,10191.586836669674,9682.007494836183,9698.731324439115,0.9982756683277956,16.72382960293557,0.10964306519794499,0.16326853431813368,1.0001680823298364,0.0,0.0,0.0,0.0,False,1925.5341886770866,2.3301581665145648,1440,2023-04-15,0.08568236416920957,0.4855298402313279,2.818
251,5,124,414.0328385976709,4435.105614801573,4213.350334061487,4229.815196929558,0.9961074273693984,16.464862868071457,0.0982668911366222,0.1348779208308629,0.9706180176623684,0.0,0.0,0.0,0.0,False,981.4945331648595,2.7715453608372482,1440,2023-09-17,0.08525395234836353,0.5326300558443272,2.723
252,5,208,817.2234549950957,7252.988845689742,6890.339403405226,6896.931850856225,0.9990441478046241,6.592447450999477,0.11860423807152685,0.12511140440837898,0.9951361679555963,0.0,0.0,0.0,0.0,False,1704.2294542569557,2.370202913885566,1440,2023-04-03,0.0848276825866217,0.6360256819651793,2.63
253,5,241,941.3854445230467,8743.471306140504,8306.297740833534,8328.13351788414,0.9973780707281271,21.835777050605373,0.11333393936690006,0.15688049330369483,0.9893114820234196,0.0,0.0,0.0,0.0,False,1585.5666569513119,2.4016198387780507,1440,2023-10-12,0.08440354417368859,0.7439729487709066,2.636
254,5,202,789.1226586888856,7143.248533035069,6786.086106383307,6795.577765545846,0.9986032594298807,9.491659162538765,0.11628538841359533,0.15513407398166285,1.0026109886855261,0.0,0.0,0.0,0.0,False,1360.9392181092853,1.8585815871303217,1440,2023-03-15,0.08398152645282016,0.762594741980609,2.626
255,5,286,894.2604027658907,9891.66068740423,9397.077653034008,9418.178074559512,0.9977596068625523,21.10042152550304,0.09516367064149601,0.15918034411747276,0.9648968870482357,0.0,0.0,0.0,0.0,False,1493.3696445472851,3.209410279524512,1440,2023-07-21,0.08356161882055606,0.783577595357758,2.729
256,5,292,1348.2534371068039,10281.364150614281,9767.295943083594,9809.363327124296,0.9957115071959483,42.06738404070158,0.13803753310674766,0.18623119581427525,0.9993339096000177,0.0,0.0,0.0,0.0,False,1402.2406735422544,1.952804534679703,1440,2023-02-04,0.08314381072645327,0.7935030665548217,2.658
257,5,269,997.5313140886009,9910.281695756948,9414.767610969095,9434.426719671712,0.9979162370659337,19.659108702618678,0.10595389661305953,0.14190325208799812,0.9535757307293925,0.0,0.0,0.0,0.0,False,2155.54307615757,4.19186991333525,1440,2023-08-28,0.082728091672821,0.7426200099887935,2.77
258,5,204,34.80176826876019,7292.013221787799,6927.412560698399,6942.226581758621,0.9978660994587605,14.814021060221204,0.005023775899562072,0.12873923639964388,0.9906091152957196,0.0,0.0,0.0,0.0,False,1717.766378142008,2.378891773004805,1440,2023-10-28,0.0823144512144569,0.8023398783293807,2.758
259,5,280,891.9827243954004,10157.268760362047,9649.405322344006,9682.042152286689,0.9966291377966192,32.63682994268218,0.09243913947007074,0.15742566144051057,0.979421397156477,0.0,0.0,0.0,0.0,False,1724.3180156546878,2.536285859869486,1440,2023-07-07,0.0819028789583846,0.8826396456962475,2.758
260,5,133,446.9845873954138,4904.435978463026,4659.214179539875,4663.272583407252,0.9991297090627261,4.058403867377923,0.09593561707428445,0.15955064239714745,0.9803576804610077,0.0,0.0,0.0,0.0,False,953.3747162282384,2.3120155325078953,1440,2023-05-09,0.0814933645635927,0.8858980414278088,2.619
261,5,239,827.2217982043481,8591.17473770812,8161.616000822703,8175.5486004786335,0.9982958208266153,13.932599655930442,0.1013551480639328,0.1618634381054789,0.9850307994113552,0.0,0.0,0.0,0.0,False,2012.6293650389766,3.1845877447890274,1440,2023-04-18,0.08108589774077472,0.8858522677885994,2.71
262,5,168,680.9497281059987,5794.638880779883,5504.906936740895,5521.593032974964,0.9969780285989169,16.686096234069822,0.12369868118227367,0.1688335896545309,1.0057692989683356,0.0,0.0,0.0,0.0,False,1100.990014596332,1.588352504121038,1440,2023-10-15,0.08068046825207086,0.8826343264136286,2.553
263,5,164,487.7617142446348,5966.777505020061,5668.438629769071,5691.332623238187,0.9959773931722707,22.893993469115973,0.08604868926039796,0.17814695107707038,0.9908320755509402,0.0,0.0,0.0,0.0,False,1041.1953218344956,1.8911123795624203,1440,2023-11-07,0.0802770659108105,0.866283960423011,2.5
264,5,242,987.9394003672402,8472.764885986164,8049.126641686806,8074.447054669033,0.9968641304090804,25.320412982227687,0.12273870748295294,0.18040231758474906,0.9990585952822717,0.0,0.0,0.0,0.0,False,1726.071704333002,2.2287729391844264,1440,2023-10-15,0.07987568058125645,0.8338069249470768,2.57
265,5,259,778.1146146794352,9329.748761285317,8863.26132322102,8893.859650501348,0.9965596120826347,30.598327280326515,0.0877910044963741,0.1710530321281101,0.9987555487345816,0.0,0.0,0.0,0.0,False,1589.752712060245,2.165170520893988,1440,2023-12-08,0.07947630217835017,0.8038433743701986,2.621
266,5,280,975.5058820845016,10108.765409324535,9603.327138858342,9642.623622169383,0.9959247104469893,39.29648331104214,0.10157999076562452,0.1914878994863649,0.9588950198087804,0.0,0.0,0.0,0.0,False,2122.6384159409154,3.5886738496513977,1440,2023-06-27,0.0790789206674584,0.8018883103068963,2.704
267,5,158,643.7476881472951,5611.173068004648,5330.614414604386,5352.994195253272,0.9958192032659533,22.379780648885355,0.12076425681505067,0.200722872417269,0.9924272992098877,0.0,0.0,0.0,0.0,False,1102.5515732626586,1.8078866227823467,1440,2023-04-13,0.07868352606412113,0.7557931558937757,2.615
268,5,277,1487.2847975372954,9609.85254363567,9129.359916453886,9143.962582947195,0.998403026438391,14.602666493307678,0.16291227546596726,0.1533377443572526,0.9973131111231929,0.0,0.0,0.0,0.0,False,1883.9014823918897,2.5288711713093033,1440,2023-01-22,0.0782901084338005,0.6985639482944268,2.723
269,5,270,280.35314629499373,9860.629370472792,9367.59790194916,9426.995280830673,0.9936992247145499,59.39737888151085,0.02992796544316439,0.22252086978403265,0.9876007334291711,0.0,0.0,0.0,0.0,False,1939.8795964816065,2.463110027231154,1440,2023-10-29,0.0778986578916315,0.7593609767291211,2.868
270,5,176,674.9927659476108,6173.846053680515,5865.153750996502,5875.646232852681,0.9982142420696616,10.49248185617972,0.11508526367836958,0.17047414272411693,1.0012413141045968,0.0,0.0,0.0,0.0,False,1310.5045129628247,1.916827854785608,1440,2023-01-18,0.07750916460217336,0.6546696800487587,2.728
271,5,131,306.3322967817528,4602.620261760554,4372.489248672491,4378.750143118996,0.9985701640326878,6.260894446505225,0.07005901658300401,0.15315575291070435,0.972353075229371,0.0,0.0,0.0,0.0,False,1018.5903187110121,2.6672752184340465,1440,2023-07-31,0.07712161877916247,0.6868957351000776,2.658
272,5,259,723.913589563643,8748.370271618236,8310.951758037294,8335.53106900999,0.9970512603493162,24.579310972695538,0.08710357256779477,0.1814898471504402,0.9998156377754015,0.0,0.0,0.0,0.0,False,1606.1679680846496,2.068746475621535,1440,2023-11-06,0.07673601068526667,0.7531192490851051,2.642
273,5,269,979.0736886117314,9652.335224389337,9169.718463169862,9182.130863607472,0.9986482004425786,12.412400437608463,0.10677249171216947,0.16409054690906183,0.9976797076196344,0.0,0.0,0.0,0.0,False,2108.3900600618203,2.653617386560544,1440,2023-03-28,0.07635233063184034,0.7446885605881862,2.632
274,5,203,460.1386619510569,7157.390732271225,6799.521195657679,6818.547398360158,0.9972096398850209,19.026202702478685,0.06767221525023136,0.16431672021211108,1.0050220579082945,0.0,0.0,0.0,0.0,False,1296.0239666716857,1.6844187837602536,1440,2023-03-22,0.07597056897868114,0.7780179429762305,2.635
275,5,149,556.9736521208885,5612.820685306134,5332.179651040795,5363.944090614719,0.9940781561035466,31.76443957392408,0.10445515503442801,0.1810865308261141,0.9642885530803534,0.0,0.0,0.0,0.0,False,719.5057968819091,3.1839615284926346,1440,2023-06-23,0.07559071613378773,0.805968031609352,2.615
276,5,146,529.2533248889496,5497.596703349437,5222.716868181977,5234.272520660056,0.997792309736937,11.555652478080042,0.10133678279848668,0.1755603450995569,0.972552312892859,0.0,0.0,0.0,0.0,False,1127.0342903470355,2.690656627362769,1440,2023-08-11,0.07521276255311879,0.7923801926237369,2.62
277,5,187,1041.7741394491043,7037.472409875681,6685.598789381869,6698.798301057928,0.9980295702179935,13.199511676059048,0.1558236101609417,0.1602488773738543,0.9985288380276414,0.0,0.0,0.0,0.0,False,1438.4602420829694,2.122916994938892,1440,2023-02-06,0.0748366987403532,0.7948895127786928,2.574
278,5,257,686.9622726315068,9137.922567425912,8681.026439054618,8721.877382779236,0.9953162671370186,40.85094372461782,0.07913376113462436,0.16692900494221719,0.9706474559146231,0.0,0.0,0.0,0.0,False,1622.4482808211178,2.8197186327719854,1440,2023-08-05,0.07446251524665143,0.8325697540305106,2.629
279,5,177,543.660513608847,6479.180223314113,6155.221212148383,6183.731707631098,0.9953894352422289,28.51049548271513,0.08832509748566632,0.20285221656933605,0.9976209287117968,0.0,0.0,0.0,0.0,False,1404.8363597759278,2.175780345825406,1440,2023-12-14,0.07409020267041817,0.8496712161344555,2.622
280,5,125,397.12828419837217,4463.06452930894,4239.9113028435095,4265.325982605253,0.9940415621536575,25.414679761743685,0.09366429055533235,0.22412936907536365,0.9655845508604999,0.0,0.0,0.0,0.0,False,687.1343855617442,2.986740037183526,1440,2023-05-18,0.07371975165706608,0.7841787094094832,2.662
281,5,245,934.8560696112663,8686.393392065243,8252.07372246198,8279.781497844917,0.9966535620064191,27.70777538293668,0.11328741126810424,0.19076735315909196,0.9928300739035986,0.0,0.0,0.0,0.0,False,1584.0602681575951,2.174308686338061,1440,2023-10-09,0.07335115289878076,0.6837685000624762,2.64
282,5,254,842.0914295195305,8748.963908013486,8311.515712612761,8364.681039182706,0.9936440700702273,53.16532656994464,0.10131622902927959,0.19804097484673988,0.9859121672420696,0.0,0.0,0.0,0.0,False,1314.159969205516,2.102290571616284,1440,2023-09-09,0.07298439713428685,0.677298399942714,2.604
283,5,152,557.0604097182712,5514.512983142862,5238.787333985678,5248.879234865797,0.9980773227143266,10.09190088011912,0.10633384678634374,0.20220175895441206,1.007710038672894,0.0,0.0,0.0,0.0,False,1150.487076809189,1.578069446311311,1440,2023-10-24,0.07261947514861541,0.6562183033917418,2.533
284,5,221,190.07205196463107,7984.639759048892,7585.407771096449,7608.958196509759,0.9969049080301017,23.5504254133096,0.025057591852726026,0.20842933431127955,0.9760649068704353,0.0,0.0,0.0,0.0,False,1845.4903753891135,2.894393819317651,1440,2023-10-06,0.07225637777287233,0.6300904131663646,2.546
285,5,191,716.4427189150925,6513.664216217608,6187.981005406766,6209.218586932873,0.9965796692081671,21.237581526106446,0.11577972173623331,0.1932933210675216,1.0038568716854643,0.0,0.0,0.0,0.0,False,1413.2162043812814,1.9385063381845313,1440,2023-11-29,0.07189509588400797,0.5950659684853904,2.581
286,5,210,651.2953737919349,7354.0477573608305,6986.345369492792,7025.993793563402,0.9943568945211805,39.64842407060881,0.09322404481117413,0.1985818590246822,0.9923891731184634,0.0,0.0,0.0,0.0,False,1535.2926235091445,2.0446958493329745,1440,2023-04-23,0.07153562040458793,0.6006809758235024,2.628
287,5,121,54.232489838487865,4657.226621563589,4424.365290485415,4436.6794051960205,0.9972244749764466,12.314114710605066,0.012257688115200316,0.1478115843439995,0.9986687245328315,0.0,0.0,0.0,0.0,False,791.1118600988111,1.5295918072140262,1440,2023-12-30,0.071177942302565,0.5936091052370046,2.466
288,5,234,901.8423716299926,8601.884589384394,8171.79035991512,8207.486701619167,0.9956507585084474,35.69634170404782,0.11036043901147753,0.20474312005899772,0.988342391618265,0.0,0.0,0.0,0.0,False,1820.1815571247375,2.3673747089598947,1440,2023-04-28,0.07082205259105216,0.7022556338481083,2.595
289,5,167,488.48326195186223,5843.8582262665295,5551.665314953191,5571.7583661975195,0.9963937683718971,20.0930512443284,0.08798860058010916,0.17465900936806605,1.0032305598338607,0.0,0.0,0.0,0.0,False,1105.676054968779,1.7001903603468926,1440,2023-12-14,0.0704679423280969,0.6636863221610454,2.599
290,5,220,546.4426966715207,7693.230881730723,7308.569337644174,7334.0418316834475,0.9965268136419361,25.472494039275297,0.07476739583723505,0.16605349687622958,0.9656790098265488,0.0,0.0,0.0,0.0,False,1496.927669150915,2.9608854748192326,1440,2023-06-30,0.07011560261645643,0.7002829658630414,2.588
291,5,196,694.5794745989232,7649.54511424442,7267.067858532191,7300.511521151242,0.9954189973507805,33.443662619050556,0.09557905445776517,0.2119915745793506,0.9946300144326107,0.0,0.0,0.0,0.0,False,1156.28024827811,1.7412952226696548,1440,2023-04-23,0.06976502460337414,0.750189733462867,2.722
292,5,230,776.1633371712231,8303.23066717853,7888.069133819583,7933.527154856035,0.9942701373362506,45.4580210364519,0.09839712659761986,0.22195771871821598,0.9700529022678867,0.0,0.0,0.0,0.0,False,1668.7960709639015,2.870508391968945,1440,2023-09-06,0.06941619948035727,0.6884517978668936,2.69
293,5,139,170.84956247478826,5071.452454238139,4817.879831526195,4835.865249404556,0.9962808273285579,17.985417878360973,0.03546156576110928,0.1731261591413841,1.0040866088030151,0.0,0.0,0.0,0.0,False,1050.1692052443761,1.5957871928262979,1440,2023-01-04,0.06906911848295548,0.6160380463487002,2.653
294,5,185,557.542524920105,6455.42659100705,6132.655261456695,6150.957590682641,0.9970244748145118,18.302329225945357,0.09091372352596117,0.15931244398775302,0.9960687249427438,0.0,0.0,0.0,0.0,False,1641.5730719184016,2.4298361496536494,1440,2023-10-30,0.0687237728905407,0.6668801682461066,2.61
295,5,234,849.5124258852068,8071.601277949449,7668.021214051952,7686.071645090724,0.9976515401010734,18.05043103877154,0.11078639484309742,0.16981776974541624,0.9902395830365779,0.0,0.0,0.0,0.0,False,1635.8155058831667,2.616268214376816,1440,2023-10-12,0.068380154026088,0.7399784169026322,2.588
296,5,258,622.4108712887805,9008.036784577516,8557.634945348618,8590.22715364999,0.9962058968036109,32.59220830137374,0.07273164551463873,0.17330577977524728,0.9871906155164067,0.0,0.0,0.0,0.0,False,1569.7879275240387,2.4470157550247533,1440,2023-08-12,0.06803825325595757,0.776854410673723,2.578
297,5,188,926.9303423182271,6802.404179136428,6462.283970179607,6486.174619694144,0.9963166811078449,23.890649514536335,0.1434369561281388,0.18856871486203616,0.9987157898329806,0.0,0.0,0.0,0.0,False,1196.9706600488994,2.0249146528323783,1440,2023-02-11,0.06769806198967777,0.8000162946362048,2.626
298,5,124,480.60164992227845,4671.842502030586,4438.25037692907,4458.718502385217,0.9954094151839373,20.468125456148044,0.1082862860600528,0.20381375917483546,0.957271141347532,0.0,0.0,0.0,0.0,False,795.4522649201838,3.360159867362988,1440,2023-08-29,0.06735957167972938,0.785538908872153,2.494
299,5,251,699.8230310737353,8830.83481296586,8389.293072317563,8407.11236552036,0.9978804502154774,17.81929320279754,0.08341859380058675,0.1786679708469997,0.9553296316033536,0.0,0.0,0.0,0.0,False,2105.8119462863865,3.602920909498408,1440,2023-06-06,0.06702277382133073,0.7402272148140114,2.627
300,5,211,1006.0620057033536,7826.880460505165,7435.536437479885,7471.384737188326,0.9952019202638557,35.84829970844077,0.13530456264488924,0.17237807557646476,1.0042641524276477,0.0,0.0,0.0,0.0,False,1483.1860121092031,1.9399408834893102,1440,2023-03-02,0.06668765995222407,0.7603651953463867,2.681
301,5,238,840.3690374798405,8381.684662847641,7962.600429705255,7980.243628882205,0.9977891402822472,17.643199176949214,0.10553952127809428,0.18317718502929958,0.9675129184368648,0.0,0.0,0.0,0.0,False,1595.1689308543628,2.9577650956579666,1440,2023-08-16,0.06635422165246296,0.7916944455886407,2.85
302,5,148,24.966987426498513,5330.039086851423,5063.537132508886,5072.379938131461,0.99825667522338,8.84280562257405,0.0049307404632634435,0.16983742243016361,0.9564803471183118,0.0,0.0,0.0,0.0,False,815.4202505116947,3.8503982541243724,1440,2023-07-02,0.06602245054420065,0.7938409457347422,2.728
303,5,198,125.4270359653993,7220.5038208600545,6859.478629817049,6904.64056540495,0.9934591909368634,45.16193558790056,0.018285214188172867,0.2057896677267782,1.0014382118328538,0.0,0.0,0.0,0.0,False,1367.5365743233087,1.771851648345597,1440,2023-01-07,0.06569233829147963,0.8264137524482145,2.813
304,5,279,336.96524936479085,10461.219079408529,9938.158125438133,10002.590864265772,0.993558395049644,64.43273882763856,0.033906207278215895,0.20697214614093462,0.9645363958065276,0.0,0.0,0.0,0.0,False,1385.084120946677,3.067162508728314,1440,2023-07-22,0.06536387660002224,0.7730875747801011,2.642
305,5,276,1341.6954791962567,10215.347559599171,9704.58018161921,9766.535858711108,0.9936563303521139,61.95567709189689,0.13825384036060326,0.1960381506393015,0.9957517078815521,0.0,0.0,0.0,0.0,False,2241.4438204866506,2.806691393777279,1440,2023-02-27,0.06503705721702213,0.7274765728274197,2.721
306,5,177,812.8055332353498,6189.439314899461,5879.967349154533,5904.087118635203,0.9959147334725904,24.119769480669664,0.13823300113260345,0.19545277504590977,1.0056008764526643,0.0,0.0,0.0,0.0,False,1394.886420964784,1.7889738420361125,1440,2023-02-08,0.06471187193093703,0.7152406538369023,2.637
307,5,234,1038.056288696612,8664.9331375963,8231.686480716486,8312.572630956283,0.9902694203310086,80.88615023979638,0.126104935012814,0.25571788332413425,1.0039193506973625,0.0,0.0,0.0,0.0,False,1457.672410065476,1.9152615077093362,1440,2023-11-29,0.06438831257128233,0.7069671061976547,2.764
308,5,135,145.0213116883404,4892.307544130864,4647.692166924346,4665.578195287117,0.9961663854694712,17.88602836277085,0.031202865095153156,0.21250056674238774,1.0070747287617061,0.0,0.0,0.0,0.0,False,944.7500566643184,1.4790698006077752,1440,2023-10-21,0.06406637100842592,0.5649791357079561,2.619
309,5,266,954.3406182177876,9591.625307608952,9112.044042228434,9165.713686271949,0.994144520996341,53.66964404351573,0.10473397777655988,0.2058015776011495,0.957017120319538,0.0,0.0,0.0,0.0,False,1755.4840699299298,3.5080711109900866,1440,2023-08-25,0.0637460391533838,0.5458418274589201,2.664
310,5,168,-34.009714191493984,5701.058175469315,5416.005266695825,5442.727899264577,0.9950902133887012,26.722632568751855,-0.006279483219971552,0.19315916903567654,1.0079796048849812,0.0,0.0,0.0,0.0,False,1401.0213801097525,1.7941508191007893,1440,2023-12-24,0.06342730895761688,0.544979678090358,2.528
311,5,181,689.5127292743691,6608.1618603948245,6277.75376737508,6329.645105998829,0.9918018565409663,51.891338623748844,0.10983430615863027,0.24160554225622763,1.0036034312380153,0.0,0.0,0.0,0.0,False,1137.9034585452864,1.738123416858981,1440,2023-02-02,0.06311017241282879,0.572445298987765,2.595
312,5,294,1089.1698913464318,10945.083128834814,10397.828972393057,10484.632609925662,0.9917208698900495,86.80363753260227,0.10474974095440999,0.25594715225488884,0.9574562634002086,0.0,0.0,0.0,0.0,False,1812.759446219427,3.3544902845621607,1440,2023-08-30,0.06279462155076464,0.4857554975076668,2.657
313,5,218,188.08859116847142,7615.553618437432,7234.7759375155565,7280.231632122354,0.993756284565695,45.45569460679805,0.025997846069170955,0.22050760996203111,1.007791072472743,0.0,0.0,0.0,0.0,False,1501.843904971929,1.8174355083889904,1440,2023-01-10,0.06248064844301082,0.38205475671378897,2.61
314,5,278,739.8992103369492,10180.009457270367,9671.008984406782,9711.765071839292,0.995803431494581,40.7560874325107,0.07650693030374994,0.18677598211564583,0.9632616704219963,0.0,0.0,0.0,0.0,False,2115.7825381711864,3.600949169092053,1440,2023-05-31,0.062168245200795766,0.3760357766248723,2.68
315,5,155,531.5428785652332,5515.599153013624,5239.8191953629375,5245.928681345618,0.9988353852380025,6.109485982680405,0.10144298090201864,0.19530525543265936,1.0070496842972438,0.0,0.0,0.0,0.0,False,1341.2650203789651,1.7972309690218848,1440,2023-04-19,0.06185740397479179,0.44609137471000426,2.654
316,5,257,1039.129243472076,9298.337301273343,8833.420436209652,8874.296522366789,0.9953938787086827,40.87608615713705,0.11763611287112673,0.2110424371209249,0.995845962664649,0.0,0.0,0.0,0.0,False,2011.2618508762723,2.5416403663633154,1440,2023-02-10,0.06154811695491783,0.4836061891090472,2.623
317,5,300,1400.194979893226,11111.143464841418,10555.58629159936,10613.556346932299,0.9945381120674321,57.9700553329368,0.13264966447269425,0.22645040762716429,0.9889983062336369,0.0,0.0,0.0,0.0,False,2261.5271030582912,3.1522024206418404,1440,2023-01-17,0.06124037637014324,0.478444119058051,2.702
318,5,133,473.67809624403947,4628.313322294778,4396.897656180031,4417.406053734113,0.9953573664488584,20.50839755408149,0.10773007090084626,0.22275101168929512,1.007284265151567,0.0,0.0,0.0,0.0,False,1262.5197978019714,1.736238091349564,1440,2023-03-28,0.060934174488292525,0.43909440752216927,2.639
319,5,164,769.325407803573,6447.28155077908,6124.917473240131,6152.218517915038,0.9955624065375104,27.30104467490743,0.1256058405953662,0.20720317840544153,1.0030666025828003,0.0,0.0,0.0,0.0,False,1306.8773288985083,1.825233793019606,1440,2023-03-07,0.060629503615851066,0.4146157587723113,2.599
320,5,146,796.399366140102,5443.026127646667,5170.874821264346,5182.998473019141,0.9976608807010254,12.123651754795072,0.15401636931241203,0.1963992322045122,1.002294498838409,0.0,0.0,0.0,0.0,False,1109.0180463291358,1.7664028576588755,1440,2023-02-06,0.06032635609777181,0.4288779140766306,2.572
321,5,166,651.0312461446031,6067.469786514366,5764.096297188598,5814.7880789423725,0.991282264965537,50.691781753773306,0.11294593507435666,0.21553241005816862,0.9741863611350989,0.0,0.0,0.0,0.0,False,956.6046690070898,2.6078833302164983,1440,2023-06-17,0.060024724317282944,0.46423635835190513,2.532
322,5,176,408.9515497204459,6387.814693448817,6068.423958776395,6092.94097542715,0.995976160486433,24.517016650754936,0.06739007566025508,0.19817337563790088,1.0099685724369005,0.0,0.0,0.0,0.0,False,1219.2843622285313,1.578344321997923,1440,2023-11-09,0.05972460069569653,0.44965350199117204,2.55
323,5,133,381.23129811962383,4969.439800717269,4720.967810681439,4746.760127193456,0.9945663324413093,25.79231651201751,0.08075278489657732,0.20856685041247364,0.9666130791047093,0.0,0.0,0.0,0.0,False,1040.581841960488,2.934440908697469,1440,2023-08-01,0.05942597769221805,0.4762684238452797,2.648
324,5,282,971.2460576500281,10523.719057636332,9997.533104754484,10030.949980505033,0.9966686230301722,33.41687575054621,0.09714857129986763,0.17760814032137245,0.970185111439309,0.0,0.0,0.0,0.0,False,2199.7225966228266,3.4570918275318085,1440,2023-08-04,0.059128847803756955,0.474266374303882,2.68
325,5,166,6.418509361619022,6077.8054589479725,5773.915186000606,5801.548678630915,0.9952368765374507,27.63349263030988,0.001111639010074359,0.16899743537231507,1.0018500074497108,0.0,0.0,0.0,0.0,False,1137.7938872481363,1.6668947870103568,1440,2023-12-25,0.058833203564738173,0.5418934898551179,2.68
326,5,286,1298.275580540304,10278.762759736812,9764.82462174997,9805.202286957807,0.9958820160945029,40.37766520783474,0.13295431621460477,0.2102368327986873,1.0017998731891444,0.0,0.0,0.0,0.0,False,1821.2391131148015,2.188685782147466,1440,2023-04-04,0.05853903754691448,0.6164888614154169,2.651
327,5,258,788.0942758937591,8950.073974469375,8502.570275745897,8540.583431589243,0.9955491148645951,38.01315584334636,0.0926889458522732,0.16301884627011903,0.9613576417417625,0.0,0.0,0.0,0.0,False,1420.1835953091086,3.2326424855631335,1440,2023-06-24,0.05824634235917991,0.584926642685703,2.527
328,5,151,523.1111286032343,5389.263676018682,5119.800492217753,5129.95464877538,0.9980206147514286,10.154156557626935,0.10217412365938448,0.1710314206510487,0.9902676134480709,0.0,0.0,0.0,0.0,False,1223.73185755621,1.856152612938987,1440,2023-04-24,0.057955110647384005,0.665405495751276,2.632
329,5,246,1212.6827358247845,8852.126325755477,8409.520009467691,8424.809769111533,0.9981851507555816,15.28975964384085,0.14420356149453353,0.17800591846794298,0.9965966487077073,0.0,0.0,0.0,0.0,False,2146.1945676120545,2.635468313133764,1440,2023-02-03,0.05766533509414709,0.713609343533137,2.653
330,5,260,264.23346453468946,9868.33452049385,9374.917794469167,9388.24556658584,0.9985803767038106,13.327772116671813,0.028185150027723635,0.16638782531750257,0.9758911288813032,0.0,0.0,0.0,0.0,False,1956.4340020550471,3.013558869561017,1440,2023-10-06,0.05737700841867635,0.737928230638061,2.738
331,5,143,555.6917520465942,5029.088816475402,4777.6343756516,4781.471684033415,0.9991974629077844,3.837308381815393,0.11631106701646793,0.15728141135916857,0.9922045030556861,0.0,0.0,0.0,0.0,False,981.3168709066183,2.117531241468536,1440,2023-10-11,0.05709012337658297,0.784623753987094,2.553
332,5,143,461.5215948121214,5098.509381815384,4843.5839127246145,4860.487683511443,0.9965222068468207,16.9037707868284,0.0952851448696191,0.18695306699662478,1.007197630958827,0.0,0.0,0.0,0.0,False,1021.7284173912471,1.4458162250600908,1440,2023-12-04,0.05680467275970005,0.8441502128066969,2.577
333,5,188,779.7203679388238,7017.8193220485,6666.928355946067,6682.813070222615,0.9976230497382416,15.884714276548362,0.11695346437065138,0.18420929029645328,1.0021808258137337,0.0,0.0,0.0,0.0,False,1549.916939462139,2.057397951427757,1440,2023-11-29,0.056520649395901554,0.8271460841101441,2.762
334,5,132,412.02037327245137,4490.212097012148,4265.701492161525,4282.669898256778,0.9960378907320968,16.968406095253197,0.09658912467962487,0.1583383174608584,1.0027280503631912,0.0,0.0,0.0,0.0,False,1021.7453365090415,1.4050804948312559,1440,2023-04-22,0.05623804614892205,0.8203686253784566,2.651
335,5,196,682.8466247780539,7147.660606300987,6790.277575985914,6801.6476483231145,0.9983283355849809,11.370072337198822,0.10056240221945684,0.1622832233751212,0.9953035819780428,0.0,0.0,0.0,0.0,False,1843.6805950352486,2.5365432382688406,1440,2023-02-24,0.05595685591817744,0.8739458827583723,2.612
336,5,206,758.2572833613946,7317.334901794831,6951.468156705062,6964.8736154016715,0.9980752761016416,13.40545869660953,0.10907872499279378,0.14071488481747013,1.0032541550959624,0.0,0.0,0.0,0.0,False,1446.3871078656707,1.8270993426907676,1440,2023-11-25,0.05567707163858655,0.9100147344821709,2.711
337,5,240,760.4968910995642,8857.771927775682,8414.883331386944,8433.588337628174,0.9977820821348636,18.70500624123026,0.09037521509810628,0.138294834135962,0.9661533443886235,0.0,0.0,0.0,0.0,False,2008.3674262488182,3.2094086316543287,1440,2023-07-24,0.05539868628039362,0.9892844164471684,2.658
338,5,223,418.00974302839626,8224.880087887916,7813.636083493568,7846.20914584849,0.9958485605278369,32.57306235492284,0.053497467576132524,0.1812889960822263,1.0048010081180996,0.0,0.0,0.0,0.0,False,1482.6643884002847,1.8835229330650414,1440,2023-12-19,0.05512169284899165,1.0611095318116863,2.517
339,5,202,710.875506407736,7429.561436017627,7058.083364216773,7079.093430128675,0.9970320965361915,21.010065911902466,0.10071792436056343,0.19867794518042153,1.001651638144297,0.0,0.0,0.0,0.0,False,1500.0686971622315,1.9360286888761693,1440,2023-11-08,0.05484608438474669,1.024918018017408,2.619
340,5,159,442.3785573942542,5437.813075184048,5165.922421424824,5183.644991009891,0.9965810603126173,17.72256958506583,0.08563399162936729,0.16346360240460006,0.9803311124928392,0.0,0.0,0.0,0.0,False,1037.2705651444987,2.3234121158677783,1440,2023-09-30,0.05457185396282296,0.9577752217069346,2.847
341,5,226,1035.1351363835277,8081.646816864824,7677.564476021573,7688.170171819388,0.9986205175534889,10.60569579781591,0.13482597764127446,0.17226004586892746,0.9976146965016228,0.0,0.0,0.0,0.0,False,2038.3702020021194,2.5568875178496553,1440,2023-02-26,0.05429899469300884,0.9833593586451332,2.759
342,5,202,192.57516769193958,7060.435674535863,6707.4138908090445,6734.021061044168,0.9960488436264264,26.607170235123647,0.02871079238986865,0.2006072652662152,0.9920774421146266,0.0,0.0,0.0,0.0,False,1135.7267511270122,1.8843579531293901,1440,2023-05-20,0.05402749971954379,0.9858614902807253,2.634
343,5,271,1146.593679330828,9701.255584769393,9216.192805530925,9263.224322580849,0.9949227703646045,47.03151704992439,0.12441077389816774,0.2110337835366589,0.9955930499847506,0.0,0.0,0.0,0.0,False,1612.9046105555876,2.2426707396355487,1440,2023-03-08,0.053757362220946084,0.9254689496518553,2.673
344,5,246,820.1587120090006,9243.854267517052,8781.661554141188,8834.906551283388,0.9939733378238772,53.24499714219648,0.0933944797294353,0.19877782070539488,0.9984383585215457,0.0,0.0,0.0,0.0,False,1880.553556502965,2.4383943352443427,1440,2023-11-10,0.053488575409841345,0.8536648877769502,2.726
345,5,251,759.3179565729056,8829.78723072179,8388.297869185672,8421.621418817478,0.9960430957443245,33.32354963180599,0.09052110075421291,0.17892989157670597,0.9933764114057787,0.0,0.0,0.0,0.0,False,1901.8085144804102,2.7386717828586518,1440,2023-03-16,0.05322113253279214,0.8232458654705371,2.72
346,5,223,1051.9647981221085,8194.4432217875,7784.7210606980825,7798.408842143062,0.9982447981733132,13.687781444981553,0.13513198352514577,0.15152890121963,1.005655361723668,0.0,0.0,0.0,0.0,False,1527.6511205714382,1.9753012230712899,1440,2023-02-23,0.05295502687012817,0.8436295971296871,2.689
347,5,186,894.2369563967111,6610.977643449352,6280.428761276887,6300.878851404144,0.9967544067090418,20.450090127257152,0.14238469862285358,0.18117583881657542,1.0071860419253236,0.0,0.0,0.0,0.0,False,1437.6880693910362,1.8307337519919673,1440,2023-01-25,0.05269025173577754,0.9226423161815926,2.749
348,5,170,600.7683046511357,6013.748676122784,5713.06124231666,5731.6433839570245,0.9967579731683279,18.582141640363723,0.10515698662588163,0.20766087682869402,0.9889502185362103,0.0,0.0,0.0,0.0,False,1330.6813037639745,2.3698335908787236,1440,2023-09-14,0.05242680047709865,0.9215704367690084,2.763
349,5,201,966.8956656362564,7076.3347318482565,6722.517995255821,6755.761534385288,0.9950792314145097,33.24353912946633,0.14382939046330687,0.20197041095966442,1.0024597614856319,0.0,0.0,0.0,0.0,False,1499.9803322293742,2.0715985393890968,1440,2023-02-12,0.05216466647471316,0.8620628057708453,2.682
350,5,223,595.963054875914,7891.682857647449,7497.098714765047,7519.846250279789,0.9969749999191944,22.7475355147425,0.07949249136898834,0.1873729185797541,0.9660419783795716,0.0,0.0,0.0,0.0,False,1757.9100258104984,2.9563181477645317,1440,2023-05-15,0.0519038431423396,0.8268772053361968,2.652
351,5,186,967.594300288368,7188.704094873105,6829.268890129416,6852.816405281497,0.9965638193467531,23.54751515208134,0.14168343871872818,0.20024873445754146,1.0027823637062252,0.0,0.0,0.0,0.0,False,1535.2169975477784,1.9757726545280831,1440,2023-02-14,0.0516443239266279,0.8314745622952929,2.678
352,5,146,98.73296945815754,5348.462372056694,5081.039253453883,5105.332926297151,0.9952415105549467,24.293672843267704,0.01943164863192956,0.18467868089790032,1.0077738185578924,0.0,0.0,0.0,0.0,False,1097.3549941795932,1.5175875090413637,1440,2023-11-01,0.05138610230699475,0.8068132162085607,2.705
353,5,139,15.929493293620181,4708.835904128678,4473.394108922235,4486.604368270227,0.9970556219662657,13.210259347991155,0.003560941179282332,0.19018477799111347,1.0048546978426767,0.0,0.0,0.0,0.0,False,971.964537121923,1.4496258691597128,1440,2023-12-27,0.05112917179545978,0.8221043231254903,2.609
354,5,127,493.575660805146,4509.9092866132005,4284.4138222825295,4302.640371146116,0.995763868859267,18.226548863588146,0.11520261143733139,0.21366976218510023,1.007591285581565,0.0,0.0,0.0,0.0,False,802.5180339994863,1.26452443991795,1440,2023-11-30,0.05087352593648248,0.8227145561544095,2.57
355,5,156,213.02909621384788,5508.539616846912,5233.112636004587,5267.940943034986,0.9933886299396641,34.82830703039913,0.040707913441070664,0.24160171717295195,1.001765190351265,0.0,0.0,0.0,0.0,False,1040.8951032313173,1.7629679884770355,1440,2023-01-29,0.05061915830680006,0.7708522892415188,2.641
356,5,193,754.5579487407615,6537.00675660221,6210.156418772094,6273.320717620854,0.9899312817418467,63.16429884875939,0.12150385559691856,0.24896187282992296,0.9932794248022474,0.0,0.0,0.0,0.0,False,1086.3531615682086,1.9991533602944735,1440,2023-06-19,0.05036606251526607,0.665832088879285,2.76
357,5,171,581.6528402022088,6314.006452361875,5998.306129743774,6039.315872723735,0.9932095383245014,41.00974297996144,0.09696951566342529,0.24238747565113788,0.994004986950158,0.0,0.0,0.0,0.0,False,1273.1559239029884,1.9739773470265873,1440,2023-03-26,0.050114232202689735,0.5631754925026655,2.671
358,5,152,468.4360485560859,5947.905508109971,5650.510232704455,5675.138213002143,0.9956603734793166,24.627980297686843,0.08290154857960187,0.2041712439694931,1.0039366515016777,0.0,0.0,0.0,0.0,False,1281.439398982846,1.8108477518933905,1440,2023-02-17,0.05,0.49339451541214024,2.856
359,5,176,404.0988073379265,6277.279394332553,5963.415424615903,6015.880107625604,0.9912789679862141,52.46468300970068,0.06776298120534743,0.22340397301932424,0.9741821493312138,0.0,0.0,0.0,0.0,False,900.1053265735657,2.6141484151705567,1440,2023-05-19,0.05,0.5214368812408638,2.731
360,5,249,28.708845687605294,9133.93152773009,8677.234951343587,8713.602851328338,0.9958263073719034,36.36789998475143,0.0033085246450725646,0.21331312539512373,0.990558470485027,0.0,0.0,0.0,0.0,False,1780.1169724885003,2.3716158203955433,1440,2023-10-28,0.05,0.5003885713432481,2.65
361,5,176,293.630558641077,6674.553036822637,6340.825384981514,6375.207837624757,0.9946068499225503,34.38245264324331,0.04630793955256238,0.2133344816932312,1.0097704415384983,0.0,0.0,0.0,0.0,False,1275.0860589748936,1.7207625392655652,1440,2023-03-12,0.05,0.5050841319286403,2.618
362,5,286,286.3621628904861,10446.23845804146,9923.926535139362,10014.765164721126,0.9909295297405715,90.83862958176461,0.028855731839258793,0.23215330862578598,1.0031697939862863,0.0,0.0,0.0,0.0,False,1465.103324497317,1.9316559779412414,1440,2023-11-03,0.05,0.5081268724564563,2.595
363,5,224,1214.179294906083,7848.2661526182965,7455.852844987383,7485.491908083222,0.9960404655485856,29.639063095840037,0.1628491495406033,0.18752712868441362,0.9993684420667273,0.0,0.0,0.0,0.0,False,1604.0277652399666,2.0956995345133524,1440,2023-01-22,0.05,0.46755198019579913,2.596
364,5,144,379.5021833884605,4835.05651798294,4593.303692083786,4606.748539762521,0.9970814886980072,13.44484767873502,0.08262074725050382,0.18288613517129923,1.0109081933737385,0.0,0.0,0.0,0.0,False,807.763260543034,1.2193145585829357,1440,2023-11-24,0.05,0.5338933058240719,2.692
365,5,295,1010.7991412537059,10630.317174123662,10098.801315417424,10154.634762690748,0.9945016784376665,55.833447273324666,0.1000910018608407,0.18011007054172368,0.9850183258512,0.0,0.0,0.0,0.0,False,1684.4783648076093,2.437334933892762,1440,2023-09-09,0.05,0.5980322452969768,2.681
366,5,279,1040.1951347790318,9889.794163171728,9395.304455013145,9417.027959514382,0.9976931676751274,21.723504501236274,0.11071436160049127,0.19393939024743592,0.9989301042345674,0.0,0.0,0.0,0.0,False,1698.5348609146436,2.206081759863479,1440,2023-03-06,0.05,0.6564452355332808,2.683
367,5,260,879.3144860975643,9344.945401314111,8877.698131248384,8896.050002402393,0.9979370764385257,18.351871154009437,0.0990475766463029,0.19618510387776336,0.9970500877532448,0.0,0.0,0.0,0.0,False,1486.088045780241,2.0756675497437014,1440,2023-12-03,0.05,0.6730541548573853,2.806
368,5,148,255.06361406201833,5081.221713876338,4827.160628182561,4842.249139695003,0.9968839869496281,15.0885115124419,0.05283926384650897,0.16665571141903604,0.9556275161005794,0.0,0.0,0.0,0.0,False,1016.5536421313146,3.53988593895296,1440,2023-07-16,0.05,0.6815914651360603,2.734
369,5,263,1223.9133612234002,9192.283689230802,8732.669504769248,8788.327293023647,0.9936668507670873,55.65778825439828,0.14015340447213465,0.20297041578869454,0.9954275829902701,0.0,0.0,0.0,0.0,False,1362.7305306371456,2.078506627118351,1440,2023-02-21,0.05,0.7550531911972487,2.746
370,5,246,525.617223316201,8941.412538480026,8494.341911556006,8508.968639106677,0.9982810222753147,14.626727550672294,0.061878510282371915,0.19191999698249915,0.9969865763997865,0.0,0.0,0.0,0.0,False,1821.8244552016258,2.4380657483540813,1440,2023-12-17,0.05,0.7337817016435157,2.754
371,5,257,712.8153828323583,8833.31747771872,8391.65160383275,8415.653931910303,0.9971478950689094,24.002328077552225,0.08494339570851482,0.20687711634817507,0.9962290676692569,0.0,0.0,0.0,0.0,False,1874.301229014096,2.4560623490555864,1440,2023-12-13,0.05,0.7414794315250346,2.69
372,5,249,825.9093482228908,8620.572118325645,8189.543512409395,8218.472901638992,0.9964799556346011,28.929389229597426,0.10084925331569612,0.1886037295448744,0.9891933621406348,0.0,0.0,0.0,0.0,False,1681.6974533183209,2.2530314270297103,1440,2023-05-05,0.05,0.7143880970083537,2.666
373,5,228,515.5985550363207,8347.926033724354,7930.529732038113,7990.525238082742,0.9924916692886856,59.99550604462995,0.06501439026870832,0.19742963254591087,0.954932630273615,0.0,0.0,0.0,0.0,False,1234.0401351728492,3.6997651733897277,1440,2023-06-03,0.05,0.7334862938850268,2.763
374,5,181,527.868458983571,6432.564081199215,6110.9358771392435,6138.842584264785,0.9954540767673254,27.906707125542354,0.08638095204996422,0.2061287456889529,1.0024558673392137,0.0,0.0,0.0,0.0,False,1183.0458426475525,1.8591163256358343,1440,2023-12-08,0.05,0.7294763831567895,2.654
375,5,286,996.3059722579219,10382.261457006549,9863.148384156208,9932.174633887458,0.9930502380117502,69.0262497312525,0.10101297612619825,0.21099195107283397,0.9828980547178802,0.0,0.0,0.0,0.0,False,1700.929473515544,3.0318115775973027,1440,2023-09-15,0.05,0.7068239683750597,2.722
376,5,297,1383.8917802094265,10346.056405878444,9828.753585584487,9912.011186472942,0.9916003322310534,83.25760088845614,0.14080033324257266,0.23760904993471338,0.9978338192279262,0.0,0.0,0.0,0.0,False,1738.0746703836844,2.2800628092795656,1440,2023-02-28,0.05,0.6774533871514956,2.594
377,5,244,909.4077999458665,8886.234818672514,8441.923077738827,8491.649599159467,0.9941440681412994,49.72652142063997,0.1077251938416681,0.2182944401549672,0.9597315814564298,0.0,0.0,0.0,0.0,False,1838.0764643649259,3.236995793119432,1440,2023-06-22,0.05,0.5935188521797741,2.636
378,5,184,692.642462863037,6791.181123351383,6451.622067183797,6495.280935391976,0.9932783710754854,43.658868208177914,0.10735942924898931,0.22603672795396376,0.969222329731778,0.0,0.0,0.0,0.0,False,1246.0706679600164,2.8068258025744433,1440,2023-08-16,0.05,0.56794864371009,2.687
379,5,210,1137.4211560795159,7398.776277034207,7028.837463182457,7075.428843419761,0.9934150450427278,46.59138023730331,0.16182208822403527,0.21620075596442512,1.0000658893238106,0.0,0.0,0.0,0.0,False,1441.3233212346606,2.0120296747290527,1440,2023-02-06,0.05,0.5291576073788522,2.673
380,5,221,431.91356748080364,7344.562547932142,6977.334420535506,7010.6613907670235,0.9952462444876586,33.3269702315184,0.061902374380910716,0.1804130058232049,0.9548099889965874,0.0,0.0,0.0,0.0,False,1034.818808377964,3.5397863630092403,1440,2023-06-03,0.05,0.5189538788926257,2.799
381,5,133,308.6933332728814,4715.542334580115,4479.76521785116,4508.617500857573,0.9936006363367651,28.85228300641319,0.06890837315375078,0.19790370090050607,1.00433754543591,0.0,0.0,0.0,0.0,False,892.006532531296,1.4409991431243372,1440,2023-12-15,0.05,0.5905032961231688,2.831
382,5,136,626.0445999069807,4529.753615649733,4303.265934867266,4340.099181372598,0.9915132707880462,36.833246505332,0.1454812715232044,0.23274429109834488,1.0068934953689812,0.0,0.0,0.0,0.0,False,785.7716808130134,1.1639817979141145,1440,2023-02-14,0.05,0.6093681156925153,2.677
383,5,208,628.5862701229341,7062.982760713175,6709.833622677536,6762.273308442687,0.9922452578632573,52.43968576515097,0.09368134971312432,0.20273007429816337,0.9649981656495558,0.0,0.0,0.0,0.0,False,1394.8032147460656,3.2513106342352738,1440,2023-07-24,0.05,0.5461734583578298,2.706
384,5,221,857.522405104837,7753.487971532753,7365.813572956136,7413.39506592799,0.9935816865891124,47.58149297185449,0.11641923822960482,0.19884132185870013,0.992173453845572,0.0,0.0,0.0,0.0,False,1471.9352646497414,2.118454750168553,1440,2023-10-09,0.05,0.5615125057355728,2.673
385,5,158,706.3559899148848,5864.176291125771,5570.967476569452,5591.579411628108,0.996313754390076,20.61193505865628,0.12679233775564097,0.21248452415852695,1.00842706816189,0.0,0.0,0.0,0.0,False,1046.3331091313917,1.5525838065468456,1440,2023-10-16,0.05,0.5823969329116511,2.569
386,5,167,506.26543058766356,6078.274459460276,5774.360736487272,5798.481615986348,0.995840138661029,24.120879499074874,0.08767471477641713,0.1958246095571089,0.9812029153913242,0.0,0.0,0.0,0.0,False,1212.9387792064736,2.276278427391321,1440,2023-09-30,0.05,0.5684652033849684,2.569
387,5,144,524.5032249519967,5352.6244291147295,5084.9932076589985,5107.503593435641,0.995592683320757,22.510385776643098,0.10314728133008945,0.20138113651020254,0.9908422890512562,0.0,0.0,0.0,0.0,False,969.9809606994032,1.935020810159007,1440,2023-04-24,0.05,0.5941804014088866,2.562
388,5,285,986.3619579571581,9503.623804864888,9028.442614621634,9082.110839742023,0.9940907762449293,53.66822512038888,0.10925050975676992,0.21981046762966566,1.002241016249828,0.0,0.0,0.0,0.0,False,2074.2367552621226,2.4581409129676484,1440,2023-04-15,0.05,0.602459143705705,2.604
389,5,211,523.8659087887341,7230.414016371974,6868.8933155533805,6921.160937883208,0.9924481423277215,52.267622329826914,0.07626642090983325,0.20808124300596126,0.9588859110521353,0.0,0.0,0.0,0.0,False,1022.975794941287,3.3028606389216946,1440,2023-06-02,0.05,0.5675470856988576,2.998
390,5,169,571.2726180871082,5960.166389089159,5662.158069634686,5701.63283602614,0.9930765856857654,39.47476639145384,0.10089308900624984,0.23691204677241456,0.9796386487684118,0.0,0.0,0.0,0.0,False,856.0191233773662,2.358322742167012,1440,2023-05-09,0.05,0.5650176713152313,2.894
391,5,262,734.5917667821113,9200.943856046508,8740.896663244188,8830.41745375199,0.9898622244104931,89.52079050780142,0.08404077923390839,0.2335099517068076,0.9633135578548149,0.0,0.0,0.0,0.0,False,1622.2478777196425,3.3700530786139438,1440,2023-08-01,0.05,0.4977207691835122,2.877
392,5,293,691.7093579525252,10399.142110008108,9879.18500450774,10010.1585365249,0.9869159382901614,130.97353201715845,0.0700168442677111,0.2720600291300141,1.0004984169931768,0.0,0.0,0.0,0.0,False,1440.8610540060643,2.103069122856737,1440,2023-12-15,0.05,0.4496923590371319,2.856
393,5,173,395.8460718535712,5880.988789814902,5586.9393503241245,5618.209025740443,0.9944342271223706,31.269675416319835,0.07085204385306354,0.2052954529154368,0.9749345856443079,0.0,0.0,0.0,0.0,False,1301.0948331586278,2.591191655338774,1440,2023-07-31,0.05,0.3228564591324727,2.826
394,5,282,1654.8580033493895,9983.266502882863,9484.10317773871,9599.012222187997,0.9880290761393473,114.90904444928664,0.1744875580048209,0.2552891576755377,0.9978381553510312,0.0,0.0,0.0,0.0,False,2208.4692623832784,2.770056145466116,1440,2023-01-23,0.05,0.36800503423504344,2.685
395,5,259,1032.483387448154,9624.712799471325,9143.477159497816,9192.547329469395,0.9946619616725529,49.07016997157928,0.11292021289468182,0.21340939014264856,0.9925221567018456,0.0,0.0,0.0,0.0,False,1676.6651702875624,2.084114003815532,1440,2023-04-17,0.05,0.2913732859611012,2.675
396,5,263,862.3584363810195,9248.047195536457,8785.644835759613,8857.203261888628,0.9919208779551304,71.5584261290136,0.09815539468099377,0.23894752655748683,0.9939109835567883,0.0,0.0,0.0,0.0,False,1540.9966190374969,2.336917698203227,1440,2023-05-01,0.05,0.3215329064071711,2.728
397,5,215,458.1668162171595,7395.964714123996,7026.1664784177765,7121.102810966393,0.9866683103630499,94.9363325486169,0.0652086479340487,0.26464936973184544,1.0037496024057957,0.0,0.0,0.0,0.0,False,1367.683666150248,1.8822915647304896,1440,2023-10-19,0.05,0.28752932632350847,2.62
398,5,284,1640.617325916478,10689.654936370049,10155.17218955154,10298.940065507075,0.9860405172725455,143.7678759555348,0.16155485060159563,0.2789853459873334,0.9974464899455983,0.0,0.0,0.0,0.0,False,1588.3192194773742,2.1493983837796082,1440,2023-02-06,0.05,0.2005499387863971,2.707
399,5,146,471.8103242282844,5414.587688801513,5143.858304361459,5186.297144786033,0.9918171213025773,42.43884042457462,0.09172304062657366,0.23607312377160733,0.9691220958464083,0.0,0.0,0.0,0.0,False,888.8877497817341,2.998761286969761,1440,2023-05-24,0.05,0.09547801369526793,2.743
400,5,135,641.8147211411335,4799.824004457134,4559.832804234265,4591.567207601671,0.9930885464738777,31.734403367407108,0.14075400320492976,0.23979205438399367,1.004973561323046,0.0,0.0,0.0,0.0,False,852.8124323522037,1.4344507244103433,1440,2023-02-08,0.05,0.10402370630838143,2.749
401,5,294,1132.9158237085608,11158.463710472779,10600.540524949129,10684.769378952325,0.9921169235370566,84.22885400319493,0.10687340150647626,0.2422675079426214,0.9633108321407073,0.0,0.0,0.0,0.0,False,2023.4104302828334,3.6335554255551106,1440,2023-08-15,0.05,0.10068901033242267,2.649
402,5,208,570.724981991095,7157.1155110019035,6799.259735451778,6854.6706562706895,0.9919163263127425,55.41092081891131,0.08393928224499178,0.24957467945208658,1.0060869401650174,0.0,0.0,0.0,0.0,False,1135.9684265331307,1.5937954784558686,1440,2023-03-21,0.05,0.0904618803255437,2.668
403,5,192,504.61471810855465,6836.092541730938,6494.287914644382,6559.701470414531,0.9900279675736501,65.41355577014892,0.07770131610128755,0.2588711476866192,0.9788697295914354,0.0,0.0,0.0,0.0,False,1054.165897508848,2.395070203215287,1440,2023-06-04,0.05,0.06372566502661264,2.752
404,5,252,70.9943065783241,9210.02207892521,8749.520974978983,8856.171118174085,0.9879575335918881,106.65014319510229,0.00811407924860648,0.26040500226587754,0.968439011530578,0.0,0.0,0.0,0.0,False,1124.1514696324962,2.9407948655890124,1440,2023-07-15,0.05,0.018940905287165244,2.803
405,5,173,337.3669979140627,6002.4350998257405,5702.313344834451,5751.888266518104,0.991381104884768,49.57492168365275,0.059163181241113846,0.25993987481890135,1.0116526668494454,0.0,0.0,0.0,0.0,False,940.9020407736693,1.4054926037576587,1440,2023-10-19,0.05,-0.02328163269205502,2.597
406,5,235,1103.8169184870894,8241.356227517872,7829.288416141964,7886.594935036718,0.9927336804581954,57.30651889475363,0.14098559917799233,0.2378398646319487,1.0011634958705138,0.0,0.0,0.0,0.0,False,1482.3143727136512,2.038548475700375,1440,2023-02-22,0.05,-0.059033376433028695,2.724
407,5,273,1000.3954333096221,9384.935700635364,8915.688915603601,9001.689979681101,0.9904461201983601,86.00106407750174,0.11220618426454983,0.2532353804922749,0.9571642205736157,0.0,0.0,0.0,0.0,False,1871.9511225901024,3.4118167120548755,1440,2023-08-20,0.05,-0.040906742246109185,2.701
408,5,265,1059.4392849782898,9074.127727358025,8620.421340990113,8671.050547258363,0.9941611220010409,50.629206268248524,0.12289878221388725,0.22905958736920348,0.9696809425150864,0.0,0.0,0.0,0.0,False,1969.5068770204252,3.450119632806166,1440,2023-09-25,0.05,-0.06293733881390501,2.843
409,5,142,152.0165544891358,5236.526395186347,4974.700075427027,5005.873681034231,0.9937725944373483,31.173605607203648,0.03055793358076703,0.23091082243946576,0.994827075633911,0.0,0.0,0.0,0.0,False,853.090602176846,1.723935933440805,1440,2023-11-05,0.05,-0.0288280505658447,2.806
410,5,295,1393.7327576509256,10118.856634236025,9612.913802524203,9721.484494709759,0.988831881360852,108.57069218555813,0.14498546291811676,0.26212742488219964,1.004142516830257,0.0,0.0,0.0,0.0,False,1544.5656230411914,1.9551318220411336,1440,2023-02-14,0.05,-0.007158878243946676,2.673
411,5,252,1330.3177958387248,9253.029287113488,8790.377822757746,8862.08748486241,0.9919082651545527,71.70966210466385,0.15133795414283718,0.23457766003944913,1.0016727025830148,0.0,0.0,0.0,0.0,False,1307.8295940476514,1.917627988895787,1440,2023-02-12,0.05,-0.06160643700455293,2.7
412,5,246,929.0040734796197,8774.261975691254,8335.548876906643,8402.784371460722,0.9919984267616769,67.2354945540779,0.11145085790971655,0.23550237102085228,1.0040543943635143,0.0,0.0,0.0,0.0,False,1375.448060539883,1.7490140162987688,1440,2023-12-01,0.05,-0.04628388436095915,2.723
413,5,153,475.658580602847,5476.844880384923,5203.002636365723,5231.791345891366,0.9944973513616419,28.788709525644443,0.09142001529622376,0.2274123634432473,1.0033967462546018,0.0,0.0,0.0,0.0,False,938.5985833985251,1.6007295132044193,1440,2023-12-07,0.05,-0.03783532495621367,2.702
414,5,287,280.8430054031123,10218.506189253514,9707.58087979084,9772.521811060997,0.9933547417416194,64.94093127015734,0.028930277159757576,0.22961861290877827,0.9970261095870907,0.0,0.0,0.0,0.0,False,1698.0030574805023,2.2959237638692738,1440,2023-01-14,0.05,-0.014649078933848703,2.734
415,5,191,466.62441259368677,7030.6345396140205,6679.102812633286,6698.904967857799,0.997043971317771,19.802155224515353,0.06986333729001495,0.191393105473354,0.9977337638387437,0.0,0.0,0.0,0.0,False,1474.8610658927005,2.079327471040798,1440,2023-10-27,0.05,-0.002434761585563827,2.654
416,5,290,1097.6793682423395,10492.578703167903,9967.949768009466,10035.634724228776,0.9932555380821206,67.68495621930823,0.11012087678904292,0.237815354176211,0.9909740625890563,0.0,0.0,0.0,0.0,False,1711.2214987390166,2.3575749299895103,1440,2023-09-10,0.05,0.09186315337732981,2.801
417,5,161,538.9211816171861,5528.147983877079,5251.740584683243,5274.838016197733,0.9956212055339777,23.097431514491582,0.10261763179791392,0.22253181330218147,0.9568302692092531,0.0,0.0,0.0,0.0,False,1272.3214628607977,3.399323256607647,1440,2023-08-31,0.05,0.0632817704925488,2.775
418,5,136,472.4850139614486,4930.299257611023,4683.784294730493,4694.553519618049,0.9977060172298488,10.769224887557064,0.10087676635600394,0.1921531620290304,1.0022829777549802,0.0,0.0,0.0,0.0,False,1078.769567634398,1.7552118176787403,1440,2023-02-24,0.05,0.07291386344247985,2.686
419,5,272,740.1958641067394,9695.894318335546,9211.099602418719,9253.499882849948,0.9954179196014459,42.400280431230236,0.08035912063228295,0.1832287994610704,0.9713713645653548,0.0,0.0,0.0,0.0,False,1769.7835099715528,2.9361561098033007,1440,2023-06-09,0.05,0.14784491250190557,2.666
420,5,225,566.2659626047265,7497.454247808027,7122.581535417643,7150.100659996504,0.9961512255718544,27.519124578861987,0.0795029105372709,0.17868383519595366,0.9604168111494887,0.0,0.0,0.0,0.0,False,2083.1297476627888,3.245732494322663,1440,2023-05-16,0.05,0.22826190942590457,2.652
421,5,190,94.51068864175481,6475.398821212111,6151.628880151486,6170.9207763477,0.9968737410679201,19.29189619621449,0.015363522488604264,0.19548871866407705,1.0024575882679825,0.0,0.0,0.0,0.0,False,1472.7837372533133,1.9758446272093453,1440,2023-04-10,0.05,0.30366023658856295,2.645
422,5,296,846.4379029610725,10195.867196988193,9686.073837138876,9736.89333155825,0.9947807280321472,50.81949441937411,0.08738709999459367,0.2113427747950803,0.9682689981039522,0.0,0.0,0.0,0.0,False,2265.575086260584,3.3754157106134084,1440,2023-06-08,0.05,0.32723371875561436,2.637
423,5,296,1578.6750024563469,10638.156609048381,10106.24877859601,10152.330731028676,0.9954609484606499,46.08195243266764,0.1562078113295427,0.22372455518396644,0.9993758575739097,0.0,0.0,0.0,0.0,False,2185.419890924488,2.6420127586537197,1440,2023-01-19,0.05,0.31064644226129434,2.59
424,5,122,308.2786261591529,4018.2331192658435,3817.321463302556,3825.8015284796024,0.9977834539732602,8.480065177047099,0.08075783743202115,0.20477534948743786,0.9722773016925104,0.0,0.0,0.0,0.0,False,880.0785278996667,2.670436497117173,1440,2023-05-23,0.05,0.26895047645109044,2.625
425,5,233,967.814426745936,8223.13699709047,7811.980147235937,7846.2968495688865,0.9956263823570688,34.31670233294919,0.12388849030656736,0.1829632255440797,1.002028095722877,0.0,0.0,0.0,0.0,False,1556.2847529358805,2.0597701212195267,1440,2023-03-07,0.05,0.27704318886091833,2.737
426,5,266,1021.0349830739561,9978.329252784759,9479.412790145507,9519.368536040649,0.995802689459509,39.955745895143295,0.10771078395651167,0.21825256018434844,0.9884397974435494,0.0,0.0,0.0,0.0,False,1760.0442716231191,2.8387488844510105,1440,2023-09-14,0.05,0.3323558701869646,2.637
427,5,245,922.87083072576,8496.505042702382,8071.679790567269,8106.154730154243,0.9957470661818568,34.47493958697484,0.11433442042686652,0.1983142876263081,1.0024785461885268,0.0,0.0,0.0,0.0,False,1607.8250542202359,2.1330439907450875,1440,2023-01-09,0.05,0.298056851029993,2.701
428,5,228,1113.2643236757501,7956.468040465844,7558.644638442573,7577.693603708971,0.997486179006093,19.048965266398618,0.14728359076623207,0.17643080670898056,1.0009365532725027,0.0,0.0,0.0,0.0,False,1455.5602837189494,1.9449514302069684,1440,2023-02-13,0.05,0.31456612095078906,2.499
429,5,214,561.9785897285842,7594.184457584659,7214.475234705404,7243.19509289855,0.996034918592583,28.71985819314583,0.07789597599908209,0.2061170325967666,0.9518370551299226,0.0,0.0,0.0,0.0,False,1725.2698807750937,3.9235109878269774,1440,2023-07-17,0.05,0.3770956545700974,2.655
430,5,216,87.77381906231253,7685.199857209586,7300.939864349082,7327.538436898905,0.9963700534935604,26.598572549823263,0.012022262981635725,0.1815584896171473,0.9716204736500602,0.0,0.0,0.0,0.0,False,1576.2851519407536,2.9996965437766425,1440,2023-09-19,0.05,0.36150373288257653,2.563
431,5,175,524.4766866091139,5916.388237269925,5620.568825406418,5638.2623302097145,0.9968618869135452,17.69350480329646,0.09331380913589106,0.17260990071273527,0.9792525789431281,0.0,0.0,0.0,0.0,False,989.6613059675321,2.4570962640945324,1440,2023-05-06,0.05,0.403981065606865,2.537
432,5,145,590.0055520228947,5058.8638173392,4805.920626472222,4837.347767901683,0.993503228848255,31.42714142946248,0.12276639542754732,0.21294825393710545,1.0064749829325088,0.0,0.0,0.0,0.0,False,885.0819688817464,1.3927163730899952,1440,2023-03-03,0.05,0.45901933234036535,2.555
433,5,191,135.2636649483196,6887.7098620872275,6543.324368982871,6566.871808331798,0.9964142075502296,23.547439348926567,0.020672009718715148,0.20164895139283098,0.9615509651266219,0.0,0.0,0.0,0.0,False,1455.1570428650944,3.172798789960228,1440,2023-08-02,0.05,0.413658155936696,2.569
434,5,246,783.0913231965951,8460.732923701347,8037.6962775162765,8070.617651123695,0.9959208359222872,32.92137360741912,0.0974273344200781,0.21789228118472243,1.000486389063631,0.0,0.0,0.0,0.0,False,1748.4897136217692,2.2723578018028037,1440,2023-02-01,0.05,0.4021452328415228,2.616
435,5,290,997.5517055392829,10454.832759204628,9932.091121244423,10032.99530425484,0.9899427658490355,100.90418301041765,0.10043722851128016,0.23974424899198257,1.001215911141808,0.0,0.0,0.0,0.0,False,1752.7912036601874,2.193092988593543,1440,2023-12-03,0.05,0.35630495476398694,2.554
436,5,294,890.9993458967198,10608.977335189558,10078.528468430042,10126.384666819667,0.9952741081872555,47.856198389625604,0.08840569818180144,0.21310238094191078,0.9948376187855723,0.0,0.0,0.0,0.0,False,1894.6519134430553,2.6151950608096204,1440,2023-04-12,0.05,0.2695711906763868,2.699
437,5,156,626.9393680712444,5513.475681688347,5237.801897603893,5258.399577924361,0.9960828993660085,20.59768032046839,0.11969512790433078,0.20374490688542035,1.006444931718598,0.0,0.0,0.0,0.0,False,1057.967915447698,1.5169505883389245,1440,2023-04-07,0.05,0.2581411700693691,2.571
438,5,125,425.26175649076384,4242.573034501468,4030.444382776401,4058.979351205595,0.9929699153505873,28.534968429193764,0.10551237434464215,0.2322035328310708,0.9987861136264923,0.0,0.0,0.0,0.0,False,788.9908929447972,1.6111486974391371,1440,2023-03-27,0.05,0.2693963511637628,2.491
439,5,298,815.9566418936546,10545.336712350394,10018.069876732872,10134.946686566422,0.9884679403406763,116.87680983354875,0.08144848777594643,0.24767079666404082,0.9708190715983169,0.0,0.0,0.0,0.0,False,1452.457645882108,2.973617987408245,1440,2023-06-09,0.05,0.2141813423172933,2.672
440,5,241,868.0524224191778,8881.342423466129,8437.275302292814,8511.75772289018,0.9912494665588208,74.48242059736405,0.10288302696289715,0.2390027145559213,1.0020096694237315,0.0,0.0,0.0,0.0,False,1471.4707207171084,1.974261883007685,1440,2023-02-24,0.05,0.1335978149743816,2.624
441,5,257,1035.8298245669218,9059.528176747137,8606.551767909788,8681.862262166831,0.9913255368510941,75.31049425704192,0.12035363900663394,0.22754126773178893,0.9890864807081436,0.0,0.0,0.0,0.0,False,1508.6102132766637,2.5759545548261946,1440,2023-06-19,0.05,0.0862506380101192,2.61
442,5,267,614.7131147469979,9553.029332771934,9075.377866133314,9135.454830790626,0.9934237576814648,60.076964657312004,0.06773416201665051,0.20982435140683045,0.9759053751059185,0.0,0.0,0.0,0.0,False,1614.685498176524,2.5549895452618743,1440,2023-05-19,0.05,0.07221101606521096,2.739
443,5,185,364.90291931234736,6426.754080581324,6105.416376552232,6128.327128005312,0.996261499920854,22.910751453079733,0.05976708168729524,0.21306656895092524,1.0055255322912409,0.0,0.0,0.0,0.0,False,1095.9883310560328,1.7218209025685036,1440,2023-12-17,0.05,0.09946531685385149,2.537
444,5,276,898.0721399311619,9330.96128580853,8864.413221518105,8913.753776838299,0.9944646715003054,49.34055532019258,0.1013120798284897,0.20162042574760997,0.9951730946883203,0.0,0.0,0.0,0.0,False,2077.7603626582677,2.7848617494095054,1440,2023-02-24,0.05,0.11348255044020916,2.717
445,5,236,829.5211527767789,8199.11113817994,7789.155581270897,7840.57761202023,0.9934415507002317,51.422030749334525,0.10649692949661589,0.2332209683309015,1.0045210610157933,0.0,0.0,0.0,0.0,False,1587.705535474921,2.0671881588349725,1440,2023-01-05,0.05,0.14979683106920838,2.713
446,5,236,749.8172467232374,8489.61649383703,8065.135669145177,8100.439698995164,0.9956417143807187,35.30402984998564,0.09297019634670453,0.2026830302408769,0.9654899508090959,0.0,0.0,0.0,0.0,False,1671.0937417627692,3.1304587641195396,1440,2023-06-12,0.05,0.10766601347262131,2.817
447,5,188,1059.1761702857714,6574.662156416267,6245.9290485954725,6299.913039476543,0.991430994278366,53.983990881071904,0.16957864267189351,0.23410602159259772,1.003478230591342,0.0,0.0,0.0,0.0,False,1288.927272850915,1.7593897319097873,1440,2023-01-22,0.05,0.14101067168136194,2.844
448,5,182,440.6886955746131,6453.416215671139,6130.74540488758,6148.332925159398,0.9971394652036736,17.58752027181852,0.07188174789044173,0.1973281527645032,1.0055600025805072,0.0,0.0,0.0,0.0,False,1270.0167925924993,1.798964600217127,1440,2023-11-19,0.05,0.09685051619493876,2.828
449,5,189,775.5250504613939,6786.43029960021,6447.108784620194,6474.299856073538,0.9958001525944405,27.191071453344033,0.12029036214053598,0.21081462258066083,1.0036369589379406,0.0,0.0,0.0,0.0,False,1376.700005070095,1.890543907740255,1440,2023-11-29,0.05,0.14256729558938297,2.717
450,5,249,783.0094943651751,8181.000640352014,7771.950608334396,7797.055001932829,0.9967802723474171,25.104393598434044,0.1007481305305132,0.21014726153308924,0.9734273754481811,0.0,0.0,0.0,0.0,False,1333.0470304116598,2.64488399371738,1440,2023-09-04,0.05,0.14892975438035855,2.731
451,5,211,752.4923430651686,7838.799060778715,7446.859107739767,7466.47539143382,0.9973727518453274,19.616283694052825,0.10104828521370553,0.19815107061474546,0.9875559772548823,0.0,0.0,0.0,0.0,False,1396.4158665439284,2.8761778382879344,1440,2023-09-15,0.05,0.15498055264114202,2.739
452,5,123,272.4211343477569,4472.037134673981,4248.435277940269,4261.180074129137,0.9970090923248596,12.744796188867502,0.06412269848202382,0.2004267589180993,1.0041847851405,0.0,0.0,0.0,0.0,False,873.4100690350887,1.5050293698047894,1440,2023-02-19,0.05,0.1863052577393878,2.717
453,5,123,314.4096148284366,4084.6959345922623,3880.4611378626796,3884.670756748234,0.998916351178992,4.209618885553913,0.08102377621068262,0.1904474480968318,0.9736769845028749,0.0,0.0,0.0,0.0,False,891.7852488390648,3.0773729490738373,1440,2023-10-07,0.05,0.20633716960470105,2.632
454,5,154,504.96802935471214,5404.993453565784,5134.743780887422,5148.911342650609,0.9972484354807527,14.167561763187578,0.09834337425643468,0.1994340875706965,0.9811389216323475,0.0,0.0,0.0,0.0,False,994.6845975619103,2.26440468912957,1440,2023-05-08,0.05,0.24479481049889856,2.543
455,5,209,726.8628131909519,7413.546903796045,7042.869558606261,7063.146556538975,0.9971291834637154,20.276997932714448,0.10320549133310845,0.19072615870811435,0.9567308290964481,0.0,0.0,0.0,0.0,False,1345.8811486656996,3.4237619559089967,1440,2023-08-31,0.05,0.2558186119932194,2.73
456,5,228,825.1557875298752,8276.757715505002,7862.919829729746,7892.951265244288,0.9961951576152785,30.031435514542334,0.1049426682960643,0.20701846532953377,1.0041939660014967,0.0,0.0,0.0,0.0,False,1708.767510175705,2.107612834556111,1440,2023-10-24,0.05,0.2842587887509511,2.845
457,5,295,133.28909823234474,10326.979293556866,9810.63032887902,9825.582119092578,0.9984782794513005,14.951790213556492,0.013586191076835182,0.18778588641715885,0.9977837472148386,0.0,0.0,0.0,0.0,False,2102.2545812623403,2.5370729702824995,1440,2023-04-10,0.05,0.2708169323235371,2.73
458,5,261,377.9502721817332,9274.917596610892,8811.171716780334,8829.774377276168,0.9978931895990788,18.602660495832957,0.04289443950592294,0.1815947371318006,0.9967589469099285,0.0,0.0,0.0,0.0,False,1717.5794942942753,2.1791909381470247,1440,2023-03-12,0.05,0.30298582646797273,2.81
459,5,171,579.0260621089883,6013.022742485624,5712.371605361308,5723.648765705582,0.9980297253018313,11.277160344274009,0.10136351451042633,0.17732418161802993,0.9686151600631822,0.0,0.0,0.0,0.0,False,1401.6403293516323,2.859551494004107,1440,2023-06-18,0.05,0.3432617333547193,2.748
460,5,213,780.6061882098601,7841.197685964594,7449.137801666384,7470.064660025375,0.9971985706534808,20.92685835899118,0.10479148177863447,0.18818802046392044,0.9540003620917741,0.0,0.0,0.0,0.0,False,1683.058739605788,3.5898312550398637,1440,2023-08-29,0.05,0.38601147191351065,2.68
461,5,255,967.2816322624553,9134.50528778639,8677.780023397087,8693.265136904787,0.9982187229695821,15.485113507701511,0.11146648447580652,0.19455979937418372,0.9920855055529354,0.0,0.0,0.0,0.0,False,1692.68896509777,2.2084389413540246,1440,2023-04-17,0.05,0.39690141627638853,2.555
462,5,280,1238.6325700519485,9932.568254399086,9435.939841679174,9461.116087811835,0.997338977146143,25.17624613266389,0.1312675357022547,0.19132861013949864,0.991639234989622,0.0,0.0,0.0,0.0,False,2172.60340187112,3.024875125424231,1440,2023-01-17,0.05,0.39186746819540247,2.696
463,5,200,167.45053331548147,6912.665233429961,6567.031971758452,6574.9286280710785,0.9987989745958743,7.896656312626246,0.025498662719414672,0.18785059684977903,0.9753303548530626,0.0,0.0,0.0,0.0,False,1764.702696750464,2.9147169809935463,1440,2023-10-06,0.05,0.3953824955399458,2.586
464,5,249,1186.685766074292,8769.79326495455,8331.30360170679,8380.149161155205,0.9941712780394375,48.84555944841555,0.1424369849913022,0.20795284707174125,0.9939602133459706,0.0,0.0,0.0,0.0,False,1712.6349879329832,2.49997298039908,1440,2023-02-11,0.05,0.40645361681047465,2.693
465,5,157,562.8649793849606,5749.343197966557,5461.876038068234,5479.825161192959,0.996724508064265,17.949123124724814,0.103053415248149,0.1794211057257621,0.9876792889424902,0.0,0.0,0.0,0.0,False,1039.8285245115158,2.1471443424310306,1440,2023-04-24,0.05,0.37068792098499387,2.546
466,5,203,420.99574415394335,7030.566281268832,6679.0379672053805,6688.471981016476,0.9985895113505937,9.434013811095445,0.06303239272198581,0.17447687071420415,0.9600772378977778,0.0,0.0,0.0,0.0,False,1185.548694972489,3.4357975040968864,1440,2023-05-29,0.05,0.4058741399994752,2.762
467,5,283,1200.8473065111264,10090.586051724107,9586.056749137882,9627.939737462166,0.9956498493482133,41.88298832428163,0.12527020629406602,0.1970527991046452,1.0004011518663822,0.0,0.0,0.0,0.0,False,1707.6847904095928,2.2051116539165805,1440,2023-11-29,0.05,0.44617658870077764,2.77
468,5,189,615.8046148804465,6863.308817238376,6520.143376376469,6533.293799836004,0.9979871679029856,13.150423459534625,0.0944464836634737,0.18223276754702142,0.9671963803703119,0.0,0.0,0.0,0.0,False,1475.0213318653305,2.9084205864474404,1440,2023-09-05,0.05,0.4288988652476169,2.663
469,5,123,481.9239287607265,4544.96578003947,4317.717491037465,4330.000148642265,0.9971633586182089,12.282657604799924,0.11161543796255399,0.18463767898585395,0.9660076970127334,0.0,0.0,0.0,0.0,False,734.6178311499439,2.9688869532427398,1440,2023-06-14,0.05,0.44856911753450956,2.738
470,5,262,866.0518270154271,9002.250448853029,8552.137926410349,8577.281752977246,0.9970685553662535,25.143826566899193,0.10126728947400657,0.1602550070563619,0.9515328457667098,0.0,0.0,0.0,0.0,False,1209.5313346912149,4.057024487894014,1440,2023-08-19,0.05,0.45978263024929955,2.845
471,5,174,680.6419599529389,6438.378822587853,6116.45988145846,6133.480322808618,0.9972249945456148,17.020441350159047,0.11128037674476514,0.1893159312401393,1.002793945802599,0.0,0.0,0.0,0.0,False,1175.1758286624276,1.8431553473983056,1440,2023-10-22,0.05,0.524382568313196,2.666
472,5,199,814.1361178435645,7250.97262005875,6888.423989055822,6915.833489510002,0.9960367032410836,27.409500454180986,0.11818902540509212,0.16392335468334865,0.9748769794558553,0.0,0.0,0.0,0.0,False,895.9521678242227,2.592885596465597,1440,2023-06-16,0.05,0.5126626889979957,2.705
473,5,300,1113.7305027257446,10812.872795145076,10272.229155387759,10290.819879202216,0.9981934652406045,18.59072381445639,0.10842150091069529,0.18032732434263923,0.9565952972697372,0.0,0.0,0.0,0.0,False,2023.3918592693008,3.571932328903296,1440,2023-08-20,0.05,0.5609542862366076,2.693
474,5,190,526.3476194067637,6877.55932414818,6533.681357940785,6541.0097506990705,0.9988796236303574,7.3283927582854025,0.0805591198240883,0.16700716945707478,1.0050815180820438,0.0,0.0,0.0,0.0,False,1471.7230192561076,1.8664060278116865,1440,2023-03-21,0.05,0.5644824645599258,2.521
475,5,167,657.429872035305,5956.7283871403,5658.891967783293,5668.434895138534,0.9983164793224625,9.542927355241922,0.11617643096530683,0.17232599830726467,0.9967942456257334,0.0,0.0,0.0,0.0,False,1224.4045132800952,1.8174382714812432,1440,2023-03-04,0.05,0.5982589894939685,2.574
476,5,162,169.0845871869581,5722.838186701979,5436.696277366895,5444.4881289157165,0.9985688550761201,7.79185154882109,0.031100613048932222,0.18312092306485866,0.9925478679566592,0.0,0.0,0.0,0.0,False,1077.870974084871,1.8995648433487355,1440,2023-11-05,0.05,0.6149624860554216,2.504
477,5,273,231.64971703711365,9684.327886913883,9200.111492568187,9228.029717329082,0.9969746277790514,27.918224760896745,0.025179011930914028,0.189761358437764,0.9917370866309924,0.0,0.0,0.0,0.0,False,1785.9401995102023,2.6570472266580296,1440,2023-12-09,0.05,0.6054204026846344,2.595
478,5,158,592.8157275864208,5638.910619853301,5356.965088860645,5378.230144701946,0.9960460866736524,21.26505584130176,0.11066260797912067,0.18663647277253073,0.9896437999656683,0.0,0.0,0.0,0.0,False,1176.1401659260227,1.952898983657264,1440,2023-03-18,0.05,0.5836897102457247,2.665
479,5,229,773.5240744764078,8388.896955082992,7969.452107328848,7994.834255556137,0.9968251814339179,25.382148227289136,0.0970611359550127,0.18238014708318706,1.003058050744368,0.0,0.0,0.0,0.0,False,1697.7707310821652,2.1040581443213062,1440,2023-04-22,0.05,0.5738480811194836,2.759
480,5,162,465.9735478123029,5906.601849228947,5611.271756767473,5621.937474523483,0.9981028394918401,10.665717756009522,0.08304241320166246,0.15855454178341793,0.9606496228283,0.0,0.0,0.0,0.0,False,1138.7715048053221,3.600956114742171,1440,2023-06-01,0.05,0.5762196869808874,2.683
481,5,265,844.1070402185586,9186.209995889612,8726.899496095135,8757.985974025116,0.9964504992332508,31.08647792998108,0.09672473489539506,0.17960305961754874,0.9667314297604975,0.0,0.0,0.0,0.0,False,2045.0700871742788,3.2938615701953817,1440,2023-08-04,0.05,0.6326055762403318,2.728
482,5,249,634.864915202181,8690.83671252578,8256.294876899497,8275.025662206335,0.9977364680097145,18.730785306837895,0.07689465125312882,0.18969809765587453,0.9617806955588862,0.0,0.0,0.0,0.0,False,1532.5160473134706,3.402732732747496,1440,2023-05-25,0.05,0.632427395431922,2.682
483,5,234,574.2045468779154,8755.975863715896,8318.177070530093,8327.251241054026,0.9989103042214944,9.07417052393172,0.06903009421526092,0.18333275352157366,1.0036676494148546,0.0,0.0,0.0,0.0,False,1564.6489749811176,2.0957954340789766,1440,2023-02-19,0.05,0.6105908622180836,2.786
484,5,197,360.16145693680335,7332.981285774169,6966.332221485451,6977.050886017492,0.9984637256188682,10.71866453204243,0.051700298734820474,0.1903062040861258,0.9999693730587449,0.0,0.0,0.0,0.0,False,1492.486517466723,2.165271629295341,1440,2023-01-03,0.05,0.6079587550663962,2.707
485,5,185,429.8794774151764,6430.97538019316,6109.426611183486,6121.367714138557,0.9980492753396449,11.941102955071033,0.07036330981180285,0.17258187152481388,1.0089782786423707,0.0,0.0,0.0,0.0,False,1273.3274285134582,1.6542227683154265,1440,2023-10-17,0.05,0.5909961678987252,2.721
486,5,291,313.91277375255066,10530.256414982208,10003.743594233098,10023.154708742008,0.9980633727530934,19.411114508909712,0.03137953015244346,0.18503174529404068,0.9950491747802208,0.0,0.0,0.0,0.0,False,2035.0055192482164,2.658987249235831,1440,2023-01-12,0.05,0.6177905362232341,2.684
487,5,257,1245.7953570186235,9161.526279841402,8703.44996584935,8723.432354417626,0.9977093433230835,19.982388568277337,0.14313810752137174,0.18157286328501646,0.9982341735536612,0.0,0.0,0.0,0.0,False,2012.04446824958,2.5957955425500927,1440,2023-02-03,0.05,0.6125847213258401,2.657
488,5,190,861.8351920078022,6576.2702967743935,6247.456781935644,6281.481037751113,0.9945834022882524,34.02425581546748,0.1379497645345504,0.19421385341363623,1.003530729899332,0.0,0.0,0.0,0.0,False,850.3672012298175,1.6343774770804207,1440,2023-02-04,0.05,0.6169509666635274,2.656
489,5,124,426.0637850638718,4487.2999570965,4262.934959241683,4280.804248251366,0.9958257168575316,17.869289009683232,0.0999461143877416,0.20987955165437944,1.005086142003713,0.0,0.0,0.0,0.0,False,769.9294331165455,1.1640817704086484,1440,2023-01-06,0.05,0.592923091980032,2.651
490,5,143,402.974949120904,5087.73537090302,4833.348602357833,4853.1819297899,0.9959133352676673,19.833327432066607,0.08337386401724103,0.20623056910830456,0.9619934646749081,0.0,0.0,0.0,0.0,False,944.0760658521232,3.2792952364221915,1440,2023-06-01,0.05,0.5387422785208815,2.649
491,5,200,620.6681239213659,7213.694815475541,6853.010074701764,6872.425257248424,0.9971749154308834,19.415182546658944,0.09056868692088954,0.195961594256022,0.9975935225204298,0.0,0.0,0.0,0.0,False,1441.7267797662043,2.0449169123250477,1440,2023-12-07,0.05,0.5031138608995107,2.63
492,5,203,727.8870782122159,7376.295343775975,7007.480576587155,7039.339252931921,0.9954741950629107,31.858676344764607,0.10387286418519305,0.2051111734798643,1.0069325866536702,0.0,0.0,0.0,0.0,False,1438.7056039479148,1.8025108230647362,1440,2023-02-16,0.05,0.4974047917646346,2.611
493,5,187,410.46986778079264,6482.0080527750315,6157.907650136274,6183.096140024916,0.9959262335053163,25.188489888642195,0.06665736011349715,0.2106598975201112,0.9643268311359104,0.0,0.0,0.0,0.0,False,1079.050525092306,3.2072938139376124,1440,2023-05-29,0.05,0.47245290349028746,2.54
494,5,298,1000.2496955708604,10542.239564745134,10015.127586507879,10055.925851009553,0.9959428634313588,40.79826450167562,0.09987388447435966,0.18477417648358807,0.9870865756644743,0.0,0.0,0.0,0.0,False,2173.957176848163,2.799286188677872,1440,2023-05-05,0.05,0.4397512051062609,2.516
495,5,206,668.4924127019352,7233.695646084586,6872.010863780351,6905.386207713527,0.9951667665023726,33.37534393317591,0.09727755470022524,0.18945030234610644,1.0020911155278818,0.0,0.0,0.0,0.0,False,1535.0314259137185,1.9304283454861229,1440,2023-04-22,0.05,0.4712997238552112,2.49
496,5,263,913.9947436978549,9306.634797511813,8841.303057636225,8892.254722555088,0.9942701073565038,50.951664918861354,0.1033778321746859,0.21887781371589676,0.9640592657909545,0.0,0.0,0.0,0.0,False,1825.637947432947,3.3172115536207514,1440,2023-07-06,0.05,0.48677854683952576,2.566
497,5,143,463.9709409319216,4868.988720524137,4625.539284497927,4631.487960441578,0.9987156015530084,5.94867594365094,0.10030634535671935,0.1883009906098694,0.9879169047849126,0.0,0.0,0.0,0.0,False,1197.3651025706106,2.660127508263751,1440,2023-09-15,0.05,0.43347718952764386,2.454
498,5,187,627.4200167465456,6955.400475785606,6607.630451996313,6622.11042279701,0.9978133903127244,14.479970800695689,0.0949538599812264,0.18717752043014113,0.9679621205285874,0.0,0.0,0.0,0.0,False,1460.542672102331,2.9036381309136856,1440,2023-09-05,0.05,0.45869006498090503,2.556
499,5,160,511.73872094052035,5575.383203179355,5296.614043020384,5305.7790464786185,0.9982726375565305,9.165003458234128,0.09661619985599372,0.18973154100644626,0.9675468376979923,0.0,0.0,0.0,0.0,False,1296.4838354353892,2.928598276023555,1440,2023-08-04,0.05,0.4819731237174091,2.606
500,5,145,751.4637032847243,4955.512908185454,4707.737262776186,4716.210142719576,0.998203455807314,8.472879943390204,0.15962311856834185,0.1944377645840337,1.0066941878013898,0.0,0.0,0.0,0.0,False,1150.672097421839,1.6792864392093003,1440,2023-01-24,0.05,0.4954941483884188,2.684
501,5,221,300.47418297949076,7840.529885493285,7448.50339121861,7465.966070405135,0.9976610288579068,17.462679186525065,0.040340208924887364,0.1892277040937812,1.0005066875891617,0.0,0.0,0.0,0.0,False,1604.70157291305,2.0569943707933085,1440,2023-11-23,0.05,0.49623538802533246,2.771
502,5,145,517.3986558792168,5442.069701294418,5169.966216229668,5195.960937576777,0.9949971291818003,25.99472134710802,0.1000777634203852,0.218249552608169,0.9944100126658986,0.0,0.0,0.0,0.0,False,939.9732918861473,1.6932615681672167,1440,2023-09-29,0.05,0.5088291276087299,2.719
503,5,190,625.8742665418443,6885.148802432781,6540.8913623111475,6565.283632592007,0.9962846585698493,24.392270280859346,0.09568638766088587,0.1979016908813079,0.9624045440310329,0.0,0.0,0.0,0.0,False,1298.4746230166895,3.205969200003379,1440,2023-08-13,0.05,0.4541435749133861,2.921
504,5,244,1237.428672946601,9057.70584253343,8604.82055040677,8634.695559998148,0.9965401201022327,29.875009591380298,0.1438064472928613,0.20562458572359912,0.9984297470944745,0.0,0.0,0.0,0.0,False,1519.4846732311971,2.172392372702574,1440,2023-02-12,0.05,0.4552653440121401,2.701
505,5,263,952.7169988655177,9074.843556309947,8621.101378494452,8651.916023702783,0.9964384021846824,30.814645208333964,0.11050989392632518,0.19627037611926987,0.9971294605233634,0.0,0.0,0.0,0.0,False,1659.5008284449577,2.3417258676380195,1440,2023-10-22,0.05,0.4388911613519228,2.639
506,5,221,-2.4001087617802037,7493.0590037007,7118.406053515662,7162.3088744343495,0.9938702977366144,43.90282091868715,-0.0003371694089570558,0.1773433829523684,0.9580044832065199,0.0,0.0,0.0,0.0,False,841.993739426136,3.3997625014076256,1440,2023-07-01,0.05,0.4465575575473097,2.647
507,5,229,1003.1648397822458,7870.851215215742,7477.308654454973,7513.587435370817,0.9951715766632251,36.27878091584451,0.13416121844650097,0.20811689129058702,1.004047934325261,0.0,0.0,0.0,0.0,False,1594.2951334636,2.085937835679484,1440,2023-01-28,0.05,0.4954628903231841,2.637
508,5,173,502.19749927058484,6149.609313158344,5842.128847500412,5885.447414466076,0.9926397155704442,43.31856696566364,0.08596138708673857,0.23446996242613516,1.0041128631136937,0.0,0.0,0.0,0.0,False,1064.5964095158454,1.7522152323393427,1440,2023-12-08,0.05,0.4664795936352733,2.822
509,5,275,962.6554450410416,9849.358488493499,9356.890564068823,9437.586099847082,0.9914495576597107,80.69553577826001,0.10288198183461847,0.2272769313270312,0.994778295919337,0.0,0.0,0.0,0.0,False,1450.3389298605457,1.9387598066504839,1440,2023-09-22,0.05,0.3835927016654319,2.684
510,5,153,559.0854429474168,5373.562175954585,5104.884067156844,5134.611010753632,0.9942104779632712,29.726943596788004,0.10951971398222143,0.21930868806575132,0.9657954862130496,0.0,0.0,0.0,0.0,False,1075.8428370048398,2.9892511680275797,1440,2023-06-29,0.05,0.331744009941236,2.612
511,5,252,744.8589612026112,8888.226725742927,8443.8153894558,8493.907237105364,0.9941026142326185,50.09184764956446,0.08821355357114423,0.22442351698877458,0.9759910030338941,0.0,0.0,0.0,0.0,False,1535.427299998896,2.6057265244884107,1440,2023-10-05,0.05,0.30682975733340745,2.649
512,5,136,445.3588627324837,4883.2382059297925,4639.076295633304,4665.261942622893,0.9943871003790052,26.185646989589394,0.09600162496824932,0.2178063665502089,0.957629933821623,0.0,0.0,0.0,0.0,False,828.1896820626771,3.3293056577926667,1440,2023-08-18,0.05,0.27442455576705477,2.735
513,5,228,755.3051617586294,8190.9663288475,7781.418012405133,7839.5255773099125,0.9925878722721485,58.10756490477947,0.09706523419697057,0.21696471394679753,0.9662975878449507,0.0,0.0,0.0,0.0,False,1753.6861867678738,3.059354819984029,1440,2023-08-04,0.05,0.26216780715130655,2.747
514,5,165,475.50635881292453,5928.1243805357335,5631.718161508957,5650.349584434534,0.9967026070427742,18.631422925577397,0.08443362135251417,0.20378133132837156,0.9685769973630851,0.0,0.0,0.0,0.0,False,1219.2214020418799,2.936197336867719,1440,2023-07-12,0.05,0.2533658082888731,2.96
515,5,172,587.3312714653972,6034.031938323264,5732.330341407089,5765.643062337653,0.9942222020041148,33.31272093056436,0.1024594251351585,0.21840520942111966,0.9896728332833777,0.0,0.0,0.0,0.0,False,1160.2976226194937,1.9585515360175787,1440,2023-04-24,0.05,0.27513858439304495,2.788
516,5,182,683.9716621763822,6460.762323794871,6137.724207605132,6174.512325338936,0.9940419395418756,36.78811773380386,0.1114373404606363,0.22599142272762932,1.0061860945798584,0.0,0.0,0.0,0.0,False,1232.8144153257354,1.713308290735007,1440,2023-03-06,0.05,0.25946401300128064,2.665
517,5,261,895.4923036249519,9207.39996781129,8747.029969420764,8841.171481311652,0.9893519187938066,94.14151189088676,0.10237672750128375,0.24417084142674142,0.9796466428625917,0.0,0.0,0.0,0.0,False,1783.5740146088551,3.2981311851068402,1440,2023-09-15,0.05,0.22893511547716647,2.757
518,5,262,313.25652081260387,9254.56368897682,8791.83550452796,8854.20032126572,0.9929564709996481,62.36481673775973,0.035630389200442945,0.22039398606210145,1.0036358760394766,0.0,0.0,0.0,0.0,False,1747.1827078414437,2.1155633408678574,1440,2023-11-02,0.05,0.1623087342484915,2.784
519,5,165,837.3431882960299,6052.368146811821,5749.74973947125,5790.211999815514,0.9930119552884155,40.462260344263555,0.14563124070388364,0.2283203305217948,1.0038320378557153,0.0,0.0,0.0,0.0,False,1196.3115230862263,1.7549309046831199,1440,2023-02-03,0.05,0.16029701176465427,2.825
520,5,217,310.77227764545245,8101.453722797964,7696.381036658049,7744.686846522686,0.9937627161921562,48.30580986463743,0.04037901400219617,0.22380098288119374,0.9970598028835131,0.0,0.0,0.0,0.0,False,1431.8801125328064,2.220331942121814,1440,2023-12-10,0.05,0.13983365944016946,2.661
521,5,133,388.578644894974,4938.786647871771,4691.847315478206,4721.663212113482,0.9936852978927462,29.81589663527617,0.08281996807804667,0.23414510947143152,1.00576557269733,0.0,0.0,0.0,0.0,False,866.9535352889,1.3858490567929382,1440,2023-11-27,0.05,0.1322154932458442,2.618
522,5,281,1045.005703587377,10328.346254332262,9811.92894161558,9849.352222171994,0.9962004323013072,37.42328055641508,0.10650359473713349,0.20931613591466705,0.9988478809562172,0.0,0.0,0.0,0.0,False,2222.855587193886,2.68952851603034,1440,2023-04-20,0.05,0.10165662631828931,2.792
523,5,294,1297.9783273943272,9646.190835956813,9163.881294158986,9210.308709445068,0.994959190104185,46.427415286076894,0.1416406744838186,0.20927163436021926,1.0036374010218188,0.0,0.0,0.0,0.0,False,1722.7940451268128,2.0962241022619184,1440,2023-01-27,0.05,0.1313674678053939,2.694
524,5,185,573.263680003791,6706.10471693673,6370.799481089866,6417.09401549434,0.9927857478334128,46.29453440447361,0.08998300475558549,0.20831143916103673,0.9590772263227384,0.0,0.0,0.0,0.0,False,1477.4583360562356,3.3953190438784726,1440,2023-07-13,0.05,0.15477046269685174,2.775
525,5,217,541.3238818963706,7634.948673878885,7253.20124018495,7302.49130311005,0.9932502401058516,49.29006292509988,0.07463240905233279,0.22451163437509422,1.0019333394393035,0.0,0.0,0.0,0.0,False,1428.9195264794741,2.0097875119864437,1440,2023-01-08,0.05,0.17518971609016773,2.818
526,5,217,576.1716762871391,7879.927351425547,7485.930983854268,7537.903616661581,0.9931051608709305,51.972632807313175,0.0769672706747941,0.21322578242773266,0.9857760282904254,0.0,0.0,0.0,0.0,False,1469.6537247253877,2.4281558789507396,1440,2023-08-12,0.05,0.15465910761513935,2.747
527,5,260,707.6950072234338,9191.510772812366,8731.935234171739,8766.093505254505,0.9961033645075437,34.158271082765026,0.0810467540407223,0.20690137384054788,0.9631553120770298,0.0,0.0,0.0,0.0,False,1600.119000324883,3.335477022596778,1440,2023-05-25,0.05,0.16240220599792543,2.657
528,5,132,149.27529318262586,4865.811019425149,4622.520468453884,4651.84407757383,0.9936963473773094,29.32360911994561,0.03229305185371189,0.21017940139417862,1.006461264375575,0.0,0.0,0.0,0.0,False,777.2591243326309,1.34392435195799,1440,2023-11-03,0.05,0.18216531490393342,2.611
529,5,215,901.948408931508,7718.970773016381,7333.022234365548,7355.329360988901,0.9969672158065871,22.30712662335225,0.12299818275534581,0.19124122999772156,0.9992867288470891,0.0,0.0,0.0,0.0,False,1756.664253456311,2.334786711332744,1440,2023-03-08,0.05,0.1902551713410433,2.619
530,5,272,1143.8499326153196,9509.821180194827,9034.330121185067,9076.291822836065,0.9953767791439426,41.96170165099731,0.12661148278531983,0.2029930169455938,0.9691857338348658,0.0,0.0,0.0,0.0,False,1735.4486787522737,2.8843290805267845,1440,2023-06-21,0.05,0.23882897206305065,2.609
531,5,230,807.7571775642581,8432.578735479916,8010.949798705869,8032.778705872535,0.9972825210346319,21.82890716666582,0.1008316364302704,0.20787889358043915,0.9990787742884497,0.0,0.0,0.0,0.0,False,1815.1473277484174,2.2737548978253406,1440,2023-04-27,0.05,0.2516844305080579,2.598
532,5,220,510.2314912088849,7589.684262309482,7210.2000491940325,7277.542338624104,0.990746561641742,67.34228943007247,0.07076523365893564,0.21759069583018198,1.0037287235042698,0.0,0.0,0.0,0.0,False,1503.4674562551882,1.9340096715748836,1440,2023-03-22,0.05,0.2508259239883819,2.602
533,5,126,486.49109966352995,4545.44863777269,4318.176205884063,4330.570896053623,0.9971378623125984,12.394690169559555,0.11266124318887777,0.18512735114148,1.0030205764697298,0.0,0.0,0.0,0.0,False,986.5108346939087,1.3806897243417657,1440,2023-01-09,0.05,0.22789361903169786,2.628
534,5,287,860.1179492475228,9995.414878693546,9495.64413475887,9531.048400079046,0.9962853755605855,35.40426532017314,0.09058026364941955,0.19042724808358477,0.9633820246085419,0.0,0.0,0.0,0.0,False,1716.811813030211,3.1408881832962727,1440,2023-07-11,0.05,0.281710765824421,2.707
535,5,153,451.1406177810966,5332.841976172783,5066.199877364123,5082.838861836703,0.9967264387235429,16.638984472580123,0.08904911545176128,0.1887624037401418,0.9610289246210241,0.0,0.0,0.0,0.0,False,1087.5224050283432,3.279995407603096,1440,2023-07-13,0.05,0.31358334758178974,2.765
536,5,183,640.0794242231121,6487.323768850883,6162.9575804083415,6180.91490604727,0.997094713984598,17.95732563892834,0.10385913189762733,0.19934173068124206,0.95420447680147,0.0,0.0,0.0,0.0,False,1445.0873347279407,3.5104397939886747,1440,2023-08-31,0.05,0.34330595035625217,2.716
537,5,242,751.06253846704,7897.9407781969585,7503.043739287114,7545.625326191559,0.9943567848834687,42.581586904445544,0.1001010475967718,0.2023218762632097,0.9987595470034093,0.0,0.0,0.0,0.0,False,1838.279085430601,2.436775537543916,1440,2023-11-08,0.05,0.34384242677133947,2.823
538,5,203,603.9432921780111,7166.852304863083,6808.509689619929,6826.289653142085,0.9973953693110618,17.77996352215451,0.08870418339842664,0.19874827778573384,0.9612656218314821,0.0,0.0,0.0,0.0,False,1536.132047875497,3.268215030338493,1440,2023-07-13,0.05,0.33759919380992004,2.666
539,5,223,148.1314533210319,7776.879425809183,7388.035454518696,7399.299153302485,0.9984777343704556,11.263698783789843,0.020050181707023513,0.18886170976302624,1.0009442558514843,0.0,0.0,0.0,0.0,False,1695.2438948506729,2.100372015230578,1440,2023-01-07,0.05,0.34052911020194465,2.681
540,5,226,679.7834114569661,8307.72635716504,7892.340039306733,7910.767870270593,0.9976705382756693,18.427830963861403,0.08613204804549686,0.195433073885232,0.9969117622059321,0.0,0.0,0.0,0.0,False,1562.3761570248216,2.100295863744429,1440,2023-11-14,0.05,0.36518040747736974,2.614
541,5,148,119.15018462891275,5312.323552853944,5046.707375211193,5061.158021085348,0.9971447945679719,14.45064587415532,0.023609489469146525,0.2027314420042964,1.0083738527480528,0.0,0.0,0.0,0.0,False,1045.2896164606886,1.4574712386819666,1440,2023-11-01,0.05,0.37067279053459556,2.601
542,5,122,153.52507641366822,4288.562015531733,4074.1339147551626,4089.0296726885495,0.9963571411494324,14.895757933386616,0.037682874354633085,0.19789262137619276,1.0087677020940147,0.0,0.0,0.0,0.0,False,956.1092991789768,1.4269696013270707,1440,2023-03-12,0.05,0.35887371501821963,2.541
543,5,292,1548.0563795210055,10408.996482551256,9888.546658423676,9908.03724390344,0.9980328510077254,19.490585479764224,0.15655044497386025,0.19208997837457084,0.9961457936312653,0.0,0.0,0.0,0.0,False,1475.156968743463,2.3316506390536675,1440,2023-02-05,0.05,0.3601852289181374,2.62
544,5,266,407.6986029361379,9443.974080446793,8971.775376424433,8982.36389659712,0.9988211877970454,10.588520172688074,0.04544235514494346,0.1809886963889348,0.9988365782595534,0.0,0.0,0.0,0.0,False,1741.1683655828547,2.2942530514387895,1440,2023-12-16,0.05,0.3743957557229112,2.635
545,5,147,97.82505357485462,5295.529731570914,5030.753244992375,5040.137898863406,0.9981380164472985,9.384653871031073,0.019445408830621923,0.19395082449317946,1.001789371311952,0.0,0.0,0.0,0.0,False,914.5757335661631,1.3819507932854789,1440,2023-01-07,0.05,0.41113756271568286,2.709
546,5,241,576.1629339587826,8306.276314401084,7890.962498681005,7915.905103922307,0.996849052014413,24.94260524130152,0.07301554582917986,0.19527665901533128,0.995950780206381,0.0,0.0,0.0,0.0,False,1921.1063683692223,2.45873536231137,1440,2023-10-27,0.05,0.41231678525590293,2.64
547,5,212,670.1598269466768,7707.76199465159,7322.373894919043,7340.196072212889,0.997571975309854,17.822177293845993,0.09152220803852931,0.19822706867839907,0.9630358250788676,0.0,0.0,0.0,0.0,False,1706.9283186581995,3.2802252785757795,1440,2023-08-09,0.05,0.4105794943885784,2.829
548,5,253,327.24602240666314,9096.985020328884,8642.135769312394,8662.599519239186,0.9976376894855473,20.463749926790165,0.037866336648943934,0.20055103681404404,0.9985181067807843,0.0,0.0,0.0,0.0,False,1639.9284696676846,2.1811226541599513,1440,2023-01-11,0.05,0.4027874070020497,2.735
549,5,146,417.02143179157696,5091.056172749512,4836.503364112046,4853.981993205633,0.99639911538237,17.47862909358807,0.08622374480000794,0.2068898183711782,0.9637560319311148,0.0,0.0,0.0,0.0,False,998.2441460830081,3.083778948232281,1440,2023-07-26,0.05,0.3914134553537056,2.623
550,5,246,157.79447675252243,8492.354703445253,8067.736968272948,8080.910402143395,0.9983698082004531,13.173433870447774,0.01955870368271331,0.19388454777067893,0.9973195238133921,0.0,0.0,0.0,0.0,False,2314.5272352307766,2.8112999804847085,1440,2023-10-18,0.05,0.3680244836907763,2.581
551,5,249,921.4949427199174,8919.306636935911,8473.341305089163,8493.969766027885,0.9975713992977433,20.628460938722146,0.10875225127146235,0.20153222269895468,1.0009488570575835,0.0,0.0,0.0,0.0,False,1838.017226495901,2.319560314800049,1440,2023-11-16,0.05,0.3782306742929972,2.676
552,5,300,1669.6486057651834,11041.196554212433,10489.13672650186,10528.343885092054,0.9962760374263885,39.20715859019232,0.1591788389550351,0.2131820231896566,0.9984542001850887,0.0,0.0,0.0,0.0,False,2201.928378343582,2.7448855763753564,1440,2023-01-24,0.05,0.36949413079761967,2.708
553,5,170,818.0924373121836,6341.806614890568,6024.716284146054,6045.584582401905,0.9965481752886898,20.868298255851247,0.1357893714372876,0.2118196631624914,0.9951083178077573,0.0,0.0,0.0,0.0,False,1277.5103762991394,1.7729987459932206,1440,2023-03-05,0.05,0.33621623376229054,2.544
554,5,197,342.02544335030024,6965.6541952740845,6617.371485510416,6639.284085325101,0.9966995538173885,21.912599814684363,0.051685997091021535,0.20670935724745823,1.005570698241471,0.0,0.0,0.0,0.0,False,1487.250296104326,1.9261676793750167,1440,2023-10-20,0.05,0.3120001250356661,2.59
555,5,144,477.5047992790295,5184.8409970944795,4925.598947239734,4960.112302664611,0.9930418197575213,34.51335542487669,0.09694349954062324,0.2173550179782286,0.9784699545783643,0.0,0.0,0.0,0.0,False,1242.453717034713,2.4221478144582105,1440,2023-05-07,0.05,0.3035344432050666,2.792
556,5,122,448.86814959343485,4474.901909618383,4251.15681413744,4281.825574127045,0.992837456954127,30.668759989603874,0.10558729522766622,0.21703325508831253,0.9520500162036987,0.0,0.0,0.0,0.0,False,746.7131738684312,3.5886211288257215,1440,2023-09-01,0.05,0.27247369323398085,2.725
557,5,128,334.65036976245244,4470.803563417804,4247.2633852469,4272.547978047176,0.9940820810134394,25.28459280027621,0.07879199837826839,0.2097995507736451,0.9601306729384613,0.0,0.0,0.0,0.0,False,627.141098111628,3.2661695698055437,1440,2023-05-26,0.05,0.24748130886051187,2.669
558,5,201,682.425229588451,6858.673978543328,6515.740279616134,6584.100050392866,0.9896174465373361,68.3597707767315,0.10473487283146515,0.2357291005381642,0.9595105369356257,0.0,0.0,0.0,0.0,False,1140.7046228137724,3.38145335070662,1440,2023-06-26,0.05,0.24291157331532276,2.878
559,5,151,500.0767262460358,5363.02706096912,5094.875707920673,5139.989719142041,0.9912229374597079,45.114011221369154,0.09815288044585639,0.2484667720057308,1.007150072315442,0.0,0.0,0.0,0.0,False,986.8657342307971,1.5160294072137448,1440,2023-12-04,0.05,0.1804243203703213,2.838
560,5,254,997.5221126534442,8789.534289046778,8350.05757459446,8421.480243704895,0.9915189886998995,71.42266911043383,0.11946290235033392,0.23402759100905163,0.9936670667882402,0.0,0.0,0.0,0.0,False,1471.2321877575523,2.3161355613154413,1440,2023-04-02,0.05,0.09998830218538704,2.644
561,5,154,409.8773994773953,5239.254019320261,4977.29131835425,5019.363990919898,0.991617927561787,42.072672565649086,0.08234948956391847,0.23026115052093996,0.9665637937025274,0.0,0.0,0.0,0.0,False,988.3196022178945,2.9495788518803674,1440,2023-08-01,0.05,0.06570430627968121,2.598
562,5,233,916.3904805700004,8294.246884042748,7879.534539840567,7919.785380096686,0.994917685477024,40.25084025611912,0.1163000778709122,0.23236445065698721,0.9899013016371876,0.0,0.0,0.0,0.0,False,1569.49060524863,2.474025882843493,1440,2023-03-10,0.05,0.04505022110291523,2.628
563,5,217,571.3817495051136,7714.722280237984,7328.98616622607,7377.651033798613,0.9934037449928712,48.66486757254252,0.07796190858405404,0.22220063380791918,0.9633145816852542,0.0,0.0,0.0,0.0,False,1509.5752945521067,3.078825316122373,1440,2023-05-31,0.05,0.022281470129349168,2.637
564,5,179,477.1119745916856,6079.46633302721,5775.493016375865,5810.304568884001,0.9940086527142549,34.8115525081353,0.08260973967744047,0.22909335751315962,0.9667742268115647,0.0,0.0,0.0,0.0,False,1010.5472836487191,2.9375968177503697,1440,2023-05-15,0.05,0.025316834728049964,2.572
565,5,201,557.4394448942415,7091.6007236686655,6737.020687485241,6774.579414963811,0.9944559322168975,37.55872747857026,0.08274272423264883,0.22349306408881495,0.9770910995162126,0.0,0.0,0.0,0.0,False,1285.6466011179632,2.8226986080498313,1440,2023-10-04,0.05,0.01112646637982373,2.58
566,5,300,1359.5289378137206,11108.098645537812,10552.693713261004,10613.963476366422,0.9942274379178104,61.269763105417674,0.12883240760653117,0.22027775996479732,1.0001646000308384,0.0,0.0,0.0,0.0,False,2054.9645294638603,2.457644729156228,1440,2023-03-14,0.05,0.010920164030360169,2.64
567,5,293,858.8350167498745,10290.778974352925,9776.24002563526,9827.160694643091,0.9948183742395106,50.920669007832146,0.08784921549571585,0.22963382255782186,0.9943315328924995,0.0,0.0,0.0,0.0,False,1872.658384285232,2.5850341267586074,1440,2023-04-12,0.05,0.01681490322538834,2.695
568,5,170,859.9273938311284,6698.515079448701,6363.589325476241,6397.323620995041,0.9947268111608284,33.73429551879868,0.13513244646200873,0.23728445969995748,1.0065116945125927,0.0,0.0,0.0,0.0,False,1039.245720599182,1.423837759564712,1440,2023-01-26,0.05,-0.0005343342511342497,2.641
569,5,292,746.7967609480594,10446.087029249034,9923.78267778656,9980.865561068998,0.9942807682426769,57.082883282438495,0.07525323610922,0.22394660890735177,1.000958583695564,0.0,0.0,0.0,0.0,False,1681.3209283563451,2.1737318725551087,1440,2023-10-17,0.05,-0.03310934893004852,2.774
570,5,159,508.42621476874075,5348.473675878613,5081.0499920846905,5133.831817293532,0.9897188246348383,52.78182520884242,0.10006321834281735,0.2205311115064121,0.9657461191275664,0.0,0.0,0.0,0.0,False,729.5593512224154,2.995124925497012,1440,2023-06-23,0.05,-0.031023419374814953,2.657
571,5,264,916.2634221094947,9973.368769688033,9474.7003312036,9565.967090630938,0.9904592229345294,91.26675942733847,0.09670632210835306,0.2394075122917254,0.9672958238006936,0.0,0.0,0.0,0.0,False,1338.0323032887209,3.1568533829133645,1440,2023-08-04,0.05,-0.02286713702388149,2.576
572,5,182,520.6568632681015,6438.328344002323,6116.411926802188,6168.045184128692,0.9916289106540003,51.63325732650422,0.08512455823757996,0.22981554215498018,0.9916624019676518,0.0,0.0,0.0,0.0,False,1300.1273817436715,1.8277523478693636,1440,2023-11-07,0.05,-0.05984056848541025,2.61
573,5,241,880.7636794416206,8456.36241079224,8033.544290252643,8127.400854216018,0.9884518352611231,93.85656396337525,0.1096357532391126,0.2580676123974241,0.9598557798078686,0.0,0.0,0.0,0.0,False,1181.3746363549162,3.276138744003153,1440,2023-08-17,0.05,-0.06980775646154277,2.718
574,5,237,401.39549813771833,8589.665985635032,8160.1826863533115,8215.264260135407,0.9932952158277636,55.081573782095305,0.04918952351507919,0.2368394665860774,1.0021101817248688,0.0,0.0,0.0,0.0,False,1703.6347253506387,2.255051520613457,1440,2023-10-20,0.05,-0.1428394419956966,2.604
575,5,272,1096.325089073668,9880.66808993817,9386.634685441244,9443.8663251627,0.9939398083633432,57.23163972145698,0.11679639464121026,0.229466384529652,0.9959524752191503,0.0,0.0,0.0,0.0,False,1929.4327770962038,2.6310157587371146,1440,2023-02-20,0.05,-0.1564048429673608,2.592
576,5,189,895.6314316091531,6564.279270767119,6236.065307228769,6299.960066312118,0.9898579104612083,63.89475908334967,0.14362123991404457,0.24082784975889265,1.0071294406164955,0.0,0.0,0.0,0.0,False,1273.3484306803366,1.687449309727118,1440,2023-01-27,0.05,-0.1525097024470389,2.58
577,5,289,1041.044337855863,10511.715778277783,9986.129989363846,10018.92798331559,0.996726396875358,32.797993951742455,0.10424902729732856,0.21261769198924912,0.9910282437616472,0.0,0.0,0.0,0.0,False,2140.5545278523614,3.0052064948599435,1440,2023-03-27,0.05,-0.17643020602305542,2.661
578,5,279,1086.8957726895883,10363.615930375938,9845.43513385719,9933.965258056942,0.9910881383314736,88.5301241997509,0.11039591017687912,0.23940586809437858,0.9873714000270459,0.0,0.0,0.0,0.0,False,1967.1034945559118,2.770373024702841,1440,2023-03-18,0.05,-0.13413514639011537,2.659
579,5,124,11.63926906287257,4279.087217715866,4065.132856830075,4111.483096729986,0.9887266373691832,46.35023989991123,0.002863195244238262,0.24354924579310433,1.005056389461494,0.0,0.0,0.0,0.0,False,656.5606431630798,1.2268798028485837,1440,2023-12-23,0.05,-0.16120337951976701,2.588
580,5,138,408.49968892043535,4748.816500799424,4511.37567575946,4556.440618254649,0.9901096170737651,45.06494249518897,0.09054880778725374,0.23715256376577515,0.9676012272472245,0.0,0.0,0.0,0.0,False,949.0227988667629,2.9834166834807596,1440,2023-07-12,0.05,-0.1941508592503402,2.739
581,5,141,466.70661975652837,4871.378437382811,4627.809515513649,4658.292006900734,0.9934562944225204,30.482491387086075,0.10084827782820438,0.22591284903472345,1.0056776309704394,0.0,0.0,0.0,0.0,False,762.1789578028713,1.2267046233862429,1440,2023-01-06,0.05,-0.20829377076296335,2.826
582,5,236,958.3186587986481,8313.882347124636,7898.18822976837,7949.703616256592,0.9935198355844517,51.515386488222,0.12133398583573042,0.2330498477147187,1.0016533535235248,0.0,0.0,0.0,0.0,False,1350.6906035522904,1.8277693044573726,1440,2023-11-30,0.05,-0.19617637001648427,2.75
583,5,185,460.5297317105288,6572.087048870841,6243.482696427301,6307.929368569907,0.9897832286354188,64.44667214260656,0.07376167342852685,0.21807759393703294,0.9652680065858661,0.0,0.0,0.0,0.0,False,986.1691778032034,3.0627032128390623,1440,2023-06-30,0.05,-0.20383633890102648,2.593
584,5,147,663.493620126379,5480.5570320382,5206.52918043626,5232.933389554647,0.9949542241124085,26.404209118387804,0.1274349181830158,0.2132635364497327,1.0065061041366004,0.0,0.0,0.0,0.0,False,947.835188864547,1.4420825195717213,1440,2023-03-07,0.05,-0.17792923539460326,2.67
585,5,136,369.5451738103265,4706.472468192258,4471.148844782667,4510.661195812743,0.9912402307965945,39.512351030076985,0.08265105605722445,0.22647984558228218,0.9903176629421027,0.0,0.0,0.0,0.0,False,551.6553215263376,1.8865517063199837,1440,2023-04-29,0.05,-0.1472758029398908,2.719
586,5,285,991.0539857790634,10134.682494384258,9627.948369665075,9683.541102961306,0.9942590491737335,55.59273329623089,0.10293511636410436,0.22732171786642869,0.968297195285001,0.0,0.0,0.0,0.0,False,2264.939802588768,3.377642693143501,1440,2023-06-18,0.05,-0.15315292934684374,2.545
587,5,228,685.5450086775546,8102.817073164168,7697.67621950593,7738.966748741743,0.9946645940502941,41.29052923581311,0.08905869630374709,0.2210007677686888,0.9677217408804222,0.0,0.0,0.0,0.0,False,1447.95603621966,3.145251698333679,1440,2023-06-08,0.05,-0.1610728353908499,2.598
588,5,126,70.69620627191243,4621.189699519032,4390.130214543105,4432.390470325417,0.9904655837374343,42.26025578231157,0.016103441769840538,0.24245741671352755,1.0021528331665992,0.0,0.0,0.0,0.0,False,707.8579398023701,1.3375220556472476,1440,2023-11-04,0.05,-0.1545527083994615,2.57
589,5,167,555.1424871552373,6205.445172019975,5895.172913418937,5926.166658701068,0.9947700179446314,30.993745282130043,0.09416899136098103,0.22970850690424854,0.9949107991301404,0.0,0.0,0.0,0.0,False,1125.3671611403815,1.7627388221972853,1440,2023-10-30,0.05,-0.1986641053206724,2.741
590,5,238,927.576863905971,8431.582148541811,8010.003041114732,8055.408034999757,0.9943634147782774,45.40499388502499,0.11580231107838412,0.23332852155496175,1.0013431730278395,0.0,0.0,0.0,0.0,False,1363.550920563866,1.7849718525474076,1440,2023-10-22,0.05,-0.20739104662243973,2.682
591,5,167,300.99159518911665,5653.255378994911,5370.592610045147,5412.133292826622,0.9923245270332617,41.5406827814742,0.05604439156791422,0.2246624159773071,0.9585337691558496,0.0,0.0,0.0,0.0,False,639.2208789791495,3.345598792130484,1440,2023-07-29,0.05,-0.22400305797317077,2.652
592,5,258,841.5169230435723,9252.770717742682,8790.132181855615,8864.03459255936,0.9916626667087041,73.90241070374421,0.09573427402839423,0.22308770934294656,0.9751863843587962,0.0,0.0,0.0,0.0,False,1731.5733804619,2.7878683071112476,1440,2023-05-12,0.05,-0.21946035558178068,2.714
593,5,172,662.9006959091311,6290.088923808632,5975.584477618195,6054.736673544128,0.9869272273603928,79.15219592593513,0.11093487145768816,0.2644346180366965,1.0047149517074554,0.0,0.0,0.0,0.0,False,838.9883610400625,1.3664226941651179,1440,2023-11-21,0.05,-0.2135162245402228,2.643
594,5,234,409.18702359661967,8120.259711315597,7714.246725749819,7763.161683783362,0.9936990932269616,48.9149580335411,0.05304303040124076,0.21539932101621131,0.9962751526851239,0.0,0.0,0.0,0.0,False,1602.2808104578985,2.306801320072975,1440,2023-01-03,0.05,-0.30294584973506106,2.61
595,5,137,-16.89821520857775,4992.325361045029,4742.709092992775,4800.135136471801,0.9880365777532598,57.42604347902687,-0.0035629879204576147,0.2531752457211194,0.9609396688314229,0.0,0.0,0.0,0.0,False,616.6099041319818,3.209303259790654,1440,2023-07-01,0.05,-0.2673818624966749,2.679
596,5,266,879.1097061170697,9317.12287116041,8851.266727602413,8949.287659221349,0.9890470688448667,98.02093161893598,0.09932021406332633,0.23584897515031297,0.9674143101883541,0.0,0.0,0.0,0.0,False,1249.5975814279136,2.9830222489966225,1440,2023-07-08,0.05,-0.3246964693428197,2.833
597,5,254,693.9006580933088,8962.704561535647,8514.569333458852,8589.618733382476,0.9912627786805072,75.0493999236247,0.0814956847396329,0.23650752549492227,0.9908862076425372,0.0,0.0,0.0,0.0,False,1626.1332529556003,2.3927140816392853,1440,2023-09-23,0.05,-0.3342228083214771,2.736
598,5,217,990.8033224495066,7555.237448289648,7177.475575875151,7211.808026926477,0.9952394114037505,34.332451051327,0.13804342654676297,0.22051695124110393,1.0011296445075877,0.0,0.0,0.0,0.0,False,1392.5015005798346,1.952919314325785,1440,2023-02-28,0.05,-0.34511806653728955,2.751
599,5,237,742.6692341736775,8329.084126441052,7912.629920118961,7962.133609693997,0.9937826100387509,49.503689575035935,0.09385870964157414,0.21885421759952434,0.9664319524687959,0.0,0.0,0.0,0.0,False,1537.152355284,3.030117956049574,1440,2023-06-12,0.05,-0.3196808573135944,2.703
