episode,stage,n_ev,cost_eur,energy_drawn_kwh,energy_delivered_kwh,energy_requested_kwh,service_quality,unmet_kwh,cost_per_kwh,retail_price_paid,min_voltage_pu,violation_rate_pct,q_activation_pct,q_kvarh,curtailed_kwh,q_exhausted_any,peak_ev_kw,peak_feeder_mw,pf_solves,day,noise,w_retail,wall_s
0,0,60,254.7586767116339,2255.6703757738455,2142.886856985138,2146.437464763594,0.998345813546053,3.550607778455827,0.11888573392533566,0.1537845768946928,0.9998975448635306,0.0,0.0,0.0,0.0,False,371.3090422756901,1.3828583810623918,1440,2023-11-21,0.3,0.0,0.356
1,0,60,138.0541595975089,2144.247687809964,2037.0353034194745,2041.2542211542916,0.9979331737854624,4.218917734817014,0.06777209966158365,0.1811649686599418,0.97462322932623,0.0,0.0,0.0,0.0,False,393.3981195879169,2.594811928283052,1440,2023-10-14,0.2985,0.10398470198694124,0.392
2,0,60,51.50896498329223,2265.863483597683,2152.5703094178048,2172.4450937096235,0.9908514215851223,19.87478429181938,0.023929051124570982,0.19680102534665272,0.9980550054953659,0.0,0.0,0.0,0.0,False,279.8226962786913,1.4034998902062985,1440,2023-11-04,0.2970075,0.1278773532599493,2.349
3,0,60,285.0995021182785,2031.5664414248035,1929.988119353564,1946.2321754912205,0.9916535877156811,16.244056137656543,0.1477208586205031,0.2070901224161035,1.0067382740351067,0.0,0.0,0.0,0.0,False,224.3435782267489,1.1123693951895222,1440,2023-01-27,0.29552246249999997,0.11275209830025912,2.621
4,0,60,237.37164198671573,1960.4685384790596,1862.4451115551055,1885.111314512413,0.9879761991863223,22.666202957307355,0.12745161750754364,0.2078057706257098,1.0065677478337836,0.0,0.0,0.0,0.0,False,261.7386239902583,1.1230904944061688,1440,2023-03-03,0.2940448501875,0.07766137465891008,2.758
5,0,60,118.39302722938203,2099.64101138534,1994.6589608160648,2004.6026460539265,0.9950395729261179,9.943685237861674,0.05935502236479788,0.1848019518300856,0.9605346269833734,0.0,0.0,0.0,0.0,False,262.14762471459625,3.2675602045326615,1440,2023-07-02,0.29257462593656247,0.047624081153411525,2.587
6,0,60,328.3841686966857,2309.306233041657,2193.840921389584,2209.267258323368,0.9930174419252964,15.426336933784217,0.14968458537489876,0.17748571257713674,1.0055152610597375,0.0,0.0,0.0,0.0,False,264.38465742634696,1.1353126821662463,1440,2023-02-08,0.2911117528068797,0.07496255010788161,2.735
7,0,60,206.16048183107682,2131.8929171194904,2025.298271263523,2038.3821692278107,0.9935812340974096,13.083897964287651,0.10179265185589649,0.19029065690548846,1.0078093876332468,0.0,0.0,0.0,0.0,False,279.6322404750876,1.0397359294629402,1440,2023-12-04,0.28965619404284526,0.11405476599908833,2.718
8,0,60,211.12422166447806,2226.821695784907,2115.480610995663,2130.7611779389536,0.9928285876889914,15.280566943290724,0.09979964863167015,0.2069850785970133,0.9623394267756021,0.0,0.0,0.0,0.0,False,218.22458404302597,3.149713889809526,1440,2023-07-11,0.28820791307263105,0.1176431283444055,2.714
9,0,60,151.36501771371212,2273.638240938784,2159.9563288918307,2178.382095094733,0.9915415361499742,18.4257662029026,0.07007781393032618,0.21142844761768867,0.9650239847385186,0.0,0.0,0.0,0.0,False,301.72620569245066,3.0289278244330853,1440,2023-06-10,0.28676687350726787,0.08343683656945397,2.672
10,0,60,276.9690508584727,2224.49831608688,2113.2734002825337,2140.381577520745,0.9873348857405083,27.1081772382108,0.131061627341471,0.21229164098970746,1.0071789886055869,0.0,0.0,0.0,0.0,False,334.2724786144296,1.0966228490123693,1440,2023-03-08,0.28533303913973157,0.04572496892312246,2.65
11,0,60,292.57066973115064,1826.5264232874138,1735.2001021230467,1760.6828744766788,0.9855267676405348,25.482772353631997,0.16860918194575109,0.20625036655628898,1.0026098264502306,0.0,0.0,0.0,0.0,False,222.18935078382492,1.267738102511089,1440,2023-02-06,0.2839063739440329,0.01304186733813055,3.41
12,0,60,193.98707989711883,1996.1173802116639,1896.3115112010832,1920.3106200292239,0.9875024860156346,23.999108828140592,0.10229705338562838,0.2084921947839663,0.9896733889895191,0.0,0.0,0.0,0.0,False,262.79474985952,1.8978433394744674,1440,2023-05-05,0.2824868420743127,-0.00012632850415677035,3.421
13,0,60,134.32275671260697,2198.0895255938754,2088.1850493141856,2106.386890026291,0.9913587381319686,18.201840712105334,0.06432512135680794,0.19212181424684308,1.01157286761718,0.0,0.0,0.0,0.0,False,243.02867189488146,0.8800293902155,1440,2023-11-23,0.28107440786394117,-0.016017517018075057,3.363
14,0,60,242.04234068076093,2076.668434243569,1972.8350125313834,1992.4297357389548,0.990165413185673,19.594723207571512,0.12268757353925488,0.206730471379257,1.0094203571728317,0.0,0.0,0.0,0.0,False,294.40191357619796,0.8954742446998287,1440,2023-10-25,0.27966903582462144,0.007678278640119263,2.69
15,0,60,-0.528185944997572,2114.1757027113977,2008.466917575828,2036.4916546497898,0.9862387174482278,28.024737073961365,-0.00026297965895055915,0.23746332754566538,0.9606384067392884,0.0,0.0,0.0,0.0,False,219.43308866024017,3.1728014378019562,1440,2023-07-01,0.27827069064549836,-0.005840654093598794,2.536
16,0,60,188.49219992230712,2164.5162489525424,2056.2904365049076,2077.575218084994,0.989754988702789,21.284781580086275,0.09166613654182468,0.2212241297404945,1.0069031412675833,0.0,0.0,0.0,0.0,False,307.54497226543157,1.0534435904915906,1440,2023-11-27,0.2768793371922708,-0.08614125022395491,2.63
17,0,60,237.72337570119237,2053.6018359277555,1950.9217441313608,1969.0809743222824,0.990777814407977,18.159230190921605,0.12185182538269244,0.1962833178016978,0.9919274620125121,0.0,0.0,0.0,0.0,False,226.93242887105612,1.7856126918806523,1440,2023-04-17,0.27549494050630946,-0.11571669844388859,3.0
18,0,60,163.52055241214163,1937.156314993272,1840.2984992436081,1861.6126245235553,0.9885507194143561,21.31412527994668,0.08885545061268657,0.20164187623284555,1.0032701073369736,0.0,0.0,0.0,0.0,False,214.57755368947983,1.2068420090813197,1440,2023-12-08,0.27411746580377794,-0.08432143664456769,3.297
19,1,60,250.97456679994661,2388.35612004627,2268.9383140439563,2280.741074103612,0.9948250328835357,11.802760059655702,0.11061321731247581,0.14368268916286275,0.9996090810721681,0.0,0.0,0.0,0.0,False,249.46518126560642,1.4168281850388214,1440,2023-04-27,0.27274687847475904,-0.0710761495652783,3.686
20,1,120,330.5380228001701,4386.752396340351,4167.41477652333,4200.439414005037,0.9921378136364503,33.02463748170603,0.07931488477274196,0.18156562210222477,0.9825640419705851,0.0,0.0,0.0,0.0,False,527.5133843312527,2.0431201526160354,1440,2023-09-20,0.27138314408238523,0.06984615719397223,3.568
21,1,120,481.0199729781193,4414.198584796298,4193.488655556492,4240.20372794492,0.988982823612801,46.71507238842752,0.11470639662772288,0.20929984807019444,1.0014303955056323,0.0,0.0,0.0,0.0,False,464.6886090791496,1.254250455988998,1440,2023-11-21,0.2700262283619733,0.10016326902966498,3.806
22,1,120,511.4178038881146,4319.919560061488,4103.923582058405,4125.095310911215,0.9948675782601171,21.171728852809398,0.12461679504071142,0.17332785674207957,1.004004976330425,0.0,0.0,0.0,0.0,False,599.6298922820856,1.2012970071614884,1440,2023-04-08,0.26867609722016345,0.06293666896517618,4.251
23,1,120,371.3500329866639,4353.951276223319,4136.253712412147,4178.79899656976,0.9898187770714656,42.545284157612684,0.08977931693897544,0.18765788656977858,0.9642818882865596,0.0,0.0,0.0,0.0,False,525.0955949502063,3.080695162316209,1440,2023-06-07,0.2673327167340626,0.11362737699833389,3.408
24,1,120,581.4857681031705,4084.6343596368265,3880.4026416549777,3909.386145581175,0.9925861752083617,28.98350392619694,0.14985191532989187,0.15616441355075245,1.0026809724297792,0.0,0.0,0.0,0.0,False,478.6307912339294,1.152948049215742,1440,2023-02-09,0.2659960531503923,0.12327098347543329,3.829
25,1,120,477.7824110136955,4270.231757094277,4056.72016923956,4085.724936266065,0.9929009496530101,29.004767026504823,0.11777554060458074,0.1662846225158748,1.0051380655891293,0.0,0.0,0.0,0.0,False,454.36642122073397,1.1289917839194399,1440,2023-12-05,0.26466607288464034,0.2024632886214327,3.701
26,1,120,124.14327560279102,4145.00531764624,3937.7550517639197,3983.978834111249,0.9883975833527135,46.223782347329376,0.03152640882199642,0.2088527584319334,0.9971443096309526,0.0,0.0,0.0,0.0,False,537.3894161236565,1.378118441600353,1440,2023-11-13,0.26334274252021717,0.2452384418891693,3.83
27,1,120,374.8029033717123,3811.2478206367828,3620.685429604938,3653.684611029119,0.9909682457745344,32.99918142418136,0.10351711317064295,0.16556743336969465,0.9967731166394519,0.0,0.0,0.0,0.0,False,497.5827627700411,1.539592388445652,1440,2023-03-16,0.26202602880761605,0.18536602756643297,4.545
28,1,120,308.36688881723046,4469.184035380692,4245.7248336116645,4269.455553501166,0.9944417456530164,23.730719889501692,0.07262997506951371,0.15944117462629762,0.9999948535013632,0.0,0.0,0.0,0.0,False,482.77731967638636,1.3610615041923322,1440,2023-01-04,0.260715898663578,0.23441743957668446,3.23
29,1,120,416.34126832187724,4073.2825534675108,3869.618425794137,3911.149823240681,0.9893812818931768,41.53139744654486,0.1075923314677814,0.22805228688150495,0.9775723154689435,0.0,0.0,0.0,0.0,False,510.48954654493116,2.406686625538852,1440,2023-05-07,0.2594123191702601,0.28916427968904423,3.575
30,1,120,620.7879570018002,4397.909755677998,4178.014267894051,4206.553746909649,0.9932154726332537,28.539479015597824,0.14858445117630284,0.16709236099303443,1.004230889928397,0.0,0.0,0.0,0.0,False,465.52354462201276,1.1254684819326224,1440,2023-03-02,0.2581152575744088,0.1806146904734007,3.512
31,1,120,621.6789070740874,4439.509716528633,4217.534230702189,4242.467441072412,0.9941229459703479,24.93321037022237,0.14740340518127398,0.16907652249361255,1.0033998658210703,0.0,0.0,0.0,0.0,False,518.1556216934682,1.106350446847521,1440,2023-02-26,0.25682468128653674,0.22953223800586928,3.807
32,1,120,380.06159107688126,3975.5203915602146,3776.7443719822104,3811.8067425874265,0.9908016400166667,35.06237060521654,0.10063206657468515,0.22784314480996437,1.0017051712682306,0.0,0.0,0.0,0.0,False,537.0441772387701,1.277180336114899,1440,2023-04-11,0.25554055788010405,0.2658472946058917,3.03
33,1,120,231.6674163987777,4371.645927212095,4153.063630851527,4184.606870368791,0.992462078160646,31.54323951726323,0.055782293986012824,0.1747698089070826,1.0015607136830582,0.0,0.0,0.0,0.0,False,437.77254144391827,1.2876241135440556,1440,2023-10-18,0.25426285509070357,0.16422061354943734,2.887
34,1,120,441.00229396932207,4109.409157770884,3903.938699882353,3948.599277969161,0.9886895136875531,44.66057808680818,0.1129634269059122,0.19243917035403849,1.0033181484625298,0.0,0.0,0.0,0.0,False,497.9684899483651,1.2687513966209396,1440,2023-04-15,0.25299154081525005,0.20094211724525962,2.923
35,1,120,339.9596248912854,4190.970887549543,3981.422343172045,4019.509895773228,0.9905243291871891,38.087552601182644,0.08538647638683708,0.21496307011576998,1.006650971245912,0.0,0.0,0.0,0.0,False,467.7170410741441,0.9868201683001061,1440,2023-11-24,0.25172658311117374,0.1918247665009126,2.71
36,1,120,84.83090705970058,4247.477076979317,4035.1032231303434,4065.4565697520247,0.9925338406398146,30.35334662168163,0.021023230972983795,0.18142799310537552,0.9974316797705782,0.0,0.0,0.0,0.0,False,446.007971984406,1.3847360623876406,1440,2023-11-04,0.2504679501956179,0.1342301529238372,2.626
37,1,120,146.71101527467937,4100.524653608123,3895.4984209277263,3931.3460645822424,0.9908815853232892,35.84764365451629,0.03766168007834531,0.21195412996597932,0.9611964818825623,0.0,0.0,0.0,0.0,False,471.81709627634757,3.2194489168925866,1440,2023-07-14,0.24921561044463983,0.16286023182977588,2.803
38,1,120,459.65178843150835,4307.938421129046,4092.5415000725907,4152.261559246685,0.9856174621174567,59.720059174093734,0.11231450882620381,0.2349285514369467,0.9917787835740222,0.0,0.0,0.0,0.0,False,558.3743156689652,1.781719081811067,1440,2023-04-28,0.2479695323924166,0.11800908736289954,2.829
39,2,120,358.47520814749635,4335.878743205417,4119.0848060451535,4161.816936215692,0.9897323378645783,42.73213017053956,0.0870278775570242,0.2144473310333246,0.9653851890126538,0.0,0.0,0.0,0.0,False,477.2550611455069,2.9946320520152474,1440,2023-05-25,0.24672968473045453,0.029838016981422917,2.783
40,2,180,782.914610831763,6413.063256573353,6092.410093744686,6140.099853636717,0.9922330644405098,47.689759892030054,0.1285065513950894,0.20085750337500033,0.9925599148803704,0.0,0.0,0.0,0.0,False,828.7938028294616,1.5038692755045582,1440,2023-10-11,0.24549603630680228,0.003637479012543937,2.822
41,2,180,605.3471434652968,6416.682616593617,6095.848485763936,6167.853281412748,0.9883257930492926,72.00479564881145,0.0993048211219499,0.21373339397800487,0.9620802037208794,0.0,0.0,0.0,0.0,False,775.7278298104762,3.167853794720318,1440,2023-07-27,0.24426855612526827,0.012531794317004165,2.765
42,2,180,581.2699369496761,6365.912974655421,6047.617325922649,6094.466998924487,0.9923127530249806,46.84967300183682,0.09611552874850514,0.1821832773758146,0.9541654280796756,0.0,0.0,0.0,0.0,False,712.495270747351,2.955455254999368,1440,2023-07-21,0.2430472133446419,-0.00936638246493788,2.982
43,2,180,683.4635750379991,6059.420950861204,5756.4499033181655,5798.468752298189,0.992753457718752,42.01884898002261,0.11873004829661302,0.18381520982560928,1.0004369408740783,0.0,0.0,0.0,0.0,False,690.3297481520412,1.3301790353986742,1440,2023-02-01,0.2418319772779187,0.04341616876553632,3.909
44,2,180,908.0935566654468,6665.858958628224,6332.5660106967825,6398.779819638417,0.9896521194965299,66.21380894163505,0.14340056702630846,0.21959850677550924,0.9671701303987075,0.0,0.0,0.0,0.0,False,714.7645279496603,2.9429430314220277,1440,2023-09-25,0.2406228173915291,0.08286119786908694,4.014
45,2,180,668.0616292825421,6483.1820557141955,6159.022952928459,6206.8505815218805,0.9922943805452951,47.82762859342155,0.10846876759322609,0.16709047210255107,0.9966654752475499,0.0,0.0,0.0,0.0,False,675.294628235635,1.4689953239079114,1440,2023-11-12,0.23941970330457144,0.034714042523372075,4.097
46,2,180,753.3814506575973,6514.831630407897,6189.090048887505,6241.01284908605,0.991680388832055,51.92280019854371,0.12172733708940271,0.17611515672989952,0.9533893654935418,0.0,0.0,0.0,0.0,False,734.7345458782763,3.4694450136313377,1440,2023-08-20,0.23822260478804858,0.1133594709221806,3.678
47,2,180,685.2263141605996,6135.757251200107,5828.969388640116,5880.835282810524,0.9911805225488953,51.865894170408765,0.11755531183540169,0.19381665898151357,0.9997066104021851,0.0,0.0,0.0,0.0,False,644.1786546917903,1.3937640723665148,1440,2023-01-05,0.23703149176410834,0.15761574962456584,4.116
48,2,180,732.3887736367011,6732.541944056398,6395.9148468535805,6452.882697138337,0.9911717207706224,56.96785028475711,0.11450883746474423,0.19757602487868745,0.9660086506755265,0.0,0.0,0.0,0.0,False,829.524258870995,2.9145698527268973,1440,2023-06-18,0.2358463343052878,0.15438663468384745,3.772
49,2,180,891.3809340444965,6331.955912935429,6015.358117288657,6052.573228029287,0.9938513572098082,37.21511074062888,0.14818418399439776,0.1519491536885208,1.0024009244890455,0.0,0.0,0.0,0.0,False,718.6439846910564,1.2637985441889266,1440,2023-03-02,0.23466710263376137,0.14365393651355585,4.214
50,2,180,804.9522151596725,6583.989562501143,6254.790084376089,6333.00129891227,0.9876502134067754,78.21121453618005,0.12869372181975727,0.23354786108995723,0.9948592034340406,0.0,0.0,0.0,0.0,False,671.286851115827,1.5127631819285083,1440,2023-10-26,0.23349376712059255,0.23784943691126315,3.969
51,2,180,932.9683656476011,6426.748151081708,6105.410743527622,6148.034320886649,0.9930671211098769,42.62357735902736,0.152810090072424,0.16072506156223887,1.0014843560976567,0.0,0.0,0.0,0.0,False,764.9304640290713,1.1970790617920664,1440,2023-01-20,0.2323262982849896,0.13201128789177097,3.547
52,2,180,708.6859076422594,6556.101302342727,6228.296237225552,6265.198860308172,0.9941099039463204,36.90262308261906,0.11378487481159849,0.182400768202028,0.9955144330647605,0.0,0.0,0.0,0.0,False,775.5099627148322,1.4547878458453787,1440,2023-11-26,0.23116466679356462,0.2095146745590457,3.949
53,2,180,703.5289372232912,6580.469905636787,6251.446410354969,6323.511188651672,0.9886036766367976,72.06477829670328,0.11253858563963016,0.23017890258308746,0.9964963637695496,0.0,0.0,0.0,0.0,False,798.8639837112178,1.3968676639205508,1440,2023-11-25,0.23000884345959682,0.224710790875228,4.128
54,2,180,457.98230817007374,6624.9461460640605,6293.698838760833,6344.321398858892,0.9920208077561826,50.62256009806051,0.07276838627064748,0.2093367498051952,0.9966416176795883,0.0,0.0,0.0,0.0,False,722.5098700062257,1.3232229929392523,1440,2023-12-18,0.22885879924229882,0.13024684316068863,3.746
55,2,180,640.1838316910716,6660.0059230715215,6327.005626917961,6370.220650343362,0.9932160868834157,43.21502342540022,0.10118275048902095,0.19489186710592943,0.957746223367579,0.0,0.0,0.0,0.0,False,714.6753198808675,3.3560416700808773,1440,2023-09-02,0.22771450524608736,0.10006158361016036,3.935
56,2,180,754.8066372882897,6662.044264218235,6328.942051007329,6371.882382071304,0.9932609661495326,42.94033106397637,0.119262687382033,0.1785258491995685,1.002201844974567,0.0,0.0,0.0,0.0,False,726.2578914629001,1.16073280158746,1440,2023-10-24,0.2265759327198569,0.10794752455282597,3.712
57,2,180,547.4262425495641,6223.293181984171,5912.128522884965,5952.948196749983,0.993142948247508,40.819673865018466,0.09259376558384329,0.19929611091734584,0.9935857049839073,0.0,0.0,0.0,0.0,False,802.3390970192744,1.4252030856124147,1440,2023-11-27,0.22544305305625761,0.1513352242409741,3.899
58,2,180,850.5792742838566,6088.551259040343,5784.12369608833,5846.906396352888,0.9892622361281994,62.782700264558365,0.1470541293677872,0.20590683161355833,1.0002511689292215,0.0,0.0,0.0,0.0,False,725.5968619463074,1.1120508242663991,1440,2023-01-26,0.22431583779097633,0.14038600266651513,3.334
59,3,180,674.5681854540688,6585.548853578774,6256.271410899828,6338.524929691404,0.9870232396805323,82.25351879157569,0.10782271758204412,0.21525324217661337,0.9682796960453681,0.0,0.0,0.0,0.0,False,849.8625898917618,2.9243935710127795,1440,2023-09-06,0.22319425860202144,0.11678769829460259,3.829
60,3,240,778.234687911891,8291.21144235155,7876.650870234019,7966.952571781199,0.9886654651532598,90.30170154718107,0.09880273998849581,0.23033876971449804,0.9613501900685864,0.0,0.0,0.0,0.0,False,858.6738942672929,3.155810452719625,1440,2023-07-27,0.22207828730901136,0.07658428944952075,3.871
61,3,240,943.3743774071909,8629.764113751706,8198.275908064112,8255.033825425871,0.9931244476325533,56.75791736175816,0.11506984980576888,0.17274271280967596,0.9943649550179777,0.0,0.0,0.0,0.0,False,923.2252729459614,1.405316611028574,1440,2023-11-28,0.2209678958724663,0.009716463304384138,3.62
62,3,240,866.8146390833024,8334.968080232853,7918.219676221224,7967.765861717687,0.9937816715053696,49.546185496462314,0.1094709005973131,0.17650443543268168,0.9854950144409822,0.0,0.0,0.0,0.0,False,983.5866238829799,1.9008338994194616,1440,2023-05-01,0.21986305639310397,0.08429639193839962,3.469
63,3,240,614.6693682852115,8099.5002026109405,7694.525192480387,7771.102972696307,0.990145828657145,76.57778021592044,0.07988398931826335,0.21349977402498627,0.9952139051720762,0.0,0.0,0.0,0.0,False,1046.119750515457,1.450327576360567,1440,2023-04-09,0.21876374111113842,0.13685932330336534,3.828
64,3,240,533.4431383004937,8696.801713096818,8261.961627442015,8326.24705992188,0.9922791826837207,64.28543247986472,0.06456616023592608,0.19799366060119372,0.9877487364729252,0.0,0.0,0.0,0.0,False,921.0737007347379,1.734857816441182,1440,2023-01-04,0.21766992240558275,0.09684493479101851,4.207
65,3,240,916.7123621569075,8730.932170108077,8294.38556160268,8377.224617488135,0.9901113961164988,82.83905588545437,0.11052203389249922,0.19308302000152963,0.9581111560054663,0.0,0.0,0.0,0.0,False,1028.665610269437,3.161697339190457,1440,2023-09-17,0.2165815727935548,0.09904719048342496,3.106
66,3,240,405.66332048351444,8289.503179838188,7875.028020846262,7971.673399647414,0.9878764001037189,96.64537880115302,0.05151261930874009,0.24418686365742506,0.9896805086292236,0.0,0.0,0.0,0.0,False,901.625696134912,1.7420652640057677,1440,2023-01-12,0.21549866492958705,0.11195825335653464,3.582
67,3,240,720.8350532212846,8306.80052631214,7891.460499996547,7999.06269396725,0.9865481496911063,107.60219397070455,0.0913436813403045,0.2635509920759925,0.9586400266833621,0.0,0.0,0.0,0.0,False,975.0112707161427,3.3505206180448566,1440,2023-07-23,0.21442117160493912,0.007649304429181172,4.067
68,3,240,886.8137680916927,8855.877384300207,8413.083515085173,8487.091748387662,0.9912799065337606,74.00823330248919,0.10540888682509587,0.20326548652934948,0.9510262408362344,0.0,0.1388888888888889,0.9682730028745519,0.0,False,940.187033595282,3.6855822558784865,1444,2023-08-26,0.21334906574691442,-0.12157648683734953,3.807
69,3,240,726.6999190822742,8696.498508156803,8261.673582748945,8323.683522936512,0.9925501804559611,62.00994018756739,0.08796037652706147,0.19362696870916385,0.9617639767606055,0.0,0.0,0.0,0.0,False,952.4091875962507,3.2101639840699248,1440,2023-08-08,0.21228232041817982,-0.09249228197442697,3.936
70,3,240,552.4169795323949,8524.652104904404,8098.41949965918,8171.405733652589,0.9910680932544045,72.9862339934102,0.06821293704970992,0.20197364662949133,0.9921787331684754,0.0,0.0,0.0,0.0,False,992.6785926330996,1.6896862076460162,1440,2023-04-01,0.21122090881608893,-0.04770152731513874,3.554
71,3,240,691.645515263523,8139.818420871628,7732.827499828048,7837.152675588105,0.9866883828759622,104.32517576005728,0.08944277048452236,0.21780854644331396,0.9990538644565639,0.0,0.0,0.0,0.0,False,827.931666917872,1.4711659297558124,1440,2023-03-21,0.21016480427200848,-0.03033029734390317,3.985
72,3,240,665.6189610063705,8835.259691802028,8393.49670721191,8448.671287444085,0.9934694369854142,55.17458023217375,0.07930174803481525,0.1539999787691925,0.9676055267925978,0.0,0.0,0.0,0.0,False,1015.7214680238941,2.8461016467594757,1440,2023-08-05,0.20911398025064845,-0.0521605202794902,4.196
73,3,240,811.1615732518761,8942.503503963482,8495.378328765311,8567.177753360862,0.9916192442059015,71.79942459555093,0.09548268974735202,0.18129580702768774,0.9644208891056041,0.0,0.0,0.0,0.0,False,924.0,3.053423275988388,1440,2023-06-08,0.20806841034939522,0.07305415131664778,4.185
74,3,240,1125.2427785954565,9141.175585466408,8684.116806193104,8753.306156814057,0.992095632280942,69.1893506209533,0.1295748092417396,0.20103004206291436,0.9919570736456002,0.0,0.0,0.0,0.0,False,1012.957247287163,1.5935901918845188,1440,2023-01-09,0.20702806829764822,0.11411027607348422,5.177
75,3,240,1092.299393109925,8428.001320636737,8006.601254604873,8073.911735946302,0.9916632131310339,67.31048134142915,0.13642485224073145,0.1677425661401831,0.9758512569878681,0.0,0.0,0.0,0.0,False,950.3419551000702,2.4946761158010617,1440,2023-09-26,0.20599292795615998,0.10348835669830911,4.268
76,3,240,1196.9557906592202,8563.069202750963,8134.91574261341,8196.313296445474,0.992509125552986,61.397553832065014,0.1471380686082789,0.16955597205254047,0.9824256121150604,0.0,0.0,0.0,0.0,False,920.8845844753391,1.9838689152513391,1440,2023-02-21,0.20496296331637917,0.16983613992116864,3.65
77,3,240,1428.5511092950856,8975.669522459302,8526.88604633636,8575.341364451164,0.9943494589829771,48.4553181148023,0.16753491269053292,0.16809234677445964,0.987482521205292,0.0,0.0,0.0,0.0,False,1013.8108480836472,1.8153863484237809,1440,2023-02-05,0.2039381484997973,0.22044707488964305,3.515
78,3,240,905.5303834573067,8265.137366088225,7851.880497783809,7928.20539988784,0.9903729913322994,76.32490210403215,0.11532656205260541,0.1834414120178084,0.9969364937337466,0.0,0.0,0.0,0.0,False,923.182007180613,1.47268452628773,1440,2023-11-20,0.2029184577572983,0.26575118113747737,4.143
79,4,240,785.1061203940955,8717.03229040297,8281.180675882813,8333.872240610872,0.9936774211066864,52.691564728059184,0.09480606101018312,0.15153377942699534,0.9771772635231875,0.0,0.0,0.0,0.0,False,1040.9353688237206,2.334892546629403,1440,2023-07-07,0.20190386546851183,0.2690544519994872,4.248
80,4,300,337.28458627925886,10892.55235349322,10347.924735818546,10392.369609479023,0.9957233166899743,44.444873660478585,0.03259441819399538,0.1420944134303042,0.9749075375930005,0.0,0.0,0.0,0.0,False,1170.2443049795206,2.131413619311257,1440,2023-12-09,0.20089434614116924,0.344317171417534,4.026
81,4,300,1056.5829042414678,11167.3848463808,10609.015604061711,10689.41575317845,0.9924785272672333,80.40014911673755,0.09959292583535743,0.17607050577930103,0.9550828051526377,0.0,0.0,0.0,0.0,False,1147.8129961558388,3.228034615945355,1440,2023-07-12,0.19988987441046338,0.42818923147317667,3.153
82,4,300,1040.639490470457,11079.61636165932,10525.63554357632,10581.99078079552,0.9946744201174815,56.35523721919855,0.09886714072154512,0.14699256050274487,0.9613198134337133,0.0,0.0,0.0,0.0,False,1409.518244468737,3.1180615207584172,1440,2023-05-18,0.19889042503841106,0.42173595106093276,3.939
83,4,300,1767.9105980570848,11080.519514228841,10526.493538517418,10574.269065432869,0.9954819073904948,47.775526915451834,0.167948670807438,0.15414614935803425,0.9831239892967234,0.0,0.0,0.0,0.0,False,1179.104123436554,1.9996638067395947,1440,2023-02-06,0.19789597291321903,0.483195178314424,4.017
84,4,300,1125.3951814351394,10442.056306946812,9919.953491599488,10013.218101874965,0.9906858505101359,93.26461027547617,0.11344762678455676,0.202112834804674,0.9912639456412987,0.0,0.0,0.0,0.0,False,1210.5676099791724,1.6814818438688872,1440,2023-11-28,0.19690649304865293,0.5189173571676786,4.068
85,4,300,1180.7586795096856,11021.660962397787,10470.577914277832,10521.319233855957,0.9951772854287277,50.74131957812494,0.11276919852719743,0.1366380074008898,0.9824304342124073,0.0,0.0,0.0,0.0,False,1194.3565235881802,1.9717703618472815,1440,2023-03-18,0.19592196058340966,0.4418627505274412,3.937
86,4,300,1228.033625028405,10301.314814210547,9786.24907350001,9890.487480218013,0.9894607412499646,104.2384067180016,0.12548562945876504,0.21851316091412654,0.978377584103992,0.0,0.0,0.0,0.0,False,1128.7095107603695,2.056993186905617,1440,2023-02-10,0.1949423507804926,0.527431785133532,4.233
87,4,300,1436.3962689030102,10751.436294924113,10213.864480177888,10316.64900772343,0.9900370238952014,102.78452754554397,0.14063200776656412,0.1949549533959001,0.9915480387352975,0.0,0.0,0.0,0.0,False,1141.8451308040057,1.6391792247805124,1440,2023-04-16,0.19396763902659017,0.4148360170435774,3.846
88,4,300,1427.2561900652222,10706.070943082028,10170.767395927916,10284.4591709202,0.9889452840345992,113.69177499228363,0.14032925289753992,0.23148476391966577,0.9842074488086814,0.0,0.0,0.0,0.0,False,1220.758753468569,2.03052735748356,1440,2023-01-30,0.1929978008314572,0.37683971144191697,3.562
89,4,300,1060.1605134560866,10128.567485258463,9622.139110995542,9735.53640283244,0.9883522296928696,113.39729183689812,0.11017929602000927,0.2351377956322551,0.9791269288153353,0.0,0.0,0.0,0.0,False,1175.9669659083518,2.305936261008528,1440,2023-05-03,0.19203281182729992,0.26450284561232085,3.176
90,4,300,932.7811097120552,10771.858317210294,10233.265401349785,10285.123608724145,0.9949579402885959,51.85820737435772,0.09115185359983137,0.16012746918825851,0.9529787987597297,0.0,0.0,0.0,0.0,False,1185.3979126834597,3.5938180260678116,1440,2023-07-17,0.19107264776816343,0.16483979339933466,3.485
91,4,300,1157.8774107867034,11152.596609036718,10594.96677858488,10687.086020065437,0.991380321884974,92.11924148055628,0.10928561032650597,0.21102759435685692,0.9795900437447833,0.0,0.0,0.0,0.0,False,1144.3263158811621,2.2366380537370305,1440,2023-09-12,0.19011728452932258,0.25212569634632526,4.407
92,4,300,1457.1580032419022,10893.000668620653,10348.350635189665,10413.171434785412,0.9937751145266646,64.82079959574742,0.14081065230693116,0.18607096312108815,0.9870950489952098,0.0,0.0,0.0,0.0,False,1192.4454139930963,1.644546894601512,1440,2023-01-21,0.189166698106676,0.20942276361515844,4.038
93,4,300,1027.3213317078832,10730.751479849925,10194.21390585741,10260.723184336894,0.9935180710672509,66.50927847948171,0.10077494362930751,0.16982417568758626,0.9891761815205551,0.0,0.0,0.0,0.0,False,1019.013527071414,1.6553200433185455,1440,2023-04-11,0.1882208646161426,0.2308614579928618,3.605
94,4,300,1057.7471612663524,10702.939790645842,10167.792801113566,10261.18742180372,0.990898263831367,93.39462069015117,0.10402918135295881,0.18051571082719814,0.9859997153104681,0.0,0.0,0.0,0.0,False,1128.0515073686906,1.9250137403406802,1440,2023-12-11,0.1872797602930619,0.2852641370643494,2.99
95,4,300,1268.4618195067262,10872.146263698529,10328.538950513637,10420.334333245059,0.9911907449611711,91.79538273142012,0.12281135072290604,0.19824317562415025,0.9893832701129424,0.0,0.0,0.0,0.0,False,1203.7666609490295,1.6288655490511101,1440,2023-10-25,0.18634336149159655,0.30623911747303345,2.864
96,4,300,1085.3973456060862,10883.602483202141,10339.42235904203,10418.578041715948,0.9924024485532499,79.15568267391957,0.10497659423467548,0.19506650387276186,0.969507917823256,0.0,0.0,0.0,0.0,False,1156.9330505793857,2.8562965516791117,1440,2023-07-05,0.1854116446841386,0.28410652046547846,3.204
97,4,300,281.59937620334813,11290.440550989482,10725.91852344003,10785.00423982682,0.9945214934484126,59.085716386789144,0.026254103607812343,0.14345496597196858,0.985744870882788,0.0,0.0,0.0,0.0,False,1183.395326756926,1.744766794364512,1440,2023-01-07,0.18448458646071791,0.2736357955188509,2.866
98,4,300,546.2848095697764,10428.946113162789,9907.498807504657,9989.08250792474,0.9918327133292412,81.58370042008303,0.05513851883141088,0.1991021534299651,0.9857010222352682,0.0,0.0,0.0,0.0,False,1216.673635895806,1.9373309203913478,1440,2023-01-11,0.1835621635284143,0.3816318506446956,2.927
99,5,300,966.9538124047735,11001.816172535395,10451.72536390862,10530.725443122978,0.9924981351340852,79.00007921435811,0.09251619026881538,0.19708278433791235,0.9880667562514024,0.0,0.0,0.0,0.0,False,1270.4792120221077,1.7631514562718626,1440,2023-03-30,0.18264435271077226,0.34564977466628083,2.831
100,5,271,1031.1202736829791,10038.24869442383,9536.336259702643,9579.41459382206,0.9955030306186768,43.07833411941926,0.10812541059821343,0.13600003409254946,0.9750205023695852,0.0,0.0,0.0,0.0,False,1088.6036931245676,2.5383826984069415,1440,2023-09-08,0.18173113094721838,0.3214525866691694,2.85
101,5,167,790.5410544547487,5998.943095768448,5698.995940980045,5730.351981516448,0.9945280777450418,31.356040536403306,0.13871584795668426,0.16954406012312584,0.9942417349043515,0.0,0.0,0.0,0.0,False,664.529266324494,1.5870220032298386,1440,2023-04-16,0.18082247529248227,0.43967688510665115,2.983
102,5,139,528.8186818268123,5295.069727168725,5030.316240810291,5073.687894217355,0.991451651281803,43.371653407064215,0.10512632934219447,0.18904687235079162,0.9883424803676395,0.0,0.0,0.0,0.0,False,634.7747704778664,1.928270477081788,1440,2023-09-15,0.1799183629160199,0.4619822635832122,2.929
103,5,174,629.45433662218,5826.614279071858,5535.2835651182395,5561.793433766867,0.995233575470876,26.50986864862847,0.11371672818874531,0.1427245825541276,0.9608399684867674,0.0,0.0,0.0,0.0,False,715.7603355500669,3.1075854339709412,1440,2023-08-15,0.1790187711014398,0.43746803584605676,2.95
104,5,194,959.472827069092,6826.77135833146,6485.432790414867,6521.667828226591,0.9944439001239997,36.23503781172442,0.14794276004018467,0.16638492763511392,0.9997789578552522,0.0,0.0,0.0,0.0,False,778.1888726978973,1.2786467225907925,1440,2023-02-09,0.1781236772459326,0.5226294620812868,2.9
105,5,267,910.3101643659223,9420.22922814595,8949.217766738668,9050.40649429779,0.9888194273237477,101.18872755912398,0.10171952321344209,0.23254704091676184,0.9640446193166414,0.0,0.0,0.0,0.0,False,1065.9819347745383,3.1168386998389455,1440,2023-06-11,0.17723305885970292,0.5403865975095453,3.354
106,5,201,1023.1528063359964,7331.14784926827,6964.59045680486,7045.664371495949,0.9884930773854226,81.07391469108914,0.14690782073715608,0.2181216144021317,0.9943266636868012,0.0,0.0,0.0,0.0,False,768.1725555628254,1.5263728911490684,1440,2023-02-08,0.1763468935654044,0.40740830458668864,3.903
107,5,136,658.1715384740797,4944.086111125711,4696.8818055694155,4748.999609062683,0.989025519523352,52.117803493266294,0.14012946582850785,0.1876208617893739,1.001648794358043,0.0,0.0,0.0,0.0,False,541.8027984898905,1.1652692858610632,1440,2023-10-15,0.17546515909757737,0.33185552786048295,3.928
108,5,180,526.9516858429057,6407.386062207489,6087.0167590970905,6154.094365413515,0.9891003286050656,67.07760631642421,0.08656977739635309,0.22310984947013554,1.0001405249188602,0.0,0.0,0.0,0.0,False,745.1799186977707,1.2108955564241604,1440,2023-03-21,0.1745878333020895,0.3391339191381169,4.005
109,5,228,859.0310077863971,8021.811707558683,7620.721122180772,7709.14950792411,0.9885294239458653,88.42838574333919,0.11272306045763998,0.2111038739568546,0.9889554299034097,0.0,0.0,0.0,0.0,False,860.8811566234857,1.861564820470019,1440,2023-03-18,0.17371489413557906,0.2657253667890417,4.281
110,5,267,22.18123128072773,9202.961965986533,8742.813867687202,8811.701942937594,0.9921822054698974,68.8880752503919,0.002537081495319022,0.18549694268575684,0.9805788478482828,0.0,0.0,0.0,0.0,False,938.3532720880136,2.228610366732036,1440,2023-12-31,0.17284631966490113,0.23285647734115686,4.037
111,5,251,469.7270642428555,8901.303576018214,8456.23839721732,8531.166203971905,0.9912171671535714,74.92780675458303,0.055547992166047236,0.1974257899838745,0.9878731112684204,0.0,0.0,0.0,0.0,False,1031.4272124074364,1.7230042264546894,1440,2023-10-10,0.17198208806657664,0.2636217674449762,3.626
112,5,299,1285.9299279492516,10526.50982516222,10000.184333904093,10074.866233061945,0.992587306130897,74.68189915785152,0.12859062243377886,0.19316460200793464,0.9851299207481535,0.0,0.0,0.0,0.0,False,1196.1283952446042,1.8096668226570833,1440,2023-10-09,0.17112217762624377,0.2621192459729791,3.845
113,5,154,798.278523298312,5492.05243844775,5217.449816525375,5249.1140166269515,0.9939677057878191,31.66420010157676,0.15300166774386637,0.187905698355432,1.0045561763273028,0.0,0.0,0.0,0.0,False,624.7451447550275,1.1061231494634696,1440,2023-01-20,0.17026656673811255,0.27063361224205235,3.327
114,5,279,699.0500010455299,10370.538756265074,9852.011818451778,9939.014807753425,0.9912463165631088,87.00298930164642,0.07095505100149019,0.23357581183761295,0.9854446219201112,0.0,0.0,0.0,0.0,False,1288.1905133538294,1.701860852888255,1440,2023-12-18,0.16941523390442195,0.28961940837504524,3.507
115,5,129,514.9039719100654,4355.005262980326,4137.254999831311,4178.529790996283,0.9901221737717631,41.27479116497241,0.12445545946069547,0.19600680502078732,0.9576987498986037,0.0,0.0,0.0,0.0,False,537.1335354297505,3.376853243781,1440,2023-08-21,0.16856815773489983,0.20265500502876077,3.13
116,5,221,906.913820598307,8371.693121833521,7953.1084657418,8016.964814850922,0.992034847279006,63.85634910912326,0.11403262315670148,0.1954197892725141,0.9995199653605759,0.0,0.0,0.0,0.0,False,924.2315175532908,1.3512799118103596,1440,2023-11-28,0.16772531694622533,0.2159349570977102,3.865
117,5,169,705.2823633368124,6124.857119938129,5818.614263941228,5865.4600327896715,0.9920132830866528,46.84576884844323,0.12121139696569104,0.19203473527671114,0.9581554728872813,0.0,0.0,0.0,0.0,False,712.0716113718966,3.3293383143570967,1440,2023-08-20,0.16688669036149426,0.22807936393544515,3.468
118,5,156,708.4627756213275,5613.39347328782,5332.723799623422,5374.603519747732,0.9922078493845298,41.879720124310744,0.13285195375604428,0.18362482886758238,1.0008006528650781,0.0,0.0,0.0,0.0,False,612.1600547994784,1.2822991424187449,1440,2023-01-09,0.16605225690968675,0.24564027143256406,3.528
119,5,238,514.228562455961,8781.8197545832,8342.728766854041,8400.375084306375,0.9931376495842394,57.64631745233401,0.061637933681724065,0.17783261315908164,0.9644644894950194,0.0,0.0,0.0,0.0,False,865.6363847032276,3.0772116083471914,1440,2023-07-30,0.1652219956251383,0.2790095500869633,3.601
120,5,175,457.8302542954756,6105.797462776075,5800.5075896372655,5843.020672333176,0.9927241259136373,42.51308269591117,0.07892934320323956,0.18617796591595234,0.9961583994979344,0.0,0.0,0.0,0.0,False,621.2864959560621,1.595568756994643,1440,2023-12-26,0.16439588564701263,0.31955621691123026,3.2
121,5,221,804.9015737286329,7735.518787811646,7348.7428484210595,7428.134704169471,0.9893120064578463,79.39185574841149,0.10952915217350039,0.2258436670623571,0.9938309594557398,0.0,0.0,0.0,0.0,False,929.2311408754258,1.638671885431048,1440,2023-11-12,0.16357390621877757,0.3343248760097307,3.52
122,5,167,855.1202730633041,6085.3930146312805,5781.123363899724,5829.137206951113,0.9917631304004761,48.01384305138885,0.14791593592399538,0.19013531594154287,0.9999201246819917,0.0,0.0,0.0,0.0,False,575.7985933527,1.268445635820994,1440,2023-02-26,0.16275603668768368,0.2575830774133227,3.834
123,5,147,295.6594601392144,5338.202747521592,5071.292610145492,5122.36370605792,0.9900297794449798,51.0710959124288,0.058300611474819256,0.20999342456045014,1.0050211857230393,0.0,0.0,0.0,0.0,False,540.8473233711,1.0987110584107382,1440,2023-01-10,0.16194225650424526,0.2752412452049105,3.817
124,5,255,653.895914075065,9126.496981582566,8670.172132503481,8738.973170525649,0.9921271027293898,68.80103802216665,0.07541902329985863,0.1909815728507869,0.9545691094647617,0.0,0.0,0.0,0.0,False,967.72089109179,3.3908785065428972,1440,2023-06-30,0.16113254522172402,0.2451802692485622,3.813
125,5,198,652.5150085995937,7125.368189794092,6769.099780304361,6824.572980876988,0.9918715499521995,55.47320057262722,0.09639612796049735,0.20122237859840117,0.9746310187582643,0.0,0.0,0.0,0.0,False,854.1707515829096,2.5609063391744495,1440,2023-05-12,0.1603268824956154,0.26340848360220337,3.487
126,5,242,905.2174058696785,8187.285375636542,7777.921106854697,7910.333535731605,0.9832608286011216,132.41242887690711,0.1163829503325649,0.24908175647227218,0.9941210245696754,0.0,0.0,0.0,0.0,False,1152.1977476100842,1.6402528581336795,1440,2023-12-06,0.15952524808313734,0.2554001635104448,3.731
127,5,241,991.4038820430678,8824.903045313384,8383.657893047728,8447.543601187801,0.9924373627226867,63.88570814007261,0.11825433416900326,0.2036381004452693,0.9695390957759255,0.0,0.0,0.0,0.0,False,1173.9591995540354,2.795743904700681,1440,2023-05-14,0.15872762184272163,0.1412487882909082,4.529
128,5,291,701.1012105832042,10554.635186184098,10026.903426874918,10096.332873026855,0.9931233006057653,69.42944615193588,0.06992200689836664,0.2209077174493292,0.9553138963238461,0.0,0.0,0.0,0.0,False,2012.4804930839698,2.946503491281888,1440,2023-01-01,0.15793398373350803,0.1497218263524217,2.992
129,5,196,503.32712503267436,6712.481115622248,6376.8570598411225,6418.494269627867,0.9935129318438796,41.637209786743796,0.07893028184721684,0.23331945465898474,0.9841639042896466,0.0,0.0,0.0,0.0,False,1395.4812868324227,1.9405113623624668,1440,2023-11-19,0.15714431381484048,0.11746171352023432,2.994
130,5,159,-13.776900751025291,5689.703445635476,5405.218273353714,5450.1719251577015,0.9917518837164596,44.95365180398758,-0.002548814877456798,0.19625114910886723,1.0021317126062148,0.0,0.0,0.0,0.0,False,617.8028369066092,1.3726683838017395,1440,2023-12-24,0.1563585922457663,0.06268182866029298,2.851
131,5,234,608.0184779250557,8608.251827560982,8177.839236182923,8206.960823149857,0.9964515991248808,29.121586966934377,0.07434952685727453,0.18897703606990682,0.9699049296082176,0.0,0.0,0.0,0.0,False,2005.7628810675596,2.532351605037272,1440,2023-01-08,0.15557679928453744,0.10059563552715504,2.837
132,5,289,977.7593460112887,10035.861402460725,9534.06833233759,9587.324041083131,0.9944451957066088,53.25570874553961,0.10255426245424851,0.21185430356809717,0.9510015754366223,0.0,1.0416666666666667,59.556639048611004,0.0,False,2251.393719897789,3.896047023617437,1473,2023-06-27,0.1547989152881148,0.1474808779028623,2.961
133,5,295,1097.219996687771,10651.937505022295,10119.340629771235,10180.777950458878,0.9939653609000604,61.43732068764294,0.10842801293393911,0.18514277547542876,0.9535576484436454,0.0,0.0,0.0,0.0,False,1451.9853260424807,3.6499240023695556,1440,2023-06-26,0.1540249207116742,0.1340663681290044,2.938
134,5,277,959.9557621536977,10427.810534108961,9906.420007403522,9959.66774408803,0.9946536633497522,53.247736684508624,0.09690238869705492,0.19422345455299833,0.9510206102329808,0.0,0.9722222222222222,10.394466004173884,0.0,False,1890.99303402127,2.889754939533045,1468,2023-09-28,0.15325479610811582,0.18284298334001722,2.911
135,5,243,873.5626949093861,8835.173302638217,8393.41463750631,8464.832393371758,0.9915630041391758,71.41775586544432,0.10407715246257895,0.21475777678851657,0.9660255058057209,0.0,0.0,0.0,0.0,False,1149.3112169491417,3.074253601745134,1440,2023-08-14,0.15248852212757524,0.2021756088105245,2.91
136,5,188,727.487072792608,6616.759996353801,6285.92199653612,6302.277591012571,0.9974048121111366,16.3555944764515,0.11573275538472995,0.1757421351706881,0.9825216326083475,0.0,0.0,0.0,0.0,False,1400.9261005537144,2.0519623751491416,1440,2023-03-06,0.15172607951693737,0.17172831142936434,2.851
137,5,190,688.1651432802457,6614.852451336604,6284.109828769773,6343.983938280589,0.9905620647698166,59.87410951081563,0.10950877085720291,0.238068490171367,0.9753866058010863,0.0,0.0,0.0,0.0,False,933.3078736253578,2.557516127291915,1440,2023-10-01,0.15096744911935267,0.23441777832512448,2.946
138,5,127,384.4770541537789,4390.525058160453,4170.998805252464,4181.522630733836,0.9974832551654694,10.523825481372215,0.09217865362838605,0.16412234535787085,0.9885376576621127,0.0,0.0,0.0,0.0,False,914.035157841847,1.68207115331784,1440,2023-12-14,0.15021261187375592,0.14554794633167062,2.933
139,5,153,593.2189624209085,5652.771404393828,5370.13283417413,5412.852173561955,0.9921077949262166,42.719339387825286,0.11046634799158359,0.21935180519794845,0.9607989241814052,0.0,0.0,0.0,0.0,False,793.0788097231381,3.247619094133584,1440,2023-06-26,0.14946154881438714,0.23892748205870554,2.963
140,5,180,836.7647085094985,6268.057868963084,5954.654975514915,5986.781249838922,0.9946337985332484,32.126274324006644,0.14052278628236411,0.2384423194489728,0.989791813663197,0.0,0.0,0.0,0.0,False,1216.1521359762287,1.7788606571855095,1440,2023-02-28,0.1487142410703152,0.19115870873226534,3.703
141,5,182,740.792889378367,6811.270774241377,6470.707235529303,6498.595526771402,0.9957085663929673,27.88829124209879,0.11448406834276598,0.17933416338130015,0.9747349213434371,0.0,0.0,0.0,0.0,False,1449.657935632701,2.4306706571724055,1440,2023-09-14,0.14797066986496363,0.109022442746411,3.645
142,5,224,1019.6756121310705,7957.27753309438,7559.413656439636,7574.906669803278,0.9979546925079085,15.493013363642767,0.1348881882211115,0.1857186768119828,0.9621021054435366,0.0,0.0,0.0,0.0,False,1802.3044258295292,2.9655623709346406,1440,2023-01-02,0.1472308165156388,0.1743846651375423,2.914
143,5,212,359.44047727937584,7563.572927298889,7185.39428093394,7230.3226846229,0.9937861136150241,44.92840368896012,0.05002376532532557,0.20219909761160706,0.9560874578586473,0.0,0.0,0.0,0.0,False,943.0483285333769,3.269926531441894,1440,2023-07-30,0.1464946624330606,0.21334257966234638,2.969
144,5,245,743.7170203897016,8969.054800180122,8520.60206017108,8553.335168665333,0.9961730590642387,32.733108494249656,0.08728456218676746,0.17488499483522127,0.9657638639887302,0.0,0.0,0.0,0.0,False,1524.5710852309448,3.0446802895896727,1440,2023-06-07,0.1457621891208953,0.2081420306424359,2.869
145,5,281,757.4439333281878,9275.248129860922,8811.485723367889,8881.927271088503,0.9920691145546858,70.4415477206137,0.08596097833075542,0.2107923382967349,0.9510006307403467,0.0,1.0416666666666667,28.156752475287586,0.0,False,1766.7016215327294,3.28049490238165,1480,2023-06-05,0.14503337817529083,0.26532836779279523,3.039
146,5,278,873.0396515099571,10191.955061378725,9682.357308309825,9704.855382501373,0.9976817713088117,22.498074191547328,0.09016808858733978,0.1974102075862134,0.9510010901626401,0.0,0.20833333333333334,0.26072651215118464,0.0,False,2235.293564567599,3.020356162666342,1446,2023-01-15,0.14430821128441437,0.2315416649829159,2.995
147,5,260,946.0334725016199,8885.944149851395,8441.646942358824,8448.758622020152,0.9991582574459172,7.111679661326988,0.1120674056805878,0.15177244134486048,0.9530262948858822,0.0,0.0,0.0,0.0,False,1972.0729667651578,2.923910425253193,1440,2023-04-17,0.1435866702279923,0.23408247991884912,3.008
148,5,296,991.6182894111366,10916.140775498305,10370.33373672344,10394.887934577679,0.9976378583387551,24.554197854237387,0.09562067283327794,0.15348061309170064,0.9510048149272783,0.0,2.5694444444444446,77.0134778191061,0.0,False,2259.53169947428,3.21542242261527,1485,2023-04-23,0.14286873687685234,0.33892959553132906,3.11
149,5,177,741.1310428136055,6769.56601612413,6431.087715317932,6456.087945465801,0.9961276503109864,25.0002301478684,0.11524194282847944,0.16900738577999622,0.9685692858894535,0.0,0.0,0.0,0.0,False,1658.9731249283475,2.4803895075306324,1440,2023-02-02,0.14215439319246806,0.4213752795236797,3.023
150,5,284,1040.2328262257165,10336.162519490774,9819.35439351623,9887.925930613274,0.993065124316441,68.57153709704203,0.1059369877629213,0.17169426492972883,0.9681713846083516,0.0,0.0,0.0,0.0,False,1377.3616300267563,2.8191736173397737,1440,2023-09-08,0.14144362122650572,0.45472255751431007,3.223
151,5,287,538.4569699718043,10844.020457753808,10301.819434866047,10342.034954067249,0.9961114500792336,40.21551920120096,0.05226814286313549,0.16922622851132815,0.9510014618278502,0.0,3.125,162.59933795580844,0.0,False,2002.8355200043895,3.6317501309517186,1583,2023-07-30,0.1407364031203732,0.47690453253091625,2.991
152,5,160,565.79543958017,5514.690193591149,5238.955683911561,5258.493623903717,0.9962844986816488,19.537939992155522,0.10799775255165552,0.1868891733946965,0.95103946510514,0.0,0.0,0.0,0.0,False,918.9931424448365,3.5791629674612473,1440,2023-08-29,0.14003272110477133,0.5016184812391162,3.06
153,5,205,853.3407662693091,7250.859151928645,6888.316194332216,6928.4491416032515,0.9942075136223416,40.132947271036,0.12388234543754649,0.20387153709553268,0.9807692550457217,0.0,0.0,0.0,0.0,False,1667.4074760522112,2.308028207700751,1440,2023-02-10,0.13933255749924747,0.483186702792531,2.905
154,5,223,842.2367140952394,8265.810316850282,7852.519801007731,7877.980424281985,0.9967681281365237,25.460623274253166,0.10725687237199369,0.1686794388929554,0.9510007649532957,0.0,2.0833333333333335,75.61502748482656,0.0,False,1679.970043650695,3.4553352554817045,1521,2023-08-15,0.13863589471175125,0.4308865030386466,2.933
155,5,245,700.1658853050384,8857.061558894928,8414.208480950216,8461.474119831646,0.9944140183835519,47.26563888143031,0.08321232910858048,0.15313262336323796,0.9620930825017964,0.0,0.0,0.0,0.0,False,947.8059361114595,3.16979867683807,1440,2023-05-26,0.1379427152381925,0.46803498733656135,2.974
156,5,246,698.9822449230714,8692.062464027696,8257.459340826328,8308.10355830473,0.9939042385397593,50.64421747840271,0.08464858451887018,0.16058281089031837,0.9663424074205714,0.0,0.0,0.0,0.0,False,972.1373660391589,2.857416693080369,1440,2023-05-13,0.13725300166200152,0.5343001377721096,2.902
157,5,139,461.57877667889926,5068.550033620648,4815.122531939614,4834.743103239749,0.9959417551499299,19.620571300134394,0.09586023483663403,0.18280371704413523,0.9896347978302952,0.0,0.0,0.0,0.0,False,964.8475981381619,1.75215558378334,1440,2023-10-08,0.1365667366536915,0.5728927050164554,2.9
158,5,206,1172.1137025402977,7220.794146143885,6859.754438836658,6872.126330583524,0.9981996996050835,12.371891746865547,0.170868172176011,0.1419455952771045,0.9826350426646819,0.0,0.0,0.0,0.0,False,1382.57743925399,2.2164505241634425,1440,2023-02-07,0.13588390297042305,0.5557405794213282,2.95
159,5,138,516.1406691894732,5003.073659295759,4752.919976330977,4772.937352728977,0.9958060676437425,20.01737639800096,0.1085944370533898,0.15493107321743005,0.9975284427192597,0.0,0.0,0.0,0.0,False,841.3068771797141,1.4891941650038634,1440,2023-11-21,0.13520448345557096,0.6348094670688387,2.992
160,5,293,850.7506363264597,10834.16312263063,10292.45496649911,10337.567113014451,0.9956360963830119,45.112146515339404,0.08265769819693806,0.18846428960482398,0.9736838688317138,0.0,0.0,0.0,0.0,False,1556.3638367947415,2.287516733930165,1440,2023-03-25,0.13452846103829308,0.6717499720572595,2.87
161,5,156,478.99710584475014,5470.095400710326,5196.590630674798,5218.686833377618,0.9957659458388081,22.096202702820356,0.09217526256874893,0.17031764489016704,0.9880802370421883,0.0,0.0,0.0,0.0,False,1045.7329552010724,1.740279931642941,1440,2023-12-14,0.13385581873310162,0.6281060855154883,2.885
162,5,201,95.43771102394464,7259.154948144282,6896.1972007370605,6920.494206807611,0.9964891226920399,24.297006070549852,0.013839179513855018,0.16940128392807657,0.9910443325904543,0.0,0.0,0.0,0.0,False,1305.724833175635,2.0600926443079652,1440,2023-12-27,0.1331865396394361,0.6345977124098082,2.996
163,5,280,621.0165776519189,10021.793071092483,9520.703417537854,9586.734523003419,0.993112242202272,66.03110546556633,0.06522801419356887,0.14577118529664618,0.969633696777029,0.0,0.0,0.0,0.0,False,1134.2081304236551,2.6713322402521915,1440,2023-05-19,0.13252060694123893,0.6433369438454594,3.08
164,5,214,739.1481797118098,7504.871271693069,7129.627708108408,7162.986381645129,0.9953429098200994,33.358673536720815,0.10367275964089805,0.15807295205814725,0.9683404434790501,0.0,0.0,0.0,0.0,False,1288.1981426610168,2.6499204365953872,1440,2023-09-04,0.13185800390653274,0.7050259867182949,3.01
165,5,243,973.7308664948105,9188.331056856843,8728.914504013981,8753.815459428046,0.9971554169116912,24.900955414064512,0.11155234319766123,0.12066551014439753,0.9690690233918398,0.0,0.0,0.0,0.0,False,1926.8391629659227,2.3604810202888244,1440,2023-02-18,0.13119871388700008,0.7294096865383535,2.945
166,5,210,1050.504052615212,7647.424641162819,7265.053409104683,7287.76864357964,0.9968831015931099,22.715234474957562,0.14459687953549016,0.15640640376156192,0.9789935016810676,0.0,0.0,0.0,0.0,False,1252.6116089848529,1.7530017572858632,1440,2023-02-08,0.13054272031756506,0.8351797430974299,2.891
167,5,273,1147.4234901422417,10071.401735596914,9567.83164881702,9596.439854327356,0.9970188730461916,28.608205510335836,0.11992513374585878,0.14350307381128974,0.9622643020837635,0.0,0.0,0.0,0.0,False,2044.616338492419,2.6512976427329953,1440,2023-03-15,0.12989000671597725,0.8433455021988514,2.848
168,5,227,839.50896148363,8498.954998309508,8074.00724839402,8084.39759488878,0.9987147655254698,10.390346494758864,0.10397674112202643,0.1527092505761018,0.975208777993943,0.0,0.0,0.0,0.0,False,1636.4091655301104,2.0678138696649784,1440,2023-02-01,0.12924055668239737,0.8810902816800228,2.942
169,5,236,619.6769581645638,8567.799689778463,8139.409705289538,8166.981337169428,0.9966240118911002,27.57163187989089,0.0761329114274535,0.14168823734906605,0.9806559947923496,0.0,0.0,0.0,0.0,False,1066.714435061691,2.1709426749694,1440,2023-08-12,0.12859435389898535,0.8933970538535683,2.927
170,5,202,557.1552910773664,7100.732481106551,6745.695857051211,6769.473726832498,0.9964874862152079,23.777869781285627,0.08259419085652629,0.16939801474880625,0.9603879446747422,0.0,0.0,0.0,0.0,False,1630.4666628332125,2.7323031984360635,1440,2023-10-04,0.12795138212949045,0.9304042888244302,2.949
171,5,193,227.0080489803448,6974.745505982826,6626.008230683641,6634.404163038491,0.9987344858485371,8.395932354849522,0.03426015197643712,0.14109536541241585,0.9639276154120644,0.0,0.0,0.0,0.0,False,1877.5795093244928,2.4119915373510907,1440,2023-01-10,0.12731162521884298,0.9005786657842507,2.963
172,5,227,508.08135027975754,8061.861384598636,7658.768315368685,7701.133134522496,0.9944988849804584,42.36481915381168,0.06633982506824258,0.15024335284617368,0.9546116521436638,0.0,0.0,0.0,0.0,False,888.7526840108882,3.499064860118683,1440,2023-06-03,0.12667506709274878,0.9419292276215454,2.952
173,5,213,710.9994171279745,8051.1917301339045,7648.63214362721,7672.211588673036,0.996926643018991,23.579445045826485,0.09295772156075967,0.16480163244267343,0.9660127004258087,0.0,0.0,0.0,0.0,False,1798.2846115439593,2.5766263886245206,1440,2023-10-08,0.12604169175728502,0.9573719370948052,2.915
174,5,262,756.0802592096551,9105.01125638851,8649.760693569107,8698.43384426854,0.9944043776648938,48.67315069943379,0.08741054070684093,0.15677178021268584,0.9680373100226735,0.0,0.0,0.0,0.0,False,1341.059467872109,2.7114275287402405,1440,2023-10-07,0.1254114832984986,0.9394578079389798,2.889
175,5,227,747.1701678947674,8116.814634509687,7710.973902784199,7743.591633017497,0.995787777587054,32.61773023329791,0.0968969908749123,0.13095443024632522,0.9534062093312822,0.0,0.0,0.0,0.0,False,817.4728630510602,3.4675576426983765,1440,2023-08-18,0.12478442588200611,0.944953590509658,2.977
176,5,205,546.387696525926,7398.35769130919,7028.439806743716,7058.260372636501,0.9957750827656636,29.8205658927848,0.07773954270785283,0.15645460967991287,0.9931066196018554,0.0,0.0,0.0,0.0,False,1061.609979139956,1.6144820288200246,1440,2023-10-27,0.12416050375259607,1.0096006649798777,2.929
177,5,276,1058.8475670548423,10066.464450785641,9563.141228246383,9599.472303006918,0.99621530500701,36.33107476053517,0.11072173272181257,0.12998217421782343,0.9591015191031496,0.0,0.0,0.0,0.0,False,1454.393207825212,2.8408997615751503,1440,2023-06-18,0.12353970123383311,1.007395199318165,3.006
178,5,158,557.2010569285978,5660.553149361661,5377.525491893557,5406.612431787909,0.9946201174466774,29.086939894352774,0.10361662771632792,0.17485367624346138,1.0065183322594673,0.0,0.0,0.0,0.0,False,679.3531559152192,1.1295716517514638,1440,2023-04-21,0.12292200272766393,1.0673710760945003,2.862
179,5,199,846.1058142046727,7220.9352693722185,6859.888505903613,6889.385032341597,0.9957185545154589,29.496526437984727,0.12334104460684965,0.14272639390863623,0.992064530883188,0.0,0.0,0.0,0.0,False,829.5419021709702,1.4358693583148883,1440,2023-02-25,0.1223073927140256,1.017891789246992,2.966
180,5,207,779.3425359974177,7259.777988503886,6896.789089078689,6910.999024608938,0.9979438666566658,14.209935530247936,0.11300077846827798,0.16874513604515795,0.9765929797534312,0.0,0.0,0.0,0.0,False,1613.9149949894495,2.0312398324075063,1440,2023-01-09,0.12169585575045548,1.0518520612101692,2.857
181,5,281,756.3227737806526,10057.876673330884,9554.982839664313,9578.146780146315,0.9975815843071004,23.163940482001493,0.0791548018946755,0.18339937029282535,0.9510000643591047,0.0,0.3472222222222222,0.6302825152390873,0.0,False,2279.3760715723038,2.973942292459863,1450,2023-01-08,0.1210873764717032,1.023341789278105,2.879
182,5,199,635.4595250197447,7047.809933988796,6695.419437289367,6727.782035121118,0.9951897077427884,32.36259783175022,0.09490959169497673,0.15268076409722436,0.9760169980439899,0.0,0.0,0.0,0.0,False,938.803620977269,2.5388954784909994,1440,2023-10-05,0.12048193958934468,0.969124287872944,2.961
183,5,231,1095.3346097906688,8681.339532048694,8247.272555446243,8269.638147851932,0.9972954569467469,22.365592405690858,0.13281173896300344,0.18510717559270407,0.9800649808133031,0.0,0.0,0.0,0.0,False,1495.3866179796541,2.446830190573,1440,2023-01-02,0.11987952989139797,0.9956971821742762,2.957
184,5,133,51.063481687168355,4530.154990052314,4303.647240549687,4322.713032947438,0.9955893920664101,19.06579239775065,0.011865164320634752,0.22567925309870826,0.9938592630908718,0.0,0.0,0.0,0.0,False,808.1140171077311,1.4091788199495447,1440,2023-12-27,0.11928013224194098,0.9463620335456515,2.882
185,5,270,806.7113068574538,9451.532758451332,8978.956120528792,9016.894258674916,0.9957925492905026,37.93813814612447,0.08984466524043383,0.18311763959597377,0.9774345801038264,0.0,0.0,0.0,0.0,False,1412.387295013163,2.544386474501947,1440,2023-05-21,0.11868373158073126,0.8163513814746071,2.99
186,5,200,877.423890306613,7103.914188565361,6748.718479137072,6778.729366487363,0.9955727857349403,30.010887350290584,0.13001340817802273,0.154597764744729,0.9938097451864675,0.0,0.0,0.0,0.0,False,814.0786628169081,1.5426222934134537,1440,2023-03-19,0.11809031292282761,0.8068225275439888,2.932
187,5,210,858.1452842683373,7956.750951302512,7558.913403737344,7589.672950111444,0.9959471842098745,30.759546374099894,0.11352759827147187,0.13561472846836137,0.9611345924196415,0.0,0.0,0.0,0.0,False,974.6099562102341,3.2163049076015406,1440,2023-06-22,0.11749986135821347,0.864213280834996,2.921
188,5,137,366.93869519379984,5204.351512473285,4944.133936849613,4965.61833779776,0.9956733684535095,21.484400948148117,0.07421698114991036,0.16237203190486854,0.9967924771035301,0.0,0.0,0.0,0.0,False,848.5271735165209,1.5733102926770708,1440,2023-10-31,0.11691236205142241,0.9551078268523926,3.034
189,5,245,739.6463642056898,8954.69715839817,8506.962300478233,8541.29460448442,0.995980433225174,34.33230400618642,0.08694600235434326,0.17220307178368519,0.9616264677191702,0.0,0.0,0.0,0.0,False,1776.3869724992232,2.312454653781902,1440,2023-03-21,0.11632780024116529,0.9708387945107506,3.051
190,5,234,799.799439139581,8561.577964877826,8133.499066633916,8182.221664070538,0.9940453095214261,48.72259743662272,0.09833399285930962,0.1951700873962038,0.974663173395944,0.0,0.0,0.0,0.0,False,1313.2674389634565,2.1975175264535127,1440,2023-09-28,0.11574616123995946,0.9631851273148562,2.956
191,5,181,1009.0470743609129,6136.467826891004,5829.644435546448,5848.923373795926,0.9967038483807379,19.2789382494778,0.17308895688529738,0.1195168072182208,0.9946932523373871,0.0,0.0,0.0,0.0,False,678.8294646076679,1.52333298370823,1440,2023-02-07,0.11516743043375967,0.9067762548407895,2.996
192,5,259,891.692924318561,9362.053356607386,8893.950688777031,8928.656271472122,0.9961130116738867,34.70558269509209,0.10025836161243366,0.18416492222094044,0.9803954652572624,0.0,0.0,0.0,0.0,False,1480.554278179572,2.34157265774215,1440,2023-03-16,0.11459159328159088,1.0321105328921876,2.97
193,5,214,190.8134067017632,7473.397315351444,7099.727449583881,7135.498123759692,0.994986940847661,35.77067417581186,0.026876159409886486,0.21514671103599714,0.9638122941229627,0.0,0.0,0.0,0.0,False,1437.5533754795931,2.689270036350291,1440,2023-11-04,0.11401863531518291,0.990943856216276,2.87
194,5,130,482.021220812833,4790.791582837947,4551.252003696032,4569.83776708665,0.9959329489715196,18.58576339061808,0.10590958716884667,0.15543853323378537,0.9963210792810904,0.0,0.0,0.0,0.0,False,456.74898116602554,1.5822211214697872,1440,2023-09-22,0.113448542138607,0.8890932439306223,2.847
195,5,159,741.2036740316743,6216.503149276238,5905.677991812423,5933.531830529551,0.9953056898466756,27.853838717126827,0.1255069570435896,0.18523804628742227,1.0031283713346377,0.0,0.0,0.0,0.0,False,684.0510413866641,1.2838868756744208,1440,2023-10-25,0.11288129942791396,0.9411988186052757,2.955
196,5,166,297.0318744277662,5801.424699795147,5511.353464805386,5535.643599482066,0.9956120486732648,24.290134676681287,0.053894542660811694,0.19969024700205384,0.9814341020479255,0.0,0.0,0.0,0.0,False,1139.051370833636,2.1038081279145953,1440,2023-10-10,0.11231689293077439,0.9180624473126262,2.907
197,5,138,476.5164222379494,4647.843963315334,4415.451765149563,4444.102255718875,0.9935531432625242,28.650490569312574,0.10792019652417346,0.17296622259741215,0.9626665184565262,0.0,0.0,0.0,0.0,False,497.1605267254353,3.150183844416512,1440,2023-08-13,0.11175530846612053,0.8677739963562145,2.92
198,5,210,1059.437626348199,7682.319220523035,7298.203259496857,7337.18078888555,0.9946876694863868,38.977529388692574,0.14516417105396395,0.16841670536023304,0.9992134346535118,0.0,0.0,0.0,0.0,False,841.8939279457634,1.3060854793397247,1440,2023-01-26,0.1111965319237899,0.8876877781514263,2.887
199,5,126,224.10870939118306,4928.358958473872,4681.94101055015,4705.125542187106,0.9950724945744639,23.184531636954436,0.04786662388231355,0.2105975426679431,1.0017771023569084,0.0,0.0,0.0,0.0,False,668.4556890444185,1.3590385330311556,1440,2023-01-04,0.11064054926417097,0.9152069062413779,2.986
200,5,214,678.8261818507048,7922.910730479328,7526.765193955329,7579.0394250891795,0.9931027893903276,52.27423113385066,0.09018830325620672,0.1897673108821747,0.9668604005537901,0.0,0.0,0.0,0.0,False,828.7577583451389,2.9738983738222085,1440,2023-08-01,0.11008734651785011,0.8438944895029801,3.102
201,5,247,812.6356009061784,8740.244518351625,8303.232292434053,8349.05923259342,0.9945111252797842,45.82694015936697,0.09786979001498682,0.15454740066355788,0.9667814068357011,0.0,0.0,0.0,0.0,False,1017.0938865539908,3.008942071313139,1440,2023-06-11,0.10953690978526086,0.8331827004968436,3.148
202,5,224,456.6496367694041,7917.969715584194,7522.07122980498,7553.797054754432,0.9958000162409072,31.725824949450665,0.060707964976455475,0.18328935823547332,0.9891746690611773,0.0,0.0,0.0,0.0,False,1280.0470822813081,1.95571098369238,1440,2023-10-20,0.10898922523633456,0.9043697017397134,3.027
203,5,202,185.9499057433032,7674.46998991775,7290.746490421855,7316.390189103629,0.9964950340237504,25.64369868177356,0.025504919967741714,0.1809262047388064,0.9700274195605608,0.0,0.0,0.0,0.0,False,1785.9668181593022,2.467244853995135,1440,2023-12-23,0.10844427911015289,0.8989225281640216,2.896
204,5,168,589.067179242648,6430.899127047838,6109.354170695431,6151.006368232645,0.9932283930394983,41.652197537215294,0.09642053198817808,0.19547602401663855,0.9754426899186489,0.0,0.0,0.0,0.0,False,793.1934273679249,2.5623686916879667,1440,2023-05-12,0.10790205771460211,0.9007174167591951,2.956
205,5,282,728.677410454467,10110.17521890449,9604.666457959273,9681.106444878886,0.992104209642272,76.43998691961505,0.07586701877092471,0.20709937629092395,0.9791474967941459,0.0,0.0,0.0,0.0,False,1164.9014688409175,2.118620197170083,1440,2023-08-12,0.10736254742602912,0.8703699240232713,3.057
206,5,178,625.0382007339591,6137.294954232555,5830.430206520918,5858.216898774383,0.9952568003654357,27.78669225346595,0.10720275838906343,0.1557712521031117,0.974480350255402,0.0,0.0,0.0,0.0,False,741.5856514340683,2.5443732578246814,1440,2023-09-08,0.10682573468889896,0.8201655860165581,2.969
207,5,271,1472.095321807317,10045.162802570108,9542.904662441582,9614.580198969015,0.9925451205310952,71.67553652743291,0.15426071766189864,0.2052554177790885,0.9924792387684747,0.0,0.0,0.0,0.0,False,1076.1713254186436,1.4781999850946934,1440,2023-01-20,0.10629160601545447,0.8951354262192189,3.061
208,5,200,684.1019567131623,7464.800842528526,7091.560800402137,7134.003936170574,0.994050586998804,42.44313576843754,0.09646705090286603,0.1898441824279317,0.9954140630020282,0.0,0.0,0.0,0.0,False,780.0829225189285,1.550581678184754,1440,2023-11-10,0.1057601479853772,0.8459833630052442,2.959
209,5,189,671.5896996834598,6591.989161092584,6262.389703037944,6323.496083346385,0.9903366145083301,61.10638030844096,0.10724176097786846,0.21119177827288366,0.9868764517143399,0.0,0.0,0.0,0.0,False,740.2520966279026,1.848709848887904,1440,2023-05-01,0.10523134724545032,0.8410742210852128,2.959
210,5,245,881.1249057094007,9225.352131550984,8764.084524973452,8829.360270704281,0.9926069676930713,65.2757457308292,0.100538156974481,0.2148018765689742,0.9539312826612265,0.0,0.0,0.0,0.0,False,1070.5082729398773,3.112686718633024,1440,2023-07-25,0.10470519050922306,0.7896226077766492,3.005
211,5,296,950.1533256432617,10415.71709255015,9894.931237922681,10001.09625687423,0.9893846618185904,106.1650189515503,0.09602424744517322,0.23937661252725825,0.9900100797090641,0.0,0.0,0.0,0.0,False,1171.3771000227175,1.7012979907861894,1440,2023-04-11,0.10418166455667695,0.7397790070499504,2.901
212,5,262,909.6423251897232,9275.1568493478,8811.39900688039,8882.634659828662,0.9919803464088834,71.2356529482711,0.1032347218051785,0.20236134019176039,0.9842691795430273,0.0,0.0,0.0,0.0,False,910.5417832897828,2.051810119536314,1440,2023-09-29,0.10366075623389356,0.6438708767340036,2.919
213,5,227,574.667658296342,7947.855247189284,7550.46248482984,7632.0611034239755,0.9893084427013394,81.59861859413535,0.07611025939814241,0.24541821428817753,0.9939706892481609,0.0,0.0,0.0,0.0,False,795.8075576027207,1.5294018872103419,1440,2023-12-18,0.10314245245272409,0.6484599046097533,2.966
214,5,139,522.648550795173,4767.493614420426,4529.118933699396,4578.87727643275,0.9891330691500605,49.75834273335394,0.11539740034344216,0.23103821774681643,0.9995232711519614,0.0,0.0,0.0,0.0,False,570.1416143801499,1.3355485680348687,1440,2023-02-01,0.10262674019046046,0.5551350931838266,2.927
215,5,258,822.7978664753919,9137.506157094596,8680.630849239838,8798.798218022359,0.9865700558355253,118.16736878251996,0.09478549206449023,0.26431216017921166,0.9701474216953382,0.0,0.0,0.0,0.0,False,959.663215765351,2.6907568704973106,1440,2023-10-05,0.10211360648950817,0.5105593255467388,2.971
216,5,262,1036.3441852498738,9153.991877127166,8696.292283270808,8786.483539454814,0.9897352273205758,90.19125618400619,0.11917080883349622,0.22616305176526974,0.9737448078406651,0.0,0.0,0.0,0.0,False,962.0257044110839,2.6377801369118066,1440,2023-06-16,0.10160303845706062,0.3984804300768384,3.033
217,5,193,474.71521406624765,6886.920292024707,6542.574277423493,6615.411301887199,0.9889897965311805,72.83702446370472,0.07255786391365104,0.2516188361468058,1.000314273551435,0.0,0.0,0.0,0.0,False,837.7518287249208,1.3075809492603319,1440,2023-11-22,0.10109502326477533,0.3914371996233269,2.904
218,5,185,624.0708168704705,6582.594310815238,6253.4645952744795,6322.762195523435,0.9890399799793168,69.29760024895518,0.09979601025358943,0.22901183403891465,0.956167400342813,0.0,0.0,0.0,0.0,False,723.8194770809988,3.4395246564308763,1440,2023-07-19,0.10058954814845145,0.3272189478137981,2.931
219,5,155,259.85807335144455,5850.797309394606,5558.257443924902,5622.739062669582,0.9885319916101414,64.48161874468168,0.04675171597808335,0.27438278392670545,0.973203609162342,0.0,0.0,0.0,0.0,False,960.164499576638,2.645125356078684,1440,2023-10-14,0.10008660040770918,0.32412915930158986,3.093
220,5,297,950.3646266604903,10399.239756929584,9879.277769083114,9994.985033392884,0.9884234679768708,115.70726430977139,0.09619778377267883,0.22109027413647672,0.9838360238996849,0.0,0.0,0.0,0.0,False,1207.961149787319,1.8528940207861724,1440,2023-04-12,0.09958616740567064,0.21812209954234812,3.073
221,5,151,467.239600188003,5345.836028338303,5078.544226921376,5122.469062219438,0.9914250657711089,43.9248352980603,0.0920026644074821,0.22842404324225407,0.9984897011835145,0.0,0.0,0.0,0.0,False,673.6665980149471,1.249043586449,1440,2023-12-13,0.09908823656864228,0.24950545956663417,2.973
222,5,209,860.3226614346456,7221.225763647447,6860.164475465081,6940.514231112696,0.9884230832223604,80.3497556476157,0.12540845988628,0.23843505655370598,0.9925008168609446,0.0,0.0,0.0,0.0,False,900.7059466795356,1.5497960871786176,1440,2023-10-26,0.09859279538579907,0.2570566533912401,2.938
223,5,152,416.95445535500374,5539.563931696714,5262.58573511186,5356.432266040289,0.9824796569307123,93.8465309284285,0.07922995963240893,0.3112724017147467,0.9962125238040475,0.0,0.0,0.0,0.0,False,609.154298205875,1.3218306393418724,1440,2023-03-31,0.09809983140887008,0.23915162633804543,2.892
224,5,262,182.1707221451412,9200.675619281461,8740.641838317439,8785.235727306426,0.9949239963077621,44.593888988990656,0.02084180149637716,0.22772999306696803,0.9577300716779653,0.0,0.0,0.0,0.0,False,2055.3043023388927,2.759311986357962,1440,2023-12-23,0.09760933225182573,0.059021825255462845,3.06
225,5,229,746.4873182561155,8547.304952278395,8119.9397046644735,8225.37015922599,0.98718228450263,105.43045456151515,0.09193261839460436,0.2793072682430798,0.9680035695025568,0.0,0.0,0.0,0.0,False,895.6347685388291,2.9140370962749227,1440,2023-05-15,0.0971212855905666,0.09732478376116133,3.019
226,5,148,673.1272119534576,5014.966277042684,4764.217963190555,4809.440870280854,0.9905970551858228,45.22290709029968,0.14128808067854862,0.22292293380101433,0.9973749174612451,0.0,0.0,0.0,0.0,False,615.0220956146029,1.464661188444034,1440,2023-04-03,0.09663567916261376,0.010531781766120352,2.953
227,5,140,374.36568298613395,4752.7905344401115,4515.151007718077,4584.716078286327,0.9848267440381496,69.56507056824994,0.08291321427482787,0.29000253892568967,0.9918681698711856,0.0,0.0,0.0,0.0,False,735.6758641732227,1.249945646910345,1440,2023-04-09,0.0961525007668007,0.0639967692525808,2.963
228,5,137,687.4046316739546,4861.389374760925,4618.31990602288,4658.304275824325,0.9914165397033089,39.98436980144379,0.14884300907295117,0.21799338649318736,0.9946031504342269,0.0,0.0,0.0,0.0,False,688.9867435600445,1.6564849808901259,1440,2023-03-05,0.09567173826296668,-0.04530649897882111,3.04
229,5,123,408.38087543785986,4255.794101576661,4043.0043964978345,4093.7501935688156,0.987604080690927,50.74579707098114,0.10100925831087669,0.26294682000911507,0.9588365721455974,0.0,0.0,0.0,0.0,False,500.9700580251927,3.3204040948236226,1440,2023-09-02,0.09519337957165185,0.024771352462903184,3.037
230,5,275,436.3606630551802,9632.92608870249,9151.279784267379,9220.648656339696,0.9924767904452555,69.3688720723177,0.04768302066399053,0.258037459988343,0.9780937499921234,0.0,0.0,0.0,0.0,False,1507.3093493340994,2.1252980394491843,1440,2023-01-04,0.09471741267379359,-0.02121126111921412,3.034
231,5,270,982.0313493273848,9481.037238704086,9006.985376768836,9100.826044636256,0.9896887746884552,93.8406678674208,0.10902997043386768,0.2233604669820916,0.9555875481673994,0.0,0.0,0.0,0.0,False,1096.6637020006788,3.3824546046053774,1440,2023-06-27,0.09424382561042462,-0.0500986329386266,3.018
232,5,188,735.9966755904267,6321.4963876705615,6005.42156828707,6062.87769488101,0.990523291168738,57.45612659394154,0.12255537221183882,0.22366169255323237,0.9540797355652583,0.0,0.0,0.0,0.0,False,770.3011929120071,3.53133865375981,1440,2023-08-24,0.0937726064823725,0.0019128308704918218,2.985
233,5,137,488.1715732124656,4871.3684223342425,4627.800001217549,4666.70757263132,0.9916627363492946,38.907571413771514,0.10548674814901904,0.24644561925972738,0.9829015770700179,0.0,0.0,0.0,0.0,False,548.8794508677454,1.9897213262134308,1440,2023-09-15,0.09330374344996065,0.04167622103361529,2.967
234,5,170,591.8138823128598,5972.124280636878,5673.518066605029,5746.835478891372,0.9872421243733801,73.31741228634269,0.10431162382232348,0.24365902067139578,0.9938000865368907,0.0,0.0,0.0,0.0,False,710.0715280159777,1.6736023344892081,1440,2023-09-22,0.09283722473271083,0.021040013446838646,2.926
235,5,201,560.1711906791433,6950.6081939609485,6603.077784262892,6681.306630061071,0.9882913851841187,78.22884579817804,0.08483486170861089,0.2738931537690577,0.990365897840192,0.0,0.0,0.0,0.0,False,885.1877682470306,1.3649976942339224,1440,2023-10-17,0.09237303860904728,0.008478613238177113,2.973
236,5,217,821.9380646631853,7855.117476144675,7462.361602337447,7528.269879836411,0.99124522917603,65.90827749896448,0.11014449693857349,0.23511242685612713,0.9512762693667041,0.0,0.0,0.0,0.0,False,811.54902602913,3.567910609869878,1440,2023-07-18,0.09191117341600205,-0.07178025743206118,2.921
237,5,208,830.1134360535931,7050.187749119215,6697.678361663266,6785.258736716985,0.9870925518904979,87.58037505371927,0.12394047477780751,0.2603705175402957,0.9864150157151017,0.0,0.0,0.0,0.0,False,1131.3899870317823,1.9207396915221198,1440,2023-01-18,0.09145161754892205,-0.05242537610261094,3.037
238,5,231,880.3172752705783,8150.318250821218,7742.802338280166,7810.017042106274,0.9913937826942333,67.21470382610855,0.113694917784265,0.21472256182648555,0.972476572048313,0.0,0.0,0.0,0.0,False,1072.1785580783903,2.6652163798190784,1440,2023-10-01,0.09099435946117741,-0.09552779642123649,3.062
239,5,232,834.1898383884628,8343.403489615688,7926.233315134895,8022.135113587268,0.9880453523788271,95.90179845237404,0.10524416897943231,0.22241088482735455,0.9816716551122732,0.0,0.0,0.0,0.0,False,1035.3777194066217,2.1984189165565917,1440,2023-09-12,0.09053938766387153,-0.030320358197078845,3.111
240,5,233,171.2739388058085,8164.5435409287975,7756.316363882373,7802.253262943657,0.9941123547886532,45.936899061283725,0.02208186602642372,0.24223625753498432,0.9695409316776079,0.0,0.0,0.0,0.0,False,1888.164050139072,2.3848941132764083,1440,2023-03-13,0.09008669072555218,0.0038107375389678233,2.865
241,5,211,824.5748529690951,7649.366723717792,7266.898387531892,7355.800708169645,0.9879139846000702,88.90232063775179,0.11346998526687137,0.2498863804404048,0.9539117404301521,0.0,0.0,0.0,0.0,False,884.0762267450341,3.5554922350781415,1440,2023-08-28,0.08963625727192442,-0.01461201870572959,2.895
242,5,200,692.224188227223,6916.893284854648,6571.048620611914,6631.025976796297,0.9909550412870859,59.97735618438238,0.10534455430079608,0.215561675318387,0.9802908467704229,0.0,0.0,0.0,0.0,False,971.3093078630209,2.218047622774585,1440,2023-09-12,0.08918807598556479,-0.04867481311543281,3.109
243,5,289,656.6318928975054,9899.452483421564,9404.479859250489,9489.635294554397,0.9910264796632623,85.15543530390742,0.06982118125880458,0.22132230491236382,0.9805841772501495,0.0,0.0,0.0,0.0,False,1369.4909121929536,1.850059269316334,1440,2023-03-22,0.08874213560563697,-0.0011887811406755544,3.023
244,5,268,971.9750480765531,9313.011871803346,8847.361278213208,8926.205345930386,0.9911671236923622,78.8440677171793,0.10986044511034718,0.20695806289150906,0.983712515642081,0.0,0.0,0.0,0.0,False,958.1125900813274,2.138530847200255,1440,2023-04-24,0.08829842492760878,0.023060544086763002,2.975
245,5,255,756.8914056149123,8400.283814552635,7980.269623825034,8057.12231614007,0.9904615209625048,76.85269231503847,0.09484534248757946,0.24568201744400925,0.964594920396056,0.0,0.0,0.0,0.0,False,1087.5248916527623,3.086088024728494,1440,2023-07-24,0.08785693280297073,0.07371343357001892,3.121
246,5,129,510.4930456710796,4351.599271435281,4134.019307863539,4179.274934599657,0.9891714167064117,45.25562673611784,0.12348588810411297,0.2251647074321155,1.0050554233612579,0.0,0.0,0.0,0.0,False,575.8317903133382,1.0279072606647348,1440,2023-10-22,0.08741764813895588,0.026758944268922724,3.073
247,5,223,518.5551170159548,7780.750004650359,7391.712504417843,7478.723440146729,0.9883655363879615,87.01093572888708,0.07015358304398707,0.2640640864837624,0.9662680122782924,0.0,0.0,0.0,0.0,False,903.5078253944736,3.008035696735613,1440,2023-08-07,0.08698055989826112,0.03307519948260629,3.032
248,5,279,1049.5254148497042,9865.464919108745,9372.191673153338,9460.734755065776,0.9906409930935832,88.54308191243787,0.11198292261308226,0.2615491996625871,0.985601379759283,0.0,0.0,0.0,0.0,False,1236.9270382552677,1.7000888985717455,1440,2023-12-05,0.08654565709876981,-0.0506536345842582,2.935
249,5,231,856.6263468670445,8259.707636562545,7846.722254734422,7911.338059369701,0.9918325061891708,64.61580463528053,0.10916995900424382,0.19705716240525467,0.9928169741910026,0.0,0.0,0.0,0.0,False,913.6287106311559,1.4296824287664076,1440,2023-02-16,0.08611292881327597,-0.11518141081429345,2.99
250,5,154,476.2879458601889,5109.683487525615,4854.19931314932,4894.425753412523,0.9917811726462178,40.22644026320367,0.09811874526247699,0.17914231336413547,0.9731082791918855,0.0,0.0,0.0,0.0,False,546.237697005184,2.6603823997441776,1440,2023-05-24,0.08568236416920957,-0.024774007952453048,4.718
251,5,211,957.4874203359568,7537.317490165339,7160.451615657087,7215.481377876404,0.9923733761702934,55.02976221931626,0.13371885905105607,0.20095398998418862,0.9727831086802349,0.0,0.0,0.0,0.0,False,832.3640238962846,2.6808280324747136,1440,2023-06-15,0.08525395234836353,0.08800746655927477,2.76
252,5,219,900.3203957060084,7938.1862703464285,7541.27695682909,7581.891056626292,0.9946432757350546,40.614099797202115,0.11938566914595451,0.1856348799844011,0.9899947992368664,0.0,0.0,0.0,0.0,False,1052.0939120961802,1.5391140290261018,1440,2023-03-15,0.0848276825866217,0.13019925810533065,2.645
253,5,294,845.8908348399699,10095.565840900423,9590.787548855445,9657.715775918712,0.9930699734164729,66.9282270632664,0.08819826636040098,0.2046517663733346,0.96690799136606,0.0,0.0,0.0,0.0,False,1060.747716526677,2.9325686547461656,1440,2023-05-22,0.08440354417368859,0.19837298934248787,2.819
254,5,219,776.0823444591537,7835.593192512727,7443.813532887094,7480.832864243905,0.9950514425293804,37.019331356811435,0.10425870301968042,0.15987474080566705,0.9522065904908522,0.0,0.0,0.0,0.0,False,867.4324861294543,3.6133868913553013,1440,2023-08-26,0.08398152645282016,0.2108422359578932,2.755
255,5,161,381.60423491900775,5734.702259584109,5447.967146604891,5470.852356360439,0.995816884049349,22.885209755546533,0.07004525259606585,0.1610164927119579,0.9783727977429276,0.0,0.0,0.0,0.0,False,632.1688101291603,2.4470987617310453,1440,2023-10-03,0.08356161882055606,0.3213333524588027,2.684
256,5,139,484.7237532756585,5201.010532749291,4940.960006111853,4954.615133742187,0.9972439579540014,13.655127630333434,0.09810315256064944,0.1358437606262,0.9995281012472529,0.0,0.0,0.0,0.0,False,562.3575920898766,1.371300993813254,1440,2023-04-30,0.08314381072645327,0.4091635668300926,2.687
257,5,244,699.2529260037957,9123.24055945711,8667.078531484218,8707.769638012094,0.9953270345657461,40.69110652787599,0.08067919581709965,0.16697310110403743,0.985442368816375,0.0,0.0,0.0,0.0,False,1090.9588939751754,1.6326633155005772,1440,2023-04-09,0.082728091672821,0.5380155608844819,2.661
258,5,298,100.2385335670725,11080.161220674472,10526.153159640748,10545.760989118287,0.9981406908901338,19.607829477539898,0.009522807814673066,0.1765421967506422,0.9636111117402645,0.0,0.0,0.0,0.0,False,1526.2260555806072,2.0829193949297746,1440,2023-12-23,0.0823144512144569,0.5742639520215491,2.679
259,5,220,1064.2020726757587,8040.1539782939235,7638.146279379252,7672.482263617225,0.9955247880596878,34.33598423797221,0.13932727048561394,0.1535408730686467,0.9933775382317024,0.0,0.0,0.0,0.0,False,802.0678383627837,1.5803770022994523,1440,2023-04-03,0.0819028789583846,0.5833835446711402,2.665
260,5,137,596.9255566473353,5044.604709856604,4792.374474363766,4822.472813062281,0.9937587333583324,30.098338698514148,0.12455736917899823,0.15071889279472314,1.0022127767197928,0.0,0.0,0.0,0.0,False,570.9555136578348,1.2309952442162004,1440,2023-04-08,0.0814933645635927,0.643605087237771,2.784
261,5,127,524.2171354282553,4399.216866235036,4179.256022923269,4202.672615520537,0.994428166374228,23.416592597267986,0.12543312315706867,0.14700945984690292,0.9924889133151521,0.0,0.0,0.0,0.0,False,503.22561175120114,1.7310810753374126,1440,2023-06-19,0.08108589774077472,0.7004547332539711,2.811
262,5,261,766.6386077511636,9877.720316882664,9383.834301038534,9417.904492462745,0.9963824021095693,34.07019142420989,0.08169779891214805,0.1769684313360499,0.9536453129927633,0.0,0.0,0.0,0.0,False,1111.7620306725703,3.27958974289864,1440,2023-08-08,0.08068046825207086,0.7567447295597907,2.832
263,5,173,563.7559513681662,6157.018368521593,5849.1674500955205,5869.7079116723735,0.9965005990270817,20.540461576852575,0.09638225545397229,0.15498517186116526,0.9936210778754696,0.0,0.0,0.0,0.0,False,701.5338476560993,1.629211580880832,1440,2023-11-10,0.0802770659108105,0.7370185677615204,2.738
264,5,207,260.00104492725313,7058.377752283449,6705.458864669266,6717.62906295348,0.9981883193951078,12.170198284213594,0.0387745343271265,0.20881056354003197,0.9861421589532423,0.0,0.0,0.0,0.0,False,1545.2453867580257,2.003774425134577,1440,2023-11-02,0.07987568058125645,0.7718515505745922,2.639
265,5,287,1373.5298194684165,9852.190665320117,9359.581132054065,9417.518420295035,0.9938479240862313,57.93728824097053,0.14675120607314826,0.16902939921055898,0.9901008476397533,0.0,0.0,0.0,0.0,False,1049.4647948442102,1.5415877362548107,1440,2023-01-27,0.07947630217835017,0.6808615469545413,2.578
266,5,165,687.5316464565573,5527.911420667369,5251.515849633975,5278.204983243901,0.9949435208191701,26.689133609925396,0.13092060771452826,0.18793344448588759,1.0005451365544908,0.0,0.0,0.0,0.0,False,796.9888086956867,1.3137816145246117,1440,2023-11-29,0.0790789206674584,0.697136635622813,2.591
267,5,262,961.016104493583,10000.060317647725,9500.05730176529,9542.917644624566,0.9955086751813876,42.86034285927644,0.10115897977952282,0.18396200656302308,0.9625277966080105,0.0,0.0,0.0,0.0,False,1403.6870424726844,2.4649186052390815,1440,2023-09-28,0.07868352606412113,0.6691711347274132,2.553
268,5,135,245.84223632679627,4710.25557007625,4474.742791572433,4485.471273153817,0.997608170707592,10.728481581384205,0.05493997035758269,0.21090666951234743,0.9659646995669926,0.0,0.0,0.0,0.0,False,945.0256472475907,2.9845605626410574,1440,2023-07-22,0.0782901084338005,0.656337797113244,2.486
269,5,122,564.4424610604648,4504.792090826982,4279.55248628564,4290.515237794258,0.9974448869422373,10.962751508617169,0.13189287031045677,0.13829553312240794,1.0025920678370825,0.0,0.0,0.0,0.0,False,582.0748614110337,1.1396158789883304,1440,2023-11-29,0.0778986578916315,0.5862475350577778,2.543
270,5,126,506.7880973073603,4552.718486859474,4325.082562516515,4357.296762646256,0.9926068381649139,32.214200129740775,0.11717420187523303,0.20326505279373652,0.9959522360568174,0.0,0.0,0.0,0.0,False,517.0,1.442945234753993,1440,2023-03-06,0.07750916460217336,0.6930050488151513,2.619
271,5,173,630.8341290593356,6185.978957406536,5876.680009536209,5918.636949740883,0.9929110468236253,41.95694020467362,0.10734532559807038,0.20037896430222615,0.9960875417580763,0.0,0.0,0.0,0.0,False,687.859029783632,1.4130773800081693,1440,2023-11-12,0.07712161877916247,0.6353148639044406,2.646
272,5,207,462.7698614656594,7404.813118416187,7034.572462495371,7071.421702441345,0.9947889913094489,36.84923994597482,0.06578507278628576,0.1991685801416057,0.964495093769683,0.0,0.0,0.0,0.0,False,1134.9496580083874,2.526020447301178,1440,2023-10-03,0.07673601068526667,0.5954931624420833,2.908
273,5,121,397.7013622463216,4587.359191378464,4357.991231809543,4375.926829301599,0.9959013031543494,17.935597492055397,0.09125795374333197,0.18875097095945864,1.002129455262036,0.0,0.0,0.0,0.0,False,572.067618621999,1.1748677276295387,1440,2023-11-27,0.07635233063184034,0.5663402174184822,2.935
274,5,230,922.8867926198135,8603.236529359034,8173.074702891105,8238.257381861687,0.9920878074149398,65.18267897058162,0.11291794412369141,0.2121582473814391,0.9869892684846804,0.0,0.0,0.0,0.0,False,1007.7167334809155,1.8954424198357258,1440,2023-04-28,0.07597056897868114,0.5664990530523519,3.461
275,5,269,1456.0987148386369,8892.50590547957,8447.880610205571,8549.362938506398,0.9881298373889651,101.48232830082804,0.17236260572617207,0.2304577596395228,0.979807770807967,0.0,0.0,0.0,0.0,False,1227.6650982968667,2.0180563068584476,1440,2023-01-24,0.07559071613378773,0.5145222010620187,3.232
276,5,211,655.6332088647089,7374.595516682392,7005.86574084828,7061.69108907208,0.9920946204641847,55.825348223798926,0.09358346749952474,0.20090497723994324,0.9627082957740782,0.0,0.0,0.0,0.0,False,804.1422257294474,3.1621868611711834,1440,2023-07-26,0.07521276255311879,0.43115890451999195,4.049
277,5,139,671.3357517756116,4915.225504920728,4669.464229674713,4693.585040193946,0.9948608983724228,24.120810519232116,0.1437714732900692,0.19560006903385913,0.998370634343805,0.0,0.0,0.0,0.0,False,707.8644709387612,1.2735674873181582,1440,2023-02-08,0.0748366987403532,0.4294391397034484,5.313
278,5,269,921.256124997175,9224.291201649932,8763.07664156743,8815.559993990435,0.9940465095287443,52.48335242300627,0.10512930134916544,0.18399528470342538,0.9839307030393695,0.0,0.0,0.0,0.0,False,990.4997244685387,2.179625531508534,1440,2023-09-09,0.07446251524665143,0.4399541224519056,5.599
279,5,130,82.01518290477968,4351.007592304248,4133.4572126890425,4145.877522563867,0.9970041782934427,12.420309874823904,0.019841788286329997,0.22240341305699582,0.9834470745623024,0.0,0.0,0.0,0.0,False,1131.6524635317592,1.7172346399836798,1440,2023-11-13,0.07409020267041817,0.47469686994245436,5.438
280,5,212,849.2479686477419,7759.996787648087,7371.996948265656,7409.127833140792,0.9949884945014648,37.13088487513623,0.1151991752855428,0.18421662481143067,0.9547395689639918,0.0,0.0,0.0,0.0,False,939.8207912837108,3.528630261128822,1440,2023-08-29,0.07371975165706608,0.4168730149041886,4.741
281,5,297,696.9375851546346,10576.469319951031,10047.645853953476,10093.029943710042,0.9955034226580444,45.38408975656671,0.06936327128612008,0.18860196476294644,0.9747111490692828,0.0,0.0,0.0,0.0,False,1606.0298474156884,2.0489996316436905,1440,2023-03-22,0.07335115289878076,0.4554140337732478,2.806
282,5,185,83.79592256329303,6322.287526232879,6006.173149921233,6017.150382033247,0.9981756759570458,10.977232112014711,0.013951632840353922,0.1934395387747264,0.9762542098977025,0.0,0.0,0.0,0.0,False,1315.133569408804,1.9203085321532711,1440,2023-12-22,0.07298439713428685,0.4771690027370131,2.73
283,5,200,707.6403277595894,7105.252278746686,6749.9896648093545,6787.192531229981,0.9945186664074366,37.20286642062724,0.10483576463069678,0.2019282323778997,0.952135024733902,0.0,0.0,0.0,0.0,False,1059.1388444257252,3.6010463239016803,1440,2023-08-26,0.07261947514861541,0.48425833814337327,2.857
284,5,165,545.6249596932797,6285.200059371935,5970.940056403291,6000.704267744358,0.9950398803185388,29.764211341066545,0.0913800765941615,0.1875082691818875,0.9928024415023445,0.0,0.0,0.0,0.0,False,752.003264617751,1.4268984017972084,1440,2023-12-13,0.07225637777287233,0.4711582689225851,2.661
285,5,177,671.9185515702409,6264.431377556402,5951.209808678548,5989.223528199267,0.993652980333471,38.0137195207184,0.1129045308720915,0.19390597607335652,0.9774228265289853,0.0,0.0,0.0,0.0,False,813.4377522117021,2.4868805228570903,1440,2023-05-10,0.07189509588400797,0.493026719118087,2.514
286,5,163,603.2131647930366,5842.183215995975,5550.074055196195,5570.111264942236,0.9964027272000556,20.03720974604005,0.10868560649713944,0.20528301386128597,0.984275239111843,0.0,0.0,0.0,0.0,False,1130.4688800168576,1.6837450861227468,1440,2023-11-16,0.07153562040458793,0.4967512253095888,2.551
287,5,128,504.79876815337144,4447.434340817323,4225.062623776458,4248.95754531397,0.9943762861166113,23.894921537511248,0.11947722746465961,0.21265672335287192,0.992333773162065,0.0,0.0,0.0,0.0,False,604.2347160603953,1.7577316633543247,1440,2023-03-10,0.071177942302565,0.47443719643628124,2.6
288,5,253,934.37642627139,9703.309185272345,9218.143726008662,9264.983656576394,0.994944413039036,46.839930567734086,0.10136275307089,0.19996488326629713,0.9709412893787235,0.0,0.0,0.0,0.0,False,1369.8497250569822,1.9519783690092651,1440,2023-11-12,0.07082205259105216,0.4397309762885025,2.611
289,5,190,48.013101198128915,6950.85127319797,6603.308709538065,6650.837214882404,0.9928537560296943,47.528505344338406,0.00727106717406336,0.2674488486568395,0.9826609825858276,0.0,0.0,0.0,0.0,False,1244.1752119213875,1.7777297289339162,1440,2023-12-27,0.0704679423280969,0.43988980419742923,2.721
290,5,300,1003.3180686830574,10641.799907198638,10109.709911838669,10136.347190190543,0.9973721028046817,26.637278351874826,0.09924301265144633,0.20390208099880466,0.9510402464995901,0.0,3.125,161.50148743662797,0.0,False,2040.2576329561753,3.0457004001972408,1485,2023-05-01,0.07011560261645643,0.28817970023253536,2.955
291,5,186,730.1604087406175,6419.164710838998,6098.206475297016,6124.933286867454,0.9956363913991124,26.72681157043794,0.11973363179787294,0.2053098851001644,0.9671605196280668,0.0,0.0,0.0,0.0,False,1091.6939186128384,2.227294497945482,1440,2023-06-19,0.06976502460337414,0.3064194018583567,3.598
292,5,261,324.0660286167785,9246.273126148148,8783.959469840782,8808.320304987144,0.9972343381822105,24.360835146362632,0.036892933047954116,0.22402706797518926,0.9510030355952276,0.0,4.583333333333333,653.5252452743708,0.0,False,2165.7739668995814,4.247858284113982,1601,2023-07-14,0.06941619948035727,0.3176484998810141,3.182
293,5,214,696.9878533357743,7872.1492229240075,7478.541761777755,7517.080996238109,0.9948731117198762,38.53923446035425,0.09319836346947008,0.23632909562849103,0.960106302565795,0.0,0.0,0.0,0.0,False,1361.0359314020825,3.106960206235046,1440,2023-07-13,0.06906911848295548,0.28425262257532596,3.234
294,5,233,796.0878048055915,8156.0479740518995,7748.245575349267,7803.105141867363,0.9929695210405728,54.85956651809471,0.10274426604886054,0.23670502899632934,0.9648990223586267,0.0,0.0,0.0,0.0,False,1115.8798058526738,3.03793192479737,1440,2023-08-14,0.0687237728905407,0.22865500511208697,3.172
295,5,121,415.910243378849,4103.894563312479,3898.6998351468583,3915.05592059889,0.9958222600688855,16.356085452031586,0.10667921639655602,0.21833927636868425,0.9533586105763563,0.0,0.0,0.0,0.0,False,850.507356898564,3.516794343251337,1440,2023-08-28,0.068380154026088,0.18151460628243501,2.777
296,5,277,874.7039566403345,9624.153414307833,9142.945743592441,9202.237293777893,0.9935568331599598,59.291550185450475,0.09566981814951099,0.2261034148909861,0.9511490603581984,0.0,2.0833333333333335,79.01067580320331,0.0,False,1686.0391387336513,3.1814238601520266,1470,2023-07-24,0.06803825325595757,0.18328997918109835,2.724
297,5,146,11.074711220266718,5325.166121971791,5058.907815873198,5085.8667083172295,0.9946992530496437,26.958892444031285,0.002189150627635059,0.22462389811953032,0.971197256263957,0.0,0.0,0.0,0.0,False,1192.2188990725142,2.7459735604965068,1440,2023-10-13,0.06769806198967777,0.16632400200641573,2.721
298,5,293,995.8338838872203,10690.312240617028,10155.796628586175,10221.913298792457,0.9935318693992354,66.11667020628296,0.09805571343208887,0.2365798327437444,0.9597726487728075,0.0,0.0,0.0,0.0,False,2046.7937379281768,2.552128544765893,1440,2023-12-04,0.06735957167972938,0.15477496225789578,2.622
299,5,157,748.0822973657819,5712.471963855724,5426.848365662932,5447.283084984139,0.9962486401014229,20.43471932120851,0.1378483876754492,0.2160859004784398,0.9888594689687092,0.0,0.0,0.0,0.0,False,1175.0254936203064,1.7098895236541294,1440,2023-03-02,0.06702277382133073,0.11740368264862167,2.853
300,5,258,973.5887072957853,8946.099699508766,8498.794714533411,8523.899681487796,0.9970547556995647,25.104966954385734,0.11455609177509542,0.22029284481447634,0.9622126211682402,0.0,0.0,0.0,0.0,False,1988.6207255112574,2.6902556068645906,1440,2023-03-06,0.06668765995222407,0.13178901492095046,2.904
301,5,199,702.1659486051361,7087.926654505682,6733.530321780387,6761.139032032487,0.9959165593073448,27.608710252101123,0.10427902081823241,0.22603083545217678,0.9651019356537226,0.0,0.0,0.0,0.0,False,1164.8610556930644,2.919743689565337,1440,2023-05-12,0.06635422165246296,0.13302736095880932,2.636
302,5,259,77.20467649037529,8944.519727771049,8497.293741382457,8541.047835099742,0.9948771983763542,43.75409371728402,0.009085795882797688,0.2489930321183751,0.9683834316768927,0.0,0.0,0.0,0.0,False,1770.6965821547392,2.3751955463341865,1440,2023-12-28,0.06602245054420065,0.12009291661354654,2.594
303,5,174,716.8318529209565,5819.544534468107,5528.567307744712,5573.277743128359,0.9919777126774681,44.710435383649106,0.12965960492454895,0.2606086972996762,0.9817344240262991,0.0,0.0,0.0,0.0,False,1240.7182141098033,2.08659908347098,1440,2023-09-11,0.06569233829147963,0.05677887686578137,2.563
304,5,166,500.08328592831833,5874.441749945095,5580.719662447842,5606.788729200987,0.9953504460374307,26.06906675314471,0.08960910351640372,0.23782448688123078,0.9633296978703151,0.0,0.0,0.0,0.0,False,1257.008016285973,3.1193600100938412,1440,2023-05-26,0.06536387660002224,-0.022457253196277005,2.683
305,5,231,805.0749608912986,8352.79407015845,7935.1543666505495,7955.44588786018,0.9974493546313231,20.291521209631266,0.1014567485006751,0.21281743983203516,0.951000029519362,0.0,4.722222222222222,114.01200242060668,0.0,False,1652.0405873982272,3.5216068784464474,1572,2023-07-13,0.06503705721702213,-0.03761211866940539,2.698
306,5,120,428.85596349852466,4073.7012969642183,3870.016232116016,3880.2952117700834,0.9973509799917057,10.278979654066891,0.1108150296475729,0.20449577292919255,0.9933191591482555,0.0,0.0,0.0,0.0,False,978.3613051347868,1.494069833412162,1440,2023-11-26,0.06471187193093703,0.004638620468720489,2.566
307,5,171,458.3733800958356,6499.299286921002,6174.334322574936,6184.873584628992,0.9982959616053837,10.539262054055767,0.07423850995886407,0.21898223024260846,0.9771927820307105,0.0,0.0,0.0,0.0,False,1556.3032745045743,2.1968627277580035,1440,2023-11-19,0.06438831257128233,0.05652209031901534,2.601
308,5,242,259.0205669353114,8489.902686930422,8065.407552583893,8097.7484404731695,0.9960061876301771,32.34088788927639,0.0321150004195795,0.21090801126705236,0.9627312565738527,0.0,0.0,0.0,0.0,False,2113.6346420290733,2.7183484819107164,1440,2023-01-11,0.06406637100842592,0.0652095485976058,2.738
309,5,284,905.5227385944819,10147.94959357328,9640.552113894602,9678.6019841187,0.9960686605062866,38.049870224098754,0.0939285144560738,0.21960704684748847,0.9510010392625601,0.0,5.208333333333333,310.4451505368218,0.0,False,2214.1699723559123,3.8116018604744335,1573,2023-08-09,0.0637460391533838,0.08937739640334899,2.747
310,5,204,872.143278425823,7016.1401201219,6665.333114115826,6680.775218185916,0.9976885760161404,15.442104070089792,0.13084766559960825,0.19329582874330004,0.9654244030598648,0.0,0.0,0.0,0.0,False,1538.4816313173662,2.3316324930386494,1440,2023-11-30,0.06342730895761688,0.08859344402860966,2.796
311,5,294,1403.8729021730983,10311.032175234883,9795.480566473221,9826.869548252187,0.9968058005018955,31.388981778965395,0.14331843064219876,0.21860821013298423,0.9566845216962521,0.0,0.0,0.0,0.0,False,2163.9531079771205,2.848897056975424,1440,2023-02-21,0.06311017241282879,0.14618617052086774,2.8
312,5,172,578.8655846446924,5697.392301511001,5412.52268643545,5430.865614103635,0.9966224670298323,18.34292766818607,0.10694931332027702,0.2109755490912879,0.9611887236194907,0.0,0.0,0.0,0.0,False,1274.803694433875,3.193518499813947,1440,2023-07-06,0.06279462155076464,0.13564270215071975,2.732
313,5,130,607.6016749737377,4912.732850718847,4667.096208182897,4676.501048114351,0.9979889152520887,9.404839931453449,0.13018837578458736,0.19638767614312536,0.9958056909549623,0.0,0.0,0.0,0.0,False,813.750796973713,1.4503420618291814,1440,2023-03-15,0.06248064844301082,0.14345100429176888,2.646
314,5,243,1115.8100754916927,9052.576705620595,8599.947870339534,8611.296773706872,0.9986820912499509,11.348903367337003,0.12974614408303842,0.20287137270902883,0.9658435360365164,0.0,0.0,0.0,0.0,False,1832.0302826662528,2.6091394469499085,1440,2023-11-30,0.062168245200795766,0.18197158268340957,3.36
315,5,157,742.1925365571537,5730.127693697335,5443.621309012446,5449.240797471639,0.9989687575447573,5.6194884591926915,0.13634169138995428,0.1966570885089967,0.97655353929208,0.0,0.0,0.0,0.0,False,1306.8014978729643,2.201295436010242,1440,2023-01-26,0.06185740397479179,0.19838034431628304,3.826
316,5,296,967.2997042129498,10271.541345541049,9757.96427826406,9793.03014462594,0.9964193037452128,35.065866361879785,0.0991292524371725,0.21458194419754786,0.9510013473026218,0.0,2.361111111111111,50.30346492874696,0.0,False,2091.6284912570895,3.192671283394588,1492,2023-09-30,0.06154811695491783,0.22534592443720264,2.58
317,5,221,704.9408105359129,7327.863559760988,6961.470381772926,6967.99933976373,0.9990630082363031,6.52895799080445,0.10126320617288624,0.18170464655087065,0.9510027092401877,0.0,1.0416666666666667,23.056310441828465,0.0,False,1920.2784175772936,3.0162615567426876,1484,2023-09-30,0.06124037637014324,0.20675460880924837,2.567
318,5,294,1190.7405950427715,10674.630537838593,10140.89901094668,10157.610784560442,0.9983547534978241,16.711773613761004,0.11741962855141506,0.21262997280698495,0.9682995996478373,0.0,0.0,0.0,0.0,False,1721.5479946465503,2.212497154150782,1440,2023-03-09,0.060934174488292525,0.2651263788020313,2.554
319,5,259,539.8921674520615,9713.980974915374,9228.281926169628,9245.980316211031,0.998085828713006,17.69839004140412,0.058504082533611314,0.19167152368629484,0.9611363066602245,0.0,0.0,0.0,0.0,False,2025.3687022382503,2.680156588199149,1440,2023-01-14,0.060629503615851066,0.24315657839245697,2.68
320,5,244,1051.828889491547,8403.144812141578,7982.987571534497,7997.061953908804,0.9982400558535841,14.074382374308321,0.13175880333850545,0.19887932717675363,0.9713774761957827,0.0,0.0,0.0,0.0,False,1960.342693026333,2.660717035396024,1440,2023-03-15,0.06032635609777181,0.27210574994600095,2.784
321,5,131,509.1200872375016,4580.830936722218,4351.789389886109,4354.6659838724545,0.9993394225878636,2.876593986345055,0.11699097580887888,0.17939001606022872,0.9843183874304301,0.0,0.0,0.0,0.0,False,1205.4853049186727,1.6632713060555924,1440,2023-02-18,0.060024724317282944,0.27946395315098915,2.64
322,5,271,1028.498329746548,9680.878311492215,9196.834395917598,9221.02050888784,0.9973770676524438,24.186112970239577,0.11183177661686398,0.232107427338778,0.9602228548139731,0.0,0.0,0.0,0.0,False,1989.0244926147088,2.4614615675064395,1440,2023-10-26,0.05972460069569653,0.32925749936832305,2.699
323,5,153,435.05086486028387,5033.813831564983,4782.123139986736,4789.776507061798,0.9984021452642355,7.653367075061177,0.09097441703717621,0.1878536932028245,0.9638629003031636,0.0,0.0,0.0,0.0,False,1273.4132944388316,2.984104116653751,1440,2023-10-07,0.05942597769221805,0.25150866016244283,2.529
324,5,135,195.2175345410245,5220.536216207639,4959.509405397264,4965.74323144837,0.9987446338321267,6.233826051106615,0.039362267229209394,0.16074726167926054,0.9834180434747858,0.0,0.0,0.0,0.0,False,1085.5328378445429,1.8402087627920507,1440,2023-12-20,0.059128847803756955,0.2872751192366952,2.56
325,5,202,696.5128547538403,7352.512134506513,6984.886527781213,6998.461020478255,0.9980603603196014,13.57449269704172,0.09971713240917765,0.18194129741636877,0.9510081162384523,0.0,4.166666666666667,413.91361372945437,0.0,False,1779.9029252223193,4.096609526638285,1635,2023-08-09,0.058833203564738173,0.37748507276397475,2.687
326,5,139,579.3263636976537,5461.889384610474,5188.794915379938,5198.683304065749,0.9980979051603167,9.88838868581222,0.11164950111643289,0.2073246174925667,0.9863231678150697,0.0,0.0,0.0,0.0,False,909.6676317465858,1.7305488984201718,1440,2023-11-16,0.05853903754691448,0.4039290920933418,2.575
327,5,241,687.1247206887203,8421.086043883173,8000.0317416890175,8015.260838820175,0.9980999873319907,15.229097131157724,0.08589024929839219,0.1997418617322393,0.9510248683921853,0.0,2.0833333333333335,167.52597646568066,0.0,False,1780.6554032487504,3.9690219233247754,1472,2023-05-23,0.05824634235917991,0.3688747725145718,2.746
328,5,297,831.6184356582155,10517.52140967654,9991.64533919274,10006.239251153413,0.9985415187869918,14.593911960671548,0.08323138056113237,0.16377828746417525,0.9530350484957268,0.0,1.0416666666666667,98.86097716873009,0.0,False,1661.467848743263,4.1184228042898665,1455,2023-08-07,0.057955110647384005,0.35752628643766404,2.554
329,5,283,905.8267358910471,10038.66618019451,9536.732871184739,9564.900825458797,0.9970550709528442,28.16795427405835,0.09498292005514852,0.22182306690765768,0.9624265260247287,0.0,0.0,0.0,0.0,False,2004.8266878296408,2.618865591587668,1440,2023-12-11,0.05766533509414709,0.42937844659267,2.598
330,5,287,789.0150641136745,9888.056575714465,9393.653746928736,9445.932780010517,0.9944654451498518,52.27903308178065,0.08399448024914094,0.23573626085559393,0.967101470086202,0.0,0.0,0.0,0.0,False,1758.2615510154174,2.6598123480642624,1440,2023-08-12,0.05737700841867635,0.35807050659563044,2.659
331,5,276,1424.4985933786152,9953.725926042944,9456.03962974088,9469.982485897417,0.9985276787811065,13.9428561565362,0.150644312963571,0.2039431035070145,0.9590093890572755,0.0,0.0,0.0,0.0,False,1781.3353010610717,2.7436195816659845,1440,2023-02-22,0.05709012337658297,0.2686283148697594,2.716
332,5,164,576.3322046302487,5879.24291559416,5585.280769814446,5593.026201996834,0.9986151625430214,7.7454321823869865,0.10318768713383689,0.19238633498234603,0.9704093639656993,0.0,0.0,0.0,0.0,False,1334.1438320298757,2.6031147780413466,1440,2023-10-01,0.05680467275970005,0.2668223524805866,2.833
333,5,263,553.601347035879,9682.324555990986,9198.208328191435,9203.989349955209,0.9993719004288285,5.781021763773113,0.06018578045673911,0.18663864974634675,0.9511490714296678,0.0,6.25,344.5533441671248,0.0,False,2009.9597199456355,3.4063734357355764,1530,2023-01-01,0.056520649395901554,0.2911831565744017,2.728
334,5,165,593.1577528144064,6110.458843479444,5804.935901305486,5822.270200633238,0.997022759382437,17.334299327752056,0.1021816197283091,0.2168049763675574,0.979319390325586,0.0,0.0,0.0,0.0,False,1302.5734517433673,2.3544571328567154,1440,2023-09-28,0.05623804614892205,0.3239847748813348,2.579
335,5,129,152.93757588174032,4726.083236851071,4489.779075008541,4497.827309842776,0.9982106394310376,8.048234834234897,0.034063496962030225,0.1724302600365724,0.9802036117539384,0.0,0.0,0.0,0.0,False,1110.4155126777746,1.8922233191732882,1440,2023-10-10,0.05595685591817744,0.28301990214184,2.758
336,5,259,1299.4644444765663,9589.074886434724,9109.621142113032,9128.487582112099,0.9979332348508599,18.866439999067914,0.14264747394040886,0.19984072422411422,0.9662111674063386,0.0,0.0,0.0,0.0,False,2034.5377169136,2.8367573417202383,1440,2023-03-02,0.05567707163858655,0.3492508668765826,3.091
337,5,296,839.9013723797988,10990.473889929212,10440.950195432753,10487.621782870363,0.9955498407166209,46.671587437609354,0.08044300151409609,0.20910371254296536,0.9514050252814693,0.0,5.208333333333333,336.1653659801611,0.0,False,1878.3646473485671,3.5964001464569395,1515,2023-08-07,0.05539868628039362,0.3419405812405789,2.917
338,5,266,866.0967267294457,10108.419896452597,9602.998901630037,9614.83154956196,0.9987693338285825,11.832647931922391,0.09019023490489333,0.18981268618441496,0.9510000650613356,0.0,4.027777777777778,127.9560796275791,0.0,False,2191.4381430367466,3.4796208236818806,1530,2023-10-07,0.05512169284899165,0.31525859280315516,2.603
339,5,231,878.3794698266462,8545.163426845773,8117.905255503561,8132.998688860233,0.9981441736395033,15.093433356670742,0.10820272498636835,0.20182345898834217,0.969928175302667,0.0,0.0,0.0,0.0,False,1593.3710445024046,2.71105463354929,1440,2023-05-06,0.05484608438474669,0.33686262573280634,2.587
340,5,293,425.7629456921057,10341.149463081425,9824.091989927365,9834.390798773995,0.9989527761243824,10.29880884662936,0.04333865624717685,0.18817779043649507,0.9520453488061689,0.0,0.0,0.0,0.0,False,2356.161801523495,3.0308950907635515,1440,2023-11-05,0.05457185396282296,0.3276309789584703,2.859
341,5,135,760.8149688746594,5076.046876910679,4822.24453306515,4828.896243953792,0.9986225194014118,6.651710888641068,0.1577719594387854,0.1808136979139743,0.9715362687296246,0.0,0.0,0.0,0.0,False,1121.585748008487,2.3177928996495685,1440,2023-01-19,0.05429899469300884,0.3508572428312403,3.255
342,5,139,216.7825583007677,5061.0960741018,4808.041270396683,4822.300302421338,0.9970431057523533,14.259032024654088,0.04508749948456292,0.1818424901220117,0.9772679161508526,0.0,0.0,0.0,0.0,False,948.9033208376811,2.2189091075304117,1440,2023-05-20,0.05402749971954379,0.3865985725833033,4.434
343,5,166,414.62727142061664,5920.6486919205845,5624.616257324544,5628.057471396487,0.9993885609574116,3.441214071943679,0.07371654392967282,0.16021931323115304,0.9510002783122322,0.0,4.236111111111111,135.94458524903362,0.0,False,1623.157715493667,3.7726337537745644,1613,2023-05-29,0.053757362220946084,0.4138361690211709,2.836
344,5,132,710.7469768328885,5162.876100582374,4904.73229555326,4908.375488761616,0.9992577598806983,3.6431932083562697,0.14491045260049518,0.15548922728110487,0.9510108206244243,0.0,0.4861111111111111,5.9394824351137725,0.0,False,1250.4733451829754,3.670558226006419,1454,2023-06-21,0.053488575409841345,0.4851862696697963,2.603
345,5,232,320.12102769558265,8200.268522158322,7790.255096050418,7816.962132109985,0.9965834507564183,26.70703605956768,0.041092496169718606,0.19469975315525287,0.9668172407904749,0.0,0.0,0.0,0.0,False,1710.203712269732,2.5611919745683407,1440,2023-12-10,0.05322113253279214,0.5548980779147474,2.669
346,5,127,157.7900627848199,4548.453797441336,4321.031107569265,4324.838211166242,0.9991197119034078,3.8071035969772717,0.03651676159155967,0.14897102732605022,0.9872910092922351,0.0,0.0,0.0,0.0,False,1011.659390868638,1.7451294212072732,1440,2023-10-21,0.05295502687012817,0.52466937992982,2.525
347,5,189,481.1397662315645,6389.191532116672,6069.731955510812,6075.520588140185,0.9990472203088782,5.788632629372332,0.07926870078582787,0.13033857191177278,0.9615138620188376,0.0,0.0,0.0,0.0,False,1885.0943417197382,2.8321447288784194,1440,2023-03-31,0.05269025173577754,0.6036410669998215,2.653
348,5,212,1062.3388357800302,8122.394456949725,7716.274734102226,7722.072779649752,0.9992491594274007,5.79804554752641,0.13767509224172683,0.14300988864655903,0.9642041266588407,0.0,0.0,0.0,0.0,False,1944.2130813833764,2.8430190169120055,1440,2023-01-17,0.05242680047709865,0.7112928899716443,2.553
349,5,200,380.3655217592795,6838.524864153619,6496.598620945953,6499.546108986295,0.999546508634462,2.9474880403403616,0.05854841032243045,0.15942520452853393,0.9693917031200082,0.0,0.0,0.0,0.0,False,1828.1214643458266,2.41566207936598,1440,2023-10-19,0.05216466647471316,0.7723869571002449,2.56
350,5,227,733.9985972011369,7669.727256016923,7286.240893216052,7296.79325129017,0.9985538362249401,10.552358074117029,0.1007376242370103,0.1259664268093615,0.9510029845517863,0.0,4.166666666666667,226.1545629241075,0.0,False,2030.1740612435945,3.723535456704056,1584,2023-08-14,0.0519038431423396,0.7871772556363539,2.624
351,5,265,1250.253673011963,9374.2935607423,8905.578882705206,8913.840829008854,0.999073132843391,8.261946303646717,0.14038993865294688,0.1354226225614289,0.9649218844605232,0.0,0.0,0.0,0.0,False,1657.483905175804,2.2487537470301797,1440,2023-01-21,0.0516443239266279,0.8763204841069525,2.593
352,5,280,794.1328649359633,10175.846385221483,9667.054065960408,9673.98535729789,0.9992835123187103,6.931291337480474,0.08214838352174535,0.1738553607691157,0.9510026077698663,0.0,9.791666666666666,1702.6057119864622,0.0,False,2250.428544395302,4.408230029612502,1762,2023-10-04,0.05138610230699475,0.9300603051008115,2.718
353,5,269,1209.427687344564,9606.170367769559,9125.86184938107,9146.732324177874,0.9977182589303902,20.870474796803354,0.13252750340797556,0.16464438486179514,0.9510876359591333,0.0,2.0833333333333335,67.82149736119585,0.0,False,2189.7706905626446,3.5416656432081863,1485,2023-01-02,0.05112917179545978,0.889807369800532,2.775
354,5,256,1258.678535299928,8547.674800224215,8120.291060212983,8139.295795231868,0.9976650639690453,19.004735018884638,0.15500411573509715,0.15865455405635792,0.9614282420544915,0.0,0.0,0.0,0.0,False,1453.6498113968644,2.1706162670577327,1440,2023-02-05,0.05087352593648248,0.8796369493133238,2.557
355,5,218,121.0860556340872,7798.45821888639,7408.535307942055,7414.362244994634,0.9992141013805317,5.826937052579941,0.016344128846127147,0.1353158209986434,0.9510000908075857,0.0,6.25,356.8956602257983,0.0,False,2073.0330331950195,4.051851332506877,1735,2023-08-02,0.05061915830680006,0.8867455129927013,2.564
356,5,227,809.7115048517568,8451.750610439636,8029.1630799176555,8042.056371742733,0.9983967667933316,12.893291825079158,0.10084631446544998,0.1819487898089492,0.9510007588839365,0.0,4.513888888888889,159.2701169883948,0.0,False,1695.5175593628765,3.6894986222383235,1551,2023-08-04,0.05036606251526607,0.9470117856132432,2.619
357,5,263,324.50751475718897,9799.623744555898,9309.642557328169,9333.12396906639,0.9974840780197448,23.48141173822158,0.03485714008447617,0.19509806113178743,0.9575050837621001,0.0,0.0,0.0,0.0,False,2220.4927757324485,2.868999170971936,1440,2023-11-05,0.050114232202689735,0.8935348328365562,2.702
358,5,204,689.5010067883252,7309.6728639157545,6944.189220719978,6956.548321347029,0.9982233860736472,12.359100627050111,0.09929179417101731,0.14250547805283983,0.9510006286749547,0.0,3.125,85.99629917736503,0.0,False,1807.1377715260178,3.408962722660806,1572,2023-05-17,0.05,0.8220699706483734,2.867
359,5,193,846.1621812871405,6820.104318282419,6479.099102368321,6496.893347924899,0.9972611147199667,17.79424555657826,0.1305987403368843,0.1794635242286341,0.9798131398142602,0.0,0.0,0.0,0.0,False,1519.7845100221034,1.970759477990026,1440,2023-01-30,0.05,0.8834764897688697,2.686
360,5,269,1142.189601488096,9920.655218403357,9424.622457483201,9438.786475019191,0.9984993815069897,14.164017535992064,0.12119208028128398,0.1797967258344504,0.9559549883996815,0.0,0.0,0.0,0.0,False,2203.785361174183,2.811192032471765,1440,2023-04-03,0.05,0.8523208272670877,2.577
361,5,296,1424.4278536941786,10532.332973488185,10005.71632481386,10050.05806940664,0.9955879116034404,44.34174459277773,0.1423614069651008,0.18971785765208055,0.9837260975182287,0.0,0.0,0.0,0.0,False,1700.9284951858524,2.093105242484448,1440,2023-01-27,0.05,0.8276734174411438,2.656
362,5,188,789.208600294146,7279.693402872239,6915.708732728624,6929.641801728358,0.9979893522063062,13.933068999731454,0.11411825321086941,0.17344650497027966,0.9846903068039136,0.0,0.0,0.0,0.0,False,1406.8677974861234,1.822838763806029,1440,2023-02-18,0.05,0.7866431066989983,2.623
363,5,229,17.21432281609587,8264.542228029086,7851.315116627662,7871.219508560294,0.9974712442066969,19.904391932632556,0.0021925400471621698,0.1894810882709014,0.9639710705611109,0.0,0.0,0.0,0.0,False,1765.9406755836674,2.825933747035631,1440,2023-10-13,0.05,0.7909435087567298,2.538
364,5,128,650.4977223846039,4862.199570131929,4619.0895916253385,4626.883421623928,0.9983155335269168,7.793829998589813,0.14082812413164528,0.19408072718244518,0.9921687085395912,0.0,0.0,0.0,0.0,False,878.5211940563009,1.4526922300252896,1440,2023-02-26,0.05,0.7596336927280022,2.656
365,5,295,1536.019409835816,10595.439668594187,10065.667685164477,10134.183886004177,0.9932391002955527,68.51620083970259,0.15259985307280854,0.20557910000162716,0.9636782152981348,0.0,0.0,0.0,0.0,False,1972.5438374661776,2.3983045732804005,1440,2023-01-20,0.05,0.7247625979405016,2.709
366,5,266,427.7829041241089,9604.840369387462,9124.59835091815,9176.297363198872,0.9943660269240993,51.69901228072311,0.046882381850929786,0.23841191609756496,0.9635711912268377,0.0,0.0,0.0,0.0,False,1839.0671169433142,2.5618627546583688,1440,2023-01-11,0.05,0.6712903469082193,2.698
367,5,127,554.3975373488646,4600.718658629637,4370.682725698134,4385.291321910931,0.9966687284514473,14.608596212798133,0.1268446080721428,0.1913989202501415,0.9976994385357013,0.0,0.0,0.0,0.0,False,777.6973894778073,1.3949919845954961,1440,2023-03-20,0.05,0.5543597548664521,2.818
368,5,188,781.1557541368313,6687.43093166289,6353.059385079726,6370.044157116058,0.9973336492467861,16.984772036332227,0.12295741418243149,0.18080859563805568,0.9649246133128417,0.0,0.0,0.0,0.0,False,1585.246487674502,2.524396758089945,1440,2023-09-11,0.05,0.5646739260848628,2.701
369,5,279,1060.4763255337687,10045.199468611967,9542.939495181337,9560.903063183505,0.9981211431719939,17.96356800216861,0.11112679966893338,0.19772428814593515,0.9547656868275805,0.0,0.0,0.0,0.0,False,2100.262123815427,2.8398129518750244,1440,2023-10-22,0.05,0.5971835474242774,2.76
370,5,234,295.3217051570062,8007.887065966973,7607.492712668637,7626.213569409778,0.9975451963716,18.72085674114022,0.03881984726258254,0.2108520076247162,0.9685489096690237,0.0,0.0,0.0,0.0,False,1812.1683300386173,2.3413093407261885,1440,2023-11-03,0.05,0.5860905065711776,2.661
371,5,221,751.8867657174173,7676.017770158327,7292.216881650376,7308.749317265565,0.9977379938895792,16.532435615190373,0.10310811896028663,0.1952793440137387,0.9539521804693019,0.0,0.0,0.0,0.0,False,1560.9844872457122,3.4509045295827594,1440,2023-06-25,0.05,0.5477924906541435,2.726
372,5,141,158.64389763521555,5085.401658696953,4831.131575762089,4843.95196076676,0.9973533211913518,12.820385004670538,0.0328378341900552,0.19410191901805998,0.9879475977335731,0.0,0.0,0.0,0.0,False,1198.5638220052538,1.7173427409032607,1440,2023-12-20,0.05,0.5516499706639798,2.666
373,5,249,987.1600429034038,9062.422800937125,8609.301660890284,8622.316302927415,0.998490586336677,13.014642037128791,0.11466203436543564,0.19407356043710022,0.9774589034987575,0.0,0.0,0.0,0.0,False,1724.7947498068047,2.249854434696761,1440,2023-03-09,0.05,0.557621193711439,2.717
374,5,233,712.2797691396303,8626.066241631075,8194.76292954958,8210.721848321686,0.9980563318223517,15.95891877210502,0.0869188987238683,0.16741602087753138,0.9510064827506111,0.0,0.1388888888888889,0.289168307092632,0.0,False,1985.2898544280795,3.7871623801531813,1444,2023-06-01,0.05,0.5627568830056628,2.576
375,5,154,449.62375753870276,5234.984827118834,4973.235585762901,4980.644789925599,0.9985124006077115,7.409204162697666,0.09040869868016314,0.1751158676326111,0.9570335044537914,0.0,0.0,0.0,0.0,False,1239.660042174846,2.798814306284651,1440,2023-10-05,0.05,0.6271412204282169,2.82
376,5,206,608.4407563230552,7207.845223947779,6847.452962750322,6871.9996092401125,0.9964280198071046,24.546646489790998,0.08885650761428104,0.21066849551872788,0.9783910598693523,0.0,0.0,0.0,0.0,False,1689.970997153388,2.13062392248856,1440,2023-04-09,0.05,0.6629532341234541,2.756
377,5,219,537.3168984101214,7670.917584690129,7287.371705455633,7301.002430809078,0.9981330337193253,13.630725353443925,0.0737326048577793,0.18376348860229347,0.9687564354941443,0.0,0.0,0.0,0.0,False,1874.1272431830203,2.5503682342343708,1440,2023-10-17,0.05,0.6128536389542505,2.675
378,5,221,810.5957368043996,8057.32887172294,7654.46242813676,7689.86824934391,0.9953957831188888,35.40582120715048,0.10589845392992724,0.2134963324566905,0.9693915432507382,0.0,0.0,0.0,0.0,False,1584.2941616104183,2.3506724629795954,1440,2023-09-22,0.05,0.6327768036049288,2.739
379,5,172,357.05161087655665,6443.091395904315,6120.936826109108,6134.632170365097,0.9977675361984785,13.69534425599025,0.05833283711629539,0.19979615231616685,0.9804583719802309,0.0,0.0,0.0,0.0,False,1376.8918242637192,1.8151075772141203,1440,2023-10-20,0.05,0.5826282622229635,2.717
380,5,212,733.1460993192526,7613.378398820214,7232.709478879189,7244.927955115007,0.998313513079562,12.218476235816986,0.10136534606569929,0.19496898479928124,0.9510001309103029,0.0,8.333333333333334,196.99680988558785,0.0,False,1636.563556334519,3.738017557246436,1671,2023-08-27,0.05,0.5726600178107348,2.644
381,5,139,495.3964251604584,4829.4656782913935,4587.992394376821,4613.699119087394,0.9944281748664057,25.70672471057381,0.10797673199450612,0.23343333018787746,0.9901449604548159,0.0,0.0,0.0,0.0,False,759.6984930528943,1.5608201254470027,1440,2023-11-17,0.05,0.5755567415781363,3.577
382,5,225,828.4746884015259,7804.9601918700555,7414.712182276536,7444.348424926451,0.9960189608333374,29.636242649915406,0.11173389715407128,0.19126564039021698,0.97287578673114,0.0,0.0,0.0,0.0,False,1445.5080846888209,1.86907064661506,1440,2023-04-15,0.05,0.4915808942277518,3.5
383,5,120,525.736162837307,4219.554668611421,4008.5769351808563,4014.7847280210076,0.9984537669487421,6.207792840151493,0.13115281840376783,0.1961316737316557,0.9804244457651365,0.0,0.0,0.0,0.0,False,1008.9556852461909,1.9648487415173355,1440,2023-01-02,0.05,0.5176058518827864,2.932
384,5,124,100.47290305066355,4658.9319465692315,4425.985349240772,4432.159805109566,0.9986068968312749,6.174455868794183,0.022700685863747502,0.18140367923231446,0.9628194684148509,0.0,0.0,0.0,0.0,False,1210.5097843472158,3.0737417660230997,1440,2023-09-18,0.05,0.5279139609690661,2.737
385,5,284,758.9974382044975,10282.767212731835,9768.628852095226,9784.099742422131,0.9984187722187841,15.470890326905584,0.07769743837096481,0.2044722940711045,0.9510235381653217,0.0,1.0416666666666667,13.33544915677767,0.0,False,2390.194485737149,3.0901947666402463,1470,2023-10-17,0.05,0.569491852175025,2.68
386,5,269,982.4234130045618,10085.059673221043,9580.80668955995,9618.89212928664,0.996040558599183,38.08543972668943,0.10254078229916617,0.22210107757055333,0.9600290474486831,0.0,0.0,0.0,0.0,False,1940.298577944092,2.5972058212574516,1440,2023-04-30,0.05,0.5517795977908987,2.766
387,5,241,20.721026544651043,8724.588542919833,8288.359115773856,8306.714342409017,0.9977903144518343,18.35522663516226,0.002500015534464012,0.20273385299555724,0.9510005608715539,0.0,2.4305555555555554,121.97144709077838,0.0,False,1878.9080764426321,3.873780184465584,1496,2023-10-13,0.05,0.4977214167062825,2.813
388,5,206,662.1628767526164,7126.322219124879,6770.006108168596,6800.677887086878,0.9954898938859431,30.671778918283124,0.09780831304622603,0.21337543898883052,0.9510001963587088,0.0,5.486111111111111,248.93866265001407,0.0,False,1057.1355832045406,3.4492379698983373,1585,2023-06-11,0.05,0.49694607325380324,2.846
389,5,157,705.0506908388876,5457.561001030299,5184.682950978811,5208.095693335823,0.9955045483540231,23.412742357011012,0.13598723345383767,0.21646759877684227,0.9866084120333735,0.0,0.0,0.0,0.0,False,898.7799959700726,1.740487532992968,1440,2023-01-17,0.05,0.472245537357177,2.807
390,5,197,456.2929676760123,6964.848590720625,6616.606161184596,6624.069943379178,0.9988732331846765,7.4637821945813165,0.06896178441944933,0.18043719044559786,0.951618220561102,0.0,0.0,0.0,0.0,False,1870.068980331594,3.2194474933984285,1440,2023-07-31,0.05,0.4448589771674081,2.544
391,5,166,645.5711074085278,5811.366274697501,5520.79796096264,5535.734755347838,0.997301750346552,14.936794385197482,0.11693438375635867,0.19865440211180496,0.9883063472791993,0.0,0.0,0.0,0.0,False,1228.6185482320527,1.7419026428030515,1440,2023-10-25,0.05,0.5031947678220506,2.666
392,5,154,533.035126630702,5786.03676284459,5496.734924702349,5519.647359414634,0.9958489314225476,22.91243471228503,0.09697304562300066,0.23565937099727205,0.956178477020642,0.0,0.0,0.0,0.0,False,1111.0914159808708,3.083629650919766,1440,2023-06-12,0.05,0.5098528145745189,2.637
393,5,204,821.4657232032623,6975.921037760864,6627.124985872807,6670.693955852863,0.9934686000784329,43.56896998005708,0.12395506723570168,0.25240219144060794,0.9791093410312841,0.0,0.0,0.0,0.0,False,1293.7750182831278,1.8080065894225323,1440,2023-10-11,0.05,0.4319853518786023,2.632
394,5,215,604.7850316430906,7583.1991853363215,7204.039226069484,7217.935435048492,0.9980747667939047,13.896208979007325,0.08395082434511683,0.2145120572018535,0.9510000235500599,0.0,3.263888888888889,91.85680201901118,0.0,False,1703.2577544125138,3.6457923123115012,1554,2023-07-17,0.05,0.33023706717449963,2.679
395,5,268,857.1014523191404,9748.322383004359,9260.906263854116,9307.794405548128,0.9949624863151186,46.888141694011296,0.09255049429281666,0.24009697890071952,0.9557287283769027,0.0,0.0,0.0,0.0,False,1990.00656165403,3.1013880606599358,1440,2023-10-08,0.05,0.33147113187638455,2.649
396,5,216,815.0617496335534,7774.282484151191,7385.56835994364,7417.109374417413,0.9957475327810908,31.541014473773686,0.11035870361096668,0.2213181284986272,0.9525540827638999,0.0,0.0,0.0,0.0,False,1496.8451764788947,3.607141434112384,1440,2023-08-28,0.05,0.2741667069553514,2.683
397,5,141,597.4100688287187,5059.948152653425,4806.950745020753,4818.952237438947,0.9975095224383107,12.001492418194445,0.12428046396097191,0.2128548547275779,0.995033782663215,0.0,0.0,0.0,0.0,False,1071.1525163530828,1.5761495279718816,1440,2023-04-07,0.05,0.26857073147819654,2.709
398,5,141,339.30019945432656,4979.9144749386205,4730.918751191693,4757.19174239259,0.9944772057500288,26.272991200895554,0.07171972661100101,0.245991836639561,0.9925031435389894,0.0,0.0,0.0,0.0,False,821.7183690663787,1.4948294982166919,1440,2023-11-09,0.05,0.28207041065640215,2.55
399,5,295,953.8166668559292,10893.287918926722,10348.623522980371,10380.801781292923,0.9969002145508125,32.17825831255057,0.0921684574511638,0.21903752399597937,0.953986896673048,0.0,0.0,0.0,0.0,False,2331.1295038579115,3.027806602908898,1440,2023-11-07,0.05,0.21766920196062584,2.725
400,5,146,387.94672217687344,5129.06645537911,4872.613132610175,4891.820726441787,0.9960735286704623,19.20759383161155,0.0796177967794166,0.21818274614636826,0.9627262129214956,0.0,0.0,0.0,0.0,False,1138.9579977631952,3.109246380669099,1440,2023-08-08,0.05,0.22449584662008543,2.705
401,5,290,1316.9625729088386,10722.507669175813,10186.382285716998,10231.675076688618,0.9955732770409399,45.292790971620676,0.12928658437995588,0.2111472188778275,0.9556140061062404,0.0,0.0,0.0,0.0,False,2249.6357619166374,2.849603535352487,1440,2023-04-03,0.05,0.23092853630947907,2.747
402,5,235,922.972793479033,8756.120198523866,8318.314188597618,8358.320759854088,0.9952135635367542,40.00657125646966,0.11095671220788988,0.22724957849752908,0.9510001824090407,0.0,5.694444444444445,235.6151864350055,0.0,False,1628.0627496896846,3.5624182404064584,1566,2023-06-22,0.05,0.2509954871078923,2.841
403,5,164,810.451503858766,5923.986113384339,5627.786807715104,5649.7121257903655,0.9961192149994379,21.925318075260098,0.1440089206555803,0.2053061922829594,0.9924554231337841,0.0,0.0,0.0,0.0,False,849.8135510665514,1.4785775091134292,1440,2023-02-22,0.05,0.230261377658403,2.714
404,5,197,1035.7062869036108,7057.813620095516,6704.922939090727,6748.29227282299,0.993573287584635,43.36933373226365,0.15446952877941142,0.22541482766574045,0.9895797623370273,0.0,0.0,0.0,0.0,False,1180.0064278791215,1.5572447048070803,1440,2023-01-20,0.05,0.2616842301567168,2.741
405,5,235,1093.7396216696882,8258.148013305326,7845.24061264007,7871.193881132741,0.996702753243713,25.953268492670905,0.1394144138686429,0.22483364928891397,0.9733158091856545,0.0,0.0,0.0,0.0,False,1785.8107232378925,2.239921278292888,1440,2023-01-21,0.05,0.24131277292996256,2.643
406,5,228,839.932966048928,8048.251074161555,7645.838520453475,7697.147401585481,0.9933340394233016,51.308881132005524,0.10985491830647655,0.24854543520835218,0.954068014475563,0.0,0.0,0.0,0.0,False,1704.4429703134554,3.4641293442758982,1440,2023-06-26,0.05,0.22505251711313168,2.715
407,5,185,583.7075593004113,6413.240558753584,6092.578530815874,6117.965726090281,0.99585038615595,25.387195274407727,0.09580632508026866,0.21985688858526992,0.9608363834532012,0.0,0.0,0.0,0.0,False,1148.8525378050867,3.0100431554167417,1440,2023-07-24,0.05,0.1574511116764853,2.762
408,5,190,684.6051207903415,6897.806631726565,6552.916300140212,6584.732571968205,0.9951681755515118,31.816271827992317,0.10447335040365052,0.23926305441959642,0.9510115911169886,0.0,1.0416666666666667,66.15201591351926,0.0,False,1319.3458188342915,3.697491896606677,1486,2023-08-27,0.05,0.16549194546868573,2.72
409,5,246,340.20033212046724,7943.772789579524,7546.584150100551,7612.079445385252,0.9913958733937798,65.49529528470028,0.04508004222227276,0.20928565816678513,0.9571592427152342,0.0,0.0,0.0,0.0,False,979.7020879223297,3.441957096242878,1440,2023-05-28,0.05,0.12726789494594792,2.685
410,5,234,153.3754069123589,8373.655764831701,7954.972976590124,7982.413730918721,0.9965623487764974,27.440754328596004,0.0192804434865727,0.2124807830479268,0.9755071328049595,0.0,0.0,0.0,0.0,False,1726.6170039548815,2.3099852174456723,1440,2023-11-13,0.05,0.16217464337560325,2.61
411,5,135,568.7403015867309,5208.412036659401,4947.9914348264065,4967.152896097502,0.9961423653203528,19.16146127109519,0.11494367140243127,0.216233987498357,0.9899489524363865,0.0,0.0,0.0,0.0,False,1095.8225601194845,1.6345774600484386,1440,2023-10-22,0.05,0.18244672822841956,2.663
412,5,250,896.7992509894947,9482.12793629161,9008.021539477018,9044.886495474335,0.9959242212695801,36.86495599731608,0.09955562906453268,0.21826161146448156,0.967289891625397,0.0,0.0,0.0,0.0,False,1901.477568123743,2.562573838288116,1440,2023-04-23,0.05,0.18959564694480827,2.663
413,5,205,361.6289356461293,6846.841017031647,6504.498966180048,6522.109491753441,0.9972998727488921,17.610525573393524,0.0555967396607192,0.19967256918310475,0.9847085808240147,0.0,0.0,0.0,0.0,False,1469.5622530469486,1.8623008286164058,1440,2023-12-19,0.05,0.18994092861922113,2.718
414,5,273,817.761423481971,9654.458850006782,9171.73590750646,9225.637885572189,0.9941573711504518,53.90197806573169,0.08916103033589173,0.2335649700481742,0.9709185306220736,0.0,0.0,0.0,0.0,False,1544.68625214869,2.392151514727056,1440,2023-05-21,0.05,0.23112941851862523,2.726
415,5,226,798.5408130678115,8097.229376392252,7692.36790757265,7713.7040074781635,0.9972340006973526,21.336099905512544,0.10380949307971847,0.21446808627880848,0.9695946812811641,0.0,0.0,0.0,0.0,False,1769.8764944264676,2.314064905085507,1440,2023-09-22,0.05,0.18783868003258694,2.747
416,5,216,950.9766602450709,7885.406615068075,7491.136284314687,7525.329733926982,0.9954562190865687,34.19344961229497,0.12694691755058216,0.19740306667991395,0.9819685309149995,0.0,0.0,0.0,0.0,False,1272.3506040923473,1.9331463223475045,1440,2023-03-03,0.05,0.19449582922242054,2.747
417,5,233,875.6408054572113,8077.380188070164,7673.511178666651,7704.096975076717,0.9960299310212458,30.585796410065388,0.11411214306843072,0.20802210952698788,0.9743520643476501,0.0,0.0,0.0,0.0,False,1930.3580799676354,2.379005762743958,1440,2023-10-26,0.05,0.23749443835785963,2.656
418,5,189,298.81507298367575,6943.208504145847,6596.048078938562,6622.289332233377,0.9960374347935709,26.241253294813745,0.045302136886752525,0.21419225090698768,0.9790312089143662,0.0,0.0,0.0,0.0,False,1441.975841182256,2.2285692873176224,1440,2023-03-12,0.05,0.24813032592629886,2.631
419,5,245,945.7294801142759,8848.781161523919,8406.342103447692,8445.710974959517,0.9953385959301061,39.36887151182457,0.11250190254883917,0.23197066110733822,0.9680499067253358,0.0,0.0,0.0,0.0,False,1626.339893337392,2.2476750250240625,1440,2023-11-25,0.05,0.2423551123997013,2.744
420,5,174,412.47828031768535,6241.776950907312,5929.688103361953,5963.240770806361,0.9943734172853345,33.55266744440782,0.06956154744190048,0.1658921579725642,0.9609530722703642,0.0,0.0,0.0,0.0,False,741.1998594996617,3.1404568942492745,1440,2023-05-27,0.05,0.19702390608228518,2.654
421,5,281,431.07818083893517,10417.337066574617,9896.47021324584,9934.05671654634,0.9962163993650354,37.58650330049911,0.04355878121695981,0.22265522222267828,0.9546040642079759,0.0,0.0,0.0,0.0,False,2310.37143532187,2.814759215606398,1440,2023-11-23,0.05,0.3078370400262269,2.898
422,5,247,696.9239209657122,8765.806951016073,8327.516603465201,8351.407234201602,0.9971393287303053,23.89063073640053,0.08368928627241788,0.21530140407819992,0.9721685574644148,0.0,0.0,0.0,0.0,False,1658.4591170735189,2.246146378258873,1440,2023-12-12,0.05,0.2704760447199954,2.921
423,5,163,140.4529796951195,6091.183720596232,5786.6245345664265,5807.457488664027,0.9964127237886347,20.832954097600798,0.024272005010196017,0.22209141433748766,0.960659954636979,0.0,0.0,0.0,0.0,False,1381.9770023938731,3.2396940636193077,1440,2023-08-02,0.05,0.2560005781889526,2.732
424,5,279,1402.4847433762668,10113.099526602024,9607.444550271928,9684.497347710545,0.9920436967792827,77.05279743861544,0.14597895788392254,0.2642938710622963,0.9719805540373098,0.0,0.0,0.0,0.0,False,1623.870248522846,2.542230059475811,1440,2023-02-21,0.05,0.22837761167681092,2.656
425,5,147,391.91925506673186,4962.548190082704,4714.420780578537,4742.002483860642,0.994183532510584,27.58170328210532,0.08313200567104172,0.24241296941837037,0.9724969796821413,0.0,0.0,0.0,0.0,False,826.4656827759025,2.574528335368385,1440,2023-10-04,0.05,0.11021914011940381,2.55
426,5,286,711.5022292693678,10382.530480595398,9863.403956565644,9903.674045518812,0.995933823269215,40.27008895316855,0.07213556622059987,0.23699167298241616,0.9761435825413346,0.0,0.0,0.0,0.0,False,1816.938416103548,2.2673119189686393,1440,2023-03-31,0.05,0.06170969801919668,2.589
427,5,190,1083.472965946539,6559.047946227545,6231.095548916142,6278.890041441884,0.9923880666470843,47.79449252574054,0.17388161639328448,0.22409102116221294,0.9819560381645033,0.0,0.0,0.0,0.0,False,875.5594375505609,1.6007057066501673,1440,2023-02-07,0.05,0.03297941284900935,2.591
428,5,186,636.2308316152418,6421.621434640683,6100.540362908656,6146.896378525679,0.9924586307036232,46.35601561702471,0.10429089781677887,0.23933904715159096,0.9860209638530247,0.0,0.0,0.0,0.0,False,1194.3243827262859,1.7663665375153927,1440,2023-03-26,0.05,0.03717206765919595,2.667
429,5,222,774.5397100692402,7582.436892591378,7203.315047961811,7265.118671020797,0.9914931020596389,61.80362305898596,0.10752545250514864,0.2547067081741136,0.9585973101773398,0.0,0.0,0.0,0.0,False,1234.118022882793,3.2002361808078077,1440,2023-07-06,0.05,0.0050135819731340625,2.655
430,5,123,469.54386418205394,4374.59157752788,4155.861998651495,4182.322867311785,0.9936731645308633,26.460868660287993,0.11298350723253389,0.21937809781331402,1.0013946391340762,0.0,0.0,0.0,0.0,False,695.3710768821834,1.1946414145907627,1440,2023-04-20,0.05,-0.057257396233971025,2.62
431,5,293,1090.3114247353024,10476.864369243132,9953.02115078104,10053.2429677865,0.990030896763701,100.22181700545946,0.10954577592249391,0.2837113641834823,0.9549229256344076,0.0,0.0,0.0,0.0,False,1691.7622146952265,3.517461582440218,1440,2023-08-31,0.05,-0.03032014089656171,2.651
432,5,273,644.0703010983613,9334.19554355485,8867.485766377078,8906.887512264308,0.9955762609741085,39.40174588722816,0.0726327978490237,0.22268316083908435,0.9618428798032173,0.0,0.0,0.0,0.0,False,1794.0879839173244,2.56447125797884,1440,2023-04-01,0.05,-0.15448909085017853,2.588
433,5,248,953.2960405619702,8793.984402939035,8354.285182792086,8402.201150746501,0.9942972124691208,47.91596795441413,0.11410863044579107,0.24002950555373304,0.9818618689430176,0.0,0.0,0.0,0.0,False,1534.4402897470611,2.054831236540081,1440,2023-04-26,0.05,-0.1206963614973508,2.625
434,5,138,490.85459790880714,5011.571587671131,4760.993008287562,4784.311248341435,0.9951261030389782,23.318240053874504,0.10309920578634879,0.21115500358408887,0.9623001104888368,0.0,0.0,0.0,0.0,False,874.2466957569122,3.0268399175063725,1440,2023-08-14,0.05,-0.1338256116650023,2.587
435,5,253,982.8433358199431,8961.339000815518,8513.272050774814,8563.304535687937,0.994157339061736,50.03248491312175,0.11544836461915864,0.22527084602706188,0.9834041020770009,0.0,0.0,0.0,0.0,False,1431.1278397179972,1.9271115562975187,1440,2023-04-26,0.05,-0.08136285764511075,2.692
436,5,188,782.6227287566387,6938.188650889633,6591.279218345142,6620.295688446208,0.9956170431855927,29.016470101066414,0.11873609095157253,0.21290076066630728,0.981106132148084,0.0,0.0,0.0,0.0,False,1163.5623718500137,1.9488459854594735,1440,2023-10-22,0.05,-0.07171105010509127,2.758
437,5,296,1019.2254452626478,9853.394096873759,9360.724392030112,9430.093041630165,0.992643906131804,69.36864960005613,0.10888318067888363,0.2500441809986765,0.9632765638889035,0.0,0.0,0.0,0.0,False,2033.456853602293,2.490120285519077,1440,2023-04-24,0.05,-0.037420454312730944,2.665
438,5,260,1275.7484918454918,9646.447515810652,9164.125140020085,9216.979476793604,0.9942655468739413,52.854336773519485,0.13921116007836354,0.22156030259868567,0.9759096173963132,0.0,0.0,0.0,0.0,False,1639.007250567724,2.0779064387515938,1440,2023-01-21,0.05,-0.09420571145998871,2.616
439,5,168,596.361899271251,5874.080657196827,5580.376624336963,5607.222408776146,0.995212284713878,26.845784439182076,0.10686767926566394,0.23891445876491132,0.9741628722694587,0.0,0.0,0.0,0.0,False,1216.644456092582,2.1202754636021957,1440,2023-04-24,0.05,-0.07804739982774947,2.743
440,5,156,669.0423658710694,5654.526612531735,5371.80028190512,5401.625963776591,0.994478388160994,29.825681871470067,0.12454714076484469,0.22610167830462818,0.9878170671066941,0.0,0.0,0.0,0.0,False,1207.4336266635264,1.8631587826959444,1440,2023-11-29,0.05,-0.10524561702590007,2.689
441,5,166,520.9417112080199,5918.67114203013,5622.737584928612,5645.690153893757,0.9959344972289499,22.952568965146437,0.09264912390796448,0.1912976405699538,0.9607314130267637,0.0,0.0,0.0,0.0,False,1347.6630158606667,2.9547045175155735,1440,2023-06-08,0.05,-0.10012115768702906,2.776
442,5,225,979.9106593012269,7920.040350354364,7524.038332836632,7566.256852082867,0.9944201578043689,42.21851924623516,0.13023732947035524,0.2147256588114064,0.9832756577774157,0.0,0.0,0.0,0.0,False,1429.9186668328691,1.8765874409266357,1440,2023-10-16,0.05,-0.01901758922814628,2.64
443,5,196,1143.8629469877567,7291.726148266108,6927.139840852793,6946.929178230608,0.9971513546676382,19.789337377816356,0.1651277400582889,0.15723462323727969,0.9844405410467055,0.0,0.0,0.0,0.0,False,1061.702439592696,1.7742336677081947,1440,2023-02-05,0.05,-0.006412657532806093,2.576
444,5,201,575.423252307416,6857.435549282473,6514.563771818347,6543.261397792621,0.9956141709417332,28.69762597427453,0.08832874655347854,0.219337783706159,0.9764591910234824,0.0,0.0,0.0,0.0,False,1556.7552267688884,2.111381948765518,1440,2023-11-07,0.05,0.13228983492468085,2.627
445,5,173,527.8490959891313,6084.322838621717,5780.106696690622,5806.606406879697,0.9954362826869619,26.499710189074392,0.09132168724348105,0.2192061291176609,0.9894078378789716,0.0,0.0,0.0,0.0,False,917.6191194029043,1.7945737405457118,1440,2023-11-06,0.05,0.10565798667382796,2.684
446,5,277,1339.1760083153988,9921.53248482438,9425.455860583159,9474.545821692349,0.9948187531061599,49.08996110919121,0.1420807680948116,0.1851676961860836,0.98497829396937,0.0,0.0,0.0,0.0,False,1255.6425579064999,1.8125196745449754,1440,2023-02-23,0.05,0.08368184171195843,2.714
447,5,237,1294.1550711423045,7768.112341335296,7379.706724268539,7422.55361603912,0.9942274729174074,42.846891770580584,0.1753667346815301,0.20002339485739004,0.9751125351727195,0.0,0.0,0.0,0.0,False,1175.0601276562434,2.102942359022185,1440,2023-02-07,0.05,0.14172709338262868,2.669
448,5,132,458.38555684237593,4930.642242716613,4684.110130580786,4706.395964946187,0.9952647770116692,22.285834365401623,0.09785968819344143,0.23660271237150277,0.961167135382796,0.0,0.0,0.0,0.0,False,772.4834516286436,3.1739413553819777,1440,2023-07-28,0.05,0.1554795878994212,2.609
449,5,292,988.0260850469846,10746.65205367961,10209.31945099566,10242.016657817525,0.9968075421165314,32.69720682186762,0.09677688016223528,0.2189227447780867,0.9537377727254587,0.0,0.0,0.0,0.0,False,2105.801978346184,3.0590194814093468,1440,2023-05-24,0.05,0.08417694936323211,2.628
450,5,120,424.5774843338864,4213.612778405162,4002.9321394848903,4018.1708671262168,0.996207546133491,15.238727641326154,0.10606662055193429,0.1819152570624123,0.9927613116586061,0.0,0.0,0.0,0.0,False,582.6569668945519,1.4623883982398058,1440,2023-04-27,0.05,0.06508463000089179,2.657
451,5,147,519.3410993337252,4964.4144108383625,4716.193690296463,4740.516572236906,0.9948691494756307,24.32288194044348,0.11011869601587104,0.1956437811890379,0.990519480842942,0.0,0.0,0.0,0.0,False,800.8324508138846,1.5185367758034292,1440,2023-11-20,0.05,0.13213148463238264,2.67
452,5,151,567.9089775448879,5443.1634689321745,5171.005295485576,5184.550386140819,0.9973874126691004,13.54509065524243,0.109825642228734,0.16836832900762697,0.9530144879947376,0.0,0.0,0.0,0.0,False,909.4173416485933,3.4888524356547554,1440,2023-08-29,0.05,0.1557840261995471,2.844
453,5,213,71.29705421778435,7223.995569271335,6862.795790807768,6894.390966301998,0.9954172637367595,31.595175494229636,0.010388922589432392,0.2233065219858587,0.9814618221977907,0.0,0.0,0.0,0.0,False,1483.318073411742,1.9018053113063407,1440,2023-12-22,0.05,0.2362936378020014,2.691
454,5,269,1158.6732896604528,9794.283216678718,9304.569055844744,9346.281194962352,0.9955370335807904,41.712139117607634,0.1245273459422199,0.18975772905207852,0.9645869946279537,0.0,0.0,0.0,0.0,False,1856.2319992857401,2.6123343818518316,1440,2023-09-26,0.05,0.17867197643256208,2.617
455,5,242,698.5077389273752,8377.451657770907,7958.579074882378,7983.11581237217,0.9969264209531115,24.536737489791022,0.08776789579585832,0.20064182623204105,0.9510149972948694,0.0,0.20833333333333334,1.3133415543625366,0.0,False,1780.0573067112227,3.7806570654561753,1446,2023-06-06,0.05,0.20689410533872313,2.625
456,5,135,389.7853112853503,4757.3129079327055,4519.44726253605,4532.996696577378,0.997010932293077,13.549434041329874,0.08624623513509604,0.17784642558624936,0.9725212861700836,0.0,0.0,0.0,0.0,False,1049.296457174361,2.6791077312900544,1440,2023-05-23,0.05,0.20549470335613232,2.582
457,5,209,1008.8600186363484,7411.54393070249,7040.966734167365,7079.111229144964,0.9946116830569695,38.144494977598555,0.1432843040914682,0.2070359608823551,0.9798498543473394,0.0,0.0,0.0,0.0,False,1432.5785009291935,1.99732220497551,1440,2023-02-04,0.05,0.25563274191148894,2.637
458,5,221,1033.7248907437909,7783.810613196892,7394.62008253701,7423.951376477971,0.9960490994009074,29.331293940961775,0.13979418539500296,0.1793810989761204,0.9771179379000866,0.0,0.0,0.0,0.0,False,1395.8074629485964,1.9695203010505116,1440,2023-02-04,0.05,0.23117439706022383,2.679
459,5,285,752.6990130730211,9837.224577087587,9345.363348233186,9371.9122955272,0.9971671792845646,26.548947294014095,0.08054250915940307,0.17522511188502624,0.9512685563576853,0.0,4.166666666666667,135.1155658344962,0.0,False,2287.177691179756,3.1046829422416264,1500,2023-04-11,0.05,0.2734793624241221,2.809
460,5,160,839.3978179894378,6260.502516317065,5947.477390501224,5968.034199114149,0.9965555142736992,20.556808612924865,0.14113510029143592,0.1676457702383346,0.9873533989162577,0.0,0.0,0.0,0.0,False,1132.9764658424788,1.603640367640966,1440,2023-03-02,0.05,0.31770525072139655,2.746
461,5,253,908.8261884849634,9178.436792882218,8719.514953238127,8746.169147487382,0.9969524721281074,26.65419424925517,0.10422898445141798,0.14720577376797614,0.9510004088502606,0.0,0.9722222222222222,15.365026238756364,0.0,False,1534.380378902411,3.142941883146284,1465,2023-07-06,0.05,0.371378224470021,2.837
462,5,199,686.0301041631698,7436.999646899864,7065.149664554883,7089.105705881593,0.9966207244861881,23.95604132670912,0.0971005763126167,0.1282064739644857,0.9856861237860527,0.0,0.0,0.0,0.0,False,1170.9298784755197,1.657791384125997,1440,2023-04-30,0.05,0.46192430701531034,2.737
463,5,279,1031.4572741303805,10282.465258847702,9768.341995905299,9799.787859031934,0.9967911689947805,31.4458631266359,0.10559184706706087,0.11435952192694711,0.9827306579253958,0.0,0.0,0.0,0.0,False,1340.945386175787,1.8481382466811738,1440,2023-12-02,0.05,0.5797493089209965,2.801
464,5,266,1077.4324856051217,9488.648131605903,9014.215725025584,9031.232086864515,0.9981158316301405,17.016361838931417,0.11952592643350164,0.11230191885688373,0.9697305837715211,0.0,0.0,0.0,0.0,False,1704.3399960703794,2.2751585611572493,1440,2023-11-29,0.05,0.708754628831783,2.736
465,5,140,524.9633483105741,5223.909791484417,4962.7143019101995,4971.923992338452,0.9981476606556245,9.209690428252213,0.10578149705464818,0.15932376894588918,0.9925259231593834,0.0,0.0,0.0,0.0,False,1095.3918794873277,1.4924275722993778,1440,2023-11-28,0.05,0.8208705155717075,2.682
466,5,168,768.2123921100768,6041.2154438282805,5739.15467163685,5757.761350423002,0.9967684178530976,18.606678786151928,0.13385462425444214,0.15268810333522304,0.9805972892730079,0.0,0.0,0.0,0.0,False,861.1452382802963,2.182071038675852,1440,2023-01-02,0.05,0.8091489663205406,2.796
467,5,155,168.75796714259997,5678.937762177528,5394.990874068679,5414.479159375809,0.9964007091479179,19.488285307130234,0.03128049167863183,0.19538279380313017,0.9868884623815676,0.0,0.0,0.0,0.0,False,1337.328359425068,1.779858723945935,1440,2023-10-21,0.05,0.8167357860963114,2.746
468,5,151,118.80043873968008,5264.965836479821,5001.717544655831,5023.647642414895,0.995634626605993,21.93009775906287,0.023751928748278556,0.15760954116261308,0.9842205665015116,0.0,0.0,0.0,0.0,False,1046.1500342548613,1.7066571267804291,1440,2023-12-29,0.05,0.7291077831973759,2.762
469,5,131,315.46546055863956,4797.8640312533325,4557.97082969064,4572.548974423524,0.9968118122267413,14.578144732884121,0.06921182086197136,0.1515084909874154,0.9898804842634717,0.0,0.0,0.0,0.0,False,1025.0279246974612,1.8090540432251458,1440,2023-12-15,0.05,0.7442260596292344,2.865
470,5,272,264.5111752908297,9775.618444008212,9286.837521807807,9314.895528533625,0.9969878345237615,28.05800672581644,0.02848237353885988,0.1493818149257177,0.9564661343844735,0.0,0.0,0.0,0.0,False,2210.2068029626644,2.811967345525375,1440,2023-12-20,0.05,0.7721675666107853,2.745
471,5,270,315.888566819532,9461.977577892978,8988.878698998291,9004.067088625496,0.9983131634318461,15.188389627205346,0.035142154811226255,0.17452940174737605,0.9574149825932043,0.0,0.0,0.0,0.0,False,2188.6066882141704,2.92536834483439,1440,2023-01-11,0.05,0.8017303687854751,2.795
472,5,198,679.3478562129065,7079.138661988876,6725.181728889464,6747.724924081969,0.9966591413482119,22.543195192506147,0.10101553885073794,0.16259555913104065,0.951004036444738,0.0,0.20833333333333334,0.40924431824469254,0.0,False,1747.6277308511026,2.8431904809110926,1446,2023-05-07,0.05,0.7713294494302099,2.71
473,5,294,814.5332020663157,10859.441589191738,10316.469509732142,10359.434095265198,0.9958526126873385,42.9645855330573,0.07895464638342777,0.1833141738956614,0.9564378638142061,0.0,0.0,0.0,0.0,False,1896.4680257518794,3.081097508835965,1440,2023-08-12,0.05,0.7751333897453834,2.993
474,5,256,659.7717914085783,8970.98898894389,8522.439539496623,8534.488772543895,0.9985881716681103,12.049233047272661,0.07741583713805351,0.14360487072057357,0.9643869738720428,0.0,0.0,0.0,0.0,False,2153.1347992402716,2.7448314699042093,1440,2023-04-11,0.05,0.7334298808205735,2.863
475,5,122,426.68159082655285,4404.918361628143,4184.672443546756,4202.800727718375,0.9956866181991311,18.128284171619818,0.10196296044258965,0.14462999212507813,0.9589665352189545,0.0,0.0,0.0,0.0,False,503.2942125201225,3.316263802824949,1440,2023-09-02,0.05,0.7902472971298902,2.73
476,5,242,651.258359959866,8380.976283180466,7961.9274690214515,7992.471085241431,0.9961784514583506,30.543616219979448,0.08179657030207886,0.1668339096647853,0.9609307155425977,0.0,0.0,0.0,0.0,False,1884.1118824550754,2.9206133357274515,1440,2023-05-21,0.05,0.8362144634811797,2.719
477,5,262,300.71007908223953,9533.119771871046,9056.463783277497,9088.256190828199,0.9965018143323483,31.792407550701128,0.03320391780702443,0.21082528233562753,0.9647381184350056,0.0,0.0,0.0,0.0,False,1862.8426611423492,2.7458175503710387,1440,2023-10-21,0.05,0.8257978824916161,2.661
478,5,244,1017.6827148075045,8698.090767996853,8263.186229597002,8298.665078198701,0.9957247523225266,35.47884860169741,0.12315863233995358,0.15560751582552904,0.957962427735055,0.0,0.0,0.0,0.0,False,2091.0353617331702,2.8903157496969287,1440,2023-02-20,0.05,0.720142333707331,2.647
479,5,251,1171.1955427197763,8515.215600951848,8089.454820904237,8121.202318779768,0.9960907884535622,31.747497875529685,0.1447805283111601,0.13792028621945168,0.9751488115533636,0.0,0.0,0.0,0.0,False,1387.9443063816711,1.8154062353243945,1440,2023-02-08,0.05,0.7593166052108433,2.642
480,5,218,712.1118321040224,7483.161838960768,7109.003747012748,7143.994263870652,0.9951021073694221,34.990516857903685,0.10017041169844039,0.19114930744922867,0.9763136389705044,0.0,0.0,0.0,0.0,False,1510.6902555500444,2.057851689500992,1440,2023-12-11,0.05,0.8326719132360505,2.654
481,5,284,1137.2386366370665,10042.991556109664,9540.841978304212,9600.400847822195,0.9937962101310078,59.55886951798223,0.11919688421872376,0.18622970591638374,0.9595722799437005,0.0,0.0,0.0,0.0,False,2019.9354041944496,2.909129958628431,1440,2023-10-25,0.05,0.7746948475782456,2.685
482,5,294,657.855881579993,10251.843201307456,9739.251041242102,9801.673355811381,0.9936314634957438,62.4223145692791,0.06754686564646689,0.1720210444209854,0.9510094970116855,0.0,1.0416666666666667,120.84244925813287,0.0,False,1291.717914221077,3.8734089069917554,1463,2023-06-03,0.05,0.7398248331284413,2.86
483,5,168,735.0696075101976,6262.534841568455,5949.408099490045,5988.894444497011,0.993406738860918,39.48634500696545,0.1235534014842929,0.1917139718517156,0.9886619032895647,0.0,0.0,0.0,0.0,False,1042.74947057851,1.5294681638275118,1440,2023-11-30,0.05,0.7445868246374249,2.78
484,5,169,626.691692151562,6046.761961393925,5744.423863324246,5782.01690888381,0.993498281628716,37.5930455595649,0.1090956564247857,0.18878343578889734,0.955398966821865,0.0,0.0,0.0,0.0,False,878.3921385194169,3.435692394908224,1440,2023-07-18,0.05,0.7054862789044196,2.655
485,5,249,718.2390853330444,8776.698070947186,8337.863167399808,8368.702359792067,0.9963149373622812,30.839192392258877,0.08614186523728115,0.20206354386735445,0.957607891751262,0.0,0.0,0.0,0.0,False,1515.5860965448294,2.405731241379524,1440,2023-12-12,0.05,0.6812138498667707,2.721
486,5,162,396.92730846262674,5334.026528634038,5067.325202202337,5099.0288380594575,0.993782416835833,31.703635857119735,0.07833073517565363,0.17033856583356527,0.9627072978283713,0.0,0.0,0.0,0.0,False,811.5930629835045,3.122330028673557,1440,2023-08-08,0.05,0.6324764916706782,2.687
487,5,162,813.756173865106,5810.184075521878,5519.674871745781,5553.49066916858,0.9939108932674481,33.81579742279824,0.14742828024718935,0.20822233244865848,0.9939833332771025,0.0,0.0,0.0,0.0,False,750.6793464513885,1.6733658219308054,1440,2023-03-05,0.05,0.6647646284964621,2.616
488,5,229,828.0109763025644,8041.368602247871,7639.300172135496,7690.142360764066,0.9933886544301218,50.84218862857156,0.10838832846531563,0.19152796029086952,0.9585478701580279,0.0,0.0,0.0,0.0,False,1021.9705225493379,3.216896662622596,1440,2023-06-26,0.05,0.6068397347814513,2.749
489,5,133,490.9093331936795,5039.393837643591,4787.424145761403,4817.2513824272855,0.9938082457613302,29.8272366658819,0.10254143318976892,0.17918063803663575,0.983034876770779,0.0,0.0,0.0,0.0,False,608.4978862456985,2.1333647674929894,1440,2023-09-28,0.05,0.5976510405420348,2.768
490,5,148,575.53923430913,5754.306021612295,5466.590720531674,5493.1632212257255,0.9951626231328109,26.572500694050763,0.10528302990518261,0.1676204412970335,0.9650885999985579,0.0,0.0,0.0,0.0,False,799.5499634875503,2.9920487429063893,1440,2023-08-14,0.05,0.6185051622079842,2.785
491,5,254,844.1437238511448,8939.50609852386,8492.530793597654,8551.140334118965,0.9931459971148574,58.60954052130964,0.09939837068209721,0.19752947042719143,0.9584391308064987,0.0,0.0,0.0,0.0,False,1062.958663080081,3.0370407995516646,1440,2023-07-25,0.05,0.6622398703030169,2.779
492,5,236,787.5529957155446,8743.6424684264,8306.46034500509,8359.59646546892,0.9936436979125346,53.136120463829336,0.09481210563885042,0.19658271156136153,0.9826842221082239,0.0,0.0,0.0,0.0,False,1117.8106289377106,1.6649376535139713,1440,2023-11-06,0.05,0.6315512991713361,2.811
493,5,127,426.0550250353069,4640.6063453650495,4408.576028096785,4441.594371605498,0.9925661056039258,33.018343508711965,0.09664232221923096,0.22861427914861196,0.9665930190944917,0.0,0.0,0.0,0.0,False,634.4598495038324,2.9783215063376565,1440,2023-06-12,0.05,0.6092541761927492,2.63
494,5,251,1192.1361178413272,8819.449958316598,8378.47746040075,8449.944621606524,0.9915422923573922,71.46716120577224,0.14228553140779185,0.20614458273444536,0.9875382822753112,0.0,0.0,0.0,0.0,False,1168.2355993774254,1.5817555961908905,1440,2023-03-14,0.05,0.519516315160498,2.733
495,5,246,691.2128610760172,9066.487350047315,8613.162982544967,8678.752974238707,0.9924424635787616,65.58999169373956,0.08025075834241113,0.202082651185303,0.9537535932440387,0.0,0.0,0.0,0.0,False,1305.017816415797,3.463967987505732,1440,2023-06-02,0.05,0.4968521293091414,2.814
496,5,217,831.3472251364866,7562.417752174393,7184.2968645656965,7219.123177242154,0.9951758251214987,34.8263126764579,0.1157172707097959,0.19750450735936353,0.9891718751015907,0.0,0.0,0.0,0.0,False,1054.1419820765977,1.7231582560503997,1440,2023-07-09,0.05,0.4875528974769041,2.923
497,5,171,579.3318887065477,6363.399062479397,6045.229109355416,6093.833371770511,0.9920240250348406,48.60426241509487,0.09583290860060059,0.22301431645578954,0.9562212834954922,0.0,0.0,0.0,0.0,False,741.7425018183889,3.2954084565868986,1440,2023-07-28,0.05,0.490310203060213,2.729
498,5,155,518.0774265630693,5550.895499645853,5273.350724663569,5310.177974272556,0.9930647805426839,36.82724960898693,0.09824444714818807,0.2094509348443476,0.9635210876684411,0.0,0.0,0.0,0.0,False,1016.0278293796302,3.1273410705173648,1440,2023-07-05,0.05,0.4352437516919334,2.766
499,5,208,863.7984341162725,7655.341676439773,7272.574592617786,7333.232920043265,0.9917282966343961,60.658327425477744,0.11877477819108151,0.22421905062102115,0.9762059030871357,0.0,0.0,0.0,0.0,False,1136.319179687379,1.998809372089532,1440,2023-10-12,0.05,0.42055748340026455,2.853
500,5,152,477.8304763663684,5725.195504220138,5438.935729009135,5469.699226911836,0.9943756509039218,30.76349790270135,0.08785367214725656,0.19144318933790008,0.9990339771430357,0.0,0.0,0.0,0.0,False,774.7409284886296,1.2110953579749093,1440,2023-11-27,0.05,0.37510766152719666,2.809
501,5,281,968.9409932482816,9573.761636905916,9095.073555060619,9153.60681401025,0.9936054431724068,58.53325894963159,0.10653470666096483,0.17926590502550743,0.9638732261889549,0.0,0.0,0.0,0.0,False,1716.5605947533725,2.529583237172674,1440,2023-09-09,0.05,0.4112825393847137,2.887
502,5,281,748.7381188354744,9537.538544884444,9060.661617640268,9097.402267970527,0.9959614130223071,36.74065033025762,0.08263614186603667,0.1829879724070367,0.9510088751400358,0.0,3.0555555555555554,96.52636265183843,0.0,False,2022.1968178706743,3.4030301607067748,1528,2023-06-02,0.05,0.4680491719067157,2.89
503,5,164,212.9107503906601,5524.791563783829,5248.551985594633,5281.016019640823,0.9938526916173986,32.464034046191095,0.040565617140693795,0.21458454224279666,0.9878825701131351,0.0,0.0,0.0,0.0,False,1109.526436776092,1.632433073399095,1440,2023-01-29,0.05,0.5061245310646012,2.833
504,5,299,1356.3115613883433,11063.583156400997,10510.403998580932,10560.604951551031,0.9952463941980212,50.200952970099394,0.12904466484556315,0.18836358756141042,0.9590211944873382,0.0,0.0,0.0,0.0,False,1958.3581778217795,2.490119845923007,1440,2023-10-15,0.05,0.4663431376400977,2.755
505,5,204,825.671323538105,7318.95314438846,6953.005487169018,7006.709245829589,0.9923353807363228,53.70375866057162,0.11875027641813135,0.2371087712440257,0.9656238725506221,0.0,0.0,0.0,0.0,False,1256.7299709025358,3.0198034662495687,1440,2023-06-28,0.05,0.4927859438214743,2.782
506,5,210,226.31161837882658,7564.519327323533,7186.293360957335,7210.051635339699,0.9967048399118372,23.75827438236507,0.03149212076539526,0.18985203687732533,0.9751882336375874,0.0,0.0,0.0,0.0,False,1296.070873244285,2.258480190587196,1440,2023-12-09,0.05,0.40484534610262046,2.823
507,5,184,427.93584921638677,6398.5052420810125,6078.5799799769375,6103.596031037306,0.9959014241877805,25.01605106036852,0.07040062821021076,0.20650062845602501,0.9827491583004699,0.0,0.0,0.0,0.0,False,1404.5928412747637,1.9196290869718593,1440,2023-03-31,0.05,0.43896508169041215,2.835
508,5,286,886.9364622911795,10484.139316432893,9959.932350611212,9987.895669051608,0.9972002792813462,27.96331844039637,0.0890504504517795,0.18063900070105623,0.9645044652291269,0.0,0.0,0.0,0.0,False,1672.2145367281394,2.3924983198563456,1440,2023-11-14,0.05,0.42930893726470487,2.889
509,5,154,324.0151615499314,5501.502755268452,5226.427617505047,5249.210160516894,0.9956598150359438,22.78254301184629,0.06199553218047002,0.20366608328382166,0.9861238727446641,0.0,0.0,0.0,0.0,False,1145.831194518129,1.6029921162469734,1440,2023-12-18,0.05,0.4794476527500175,2.73
510,5,162,697.5176731974585,5600.311416328878,5320.295845512428,5373.778594852601,0.9900474594559213,53.48274934017319,0.13110505382624574,0.23201221950885145,0.9525892969733244,0.0,0.0,0.0,0.0,False,1248.799890561191,3.4776455111359184,1440,2023-08-23,0.05,0.4687157392919926,2.787
511,5,205,1011.7977111489755,6849.689694751032,6507.205210013475,6537.1932918605535,0.9954126976963621,29.988081847078817,0.15548882792139274,0.19356101379083435,0.9732060981473885,0.0,0.0,0.0,0.0,False,1392.790942732353,1.8548824916780469,1440,2023-02-05,0.05,0.39616809785506457,2.728
512,5,206,724.1699965465307,7340.8376797033025,6973.795795718101,7007.803444326819,0.9951471743066297,34.007648608718455,0.1038415832294903,0.20571633617174762,0.9649893908192987,0.0,0.0,0.0,0.0,False,1559.7778647004711,2.632471736624052,1440,2023-09-03,0.05,0.42304458659561806,2.663
513,5,152,516.8960349951421,5748.284689566844,5460.870455088489,5497.735747420458,0.9932944590235595,36.86529233196955,0.09465451327699849,0.23127459989264726,0.967623337296071,0.0,0.0,0.0,0.0,False,975.0966829582838,2.4209603714542487,1440,2023-09-30,0.05,0.4175182515414643,2.815
514,5,288,1465.3607969305717,10366.422616531341,9848.101485704767,9910.139081819792,0.9937399873399523,62.03759611502451,0.1487962729727805,0.21845777227997304,0.9647246703186859,0.0,0.0,0.0,0.0,False,1972.3085725317446,2.6479519759172225,1440,2023-02-03,0.05,0.3553052733175297,2.811
515,5,264,790.6995495090582,9723.580852165842,9237.401809557578,9312.038328882769,0.9919849428568508,74.63651932518991,0.08559761346431335,0.26384277819456486,0.98110225208321,0.0,0.0,0.0,0.0,False,1353.019198361905,1.9788544419201168,1440,2023-03-21,0.05,0.33280902287226666,2.795
516,5,240,682.7870494542045,8507.18774928816,8081.828361823838,8095.429279180348,0.9983199263575202,13.600917356510916,0.08448423040997606,0.1949855548002828,0.9510001231001114,0.0,3.5416666666666665,81.00438011789174,0.0,False,1751.4097884285134,4.005397850644743,1553,2023-06-05,0.05,0.21177287059422595,2.888
517,5,231,742.6470248585175,8147.439845304496,7740.0678530392815,7778.201714392026,0.9950973421938666,38.13386135274422,0.0959483868822808,0.21420251918904884,0.951002756911065,0.0,4.166666666666667,247.58103501043948,0.0,False,1618.207139399609,3.399805586976572,1561,2023-07-24,0.05,0.26668056249919986,2.807
518,5,286,1098.1437287132783,10450.52849948961,9928.002074515094,9963.11544127796,0.9964756639657724,35.11336676286422,0.11061074730556138,0.21402510092326105,0.9510059660076047,0.0,12.5,1421.0017526382571,0.0,False,2409.066009044647,4.463021632274529,1654,2023-07-18,0.05,0.2676192684084412,2.77
519,5,171,654.431530701612,6229.32020679295,5917.854196453331,5927.237187216303,0.9984169705941228,9.382990762973375,0.11058595040983332,0.20418933709790243,0.9802867139341493,0.0,0.0,0.0,0.0,False,1521.4891791629827,2.256445846436628,1440,2023-10-22,0.05,0.26805929827440433,2.807
520,5,162,502.96490856150785,6256.30783376865,5943.4924420802145,5968.249334159404,0.9958519004999519,24.756892079189438,0.08462447180053463,0.20623801195371116,0.9531467651577794,0.0,0.0,0.0,0.0,False,1036.9898107758104,3.3295866060679162,1440,2023-05-27,0.05,0.28984053572806867,2.686
521,5,296,714.1285291854564,10482.698021168153,9958.563120109684,10021.555525968826,0.9937143085526084,62.992405859141634,0.07170999677085854,0.2327159522470337,0.9597422687362003,0.0,0.0,0.0,0.0,False,1938.5954587001852,2.693987877853802,1440,2023-04-01,0.05,0.3024465404105354,2.734
522,5,130,110.8807415072884,4753.802868128811,4516.1127247223685,4550.805411521473,0.9923765831183924,34.6926867991044,0.024552252847963373,0.22909108243364512,0.9943648791292036,0.0,0.0,0.0,0.0,False,726.8001844542707,1.6621270967842452,1440,2023-11-18,0.05,0.2526440778988476,2.695
523,5,182,741.9880925200529,6137.751842255372,5830.864250142599,5857.378425915942,0.9954733715588477,26.51417577334204,0.12725182077458017,0.21998872697688,0.9826199668948881,0.0,0.0,0.0,0.0,False,1140.0422700789636,1.9615238596352165,1440,2023-09-11,0.05,0.21932226735726992,2.706
524,5,132,712.1626173066303,5002.961341166228,4752.813274107914,4784.062191250485,0.9934681206277541,31.248917142569823,0.1498402264583602,0.23055236710357369,0.9847191956223551,0.0,0.0,0.0,0.0,False,1028.3586315923271,1.6848685747223027,1440,2023-01-25,0.05,0.211690564580047,2.807
525,5,241,1058.0937944530167,9012.017506166943,8561.416630858517,8620.193404964994,0.9931815016966299,58.776774106477134,0.1235886349274552,0.23122658292074486,0.9740838730519752,0.0,0.0,0.0,0.0,False,1412.6150022369284,1.8840212389278173,1440,2023-04-07,0.05,0.1808175757243639,2.74
526,5,283,901.0105995198081,10292.425077004536,9777.803823154358,9821.698547101809,0.9955308418664098,43.89472394745256,0.09214856585547025,0.214825825703445,0.9576662563481813,0.0,0.0,0.0,0.0,False,2274.701253529088,3.074826932103755,1440,2023-12-07,0.05,0.15307458069600363,2.786
527,5,252,251.7174417691959,8761.757370276844,8323.669501762926,8358.068252608926,0.9958843658837959,34.398750845999714,0.030241162472378673,0.22821153799593252,0.9591333983084773,0.0,0.0,0.0,0.0,False,1917.887154055314,2.8352969479868007,1440,2023-10-14,0.05,0.16622055926620288,2.848
528,5,272,214.03346264412477,9513.105254911206,9037.44999216567,9081.979507003547,0.9950969373137719,44.52951483787837,0.023682948489857737,0.23492571043855998,0.9749244449591693,0.0,0.0,0.0,0.0,False,1894.5169831420499,2.4241357037701374,1440,2023-10-29,0.05,0.145878198179093,2.815
529,5,168,757.4835546307387,5770.63713925096,5482.105282288461,5513.428709834696,0.9943187027175375,31.323427546235347,0.13817384300845334,0.2337957156786875,0.9903695628548496,0.0,0.0,0.0,0.0,False,1176.845272361807,1.6223188727548328,1440,2023-02-09,0.05,0.11308684441369676,2.833
530,5,137,470.13998182890776,5017.112308443786,4766.256693021601,4794.041701252572,0.9942042622984043,27.78500823097047,0.09863924922827841,0.22049727531820884,0.9775508402289067,0.0,0.0,0.0,0.0,False,885.7970205172896,1.9418823672727716,1440,2023-10-08,0.05,0.08764996408916481,2.78
531,5,122,261.2361342171786,4081.678379870467,3877.594460876931,3905.49812127691,0.9928552877165754,27.90366039997892,0.06737066932938086,0.22582655855967715,0.9818384266742836,0.0,0.0,0.0,0.0,False,905.5717184029355,2.159034432303436,1440,2023-09-20,0.05,0.09553216485668187,2.748
532,5,125,116.66455073223237,4662.44554947406,4429.3232720003425,4451.837633777569,0.9949426812859475,22.514361777226537,0.026339136605747243,0.22399110226027896,0.9994651489137113,0.0,0.0,0.0,0.0,False,873.3800307815584,1.4280498272293851,1440,2023-11-01,0.05,0.08882217441148144,2.696
533,5,281,1154.4477448962807,10061.71610096826,9558.630295919826,9653.885024270927,0.9901330160747077,95.2547283511005,0.12077543634981526,0.27069718169350254,0.9526592774129743,0.0,0.0,0.0,0.0,False,2050.39506614727,3.315431673044583,1440,2023-06-28,0.05,0.0862926308009831,2.806
534,5,161,618.8719902941219,6304.460158157938,5989.237150250026,6045.716101614748,0.9906580212475348,56.478951364720885,0.10333068715909613,0.27022892548181565,0.9880838594146325,0.0,0.0,0.0,0.0,False,968.1240205372294,1.8948648182456795,1440,2023-05-05,0.05,-0.022019237925182622,2.772
535,5,293,429.41692104727747,10463.976147387046,9940.777340017677,9996.186339741353,0.9944569861104541,55.408999723674505,0.04319751930451284,0.21316456910753348,0.9510017991438359,0.0,3.125,194.2773528081384,0.0,False,1480.0781559477587,3.538276249398744,1490,2023-08-06,0.05,-0.11115001551449477,2.804
536,5,145,21.92344083431084,5342.812850583777,5075.672208054545,5115.036104132711,0.9923042779607436,39.36389607816638,0.00431931770525305,0.20776431589767605,0.9917685015710079,0.0,0.0,0.0,0.0,False,818.7014106325852,1.492023148811347,1440,2023-12-25,0.05,-0.057571282017900405,2.734
537,5,150,536.2111012161196,5203.862595897899,4943.669466103032,4979.4474022419245,0.9928148781885349,35.77793613889129,0.10846418938254807,0.21427653825632384,0.9972580530464317,0.0,0.0,0.0,0.0,False,651.0508905844608,1.4141688624737605,1440,2023-03-11,0.05,-0.003215953953822348,2.753
538,5,169,607.1540432077655,6097.107601352626,5792.252221284963,5821.269564383174,0.995015289572613,29.017343098212482,0.10482175499482539,0.21326831584216893,0.9768620336711152,0.0,0.0,0.0,0.0,False,971.4430062918526,2.6129609919668213,1440,2023-05-08,0.05,0.02522759239559874,2.73
539,5,147,752.3826887278428,5445.444041277607,5173.171839213701,5201.742981693334,0.9945073905842361,28.571142479631504,0.1454393382072925,0.20811499547842585,0.9952916387399122,0.0,0.0,0.0,0.0,False,740.9813177080437,1.3980597381851803,1440,2023-01-27,0.05,0.04953710299416797,2.681
540,5,220,769.3485898060964,7463.254803232883,7090.092063071243,7135.269249279585,0.9936684679119987,45.17718620834314,0.10851038081906579,0.21983391783349523,0.9918085087009645,0.0,0.0,0.0,0.0,False,1110.0019477152755,1.6808937704981521,1440,2023-03-11,0.05,0.07991626649933684,2.812
541,5,198,702.604954477457,6861.899848338483,6518.804855921539,6567.748818319018,0.9925478327884643,48.94396239747943,0.10778125285330886,0.2176272973774725,0.9760875744194597,0.0,0.0,0.0,0.0,False,780.9377133337142,2.5496929887992117,1440,2023-09-08,0.05,0.07744627223064454,2.799
542,5,172,533.0500109989491,6349.242884105812,6031.780739900538,6081.621702277569,0.9918046592147673,49.84096237703063,0.08837357224754475,0.24409748806568013,0.9872901943729918,0.0,0.0,0.0,0.0,False,884.7352730973209,1.6818710461563902,1440,2023-01-13,0.05,0.0794434769500671,2.767
543,5,228,708.7625569350784,7780.07734778597,7391.0734803966425,7463.58765375232,0.9902842739015437,72.51417335567719,0.09589440002388429,0.23931990695216449,0.977694362726072,0.0,0.0,0.0,0.0,False,1422.5896784343495,1.8993649478633885,1440,2023-11-06,0.05,0.020601946808264326,2.677
544,5,267,982.2335112152115,9694.152339542747,9209.444722565606,9267.943449718361,0.9936880573915745,58.4987271527574,0.1066550200153193,0.19923531503982528,0.9522465933218578,0.0,3.125,274.7083840509723,0.0,False,1840.9061993893415,3.5876379297174137,1485,2023-09-06,0.05,-0.01792659420305165,2.773
545,5,299,1422.2105047693747,10696.544941471515,10161.717694397938,10246.466824962552,0.9917289411060066,84.7491305646139,0.1399576870309462,0.24173941719107714,0.9731524425241214,0.0,0.0,0.0,0.0,False,1135.0795590660432,2.4343862236429596,1440,2023-01-02,0.05,0.03947490944305049,2.802
546,5,276,228.05637885951103,10023.140308055003,9521.983292652196,9551.773903181747,0.996881143666976,29.790610529551028,0.023950512393305153,0.20123594346754034,0.9510005866804253,0.0,3.1944444444444446,53.01052483432247,0.0,False,1857.7768297603282,3.7063381875120385,1520,2023-07-02,0.05,-0.01019988323237575,2.811
547,5,294,506.17589744541647,10608.699663174295,10078.264680015534,10136.729567887869,0.9942323717446754,58.46488787233408,0.05022450923015809,0.2437917002500619,0.9659253918598198,0.0,0.0,0.0,0.0,False,1861.9712330083,2.37017090825195,1440,2023-03-12,0.05,0.039106127645687244,2.715
548,5,269,900.2675615283738,10092.459767263883,9587.836778900652,9646.890188453028,0.9938785029788085,59.05340955237773,0.09389683849328098,0.1972816772182626,0.9848816878493768,0.0,0.0,0.0,0.0,False,1147.9182011016205,1.729839065695623,1440,2023-11-27,0.05,-0.017261313585912846,2.713
549,5,298,951.0882457734874,10262.129843137023,9749.02335098016,9828.350571189701,0.991928735179423,79.32722020954037,0.09755728461537284,0.22382521666412888,0.9566674079855864,0.0,0.0,0.0,0.0,False,1454.135879894553,3.025236555247983,1440,2023-05-18,0.05,0.040102700237852396,2.779
550,5,182,629.6699816061194,6349.872701764882,6032.379066676626,6074.969553839172,0.9929891850839598,42.590487162545244,0.10438169993070724,0.21791570545731243,0.9630178056817097,0.0,0.0,0.0,0.0,False,1164.3949311865704,3.1369390070541687,1440,2023-06-24,0.05,0.026406863682752302,2.833
551,5,164,423.1946581013141,5911.284547883352,5615.720320489166,5638.213483953707,0.9960105867703385,22.49316346454084,0.07535892707428334,0.2045947466685133,0.9836395956733783,0.0,0.0,0.0,0.0,False,1128.2009414072859,1.7700989597590076,1440,2023-10-27,0.05,0.027555333820802802,2.838
552,5,268,603.0688362153348,9469.605206464194,8996.124946140983,9050.963860843856,0.9939410967112445,54.83891470287411,0.06703651181212528,0.23820340781249558,0.951000522558816,0.0,6.25,315.0405380082557,0.0,False,1744.0573664867607,3.457346007960602,1540,2023-07-29,0.05,0.05755048193317561,2.809
553,5,228,631.1129944770535,8313.559300055653,7897.881335052866,7922.229077189706,0.9969266551245098,24.347742136839482,0.07990915129048706,0.19260820880749577,0.9560338258583243,0.0,0.0,0.0,0.0,False,1881.7680020484536,3.006525591026685,1440,2023-08-12,0.05,0.005697375515688052,2.687
554,5,226,1048.3448662987626,7995.520890879549,7595.7448463355795,7653.446865843027,0.9924606493624502,57.702019507448306,0.1380173883545491,0.20752184392017342,0.9934590067166533,0.0,0.0,0.0,0.0,False,992.8516282131227,1.4720646810630722,1440,2023-10-15,0.05,0.06489391775232281,2.625
555,5,198,56.23377350934352,7077.184356338666,6723.325138521748,6731.302814976249,0.9988148391665354,7.977676454501101,0.008363982456708555,0.13343188952714322,0.9701897848342013,0.0,0.0,0.0,0.0,False,1451.3399690796055,2.3722941528685975,1440,2023-12-24,0.05,0.07906506209773112,2.584
556,5,194,570.8130840971761,7139.044522281659,6782.092296167585,6800.8180702070695,0.9972465409534306,18.725774039484136,0.08416474727419006,0.18963221021582186,0.9588015462934278,0.0,0.0,0.0,0.0,False,1465.9418574206788,3.2613593023108884,1440,2023-06-05,0.05,0.25672828276236703,2.675
557,5,161,297.9292038759064,5880.4418190844635,5586.419728130257,5600.369018986946,0.9975092193372621,13.949290856689444,0.0533309737497332,0.20905775073092978,0.9708107206671387,0.0,0.0,0.0,0.0,False,1288.771288907823,2.376878777603947,1440,2023-10-03,0.05,0.2757365432681917,2.602
558,5,142,530.0524372025684,4903.277411222505,4658.113540661344,4686.379551385582,0.9939684760027854,28.26601072423795,0.11379122311546602,0.16049495076604028,0.9971034187800057,0.0,0.0,0.0,0.0,False,690.1926466896145,1.4999121751087308,1440,2023-03-27,0.05,0.2477540750030675,2.651
559,5,131,413.23882363083413,4782.852409114533,4543.709788658807,4556.700780881127,0.9971490354870728,12.990992222320736,0.09094745105910741,0.17026738853691334,0.9964500972187732,0.0,0.0,0.0,0.0,False,795.135968713143,1.5366526638388973,1440,2023-11-06,0.05,0.334181512775423,2.633
560,5,154,434.54240306114883,5427.744448140898,5156.357225733827,5169.077339875794,0.9975391905932922,12.720114141966341,0.08427313780598412,0.1909458083871527,0.9578910782662535,0.0,0.0,0.0,0.0,False,1313.989982615452,3.244449860847039,1440,2023-08-07,0.05,0.38331073047054104,2.673
561,5,150,602.9928845844859,5576.617129138943,5297.786272681986,5327.716365628738,0.9943821910002861,29.930092946751298,0.11381978312221018,0.1716694927035342,1.0006509879281096,0.0,0.0,0.0,0.0,False,629.7120893266022,1.163778436840912,1440,2023-12-05,0.05,0.37757429053675123,2.757
562,5,179,620.142766340745,5929.862967579225,5633.369819200256,5670.023807182714,0.9935354789981612,36.653987982458304,0.11008380174635576,0.2021047379389856,0.9998515677741745,0.0,0.0,0.0,0.0,False,775.1092621088028,1.2060355405748047,1440,2023-10-23,0.05,0.41680955845850337,2.885
563,5,184,784.4460985919103,6682.649800958754,6348.517310910784,6388.45601953653,0.9937483002929643,39.938708625746024,0.12356367009407596,0.21907183778720096,0.9787454940000508,0.0,0.0,0.0,0.0,False,885.8256108584794,2.3958156764168423,1440,2023-09-26,0.05,0.38113499638096277,2.705
564,5,251,1226.7300629990734,8765.283731652864,8327.01954507022,8406.51924293434,0.9905430897656078,79.49969786412179,0.14731922464686958,0.23906477802943793,0.9909315089803509,0.0,0.0,0.0,0.0,False,1003.9697032243191,1.6052999464002382,1440,2023-02-22,0.05,0.3143141351634964,2.791
565,5,135,131.93522096956463,4830.700377378743,4589.165358509812,4609.692579777857,0.9955469435514864,20.527221268044062,0.028749284600284367,0.22812564619242628,0.958373150102092,0.0,0.0,0.0,0.0,False,1065.5072758216097,3.3213521793818583,1440,2023-08-02,0.05,0.2149197387551301,2.799
566,5,150,418.3511715632195,5209.991588083798,4949.492008679585,4987.224190082745,0.9924342319564876,37.73218140316157,0.08452406243501065,0.24831827745431065,0.9974613770189175,0.0,0.0,0.0,0.0,False,1002.2354490873582,1.4017155700166037,1440,2023-03-21,0.05,0.15806402936024133,2.719
567,5,147,338.8328186222115,4983.091367845295,4733.936799453015,4764.334614294035,0.9936197145452755,30.397814841020214,0.07157527296548659,0.19631222649612118,0.9684556482252545,0.0,0.0,0.0,0.0,False,1062.199602117631,2.6486750810615582,1440,2023-07-31,0.05,0.0657397591954692,2.8
568,5,214,92.72891211578177,7619.311993505325,7238.34639383005,7252.679025073567,0.9980238155867692,14.332631243517008,0.0128107867557739,0.1990694847195959,0.976139883813936,0.0,0.0,0.0,0.0,False,1209.0162831904431,2.133992490019771,1440,2023-12-31,0.05,0.10647804384686227,2.69
569,5,128,469.30882256952566,4600.299575888847,4370.284597094367,4401.785124488678,0.9928436926148297,31.500527394310502,0.10738632968698443,0.21435799102394398,0.9557584792147926,0.0,0.0,0.0,0.0,False,894.4388715053016,3.4849160759393696,1440,2023-08-31,0.05,0.13304922924035253,2.607
570,5,297,1095.213703004573,10683.11703871401,10148.961186778313,10209.059064326393,0.9941132794737098,60.09787754808003,0.10791387244946571,0.22165311345710834,0.9763356823854271,0.0,0.0,0.0,0.0,False,1208.4876283668552,2.590821401234213,1440,2023-05-08,0.05,0.11995356413438174,2.696
571,5,232,798.0910564643888,8060.034637403071,7657.032905532926,7699.076400950452,0.9945391507723789,42.043495417524966,0.10422980628536845,0.22683340539738073,0.9761360970214689,0.0,0.0,0.0,0.0,False,1608.286401462019,2.0072101551233716,1440,2023-01-06,0.05,0.09234510702378815,2.739
572,5,160,513.8123884769825,5431.80494112855,5160.214694072126,5188.033331940565,0.9946379222937579,27.81863786844012,0.09957190135271546,0.24096533235092055,0.9637544983789398,0.0,0.0,0.0,0.0,False,1118.8083791476065,2.9546381667546875,1440,2023-09-17,0.05,0.05752002879684495,2.671
573,5,209,620.3736359439046,7309.153596069038,6943.695916265591,6977.475455388585,0.9951587734935124,33.77953912299384,0.08934343373111728,0.19873014702853983,0.9510023754764165,0.0,2.013888888888889,33.42583844090939,0.0,False,1406.8422182515271,3.30719419379556,1505,2023-05-26,0.05,-0.0034785397000432206,2.836
574,5,148,447.81510489114635,5185.418719378854,4926.147783409928,4965.216631427017,0.9921314917520807,39.06884801709049,0.0909057390440618,0.23602952591030982,0.9608626781287168,0.0,0.0,0.0,0.0,False,849.8211789588759,3.2170839477320694,1440,2023-05-16,0.05,0.04070350586025681,2.646
575,5,164,487.68554554988293,5616.031949344287,5335.230351877057,5358.625228152742,0.9956341644956294,23.394876275684958,0.09140852660247442,0.18894270933165574,0.9511954314131099,0.0,0.0,0.0,0.0,False,795.1005712166597,3.4795373511856638,1440,2023-06-06,0.05,-0.007810967526912627,2.591
576,5,217,630.4909514789556,7641.9158976769695,7259.820102793108,7289.383353835461,0.9959443412964696,29.56325104235348,0.08684663566751241,0.20672118045914412,0.9510000288809233,0.0,4.166666666666667,184.54819329389932,0.0,False,1378.2888691418925,3.6688895804735204,1638,2023-06-02,0.05,0.05752131476980801,2.748
577,5,215,799.032394701723,8117.222407665539,7711.361287282281,7746.4695332423125,0.9954678391479664,35.108245960030146,0.10361755401338825,0.1921423078040808,0.9660292915338924,0.0,0.0,0.0,0.0,False,1013.897682625248,3.0017609461239987,1440,2023-07-08,0.05,0.07033844510375287,2.695
578,5,287,1091.4160057801769,10432.90933582489,9911.26386903365,9962.075740394308,0.9948994694795759,50.811871360657335,0.11011875177596196,0.19355099165451256,0.9904452172811338,0.0,0.0,0.0,0.0,False,1215.7627582998323,1.6684420563159674,1440,2023-04-27,0.05,0.11305855382184407,2.73
579,5,196,193.71816806323395,7151.816592092365,6794.2257624877475,6821.226119670882,0.9960417149777118,27.00035718313473,0.028512177080248044,0.21621770237446394,0.9719344360017323,0.0,0.0,0.0,0.0,False,1482.0514818114198,1.9402458248049896,1440,2023-11-02,0.05,0.1444579867426415,2.551
580,5,276,1105.6917933799657,10117.042601822848,9611.190471731707,9696.346130793529,0.9912177579148721,85.15565906182105,0.11504212684495332,0.20434125018148322,0.9762751332776869,0.0,0.0,0.0,0.0,False,1052.5621424089231,1.7751874918064083,1440,2023-02-01,0.05,0.11889988437666323,2.625
581,5,239,1047.7439268564021,8401.728500077577,7981.642075073715,8024.082144594885,0.9947109128799537,42.44006952116855,0.13126921966702268,0.14963142341967142,0.991316422611412,0.0,0.0,0.0,0.0,False,981.7987871551811,1.6400515617825215,1440,2023-01-09,0.05,0.12436453479936402,2.617
582,5,277,835.4806487489145,9800.63804462573,9310.60614239445,9368.583210339657,0.993811543683444,57.97706794520844,0.08973429183570321,0.20851755672708458,0.9784724854229374,0.0,0.0,0.0,0.0,False,1256.3453542916427,2.125424299019782,1440,2023-11-07,0.05,0.25161630284252706,2.623
583,5,288,1028.5392833167275,10263.122656887213,9749.966524042893,9798.171091413156,0.9950802484544786,48.20456737026279,0.10549157074338716,0.18400311253780313,0.9816167728705439,0.0,0.0,0.0,0.0,False,1268.12368266679,2.0569967949335815,1440,2023-05-01,0.05,0.22344234616439432,2.592
584,5,163,819.0854645088097,5967.02246230095,5668.671339185902,5696.174734570053,0.9951716025814248,27.503395384151982,0.14449337693062328,0.177811682625546,0.9897192682815452,0.0,0.0,0.0,0.0,False,773.6140384256425,1.7201195347620146,1440,2023-02-21,0.05,0.2556348024114171,2.848
585,5,183,163.01318922069365,6354.2729259258585,6036.559279629543,6060.215284062837,0.9960965075786162,23.65600443329351,0.027004321778265977,0.2167937687179712,0.9715385669841561,0.0,0.0,0.0,0.0,False,1628.4855191158942,2.321273234006485,1440,2023-01-04,0.05,0.29611932908472377,2.668
586,5,265,706.9881962595173,9362.423057160948,8894.301904302902,8936.291219070654,0.9953012593548715,41.98931476775221,0.07948776687212396,0.2435576324986114,0.951008120428282,0.0,0.20833333333333334,0.4953787312016974,0.0,False,1913.2315155648453,3.320327268469217,1446,2023-06-30,0.05,0.24190667258413506,2.727
587,5,236,582.6425165185126,8402.748754007189,7982.611316306782,8020.074259385512,0.9953288533413654,37.46294307873072,0.07298896231215686,0.22867092726014163,0.9694711368769677,0.0,0.0,0.0,0.0,False,1567.2286541083276,2.0899630691278945,1440,2023-10-27,0.05,0.13747816544132513,2.599
588,5,149,467.6055784267667,5205.782727616358,4945.493591235537,4968.547802841669,0.9953599698501548,23.05421160613225,0.09455185206497142,0.2310667672013192,0.9752108478336355,0.0,0.0,0.0,0.0,False,1184.3201503861885,2.572137416921768,1440,2023-07-04,0.05,0.08525256488870359,2.571
589,5,159,911.3948064367895,5668.944092396221,5385.496887776409,5418.356049779486,0.9939355845756178,32.85916200307638,0.16923133100409066,0.20688800674427757,0.9997745863542233,0.0,0.0,0.0,0.0,False,708.1898862934459,1.314070751851961,1440,2023-01-19,0.05,0.03664789821594977,2.574
590,5,174,296.61742651558046,6488.41548354243,6163.994709365307,6196.948417913229,0.9946822683802461,32.95370854792232,0.0481209735733408,0.2525854868082968,0.9821766255576688,0.0,0.0,0.0,0.0,False,1299.6092049433178,1.8385644927691778,1440,2023-12-16,0.05,0.050613037546024364,2.563
591,5,290,908.7455908569474,10500.546477426597,9975.519153555295,10050.60830547539,0.9925288948053832,75.08915192009346,0.09109757365691275,0.24514963371858334,0.9622428665285722,0.0,0.0,0.0,0.0,False,1541.699181033891,2.8978008148630456,1440,2023-05-23,0.05,-0.04137858147117304,2.573
592,5,238,1252.751755845784,8663.58475288112,8230.405515237035,8300.659942931801,0.9915362840812929,70.25442769476501,0.15221021048434996,0.2329766879574662,0.9931647055442666,0.0,0.0,0.0,0.0,False,1058.4134744833589,1.428907196872327,1440,2023-01-20,0.05,-0.10087048157349054,2.58
593,5,231,1065.5645484269426,7813.103672787654,7422.448489148252,7485.072530604902,0.991633475667658,62.62404145664968,0.14355970943884844,0.2145833092433111,0.9977253964408319,0.0,0.0,0.0,0.0,False,963.6223992135291,1.4337336662341829,1440,2023-01-27,0.05,-0.1233323553787602,2.635
594,5,267,998.1739051381836,9807.52509712424,9317.148842268029,9383.700834605715,0.9929077031002254,66.55199233768751,0.10713297834310469,0.24307975861035108,0.9646736224734109,0.0,0.0,0.0,0.0,False,1408.474437471821,2.693513180195776,1440,2023-09-16,0.05,-0.1015655867140002,2.621
595,5,148,715.407323330814,5463.890019724212,5190.695518737989,5224.995987180754,0.9934353120027423,34.30046844276482,0.13782494479752314,0.22678243644409712,0.995705523781082,0.0,0.0,0.0,0.0,False,675.8920855300489,1.4593228625637131,1440,2023-02-04,0.05,-0.1489983483201978,2.707
596,5,295,649.4107895674548,10662.36408436351,10129.245880145349,10171.010501983135,0.995893758852216,41.76462183778682,0.06411245192896198,0.18691256691307903,0.9510003919289848,0.0,6.25,258.2683791946331,0.0,False,1219.5178282199427,3.9801161092733404,1605,2023-05-29,0.05,-0.15242957066160195,2.697
597,5,166,277.90268548140375,6217.818254639901,5906.9273419078945,5931.195822969417,0.9959083325208148,24.268481061522095,0.04704691109195923,0.2614538752012037,0.9729388771593009,0.0,0.0,0.0,0.0,False,1338.5555009074333,2.6411352715823093,1440,2023-09-24,0.05,-0.06680646391213946,2.634
598,5,291,265.74754740974265,10451.86968494649,9929.276200699223,9971.147635320896,0.9958007406817093,41.87143462167164,0.026764040201744877,0.16948017654840047,0.9510001070901346,0.0,6.319444444444445,399.0017137785502,0.0,False,2034.7373519753844,4.148428142040149,1678,2023-07-02,0.05,-0.16537155050650393,2.585
599,5,148,550.6730682117291,5293.405897463572,5028.7356025903955,5061.846634825095,0.9934587049700601,33.11103223469877,0.10950527363738652,0.2231863709599516,0.9914324306574543,0.0,0.0,0.0,0.0,False,880.7902210323922,1.5093198721550865,1440,2023-03-11,0.05,-0.04035549157324844,2.659
