episode,stage,n_ev,cost_eur,energy_drawn_kwh,energy_delivered_kwh,energy_requested_kwh,service_quality,unmet_kwh,cost_per_kwh,retail_price_paid,min_voltage_pu,violation_rate_pct,q_activation_pct,q_kvarh,curtailed_kwh,q_exhausted_any,peak_ev_kw,peak_feeder_mw,pf_solves,day,noise,w_retail,wall_s
0,0,60,253.32954106205065,2295.1297532560848,2180.37326559328,2191.5464327826157,0.9949016972571514,11.173167189336082,0.1161863177556067,0.18119952272637233,1.0048860259057242,0.0,0.0,0.0,0.0,False,521.4255055268787,1.1818284106931551,1440,2023-01-09,0.3,0.0,0.288
1,0,60,156.17576440150012,1878.5243900635865,1784.5981705604095,1799.8828123065123,0.9915079794964452,15.284641746102634,0.08751312591139603,0.21263677026143393,1.00544526832039,0.0,0.0,0.0,0.0,False,459.9488876039826,1.0540947310687292,1440,2023-12-13,0.2985,0.04230107386566229,0.33
2,0,60,208.08213961225212,2081.958456478686,1977.860533654747,2004.1530249425582,0.9868809961312387,26.292491287810947,0.10520566848449724,0.269157868711015,0.9853942818856424,0.0,0.0,0.0,0.0,False,352.90202639297905,2.1047699655588294,1440,2023-05-03,0.2970075,0.006348149867984897,2.015
3,0,60,245.31074571544414,2240.581708199509,2128.552622789528,2163.6451859426156,0.9837808142568444,35.092563153088,0.11524767726623433,0.2798870797730529,0.9728770489503928,0.0,0.0,0.0,0.0,False,287.89796566963196,2.6668637677045903,1440,2023-05-14,0.29552246249999997,-0.1502184993547861,2.194
4,0,60,184.46110307122962,1975.1716924134535,1876.413107792788,1913.3581924186426,0.9806909731945418,36.94508462585477,0.09830516654629959,0.2628536518333599,0.9681925345779161,0.0,0.0,0.0,0.0,False,366.6785978260632,2.8909948739915237,1440,2023-09-05,0.2940448501875,-0.3030704370581389,2.342
5,0,60,240.66043190942716,2262.329345696164,2149.2128784113474,2170.90709408793,0.9900068428834827,21.69421567658233,0.11197607939485187,0.2114207060377671,1.0025986469201547,0.0,0.0,0.0,0.0,False,471.44183973702735,1.2191146521961431,1440,2023-03-06,0.29257462593656247,-0.39102112834516456,2.281
6,0,60,201.83860118861622,1992.9829018605203,1893.333756767499,1918.5192110412388,0.9868724513526914,25.18545427374021,0.10660487115236174,0.264247172228766,1.0054062072903538,0.0,0.0,0.0,0.0,False,381.20279655840386,0.8973226138193637,1440,2023-11-28,0.2911117528068797,-0.34880023592636933,2.292
7,0,60,221.37413254282072,2096.773427156839,1991.9347557989859,2014.2684341615854,0.9889122631403914,22.333678362600068,0.11113523266680753,0.2190331196091781,0.9762494428972638,0.0,0.0,0.0,0.0,False,422.8807915702705,2.4949838669523206,1440,2023-05-10,0.28965619404284526,-0.434454106222969,2.309
8,0,60,221.93077114091952,2226.442916047696,2115.1207702453075,2129.7153283668567,0.9931471789083,14.594558121549339,0.10492581523615808,0.15343947975946282,1.00676706086659,0.0,0.0,0.0,0.0,False,545.0600224137306,1.034125789032222,1440,2023-10-24,0.28820791307263105,-0.4044579426776142,2.46
9,0,60,168.87141081088018,1873.772849331886,1780.0842068652814,1790.2399034660937,0.9943271867747168,10.155696600811902,0.09486709120815234,0.16354715808558934,1.001560718434727,0.0,0.0,0.0,0.0,False,435.39854044151417,1.3187906404807894,1440,2023-12-11,0.28676687350726787,-0.23382697815992995,2.478
10,0,60,282.1806008203479,2177.8312542396216,2068.9396915276398,2081.477168726802,0.9939766443814364,12.537477199161428,0.1363889928623268,0.21381476780482273,1.0058802291272515,0.0,0.0,0.0,0.0,False,480.49776918361135,1.1044249547782121,1440,2023-01-28,0.28533303913973157,-0.11773645676754035,2.337
11,0,60,282.5783902746092,1983.487666183715,1884.3132828745292,1901.8294704227583,0.9907898222103292,17.516187548228974,0.1499635930196992,0.17297958278368317,1.0061833375098401,0.0,0.0,0.0,0.0,False,406.42658494497533,1.070069580076593,1440,2023-02-03,0.2839063739440329,-0.13614351942618325,2.397
12,0,60,146.30097867638895,2021.968152648768,1920.869745016334,1931.302335059373,0.9945981580130393,10.43259004303893,0.0761639247304324,0.19063138845271949,0.9636114176331656,0.0,0.0,0.0,0.0,False,457.71387668561187,3.1070081284538476,1440,2023-08-08,0.2824868420743127,-0.059680741645774714,2.273
13,0,60,178.25372869435148,1909.8757857862404,1814.381996496925,1828.5245497039639,0.9922655929288297,14.142553207038729,0.0982448729311196,0.22227282789777106,0.9688856070597653,0.0,0.0,0.0,0.0,False,511.16433090713775,2.8590970140035727,1440,2023-09-06,0.28107440786394117,-0.03687606131596374,2.323
14,0,60,227.67858852992046,2079.034591933718,1975.0828623370264,1985.9991657673518,0.9945033695791572,10.916303430325113,0.11527546153710162,0.17192538843571778,0.9545118175074813,0.0,0.0,0.0,0.0,False,427.09955022503436,3.4781080802829405,1440,2023-08-21,0.27966903582462144,-0.08935712522611698,2.363
15,0,60,302.9982801615396,2120.82011560354,2014.7791098233602,2039.54758621353,0.9878558967892712,24.768476390169536,0.15038784087259277,0.22778740524822677,1.0075040630722076,0.0,0.0,0.0,0.0,False,333.67794692516327,1.0637750992733706,1440,2023-01-25,0.27827069064549836,-0.01917387895950825,2.315
16,0,60,152.81319954348783,2302.5301265539133,2187.4036202262023,2200.9835573496234,0.9938300597121345,13.579937123420514,0.06986054065672855,0.16011758208122612,0.9741699375169544,0.0,0.0,0.0,0.0,False,261.63793602217817,2.600928244715072,1440,2023-05-19,0.2768793371922708,-0.08731308919615237,2.293
17,0,60,219.33729553651887,2215.423470181719,2104.6522966726234,2121.5452241406115,0.992037441730788,16.892927467988425,0.10421545444028114,0.15568807907532242,0.9541132203135543,0.0,0.0,0.0,0.0,False,555.274669110775,3.509531144306759,1440,2023-08-29,0.27549494050630946,0.009043274477872454,2.339
18,0,60,55.73232440928245,2371.495549464383,2252.9207719911487,2262.598898958375,0.9957225617975499,9.678126967226053,0.024737809292790083,0.12686039613962613,0.9668323841101907,0.0,0.0,0.0,0.0,False,479.29649903395625,2.9499386866038964,1440,2023-09-18,0.27411746580377794,0.09808886807631431,2.358
19,1,60,131.71020651773577,2032.591404615399,1930.9618343846316,1938.8887011511363,0.9959116442517828,7.926866766504389,0.06820963737986557,0.18569843326622343,1.0035021848966028,0.0,0.0,0.0,0.0,False,440.5847639377595,1.2429815104131337,1440,2023-03-31,0.27274687847475904,0.23640322560661833,2.283
20,1,120,470.1047518218922,4125.407599025293,3919.137219074024,3939.582590322879,0.9948102696719504,20.445371248855096,0.11995108248160906,0.15455518910448862,0.985504961066967,0.0,0.0,0.0,0.0,False,1157.9883530934283,1.6864552329046247,1440,2023-04-16,0.27138314408238523,0.21832610828903634,2.309
21,1,120,158.03766065073057,4262.426505777973,4049.305180489083,4081.9792601756476,0.9919955302063052,32.67407968656506,0.039028340321744404,0.21589126943701573,0.9983017086737453,0.0,0.0,0.0,0.0,False,897.7379638268737,1.3112054327483649,1440,2023-11-23,0.2700262283619733,0.2746517921355629,2.404
22,1,120,320.3188026624769,4183.865917168165,3974.6726213097713,4001.0232304160622,0.9934140324640027,26.350609106291234,0.08058998392600256,0.16798800126328978,0.9994136865465384,0.0,0.0,0.0,0.0,False,962.1759471334449,1.346325758380248,1440,2023-11-27,0.26867609722016345,0.18397839900937374,2.333
23,1,120,28.620370131506952,4257.512507752097,4044.636882364503,4060.103338285212,0.9961906250575284,15.4664559207089,0.00707612845452159,0.166689950067168,0.9877619761952516,0.0,0.0,0.0,0.0,False,1048.3662221349873,1.9253705043363865,1440,2023-10-28,0.2673327167340626,0.218427474427455,2.271
24,1,120,540.3605688095139,4489.5302859395415,4265.053771642524,4295.557811255207,0.9928987011808441,30.504039612682135,0.1266949018092718,0.1749904319533465,0.968150118197226,0.0,0.0,0.0,0.0,False,826.8449533524373,2.8469490696351474,1440,2023-06-15,0.2659960531503923,0.2505079498900295,2.385
25,1,120,96.98034165312843,4696.683060159549,4461.848907151546,4496.746645947031,0.9922393362261273,34.897738795484926,0.021735460718467246,0.18821743839810828,1.001222795125005,0.0,0.0,0.0,0.0,False,859.8559594071373,1.3009080789604779,1440,2023-11-01,0.26466607288464034,0.25916174851282914,2.223
26,1,120,456.52456364061493,4189.132184165851,3979.675574957546,4003.1123278238774,0.9941453671675828,23.436752866331748,0.11471401501000117,0.21486984245649118,0.9969345613589237,0.0,0.0,0.0,0.0,False,919.2839490456408,1.2755576055760547,1440,2023-10-25,0.26334274252021717,0.23757450131268748,2.216
27,1,120,411.21054192252166,4326.075969003621,4109.7721705534605,4131.9087349815145,0.9946425330645273,22.136564428053852,0.10005677318778092,0.16331814656301338,0.9931223515247458,0.0,0.0,0.0,0.0,False,953.1831230419072,1.7516677165657588,1440,2023-09-22,0.26202602880761605,0.16092592250130722,2.316
28,1,120,380.08690730517577,4010.872113836425,3810.328508144612,3853.254208264074,0.9888598836725074,42.925700119461645,0.09975174226913415,0.23193964728518585,0.9642435094011516,0.0,0.0,0.0,0.0,False,738.0926929481313,3.047042714780042,1440,2023-06-13,0.260715898663578,0.2148548830897035,2.431
29,1,120,13.646318307094477,4160.783209954861,3952.7440494571124,3984.226685968216,0.9920981814056966,31.482636511103426,0.0034523657834533263,0.18721940468951145,0.9865220050070398,0.0,0.0,0.0,0.0,False,845.6625237132998,2.05404192692935,1440,2023-12-31,0.2594123191702601,0.1054337676073818,2.325
30,1,120,383.99983578587006,4142.403740788036,3935.2835537486453,3983.1400872851837,0.9879852245997313,47.85653353653919,0.09757869554789315,0.24427406517882866,0.9956929129302052,0.0,0.0,0.0,0.0,False,844.7388717788153,1.4998948658991942,1440,2023-12-11,0.2581152575744088,0.11692043869753253,2.269
31,1,120,47.49675023102556,4335.187860374083,4118.428467355368,4136.901930214203,0.9955344692307274,18.47346285883535,0.011532736481283454,0.1735036478143942,0.995768528092763,0.0,0.0,0.0,0.0,False,892.6722499199695,1.3859688602237648,1440,2023-11-04,0.25682468128653674,-0.0016241807657861734,2.288
32,1,120,383.5425576974371,4351.69585064054,4134.111058108501,4173.997530107296,0.9904440595110343,39.886471998795166,0.09277509779162078,0.22204223293257372,0.9929976532918299,0.0,0.0,0.0,0.0,False,902.7065520601527,1.722031114620116,1440,2023-03-29,0.25554055788010405,0.060559859474594954,2.358
33,1,120,436.45003758385667,4506.945301179642,4281.598036120653,4317.937982484915,0.9915839582431083,36.33994636426088,0.1019362476117218,0.2160817329207808,0.959643227298709,0.0,0.0,0.0,0.0,False,878.2931195639524,3.281292190919966,1440,2023-06-27,0.25426285509070357,0.0024200927602762365,2.265
34,1,120,587.9492269560885,4580.576006523712,4351.547206197505,4365.585314876907,0.9967843696396074,14.03810867940264,0.13511268500516943,0.15464211122976526,0.9968179922484752,0.0,0.0,0.0,0.0,False,823.478914052248,1.3229841447916744,1440,2023-01-28,0.25299154081525005,-0.03178270723127338,2.295
35,1,120,389.2172362118044,4323.871013487122,4107.677462812762,4118.36186097085,0.9974056679527502,10.684398158087877,0.09475360218406365,0.1851896208375941,0.9590548674237236,0.0,0.0,0.0,0.0,False,1058.912688001959,3.2064903745115902,1440,2023-08-13,0.25172658311117374,0.07829011493423288,2.39
36,1,120,496.4820119248682,4322.630704130744,4106.499168924188,4134.471045502013,0.9932344727366621,27.971876577825103,0.1209015249977356,0.1902224168226877,0.9697501709001701,0.0,0.0,0.0,0.0,False,889.7339411686168,2.817840942236392,1440,2023-09-25,0.2504679501956179,0.09988437048753472,2.305
37,1,120,615.7422805835271,4383.210889878662,4164.050345384703,4178.8880978679845,0.9964493539583289,14.837752483281237,0.14787099806946274,0.16752334788291254,0.9927575359856922,0.0,0.0,0.0,0.0,False,820.3412617319227,1.4016856693162456,1440,2023-02-03,0.24921561044463983,0.1065765029218359,2.346
38,1,120,373.6138104412651,4293.812343748085,4079.121726560701,4100.295815090662,0.9948359607489704,21.174088529960603,0.09159172868231036,0.17997510637111028,0.9943874208380578,0.0,0.0,0.0,0.0,False,830.3239095018796,1.4844133102847437,1440,2023-12-07,0.2479695323924166,0.16349199314263657,2.313
39,2,120,468.1437906085944,4365.416442960161,4147.145620812161,4156.102981223054,0.9978447693785834,8.957360410892393,0.11288337411140024,0.16621424630008913,0.9965979864131177,0.0,0.0,0.0,0.0,False,1017.3503342035821,1.3743428980431278,1440,2023-10-25,0.24672968473045453,0.18263176132668657,2.313
40,2,180,599.4459194589924,6426.537742412126,6105.210855291518,6141.452725212594,0.9940988115446543,36.24186992107498,0.098185948637538,0.19270324454400717,0.9624993725609082,0.0,0.0,0.0,0.0,False,1417.409646339745,3.141893819522721,1440,2023-06-13,0.24549603630680228,0.22990675571516864,2.408
41,2,180,539.6305496731958,6064.726958039997,5761.490610137964,5816.080042203335,0.9906140507576833,54.58943206537256,0.09366162095685059,0.20379745357478837,0.9601557741696612,0.0,0.0,0.0,0.0,False,1472.7202962114363,3.292577679383368,1440,2023-07-28,0.24426855612526827,0.20981579286213425,2.353
42,2,180,751.3724639197233,6515.6621595137,6189.879051538015,6206.984032924996,0.9972442362834756,17.104981386982576,0.12138726098905403,0.1554260471032224,0.9510015254485431,0.0,1.1805555555555556,21.808841816423797,0.0,False,1354.1605381736226,3.446656288019177,1488,2023-08-22,0.2430472133446419,0.16914589003324867,2.335
43,2,180,599.8940366535702,6608.358765572406,6277.940827293771,6299.382009294361,0.9965963038963259,21.441182000588206,0.09555586029825106,0.19811678743174796,0.9879433900862725,0.0,0.0,0.0,0.0,False,1283.1193404175142,1.8451603730951627,1440,2023-12-04,0.2418319772779187,0.24525575965242427,2.323
44,2,180,758.687576108094,5973.633504441762,5674.951829219684,5696.457192505393,0.9962247827800755,21.505363285710253,0.13369057552201546,0.14244034573323305,0.9839135098946005,0.0,0.0,0.0,0.0,False,1562.6655077450546,2.05924957099199,1440,2023-01-28,0.2406228173915291,0.21231818725342108,2.266
45,2,180,542.2516842107837,6615.966363135902,6285.168044979084,6336.04490976872,0.9919702487096965,50.876864789636,0.08627481084518691,0.1545050127778812,0.9536480759857205,0.0,0.0,0.0,0.0,False,1479.3410802058265,3.3199763104160103,1440,2023-07-26,0.23941970330457144,0.3113342837842897,2.331
46,2,180,789.5427789003738,6069.05439740178,5765.601677531684,5791.310746092957,0.9955607513241079,25.709068561271778,0.13694022290460856,0.16240242715811168,0.9906704333074611,0.0,0.0,0.0,0.0,False,1319.4317712040938,1.8697638654430335,1440,2023-02-08,0.23822260478804858,0.3662796428718646,2.377
47,2,180,764.9212379029025,6532.659222656405,6206.026261523599,6252.276527102268,0.9926026519495444,46.25026557867046,0.12325459249911584,0.2034593744911403,0.9698403983275063,0.0,0.0,0.0,0.0,False,1462.5315574824099,2.305663819559674,1440,2023-09-11,0.23703149176410834,0.39474149714751183,2.258
48,2,180,669.5769237027428,6242.001426435399,5929.901355113596,5982.358205925753,0.9912314092525926,52.45685081215716,0.1129153561931244,0.22644748221416933,0.9966176198637763,0.0,0.0,0.0,0.0,False,983.7497640556851,1.4396497192979303,1440,2023-12-01,0.2358463343052878,0.3270127277108097,2.292
49,2,180,646.2167468561463,6525.576016906368,6199.297216061029,6238.895058371436,0.9936530680609423,39.59784231040753,0.10424032343245933,0.17851752713803268,0.9545501793611624,0.0,0.0,0.0,0.0,False,1139.697334085974,3.432541476308683,1440,2023-07-18,0.23466710263376137,0.22093350106007564,2.338
50,2,180,446.6976038541549,6507.142409357495,6181.785288889623,6217.5381022178235,0.994249683276497,35.75281332819979,0.07226029099667923,0.18524265171967996,0.9909111689094041,0.0,0.0,0.0,0.0,False,1061.858945689824,1.7601189896942677,1440,2023-03-25,0.23349376712059255,0.2425901445500874,2.296
51,2,180,335.4595054601137,6245.569702045155,5933.291216942884,5953.841883284196,0.9965483352188089,20.550666341311604,0.05653852022334385,0.16689976003067433,0.9510019873595406,0.0,1.0416666666666667,22.618691584164004,0.0,False,1233.2422452069209,3.64070860440258,1472,2023-07-16,0.2323262982849896,0.24585805267648878,2.33
52,2,180,507.23355272399846,6562.284813587177,6234.170572907843,6269.86462627826,0.9943070456065644,35.69405337041747,0.08136343829415087,0.20585106585484855,0.9656769763105819,0.0,0.0,0.0,0.0,False,1431.5860005893792,2.9860749021984696,1440,2023-05-15,0.23116466679356462,0.29048175289188854,2.404
53,2,180,697.9436623689859,6101.518170146962,5796.442261639606,5839.283091400315,0.9926633408433645,42.84082976071005,0.12040897344702656,0.19232987327976098,0.9752949451777635,0.0,0.0,0.0,0.0,False,1499.2711444777894,2.0323344197708666,1440,2023-04-07,0.23000884345959682,0.24019528695828268,2.523
54,2,180,164.2543626842923,5779.477566772591,5490.503688433981,5580.212002360421,0.9839238520170033,89.7083139264414,0.029916082750349897,0.24613404760513924,0.99475507207393,0.0,0.0,0.0,0.0,False,880.4315780672847,1.6035335472488583,1440,2023-01-14,0.22885879924229882,0.23009624421260255,2.267
55,2,180,398.42176239322964,6539.7828192588995,6212.793678295935,6268.133956407952,0.9911711717559192,55.34027811201704,0.064129244108829,0.2112015927389521,0.9927389945479694,0.0,0.0,0.0,0.0,False,1220.3882752046084,1.6134993200114998,1440,2023-03-22,0.22771450524608736,0.10134112411996933,2.241
56,2,180,667.8215935783331,6788.919301816857,6449.473336726004,6531.6147707918835,0.9874240234691734,82.14143406588009,0.10354668648298414,0.27422444072023405,0.9823841541811915,0.0,0.0,0.0,0.0,False,948.2220621950162,2.0720581799972155,1440,2023-09-15,0.2265759327198569,0.0746283491145269,2.346
57,2,180,702.0652858350504,6692.213781402392,6357.603092332263,6387.093607522185,0.9953827958376575,29.49051518992192,0.11042924127833535,0.19424248775220992,0.9911812453034511,0.0,0.0,0.0,0.0,False,1343.9452695430955,1.7395274270192425,1440,2023-04-15,0.22544305305625761,-0.08910335848465911,2.304
58,2,180,885.7222794530155,6162.12385146049,5854.017658887458,5914.692428988211,0.9897416863464645,60.6747701007523,0.15130160704389553,0.2485541941093158,0.995490468421693,0.0,0.0,0.0,0.0,False,1038.7170569604743,1.4121833873194245,1440,2023-01-20,0.22431583779097633,-0.04384055242196533,2.364
59,3,180,125.05036077222795,6447.628162154071,6125.246754046359,6146.335149527709,0.9965689480042476,21.088395481351064,0.02041556296317683,0.17633994386200538,0.9824343255197707,0.0,0.0,0.0,0.0,False,1526.505513991498,1.88577572901425,1440,2023-01-10,0.22319425860202144,-0.12954377126290906,2.274
60,3,240,663.5011291394952,8728.4736989422,8292.050013995035,8351.478036565719,0.9928841311309822,59.42802257068476,0.0800165372880845,0.2179183022417435,0.966340790522744,0.0,0.0,0.0,0.0,False,1853.0367256406234,2.3246041414544925,1440,2023-04-11,0.22207828730901136,-0.03805199298468133,2.341
61,3,240,765.3872285508579,7762.632933606686,7374.501286926334,7432.9045317947775,0.992142607964542,58.40324486844391,0.10378833751209075,0.2137434653334178,0.9712124632436393,0.0,0.0,0.0,0.0,False,1720.6430778263016,2.31159867846259,1440,2023-04-19,0.2209678958724663,-0.05722687390961019,2.291
62,3,240,687.5263662501657,8653.611390544327,8220.9308210171,8261.398383049731,0.9951016086918578,40.46756203263213,0.08363120688140085,0.17134979938892544,0.9669514989047128,0.0,0.0,0.0,0.0,False,1749.8395677236801,2.713469350435828,1440,2023-05-21,0.21986305639310397,-0.0640693107179076,2.361
63,3,240,894.8903290473177,8479.541651337755,8055.564568770841,8118.008141329459,0.9923080179926511,62.44357255861731,0.11108970965443637,0.18820968357639517,0.9634376973058498,0.0,0.0,0.0,0.0,False,1785.204135756543,2.5033261076633684,1440,2023-03-18,0.21876374111113842,0.025155314943891366,2.238
64,3,240,880.709514884516,8560.749363747183,8132.711895559784,8208.313391014439,0.9907896431516108,75.6014954546559,0.10829223095500984,0.22861760014272584,0.9579849368292499,0.0,0.0,0.0,0.0,False,1731.535517738188,3.1011408658868174,1440,2023-08-16,0.21766992240558275,0.06003278608207738,2.279
65,3,240,809.1647748172608,8217.627598981404,7806.746219032355,7914.076864390747,0.9864380082228763,107.33064535839057,0.10364942731769199,0.24098932127900544,0.9510000941651283,0.0,3.125,58.30125229628149,0.0,False,1962.3388835094495,3.465057296544609,1541,2023-09-16,0.2165815727935548,-0.0023935334604375663,2.419
66,3,240,750.3594568436326,8092.543282353148,7687.9161182354965,7770.44169892128,0.9893795508822568,82.52558068578301,0.09760245108083367,0.23448618584018793,0.95450975752272,0.0,0.0,0.0,0.0,False,1051.7278264322224,3.3529424712437015,1440,2023-07-08,0.21549866492958705,-0.08160184165821491,2.45
67,3,240,255.29451114019653,8561.317277194083,8133.251413334395,8223.127120443725,0.9890703736190715,89.87570710933004,0.0313889855564582,0.2551436962489683,0.9899550703951777,0.0,0.0,0.0,0.0,False,1121.1045089495096,1.628742830008238,1440,2023-11-03,0.21442117160493912,-0.13238589954304766,2.31
68,3,240,1263.9632375614474,8511.896111087612,8086.301305533196,8126.3298378272775,0.9950742176243262,40.028532294081394,0.15630919375914895,0.21495895579066437,0.9649403906251695,0.0,0.0,0.0,0.0,False,1924.2570565056649,2.531860573682374,1440,2023-01-19,0.21334906574691442,-0.22121685356267917,2.346
69,3,240,129.27618326404382,8100.867574305109,7695.8241955898675,7755.408736373141,0.9923170341101661,59.584540783273475,0.01679822459277672,0.19412880685168266,0.9809648225250778,0.0,0.0,0.0,0.0,False,1432.9642646290517,2.0561935468932266,1440,2023-11-18,0.21228232041817982,-0.2046231355596489,2.268
70,3,240,905.8539638832939,8558.449227821482,8130.526766430377,8148.643509959043,0.9977767166392144,18.11674352866668,0.11141393293524567,0.17521338657900423,0.9538444350008789,0.0,0.0,0.0,0.0,False,2096.6558385915364,3.0167891297632714,1440,2023-02-10,0.21122090881608893,-0.14522827383404904,2.228
71,3,240,279.9802739960335,8390.997807474498,7971.44791710079,8036.94643752264,0.991850322640443,65.4985204218507,0.03512288820145263,0.23159250987111243,0.9850104306647234,0.0,0.0,0.0,0.0,False,1463.9525035815277,1.8350506988702087,1440,2023-11-02,0.21016480427200848,-0.05485912918262684,2.248
72,3,240,849.104590522365,8109.346235319751,7703.878923553768,7754.989544813123,0.9934093242854802,51.110621259355305,0.11021780053244613,0.20718142524951044,0.9584544433693475,0.0,0.0,0.0,0.0,False,1889.6556618365942,2.950637083668333,1440,2023-06-29,0.20911398025064845,-0.10817751019768274,2.374
73,3,240,107.15630501137316,8665.280169154346,8232.016160696614,8238.038763967783,0.9992689275392207,6.022603271167441,0.013017018300205248,0.1437597315619903,0.9694094392615483,0.0,0.0,0.0,0.0,False,1955.2359097483522,2.432888030922777,1440,2023-03-13,0.20806841034939522,-0.09748690010467859,2.3
74,3,240,688.0672795167483,8474.57235115839,8050.84373360049,8084.845924492316,0.9957943303794053,34.00219089182542,0.08546523846253212,0.1673547650237336,0.9520313993008765,0.0,0.0,0.0,0.0,False,1830.038076789498,3.245664012528991,1440,2023-06-07,0.20702806829764822,0.053405327504169556,2.268
75,3,240,764.8638843736713,8467.680765287903,8044.296727023505,8133.294157758721,0.9890576402366663,88.99743073521707,0.09508151058180582,0.21888383828946623,0.971702228412441,0.0,0.0,0.0,0.0,False,1398.009057283469,2.583685697298815,1440,2023-05-12,0.20599292795615998,0.12384229772422614,2.342
76,3,240,415.4916182880436,8539.761568413678,8112.773489992992,8164.924991320789,0.9936127396904156,52.1515013277973,0.0512144975821829,0.2047556802285808,0.9710667063908093,0.0,0.0,0.0,0.0,False,1797.358975827694,2.278589037675402,1440,2023-10-20,0.20496296331637917,0.06588372080118629,2.231
77,3,240,387.6296960799622,8290.232359285863,7875.720741321569,7892.361480916736,0.9978915385926757,16.64073959516685,0.049218313956484544,0.17829976369611186,0.9566858108832663,0.0,0.0,0.0,0.0,False,1874.1000979221058,2.86386293117734,1440,2023-10-03,0.2039381484997973,0.05036102298527334,2.237
78,3,240,673.7952032300946,8693.127884543612,8258.471490316475,8346.813089165978,0.9894161282988151,88.34159884950367,0.08158836705074995,0.2607526889974455,0.9679950091554346,0.0,0.0,0.0,0.0,False,1781.1160311426938,2.434346647733927,1440,2023-01-08,0.2029184577572983,0.09723089291916903,2.398
79,4,240,746.8352338561235,8695.968819804733,8261.170378814466,8303.366011657505,0.9949182496852724,42.19563284303946,0.09040307845137306,0.20548322349944423,0.9815060095512543,0.0,0.0,0.0,0.0,False,1475.4455970760202,1.9861103927109998,1440,2023-03-29,0.20190386546851183,-0.049707281246520754,2.389
80,4,300,881.8848899113158,11490.40308815131,10915.882933743713,10978.707060426841,0.9942776388569853,62.82412668312644,0.08078914873529744,0.19249162412320306,0.951001360012298,0.0,1.3888888888888888,9.903242177938404,0.0,False,2013.9496187346206,3.429916842219223,1481,2023-05-21,0.20089434614116924,-0.04593915765844195,2.304
81,4,300,1307.7225322067936,10804.263618388299,10264.050437468832,10329.437636828003,0.993669820017496,65.38719935916976,0.12740803839320228,0.21072896996543378,0.9609503829350516,0.0,0.0,0.0,0.0,False,1942.9612124491605,2.4325847406807526,1440,2023-03-07,0.19988987441046338,-0.013967721366408475,2.299
82,4,300,977.588336277568,10383.214887804768,9864.05414341451,9962.495148446946,0.9901188403541876,98.44100503243492,0.09910614054467964,0.21078824881466984,0.9601802605163681,0.0,0.0,0.0,0.0,False,2019.8546343409107,2.8273158830797436,1440,2023-09-12,0.19889042503841106,-0.02904918168396097,2.323
83,4,300,52.32869314550919,10536.715402437037,10009.879632315191,10033.975718639906,0.9975985504649018,24.096086324713763,0.005227704534685404,0.16747111975243073,0.9567580640289406,0.0,0.0,0.0,0.0,False,2333.518128765313,2.958512674546917,1440,2023-12-27,0.19789597291321903,-0.04178417584705581,2.339
84,4,300,559.4924645874364,10110.353021223049,9604.835370161869,9670.799048235429,0.993179087090472,65.96367807355945,0.058251124878781486,0.2021309944104032,0.9510001247803253,0.0,8.333333333333334,705.4997943884263,3.9276703347750255,True,2206.6689093563514,4.134270928055818,1710,2023-07-16,0.19690649304865293,0.04495195677177285,2.423
85,4,300,1003.9535982867836,10906.033361688214,10360.731693603793,10398.164085027785,0.9964000961017829,37.432391423995,0.0968998742537243,0.16483658299495133,0.9510110630578223,0.0,0.6944444444444444,13.004939379814637,0.0,False,1831.2700815369578,3.880529441314762,1450,2023-08-18,0.19592196058340966,0.03798258889877619,2.396
86,4,300,1112.233288704221,10637.153560761424,10105.295882723367,10167.438407053356,0.9938880845064298,62.142524329989,0.11006439609608692,0.21470697484925827,0.9695301989265636,0.0,0.0,0.0,0.0,False,1942.3733891692273,2.3771233022527642,1440,2023-04-26,0.1949423507804926,0.1162129705646254,2.295
87,4,300,1023.1058248896255,10714.070203437577,10178.36669326577,10229.21233909623,0.9950293684259417,50.84564583045889,0.10051768183656958,0.1910476272887952,0.9586466277880519,0.0,0.0,0.0,0.0,False,1921.6320276257743,2.9616071142290803,1440,2023-09-12,0.19396763902659017,0.06834706507536659,2.274
88,4,300,1061.3896770439753,10617.788544888448,10086.89911764412,10135.014933069386,0.9952525165731854,48.11581542526537,0.10522457542847637,0.17651253223264396,0.9510000888793032,0.0,2.361111111111111,69.00257036433861,0.0,False,1930.346913681618,3.470996040766794,1483,2023-09-16,0.1929978008314572,0.08255252395253851,2.383
89,4,300,1296.2801661875997,10923.239413205662,10377.077442545298,10413.100545084984,0.9965405978379139,36.02310253968602,0.12491765368088523,0.18372044310556587,0.9524505892441552,0.0,0.0,0.0,0.0,False,2244.8206227743153,2.9406584862402685,1440,2023-04-08,0.19203281182729992,0.12706847356617662,2.241
90,4,300,732.4155789071533,10751.864534440962,10214.27130771895,10246.580277715824,0.9968468533773028,32.30896999687424,0.07170512284646924,0.17829218732921961,0.9510063115334306,0.0,1.1805555555555556,6.2363658353852465,0.0,False,2403.5496913563898,3.0898724085519733,1474,2023-10-27,0.19107264776816343,0.1476378071813806,2.304
91,4,300,1039.6049901730808,10465.59606136551,9942.31625829721,9980.088493773963,0.9962152404259426,37.77223547675217,0.1045636613405346,0.16906698855553393,0.9510042018180154,0.0,3.4027777777777777,187.95607854231636,0.0,False,2177.9100048542023,3.7245912176219513,1493,2023-09-16,0.19011728452932258,0.17712082741504456,2.579
92,4,300,839.008145795677,10194.297915133591,9684.583019376823,9738.210590671079,0.9944930774709648,53.62757129425481,0.08663337844458531,0.19725156495194687,0.9510006096655196,0.0,2.013888888888889,25.044348768704147,0.0,False,2250.514076022755,2.9909104426660864,1509,2023-04-12,0.189166698106676,0.22254933147630757,2.455
93,4,300,511.51930090039156,10522.095967175448,9995.991168816714,10101.731466145047,0.9895324581055523,105.74029732833273,0.051172444259066224,0.23637028427533013,0.9510020527483677,0.0,4.166666666666667,217.9892405175584,0.0,False,2422.8421052631584,3.519676420668878,1510,2023-09-24,0.1882208646161426,0.19702348840561212,2.428
94,4,300,932.7593810486396,10769.43067759212,10230.959143712531,10302.6755322337,0.9930390520116069,71.71638852116556,0.09117027718968752,0.21756010680046478,0.952910639799379,0.0,0.0,0.0,0.0,False,2053.2953915095522,2.8365449348636966,1440,2023-04-12,0.1872797602930619,0.0887231172238461,2.346
95,4,300,802.4382132385799,10812.08020335508,10271.47619318735,10340.769450576674,0.9932990230832911,69.29325738932307,0.07812296870928877,0.22934193756643229,0.9510015399546493,0.0,5.208333333333333,982.4852887534919,84.47617683194636,True,1518.6297778489666,4.654069695219388,1725,2023-07-23,0.18634336149159655,0.04258720538311381,2.381
96,4,300,941.7358288588661,10136.077668654865,9629.273785222107,9735.706221974822,0.9890678257615783,106.43243675271566,0.09779925774923266,0.2441952120045716,0.9630105761490523,0.0,0.0,0.0,0.0,False,1901.6818603811698,2.7592819993968316,1440,2023-05-01,0.1854116446841386,-0.02170864865292215,2.27
97,4,300,1379.836110615264,10615.438446220052,10084.666523909043,10121.76002185442,0.996335271942302,37.09349794537552,0.13682515999353131,0.1746151767601288,0.9737525650326565,0.0,0.0,0.0,0.0,False,1645.8494340488571,2.2439177763195786,1440,2023-02-04,0.18448458646071791,-0.10803229624588595,2.282
98,4,300,1606.3493125095374,10577.404734999845,10048.534498249839,10109.569945455576,0.9939626069620129,61.03544720573544,0.15985906330811886,0.2313431472478266,0.9519824172827782,0.0,0.0,0.0,0.0,False,2404.7726941108704,3.025597777548211,1440,2023-01-24,0.1835621635284143,-0.022745895620489315,2.275
99,5,300,1750.9362153025977,10858.678424060794,10315.744502857788,10368.85992410317,0.9948774097023038,53.115421245382024,0.16973435265070136,0.22804509836726586,0.9557938470808611,0.0,0.0,0.0,0.0,False,2005.8645626456164,2.7112742997298245,1440,2023-01-23,0.18264435271077226,-0.08088546755549847,2.325
100,5,176,419.439695454627,5771.494598466303,5482.919868542983,5519.59581062172,0.993355321053009,36.67594207873769,0.07649932982990827,0.19552312118858317,0.9510000427467422,0.0,3.8194444444444446,85.56867019874639,0.0,False,1007.2170881854233,3.851228290275122,1586,2023-05-26,0.18173113094721838,-0.12154367248463549,2.309
101,5,290,406.4242566675093,9966.55218012251,9468.224571116418,9513.15439102969,0.9952770849639907,44.92981991327082,0.042925075721940445,0.20917901381092008,0.955547211788291,0.0,0.0,0.0,0.0,False,2305.0819083673914,2.9585288750116687,1440,2023-12-16,0.18082247529248227,-0.08229804269427234,2.262
102,5,246,784.0399268955582,8857.23969377464,8414.377709085953,8441.740360311727,0.9967586480917586,27.362651225773206,0.093178599060147,0.1761608759489312,0.9536806179841693,0.0,0.0,0.0,0.0,False,1272.5269794389906,3.5121967883414813,1440,2023-06-24,0.1799183629160199,-0.08140345332166901,2.274
103,5,185,584.1618795658665,6610.712655644301,6280.1770228621,6301.5893354357995,0.9966020774388944,21.41231257369943,0.09301678558411768,0.1766797774878685,0.9782370650173546,0.0,0.0,0.0,0.0,False,1445.6516379570376,2.0536079751515204,1440,2023-11-10,0.1790187711014398,-0.006855922324657399,2.319
104,5,144,525.7790298365773,5271.003599032766,5007.453419081133,5035.424456149153,0.9944451481078496,27.971037068020927,0.1049992852321046,0.19317395835700166,0.9971688219188246,0.0,0.0,0.0,0.0,False,1085.4508479200226,1.483179096068562,1440,2023-11-28,0.1781236772459326,0.05280653021289641,2.297
105,5,262,150.63586631956002,8998.3624423111,8548.444320195556,8600.867524880687,0.9939048933687817,52.42320468513002,0.017621436214269457,0.19649623329412977,0.9677487897808252,0.0,0.0,0.0,0.0,False,1762.5276898619468,2.4317874016487258,1440,2023-11-18,0.17723305885970292,0.06459059641299644,2.287
106,5,192,154.27560605852082,7148.104134660088,6790.69892792707,6828.4405375610295,0.9944728800922619,37.74160963395849,0.022718663821783513,0.2045902253021655,0.9859896833859093,0.0,0.0,0.0,0.0,False,1276.8520716603648,1.8218369430720414,1440,2023-12-20,0.1763468935654044,0.06688403284668815,2.24
107,5,227,643.1922979660674,8311.350505495097,7895.7829802204005,7919.2346654267785,0.9970386424702425,23.45168520637886,0.0814602300465094,0.16607355318302497,0.9510004476279631,0.0,2.1527777777777777,50.31183830646554,0.0,False,1773.9640225750186,3.4938783626859853,1482,2023-10-07,0.17546515909757737,0.05068248831085462,2.395
108,5,232,614.4149338714903,7756.857951187931,7369.0150536285355,7404.566237441382,0.9951987486271537,35.55118381284668,0.08337816240027217,0.16502183300243164,0.9510125412366847,0.0,0.9027777777777778,15.899578272008956,0.0,False,1446.690306507905,3.556362557631965,1476,2023-05-13,0.1745878333020895,0.12415425368514572,2.44
109,5,173,539.3511882596514,6027.88465914892,5726.490426191473,5764.761581653747,0.9933611902382794,38.27115546227557,0.09418529467766153,0.20975494843206358,0.9695164845530072,0.0,0.0,0.0,0.0,False,1311.0093779091635,2.816997088938758,1440,2023-09-17,0.17371489413557906,0.18699435873176234,2.395
110,5,186,564.3475858758105,6994.663605431741,6644.930425160158,6668.6515209573345,0.9964428946807868,23.721095797176595,0.08492904361180102,0.16152133388745213,0.9541787972153477,0.0,0.0,0.0,0.0,False,1542.7528349907043,3.469104546383601,1440,2023-08-03,0.17284631966490113,0.1383658414022622,2.352
111,5,287,986.0183915885857,10405.729467862839,9885.442994469677,9954.999924707983,0.9930128648152303,69.55693023830464,0.09974448207735404,0.2014270963663686,0.9626294359288989,0.0,0.0,0.0,0.0,False,1961.9508860093401,2.875787879044675,1440,2023-05-07,0.17198208806657664,0.20750091284243466,2.351
112,5,260,743.5246929751456,9112.105337253919,8656.500070391201,8684.94276557679,0.9967250566925642,28.44269518558984,0.0858920680331658,0.17317275435487328,0.9602498613431785,0.0,0.0,0.0,0.0,False,1767.4856651356372,2.414852715060574,1440,2023-12-08,0.17112217762624377,0.17494493772263797,2.279
113,5,277,34.76097209687877,9713.947401491278,9228.250031416734,9279.30360576748,0.9944981243722844,51.05357435074611,0.003766799986838048,0.199637301793341,0.9510564176343042,0.0,0.0,0.0,0.0,False,2392.7107100493768,2.9067802324681975,1440,2023-10-28,0.17026656673811255,0.21240107233434663,2.316
114,5,144,291.2790333974841,5131.970278321831,4875.371764405714,4893.0789117650365,0.9963811850005634,17.70714735932175,0.0597449891973499,0.1983967208368793,0.987296476718795,0.0,0.0,0.0,0.0,False,1273.4692257567335,1.6624866967045433,1440,2023-12-18,0.16941523390442195,0.18416211056941756,2.392
115,5,185,549.3225252452381,6482.05668515628,6157.953850898459,6170.775250523555,0.9979222384377054,12.821399625096097,0.08920536570196784,0.1758906392220152,0.9793486642637192,0.0,0.0,0.0,0.0,False,1664.8465322051438,2.081025364017093,1440,2023-01-31,0.16856815773489983,0.1643803832198461,2.375
116,5,133,112.93123055543622,4250.95530535191,4038.4075400843076,4069.220686652772,0.9924277524024359,30.81314656846502,0.02796429766795617,0.20010098933221146,1.0012669454596563,0.0,0.0,0.0,0.0,False,734.4672856481661,1.1209264636828808,1440,2023-11-03,0.16772531694622533,0.19927384893178918,2.44
117,5,296,641.4486213235363,10494.815242701117,9970.074480566087,10013.51271400792,0.9956620384192385,43.43823344183285,0.06433739512918019,0.17868833055086375,0.9510005206172712,0.0,5.208333333333333,357.2716494660612,0.0,False,2245.929259020063,3.797914892096437,1525,2023-05-29,0.16688669036149426,0.1739208017923013,2.482
118,5,240,840.2422615520187,8472.231926844683,8048.620330502474,8100.115467051414,0.9936426663597073,51.495136548941275,0.1043958128286519,0.20844357344096212,0.9691207608568693,0.0,0.0,0.0,0.0,False,1609.744047359497,2.7325670187571562,1440,2023-09-13,0.16605225690968675,0.20181179687213274,2.485
119,5,160,386.62523884431073,5988.588803452052,5689.159363279427,5704.816765184366,0.9972554066941303,15.657401904938459,0.06795823673700829,0.1761142262941676,0.9855183049874544,0.0,0.0,0.0,0.0,False,1158.1126732982589,1.640284959662569,1440,2023-01-08,0.1652219956251383,0.15824087990573338,2.416
120,5,267,836.1766198559264,9904.760796022078,9409.522756220947,9467.259412123796,0.9939014393300651,57.73665590284752,0.0888649341225199,0.18438281440636123,0.9511146379040966,0.0,0.0,0.0,0.0,False,2222.6819531791707,3.070133497013185,1440,2023-09-30,0.16439588564701263,0.1957029987408535,2.384
121,5,265,943.89194614147,9573.747093971317,9095.059739272776,9130.267328113012,0.9961438600234817,35.20758884023594,0.10378073077032278,0.17140032878150308,0.9510015658849469,0.0,5.555555555555555,553.8642179628772,37.31987433770696,True,1740.1227081828051,4.160246767575715,1747,2023-08-19,0.16357390621877757,0.2082626592418055,2.411
122,5,178,632.8853967200854,6685.085524251422,6350.831248038872,6380.345062046192,0.9953742605266157,29.51381400731846,0.0996539463893832,0.181600531706815,0.9781290625721473,0.0,0.0,0.0,0.0,False,1650.8015720695369,2.3266062352042423,1440,2023-11-08,0.16275603668768368,0.24830183957817992,2.375
123,5,243,911.8874064961047,8719.695057802597,8283.710304912482,8327.37589120732,0.9947563810178253,43.66558629483851,0.1100820010515492,0.20267132846017158,0.9624970208581782,0.0,0.0,0.0,0.0,False,1805.3677775283415,2.2741678280556092,1440,2023-04-15,0.16194225650424526,0.25881271082625246,2.372
124,5,138,462.39234609849404,5297.503767163584,5032.628578805372,5049.357716350494,0.9966868781170026,16.729137545123283,0.09187889367513291,0.16628462241607378,0.9939711417526652,0.0,0.0,0.0,0.0,False,1012.4790957765065,1.7162053257692556,1440,2023-04-23,0.16113254522172402,0.22073208854431742,2.374
125,5,205,627.5153214304805,7234.824223744199,6873.083012557013,6897.732858754764,0.9964263843348957,24.649846197750527,0.09130041355298926,0.18298212143975331,0.9735183053500621,0.0,0.0,0.0,0.0,False,1529.8672514374523,1.947331057320214,1440,2023-01-31,0.1603268824956154,0.27200411289498083,2.373
126,5,220,751.2841471831694,8103.874156508931,7698.680448683474,7711.472916715722,0.998341112240112,12.79246803224576,0.09758609312218484,0.16470950227689993,0.9687234785580001,0.0,0.0,0.0,0.0,False,1759.8931504896836,2.6267163719339774,1440,2023-05-07,0.15952524808313734,0.277138128451429,2.337
127,5,125,455.2024710864744,4563.753870168393,4335.566176659968,4354.599695935079,0.9956291001230542,19.033519275110812,0.10499262438594656,0.19609427923310888,0.9894930268183116,0.0,0.0,0.0,0.0,False,1086.601099343496,1.5385474777968675,1440,2023-10-24,0.15872762184272163,0.32320962794101993,2.318
128,5,257,854.3116816881081,8796.041244836422,8356.239182594636,8400.75988857886,0.9947003953720007,44.52070598422458,0.1022363844572053,0.1626441610475384,0.9582636966457133,0.0,0.0,0.0,0.0,False,1135.6177752564495,3.341739752231934,1440,2023-06-23,0.15793398373350803,0.2912156042673776,2.391
129,5,281,995.2890698885233,10137.112498210974,9630.25687330038,9670.716910063846,0.9958162319154064,40.46003676346639,0.10335020996666605,0.18628547262985723,0.954023292504976,0.0,0.0,0.0,0.0,False,2043.5870599208633,3.0108998033464434,1440,2023-05-03,0.15714431381484048,0.3410784372843418,2.464
130,5,247,1057.3007730918566,9049.328439382505,8596.862017413336,8640.562289114307,0.9949424273283666,43.70027170097173,0.1229868260011904,0.19133045904150828,0.9726196941100061,0.0,0.0,0.0,0.0,False,1652.1104759266263,2.154560601804812,1440,2023-04-07,0.1563585922457663,0.32964354458531886,2.402
131,5,223,778.778809595337,7580.674032757473,7201.64033111961,7232.076131599131,0.9957915541919508,30.4358004795217,0.10813908690081213,0.19626389268305527,0.981875017634315,0.0,0.0,0.0,0.0,False,1791.0896806237652,2.3361130574530824,1440,2023-03-28,0.15557679928453744,0.3098301373683929,2.356
132,5,297,700.455147192455,10480.865637625373,9956.82235574412,10019.373357662564,0.9937569946057947,62.55100191844509,0.07034926627854923,0.20628905504694775,0.9519119392907897,0.0,0.0,0.0,0.0,False,1492.8586744338163,3.746676973232751,1440,2023-08-07,0.1547989152881148,0.2833126629492959,2.42
133,5,190,266.8420014645914,6933.637785266687,6586.955896003359,6596.704146331004,0.9985222544301813,9.748250327646032,0.040510670737373244,0.16748945840645016,0.9510008590165435,0.0,2.5,177.8003116534154,6.812385365738221,True,1230.4276077208654,3.845068298592001,1578,2023-07-30,0.1540249207116742,0.23972887346110744,2.444
134,5,195,720.2825705990259,7046.612352331714,6694.281734715132,6719.147539915491,0.9962992619149019,24.865805200359482,0.10759669209376004,0.18667633563817249,0.9767031688937465,0.0,0.0,0.0,0.0,False,1551.18218782481,2.0880537689214296,1440,2023-03-28,0.15325479610811582,0.2918464815593289,2.497
135,5,184,611.4020581433945,6253.977347154382,5941.278479796642,5960.865300261024,0.9967140977898756,19.586820464381596,0.10290749040336541,0.17157747910658921,0.9882308756831439,0.0,0.0,0.0,0.0,False,1196.0809554920497,1.7049465070672474,1440,2023-02-24,0.15248852212757524,0.2919956213462083,2.484
136,5,202,83.44377092997757,7430.558235230246,7059.030323468727,7087.063323667512,0.9960444828953104,28.033000198784055,0.011820854580062812,0.1660375734300783,0.990133127359648,0.0,0.0,0.0,0.0,False,1315.8806206915276,1.8552678150285797,1440,2023-12-30,0.15172607951693737,0.3267535435898656,2.472
137,5,238,814.1886069325096,9041.583582988364,8589.504403838926,8656.744647872456,0.9922326178293759,67.24024403353096,0.09478877577251402,0.21078975043440532,0.9543814497775287,0.0,0.0,0.0,0.0,False,1811.8629161722438,3.4378812360159348,1440,2023-05-17,0.15096744911935267,0.3684457952016115,2.448
138,5,209,848.8781233247962,7591.234686338336,7211.672952021387,7254.6360341956015,0.9940778445711538,42.963082174214165,0.11770890457350273,0.23686801659074871,0.9787699949215892,0.0,0.0,0.0,0.0,False,1394.8415377801464,2.305403926335986,1440,2023-02-10,0.15021261187375592,0.3028053195597685,2.432
139,5,182,398.1132232288626,6146.200651545251,5838.890618967986,5893.960901805733,0.9906564899640112,55.07028283774876,0.06818302468889689,0.22495080142409749,0.9576328191921037,0.0,0.0,0.0,0.0,False,775.524416282168,3.3845641651826734,1440,2023-06-03,0.14946154881438714,0.19107735267280124,2.443
140,5,229,763.5968831486804,7960.389020163493,7562.369569155302,7593.6215519829975,0.9958844429349347,31.251982827695727,0.10097323017155485,0.1983010305954254,0.9607769564091435,0.0,0.0,0.0,0.0,False,1672.573707528125,2.792437355386612,1440,2023-05-11,0.1487142410703152,0.12666531245865525,2.508
141,5,211,209.78042461895475,7456.235331587257,7083.423565007899,7114.861816942852,0.9955813264201298,31.438251934952298,0.02961568268418533,0.1788391136972125,0.9869194029972154,0.0,0.0,0.0,0.0,False,1262.881378069341,1.8912614415630469,1440,2023-01-14,0.14797066986496363,0.13385012458064577,2.602
142,5,130,416.7843314583194,4978.25607653019,4729.343272703682,4744.325852044891,0.9968420003582277,14.982579341207948,0.08812731650583934,0.1918057939991655,0.9633574110640486,0.0,0.0,0.0,0.0,False,994.870270916728,3.1124835450083213,1440,2023-08-03,0.1472308165156388,0.18347223576944593,2.53
143,5,187,755.7076433717372,6806.402429581521,6466.082308102426,6491.805931860603,0.9960375242223539,25.723623758175677,0.1168725678645918,0.1874524798577886,0.9842592277479435,0.0,0.0,0.0,0.0,False,1348.8102903942931,1.853339122101011,1440,2023-11-30,0.1464946624330606,0.19505293835623116,2.52
144,5,183,708.4662741816888,6760.460888500226,6422.437844075231,6434.2681744036745,0.9981613557272129,11.83033032844407,0.11031111415663707,0.17547765328651213,0.9858171168088327,0.0,0.0,0.0,0.0,False,1485.3070379680153,1.9637808052092822,1440,2023-03-09,0.1457621891208953,0.21452216754379916,2.414
145,5,129,453.59510060939203,4550.613618507158,4323.082937581788,4342.473723693149,0.9955346221197467,19.390786111360942,0.10492398761683726,0.15891672068434692,0.953986447962186,0.0,0.0,0.0,0.0,False,897.5015916360899,3.5402201590919846,1440,2023-08-25,0.14503337817529083,0.2576682866863361,2.422
146,5,126,367.88985308313653,4574.872616390189,4346.128985570686,4363.153182366987,0.9960981895237827,17.02419679630005,0.08464770702953014,0.2009630687651216,0.952792232642688,0.0,0.0,0.0,0.0,False,783.3477681486346,3.6415595506711025,1440,2023-06-06,0.14430821128441437,0.33067339769091186,2.452
147,5,165,546.475849119704,5972.582935885392,5673.9537890911,5689.117508533092,0.9973346095560078,15.163719441993697,0.09631305954066344,0.18314119774600426,0.9510267559852567,0.0,0.1388888888888889,0.5874080702954182,0.0,False,1215.2937211206086,3.6344520076475826,1444,2023-08-27,0.1435866702279923,0.29652736727861206,2.442
148,5,164,695.9426574383414,5995.578833310887,5695.799891645338,5704.385181982774,0.9984949665803508,8.585290337436962,0.12218523660902443,0.14629627058102848,0.98953357737768,0.0,0.0,0.0,0.0,False,1229.9787607020562,1.6788235535373588,1440,2023-03-19,0.14286873687685234,0.30926159930353014,2.407
149,5,272,859.8120930797394,9708.6272122544,9223.195851641698,9259.779437060864,0.9960491947278197,36.58358541916695,0.09322279467010296,0.17574011228565417,0.9630817956627554,0.0,0.0,0.0,0.0,False,2006.968900479399,2.5157251375574923,1440,2023-11-11,0.14215439319246806,0.4031930111573599,2.507
150,5,281,474.3979899732299,10076.777680898515,9572.938796853603,9638.096825247369,0.993239533740408,65.1580283937637,0.04955614989716149,0.21948308109101192,0.9698176511939793,0.0,0.0,0.0,0.0,False,1677.9106217713793,2.1105235126446855,1440,2023-10-20,0.14144362122650572,0.41477468327596445,2.577
151,5,268,1029.6352072101674,9780.330323070679,9291.313806917173,9335.429562745532,0.9952743732324424,44.115755828358225,0.11081696610479644,0.1795445365728408,0.9561272064804953,0.0,0.0,0.0,0.0,False,1749.2093289464533,3.332602116505872,1440,2023-06-14,0.1407364031203732,0.32683133554451055,2.533
152,5,205,954.656993468494,7552.061130495954,7174.458073971155,7183.747119053633,0.9987069359585556,9.289045082478083,0.13306328974615905,0.17775771533277895,0.979455600817754,0.0,0.0,0.0,0.0,False,1555.5037300317244,2.0723735427657406,1440,2023-02-26,0.14003272110477133,0.34536422847068177,2.453
153,5,240,817.3216862107239,8451.81138097175,8029.220811923158,8068.066587589745,0.9951852435469064,38.845775666586334,0.10179340005159966,0.19330356496123227,0.9779484080848808,0.0,0.0,0.0,0.0,False,1567.6840903550553,2.1619256931838104,1440,2023-09-22,0.13933255749924747,0.3652336637731159,2.689
154,5,241,512.3810048378206,8361.986406214604,7943.8870859039325,7967.158498993456,0.997079082449224,23.271413089523403,0.06450003622873964,0.19690314479269058,0.9708689450549975,0.0,0.0,0.0,0.0,False,1766.304250282651,2.2334796443273017,1440,2023-11-09,0.13863589471175125,0.34726316458440426,2.656
155,5,205,795.3034054367973,7593.05583975608,7213.4030477683045,7241.305881562937,0.9961467124506264,27.902833794632713,0.11025356550440499,0.20379565881481387,0.9527443252304241,0.0,0.0,0.0,0.0,False,1531.5672832054013,3.453067298139236,1440,2023-08-20,0.1379427152381925,0.32512253236459215,2.564
156,5,195,915.4265339232466,7284.735019976828,6920.498268977989,6941.349583991469,0.99699607190775,20.85131501347997,0.13227754683889772,0.20771693707076566,0.9850355473651019,0.0,0.0,0.0,0.0,False,1498.7838817007125,2.0539757043914224,1440,2023-04-05,0.13725300166200152,0.2920567127993305,2.528
157,5,295,1067.5490461817433,10819.171710418932,10278.21312489799,10319.924020786111,0.9959582167655393,41.710895888123,0.10386523739186802,0.1882200664665043,0.965729982986966,0.0,0.0,0.0,0.0,False,1618.7967606250106,2.9221807914159506,1440,2023-09-16,0.1365667366536915,0.256591398130489,2.671
158,5,202,627.5681198662394,7316.394838473721,6950.575096550055,6973.8139800741765,0.9966676938056391,23.238883524120887,0.09029009990522012,0.1724564681029817,0.9730835527740211,0.0,0.0,0.0,0.0,False,1506.8301286999817,2.144280085425112,1440,2023-12-07,0.13588390297042305,0.27170125840146553,2.588
159,5,272,905.7096118231545,9344.646815493992,8877.414474719291,8885.799011539279,0.9990564116058557,8.384536819986106,0.10202403125396413,0.13196154291173076,0.9510000737787386,0.0,2.0833333333333335,63.705890676194315,0.0,False,2242.1628373988665,3.189991546709094,1522,2023-03-27,0.13520448345557096,0.31984623961284747,2.565
160,5,191,683.771667845348,6855.800221474891,6513.01021040117,6540.4139811802415,0.9958100862028115,27.403770779071117,0.10498550528193183,0.19261731856274494,0.9932152556413288,0.0,0.0,0.0,0.0,False,1089.9107448158306,1.5015372724632317,1440,2023-12-02,0.13452846103829308,0.4508529828571185,2.573
161,5,164,659.6652329179125,5671.985284587505,5388.386020358112,5413.340795247531,0.9953901341457521,24.954774889418612,0.12242352912831424,0.1851147941103958,0.9959879048628459,0.0,0.0,0.0,0.0,False,999.3144658918677,1.4655479021586801,1440,2023-02-25,0.13385581873310162,0.4225848050921669,2.489
162,5,275,1089.8671286115366,10105.030921321242,9599.779375255119,9626.102719841294,0.9972654203521102,26.32334458617279,0.11353043502445835,0.1961510832080785,0.9689189408510787,0.0,0.0,0.0,0.0,False,1612.0076373304385,2.561078141577444,1440,2023-04-02,0.1331865396394361,0.4172200769698539,2.526
163,5,222,759.8698728857722,7688.925954608624,7304.479656878168,7348.624034453701,0.9939928376566056,44.14437757553384,0.10402792650264289,0.19004298700566938,0.9846223510610232,0.0,0.0,0.0,0.0,False,1342.8094028490727,1.9082624646825255,1440,2023-03-11,0.13252060694123893,0.38884090429669765,2.615
164,5,225,799.2018457393626,7940.721154966278,7543.685097217989,7591.337368607046,0.9937228094240527,47.65227138905853,0.10594316112613153,0.20313939398914407,0.9526179878029106,0.0,0.0,0.0,0.0,False,1243.8060961792112,3.6192191500091675,1440,2023-09-01,0.13185800390653274,0.38007322845318925,2.834
165,5,293,821.4274983982438,10849.81779869867,10307.326908763738,10338.35436724934,0.9969988010293115,31.0274584855998,0.07969355252522653,0.17793170795135818,0.955862801395207,0.0,0.0,0.0,0.0,False,1817.2402804545043,2.624350206160748,1440,2023-01-13,0.13119871388700008,0.344090022715281,2.763
166,5,136,477.72273366700296,4513.764021694239,4288.075820609506,4304.325012192494,0.9962249152801055,16.24919158298803,0.11140724969716127,0.1868909507362569,0.9974452188511105,0.0,0.0,0.0,0.0,False,1003.1374223542725,1.4726064563706462,1440,2023-03-09,0.13054272031756506,0.3718637820105155,2.837
167,5,262,906.7973731712959,9413.416305246597,8942.745489984238,8972.625972506688,0.9966698174409578,29.880482522451516,0.10140033328544322,0.1703228312261778,0.9714645833819601,0.0,0.0,0.0,0.0,False,1590.7429221077932,2.3595263735306866,1440,2023-09-09,0.12989000671597725,0.375027907783113,2.775
168,5,159,144.92141661638232,5497.7613618472,5222.87329375483,5241.487449540829,0.9964486882845385,18.614155785998356,0.027747450199427554,0.1902224527086737,0.9745092169914141,0.0,0.0,0.0,0.0,False,1132.2223433768493,2.5560995126440593,1440,2023-10-06,0.12924055668239737,0.41549292976205615,2.732
169,5,186,783.8440981971316,6677.93385812168,6344.037165215601,6372.63553124293,0.995512317331327,28.598366027327796,0.12355603817943472,0.18454144304828698,0.9918183140714245,0.0,0.0,0.0,0.0,False,1150.213568027459,1.636213188541544,1440,2023-03-20,0.12859435389898535,0.404574657448286,2.563
170,5,271,803.4146602111543,9537.447317604356,9060.574951724124,9072.23525337945,0.9987147267096076,11.660301655324453,0.08867148768062161,0.18462978924604248,0.9510003501674448,0.0,7.152777777777778,237.49609280486766,0.0,False,2048.330026944827,3.8055786983092643,1651,2023-07-27,0.12795138212949045,0.40911118869770635,2.644
171,5,205,82.82062169060605,7344.765780862601,6977.527491819497,6990.434712885278,0.9981535882107605,12.907221065781002,0.01186962312763447,0.15789799233361082,0.9868824730324879,0.0,0.0,0.0,0.0,False,1491.197171112004,1.9370416933189214,1440,2023-03-13,0.12731162521884298,0.41331456259987837,2.635
172,5,152,845.3733358081465,5749.333476742359,5461.866802905281,5481.2773413279665,0.9964587563784935,19.410538422686223,0.15477736208405427,0.17945200473069553,0.9944336148096137,0.0,0.0,0.0,0.0,False,1011.8650781276604,1.5840339626528972,1440,2023-02-05,0.12667506709274878,0.4775923153122851,2.474
173,5,213,721.6188134601696,7765.849092489842,7377.5566378653375,7397.930077615261,0.9972460621368172,20.373439749922976,0.09781271074985155,0.1941125148924272,0.9715186861121113,0.0,0.0,0.0,0.0,False,1681.599064119475,2.4496911917498734,1440,2023-05-09,0.12604169175728502,0.48262308997208936,2.544
174,5,257,1035.9005866744246,8702.597559904967,8267.46768190975,8289.396274059876,0.9973546213228159,21.92859215012759,0.1252984137985933,0.17405551415025097,0.9585088810929611,0.0,0.0,0.0,0.0,False,1682.048272572563,3.075264427332389,1440,2023-06-15,0.1254114832984986,0.45468896159950173,2.553
175,5,283,1338.6384895691174,9863.762561571508,9370.574433492953,9394.362903181493,0.9974677931932475,23.788469688539067,0.14285554200225584,0.17117724282835825,0.9602860038836937,0.0,0.0,0.0,0.0,False,1960.9317956064097,2.8508055147599514,1440,2023-02-12,0.12478442588200611,0.47776428482670674,2.689
176,5,136,415.31520121307705,5085.538670941045,4831.2617373940275,4859.6436387601425,0.9941596743555962,28.381901366114445,0.08596412775539194,0.19979820284206193,0.9931225719394774,0.0,0.0,0.0,0.0,False,842.5612099927171,1.5014052789730616,1440,2023-12-08,0.12416050375259607,0.5039978781752169,2.635
177,5,249,938.3774870885151,8856.612205270429,8413.781595006913,8438.576429780336,0.9970617277712955,24.794834773426366,0.11152862437567755,0.17616758647357647,0.9707494142338277,0.0,0.0,0.0,0.0,False,1779.108112924344,2.35236951509972,1440,2023-01-09,0.12353970123383311,0.46202873068177386,2.606
178,5,262,870.8128338989596,9193.524162325197,8733.847954208886,8784.512169122365,0.9942325522535487,50.66421491347938,0.0997055179417579,0.21011589676107317,0.9635365445324348,0.0,0.0,0.0,0.0,False,1593.2319285385138,2.4227185750246303,1440,2023-09-29,0.12292200272766393,0.48163238937400854,2.583
179,5,192,816.4372006613123,7030.942131451579,6679.3950248790015,6703.490464911418,0.9964055382552506,24.095440032416775,0.12223220780030183,0.18710671121990777,0.9835431180862451,0.0,0.0,0.0,0.0,False,1260.6112946173375,1.7559398959595118,1440,2023-03-20,0.1223073927140256,0.4221232388572499,2.539
180,5,161,845.9041536362148,5718.673035158558,5432.739383400647,5450.1730631174705,0.996801261259977,17.43367971682467,0.15570490206484328,0.1745810751465356,0.9897944932682133,0.0,0.0,0.0,0.0,False,1157.9165127066833,1.7688033988464866,1440,2023-02-06,0.12169585575045548,0.4257807910734115,2.685
181,5,203,695.6249854712507,7308.259531450597,6942.846554878115,6967.981336887733,0.9963928172602075,25.134782009619165,0.10019305193811283,0.17867329149216649,0.9665815160383069,0.0,0.0,0.0,0.0,False,1320.7679613262317,2.9674206151170868,1440,2023-09-06,0.1210873764717032,0.45753417845043276,2.608
182,5,151,621.933482183957,5305.361780375431,5040.093691356669,5053.870122755814,0.9972740828188057,13.776431399145357,0.12339720653418008,0.17930282665204844,0.9835995333795475,0.0,0.0,0.0,0.0,False,1214.4501434442004,1.8871612135888214,1440,2023-04-06,0.12048193958934468,0.4750003478170535,2.632
183,5,136,377.504345630069,4881.108068216277,4637.052664805467,4644.380107375445,0.9984222991226879,7.327442569977826,0.0814104071957755,0.18307890532162271,0.9510075969414633,0.0,0.1388888888888889,0.21446834211772836,0.0,False,1131.0499015450478,3.31337233769297,1444,2023-10-07,0.11987952989139797,0.4886231646260074,2.505
184,5,165,607.7498857094611,5679.571652392735,5395.593069773093,5418.209701796646,0.9958258108732754,22.61663202355168,0.1126381989616981,0.16431698864846978,0.9940819218144411,0.0,0.0,0.0,0.0,False,1046.8236434901137,1.4139143284235323,1440,2023-12-01,0.11928013224194098,0.492060099734026,2.456
185,5,209,656.6931553609166,7326.446146682678,6960.123839348544,6985.644910851099,0.9963466405996514,25.5210715025549,0.09435078606624075,0.19695389706832786,0.9808987309560235,0.0,0.0,0.0,0.0,False,1400.1928441080545,2.000821512854324,1440,2023-11-10,0.11868373158073126,0.5378700150689538,2.48
186,5,236,888.466128948455,8403.06927349942,7982.915809824462,7990.943488934034,0.998995402843145,8.027679109571714,0.11129594124681012,0.18076034324996362,0.9510003500225894,0.0,3.125,67.40319353461042,0.0,False,1887.1859020832997,3.7161581129146337,1534,2023-09-26,0.11809031292282761,0.5028690539597919,2.48
187,5,161,527.0868585904259,5596.451044983605,5316.628492734424,5332.39398390088,0.997043449674939,15.765491166455371,0.09913930591741177,0.17998070187499043,0.964796793218188,0.0,0.0,0.0,0.0,False,954.1330371437859,2.9991100298436715,1440,2023-07-08,0.11749986135821347,0.5114560863103654,2.674
188,5,170,405.90779850705695,5950.98838563695,5653.438966355113,5683.52160937454,0.9947070416746884,30.082643019427753,0.07179838695043947,0.1917012533355053,0.9932943814537927,0.0,0.0,0.0,0.0,False,1076.5143185222662,1.5887676119775853,1440,2023-10-31,0.11691236205142241,0.5210418881220159,2.499
189,5,136,372.9412239376853,4647.093529960384,4414.7388534623615,4439.992439901076,0.9943122456219143,25.25358643871513,0.08447639516552548,0.1978710439304123,0.989336328741188,0.0,0.0,0.0,0.0,False,641.721164604269,1.92223884632982,1440,2023-04-29,0.11632780024116529,0.5033402536914282,2.569
190,5,208,624.7822850168851,7730.565288171894,7344.037023763301,7362.395815286667,0.9975064106869603,18.35879152336666,0.08507341166653437,0.17550949364904933,0.9522754122962659,0.0,0.0,0.0,0.0,False,1524.15610200371,3.551815705566219,1440,2023-08-03,0.11574616123995946,0.47571185464164206,2.597
191,5,136,383.4413165903949,4632.158166552982,4400.550258225318,4421.4383952530525,0.9952757145615417,20.888137027734416,0.08713485679971111,0.19524522332640024,0.9946686605855333,0.0,0.0,0.0,0.0,False,920.3572922801726,1.6333719456268607,1440,2023-04-12,0.11516743043375967,0.5040290713383592,2.468
192,5,176,83.15339124164898,5988.5746198849565,5689.145888890727,5723.446993181557,0.9940069150056436,34.301104290829585,0.014616146758342713,0.1884565165487637,0.9843187721029484,0.0,0.0,0.0,0.0,False,937.9980899887414,1.9904486794619944,1440,2023-03-24,0.11459159328159088,0.4835019782392409,2.477
193,5,159,451.8173696236716,5591.6483379878655,5312.065921088468,5330.3011149661825,0.9965789561444259,18.23519387771414,0.08505492520904033,0.183282202913662,0.9643466789358565,0.0,0.0,0.0,0.0,False,1016.0479893549473,3.01888694283565,1440,2023-05-30,0.11401863531518291,0.48259263284330844,2.502
194,5,120,446.9382139511795,4277.1581543632365,4063.3002466451035,4072.0397681322775,0.9978537730511452,8.73952148717427,0.10999389334327377,0.1598303508670945,1.0030293442363403,0.0,0.0,0.0,0.0,False,682.3879715028752,1.1576873547034203,1440,2023-01-05,0.113448542138607,0.4940845363781031,2.409
195,5,246,958.2131529948856,9065.772416810987,8612.483795970455,8645.33808860966,0.9961997677473723,32.854292639205426,0.11125863057567752,0.20065477647424268,0.9767072294768205,0.0,0.0,0.0,0.0,False,1449.6748464782759,2.2655721640821285,1440,2023-04-02,0.11288129942791396,0.5568806161650327,2.596
196,5,124,135.34340191702324,4674.973995685155,4441.225295900912,4460.644375091038,0.9956465753471483,19.41907919012576,0.030474338251189427,0.19424519193254247,0.9925677287227372,0.0,0.0,0.0,0.0,False,830.9402736238028,1.7976207976242313,1440,2023-11-05,0.11231689293077439,0.5172710048351382,2.602
197,5,152,313.73806629936576,5492.466146254391,5217.842838941661,5228.393922637931,0.9979819646621144,10.551083696270116,0.06012792565500142,0.19510374235621092,0.9885197948023398,0.0,0.0,0.0,0.0,False,1198.9313911172972,1.5932735289063564,1440,2023-12-18,0.11175530846612053,0.4999721421663359,2.485
198,5,189,539.208907473178,6638.619785947329,6306.688796649982,6314.671807219696,0.9987357996086847,7.983010569714667,0.08549794113189756,0.1746547456541304,0.9539036266252555,0.0,0.0,0.0,0.0,False,1496.7960565689118,3.2695654358975528,1440,2023-07-12,0.1111965319237899,0.48448905398141295,2.546
199,5,222,213.26922648760748,8092.321134999434,7687.705078249463,7693.494187214379,0.999247531898505,5.789108964915233,0.027741598346560162,0.1527615421781655,0.9642431264124665,0.0,0.0,0.0,0.0,False,1943.607625017315,2.519689477845854,1440,2023-10-21,0.11064054926417097,0.5183576388953453,2.757
200,5,297,1085.3323221284422,10490.129986570246,9965.623487241674,9998.522157185489,0.9967096467431267,32.898669943814745,0.1089076186269651,0.18447133311413605,0.9636198803400575,0.0,0.0,0.0,0.0,False,2055.4505497415703,2.565211869569354,1440,2023-11-16,0.11008734651785011,0.5959794773647056,2.901
201,5,229,842.0238192129775,7916.100680750968,7520.29564671342,7542.341625771221,0.9970770378548656,22.04597905780131,0.11196685060925304,0.18426054770355507,0.97312388373959,0.0,0.0,0.0,0.0,False,1629.949304712934,2.158735143094094,1440,2023-03-06,0.10953690978526086,0.5890918414253518,2.599
202,5,178,683.9032377628215,6413.753193455466,6093.065533782692,6114.883018324341,0.9964320683688848,21.817484541648046,0.11224288233418052,0.17985399285768977,0.9788180508415147,0.0,0.0,0.0,0.0,False,1219.1486863020928,2.2049411115027304,1440,2023-10-12,0.10898922523633456,0.5848324331919692,2.662
203,5,294,1075.6224396282532,9964.810607772106,9466.570077383458,9506.095405704953,0.9958421069182859,39.52532832149438,0.11362324800172538,0.20594665348026078,0.9510007451119761,0.0,1.0416666666666667,14.927074163793126,0.0,False,1889.4286110645412,3.5578516470053554,1463,2023-09-26,0.10844427911015289,0.5921266276232823,2.729
204,5,252,706.7531790041152,8950.787179441475,8503.247820469382,8524.828006554162,0.9974685488002586,21.58018608478207,0.0831156746135034,0.1774663727031766,0.9593936321443243,0.0,0.0,0.0,0.0,False,1699.4578167236382,2.381000363959672,1440,2023-02-17,0.10790205771460211,0.5402607971246635,2.665
205,5,202,473.14775832959737,7208.7277689374905,6848.291380490589,6864.728609413381,0.9976055529856998,16.437228922790297,0.06908989878519196,0.19266781299314117,0.966362714541908,0.0,0.0,0.0,0.0,False,1461.3106084749775,2.7998249731092955,1440,2023-07-31,0.10736254742602912,0.5625514318001947,2.535
206,5,193,717.5367923932971,6905.479858161196,6560.20586525309,6584.75678875222,0.9962715519666472,24.55092349912955,0.1093771761331174,0.1849982800589192,0.9642279322939479,0.0,0.0,0.0,0.0,False,1498.383575792006,3.008632672699447,1440,2023-06-29,0.10682573468889896,0.5473073802530407,2.464
207,5,260,1024.081045041727,9394.358978924201,8924.641029977993,8961.628151062218,0.9958727230743399,36.98712108422628,0.11474758946626813,0.19678571467539885,0.970182893098916,0.0,0.0,0.0,0.0,False,1667.930422009936,2.5008672130845038,1440,2023-10-25,0.10629160601545447,0.5527351974676599,2.508
208,5,127,495.7752105190565,5077.053628704142,4823.200947268939,4836.678659144045,0.9972134365698193,13.477711875105593,0.10278966519107634,0.16526544385666003,0.9510000063611347,0.0,1.1805555555555556,14.776263006709215,0.0,False,874.0558833935996,3.795875792877483,1480,2023-08-26,0.1057601479853772,0.53130580934933,2.463
209,5,126,451.8733664349784,4696.614293063753,4461.783578410574,4474.39402142401,0.9971816422619341,12.610443013435964,0.10127639731821098,0.18063020506672434,0.9710172890381459,0.0,0.0,0.0,0.0,False,850.2280665619851,2.7559715647709018,1440,2023-08-11,0.10523134724545032,0.5852436224630586,2.449
210,5,124,453.5339441410165,4523.112809256473,4296.9571687936095,4301.779333483508,0.9988790302067881,4.822164689898578,0.10554769952904795,0.17161165617919913,0.9906313950587337,0.0,0.0,0.0,0.0,False,824.4095929537773,1.7181440929935874,1440,2023-04-02,0.10470519050922306,0.5955598880385637,2.586
211,5,236,90.54719898117216,8447.034082212269,8024.682378101652,8040.932785017302,0.9979790395778547,16.250406915650046,0.011283586653630561,0.16890127609497005,0.9747712108869497,0.0,0.0,0.0,0.0,False,1617.8690117444476,2.0382603011779437,1440,2023-11-04,0.10418166455667695,0.6250731252425633,2.544
212,5,196,541.8302837664332,6868.812587711002,6525.37195832541,6537.918054150342,0.9980810258371213,12.546095824931246,0.08303439056453141,0.1769460197599462,0.9562334469331828,0.0,0.0,0.0,0.0,False,1713.0025260466025,3.4083492914343787,1440,2023-05-16,0.10366075623389356,0.6562014873863184,2.547
213,5,297,1058.638169041819,11096.549632520984,10541.722150894895,10583.216955229766,0.9960791879718232,41.49480433487027,0.1004236455759698,0.19293324517014288,0.9700068559134672,0.0,0.0,0.0,0.0,False,1841.617658998327,2.391434295207556,1440,2023-04-21,0.10314245245272409,0.6645584400503777,2.638
214,5,233,683.6322035136485,8441.567567614771,8019.489189234004,8031.484463285204,0.9985064686228262,11.995274051200663,0.08524635265191334,0.17572313659513822,0.9576453515142442,0.0,0.0,0.0,0.0,False,1572.1332394675296,3.3150516024835097,1440,2023-06-07,0.10262674019046046,0.6364254440206853,2.583
215,5,128,479.32780531403904,4764.434559500838,4526.2128315258215,4529.252202946491,0.9993289463062596,3.039371420669922,0.10590041236581751,0.16682416917121826,0.9930528723899117,0.0,0.0,0.0,0.0,False,1045.8050304544238,1.588166892510578,1440,2023-03-28,0.10211360648950817,0.6529951292321848,2.495
216,5,287,1049.112350325384,10715.87054539783,10180.07701812796,10203.030118299986,0.9977503643617734,22.953100172027213,0.10305544333870943,0.17521774311804797,0.9510005389550615,0.0,4.236111111111111,182.84157822096657,0.0,False,1817.5436447078628,3.7942217072934397,1545,2023-08-10,0.10160303845706062,0.6874873972754474,2.56
217,5,284,627.0007482283216,9713.328889276314,9227.662444812553,9245.280201210144,0.9980944053599062,17.617756397592878,0.06794795019629246,0.17697320931158872,0.9510000625038418,0.0,8.333333333333334,534.034710011768,0.0,False,2259.756970392278,3.5979474355541163,1575,2023-07-31,0.10109502326477533,0.6978544618711295,2.59
218,5,165,732.0756545932454,6097.6296285274975,5792.748147101081,5804.450952798232,0.9979838221061185,11.702805697150755,0.12637795326206352,0.17909171584199401,0.9846699328050587,0.0,0.0,0.0,0.0,False,1429.8539311450384,1.9430490697786298,1440,2023-03-01,0.10058954814845145,0.7034374274563062,2.54
219,5,148,611.337695133589,5249.359410973799,4986.891440425079,4993.319457746607,0.9987126765319299,6.428017321528076,0.12258893189009926,0.17162457373824044,0.9819783653127312,0.0,0.0,0.0,0.0,False,1258.4834562540054,1.8753354947522785,1440,2023-03-08,0.10008660040770918,0.7042884997654563,2.501
220,5,141,144.56433509167618,4970.808587574699,4722.268158195993,4729.244373241452,0.998524877444496,6.976215045459046,0.030613326107025406,0.13980617209997487,0.9899090084776683,0.0,0.0,0.0,0.0,False,756.2154489729046,1.8675717330425323,1440,2023-05-20,0.09958616740567064,0.7228158415541222,2.547
221,5,242,557.8701784632393,8538.164285591736,8111.256071312177,8118.679521839842,0.9990856332599783,7.42345052766604,0.06877728597871666,0.16621926099222326,0.9510002207997561,0.0,9.097222222222221,964.9176092836491,38.4828951209017,True,1588.0347737560755,4.369940436789314,1772,2023-07-23,0.09908823656864228,0.8106478899842404,2.646
222,5,133,471.3994925927027,4841.338079694664,4599.271175709972,4608.01632273677,0.9981021883573529,8.745147026798152,0.10249438978121017,0.1596858197673353,0.9813081131260759,0.0,0.0,0.0,0.0,False,822.9836946034906,2.156716985679203,1440,2023-09-09,0.09859279538579907,0.8244937701157773,2.687
223,5,124,398.5305306520358,4202.539660175419,3992.4126771666533,4004.1182472031965,0.9970766172940274,11.705570036543627,0.09982197805635315,0.1768735584121781,0.9752415296276918,0.0,0.0,0.0,0.0,False,1112.9423019768997,2.3231030221531372,1440,2023-05-11,0.09809983140887008,0.8519597539273935,2.511
224,5,179,684.5421225567306,6407.111150816938,6086.755593276113,6099.974481859149,0.997832960019366,13.218888583034841,0.11246420396983366,0.17041151003439145,0.9816797004986438,0.0,0.0,0.0,0.0,False,1321.5986637606754,1.7440596040447363,1440,2023-01-09,0.09760933225182573,0.8372758380374234,2.488
225,5,131,435.42994371526277,4953.497024164512,4705.822172956292,4717.218196886868,0.9975841643411584,11.396023930576415,0.09253004633656119,0.14989587446295152,0.9798302167952552,0.0,0.0,0.0,0.0,False,733.0254413028935,2.325808987378483,1440,2023-07-07,0.0971212855905666,0.8412246362548585,2.54
226,5,158,590.0852993125211,5495.859629618701,5221.066648137772,5231.371777233613,0.9980301287053067,10.305129095840854,0.11302006641171497,0.183628273729528,0.9663891605067952,0.0,0.0,0.0,0.0,False,1502.7515157001253,2.7779690146892393,1440,2023-03-10,0.09663567916261376,0.8920232793628269,2.524
227,5,144,563.314785793853,5249.479045050334,4987.005092797832,5007.472130422528,0.9959127006418369,20.467037624696403,0.11295652908142904,0.19372685300469,0.9675324700164071,0.0,0.0,0.0,0.0,False,915.0797333630674,2.844545221262261,1440,2023-07-10,0.0961525007668007,0.8592695017762567,2.482
228,5,280,943.5913851380607,10018.36915619431,9517.450698384582,9555.092213542008,0.996060580649962,37.64151515742242,0.09914329110191435,0.1826136377326229,0.9549624759278658,0.0,0.0,0.0,0.0,False,2016.6381327741635,2.7898293493415682,1440,2023-09-29,0.09567173826296668,0.8111632626514099,2.676
229,5,283,1184.511358728563,10335.499515750531,9818.724539963017,9827.813402259986,0.9990751897777304,9.088862296968994,0.12063800689259631,0.16580017097776545,0.9651292408677117,0.0,0.0,0.0,0.0,False,1779.1539016799745,2.3824722233002493,1440,2023-02-25,0.09519337957165185,0.7979966630634489,2.542
230,5,151,466.3408312073295,5252.544772208572,4989.917533598138,5007.20718215158,0.996547047500836,17.289648553441225,0.09345662088949587,0.17111662467785788,0.9528568109695554,0.0,0.0,0.0,0.0,False,634.0738324409753,3.4155149005409418,1440,2023-07-21,0.09471741267379359,0.8261630017048781,2.575
231,5,261,1192.3686841904519,9185.577654184037,8726.298771474832,8765.459605279066,0.9955323695998042,39.16083380423375,0.13664082739043434,0.19041760685993836,0.951000298505891,0.0,1.9444444444444444,8.68866540037936,0.0,False,2282.8133786916733,3.044288106004828,1496,2023-02-28,0.09424382561042462,0.8384440432439253,2.561
232,5,135,165.36503815071774,4553.6880367182675,4326.003634882345,4341.042688728691,0.9965356125417991,15.03905384634697,0.038225820435588975,0.1409216519391358,0.9523471961210288,0.0,0.0,0.0,0.0,False,915.8093263136161,3.411589427355739,1440,2023-05-28,0.0937726064823725,0.806285835331589,2.56
233,5,239,119.74187916609365,7947.046774616115,7549.6944358853525,7563.0684576509675,0.9982316672339405,13.374021765615508,0.0158604934521501,0.16520677435089695,0.9664007072923583,0.0,0.0,0.0,0.0,False,1859.9118834437654,2.4383715722848596,1440,2023-11-13,0.09330374344996065,0.8924042872305289,2.638
234,5,287,202.28202070376472,9717.96012100329,9232.062114953103,9255.209927117896,0.9974989425040518,23.14781216479181,0.02191081669350231,0.18299578243684986,0.9721923951383459,0.0,0.0,0.0,0.0,False,1798.0544106842935,2.474729810537058,1440,2023-12-29,0.09283722473271083,0.9096114407262614,2.565
235,5,237,931.4816111818936,8017.036879060168,7616.185035107139,7643.982196950712,0.9963635234714883,27.79716184357317,0.12230291240144354,0.19129976729426162,0.9692043512875834,0.0,0.0,0.0,0.0,False,1813.6527287764054,2.30822747910233,1440,2023-03-20,0.09237303860904728,0.8850915566119086,2.515
236,5,161,81.84122483086777,5606.519059237958,5326.1931062760505,5338.6567377456295,0.9976653993538378,12.463631469579735,0.015365801276418466,0.15646074848810587,0.9643110602412178,0.0,0.0,0.0,0.0,False,1252.407453083222,2.9826373486089075,1440,2023-09-18,0.09191117341600205,0.8476418942694073,2.526
237,5,173,183.2274872043152,6483.489854347167,6159.315361629793,6165.837050653786,0.9989422865102636,6.521689023992989,0.029748028221732756,0.16076601872641072,0.9659555919945705,0.0,0.0,0.0,0.0,False,1561.0588427996922,2.7729608685762113,1440,2023-10-06,0.09145161754892205,0.8965049683445436,2.461
238,5,283,1018.626464263243,10789.740602936323,10250.253572789505,10289.851973286204,0.9961517035814021,39.59840049669921,0.09937573319818213,0.2002537430451757,0.9578399541420748,0.0,0.0,0.0,0.0,False,2021.6716517618727,2.872235411726634,1440,2023-09-29,0.09099435946117741,0.9280855321440615,2.521
239,5,215,815.98815347301,7695.566983508314,7310.7886343329,7333.649860446484,0.9968826946270118,22.8612261135826,0.11161424495860396,0.18554212899088246,0.9826582867133886,0.0,0.0,0.0,0.0,False,1482.7556523680687,2.136529574319489,1440,2023-03-06,0.09053938766387153,0.8664643025301342,2.478
240,5,131,428.38027359727363,4631.228077045405,4399.666673193108,4414.71296444559,0.996591784930604,15.046291252481394,0.09736652919807941,0.18930058819608792,0.9815462751738233,0.0,0.0,0.0,0.0,False,1054.0613566398472,2.2789053984237957,1440,2023-05-09,0.09008669072555218,0.8502557633088932,2.532
241,5,207,610.0920415113809,7265.16218181539,6901.904072724639,6933.0517839463055,0.9955073592131838,31.147711221666853,0.08839474369433493,0.19251919257122405,0.9729837058879267,0.0,0.0,0.0,0.0,False,1685.1416865463384,2.4018829100138412,1440,2023-04-12,0.08963625727192442,0.829555292270644,2.578
242,5,213,612.0402894147279,7313.994511688279,6948.294786103868,6961.992678351989,0.9980324753442052,13.697892248119867,0.08808496303852395,0.1751784506593862,0.9554340878269371,0.0,0.0,0.0,0.0,False,1565.7511319449009,3.060477046204662,1440,2023-05-18,0.08918807598556479,0.806288026186184,2.559
243,5,292,560.859925198113,10393.26913856116,9873.605681633057,9893.87695860438,0.9979511290613237,20.271276971321946,0.05680396232973211,0.19054833862812345,0.9579257005393439,0.0,0.0,0.0,0.0,False,2083.6087373973787,2.6060457324975306,1440,2023-12-17,0.08874213560563697,0.82706492299169,2.645
244,5,279,996.1779485155691,9865.24697847929,9371.98462955531,9394.01854984419,0.9976544734107168,22.0339202888781,0.10629316925830645,0.16745442068151714,0.9510017331899099,0.0,4.236111111111111,446.0922596763815,0.0,False,2251.9571905153857,3.871861218252692,1603,2023-09-01,0.08829842492760878,0.8103452699734667,2.601
245,5,202,466.55141088818,7400.160787702911,7030.152748317766,7040.428375153123,0.9985404827252243,10.275626835356992,0.06636433482897229,0.1746659307360463,0.9510004766108155,0.0,4.583333333333333,493.194871173805,12.68151270254824,True,1342.1158271974173,4.205859036788122,1654,2023-07-23,0.08785693280297073,0.849403446007346,2.658
246,5,170,692.6225706951599,5910.015932699251,5614.515136064267,5631.801159643735,0.9969306402890541,17.286023579468353,0.12336284681933962,0.18212007320671458,0.9898386251033698,0.0,0.0,0.0,0.0,False,944.7632304895681,1.4206547233885967,1440,2023-02-25,0.08741764813895588,0.8660513681776829,2.525
247,5,255,591.7338875715428,9219.65047758687,8758.667953707536,8760.552270711823,0.9997849088794794,1.884317004287324,0.06755980369378684,0.15758260662341855,0.9510001657895615,0.0,13.541666666666666,1793.1630806279932,75.97258330377997,True,1817.8264469663748,4.585098358233158,1860,2023-07-23,0.08698055989826112,0.8638645888181467,2.557
248,5,283,1034.1286019544752,10275.979452225503,9762.180479614173,9801.276634353135,0.9960111160823754,39.09615473896285,0.10593213310427822,0.19998197466002124,0.9596444565061791,0.0,0.0,0.0,0.0,False,1809.805448503157,2.424996977857127,1440,2023-11-20,0.08654565709876981,0.9182184614825979,2.474
249,5,184,812.2163818939789,6840.307383629206,6498.2920144477575,6507.394100693025,0.9986012701698367,9.102086245267431,0.12498920948584107,0.1488139609935349,0.9520876748027369,0.0,0.0,0.0,0.0,False,1546.1843976096743,3.5790807785239256,1440,2023-08-23,0.08611292881327597,0.8684238512006318,2.501
250,5,145,504.7973329337782,4965.7960679069265,4717.506264511568,4738.200472087532,0.9956324753041006,20.694207575964477,0.10700512190756846,0.20886233500414814,0.9678793382435157,0.0,0.0,0.0,0.0,False,984.6080438155707,2.938660787069473,1440,2023-08-16,0.08568236416920957,0.9437170949916522,2.619
251,5,287,1065.8281901804246,10532.372348010078,10005.753730609656,10027.957337417185,0.9977858295502834,22.203606807528246,0.10652152939961307,0.18124818326440445,0.9510024626757724,0.0,7.847222222222222,453.4597851689065,0.0,False,2166.3363491626906,3.7595091094737776,1562,2023-08-16,0.08525395234836353,0.8714021504509121,2.601
252,5,159,128.61881458139064,5424.15455887819,5152.946830934288,5169.5378239347765,0.9967906235401408,16.59099300048779,0.024960244846553282,0.15286591995848453,0.9855637397406181,0.0,0.0,0.0,0.0,False,1207.8682084892228,1.786485778337704,1440,2023-01-12,0.0848276825866217,0.8752389194825358,2.437
253,5,274,847.9700326373211,9951.878920815501,9454.284974774724,9468.967969005516,0.9984493564368521,14.682994230793549,0.08969160913805926,0.18310937942600408,0.9510010064392379,0.0,6.805555555555555,299.9066160813912,0.0,False,1941.3478928067043,3.7487144954007223,1563,2023-07-19,0.08440354417368859,0.9431060179829345,2.5
254,5,291,1125.2617369041147,10747.589625398274,10210.210144128348,10255.659090898847,0.99556840312576,45.44894677049832,0.11020945906301706,0.1949209606529645,0.9565036710905783,0.0,0.0,0.0,0.0,False,1853.815745302676,3.261324503812657,1440,2023-07-10,0.08398152645282016,0.93170861698341,2.533
255,5,299,639.9878512256521,10245.131967122672,9732.875368766552,9764.334848239814,0.9967781236548915,31.45947947326045,0.06575527035714604,0.18383129617431607,0.9583055303232431,0.0,0.0,0.0,0.0,False,2121.8051739423845,2.5806853220332653,1440,2023-11-09,0.08356161882055606,0.8968591694518295,2.464
256,5,260,828.9127411926213,9430.608860267548,8959.07841725416,8996.9895244916,0.9957862452619025,37.91110723743983,0.09252209910298699,0.21317957889353623,0.9510023345548668,0.0,0.4166666666666667,3.163600757343481,0.0,False,1733.768058223379,3.017342475201277,1452,2023-06-12,0.08314381072645327,0.8941853084708757,2.568
257,5,161,472.9131000267105,5838.029714269501,5546.128228556019,5557.034345986235,0.9980374212662383,10.906117430216403,0.0852690526684482,0.1687544752885445,0.9754418789071141,0.0,0.0,0.0,0.0,False,1633.0297137467485,2.2940558102472646,1440,2023-01-15,0.082728091672821,0.8268210187591516,2.522
258,5,178,524.8925271938052,6230.822996453471,5919.281846630811,5954.459864181125,0.9940921564083542,35.178017550313925,0.08867503538331566,0.20017025472991792,0.9510326243030167,0.0,0.06944444444444445,0.10289200898701087,0.0,False,1082.5420996337148,3.5612455511496988,1442,2023-06-11,0.0823144512144569,0.8722270911563268,2.515
259,5,277,770.1963045291496,10124.155855132829,9617.948062376172,9700.108587856708,0.9915299375531331,82.16052548053551,0.08007906671299575,0.18001441558809608,0.9641207229966264,0.0,0.0,0.0,0.0,False,1717.5083111706706,2.1731824271782982,1440,2023-04-09,0.0819028789583846,0.8394287215665495,2.511
260,5,180,608.2025971164528,6379.0836704613475,6060.12948693828,6100.222237116999,0.993427657449138,40.09275017871882,0.10036132040203832,0.17200050171021886,0.9796687159469426,0.0,0.0,0.0,0.0,False,1214.8097543525034,2.206340861236965,1440,2023-09-09,0.0814933645635927,0.858532151227331,2.456
261,5,206,502.97429663322976,7524.450887719692,7148.228343333693,7185.594823519046,0.9947998069605805,37.3664801853519,0.07036349043078546,0.19847316123549963,0.9627689132984264,0.0,0.0,0.0,0.0,False,1611.703168809414,2.937417880677549,1440,2023-07-31,0.08108589774077472,0.8928454804017751,2.514
262,5,239,841.7491531389068,8358.13690060977,7940.230055579332,8001.814339502764,0.9923037099699493,61.58428392343164,0.10601067566643589,0.22696561815410896,0.9510345270275029,0.0,2.013888888888889,34.364072894822634,0.0,False,1282.5507150461399,3.7455354151567732,1498,2023-07-18,0.08068046825207086,0.8621326347239379,2.548
263,5,212,612.981106907299,7241.847084432012,6879.7547302104185,6919.404870865976,0.9942697180761162,39.650140655558346,0.08909926748050666,0.2109453646404395,0.9570893685001337,0.0,0.0,0.0,0.0,False,1548.1830128919792,3.2368505989764493,1440,2023-07-12,0.0802770659108105,0.7735306720530218,2.548
264,5,273,34.37728070285782,9607.33524696471,9126.968484616507,9215.89295470797,0.9903509653889768,88.92447009146223,0.003766560688885984,0.21217005376771614,0.9661625017576935,0.0,0.0,0.0,0.0,False,1245.9572854156233,2.5611187735701084,1440,2023-12-31,0.07987568058125645,0.7373463914143401,2.539
265,5,218,675.904381830069,7872.046734905237,7478.444398159987,7533.383958335823,0.9927071870384299,54.9395601758362,0.09038034460701079,0.2125136350518062,0.9792765645500175,0.0,0.0,0.0,0.0,False,1541.9538503360563,2.113127409526582,1440,2023-05-04,0.07947630217835017,0.7050961481350001,2.575
266,5,230,101.50069395003264,7639.444314615352,7257.472098884555,7286.872450798501,0.9959652989519908,29.40035191394617,0.01398568159368231,0.2124235244187272,0.9551321538359016,0.0,0.0,0.0,0.0,False,1402.8229890877637,3.035775413329553,1440,2023-09-19,0.0790789206674584,0.6779143929339397,2.529
267,5,136,458.0230688434343,4967.7051554938025,4719.319897719106,4732.081593768141,0.9973031538454786,12.761696049035255,0.09705277005375317,0.1852247275115206,0.9773319150443247,0.0,0.0,0.0,0.0,False,1216.6270349618383,2.3243552435982764,1440,2023-05-08,0.07868352606412113,0.6557460559449289,2.58
268,5,236,208.21347081052826,8279.203798371793,7865.243608453209,7912.425844692949,0.9940369442740009,47.182236239739204,0.02647260290663468,0.19836531785289652,0.9696194493624581,0.0,0.0,0.0,0.0,False,1635.7301056781957,2.8299088683721485,1440,2023-10-14,0.0782901084338005,0.6985875031739986,2.628
269,5,279,877.6617192261208,10407.936970304023,9887.540121788776,9960.030064426679,0.992721915278468,72.48994263790486,0.08876441545779955,0.21816184597461202,0.9510028709809758,0.0,1.25,48.63472086011018,0.0,False,1967.6291758049485,3.913656290871255,1461,2023-07-12,0.0778986578916315,0.7040330963135827,2.642
270,5,199,118.705690265122,6798.896381051141,6458.951561998563,6504.5986062559,0.9929823426439511,45.647044257335615,0.01837847661895013,0.20261597924591138,0.9882695837728731,0.0,0.0,0.0,0.0,False,1377.2556318320217,1.788660535242268,1440,2023-03-13,0.07750916460217336,0.6639291166587452,2.562
271,5,229,696.8281289029043,8089.585665027272,7685.106381775893,7739.911801409064,0.9929191157419658,54.80541963317114,0.0906725417042151,0.2307778026443055,0.9636629017663062,0.0,0.0,0.0,0.0,False,2030.2600948385743,2.583475031412477,1440,2023-01-15,0.07712161877916247,0.6659160407757211,2.651
272,5,172,523.1890198154887,6143.308639097573,5836.143207142692,5900.145254986564,0.9891524623415363,64.00204784387276,0.08964636425904908,0.2427661300606398,0.9599321202796978,0.0,0.0,0.0,0.0,False,1085.1771456599938,3.312700231616229,1440,2023-07-13,0.07673601068526667,0.6040106784606193,2.562
273,5,139,464.72715050661253,4880.995124200144,4636.945367990138,4669.658290629195,0.9929945789171118,32.7129226390569,0.10022269266201131,0.22775156716447612,0.9656220214984418,0.0,0.0,0.0,0.0,False,782.524559774112,3.0098600255304495,1440,2023-08-14,0.07635233063184034,0.5259737617895706,2.65
274,5,193,583.5585394350422,7335.16584794572,6968.407555548413,6998.264936813006,0.995733602323694,29.857381264591844,0.08374345713611411,0.22033142241881562,0.9635596557102936,0.0,0.0,0.0,0.0,False,1512.1385041437813,3.0004783754300908,1440,2023-05-21,0.07597056897868114,0.4951886884660678,2.618
275,5,253,808.0949069462268,8634.973023322842,8203.224372156696,8276.953891520565,0.9910921916045222,73.72951936386978,0.09850942389056853,0.2367768981611817,0.9731283037540388,0.0,0.0,0.0,0.0,False,1709.7013410034554,2.3945683497599988,1440,2023-05-09,0.07559071613378773,0.4858683771267779,2.568
276,5,178,560.1477266819112,6213.19208745138,5902.532483078793,5924.734833932128,0.9962526000782047,22.20235085333513,0.09489955850098687,0.18309183745062846,0.9510116898531784,0.0,0.2777777777777778,2.1871137716057807,0.0,False,1548.7181957713892,3.466364967333762,1448,2023-08-27,0.07521276255311879,0.4403932365140816,2.565
277,5,140,314.1517164247455,5335.257886270476,5068.494991956944,5119.863053965195,0.9899669070311427,51.36806200825174,0.06198126207548083,0.22958915245514697,0.9571803485323762,0.0,0.0,0.0,0.0,False,515.5678182971254,3.2425072799293018,1440,2023-06-10,0.0748366987403532,0.5229656657146101,2.569
278,5,171,550.8965020755013,6249.582346891997,5937.103229547398,5964.895777579824,0.995340648174124,27.792548032427543,0.09278876933347471,0.21501141290447365,0.9824329737044201,0.0,0.0,0.0,0.0,False,1314.3528850286086,1.9636904201538354,1440,2023-12-11,0.07446251524665143,0.485250058442335,2.498
279,5,189,566.2416116035488,6437.7400056581855,6115.853005375299,6160.491480761596,0.9927540723778782,44.63847538629682,0.09258587659086508,0.22648066129906314,0.9831408423964747,0.0,0.0,0.0,0.0,False,1171.0769212025496,1.9554311247016711,1440,2023-12-07,0.07409020267041817,0.48639802899077245,2.61
280,5,204,267.478774307274,6909.897693319393,6564.40280865344,6624.907637505417,0.9908670683181388,60.50482885197724,0.04074685574667562,0.21477449098617285,0.9549563296147708,0.0,0.0,0.0,0.0,False,1640.9427763467834,3.416594015460049,1440,2023-05-28,0.07371975165706608,0.46076002589647236,2.625
281,5,241,678.4348154351571,8383.967635437155,7964.769253665313,8033.197183115608,0.9914818561165013,68.42792945029476,0.08517946896238679,0.20561879902049932,0.9510119123785704,0.0,0.625,3.5596666732879596,0.0,False,1840.7404933652876,3.039100697088294,1458,2023-05-30,0.07335115289878076,0.4652644735600824,2.606
282,5,141,359.88189413646484,4811.7325535690115,4571.145925890562,4598.760666338081,0.9939951777335025,27.61474044751952,0.07872903205695665,0.21677902218463727,0.9967528694376186,0.0,0.0,0.0,0.0,False,868.1736679259985,1.3882105954046795,1440,2023-02-17,0.07298439713428685,0.48872961406442705,2.693
283,5,204,552.5810663416662,7122.2092177122695,6766.098756826671,6808.886568302492,0.9937158871650158,42.7878114758219,0.08166908083984707,0.20152092668863925,0.9636878938128816,0.0,0.0,0.0,0.0,False,1089.2332437558296,2.9835038881595706,1440,2023-08-05,0.07261947514861541,0.4821102843975675,2.577
284,5,258,1002.6231087073041,9619.664940621162,9138.681693590052,9196.983991994633,0.993660715463316,58.30229840458281,0.1097120068653395,0.21029274887217467,0.9615024594191984,0.0,0.0,0.0,0.0,False,1516.461759264358,2.5575165985182875,1440,2023-05-02,0.07225637777287233,0.5103065844208436,2.522
285,5,131,396.3418220371674,4624.900566898618,4393.655538553691,4435.275260266823,0.9906162032183256,41.6197217131314,0.09020775947484395,0.21860609341345943,0.9789865730615147,0.0,0.0,0.0,0.0,False,701.8266935287713,2.3468909683818815,1440,2023-07-07,0.07189509588400797,0.5130509781920778,2.514
286,5,286,1029.4790741161307,10468.792074454057,9945.352470731343,10024.69964635585,0.99208483262106,79.34717562450724,0.10351358357039978,0.22465350974800066,0.9532026309471964,0.0,0.0,0.0,0.0,False,2320.175515294075,2.805508017420159,1440,2023-02-01,0.07153562040458793,0.4960268305475656,2.78
287,5,232,700.8196974027879,8272.31941080298,7858.703440262825,7919.874558188525,0.9922762516658229,61.17111792569956,0.08917752180496454,0.20779155005486705,0.9511461772394122,0.0,0.0,0.0,0.0,False,1564.3889113398373,3.338078403109606,1440,2023-08-09,0.071177942302565,0.4678705210085652,2.571
288,5,212,842.451359027256,7994.250361022032,7594.537842970913,7641.274932343727,0.9938836006050524,46.737089372814324,0.1109285879465309,0.22005171840134866,0.9748166936047472,0.0,0.0,0.0,0.0,False,1621.600990782219,2.246695424907792,1440,2023-03-17,0.07082205259105216,0.48205220719951547,2.526
289,5,186,574.9826037316616,6185.407553000653,5876.137175350617,5917.752496740784,0.9929677151227452,41.615321390167324,0.09785043925516486,0.19333449524512383,0.9667658561553691,0.0,0.0,0.0,0.0,False,1375.921092453885,2.7229583196743663,1440,2023-07-20,0.0704679423280969,0.46542259986994877,2.529
290,5,201,34.617417065067876,7043.380704652319,6691.21166941971,6741.046624268309,0.9926072377738512,49.83495484859836,0.005173564785474802,0.2008439198359237,0.9695670901397139,0.0,0.0,0.0,0.0,False,1668.6764400058455,2.165941437644613,1440,2023-12-27,0.07011560261645643,0.5112300801877337,2.511
291,5,189,608.9978159002976,6448.563152380237,6126.134994761249,6164.33942658474,0.9938023477976037,38.20443182349186,0.09940979368248998,0.22376007710211204,0.9808354943930573,0.0,0.0,0.0,0.0,False,1378.128798274453,2.2979216065615633,1440,2023-05-08,0.06976502460337414,0.5313131343504058,2.563
292,5,245,891.5589445988682,9397.199610102742,8927.339629597624,8988.881638740495,0.9931535410503531,61.5420091428727,0.09986837978505952,0.22864561612374168,0.9703673442876459,0.0,0.0,0.0,0.0,False,1708.673564242465,2.2623042728133944,1440,2023-05-08,0.06941619948035727,0.49577602783982355,2.558
293,5,149,646.4099450288145,5243.887966254216,4981.693567941515,5018.207635299654,0.992723683432051,36.514067358139286,0.12975706679122728,0.22950463148293132,0.9973935303271974,0.0,0.0,0.0,0.0,False,903.7767169736229,1.4367583107867796,1440,2023-01-30,0.06906911848295548,0.4551658759775854,2.432
294,5,250,983.1565188136918,8956.844314675533,8509.002098941757,8555.16010235707,0.9946046593093454,46.15800341531232,0.11554310451233342,0.2109341549930892,0.9602155681386545,0.0,0.0,0.0,0.0,False,2051.4441213285936,2.67284905340302,1440,2023-01-18,0.0687237728905407,0.4193126891234312,2.499
295,5,153,52.28507484614925,5464.856921104601,5191.61407504938,5226.17730252683,0.9933865183906525,34.563227477449686,0.010071063467030135,0.20196430406580015,0.996822511322758,0.0,0.0,0.0,0.0,False,1023.3999084034817,1.5687558226342901,1440,2023-12-30,0.068380154026088,0.4309384801681059,2.462
296,5,290,1079.4928586610895,10504.692039040583,9979.457437088564,10038.568896753664,0.9941115650773472,59.11145966509954,0.1081714978460817,0.2360513514082728,0.9510001566386611,0.0,2.0833333333333335,31.561697477325023,0.0,False,1837.9947184105836,3.1756494371389907,1487,2023-09-13,0.06803825325595757,0.4598745698405917,2.61
297,5,299,461.9007388694675,10543.137220252469,10015.980359239808,10091.867699885275,0.9924803472556095,75.88734064546834,0.046116378257806886,0.21119715160663372,0.9510040582331377,0.0,1.0416666666666667,16.409076486961503,0.0,False,2199.512066891328,3.162242701895601,1474,2023-10-02,0.06769806198967777,0.4062293698547268,2.51
298,5,153,763.2671867136869,5443.3851086268,5171.2158531954665,5206.173569884628,0.9932853339943608,34.95771668916249,0.14759917365314362,0.23487540768073992,0.990227216999445,0.0,0.0,0.0,0.0,False,879.6492930963568,1.5591764921675846,1440,2023-02-12,0.06735957167972938,0.41743259184930925,2.501
299,5,229,20.854990748962273,8141.080378456427,7734.026359533575,7791.800652433161,0.9925852449932038,57.77429289958725,0.0026965243948586697,0.21616667550042198,0.9762219316290168,0.0,0.0,0.0,0.0,False,1695.9038773992143,2.2108764180841205,1440,2023-10-28,0.06702277382133073,0.3725592356979045,2.591
300,5,272,822.8993768061829,9962.36757660711,9464.249197776731,9491.482782401727,0.9971307344437805,27.233584624993917,0.08694819415780938,0.19934827605089753,0.9524871371122065,0.0,0.0,0.0,0.0,False,1972.2096607695712,3.3146580854034835,1440,2023-06-08,0.06668765995222407,0.3770114277984591,2.624
301,5,226,620.4767184571841,7849.932358912166,7457.435740966555,7504.597449343442,0.9937156244961529,47.16170837688617,0.08320242238879344,0.20591063810829166,0.9865328820988521,0.0,0.0,0.0,0.0,False,1622.8537132513775,2.0452337719021854,1440,2023-11-24,0.06635422165246296,0.4176062464653117,2.457
302,5,230,534.400878303102,7683.396840749156,7299.226998711712,7330.351705166544,0.9957539954825231,31.124706454830754,0.07321335237243914,0.20291154368394412,0.9821061520764524,0.0,0.0,0.0,0.0,False,1588.8669013170193,2.075881062217725,1440,2023-11-19,0.06602245054420065,0.43534937296711207,2.495
303,5,261,1147.8935634161844,9510.414303693831,9034.893588509112,9071.508314430665,0.9959637664815556,36.61472592155211,0.1270511436765691,0.20510243855800678,0.9591228940997302,0.0,0.0,0.0,0.0,False,1578.8643082360438,3.012168970536327,1440,2023-06-15,0.06569233829147963,0.45599630471791985,2.691
304,5,129,68.26859824012851,4644.973265007206,4412.724601756851,4417.12251953643,0.9990043477942648,4.397917779578521,0.015470849509382146,0.1812471320825523,0.996415718135148,0.0,0.0,0.0,0.0,False,983.1363765220497,1.3870400055404613,1440,2023-04-10,0.06536387660002224,0.46743875946772784,2.529
305,5,189,637.5112393408319,6730.715606437843,6394.179826115911,6436.389181897906,0.9934420752709131,42.209355781994404,0.09970180018038101,0.20255635918573114,0.9702404480705265,0.0,0.0,0.0,0.0,False,1187.6109804192206,2.4551759579600763,1440,2023-07-20,0.06503705721702213,0.5300120409094464,2.582
306,5,127,443.5217612488462,4418.8213018433125,4197.880236751111,4230.7443055569975,0.9922320834273249,32.86406880588714,0.10565374337408527,0.2196151707510372,1.00171307843449,0.0,0.0,0.0,0.0,False,860.9309601363473,1.2808298169126677,1440,2023-11-21,0.06471187193093703,0.5330625484765413,2.447
307,5,147,255.4066906272785,5270.085949684791,5006.581652200532,5054.863668079712,0.9904484039433012,48.28201587917953,0.05101418659875849,0.23791841712278758,0.9961993468849154,0.0,0.0,0.0,0.0,False,868.9884670888698,1.4706412968729805,1440,2023-01-29,0.06438831257128233,0.4969928105489921,2.447
308,5,217,907.3208756810818,7433.291852436488,7061.627259814675,7115.90747027834,0.9923719904045434,54.28021046366486,0.12848609000425965,0.232882246163278,0.9845488400613821,0.0,0.0,0.0,0.0,False,1409.6736577013055,1.915073185670849,1440,2023-03-14,0.06406637100842592,0.4259739573329624,2.63
309,5,229,1027.61424511196,8002.42768728888,7602.306302924434,7661.182398388019,0.9923150119130472,58.876095463585,0.13517138144205793,0.243018286011738,0.9678126480941758,0.0,0.0,0.0,0.0,False,1903.4214244652367,2.4789583434131917,1440,2023-02-09,0.0637460391533838,0.378594338562896,2.482
310,5,279,875.1519896548945,9857.678732120121,9364.794795514144,9457.468540187725,0.9902009988952349,92.67374467358033,0.09345127242661029,0.2555870627146807,0.9831397547970063,0.0,0.0,0.0,0.0,False,1401.4274765430862,1.790275384263271,1440,2023-11-11,0.06342730895761688,0.3162404415796438,2.488
311,5,193,632.4459411830624,6624.300893335844,6293.085848669065,6333.34869296941,0.9936427242123839,40.262844300346345,0.1004985402061247,0.22780100759655814,0.9974003492826523,0.0,0.0,0.0,0.0,False,1084.0166124234902,1.448742515629851,1440,2023-11-17,0.06311017241282879,0.23592666211083413,2.506
312,5,267,189.25214706340986,9843.495660638648,9351.320877606746,9385.599919971515,0.9963476983190145,34.279042364769666,0.020238012312956216,0.20922063132864763,0.9565604247064547,0.0,0.0,0.0,0.0,False,2050.7570827510353,2.5507711935132136,1440,2023-04-10,0.06279462155076464,0.2314149094158281,2.589
313,5,193,654.3892604751826,6932.663617616586,6586.03043673576,6618.432430948611,0.9951042796688027,32.401994212849615,0.09936019378609463,0.21037509211201796,0.9755193129619038,0.0,0.0,0.0,0.0,False,1172.4069542964896,2.50283704189608,1440,2023-05-07,0.06248064844301082,0.26822130348279416,2.463
314,5,130,105.13576039991716,4659.3011501121855,4426.336092606563,4465.769995514167,0.9911697416241287,39.43390290760226,0.023752322056051833,0.2223671829607405,0.990688668493329,0.0,0.0,0.0,0.0,False,773.5199578773296,1.467352074739932,1440,2023-12-29,0.062168245200795766,0.29460785040735116,2.475
315,5,135,498.67889142799777,5006.134637081002,4755.827905226922,4788.019400484195,0.9932766573055202,32.19149525727387,0.10485637860863756,0.2271270541108538,0.9659956761346526,0.0,0.0,0.0,0.0,False,851.1254930496216,2.9871528299952432,1440,2023-06-18,0.06185740397479179,0.28821612893177023,2.75
316,5,274,968.5417994301199,10015.864273537907,9515.071059860957,9602.690965318125,0.9908754841977501,87.61990545716853,0.10179028546784948,0.25672815601726123,0.9666426751403916,0.0,0.0,0.0,0.0,False,1949.1661302936695,2.643591727912615,1440,2023-11-15,0.06154811695491783,0.27127468251551345,2.653
317,5,196,861.3110465860744,6644.356582132664,6312.138753026037,6370.624138824014,0.9908195202662242,58.48538579797663,0.13645312314675628,0.22334097625086097,0.9861146387070616,0.0,0.0,0.0,0.0,False,1368.4078019606777,1.7606898324647693,1440,2023-01-21,0.06124037637014324,0.18976269338754875,2.56
318,5,159,783.7863048697336,5612.0501735461685,5331.44766486886,5389.240668579291,0.9892762251188039,57.79300371043232,0.1470119101110998,0.24961886318159746,0.9888294218631895,0.0,0.0,0.0,0.0,False,982.7387664318085,1.6966219845688035,1440,2023-02-12,0.060934174488292525,0.19683784875871446,2.5
319,5,129,429.1184624151006,4367.575116129291,4149.196360322844,4199.848755722261,0.9879394715511117,50.65239539941705,0.1034220666244177,0.2345905578681257,0.9544964316823779,0.0,0.0,0.0,0.0,False,905.6758013060578,3.4449207620198714,1440,2023-06-26,0.060629503615851066,0.14220567864894684,2.583
320,5,158,717.6922654219804,5291.989329185539,5027.389862726268,5076.126352721493,0.990398881625731,48.73648999522621,0.14275643724053422,0.25982550091451106,0.9952810782752627,0.0,0.0,0.0,0.0,False,966.8251420674592,1.569503368874309,1440,2023-02-22,0.06032635609777181,0.12983268635736434,2.594
321,5,283,746.6121298269236,9850.567636166707,9358.03925435833,9451.003364138403,0.990163572459108,92.96410978007424,0.0797829662318635,0.2501405223627415,0.9510026879401073,0.0,8.26388888888889,777.1445667989548,0.0,False,1998.6486375824659,4.08129509177701,1610,2023-07-23,0.060024724317282944,0.06142614277632508,2.643
322,5,146,527.275503924983,5378.45053115215,5109.528004594541,5196.817643993938,0.9832032514167052,87.28963939939709,0.10319456189512052,0.2909363654601749,0.997879974109712,0.0,0.0,0.0,0.0,False,781.1483126748876,1.2535276503617467,1440,2023-04-21,0.05972460069569653,0.025500834607249556,2.49
323,5,187,739.3743271407316,7059.61193927845,6706.631342314521,6793.185640243481,0.9872586585274213,86.55429792896055,0.11024526165256111,0.2752147336140054,0.9547130703684645,0.0,0.0,0.0,0.0,False,1351.8900951578134,3.5089533186548874,1440,2023-08-29,0.05942597769221805,-0.09753708501537306,2.578
324,5,174,585.2344622107062,6331.033227414634,6014.481566043894,6116.8248493997335,0.9832685607524168,102.34328335583965,0.09730422411048338,0.30555811955234013,0.960724090892964,0.0,0.0,0.0,0.0,False,964.2549839592214,3.2344841767085075,1440,2023-05-17,0.059128847803756955,-0.16514056733259846,2.569
325,5,249,896.2372583575473,8953.728511142537,8506.04208558542,8628.596371991438,0.9857967297202787,122.55428640601882,0.10536478062768302,0.28800328569519235,0.9766254080200106,0.0,0.0,0.0,0.0,False,1099.4051549953751,2.3548817871727383,1440,2023-05-11,0.058833203564738173,-0.2912567082283323,2.503
326,5,191,564.1384147645373,6412.493518073771,6091.868842170083,6154.7666376298275,0.9897806368359782,62.89779545974571,0.09260514784221396,0.25259923842987325,0.9934116789104769,0.0,0.0,0.0,0.0,False,1233.0979219644964,1.637276858285552,1440,2023-11-11,0.05853903754691448,-0.35792915074395376,2.618
327,5,226,636.449378700301,8042.040060308801,7639.9380572933605,7736.153921727051,0.9875628296169926,96.21586443368987,0.0833055679152691,0.2705194636744058,0.9853260025993599,0.0,0.0,0.0,0.0,False,1358.0152412589202,1.916818574382704,1440,2023-01-08,0.05824634235917991,-0.3360081626942426,2.587
328,5,131,559.3097800657616,4989.226743901248,4739.7654067061885,4786.278858713028,0.9902819176692629,46.513452006839586,0.11800368416428515,0.2627831454404959,0.9901046401866125,0.0,0.0,0.0,0.0,False,1057.0968140703967,1.6141198464887259,1440,2023-10-26,0.057955110647384005,-0.3614218409761657,2.476
329,5,199,692.0683064858557,7097.9660795295895,6743.067775553118,6806.433645127395,0.9906902979037135,63.3658695742784,0.1026340427712944,0.23280863304349997,0.9842834166622852,0.0,0.0,0.0,0.0,False,1313.7498965699178,2.0703549733267574,1440,2023-09-09,0.05766533509414709,-0.3678720407591271,2.621
330,5,217,745.922019737802,7413.491624230429,7042.817043018884,7148.487497310343,0.9852177884718665,105.67045429145949,0.10591245167687398,0.27140960600410174,0.9872239764916173,0.0,0.0,0.0,0.0,False,1219.3755108113255,1.719222635623833,1440,2023-04-19,0.05737700841867635,-0.3087287049642802,2.606
331,5,181,552.2048023134302,6552.863105132485,6225.219949875873,6302.0617993235355,0.987806871481979,76.8418494476608,0.0887044645425646,0.2621014037580897,0.9758473655585695,0.0,0.0,0.0,0.0,False,1369.3948995643632,2.2970658242232944,1440,2023-09-30,0.05709012337658297,-0.34990665714193164,2.566
332,5,238,676.243244562915,8333.815615666432,7917.124834883125,8024.101169791507,0.9866681223672605,106.97633490838321,0.0854152560009366,0.27368736451699527,0.9917523488233463,0.0,0.0,0.0,0.0,False,1263.3757604937828,1.6701962958981005,1440,2023-11-24,0.05680467275970005,-0.36547604413073087,2.609
333,5,125,481.8985867991397,4719.813785442791,4483.823096170647,4532.029427795603,0.9893631909516519,48.206331624955894,0.10747493298981826,0.2777254742300363,1.0009647763888958,0.0,0.0,0.0,0.0,False,785.8417791705231,1.1782720846263541,1440,2023-12-05,0.056520649395901554,-0.40710503561721223,2.543
334,5,133,558.6009195880611,4754.342757362913,4516.625619494749,4588.511169666963,0.9843335784715043,71.88555017221242,0.12367660431650936,0.294756158947787,1.0037271919858324,0.0,0.0,0.0,0.0,False,654.4899140336383,1.1271530009614588,1440,2023-11-30,0.05623804614892205,-0.4531783438865893,2.443
335,5,238,848.8612933342987,8681.611561029222,8247.530982977763,8362.80860214859,0.9862154421253633,115.27761917082819,0.10292308026320601,0.28503367831452897,0.9846828811927121,0.0,0.0,0.0,0.0,False,1380.0213413378156,2.0514512466067374,1440,2023-05-05,0.05595685591817744,-0.5322423048285319,2.532
336,5,230,688.617862303627,7808.919006100461,7418.473055795412,7499.46548009723,0.9892002404015642,80.99242430181943,0.09282474400384448,0.2629338135185398,0.9625380348478368,0.0,0.0,0.0,0.0,False,1413.0949221421436,3.1533605800934343,1440,2023-07-11,0.05567707163858655,-0.5783557001046448,2.577
337,5,138,385.74800261551036,4597.1279370906495,4367.271540236119,4422.641043206979,0.9874804438275846,55.36950297085957,0.08832700212514256,0.2614312968286659,0.9610300710925922,0.0,0.0,0.0,0.0,False,660.9544432467726,3.2741097915050505,1440,2023-05-16,0.05539868628039362,-0.5697734044502859,2.605
338,5,223,638.0804219711481,7059.971845011301,6706.97325276073,6757.647003008357,0.9925012729689686,50.673750247626714,0.09513686694791886,0.23285835290139412,0.9862735932149249,0.0,0.0,0.0,0.0,False,1397.0573430393206,1.9397513362225935,1440,2023-04-23,0.05512169284899165,-0.5626735960505095,2.623
339,5,162,328.61494835933433,5452.907354396414,5180.261986676583,5278.580012713916,0.9813741525560802,98.31802603733406,0.06343597084559009,0.28460984131109296,0.9688064760330928,0.0,0.0,0.0,0.0,False,635.0575282889282,2.9021874710497135,1440,2023-05-27,0.05484608438474669,-0.4957761903357602,2.578
340,5,209,656.827322442856,7283.103709873057,6918.948524379401,6937.198141537618,0.9973693100894806,18.249617158217433,0.09493166774235694,0.21570913301039152,0.9728733154030983,0.0,0.0,0.0,0.0,False,1808.0949510815888,2.395441008862172,1440,2023-11-15,0.05457185396282296,-0.5603420323308528,2.692
341,5,293,1100.1220947698803,10280.172110958309,9766.163505410403,9819.673784443501,0.9945507070593455,53.51027903309803,0.112646290855198,0.21306171157771148,0.954263619615571,0.0,0.0,0.0,0.0,False,1835.9023673528245,3.0300964554800136,1440,2023-05-14,0.05429899469300884,-0.46119860431590326,2.611
342,5,152,103.55019694407892,5040.195027559423,4788.185276181485,4841.741166837561,0.9889387125807355,53.55589065607549,0.0216261884140496,0.2235532148661271,0.9917121801757092,0.0,0.0,0.0,0.0,False,1161.6629076019592,1.5903044211143935,1440,2023-03-13,0.05402749971954379,-0.3767126203309332,2.596
343,5,188,606.2647372857083,6463.156060198034,6139.998257188143,6194.423810225226,0.9912137827981286,54.42555303708297,0.09874021325265843,0.24255390477345204,0.9835156152717075,0.0,0.0,0.0,0.0,False,1402.2632511757502,2.1672670863212558,1440,2023-05-01,0.053757362220946084,-0.33338280112077784,2.553
344,5,263,812.650314806928,9408.866766995456,8938.423428645663,9024.459384919943,0.9904663589690428,86.03595627427794,0.09091651579209865,0.21557632129501392,0.9524774207933453,0.0,0.0,0.0,0.0,False,1348.8394044173417,3.464780678119714,1440,2023-06-24,0.053488575409841345,-0.34264815878744104,2.567
345,5,185,613.643817811392,6451.497333059452,6128.922466406502,6189.679437233515,0.9901841490430774,60.75697082701315,0.10012262696662606,0.21992915101625207,0.9737430939063721,0.0,0.0,0.0,0.0,False,1234.6433749471748,2.588542421787156,1440,2023-09-04,0.05322113253279214,-0.2914885773329584,2.489
346,5,267,246.60368636407244,9867.69990680124,9374.31491146119,9445.329679687293,0.9924814939621616,71.01476822610223,0.026306315575399624,0.23137443939827426,0.9627997677010418,0.0,0.0,0.0,0.0,False,1876.4440613839793,2.873383600637646,1440,2023-12-09,0.05295502687012817,-0.26113359510690887,2.552
347,5,244,1123.986326143236,8236.017662147771,7824.2167790403655,7872.679582302615,0.993844179385734,48.46280326224961,0.14365480378230167,0.20400258937775712,0.9669886717503092,0.0,0.0,0.0,0.0,False,1850.562146782875,2.6195470502742904,1440,2023-02-12,0.05269025173577754,-0.26359796573643174,2.594
348,5,216,718.886260321912,7576.884077911927,7198.039874016324,7260.459443600139,0.9914028072095581,62.41956958381477,0.09987250319590014,0.23986199196716715,0.9741819806779226,0.0,0.0,0.0,0.0,False,1423.8300091249753,2.3277739038323673,1440,2023-05-08,0.05242680047709865,-0.20555152166380014,2.586
349,5,168,240.24304287705533,6168.930784194671,5860.4842449849475,5904.2413074135775,0.9925888763432337,43.75706242863041,0.04099371874988675,0.22846586894310136,0.9873369125577869,0.0,0.0,0.0,0.0,False,1117.6644096890104,1.7705818704460883,1440,2023-01-29,0.05216466647471316,-0.23999815170075534,2.63
350,5,262,142.77828226539785,8838.262021293393,8396.348920228684,8471.528250728818,0.991125647194334,75.17933050013467,0.017004805734241582,0.22440873985217274,0.9673918681871982,0.0,0.0,0.0,0.0,False,1505.2571415796285,2.0695812356321013,1440,2023-11-18,0.0519038431423396,-0.24390727852452979,2.538
351,5,186,634.5635800727654,6340.384277392834,6023.365063523157,6070.062779957154,0.9923068808137885,46.69771643399703,0.10535034376641278,0.23244025267366333,0.9797410900146564,0.0,0.0,0.0,0.0,False,1332.2716308620163,1.9674036809516484,1440,2023-11-26,0.0516443239266279,-0.23932933297611508,2.581
352,5,287,922.188188313304,10449.2894080545,9926.82493765176,9977.109194697132,0.9949600374152366,50.28425704537008,0.09289860495227513,0.20459866990113404,0.9553238542775517,0.0,0.0,0.0,0.0,False,2048.1622419311007,2.806357967466267,1440,2023-03-26,0.05138610230699475,-0.25495831737834573,2.642
353,5,175,820.3111753056452,6357.358732798516,6039.490796158571,6064.914843878882,0.9958080124165354,25.42404772030992,0.13582455922068887,0.18617989538155102,0.9918413183781276,0.0,0.0,0.0,0.0,False,1039.916440706007,1.5849542307217304,1440,2023-02-23,0.05112917179545978,-0.2064399562956225,2.574
354,5,137,497.5467616101712,5188.625936309235,4929.194639493749,4967.973760178576,0.9921941776352229,38.77912068482814,0.10093875328511506,0.22485587683360936,0.973625939642987,0.0,0.0,0.0,0.0,False,916.8105753064156,2.6039079466098904,1440,2023-09-04,0.05087352593648248,-0.12641295825543886,2.62
355,5,245,716.8365628538861,9211.586822176696,8751.007481067825,8802.379168081407,0.9941638861457068,51.37168701358192,0.08191474689111058,0.23278385193116827,0.9651068469443684,0.0,0.0,0.0,0.0,False,1782.5206705615738,2.9673886756068004,1440,2023-05-22,0.05061915830680006,-0.14872131285950074,2.606
356,5,189,907.6414701675576,6971.007036828486,6622.456684987039,6671.021719075225,0.992720000603608,48.565034088185165,0.13705510105111907,0.22114181143345743,0.9783545620324955,0.0,0.0,0.0,0.0,False,1368.4227417006764,1.9317966548684544,1440,2023-03-02,0.05036606251526607,-0.18564873435393825,2.569
357,5,133,673.2506377060106,4764.011259157803,4525.810696199913,4537.520597741253,0.9974193171603079,11.709901541340983,0.14875801992144833,0.18844920071045465,0.9968890405929006,0.0,0.0,0.0,0.0,False,971.5856540697694,1.3281921482096923,1440,2023-01-20,0.050114232202689735,-0.19063527302619732,2.509
358,5,268,801.1469171139366,9418.267286590108,8947.353922260618,8975.650165090814,0.9968474436603769,28.29624283019468,0.08954009465532807,0.16029029636868375,0.9510011709823759,0.0,2.2222222222222223,67.49693057682329,0.0,False,1343.5361064797753,3.7828481720743112,1544,2023-06-24,0.05,-0.12212322040892115,2.557
359,5,188,459.1111426917951,6580.689909512216,6251.655414036589,6298.495237648868,0.9925633311060875,46.83982361227937,0.0734383314955222,0.23636618746174914,0.9572002637941168,0.0,0.0,0.0,0.0,False,1077.3132619783496,3.2624580668197667,1440,2023-08-08,0.05,-0.00337850358163843,2.631
360,5,288,990.0070271388315,9957.747855222637,9459.860462461527,9542.982790409598,0.9912896910983003,83.12232794807224,0.10465344928367201,0.2392700022248055,0.9510036382219794,0.0,0.5555555555555556,2.8428441207205677,0.0,False,1770.6305144064663,3.517129580576212,1456,2023-08-31,0.05,-0.07756799989764358,2.677
361,5,300,1234.1818462613658,10452.937136202689,9930.290279392502,9987.354295664834,0.9942863730891072,57.064016272330576,0.12428456888340512,0.23480116117228048,0.9510001716094548,0.0,1.8055555555555556,17.680690618619153,0.0,False,2272.256595286287,2.9963989609639037,1493,2023-04-13,0.05,-0.14527148954041194,2.714
362,5,279,982.6367682782247,10252.774017020121,9740.135316169093,9810.79243842954,0.9927980208832389,70.65712226044744,0.1008853302732869,0.22140587425833771,0.9531501011956706,0.0,0.0,0.0,0.0,False,1858.1440969237688,3.195607538776397,1440,2023-09-15,0.05,-0.19134288899768562,2.622
363,5,236,772.9836704537943,8285.690628854949,7871.406097412229,7941.624165905974,0.9911582231761613,70.21806849374427,0.09820147263243313,0.22078507300357378,0.9601030911343972,0.0,0.0,0.0,0.0,False,1330.943647460499,3.067056302166646,1440,2023-07-08,0.05,-0.1998006710657474,2.606
364,5,163,679.8341493079754,5769.24592111627,5480.783625060435,5519.437107812656,0.9929968433379723,38.653482752222125,0.1240395891929558,0.19734781885895702,0.9533304223937238,0.0,0.0,0.0,0.0,False,859.6569765106476,3.5402293240907983,1440,2023-08-23,0.05,-0.20624038760989483,2.513
365,5,206,249.42511501892912,7314.6663362572945,6948.933019444436,6975.156387102522,0.9962404616896369,26.223367658085838,0.03589401629300358,0.19572253092834074,0.9759372409443675,0.0,0.0,0.0,0.0,False,1585.8959722436305,2.1218454900198527,1440,2023-11-23,0.05,-0.15969759267000375,2.489
366,5,271,1072.3008561214403,9621.17047817418,9140.111954265452,9190.788294741413,0.9944861812881758,50.67634047596121,0.1173181314941143,0.2027878977228977,0.9711751291645974,0.0,0.0,0.0,0.0,False,1947.6977761948378,2.3832074573876327,1440,2023-10-11,0.05,-0.11867384981715212,2.533
367,5,172,599.3084530605033,6040.425971895063,5738.404673300299,5758.936540976998,0.9964347813992033,20.531867676698248,0.1044381648176489,0.19048310015314904,0.9535451228561161,0.0,0.0,0.0,0.0,False,1275.5589606176948,3.6514151967406687,1440,2023-08-29,0.05,-0.10153805736904102,2.612
368,5,247,751.0493786727033,8654.148432860107,8221.441011217103,8256.972132050676,0.9956968341099695,35.531120833574526,0.09135252295163253,0.21285006214280422,0.9656722930768913,0.0,0.0,0.0,0.0,False,1780.5436531468215,2.814470466775068,1440,2023-10-08,0.05,-0.060283023764762515,2.59
369,5,124,477.05167663070614,4696.124847512446,4461.318605136801,4499.59146940393,0.9914941468514697,38.27286426713047,0.10693064514187009,0.2152128482542857,0.9954815478447068,0.0,0.0,0.0,0.0,False,833.2892028005756,1.3888671653850915,1440,2023-11-21,0.05,-0.0771288163657213,2.492
370,5,249,680.4143733015115,9096.916121697257,8642.070315612382,8682.582924276323,0.9953340372309409,40.51260866394089,0.07873279763441696,0.16998022829421677,0.9817079865641067,0.0,0.0,0.0,0.0,False,1612.4324905999144,2.0385516495719074,1440,2023-04-09,0.05,-0.09656422230446188,2.538
371,5,284,955.0509354197492,9719.799551557477,9233.809573979608,9287.822187849,0.9941845770970879,54.01261386939108,0.10342978461577036,0.21667095324253213,0.9533770449008123,0.0,0.0,0.0,0.0,False,1721.350385700665,3.5072735747846884,1440,2023-08-15,0.05,-0.011099794558013545,2.614
372,5,134,469.6371383861238,5078.599936008712,4824.669939208281,4843.011129935852,0.9962128538969899,18.341190727571423,0.09734078067590886,0.2000999640677517,0.9809452438520155,0.0,0.0,0.0,0.0,False,972.1657076259492,2.3201968076828923,1440,2023-05-09,0.05,-0.04628139490927528,2.858
373,5,286,1007.1591179841978,10199.637028876068,9689.6551774322,9740.670968841096,0.9947625998689322,51.01579140889454,0.1039416882790559,0.2084142003071186,0.964926835801542,0.0,0.0,0.0,0.0,False,2066.889493432176,2.5139131233682397,1440,2023-11-21,0.05,-0.03797549720915532,2.671
374,5,135,670.0167516494084,4627.702637801486,4396.317505911387,4404.473274127451,0.998148298852448,8.155768216063754,0.15240408608988973,0.18509674080671049,0.9924447793147134,0.0,0.0,0.0,0.0,False,938.3670208100957,1.4670687795421067,1440,2023-02-05,0.05,-0.05004280879102244,2.602
375,5,297,866.9735169116166,10973.517880212443,10424.841986201875,10457.725349319673,0.9968555912476763,32.88336311779946,0.0831641878178227,0.19345326769015572,0.9510005234477414,0.0,7.222222222222222,368.7344757047561,0.0,False,2339.7224003877195,3.54490839236018,1564,2023-05-30,0.05,-0.007653084195953811,2.725
376,5,206,692.689317101521,7171.482365638943,6812.908247356988,6843.868350839941,0.9954762274935997,30.960103482952675,0.10167307293038097,0.19166909394156523,0.9603066717649238,0.0,0.0,0.0,0.0,False,1539.6298080613533,3.252850931067595,1440,2023-07-06,0.05,0.00820167295201379,2.576
377,5,206,289.9538203838487,6960.345776386844,6612.328487567509,6638.946024413323,0.9959906984108722,26.617536845814108,0.043850486395075425,0.19677932472423984,0.9803558117408314,0.0,0.0,0.0,0.0,False,1594.1508232118067,2.0813233438746517,1440,2023-03-12,0.05,0.0252272062202087,2.565
378,5,135,491.2188015724057,5070.622363909997,4817.091245714508,4836.535797057191,0.9959796531735556,19.44455134268396,0.10197415338756873,0.1885127226029501,0.9719604907596002,0.0,0.0,0.0,0.0,False,973.2213579876153,2.7320350962778486,1440,2023-08-11,0.05,0.02776615887666849,2.52
379,5,227,876.67748186645,8088.47832416598,7684.054407957661,7723.475379945167,0.9948959542112522,39.420971987507386,0.11409048339878444,0.2068178553201688,0.973801715803225,0.0,0.0,0.0,0.0,False,1516.3154758010294,2.2803313921324304,1440,2023-10-12,0.05,0.04855820953852624,2.551
380,5,158,364.52054752126634,5390.075982180409,5120.5721830713965,5146.473926743606,0.9949670893040745,25.90174367220936,0.0711874639178744,0.2001596727844087,0.985463331573411,0.0,0.0,0.0,0.0,False,1269.8435956228195,1.6485605176729337,1440,2023-12-26,0.05,0.024579665324122865,2.447
381,5,172,554.3410363303544,6202.239500978179,5892.127525929289,5918.308097066933,0.9955763419699931,26.180571137644577,0.09408164264790338,0.20921331118238817,0.98407034959603,0.0,0.0,0.0,0.0,False,1170.0362622276452,1.8605454878830041,1440,2023-03-26,0.05,0.020036847892051977,2.523
382,5,136,546.251495301329,4679.719931223882,4445.733934662681,4464.765014488046,0.9957374957554072,19.031079825365367,0.12287093724666985,0.20002178060130435,0.9960878522478743,0.0,0.0,0.0,0.0,False,935.2846087888809,1.4080681873181748,1440,2023-03-07,0.05,-0.0039760760882790085,2.557
383,5,269,1015.9803659839476,10217.753798359285,9706.866108441349,9751.485047725404,0.9954243954571347,44.61893928405431,0.10466615637156303,0.1975360356185348,0.972933930689382,0.0,0.0,0.0,0.0,False,1657.2839076746598,2.1177258057299446,1440,2023-12-02,0.05,-0.002966137024224604,2.612
384,5,140,668.0400176257823,5110.389276182314,4854.869812373179,4878.764131849339,0.9951023827284099,23.894319476159303,0.13760204566623135,0.20602734272413833,0.9871174109408033,0.0,0.0,0.0,0.0,False,1115.1926822805747,1.6063878912274658,1440,2023-02-26,0.05,0.0034336514081851777,2.691
385,5,225,201.5593273186397,8032.125308827997,7630.51904338657,7650.333926658142,0.9974099322380523,19.8148832715722,0.026414890805276574,0.1895528840865654,0.9609434227348931,0.0,0.0,0.0,0.0,False,1863.8339428856013,2.6169726735377745,1440,2023-10-14,0.05,-0.010428760614421677,2.559
386,5,223,262.09671167589664,8039.127908740974,7637.171513303932,7663.644781439101,0.9965456034445535,26.473268135168976,0.03431855775653655,0.1889789114548305,0.9752607346184683,0.0,0.0,0.0,0.0,False,1463.5529924432803,2.1477337754964405,1440,2023-01-04,0.05,0.015247474565825028,2.489
387,5,173,514.3758523988743,5794.478210660235,5504.754300127197,5520.148727617443,0.9972112295791548,15.39442749024592,0.093442109194045,0.19513085357736348,0.9770074960225457,0.0,0.0,0.0,0.0,False,1364.7027441134337,2.159428156525708,1440,2023-05-01,0.05,0.037602256927097635,2.545
388,5,136,180.45676556547272,4940.440042117891,4693.418040011973,4726.558414321793,0.9929884767298333,33.14037430981918,0.038448900998601945,0.19885130597947495,0.9693541983865431,0.0,0.0,0.0,0.0,False,913.9341848846157,2.752297720053355,1440,2023-08-06,0.05,0.04219526746767499,2.52
389,5,173,754.105573005017,5886.40762385083,5592.087242658299,5605.961652285827,0.9975250616240177,13.874409627527438,0.13485225467379142,0.17884012489124027,0.9921092055957348,0.0,0.0,0.0,0.0,False,1098.7752884184329,1.5540176072493814,1440,2023-02-23,0.05,0.0377421153165179,2.538
390,5,167,611.2432867599053,6191.5841716993855,5882.004963114412,5898.738941959546,0.9971631260495188,16.733978845133038,0.1039175061212909,0.1933805670132453,0.9671069674210263,0.0,0.0,0.0,0.0,False,1180.9696703546365,2.8976697090978387,1440,2023-08-16,0.05,0.07926218574514653,2.473
391,5,184,771.8472629653222,6963.04003628484,6614.888034470603,6625.722625101611,0.9983647684571098,10.834590631008085,0.1166833450457781,0.19001886032634616,0.9785383541117939,0.0,0.0,0.0,0.0,False,1435.9439729458063,1.988157838828072,1440,2023-11-29,0.05,0.0808202410689761,2.562
392,5,208,430.2501138619374,7824.654028724845,7433.421327288576,7447.650612962716,0.9980894262615685,14.229285674139827,0.057880496062083966,0.1825873083359719,0.9768411588345014,0.0,0.0,0.0,0.0,False,1578.242461438977,2.0999321393291575,1440,2023-12-17,0.05,0.08996149702290056,2.584
393,5,241,802.8066162191227,8920.17854491509,8474.169617669402,8493.088728443849,0.9977724110297959,18.919110774446324,0.09473572661859388,0.19602436415749394,0.9753096222332148,0.0,0.0,0.0,0.0,False,1603.7668247288107,2.2312390406950398,1440,2023-12-11,0.05,0.11449455074806492,2.672
394,5,282,749.934268146624,9704.130851166017,9218.924308607733,9242.992578872707,0.9973960521920153,24.068270264975478,0.08134726385012278,0.15211253351826948,0.9510002577689712,0.0,1.6666666666666667,41.00156076315582,0.0,False,1347.0471977116176,3.5914084879521107,1507,2023-05-13,0.05,0.10475825271297319,2.664
395,5,259,912.207958002675,9434.236285916551,8962.524471620745,8978.217348951006,0.9982521165705468,15.69287733026244,0.101780247394707,0.17903190185876572,0.9563512548606437,0.0,0.0,0.0,0.0,False,2025.8188203818363,2.7100234755531343,1440,2023-09-10,0.05,0.19596961501528018,2.76
396,5,271,1025.875964186542,9845.762888899235,9353.474744454223,9397.932126624106,0.995269450601379,44.45738216988377,0.1096785945559745,0.20242284243122216,0.9658903056534132,0.0,0.0,0.0,0.0,False,1674.0594501495361,2.7210309971767774,1440,2023-05-02,0.05,0.21076449941509573,2.732
397,5,138,467.6703699724853,4686.68653287039,4452.352206226871,4478.228212796152,0.9942218204745926,25.876006569279532,0.10503894308236023,0.19796251181545374,0.9987106418711045,0.0,0.0,0.0,0.0,False,733.9366115805442,1.3128218574390027,1440,2023-12-02,0.05,0.17101919555398293,2.597
398,5,259,304.72176382500334,9025.722643677678,8574.436511493735,8602.312184375754,0.9967595139208445,27.87567288201773,0.035538401085194855,0.1933914047552716,0.9716929023863926,0.0,0.0,0.0,0.0,False,1729.6878162561989,2.319449651362363,1440,2023-01-11,0.05,0.14913755422901048,2.616
399,5,288,1234.255126859275,10832.578729134322,10290.949792677588,10312.743472383192,0.9978867233763773,21.793679705604845,0.11993597789559673,0.18673997946251275,0.9510014442164092,0.0,15.208333333333334,1384.0174258700251,0.0,False,2069.6886182237695,4.2084236429917405,1732,2023-08-22,0.05,0.14201910646366966,2.657
400,5,252,710.257538455494,8497.034315170105,8072.182599411652,8089.344128700774,0.9978785017652749,17.16152928912321,0.08798828937631586,0.1863709812945513,0.9510252634927882,0.0,0.9027777777777778,7.009438584794372,0.0,False,1807.6969742774963,2.6388998135840716,1466,2023-09-28,0.05,0.15162048492234081,2.597
401,5,256,1199.6928028750647,9177.10857937379,8718.253150405115,8761.320131082117,0.9950844187824829,43.066980677003315,0.13760701624261942,0.18663531918382317,0.9749128541598544,0.0,0.0,0.0,0.0,False,1401.1708087325096,2.136706793675959,1440,2023-02-04,0.05,0.16079483459406543,2.616
402,5,149,701.2994448980943,5372.234813150746,5103.623072493193,5126.327155982613,0.9955710818294297,22.704083489419332,0.1374120766633143,0.1948759323436637,0.9835630109757117,0.0,0.0,0.0,0.0,False,1217.0125169964713,1.9076912238829313,1440,2023-02-28,0.05,0.1682210050158558,2.611
403,5,265,920.2476606787974,9374.763688720808,8906.02550428466,8938.432467739107,0.9963744243108161,32.40696345444667,0.10332865768642469,0.20008134294480173,0.9721674863120634,0.0,0.0,0.0,0.0,False,1765.0979195274033,2.325567058482228,1440,2023-04-18,0.05,0.15628879578445573,2.659
404,5,224,546.1210326688757,7861.743360626631,7468.656192595317,7509.3104882584685,0.9945861479923199,40.654295663152176,0.07312172612930273,0.18575541411277813,0.981934563357314,0.0,0.0,0.0,0.0,False,1639.325267702531,2.0310567626192038,1440,2023-10-31,0.05,0.13528705792959195,2.597
405,5,155,471.3561133730805,5354.520238993356,5086.794227043689,5098.292240482711,0.9977447323737696,11.498013439021541,0.09266270510160193,0.16930619421972337,0.9811702369776518,0.0,0.0,0.0,0.0,False,1293.9545760248648,2.064210374017468,1440,2023-05-01,0.05,0.15071494037051397,2.524
406,5,279,767.8192483526996,10051.134314544643,9548.577598817414,9591.031118464009,0.9955736229898299,42.453519646592646,0.0804118980451909,0.20586470263309994,0.9535720057365238,0.0,0.0,0.0,0.0,False,1695.8217529502901,3.1597993832985423,1440,2023-05-21,0.05,0.20078022037698584,2.584
407,5,145,330.7759238677187,5121.7529974710105,4865.665347597455,4882.469745899016,0.9965582176283478,16.804398301560685,0.06798164284583354,0.18536202508300814,0.9927563013008889,0.0,0.0,0.0,0.0,False,1206.036847668975,1.579094831054424,1440,2023-12-26,0.05,0.1601104907410799,2.567
408,5,171,620.3738849975784,6164.363749930286,5856.1455624337605,5876.70881364685,0.9965008898917472,20.563251213089853,0.10593553018510639,0.1736641591571354,0.9510059653328573,0.0,2.5,77.52686658490661,0.0,False,1517.9967319665263,3.536610599214514,1542,2023-08-17,0.05,0.17341249638840672,2.538
409,5,252,773.3581300416104,9108.294879575988,8652.880135597155,8706.736986342748,0.9938143473461905,53.85685074559252,0.08937580527206034,0.2037316454481581,0.9510001615965271,0.0,1.1805555555555556,51.70069819701295,0.0,False,1960.4429825359614,3.377887594045764,1459,2023-07-13,0.05,0.21110619798533142,2.547
410,5,162,473.74099515260383,6071.03095470997,5767.479406974477,5792.604932341167,0.9956624824823785,25.125525366690738,0.08214004103416825,0.1953850745911523,0.9919170186441792,0.0,0.0,0.0,0.0,False,1154.34289119084,1.6721306043801047,1440,2023-02-17,0.05,0.17492610715021328,2.51
411,5,289,989.702441972567,11031.795795859281,10480.206006066353,10505.217954981117,0.9976190928144518,25.01194891476321,0.09443539959039818,0.19155733974571984,0.960344380032607,0.0,0.0,0.0,0.0,False,2028.0756133691364,3.160418679658842,1440,2023-05-24,0.05,0.16457523663797397,2.612
412,5,135,419.3132356013381,4566.927853242096,4338.581460580003,4353.4718559699795,0.9965796504760777,14.89039538997642,0.0966475423848057,0.16516678030236945,0.9659322819073871,0.0,0.0,0.0,0.0,False,1056.9041654555892,3.0003788468156034,1440,2023-06-25,0.05,0.16513768990084793,2.492
413,5,182,741.1412578974102,6884.80836526543,6540.5679470021005,6558.062860377302,0.9973323047144146,17.494913375202174,0.11331451089612421,0.1815325027260918,0.9852570311582158,0.0,0.0,0.0,0.0,False,1334.4285277663016,1.9387662112349326,1440,2023-03-17,0.05,0.22538854427139954,2.54
414,5,258,1119.3880084521643,9454.084620761485,8981.380389723343,9023.52063544972,0.9953299551883523,42.14024572637658,0.124634294493638,0.21294645075543112,0.9674916915179462,0.0,0.0,0.0,0.0,False,1986.712387146471,2.629160976790888,1440,2023-03-08,0.05,0.23850801329934695,2.489
415,5,138,411.44095276584517,4802.72261204705,4562.586481444692,4569.636085836948,0.9984572941346237,7.049604392255105,0.09017712966956562,0.16782305431410874,0.9631516414705025,0.0,0.0,0.0,0.0,False,964.4282212683195,3.121546069266232,1440,2023-07-11,0.05,0.17924558031938692,2.507
416,5,185,623.3861626691319,6378.284190614748,6059.369981084018,6077.388326494386,0.9970351828051176,18.018345410367903,0.10287969947621657,0.1898277831344823,0.9952701678346274,0.0,0.0,0.0,0.0,False,1094.3710851544556,1.494287199426389,1440,2023-02-16,0.05,0.23271595339062268,2.526
417,5,179,185.635782035552,6192.179983945895,5882.570984748592,5933.995863160864,0.9913338533429851,51.42487841227165,0.031556913213089885,0.20083746945327724,0.990099729520245,0.0,0.0,0.0,0.0,False,891.4676916900278,1.8556054780289948,1440,2023-05-20,0.05,0.22759045928606536,2.459
418,5,237,48.89182748019008,8611.736732329759,8181.1498957133135,8209.986098590747,0.9964876672711561,28.836202877433173,0.005976155932041777,0.1961112319048294,0.9747077664017119,0.0,0.0,0.0,0.0,False,1732.1829149024102,2.378701467332729,1440,2023-10-28,0.05,0.19922688062840674,2.603
419,5,271,979.4500909480417,9802.466681361628,9312.343347293528,9369.345718339266,0.9939160777327105,57.002371045735565,0.1051776179658047,0.22344205440117387,0.9693617827396992,0.0,0.0,0.0,0.0,False,1723.5576069835465,2.35512917637981,1440,2023-03-11,0.05,0.1871281787136236,2.683
420,5,147,505.52663287124864,5143.902274752542,4886.707161014901,4912.024170698365,0.9948459110127171,25.31700968346258,0.10344934046881944,0.19322748874611997,0.9677221976343525,0.0,0.0,0.0,0.0,False,1104.5511218634715,2.951202478360915,1440,2023-08-10,0.05,0.1161493049697806,2.493
421,5,269,808.6566508174708,9532.493429053666,9055.868757600987,9093.975668830994,0.9958096532674245,38.106911230005196,0.08929641898119713,0.1884241085296347,0.9566137317782953,0.0,0.0,0.0,0.0,False,1957.9516049205624,2.776409529816478,1440,2023-09-30,0.05,0.12617687597851873,2.513
422,5,238,1266.9637183114728,8780.721163159458,8341.685105001496,8403.700109630761,0.9926205119387596,62.015004629267814,0.15188342671336616,0.20115538156663615,0.9886992607719288,0.0,0.0,0.0,0.0,False,1167.2378995785614,1.7512624060253565,1440,2023-01-20,0.05,0.14534516383529514,2.55
423,5,162,488.2772608691155,5801.071481760268,5511.017907672257,5531.111688497581,0.9963671352239893,20.09378082532351,0.08860019492757445,0.18574655376446375,0.9835757584640245,0.0,0.0,0.0,0.0,False,1309.0,1.8324969052367204,1440,2023-05-04,0.05,0.13261322436098127,2.489
424,5,206,1108.6819538689938,7342.629918901165,6975.498422956105,6994.081175018686,0.9973430745801244,18.58275206258163,0.15893946018543462,0.1776328087896543,0.961011442796227,0.0,0.0,0.0,0.0,False,1964.690419093992,2.6184709669321817,1440,2023-01-24,0.05,0.15703976625808624,2.556
425,5,148,502.9521808305086,5232.092175383424,4970.4875666142625,4998.181542409395,0.9944591896952621,27.6939757951324,0.10118769518884514,0.20591956623354904,0.9869399820100182,0.0,0.0,0.0,0.0,False,1020.8776011137622,1.9996119737436413,1440,2023-05-05,0.05,0.19554959828086835,2.517
426,5,163,498.67668745561025,5788.840958488097,5499.398910563697,5514.962361923432,0.9971779587350971,15.563451359734824,0.09067839877876673,0.1840951268850912,0.9637243446678917,0.0,0.0,0.0,0.0,False,1246.8232872273575,2.979510530525312,1440,2023-07-24,0.05,0.16383061921084813,2.511
427,5,209,501.6923325189708,7472.678314372767,7099.044398654112,7130.291832695907,0.9956176500520624,31.247434041795078,0.07067040355658083,0.2055153093750368,0.9855614861785783,0.0,0.0,0.0,0.0,False,1350.3534433030359,1.9615314190062125,1440,2023-12-26,0.05,0.18726444617718463,2.602
428,5,237,812.8404581293098,8448.102143527587,8025.697036351199,8055.331701622254,0.9963211117345936,29.634665271054885,0.10127973364153543,0.19738890364211065,0.9510134483872333,0.0,0.5555555555555556,4.932864850056752,0.0,False,1743.007930886261,3.2667375824206073,1456,2023-06-25,0.05,0.15861134080362171,2.604
429,5,178,722.3125504463344,6135.096403164877,5828.341583006661,5840.400347198147,0.9979352846595061,12.058764191486286,0.123931060003816,0.172448364484952,0.991786616999989,0.0,0.0,0.0,0.0,False,948.2339530739522,1.5259771704003886,1440,2023-02-25,0.05,0.15369750393510334,2.577
430,5,248,1074.3703166282176,9170.594871188621,8712.06512762916,8742.13293323434,0.9965605870060756,30.067805605180727,0.12331982152210899,0.1955025230659812,0.9911326633424086,0.0,0.0,0.0,0.0,False,1323.0241676245316,1.7990322340128175,1440,2023-02-25,0.05,0.2060132023617901,2.768
431,5,273,929.60378523094,9409.012380937736,8938.561761890884,8986.6449838792,0.9946494801926001,48.083221988314875,0.10399925737429705,0.19671407814296504,0.9797447318491682,0.0,0.0,0.0,0.0,False,1600.1247137476853,2.0821120000374242,1440,2023-12-05,0.05,0.19737148607157617,2.544
432,5,143,491.60180323393666,5124.863679677151,4868.620495693294,4885.311322765124,0.996583467056838,16.690827071830718,0.10097353114065882,0.18411238784281356,0.9510000631531386,0.0,0.6944444444444444,6.209605247432936,0.0,False,792.6243250003722,3.634204677381339,1462,2023-09-02,0.05,0.18795698796289234,2.495
433,5,204,214.21967837395403,7589.542611483543,7210.065480909369,7246.33372144634,0.9949949530436846,36.26824053697036,0.029711197345039308,0.17445584530408612,0.9898528839560736,0.0,0.0,0.0,0.0,False,1280.3442423774486,1.676791968096888,1440,2023-11-03,0.05,0.20894348874413785,2.603
434,5,121,5.4109794225023,4213.462521002686,4002.7893949525746,4020.0321602519343,0.9957107892146119,17.242765299359576,0.0013518021780824694,0.18927063502548241,0.9959270969649152,0.0,0.0,0.0,0.0,False,847.1997530910222,1.3404804534573236,1440,2023-12-25,0.05,0.24825429068913032,2.544
435,5,161,647.4970606554898,6024.318349898208,5723.102432403255,5733.291575888745,0.9982228108669128,10.189143485489113,0.11313742298049202,0.176870498926504,0.9784785507144534,0.0,0.0,0.0,0.0,False,1170.2945807651317,2.2045488761231904,1440,2023-10-11,0.05,0.24764686310677833,2.554
436,5,187,642.086004985042,6487.193500398974,6162.833825379028,6194.825727532638,0.9948357058679758,31.991902153609587,0.10418681132385592,0.20638115723150394,0.9829644535512222,0.0,0.0,0.0,0.0,False,1159.920025462518,1.5871711828619604,1440,2023-12-05,0.05,0.27559769551232405,2.592
437,5,197,56.49757521846825,6894.501844676113,6549.7767524423,6592.6013413745,0.9935041440070951,42.82458893220046,0.008625878003765741,0.16878079024211545,0.9663444533533706,0.0,0.0,0.0,0.0,False,824.8153835306131,2.9712038441408035,1440,2023-07-15,0.05,0.2327158553041856,2.522
438,5,173,600.6808718270945,5907.087452645099,5611.733080012838,5622.533848937335,0.99807902109357,10.800768924496921,0.10704017159449791,0.17938843530039544,0.984424090963863,0.0,0.0,0.0,0.0,False,1361.7654317305494,1.7604453671726858,1440,2023-04-26,0.05,0.28269215100222367,2.524
439,5,160,540.1565893971507,5384.355199062176,5115.137439109065,5125.09098320016,0.9980578795335103,9.953544091096152,0.10559962382774862,0.1587060758127313,0.9515378155393502,0.0,0.0,0.0,0.0,False,1136.8513488075619,3.678657269810142,1440,2023-09-01,0.05,0.3003669466674185,2.525
440,5,140,253.18821308593806,4919.641778784817,4673.65968984558,4684.503036728223,0.9976852727391513,10.843346882643491,0.054173437924040106,0.16435298585859753,0.9533109781582355,0.0,0.0,0.0,0.0,False,809.9954552356473,3.4639392104119198,1440,2023-07-29,0.05,0.3620726702817988,2.546
441,5,247,922.2599134069377,9160.067587226153,8702.064207864853,8714.62142024058,0.9985590639259943,12.557212375726827,0.10598174081195666,0.17233197703565925,0.9510095389714834,0.0,1.0416666666666667,51.59248546380512,0.0,False,1911.2923027431766,3.7577239271148755,1485,2023-06-22,0.05,0.4007963977794675,2.571
442,5,248,668.0397651918245,8821.703433439432,8380.618261767433,8394.942187942625,0.998293743321334,14.32392617519129,0.07971246802153449,0.17183737572138394,0.9524829606619732,0.0,0.0,0.0,0.0,False,1842.8926913241764,3.236645850327486,1440,2023-08-01,0.05,0.41560500033628367,2.712
443,5,295,1106.4088833667531,10489.960665981103,9965.462632681996,9973.539361671908,0.9991901842769126,8.076728989909979,0.11102433716807648,0.15764547340174254,0.9510078815883206,0.0,4.166666666666667,617.189090956311,0.0,False,2364.4880652427673,4.3600298256229895,1570,2023-09-26,0.05,0.4299481364870732,2.595
444,5,173,756.8227428942224,6275.981480463943,5962.18240644073,5969.878848731598,0.9987107875241885,7.696442290868718,0.126937200391027,0.16795039460401287,0.9687093501697537,0.0,0.0,0.0,0.0,False,1450.7542827774093,2.294467136963467,1440,2023-09-11,0.05,0.4747625568408287,2.578
445,5,230,464.5259391303393,7858.697595033186,7465.762715281504,7486.625903904163,0.9972132721882391,20.863188622660395,0.06222082817868179,0.1458434704555401,0.956436616767533,0.0,0.0,0.0,0.0,False,951.1197535062823,3.2156631872999175,1440,2023-05-27,0.05,0.4895457467486377,2.682
446,5,134,453.9675647967581,4515.541502398444,4289.764427278529,4301.331709002289,0.9973107673375781,11.567281723760528,0.10582575628395516,0.16199039560895961,0.9525511407719844,0.0,0.0,0.0,0.0,False,1045.1200839020387,3.6123845048156222,1440,2023-09-01,0.05,0.552715358278748,2.514
447,5,162,574.4227329703043,5786.62386633051,5497.292673014003,5508.857721737445,0.9979006448691156,11.565048723441878,0.10449193214509449,0.16490571414878366,0.9739419705322097,0.0,0.0,0.0,0.0,False,1456.2392245667634,2.102604270526283,1440,2023-07-09,0.05,0.5696282923848653,2.573
448,5,195,636.6579555698785,7016.452943469739,6665.63029629624,6675.426382437836,0.9985325152911029,9.79608614159614,0.09551354144613117,0.17805955849113722,0.9510101502216877,0.0,0.5555555555555556,5.865498414552505,0.0,False,1451.4588680243623,3.749278776018751,1457,2023-08-27,0.05,0.5784996531747071,2.546
449,5,266,490.7346601987207,9399.966696630036,8929.968361798545,8936.62763368554,0.9992548339082749,6.659271886995326,0.054953684080005415,0.16300090692524952,0.9510001693202823,0.0,6.319444444444445,190.31890725162197,0.0,False,2144.600488802488,3.823237567105435,1645,2023-07-16,0.05,0.5577553063288458,2.54
450,5,295,648.6850652046115,10137.336886833882,9630.470042492123,9670.941884101878,0.9958151085907893,40.471841609755955,0.06735757053834811,0.1869018302120029,0.9590755178850204,0.0,0.0,0.0,0.0,False,2210.437929423114,2.669445168752493,1440,2023-11-09,0.05,0.5761388169508473,2.582
451,5,186,748.8526880245425,6831.355235793837,6489.787474004152,6508.200484224952,0.9971707985540041,18.41301022080073,0.11538940081230517,0.20093911893991506,0.9789374944069879,0.0,0.0,0.0,0.0,False,1391.87101401261,2.0177567113521575,1440,2023-02-20,0.05,0.5389185027069909,2.636
452,5,274,657.0071260176566,10146.359464347184,9639.041491129841,9664.992523004772,0.99731494547842,25.951031874930468,0.06816104346290612,0.16109462218644371,0.9666793989376165,0.0,0.0,0.0,0.0,False,1573.9586509204255,2.725360594281094,1440,2023-05-19,0.05,0.4782132601635033,2.553
453,5,135,386.0067719825928,4911.876640314754,4666.282808298996,4680.912633628151,0.9968745784264265,14.629825329154775,0.08272254122619373,0.1945603921966711,0.9826330334279089,0.0,0.0,0.0,0.0,False,1164.4138531040194,1.7739161040067057,1440,2023-09-27,0.05,0.519252227877028,2.66
454,5,172,577.56743801946,6172.064803743677,5863.461563556505,5868.272262019911,0.9991802189386233,4.810698463405995,0.09850280960469608,0.1578456153850022,0.9619503499060059,0.0,0.0,0.0,0.0,False,1424.93863909851,3.062980696740784,1440,2023-08-14,0.05,0.47873068841551386,2.513
455,5,147,601.9494994810057,5618.853608881077,5337.910928437006,5348.798859614741,0.9979644156634975,10.887931177735709,0.11276874184509154,0.17082872513819805,0.9844917645779236,0.0,0.0,0.0,0.0,False,1274.2750687656248,1.9624209508622614,1440,2023-10-09,0.05,0.5291936850627241,2.482
456,5,221,240.03476338434893,7936.417748584938,7539.596861155691,7567.698266423249,0.9962866641509427,28.101405267557666,0.031836551450252965,0.1445053708611608,0.9664739374678171,0.0,0.0,0.0,0.0,False,1461.3866707942207,2.2571268540275122,1440,2023-05-20,0.05,0.5424598046665515,2.483
457,5,187,504.78223286425185,6294.441768128123,5979.719679721679,5988.298907691282,0.9985673347136057,8.57922796960366,0.08441570172194869,0.17089318885570748,0.9834826323133156,0.0,0.0,0.0,0.0,False,1357.141152805305,1.9733577769814143,1440,2023-12-08,0.05,0.6137588112160374,2.574
458,5,160,494.38161145464125,5635.195650677175,5353.435868143306,5372.065780268818,0.9965320766931152,18.629912125512604,0.0923484699604899,0.19508178787955816,0.9662030224520716,0.0,0.0,0.0,0.0,False,1060.398767022417,2.9829522203872942,1440,2023-06-12,0.05,0.6142001574248379,2.516
459,5,271,983.3395198791026,9739.58626181152,9252.606948720986,9281.442519335997,0.9968932016165658,28.835570615011974,0.10627702282490584,0.17589838563473864,0.9588049090996345,0.0,0.0,0.0,0.0,False,2128.9272355322846,2.809146455995318,1440,2023-03-11,0.05,0.561584227145429,2.649
460,5,274,1327.1535563013924,9656.62321694888,9173.792056101425,9210.62200795439,0.9960013610567063,36.82995185296535,0.14466793537343284,0.19265184937054206,0.9760798220396069,0.0,0.0,0.0,0.0,False,1662.2692877586178,2.150785200828271,1440,2023-02-14,0.05,0.5629000485787679,2.605
461,5,161,508.8639281242729,5823.768815081138,5532.580374327037,5542.313441316956,0.9982438620455204,9.73306698991944,0.09197587629916162,0.16708009876372645,0.9793493795307696,0.0,0.0,0.0,0.0,False,1209.3865302066747,2.3656754159339206,1440,2023-07-07,0.05,0.5274624930381444,2.656
462,5,169,705.5693014203074,6075.998309557451,5772.198394079593,5781.31682983622,0.998422775290645,9.11843575662601,0.12223580224546564,0.17226177644043728,0.9854253678220687,0.0,0.0,0.0,0.0,False,1348.8928687971888,1.9786351193929452,1440,2023-04-08,0.05,0.5570162950024535,2.566
463,5,261,268.8408835476253,8950.770318783794,8503.231802844632,8525.249742430236,0.9974173261486967,22.017939585604427,0.03161631833412898,0.1500339513536043,0.9778478535451588,0.0,0.0,0.0,0.0,False,1400.265496812562,2.1858668990688526,1440,2023-05-20,0.05,0.5706465568631152,2.675
464,5,230,386.33471172162064,8291.998026990539,7877.398125641006,7895.7303817837355,0.997678206415834,18.332256142728692,0.04904344119209837,0.1838389251817459,0.9769872058659891,0.0,0.0,0.0,0.0,False,1741.807902358978,2.293905662366887,1440,2023-10-20,0.05,0.632950283974997,2.687
465,5,134,451.68849428580563,4664.694899523865,4431.460154547689,4453.091614303113,0.9951423726190711,21.63145975542287,0.10192768941457596,0.19723409224913827,0.9578673758767107,0.0,0.0,0.0,0.0,False,1008.46048108492,3.351839914876802,1440,2023-07-06,0.05,0.6092303769835035,2.588
466,5,210,778.8163764285677,7346.044870025879,6978.74262652459,7001.991025831887,0.9966797444867427,23.248399307296356,0.11159838069804527,0.1921742366035003,0.9783856522127906,0.0,0.0,0.0,0.0,False,1515.9828718266467,2.080578170264852,1440,2023-03-17,0.05,0.5609233792295886,2.613
467,5,271,1567.8801845731305,10025.105964233631,9523.850666021988,9542.614095812596,0.9980337222482002,18.763429790609365,0.16462670820394304,0.18718872530856787,0.9637360121685662,0.0,0.0,0.0,0.0,False,1885.2658342284815,2.702335612820799,1440,2023-02-07,0.05,0.5338007516166852,2.625
468,5,286,1152.3369044042802,10232.404065887105,9720.783862592798,9731.940126924661,0.9988536443724106,11.156264331863921,0.118543619598278,0.1655105326007235,0.9510006302592433,0.0,2.0833333333333335,53.61182569340162,0.0,False,2279.732347774862,3.188175970339029,1502,2023-09-11,0.05,0.5237113381097853,2.656
469,5,249,935.5119356859411,8906.631883931928,8461.300289735334,8480.985140665209,0.9976789428818253,19.6848509298731,0.11056361358795405,0.1703900562212967,0.9733243799044905,0.0,0.0,0.0,0.0,False,1758.5028611674554,2.336293279955454,1440,2023-11-25,0.05,0.565056304631487,2.504
470,5,152,540.2071208792573,5295.684098086248,5030.899893181964,5034.432134362345,0.9992983833953641,3.5322411803815,0.10737783147133642,0.16312859014125297,0.9760430581237212,0.0,0.0,0.0,0.0,False,1129.3785578430688,2.4389049785750467,1440,2023-05-02,0.05,0.5888778230725225,2.471
471,5,135,487.4965512760925,5018.1917501846165,4767.282162675424,4776.207386493701,0.9981313156871043,8.925223818277855,0.10225879959295442,0.15806152836950085,0.983699204502867,0.0,0.0,0.0,0.0,False,1013.1578813464116,2.121006598232789,1440,2023-09-09,0.05,0.6257538336943844,2.498
472,5,281,25.379237328810476,9940.360583426438,9443.34255425513,9485.828570470603,0.9955211064695253,42.486016215473164,0.0026875269199436906,0.16855005805496767,0.9578579645420838,0.0,0.0,0.0,0.0,False,1250.1873931349533,3.325831125562449,1440,2023-07-01,0.05,0.6684991016712535,2.512
473,5,127,600.0832139861932,4706.3782540906395,4471.059341386129,4481.557931689526,0.9976573793168753,10.498590303397698,0.13421499652924623,0.17151998661934192,0.9983775873947986,0.0,0.0,0.0,0.0,False,902.4488837232647,1.355271751062507,1440,2023-02-23,0.05,0.6811930478419734,2.467
474,5,160,541.4249440394675,5675.095949380876,5391.341151911813,5405.029704652792,0.9974674417183691,13.688552740979816,0.10042490890183677,0.18827390831759014,0.9703833022342957,0.0,0.0,0.0,0.0,False,1102.871990498711,2.534223798905657,1440,2023-07-20,0.05,0.6862383626059589,2.492
475,5,165,496.91153836323235,5871.3397277013655,5577.772741316305,5591.256187584668,0.9975884763967169,13.483446268362433,0.08908780644332341,0.19231731937238597,0.9864281848090083,0.0,0.0,0.0,0.0,False,1233.7599042012052,1.6560630203566526,1440,2023-05-04,0.05,0.6540022912651217,2.465
476,5,208,638.328616131177,7330.817249265222,6964.276386801976,6983.677331640163,0.9972219585875925,19.400944838187097,0.09165756507608971,0.1785668189049148,0.9599182889785113,0.0,0.0,0.0,0.0,False,1526.374019792188,3.142958177440562,1440,2023-05-24,0.05,0.6197020639032818,2.617
477,5,152,254.4269597423205,5557.41320054093,5279.542540513897,5308.391398139973,0.9945654237861615,28.848857626075556,0.04819109947309095,0.21090863054779313,0.993032693383503,0.0,0.0,0.0,0.0,False,1131.5487207312754,1.5403848286394006,1440,2023-10-20,0.05,0.6235846420970008,2.52
478,5,284,772.2575040704651,10156.649704152234,9648.817218944612,9686.162704961458,0.9961444498554917,37.345486016846934,0.08003649427146414,0.17972604588298896,0.9615772637055694,0.0,0.0,0.0,0.0,False,1681.6198681153749,3.091375722175145,1440,2023-08-05,0.05,0.5549932875102539,2.531
479,5,237,770.0697303633985,8665.575345293004,8232.296578028338,8257.315007935838,0.9969701495118624,25.018429907498152,0.09354251551367611,0.18796265650207805,0.971494224551002,0.0,0.0,0.0,0.0,False,1895.248180596937,2.3575859539754913,1440,2023-11-11,0.05,0.5697355878092762,2.478
480,5,178,820.6400622495412,6625.108750595256,6293.853313065489,6307.287025204803,0.9978701282999122,13.433712139314279,0.13038754184911877,0.20521592134279995,0.9840953627982333,0.0,0.0,0.0,0.0,False,1483.3870649646915,1.9170596702337426,1440,2023-01-26,0.05,0.564010751861394,2.471
481,5,205,711.2040286686722,6727.34582257916,6390.978531450208,6426.906798629056,0.994409710875765,35.92826717884704,0.11128249377913173,0.20660306773791753,0.9649165791553678,0.0,0.0,0.0,0.0,False,1359.8767584990865,2.494500067365481,1440,2023-09-14,0.05,0.5212129043863603,2.531
482,5,149,104.47589949799767,5310.80643213831,5045.266110531362,5065.09636643142,0.996084920312379,19.830255900058955,0.020707708415997582,0.19880808725416396,0.9995008051717218,0.0,0.0,0.0,0.0,False,809.9980446028416,1.1998443476344276,1440,2023-11-01,0.05,0.4835927509501786,2.549
483,5,223,795.9635127180336,8067.331785556602,7663.965196278765,7678.7905223378375,0.9980693149505843,14.82532605907349,0.10385792371610891,0.1991445077210262,0.9695972365807487,0.0,0.0,0.0,0.0,False,1909.4784019908984,2.409089489119038,1440,2023-10-24,0.05,0.4707051809027829,2.468
484,5,276,975.5548495050974,9844.864937761711,9352.621690873631,9410.414312683417,0.9938586527766485,57.79262180978776,0.1043081695966653,0.2124964325068014,0.9739017791219787,0.0,0.0,0.0,0.0,False,1570.3372943809927,2.198561542196949,1440,2023-03-11,0.05,0.4596977744517181,2.536
485,5,171,905.7773526231555,6235.982765250833,5924.183626988286,5957.888670116554,0.9943427873539623,33.7050431282684,0.15289488132960374,0.1805118442493551,0.9896627552850158,0.0,0.0,0.0,0.0,False,1005.4136868842505,1.7392947423752103,1440,2023-02-05,0.05,0.4208927931368208,2.66
486,5,210,747.7356882166698,7664.518096223729,7281.292191412527,7306.020234167938,0.9966153881370646,24.728042755411046,0.10269271834723798,0.18802640584144112,0.9510016731542692,0.0,2.4305555555555554,49.18331488139564,0.0,False,1376.026821865742,3.805318402299706,1523,2023-08-26,0.05,0.46118931003881714,2.64
487,5,297,940.3443573078432,10627.776814474862,10096.38797375116,10134.730095707146,0.9962167594406657,38.342121955986414,0.09313670985629453,0.21113626097238572,0.9618263395064444,0.0,0.0,0.0,0.0,False,2102.6770096845303,2.583756492425171,1440,2023-11-11,0.05,0.4774931677657528,2.549
488,5,202,976.1205571007779,7238.749776220514,6876.812287409488,6898.161623421751,0.9969050687447255,21.349336012262626,0.14194375479579724,0.19950801489545641,0.983444597273368,0.0,0.0,0.0,0.0,False,1387.8068385136135,1.8531367869420834,1440,2023-02-14,0.05,0.43913775961060386,2.611
489,5,138,571.8831992379664,4962.192898683312,4714.08325374913,4727.846219695148,0.9970889565128652,13.762965946018296,0.12131376737632824,0.19954864683829932,0.9944756519510186,0.0,0.0,0.0,0.0,False,986.5554865002632,1.5060262190870084,1440,2023-04-16,0.05,0.4340601737109565,2.596
490,5,181,553.3165070951183,6727.456471862517,6391.083648269401,6413.374820189337,0.9965242680265992,22.291171919934726,0.08657632062834088,0.18564200216310772,0.9744313341129511,0.0,0.0,0.0,0.0,False,1578.614039514185,2.3711380718785753,1440,2023-09-30,0.05,0.4299312823750692,2.523
491,5,239,831.5695583931227,8833.304643092839,8391.639410938158,8412.245314400912,0.9975504870943933,20.605903462755634,0.09909500607345043,0.20221452671334458,0.9510001301412472,0.0,3.125,118.2206891885447,0.0,False,1993.0323374827044,3.702736989505573,1536,2023-06-27,0.05,0.4579406874836255,2.513
492,5,127,382.39098378311473,4345.024623929731,4127.7733927332465,4149.204357347384,0.9948349218866052,21.430964614136926,0.0926385601632823,0.18518131498592194,0.9772558519234684,0.0,0.0,0.0,0.0,False,771.5143727830997,2.488302839720626,1440,2023-07-07,0.05,0.44377793122428216,2.465
493,5,216,657.9042420696279,7710.866192930622,7325.322883284054,7336.5819375824885,0.9984653542488555,11.259054298434812,0.08981231988707634,0.1908885535412542,0.9771274984893373,0.0,0.0,0.0,0.0,False,1601.9426772594452,2.370940524158982,1440,2023-12-07,0.05,0.4706617262678413,2.564
494,5,200,536.0999132414998,6761.900706287998,6423.8056709736,6439.181461787015,0.997612151341803,15.375790813415035,0.08345518851292522,0.1876834438265974,0.9737431170631086,0.0,0.0,0.0,0.0,False,1498.634247768902,2.0542802543506427,1440,2023-01-15,0.05,0.4800684098038949,2.516
495,5,299,762.9780238035892,10761.555696676885,10223.477911843001,10250.744225280567,0.9973400649905672,27.266313437563447,0.07462998701447246,0.17379402195537874,0.9510049143074519,0.0,0.9722222222222222,8.608602838566922,0.0,False,2277.211818520672,3.199084413903077,1469,2023-08-12,0.05,0.4952608258136529,2.575
496,5,262,753.4989181527134,9556.151088787892,9078.343534348529,9088.144109098059,0.998921608787022,9.800574749528828,0.08299960398081424,0.18616504334609826,0.951321116640683,0.0,1.0416666666666667,38.98961144486872,0.0,False,1737.0788092569603,3.901590733818328,1470,2023-06-01,0.05,0.5392817856403713,2.601
497,5,292,1033.9265651430824,10124.490395097346,9618.265875342546,9648.087177208177,0.9969090969724984,29.821301865631582,0.10749615144177536,0.1869519092897752,0.9523858215716217,0.0,0.0,0.0,0.0,False,2227.599656051774,2.782224840307026,1440,2023-04-26,0.05,0.5479740542748582,2.678
498,5,135,389.1569855391588,4837.644845500366,4595.762603225334,4613.527936299937,0.9961492954372676,17.7653330746042,0.08467734718630726,0.21508132013031833,0.9592298443902361,0.0,0.0,0.0,0.0,False,936.5342558017018,3.2054895866456903,1440,2023-07-26,0.05,0.5538491686418698,2.584
499,5,206,643.3175489634118,6967.864593770664,6619.471364082108,6637.41221158886,0.9972970117065462,17.940847506750618,0.09718563818466155,0.18647348188573304,0.9510004107246007,0.0,1.875,25.757448909015405,0.0,False,1665.1523999096266,3.4076307100427314,1506,2023-08-18,0.05,0.4959104902797682,2.564
500,5,241,1133.9636117215348,8804.935298957605,8364.688534009778,8397.186198559546,0.9961299340301227,32.49766454976705,0.13556555119906505,0.2050076191902135,0.9592813416660687,0.0,0.0,0.0,0.0,False,2058.612557412275,2.8121935536983687,1440,2023-02-28,0.05,0.513173117633888,2.716
501,5,201,718.5277170732327,7246.796521355518,6884.456695287752,6899.040000227275,0.9978861834488505,14.583304939523345,0.10436956013755565,0.18018427727766786,0.9706274228361106,0.0,0.0,0.0,0.0,False,1755.8695047244628,2.2166356344355735,1440,2023-11-21,0.05,0.48595773648781604,2.489
502,5,192,726.1124112166129,6762.7850211947,6424.645770134959,6441.766339626378,0.997342255432939,17.12056949141844,0.11301983598721582,0.1960673379129923,0.9741277667762638,0.0,0.0,0.0,0.0,False,1675.598325876098,2.321573649817137,1440,2023-02-15,0.05,0.5197875699146755,2.621
503,5,184,296.9581151676715,6424.503363638236,6103.278195456328,6129.1724606413245,0.9957752428486427,25.89426518499636,0.04865551031063047,0.20855811267620014,0.980392285491915,0.0,0.0,0.0,0.0,False,1385.180532605183,1.9759615556821726,1440,2023-10-20,0.05,0.5121053363627998,2.669
504,5,122,442.5021266133895,4709.241528190075,4473.779451780577,4486.679398625508,0.9971248342707788,12.899946844930506,0.09891013434675963,0.20743082619714492,0.9753259073009544,0.0,0.0,0.0,0.0,False,995.5509453822617,2.535757265369538,1440,2023-09-04,0.05,0.4780519394084319,2.592
505,5,151,438.28024130617587,5464.193144607959,5190.983487377549,5206.614624652444,0.996997830951251,15.6311372748952,0.08443106058262424,0.20150360979292797,0.9852116215351524,0.0,0.0,0.0,0.0,False,1064.4822746386371,1.7480892664963765,1440,2023-11-14,0.05,0.4529177107890018,2.532
506,5,294,1125.091432873273,10236.986329156072,9725.137012698353,9799.196574438547,0.9924422822649175,74.05956174019266,0.11568900586225297,0.22716186915043227,0.9623335340659215,0.0,0.0,0.0,0.0,False,1834.811443388462,2.6567196764691445,1440,2023-10-25,0.05,0.4457750234930887,2.61
507,5,243,631.2908498985051,8186.454190758992,7777.131481221033,7835.980911567002,0.992489845111912,58.84943034596896,0.08117271148402785,0.22664533805892192,0.9826656779481059,0.0,0.0,0.0,0.0,False,1452.5196972501826,1.9430249118363014,1440,2023-12-12,0.05,0.38225460961232705,2.554
508,5,139,553.8007093657624,4728.793094955423,4492.353440207653,4523.272303192602,0.9931644922276456,30.918862984947225,0.12327629976953988,0.22084295804438023,0.9952052998124541,0.0,0.0,0.0,0.0,False,934.6638379995738,1.6598627975796107,1440,2023-04-06,0.05,0.3312423800060944,2.503
509,5,280,680.3496777287577,9632.861200003339,9151.21814000321,9221.81023846863,0.9923450931389862,70.59209846542119,0.07434525844758401,0.22610802999064733,0.9735901376119839,0.0,0.0,0.0,0.0,False,1677.1833169809127,2.205789637713951,1440,2023-01-08,0.05,0.30215568445088103,2.507
510,5,261,904.6592058714338,9167.033855334776,8708.682162568053,8764.424422742512,0.9936399405727301,55.742260174458934,0.10388014960057562,0.21446614870336703,0.9580047568226094,0.0,0.0,0.0,0.0,False,1452.7981927789397,3.356152209834492,1440,2023-08-10,0.05,0.26599776822539034,2.628
511,5,206,142.22258610871796,7528.450143955063,7152.027636757317,7200.636803253175,0.9932493239384194,48.609166495857906,0.019885631506480136,0.22956025725894286,0.9872087604966469,0.0,0.0,0.0,0.0,False,1184.6973088383622,1.7964867910627311,1440,2023-01-07,0.05,0.2619602666418461,2.76
512,5,168,447.50653872892053,5563.386770823079,5285.217432281925,5314.131818876087,0.9945589632362041,28.914386594162984,0.084671358267224,0.21807101596547576,0.9663796404368227,0.0,0.0,0.0,0.0,False,1174.9329201050284,2.9144144086245234,1440,2023-07-12,0.05,0.2240452136897967,2.529
513,5,286,801.8886998485361,10072.401417303607,9568.781346438445,9624.940091768696,0.9941652888438985,56.15874533024997,0.0838025941670204,0.2161418832156836,0.963500151234834,0.0,0.0,0.0,0.0,False,1713.145471629491,3.079295951228554,1440,2023-05-15,0.05,0.21808595137551104,2.522
514,5,249,197.74466433956565,8517.965520411128,8092.067244390606,8151.3938417232075,0.9927219076289829,59.32659733260094,0.02443685381836657,0.20993249279191817,0.9567375595310597,0.0,0.0,0.0,0.0,False,1421.4596777098857,3.445306188613215,1440,2023-07-02,0.05,0.21675553941284115,2.498
515,5,164,413.66363076953724,5592.602383246247,5312.972264083939,5388.790986059037,0.9859302908256706,75.8187219750983,0.07785917377471215,0.23682133470373484,0.9986846380483692,0.0,0.0,0.0,0.0,False,908.2012682712926,1.2988276317035652,1440,2023-04-09,0.05,0.2288552441353932,2.439
516,5,157,456.08168470362756,5445.1941646466685,5172.934456414328,5193.584116421639,0.9960240058609972,20.64966000731084,0.08816691735540859,0.1970944341378242,0.9600930559123113,0.0,0.0,0.0,0.0,False,1408.0737162846192,3.3166918278860447,1440,2023-07-13,0.05,0.1775384889722514,2.464
517,5,168,591.3297270238229,5714.838829922949,5429.096888426818,5461.195388883547,0.9941224405700505,32.09850045672876,0.1089186174378943,0.21244407219930642,0.9708416127547325,0.0,0.0,0.0,0.0,False,1002.0409609951887,2.7376827330542888,1440,2023-07-10,0.05,0.2240295443798502,2.502
518,5,158,513.5844814455005,5562.577278506704,5284.44841458136,5308.110675475909,0.9955422442482461,23.66226089454877,0.09718790707245217,0.22168278085287763,0.9863468507252728,0.0,0.0,0.0,0.0,False,1372.1664176279432,2.1542090715265605,1440,2023-11-15,0.05,0.22683098136070304,2.469
519,5,292,852.4975963846496,9745.383636489298,9258.114454664792,9300.56435548266,0.9954357715085489,42.449900817869185,0.09208112521822522,0.20053100244053382,0.9510003250892234,0.0,4.375,195.15382197927366,0.0,False,1949.0282512843492,3.437702728056588,1525,2023-07-11,0.05,0.20766283286488474,2.651
520,5,194,576.4134497590761,6937.744248509073,6590.857036083631,6622.380753987732,0.9952398209835461,31.52371790409967,0.08745652448586384,0.20646857718649433,0.9535697144656786,0.0,0.0,0.0,0.0,False,1301.117117186549,3.4767424824996986,1440,2023-08-03,0.05,0.23883567645335982,2.556
521,5,286,814.158182827855,10614.767235140054,10084.028873382995,10124.436168396871,0.9960089337972216,40.40729501387695,0.0807373910815391,0.2065442288631052,0.9576992550565601,0.0,0.0,0.0,0.0,False,1847.593487352949,2.9705826697902413,1440,2023-05-15,0.05,0.250387858023702,2.601
522,5,156,564.0758274617253,5640.440047246931,5358.4180448845655,5401.0617988218555,0.9921045610056541,42.64375393729016,0.10526909672533342,0.22673254456183092,0.9510263835863186,0.0,0.5555555555555556,6.884103828151379,0.0,False,933.1829912684628,3.6557974038303884,1456,2023-07-18,0.05,0.2591359581482766,2.539
523,5,212,16.376922269037138,7351.1669893602175,6983.608639892247,7086.128905394777,0.985532260720733,102.52026550252958,0.0023450515504960805,0.26497632258251885,0.9665173651742979,0.0,0.0,0.0,0.0,False,1155.4203066108912,2.406464587534019,1440,2023-12-31,0.05,0.22038351648264815,2.718
524,5,274,1130.8054326763495,10116.612644109908,9610.782011904426,9667.266704605565,0.9941571186120034,56.4846927011386,0.11766008544108832,0.21054786315638635,0.9512177750539701,0.0,1.0416666666666667,32.66382710555473,0.0,False,1965.7828556299423,3.1400594964361717,1455,2023-06-19,0.05,0.10199643537550601,2.551
525,5,219,988.3488655294695,7708.837618962481,7323.395738014329,7374.475141345076,0.9930734862682811,51.07940333074683,0.13495773011407017,0.23315648200762915,0.9907516969578987,0.0,0.0,0.0,0.0,False,1187.790571108799,1.5889173297611445,1440,2023-01-26,0.05,0.12650198806946444,2.52
526,5,146,510.420785024601,5183.777003242181,4924.588153080072,4961.20820928242,0.9926187221625102,36.62005620234906,0.10364740545975597,0.22595445502306166,0.9765841701104537,0.0,0.0,0.0,0.0,False,1214.924506187439,2.092145026744307,1440,2023-10-23,0.05,0.0947096446515156,2.718
527,5,183,599.6298093525726,7004.976974965254,6654.728126216996,6704.293129016142,0.9926069755833573,49.56500279914454,0.09010583121950066,0.24144409218311377,0.9593315630364873,0.0,0.0,0.0,0.0,False,1074.9645415715768,3.2729183617844044,1440,2023-08-09,0.05,0.0838225065320519,2.764
528,5,296,269.9237295541879,10948.493997620877,10401.069297739909,10529.642523639517,0.9877894025736433,128.57322589960808,0.025951536503351705,0.24612686291910998,0.9510084634109066,0.0,0.1388888888888889,1.396750222310922,0.0,False,1760.056126147737,3.302931357364269,1443,2023-08-02,0.05,0.03896338967521057,2.68
529,5,125,146.34461000565506,4248.6844584884,4036.2502355639654,4073.2896465590975,0.9909067573855395,37.039410995132464,0.03625756617272939,0.22207155666059591,1.002211991188657,0.0,0.0,0.0,0.0,False,918.0295770189655,1.2835008347932462,1440,2023-11-02,0.05,-0.00953234257540958,2.48
530,5,167,612.9822482991872,6207.08867024086,5896.73423672879,5963.427047229105,0.9888163618046937,66.6928105003153,0.10395283621247932,0.23011862660250282,0.9623591203215826,0.0,0.0,0.0,0.0,False,1186.247782945633,2.850742386086183,1440,2023-09-16,0.05,0.003489167559795392,2.48
531,5,187,875.8490612520667,6789.702096929678,6450.216992083224,6477.178815140183,0.9958374125793876,26.96182305696068,0.13578598399512046,0.20190280314809161,0.9851943509000904,0.0,0.0,0.0,0.0,False,1286.2020375710895,1.7586866844898552,1440,2023-02-23,0.05,-0.005303109534360917,2.541
532,5,159,826.3080925993654,5660.85918592731,5377.81622663095,5388.3850997215,0.9980385824518934,10.568873090549962,0.15365123272667577,0.18691548490802273,0.9793262805240213,0.0,0.0,0.0,0.0,False,1476.0118998323433,2.0048979790837214,1440,2023-01-19,0.05,0.049642740232614085,2.596
533,5,298,1168.0713644012264,10907.757652114453,10362.369769508718,10446.572671764588,0.9919396624231163,84.20290225587131,0.1127224168199708,0.22638037363641064,0.9535471808651882,0.0,0.0,0.0,0.0,False,1677.5184633505814,3.018883268202056,1440,2023-07-10,0.05,0.12722574592894453,2.581
534,5,239,626.6836645243342,7933.692324875849,7537.0077086320725,7592.722685336049,0.9926620556270837,55.714976703976404,0.0831475419358532,0.2214567611405328,0.9633976391831328,0.0,0.0,0.0,0.0,False,1465.2132840074662,3.006397010910711,1440,2023-05-15,0.05,0.1011503766017349,2.706
535,5,211,691.3456143193212,7446.754379735101,7074.416660748339,7142.1828013991935,0.9905118445529596,67.76614065085445,0.09772475208523976,0.2435604915125111,0.9724352061050334,0.0,0.0,0.0,0.0,False,943.0919622938054,2.676085907616721,1440,2023-09-07,0.05,0.09004919057387178,2.587
536,5,155,406.5195133428896,5879.416947727147,5585.446100340787,5635.95397188705,0.9910382746562155,50.507871546261754,0.07278192395735167,0.23037643279172948,0.9900324333018945,0.0,0.0,0.0,0.0,False,1153.6831449534006,1.5463073748623002,1440,2023-11-09,0.05,0.030362010357603553,2.446
537,5,266,970.6799595178785,9829.930505814778,9338.43398052397,9404.443507699947,0.9929810278383904,66.00952717597498,0.1039446187168327,0.23435693965749596,0.9606252535683717,0.0,0.0,0.0,0.0,False,1822.8474947702935,2.7369247821816085,1440,2023-05-11,0.05,0.010098373730722032,2.554
538,5,143,497.552466088464,4916.952160411455,4671.104552390883,4697.2445299528135,0.9944350400761034,26.139977561930543,0.10651709044572638,0.21633062335048747,0.960018795416807,0.0,0.0,0.0,0.0,False,1097.1315887228495,3.283284135851621,1440,2023-08-17,0.05,-0.016587497658344275,2.529
539,5,149,554.6226511532357,5391.191761005327,5121.6321729550655,5145.21872499537,0.9954158310266341,23.586552040304348,0.10829021538913658,0.20585093941923135,0.9964574754080482,0.0,0.0,0.0,0.0,False,980.1151650034715,1.5637908582225588,1440,2023-04-26,0.05,0.0009051699382970346,2.483
540,5,197,48.35771233936734,7268.890380384062,6905.445861364817,6967.327840508524,0.9911182621859816,61.8819791437081,0.007002837081081648,0.2414270013327876,0.9826730912050944,0.0,0.0,0.0,0.0,False,1327.4693044547053,1.8865349561832434,1440,2023-12-28,0.05,0.03766206169341196,2.538
541,5,252,525.2665190301891,9289.766748933082,8825.278411486377,8880.659110095357,0.9937638977104724,55.38069860898145,0.05951840775318071,0.2283631510678674,0.9842344153919494,0.0,0.0,0.0,0.0,False,1529.06434254249,1.9228430629816249,1440,2023-11-22,0.05,-0.01327111117895921,2.529
542,5,266,964.465666459362,9599.221703908777,9119.260618713333,9157.348747619119,0.9958407034660891,38.08812890578582,0.10576138864594065,0.199455126148646,0.9607318674889045,0.0,0.0,0.0,0.0,False,1903.7328442044077,2.5371542897863106,1440,2023-07-09,0.05,-0.026695336447425083,2.466
543,5,226,736.3130971944356,8007.683474436539,7607.299300714734,7656.6849441803715,0.9935499966596936,49.385643465636555,0.09679034149809988,0.207761534864876,0.9510020494139719,0.0,4.166666666666667,101.15842496439984,0.0,False,1952.1402920815403,3.434757059822556,1602,2023-06-13,0.05,0.02619018185265698,2.574
544,5,208,741.7072456608136,7345.344153851953,6978.076946159373,7005.9054991394205,0.9960278435123816,27.82855298004741,0.10629106720713906,0.21225762357282657,0.9611092745443904,0.0,0.0,0.0,0.0,False,1545.1165999793561,2.9462776825221453,1440,2023-08-16,0.05,0.049836420573772855,2.544
545,5,298,978.9833263048895,10845.346393026315,10303.079073375005,10328.38990794218,0.9975493920356635,25.31083456717547,0.09501852012712948,0.1982843547499137,0.951001946586532,0.0,6.180555555555555,444.6092782843343,0.0,False,2464.8576579364576,3.95860321564522,1599,2023-06-13,0.05,0.05824913521453293,2.709
546,5,160,-23.726131213061542,5784.582840636488,5495.353698604682,5519.400889797278,0.9956431519158089,24.047191192595832,-0.004317489376359125,0.21592709477259503,0.9937098632946141,0.0,0.0,0.0,0.0,False,1070.7866744861806,1.4505832929122144,1440,2023-12-24,0.05,0.09580628060005364,2.559
547,5,176,512.9683033801247,6400.426286190737,6080.404971881204,6113.07954568841,0.9946549732319038,32.67457380720615,0.08436416747771629,0.2187729099855709,0.9590689390144364,0.0,0.0,0.0,0.0,False,1255.1943570099832,3.0388265546295794,1440,2023-05-23,0.05,0.08624161411994155,2.592
548,5,277,784.5680494411374,9859.443426894966,9366.47125555022,9416.172126695019,0.9947217541824775,49.70087114479913,0.08376346097002453,0.2199369692321878,0.9510000825148975,0.0,2.0833333333333335,98.77282697729157,0.0,False,1771.5238352417946,4.036147058264811,1540,2023-06-05,0.05,0.07139044196802644,2.591
549,5,204,559.2696126616811,7582.2977245369175,7203.1828383100965,7210.515868870807,0.9989830088867332,7.333030560709732,0.07764201259576643,0.18444994143519775,0.9589211644976972,0.0,0.0,0.0,0.0,False,1638.4447338653406,3.0998143275976413,1440,2023-05-23,0.05,0.05595172544232771,2.499
550,5,262,1028.166221081439,8915.823444081401,8470.032271877393,8503.33879263931,0.9960831243380839,33.30652076191568,0.12138870172846988,0.20929276441835934,0.9714778114147702,0.0,0.0,0.0,0.0,False,1843.8309860163,2.398051893509921,1440,2023-04-16,0.05,0.122449716303387,2.702
551,5,169,640.2556805185408,5948.359269615208,5650.94130613444,5666.968612245091,0.9971718025619518,16.027306110649644,0.11330071324993313,0.1914332184849763,0.9601180844727674,0.0,0.0,0.0,0.0,False,1236.069531261921,2.961229142436581,1440,2023-09-26,0.05,0.12052926020836095,2.612
552,5,207,461.46508937315656,7644.9947511811515,7262.745013622088,7299.820928156156,0.9949209830078074,37.07591453406722,0.063538660452436,0.18313404333608346,0.963860069855983,0.0,0.0,0.0,0.0,False,990.934074453286,3.0263405209674037,1440,2023-05-27,0.05,0.15871223546153404,2.575
553,5,253,875.1972394686995,9044.807517886717,8592.5671419924,8633.541879391409,0.9952540060647859,40.974737399007964,0.10185515283221439,0.2232069380537963,0.9740186165261071,0.0,0.0,0.0,0.0,False,1752.3675313984736,2.226033367975945,1440,2023-04-27,0.05,0.20836009882483253,2.621
554,5,253,903.4460916711226,9509.03497959578,9033.583230616005,9055.13271580938,0.9976201911258845,21.549485193376384,0.10000971581345758,0.20077009952779357,0.9654345409523778,0.0,0.0,0.0,0.0,False,1990.5653624534607,2.599056113620313,1440,2023-04-25,0.05,0.1587576742338133,2.566
555,5,132,495.2341460435439,4867.323766646067,4623.957578313778,4643.999333209398,0.9956843760178213,20.041754895620326,0.10710179270808563,0.21026185579898038,0.9660207775930851,0.0,0.0,0.0,0.0,False,1055.433622875991,2.905768704653951,1440,2023-05-14,0.05,0.1683982743418142,2.56
556,5,291,842.8350362844566,10459.800958703954,9936.810910768821,9974.705750833862,0.9962009064716648,37.89484006503925,0.0848194701351367,0.19340801347897216,0.9608159899585724,0.0,0.0,0.0,0.0,False,2079.1025879977146,2.8204945398663273,1440,2023-11-14,0.05,0.15471579784165496,2.555
557,5,252,6.915696410065645,8285.271399837206,7871.0078298453445,7924.748099042763,0.9932186779282095,53.74026919741834,0.0008786290853177222,0.19121525657744934,0.9561799550474358,0.0,0.0,0.0,0.0,False,1026.611493288538,3.3880358218316253,1440,2023-07-01,0.05,0.181177869071597,2.824
558,5,175,681.3697553424034,6365.742540387607,6047.455413368236,6070.472774931559,0.9962083082460439,23.017361563323544,0.11267048845638411,0.20746829859642657,0.9859575401866193,0.0,0.0,0.0,0.0,False,1142.3332720237067,1.6945358037325327,1440,2023-10-22,0.05,0.20761082841002843,2.535
559,5,271,821.2826791084145,9570.685992832488,9092.151693190839,9125.440083265414,0.9963521331825278,33.288390074573314,0.0903287480040041,0.2076772582163686,0.953555843315659,0.0,0.0,0.0,0.0,False,2201.4620942557667,3.0764663832293557,1440,2023-10-08,0.05,0.1926270885092023,2.523
560,5,171,615.6084430926635,5713.22292664795,5427.561780315572,5450.706862162104,0.9957537467283003,23.14508184653142,0.11342265053993922,0.21487126747537805,0.9959091197417816,0.0,0.0,0.0,0.0,False,1049.3418184445816,1.6575857522044761,1440,2023-10-25,0.05,0.17979652251385048,2.486
561,5,164,492.5885801415966,5705.716232763831,5420.430421125675,5440.429061417357,0.9963240692846251,19.998640291681177,0.09087628506802223,0.19999125379534013,0.9621976251060056,0.0,0.0,0.0,0.0,False,1231.5306437771133,3.0500843793258205,1440,2023-05-24,0.05,0.15296168597397938,2.514
562,5,168,619.3169156274394,6165.271674298242,5857.008090583311,5886.092443466365,0.9950588012059958,29.084352883053853,0.10573946732686865,0.2164531616687757,0.9892736652470219,0.0,0.0,0.0,0.0,False,1241.3317238780241,1.6370852539763963,1440,2023-11-21,0.05,0.16423028414839888,2.645
563,5,184,464.71035568165195,6128.653731192791,5822.221044633157,5846.145524553962,0.995907648925207,23.924479920804455,0.07981668028733047,0.20434052064861394,0.9586516466811744,0.0,0.0,0.0,0.0,False,1297.573283613453,3.1099415459215813,1440,2023-05-23,0.05,0.13620630728293745,2.528
564,5,121,131.58212032128912,4416.397189417552,4195.577329946707,4203.686298918603,0.9980709861784925,8.108968971896484,0.03136210108251312,0.19090781674162802,0.9860178318714122,0.0,0.0,0.0,0.0,False,1059.9829883045782,1.7870399634020968,1440,2023-01-29,0.05,0.14021791000249348,2.471
565,5,182,575.449514265109,6320.690647327544,6004.656114961152,6042.415449136368,0.9937509536553609,37.75933417521655,0.0958338834477671,0.21029583787577788,0.9562777592313818,0.0,0.0,0.0,0.0,False,1217.9135757929635,3.3464613260381855,1440,2023-05-17,0.05,0.1734337499364259,2.454
566,5,259,859.5845250900875,9197.265209149627,8737.401948692144,8771.85883514164,0.9960718831553176,34.45688644949428,0.09837987655114735,0.20753801715650017,0.9788722025427402,0.0,0.0,0.0,0.0,False,1626.1117887137045,2.1046601202674116,1440,2023-01-06,0.05,0.1568379834946533,2.56
567,5,278,971.2459832621807,9551.411181215322,9073.840622154508,9101.955939460902,0.9969110686215803,28.11531730639192,0.10703802543002638,0.21163279975995536,0.970746295590268,0.0,0.0,0.0,0.0,False,1742.6713477210583,2.2203823610387694,1440,2023-11-20,0.05,0.14925167506582115,2.51
568,5,258,752.2484605917448,9328.052381172136,8861.649762113544,8905.42849875554,0.9950840392859126,43.77873664199721,0.08488808300773219,0.20577242128457354,0.9548575342475735,0.0,0.0,0.0,0.0,False,1729.8828279006284,3.3566136190590896,1440,2023-06-11,0.05,0.13359246660715626,2.558
569,5,148,372.8348818427404,4907.77848613313,4662.389561826483,4689.564357015583,0.9942052623398918,27.17479518909916,0.07996648004176703,0.2052061078230438,0.9697844319772186,0.0,0.0,0.0,0.0,False,785.1787940052895,2.8148494620554754,1440,2023-08-05,0.05,0.13366931142183566,2.575
570,5,198,672.2277309131389,6901.050476717831,6555.997952881926,6576.762713242554,0.9968427079908452,20.76476036062824,0.10253629359625363,0.21367121368054315,0.9541989109768331,0.0,0.0,0.0,0.0,False,1456.040802751555,3.024650980260432,1440,2023-08-10,0.05,0.13471637149779242,2.496
571,5,285,771.4145508985189,9858.653025433376,9365.720374161738,9399.998256678082,0.9963534160772858,34.27788251634428,0.08236574658226041,0.2065026770420824,0.9649881914462087,0.0,0.0,0.0,0.0,False,1905.5861555049933,2.991160324814635,1440,2023-06-09,0.05,0.11624722598803211,2.458
572,5,274,927.4290630126544,9495.596726826967,9020.81689048563,9076.651904764221,0.9938485010922051,55.835014278591856,0.10280987567665026,0.2034582542425566,0.9510004128027488,0.0,4.930555555555555,198.65039036397596,6.748964614094076,True,1129.6660913429898,3.9903291859885535,1657,2023-08-26,0.05,0.1169175563327334,2.533
573,5,136,139.90357067092634,4941.969513612281,4694.8710379316635,4732.06820782058,0.9921393419842424,37.19716988891662,0.029799236132492617,0.23132508117155373,1.0025178697169967,0.0,0.0,0.0,0.0,False,791.0438704343337,1.1980539487879416,1440,2023-11-03,0.05,0.12397863805532339,2.489
574,5,144,549.3226004712789,5196.156092755866,4936.348288118057,4952.3515828444815,0.9967685463241621,16.003294726424848,0.11128116745601507,0.20893210300851106,0.9937109581023269,0.0,0.0,0.0,0.0,False,1131.6648185830104,1.6415305846272727,1440,2023-10-26,0.05,0.06675423013102397,2.558
575,5,126,625.005885823819,4848.115912480754,4605.71011685672,4622.922394307161,0.9962767539702511,17.21227745044221,0.13570239332612832,0.1968840697628605,0.9945891477203942,0.0,0.0,0.0,0.0,False,958.7154639122766,1.4685708135905555,1440,2023-01-28,0.05,0.06979265059985273,2.543
576,5,292,1096.4000852996116,10372.518017435685,9853.892116563904,9893.71174650324,0.9959752587340731,39.81962993933708,0.1112656879464529,0.20553856129995562,0.9510055704251013,0.0,1.1805555555555556,30.19677666222492,0.0,False,2013.3258818171828,3.5532016145300567,1471,2023-06-14,0.05,0.09888485662720399,2.508
577,5,266,784.9484868127395,9420.29803609764,8949.283134292764,8985.877168123112,0.9959276058257103,36.594033830347165,0.08771076688867903,0.20204169494477195,0.96550108285812,0.0,0.0,0.0,0.0,False,1932.8029343984072,2.4275700648288314,1440,2023-11-06,0.05,0.10284181200247794,2.524
578,5,252,885.7793608735597,8936.380434994615,8489.561413244875,8527.810213836448,0.9955148156874418,38.24880059157317,0.10433747018916935,0.22122729476232444,0.9703203419661367,0.0,0.0,0.0,0.0,False,1902.1632193309506,2.432875258160035,1440,2023-04-25,0.05,0.11359839753686254,2.513
579,5,131,547.8063840943987,4742.62373519681,4505.4925484369705,4516.245713536697,0.9976190035304112,10.753165099726122,0.12158634781993852,0.184263950150339,0.9955007298324068,0.0,0.0,0.0,0.0,False,915.0413210589279,1.4038432654333555,1440,2023-10-15,0.05,0.07893398162763854,2.426
580,5,127,432.9981236804087,4194.471077877855,3984.747523983952,4006.536085937586,0.9945617457358966,21.788561953633536,0.10866387922301712,0.20370513938409004,0.967078938159804,0.0,0.0,0.0,0.0,False,784.0555388228803,2.9572411171393047,1440,2023-06-29,0.05,0.13330860953911036,2.465
581,5,222,648.6301928412032,8023.9788388007655,7622.779896860699,7663.396960489134,0.9946998617143484,40.61706362843428,0.08509102999396972,0.1897207225295711,0.9510116251677188,0.0,0.9027777777777778,17.904786441455382,0.0,False,979.9902062402073,3.6128663719113097,1466,2023-06-24,0.05,0.13385243858483103,2.616
582,5,151,695.4520947901349,5212.653208663777,4952.0205482305555,4975.426720136554,0.9952956453340437,23.406171905997848,0.14043804705912058,0.2049736614646571,0.986841494062811,0.0,0.0,0.0,0.0,False,1132.1814996850144,1.6258489948483021,1440,2023-02-22,0.05,0.1655671827748707,2.438
583,5,213,710.7825029512173,8065.5651548661735,7662.286897122878,7682.2067168429785,0.9974070185228905,19.919819720099795,0.09276375480251332,0.1952922428153535,0.951003283217725,0.0,0.9722222222222222,17.330548520959432,0.0,False,1787.428083889574,3.2298979583317653,1470,2023-09-07,0.05,0.15713382939648038,2.43
584,5,137,427.8158512416616,4220.692922355302,4009.658276237522,4028.088171937761,0.9954246543487718,18.429895700239136,0.10669633713601755,0.2001619567635659,0.9566177621682422,0.0,0.0,0.0,0.0,False,940.7883428292976,3.4445639540070716,1440,2023-08-20,0.05,0.17192165558146832,2.477
585,5,280,1038.6854234974944,9654.47771399963,9171.75382829973,9222.675982856776,0.9944785922598062,50.922154557043335,0.1132482884890127,0.207688256902534,0.9638519082382118,0.0,0.0,0.0,0.0,False,2058.2211096060296,2.4891151592900536,1440,2023-01-09,0.05,0.17303044800521314,2.471
586,5,240,949.9262372791676,8546.904158826394,8119.558950885095,8161.994131888444,0.9948008807262484,42.435181003348724,0.11699234441491656,0.20934170389986223,0.9622523400739664,0.0,0.0,0.0,0.0,False,1639.6976337986305,2.789569134246495,1440,2023-06-19,0.05,0.15697520879335242,2.436
587,5,242,708.8500976020134,8316.414809479804,7900.594069005781,7934.83872353623,0.9956842658403539,34.24465453044926,0.08972111355307434,0.19118695931013632,0.9589887724048098,0.0,0.0,0.0,0.0,False,1923.2114744640994,2.4806217324352673,1440,2023-03-29,0.05,0.14002634883474868,2.454
588,5,261,701.710804545391,9532.446165570296,9055.823857291776,9082.639278719866,0.9970476179219275,26.815421428087724,0.07748724087432106,0.19633430943065783,0.9626842489247478,0.0,0.0,0.0,0.0,False,1911.9179668191587,2.940245696789417,1440,2023-05-21,0.05,0.16684835099975587,2.49
589,5,297,921.9315012100429,10339.995635244135,9822.995853481967,9865.894929440876,0.9956517805768543,42.89907595890679,0.0938544121326535,0.20191966186120114,0.9510010402850552,0.0,3.125,126.01214283196879,0.0,False,2135.563703621133,3.805691912351003,1515,2023-07-28,0.05,0.1771650669950814,2.508
590,5,264,899.9422771150197,9532.77720700997,9056.13834665946,9088.678509515692,0.9964197036101383,32.540162856231106,0.09937373333601751,0.19633091713578935,0.9546999526087312,0.0,0.0,0.0,0.0,False,1791.4502607223947,3.0849310405206087,1440,2023-08-14,0.05,0.17303468135108652,2.498
591,5,243,19.635801512832355,8616.991436894989,8186.141865050275,8224.5646867072,0.9953282850678985,38.42282165692368,0.002398663721754566,0.18028493620124011,0.9562475243537255,0.0,0.0,0.0,0.0,False,1661.3982763214362,2.8843198490728224,1440,2023-12-31,0.05,0.18220906537500706,2.494
592,5,159,569.5398390621712,5434.309463575113,5162.593990396361,5178.116984038699,0.9970021933281563,15.52299364233796,0.11032047844971912,0.18325549404267846,0.9690611886332532,0.0,0.0,0.0,0.0,False,1061.3033219355768,2.8260303329621306,1440,2023-07-10,0.05,0.22583548384008983,2.414
593,5,180,419.21759514011694,6164.113125984714,5855.907469685466,5877.345429983223,0.9963524416672208,21.437960297756973,0.07158883525914628,0.20434092126368453,0.9793462135145257,0.0,0.0,0.0,0.0,False,1260.3836354964296,1.8636506162978217,1440,2023-11-19,0.05,0.25503861665885774,2.514
594,5,191,570.6635606082008,6701.1301254776,6366.073619203718,6384.736724943681,0.9970769185098814,18.663105739961992,0.08964136997831021,0.19075912281076046,0.9866790630281155,0.0,0.0,0.0,0.0,False,1398.9612936766969,1.8858353757128876,1440,2023-03-29,0.05,0.2317961369644745,2.467
595,5,289,1195.8860057475597,10408.66656997748,9888.23324147865,9932.702805189347,0.9955229140967086,44.46956371069432,0.12094031123083937,0.2128078640848157,0.9752493338202609,0.0,0.0,0.0,0.0,False,1721.9294385273788,2.302729023138051,1440,2023-11-29,0.05,0.24354415366486282,2.466
596,5,243,1139.6691954693763,8626.629667876947,8195.298184483137,8266.352444544264,0.9914043998803824,71.05426006112596,0.13906378630947314,0.22079465212485613,0.9767791199556678,0.0,0.0,0.0,0.0,False,1638.7821367188649,2.3148477275671526,1440,2023-02-08,0.05,0.20379494301801115,2.547
597,5,134,403.68480685043266,5015.980461643752,4765.181438561546,4778.74266725065,0.9971621764063504,13.561228689103048,0.08471551651395083,0.21096019651028167,0.9616259756448323,0.0,0.0,0.0,0.0,False,986.1771515977691,3.1574981989223794,1440,2023-07-26,0.05,0.1533849082061981,2.482
598,5,237,576.9733026312397,8335.663117516491,7918.879961640652,7956.880893303178,0.9952241422019389,38.000931662525026,0.07286046832710177,0.2154506160292929,0.975303864790898,0.0,0.0,0.0,0.0,False,1497.9551175284223,2.194700981783758,1440,2023-11-19,0.05,0.13414467288329734,2.48
599,5,243,193.3713647715695,8920.07733875528,8474.07347181757,8534.333228316656,0.9929391371432338,60.25975649908719,0.022819174912120987,0.2100593986300415,0.9768691045350745,0.0,0.0,0.0,0.0,False,1454.9155394743975,2.1137032181820463,1440,2023-12-29,0.05,0.1081010308816874,2.561
