episode,stage,n_ev,cost_eur,energy_drawn_kwh,energy_delivered_kwh,energy_requested_kwh,service_quality,unmet_kwh,cost_per_kwh,retail_price_paid,min_voltage_pu,violation_rate_pct,q_activation_pct,q_kvarh,curtailed_kwh,q_exhausted_any,peak_ev_kw,peak_feeder_mw,pf_solves,day,noise,w_retail,wall_s
0,0,60,181.8314019549365,2239.171121177033,2127.212565118175,2132.1436021879185,0.997687286604578,4.931037069743665,0.08547871751821617,0.19680382123087056,0.9749384171594132,0.0,0.0,0.0,0.0,False,431.05767768621445,2.5731369811289717,1440,2023-10-05,0.3,0.0,0.631
1,0,60,193.61957894913758,2024.440365074204,1923.218346820498,1930.5687369686639,0.9961926296601553,7.350390148165678,0.10067477739552205,0.19798334342103288,0.9687619516356168,0.0,0.0,0.0,0.0,False,453.1149982997723,2.873409070253676,1440,2023-09-06,0.2985,0.007191402230541259,0.28
2,0,60,206.49579497304046,2017.74920093793,1916.8617408910332,1940.5458196274674,0.9877951458311967,23.68407873643433,0.1077259723891474,0.23933268443869107,0.9676521692425678,0.0,0.0,0.0,0.0,False,327.5059641274494,2.8987473239579526,1440,2023-06-29,0.2970075,0.010450408025565523,3.342
3,0,60,229.62368131110375,2262.755636736673,2149.617854899843,2174.0394456362487,0.9887667214201542,24.42159073640518,0.1068206987524313,0.2423416228792737,0.9734138540352666,0.0,0.0,0.0,0.0,False,240.84514728760416,2.6644153091345806,1440,2023-06-17,0.29552246249999997,-0.07987757179919763,3.504
4,0,60,214.2096488119899,2188.369735092711,2078.951248338082,2099.5538083798997,0.9901871721698263,20.602560041817473,0.10303736029559592,0.2375933619623245,0.9989110791041638,0.0,0.0,0.0,0.0,False,366.81363829282475,1.436402970471526,1440,2023-04-25,0.2940448501875,-0.16087670137225363,2.704
5,0,60,206.28774258916582,2031.325533532486,1929.7592568558705,1948.734733939736,0.9902626680002244,18.975477083865794,0.1068981749180815,0.24251144320620246,0.9989260426881253,0.0,0.0,0.0,0.0,False,342.2997364997864,1.4518470744907606,1440,2023-03-27,0.29257462593656247,-0.2171094991115264,2.552
6,0,60,295.5939725945098,2317.1401890972024,2201.2831796423307,2224.182466547462,0.9897044027414365,22.89928690513105,0.13428257451298864,0.24212055680111907,1.0085141200445644,0.0,0.0,0.0,0.0,False,364.3006623700114,1.0067812668278535,1440,2023-04-05,0.2911117528068797,-0.2750410881997863,2.609
7,0,60,220.42927139018735,2121.0066919707797,2014.9563573722323,2043.360755662356,0.9860991759720292,28.40439829012313,0.10939654875585299,0.2399508603674832,0.9616895257003178,0.0,0.0,0.0,0.0,False,353.26639340841746,3.168534991324728,1440,2023-06-22,0.28965619404284526,-0.3226324372192667,2.792
8,0,60,36.72068112875725,2292.3680167439707,2177.749615906765,2184.695607576476,0.9968206135236312,6.945991669711168,0.016861755300306917,0.20116598552347806,1.0090528816822693,0.0,0.0,0.0,0.0,False,473.97880348481556,0.9750200469028001,1440,2023-04-10,0.28820791307263105,-0.35792972729922623,3.836
9,0,60,291.0580678718322,2101.2625270504363,1996.1994006978982,1997.5175868352887,0.999340087843993,1.318186137390641,0.14580610923441534,0.1580961153313737,1.0069785121177393,0.0,0.0,0.0,0.0,False,399.4744094693019,1.096847247512239,1440,2023-01-27,0.28676687350726787,-0.30089913398255647,3.389
10,0,60,241.36766813950513,2356.675015201883,2238.841264441773,2243.798295539151,0.9977907857817556,4.957031097377357,0.10780919218035188,0.15757345921909727,1.002482680437958,0.0,0.0,0.0,0.0,False,311.00638580322266,1.2936878331057962,1440,2023-12-02,0.28533303913973157,-0.15842575067315973,3.535
11,0,60,214.727500662447,2224.482862301134,2113.258719186074,2114.4716346695895,0.9994263741997631,1.2129154835157214,0.10160966033782638,0.15432441301639355,0.9581077820613573,0.0,0.0,0.0,0.0,False,413.2236904389106,3.375129408973338,1440,2023-06-26,0.2839063739440329,-0.04117587353958907,3.474
12,0,60,225.70464645818132,2193.243364920681,2083.5811966746305,2084.8852512924377,0.9993745197166133,1.3040546178071306,0.10832534235690124,0.15747946502473067,0.975414259228216,0.0,0.0,0.0,0.0,False,475.6084222380009,2.5488774330188386,1440,2023-09-08,0.2824868420743127,0.06205570916239597,4.056
13,0,60,159.27567356589904,2076.235593199175,1972.4238135392059,1973.6321747827199,0.9993877474947189,1.2083612435140614,0.08075124244221316,0.15534958268057,0.9670333662244945,0.0,0.0,0.0,0.0,False,419.4581104703279,2.7856288205171014,1440,2023-06-09,0.28107440786394117,0.1398258876544058,3.776
14,0,60,273.45511268339374,2268.9587777261263,2155.510838839806,2157.018784139889,0.9993009123002682,1.5079453000821577,0.12686325104752416,0.1542226884726627,0.956090142092595,0.0,0.0,0.0,0.0,False,474.91487473481016,3.437000466075228,1440,2023-08-23,0.27966903582462144,0.20896029247113865,3.606
15,0,60,248.85050387899017,1955.6415404361899,1857.8594634143815,1861.5702966041813,0.9980066113019911,3.7108331898001605,0.13394474058960937,0.15751295348918254,1.0058706808538433,0.0,0.0,0.0,0.0,False,507.3905551363846,1.0770043043887372,1440,2023-01-28,0.27827069064549836,0.2690358491582878,3.457
16,0,60,176.71182804008782,2284.979526417279,2170.73055009641,2175.129002283076,0.9979778430695149,4.3984521866655975,0.08140661586590718,0.1575343980666342,0.9595347734239735,0.0,0.0,0.0,0.0,False,445.4552148473776,3.2267342020333443,1440,2023-05-16,0.2768793371922708,0.31198206379720445,3.728
17,0,60,228.5899911302189,2213.0389803992402,2102.387031379275,2105.899289765339,0.9983321812191431,3.512258386063755,0.1087287867164268,0.1605829560143833,1.0043482259823564,0.0,0.0,0.0,0.0,False,388.5435288616878,1.194624650565507,1440,2023-04-15,0.27549494050630946,0.3484151375346124,3.536
18,0,60,224.19695772475717,1844.7818343595925,1752.5427426416113,1753.8535608597717,0.9992526068040037,1.3108182181605894,0.1279266703571661,0.15575936565325918,0.9960407259429713,0.0,0.0,0.0,0.0,False,415.1668226154811,1.5999016826379273,1440,2023-01-02,0.27411746580377794,0.37282562123877155,3.447
19,1,60,280.17816761875946,2139.0340712116626,2032.082367651086,2035.4647949131424,0.998338253125031,3.3824272620563507,0.13787736761016312,0.15753838089153963,1.0077557043961847,0.0,0.0,0.0,0.0,False,416.77370035648346,1.0477637253640535,1440,2023-01-21,0.27274687847475904,0.40517793871390895,3.454
20,1,120,237.96191866043122,4200.804419886634,3990.7641988923033,3994.747774576146,0.9990027966949013,3.9835756838421017,0.059628158117305236,0.15787129053155347,0.9990098986845607,0.0,0.0,0.0,0.0,False,905.101659657626,1.2946740544493818,1440,2023-12-18,0.27138314408238523,0.42926904012522493,3.635
21,1,120,357.8720804224785,4260.354720677253,4047.3369846433843,4054.583305643858,0.9982128074689237,7.246321000473756,0.08842161692498927,0.15674160303677637,0.9903439501043851,0.0,0.0,0.0,0.0,False,1016.6909875212822,1.6777096724751905,1440,2023-01-15,0.2700262283619733,0.4499159555196696,3.399
22,1,120,474.6663546501191,4293.815024021446,4079.1242728203574,4091.6824692853384,0.996930798868375,12.558196464980782,0.11636476922580465,0.18813080514201985,0.9851363481907499,0.0,0.0,0.0,0.0,False,811.2848504668544,2.107733063304665,1440,2023-06-20,0.26867609722016345,0.47108172017189615,3.216
23,1,120,145.52012451842654,4347.738504976233,4130.351579727401,4139.232567592127,0.9978544361256095,8.880987864726052,0.03523189774755947,0.17498801887383358,0.9596052365126655,0.0,0.0,0.0,0.0,False,901.9666387331006,3.2747161537610574,1440,2023-07-14,0.2673327167340626,0.4195515470050407,2.684
24,1,120,361.35340012238044,4234.449707579833,4022.727222200849,4028.348269522436,0.9986046272701607,5.621047321587213,0.08982796500049105,0.17977354847119933,0.9949729006821938,0.0,0.0,0.0,0.0,False,1031.6994652598614,1.4222119776029563,1440,2023-01-31,0.2659960531503923,0.4084921373178745,2.767
25,1,120,-20.09747686036852,3913.3321795523552,3717.6655705747226,3725.1072471380985,0.9980022919959973,7.441676563375197,-0.00540593995851585,0.1873918729633559,0.9964151479648395,0.0,0.0,0.0,0.0,False,940.9328257284667,1.3438322842106842,1440,2023-12-24,0.26466607288464034,0.3901277670303769,2.702
26,1,120,259.52020947699526,4092.28924650566,3887.674784180397,3893.453470443246,0.9985157941897298,5.77868626284835,0.06675460883020017,0.20079724558603623,0.9896310664762844,0.0,0.0,0.0,0.0,False,1005.1881902792926,1.703608153382588,1440,2023-04-01,0.26334274252021717,0.3593063632694665,2.58
27,1,120,39.18303583486978,3983.1298151105348,3783.973324355021,3806.083475423784,0.994190839162743,22.110151068763436,0.010354997901986672,0.21756109157901,0.965025109496833,0.0,0.0,0.0,0.0,False,536.970279412161,2.98227956297461,1440,2023-07-15,0.26202602880761605,0.3051175582115397,2.584
28,1,120,381.83516749968356,4189.454669648208,3979.9819361657947,3983.1313489245213,0.9992093123518065,3.1494127587262737,0.09593891972975463,0.16763909007120234,0.9807445504224894,0.0,0.0,0.0,0.0,False,1033.6846856382585,2.313498317231458,1440,2023-05-09,0.260715898663578,0.2240079984017055,2.563
29,1,120,396.7105382281894,4445.729764460113,4223.443276237111,4238.339020226537,0.9964854760512691,14.895743989425958,0.09393059460754492,0.19561370724524402,0.9887263292590408,0.0,0.0,0.0,0.0,False,1014.4107074949613,1.7409923272504015,1440,2023-03-26,0.2594123191702601,0.2705667993674548,2.597
30,1,120,414.51857410304694,4603.055797478563,4372.903007604592,4378.368047816644,0.9987518088583764,5.465040212052462,0.0947925379049543,0.17298830809114418,0.9849216933380543,0.0,0.0,0.0,0.0,False,1075.017491042614,1.8056582814321422,1440,2023-11-15,0.2581152575744088,0.2464889969949004,2.922
31,1,120,378.2593103953532,4138.227320569515,3931.3159545410645,3932.930659713862,0.9995894397047633,1.6147051727979402,0.09621697028915363,0.1652629948425296,0.9535350843282532,0.0,0.0,0.0,0.0,False,937.2885263142061,3.515451751892773,1440,2023-08-27,0.25682468128653674,0.2783532178313193,2.788
32,1,120,540.4176323666892,4089.3818131828934,3884.9127225237644,3885.9863565679925,0.999723716465856,1.073634044228342,0.13910676274230854,0.15683823407107492,0.9946038989413355,0.0,0.0,0.0,0.0,False,946.5802277316236,1.3315242633183197,1440,2023-01-21,0.25554055788010405,0.32257713390528,2.782
33,1,120,479.6196480113328,4226.722237304014,4015.386125438814,4017.0472396472737,0.9995864837754296,1.661114208459228,0.11944546129020617,0.16131254992948357,0.9699371773601296,0.0,0.0,0.0,0.0,False,979.7097877588905,2.8244922244546107,1440,2023-09-25,0.25426285509070357,0.37864882875809514,3.132
34,1,120,48.6880163874954,4193.534646593941,3983.8579142642407,4015.9343632337127,0.9920127058691159,32.07644896947197,0.01222132350984896,0.23292727201003074,0.9975088476441918,0.0,0.0,0.0,0.0,False,745.4858353141922,1.5006428570519317,1440,2023-12-30,0.25299154081525005,0.41559706225537396,3.55
35,1,120,366.5618127743744,3895.0781610911167,3700.324253036565,3711.9369009252346,0.9968715395227287,11.612647888669793,0.09906207880932758,0.19925761404781,0.9530657699347179,0.0,0.0,0.0,0.0,False,683.9921149643268,3.5683245021278904,1440,2023-09-02,0.25172658311117374,0.28595689687549175,3.706
36,1,120,429.3241215157882,4530.718344255144,4304.18242704238,4320.1074752299355,0.9963137379616447,15.925048187554513,0.09974580046106418,0.21493237480226499,0.9936729929368061,0.0,0.0,0.0,0.0,False,767.6049960456977,1.7104174913675,1440,2023-09-29,0.2504679501956179,0.2563551313860811,3.415
37,1,120,501.12864445937635,4192.763371040327,3983.125202488318,3992.118512626868,0.9977472336780322,8.993310138549283,0.12581292803608427,0.19472805481107797,0.9676910378993453,0.0,0.0,0.0,0.0,False,821.1181915644545,2.845003408691352,1440,2023-06-21,0.24921561044463983,0.1974426265946384,3.511
38,1,120,377.8869869904397,4091.9315100117715,3887.3349345111947,3909.0087630950934,0.9944554157083194,21.673828583898356,0.09720978340086261,0.2105760227593069,0.9905308577714917,0.0,0.0,0.0,0.0,False,832.0588085055351,1.717798569040817,1440,2023-09-29,0.2479695323924166,0.19502572400154178,3.725
39,2,120,473.39305253712496,4394.605157672238,4174.874899788663,4180.5850010094455,0.998634138231993,5.710101220782149,0.11339095515439004,0.19954819787128258,0.9826410108396114,0.0,0.0,0.0,0.0,False,874.7336312203815,1.9297287209603282,1440,2023-02-10,0.24672968473045453,0.15769787130299548,3.303
40,2,180,408.9677065595679,6644.866554375716,6312.623226656928,6375.608370296557,0.9901209202351462,62.98514363962859,0.06478569873021729,0.23552743364869116,0.9592623512996673,0.0,0.0,0.0,0.0,False,875.9128988193576,3.2406474547699875,1440,2023-06-10,0.24549603630680228,0.15211939400424782,3.655
41,2,180,564.9114967995833,6139.6393203487,5832.6573543312625,5881.574215596234,0.9916830325569541,48.91686126497173,0.09685319443290917,0.22862420422141597,0.9961333263865967,0.0,0.0,0.0,0.0,False,864.9650301561312,1.5729831978402744,1440,2023-04-30,0.24426855612526827,0.06672592177251624,3.533
42,2,180,622.3583811280356,6325.215436996855,6008.954665147006,6040.359214498577,0.9948008805045583,31.404549351570285,0.10357182169102118,0.22162055386596827,0.989494564368247,0.0,0.0,0.0,0.0,False,1061.1944612474679,1.5886034239877411,1440,2023-01-05,0.2430472133446419,0.012167038516065612,3.562
43,2,180,609.8176596283914,6151.156466235541,5843.598642923798,5870.88375635951,0.9953524691395643,27.285113435712454,0.10435652701214161,0.21723669467869308,0.9904727416270399,0.0,0.0,0.0,0.0,False,1064.500410660329,1.5636738542858095,1440,2023-12-06,0.2418319772779187,-0.017153065000408377,3.511
44,2,180,612.0622198120659,6271.205619975807,5957.645338977047,6003.65673435855,0.9923361049078334,46.011395381503135,0.10273559182983517,0.218472960695086,0.9510071352404096,0.0,0.3472222222222222,1.9457444164252689,0.0,False,707.6243289206417,3.6849921342740473,1450,2023-08-26,0.2406228173915291,-0.03182649233551682,3.503
45,2,180,482.73543652639745,6316.004110670165,6000.203905136653,6015.1978259981115,0.9975073270580306,14.993920861457543,0.08045317195189608,0.2005841883590554,0.9865999967247895,0.0,0.0,0.0,0.0,False,1192.524446419306,1.6459231480699235,1440,2023-11-27,0.23941970330457144,-0.04720866747442232,3.384
46,2,180,334.4586586797884,6580.908071155221,6251.862667597436,6271.771129977353,0.9968257033033683,19.90846237991638,0.053497441716569165,0.20501554392956425,0.9510086195287344,0.0,0.4861111111111111,5.911355122611994,0.0,False,755.0836768457752,3.541348772493065,1455,2023-08-07,0.23822260478804858,-0.020188317864232114,3.533
47,2,180,388.34346452110407,6600.931854207536,6270.88526149716,6313.219438983284,0.9932943598911332,42.33417748612254,0.06192801308381584,0.22060327040899522,0.9639656430707966,0.0,0.0,0.0,0.0,False,756.5776318124088,3.0385621851761884,1440,2023-05-27,0.23703149176410834,-0.008571797627677666,3.409
48,2,180,60.81187583610883,6810.234613037917,6469.722882386048,6518.047175655214,0.9925860780128047,48.32429326916488,0.009399456041876291,0.2163188616057408,0.959122610624652,0.0,0.0,0.0,0.0,False,821.3652638546225,3.250226118989174,1440,2023-07-15,0.2358463343052878,-0.03460174321363198,3.506
49,2,180,587.1237798516707,6503.590606743619,6178.411076406423,6187.479218882232,0.9985344366978823,9.0681424758099,0.09502828034439596,0.17960405564198298,0.9618955514562837,0.0,0.0,0.0,0.0,False,1371.6124945091092,3.137425080562058,1440,2023-06-13,0.23466710263376137,-0.046815943395522724,3.942
50,2,180,593.4428973488345,6767.839722839615,6429.447736697667,6452.585848391958,0.99641413345937,23.13811169429125,0.09230075764697675,0.1925290519909572,0.9628029689623214,0.0,0.0,0.0,0.0,False,1120.4081216220595,3.0542093635400214,1440,2023-07-24,0.23349376712059255,0.025205066797132705,3.481
51,2,180,615.5844274274076,6292.28439589901,5977.670176104035,5985.534447911128,0.9986861203664381,7.864271807093333,0.10298066124294208,0.17226532090665447,0.973612020435332,0.0,0.0,0.0,0.0,False,1094.6534456177978,2.603245089021382,1440,2023-09-12,0.2323262982849896,0.05476043038396587,3.862
52,2,180,531.687801840645,6787.3066186538135,6447.941287721097,6452.248690158443,0.9993324184103572,4.307402437345945,0.08245853647165574,0.18151733745955495,0.9851505919479622,0.0,0.0,0.0,0.0,False,1307.2500625655555,1.7323912392975531,1440,2023-02-17,0.23116466679356462,0.12437166359356572,3.287
53,2,180,657.280697120057,6573.588914749481,6244.909469011997,6254.159645398613,0.9985209561458155,9.250176386615616,0.10525063659954784,0.170318139707091,0.9645181093960545,0.0,0.0,0.0,0.0,False,1391.7522955523268,2.8931290875349553,1440,2023-08-16,0.23000884345959682,0.16063034687188682,4.047
54,2,180,647.1848749199926,6686.872232520612,6352.528620894566,6367.8767163304565,0.9975897624719194,15.348095435889086,0.1018783091808968,0.20031423001062112,0.9748714832611487,0.0,0.0,0.0,0.0,False,1471.804143956777,2.00435000301956,1440,2023-04-25,0.22885879924229882,0.21575962156460982,3.922
55,2,180,533.9933149730717,6239.828698596496,5927.837263666684,5938.1741214654285,0.9982592531664946,10.336857798744978,0.0900823169094167,0.18931390931932499,0.9774992202824857,0.0,0.0,0.0,0.0,False,1243.0136427354728,2.1572416996367885,1440,2023-09-28,0.22771450524608736,0.19385593115049088,3.778
56,2,180,530.5217686852806,6648.932960801798,6316.486312761699,6337.3561869155055,0.9967068484809335,20.86987415380607,0.0839900131839794,0.20457553929656283,0.9627043751365923,0.0,0.0,0.0,0.0,False,1432.2167991604772,3.0445176159155114,1440,2023-05-30,0.2265759327198569,0.201067988874081,3.767
57,2,180,289.5701986848643,6208.003305291651,5897.603140027063,5928.305186063717,0.9948211090567961,30.70204603665342,0.0490996412965718,0.2084875144083049,0.955326605073993,0.0,0.0,0.0,0.0,False,1181.3125778099393,3.3246766120742137,1440,2023-05-28,0.22544305305625761,0.1730332721382017,3.705
58,2,180,674.6005797389693,6637.604552955323,6305.724325307554,6309.600870773091,0.9993856116187169,3.876545465535818,0.10698225056105136,0.17458740238727655,0.9747487921460495,0.0,0.0,0.0,0.0,False,1253.7110499992687,2.5399023111526606,1440,2023-05-10,0.22431583779097633,0.14157477778325045,3.929
59,3,180,359.82972268843105,6635.9517059065065,6304.154120611138,6312.931560388934,0.998609609546083,8.777439777796026,0.05707819253846992,0.18191383507017653,0.9786826703002108,0.0,0.0,0.0,0.0,False,1503.5751996473891,2.1605268263554573,1440,2023-12-17,0.22319425860202144,0.19225885862618802,3.431
60,3,240,609.3676060717639,8238.70724558661,7826.77188330723,7838.629755030464,0.9984872519695647,11.857871723234231,0.07785682464713325,0.1683279704645426,0.9563722176673869,0.0,0.0,0.0,0.0,False,1885.685125310961,3.0113049470063875,1440,2023-10-04,0.22207828730901136,0.21759227964464928,4.222
61,3,240,800.2733777457813,8588.378540766771,8158.959613728451,8177.046126962284,0.9977881360881411,18.086513233833216,0.09808522356198739,0.17058512174308346,0.9510504311833519,0.0,4.166666666666667,461.4966676938892,0.0,False,1912.3882406618895,4.228502294951219,1530,2023-09-02,0.2209678958724663,0.2693315200685858,3.592
62,3,240,887.5872861184632,8567.655708379074,8139.272922960114,8174.770439522094,0.995657674203258,35.49751656197952,0.10904994764515931,0.1892170630496437,0.9692194855217189,0.0,0.0,0.0,0.0,False,1120.7665417014287,2.784386304199109,1440,2023-06-17,0.21986305639310397,0.30722792350779093,3.688
63,3,240,891.3602808649774,8510.718939298036,8085.18299233319,8093.341210843342,0.998991983867031,8.158218510151814,0.11024614801052911,0.18352055791701097,0.9510010567735204,0.0,2.4305555555555554,52.29226050251569,0.0,False,2249.0,3.3086924122680283,1536,2023-02-10,0.21876374111113842,0.2970939222322404,3.679
64,3,240,459.74632253719346,8474.550673918253,8050.823140222342,8061.7488006945605,0.9986447530501971,10.9256604722188,0.05710550517999536,0.17507657437298932,0.9510002582869705,0.0,4.236111111111111,178.9191865669013,0.0,False,1224.652197086166,4.07013695645748,1648,2023-08-07,0.21766992240558275,0.30234300460774133,3.688
65,3,240,867.9226988370231,8586.059127441606,8156.756171069574,8164.794117943289,0.9990155358778673,8.037946873714766,0.10640537495964093,0.17085403207995586,0.974193893174765,0.0,0.0,0.0,0.0,False,1626.184401543045,2.091188840097815,1440,2023-11-20,0.2165815727935548,0.3263652055863403,3.166
66,3,240,1105.9206421316426,8595.716478123568,8165.930654217336,8177.763929354296,0.9985529937964479,11.833275136959541,0.13543105972379085,0.18509011814985318,0.9833597463137304,0.0,0.0,0.0,0.0,False,1476.730064889726,2.0381065816050516,1440,2023-02-23,0.21549866492958705,0.3563298578098953,3.479
67,3,240,545.5685018199684,8647.955088111925,8215.557333706365,8234.379453910748,0.9977142029572802,18.822120204382585,0.0664067548505368,0.18610860368802193,0.9740774774130213,0.0,0.0,0.0,0.0,False,1696.5799867531673,2.3866168731703152,1440,2023-12-15,0.21442117160493912,0.34972768432747253,3.731
68,3,240,684.4217806735785,8606.20769782552,8175.897312934274,8223.0829838491,0.9942618029019646,47.185670914826844,0.08371213023808688,0.208493873107664,0.9510194276818859,0.0,1.0416666666666667,22.549926165382665,0.0,False,1300.6488109164707,3.6251921942343945,1470,2023-05-13,0.21334906574691442,0.34289984717316196,4.344
69,3,240,819.6565002424254,8116.09114281951,7710.286585678547,7745.412907547794,0.9954648871159578,35.12632186924722,0.10630687862691049,0.1935657583880148,0.9693995848547231,0.0,0.0,0.0,0.0,False,1059.8716388249818,2.724818097111453,1440,2023-06-17,0.21228232041817982,0.2877652910711177,3.522
70,3,240,1070.0213470089427,8289.696512622635,7875.211686991509,7882.191615629321,0.9991144685414686,6.979928637811756,0.13587207424232586,0.17630813170807902,0.9671949677733619,0.0,0.0,0.0,0.0,False,1846.5668774414098,2.4175206242054528,1440,2023-03-05,0.21122090881608893,0.2768212106533099,3.535
71,3,240,1151.4680776960683,9007.532001064146,8557.155401010987,8569.915120202,0.9985111032009016,12.759719191013588,0.13456201549875182,0.17607864644941976,0.9624862205924342,0.0,0.0,0.0,0.0,False,2056.0720243381693,2.6056614168134957,1440,2023-02-26,0.21016480427200848,0.3072173184295184,3.648
72,3,240,164.0630247875222,8742.47759723181,8305.353717370223,8349.45800107265,0.9947177069820866,44.10428370242597,0.019753887717556543,0.2196470521797525,0.955902802075882,0.0,0.0,0.0,0.0,False,1654.7611032235577,3.24716520263164,1440,2023-08-02,0.20911398025064845,0.33323513989706455,3.645
73,3,240,116.3488731934588,8718.231077908275,8282.31952401287,8319.314173101924,0.9955531611958273,36.99464908905665,0.01404786097132927,0.22089001895084354,0.9519327397985717,0.0,0.0,0.0,0.0,False,1506.0281458184825,3.096380281407881,1440,2023-09-19,0.20806841034939522,0.25721655185538184,3.012
74,3,240,1005.8736455756069,8429.992688549928,8008.493054122402,8014.462446954931,0.9992551723996415,5.969392832527868,0.12560086383015961,0.17864280596913504,0.982429126500297,0.0,0.0,0.0,0.0,False,1510.5744238553787,2.049883142006512,1440,2023-03-07,0.20702806829764822,0.19262265357809316,3.56
75,3,240,605.8307127121301,8393.585363605891,7973.906095425595,7977.424305272152,0.9995589792253833,3.5182098465572054,0.07597665503731955,0.17199259421697397,0.9551929491327266,0.0,0.0,0.0,0.0,False,1754.8054258476748,3.1540645384333383,1440,2023-05-31,0.20599292795615998,0.23495926321756422,4.259
76,3,240,832.5767214238278,8575.800025553079,8147.01002427542,8161.571022770112,0.9982159073964966,14.560998494692804,0.10219414471603964,0.17727035948705536,0.9555202297257627,0.0,0.0,0.0,0.0,False,1791.4048490916814,3.260694311095284,1440,2023-07-06,0.20496296331637917,0.2848593870730467,3.476
77,3,240,881.2535007726726,8460.57560783288,8037.546827441255,8043.960732789035,0.9992026433791956,6.413905347779444,0.10964209847760462,0.18367026723245566,0.9776899309242782,0.0,0.0,0.0,0.0,False,1897.7284290194511,2.5312650124691025,1440,2023-10-26,0.2039381484997973,0.3143048845889008,3.872
78,3,240,1118.6648625066637,8773.503484028335,8334.82830982696,8344.326164715469,0.9988617589124608,9.497854888508641,0.1342157055818092,0.17032560583483344,0.9707333196230143,0.0,0.0,0.0,0.0,False,1862.9207570268263,2.423476794270832,1440,2023-03-05,0.2029184577572983,0.32459797220008074,3.548
79,4,240,651.3116332124018,8652.583568052502,8219.954389649893,8243.13288334248,0.9971881450874793,23.178493692587093,0.07923543152897504,0.19004192158282585,0.9524534161886332,0.0,0.0,0.0,0.0,False,1515.1023057575503,3.437344037384163,1440,2023-05-25,0.20190386546851183,0.36367441707205184,3.857
80,4,300,1071.9920472945282,10887.677761304725,10343.29387323944,10361.903752225247,0.99820400966552,18.609878985808997,0.1036412636469729,0.17075214952533582,0.9623478082888425,0.0,0.0,0.0,0.0,False,2008.1880802340108,2.5123694341495795,1440,2023-12-05,0.20089434614116924,0.35205758224490413,3.957
81,4,300,39.423147483567426,10656.26282425689,10123.449683044042,10206.613092528029,0.9918520072496069,83.16340948398738,0.003894240473146027,0.2346137730787092,0.978280048349141,0.0,0.0,0.0,0.0,False,1537.167862403524,2.1562203497524277,1440,2023-12-23,0.19988987441046338,0.3866640054333973,4.086
82,4,300,1451.5416353466785,11163.654667501742,10605.471934126632,10633.201392600895,0.9973921815782066,27.72945847426544,0.13686723649476273,0.18606858535357448,0.9675051064238178,0.0,0.0,0.0,0.0,False,1627.3547415507528,2.2824729260044716,1440,2023-02-23,0.19889042503841106,0.27212288351283487,4.296
83,4,300,701.8368538600809,11293.902199815973,10729.207089825142,10765.427951576126,0.996635446178832,36.220861750984305,0.06541367390752069,0.2062776592099575,0.9510017182850397,0.0,2.0833333333333335,38.3371866900985,0.0,False,2365.5472000342843,3.125003635291676,1515,2023-04-01,0.19789597291321903,0.2879859697040026,3.713
84,4,300,1033.363798007869,10811.970674840943,10271.372141098898,10328.211529611535,0.9944966862510828,56.83938851263817,0.10060620760424645,0.220218812034316,0.9702920000818174,0.0,0.0,0.0,0.0,False,1634.9247748044252,2.417044116004406,1440,2023-09-29,0.19690649304865293,0.2559025932123963,3.713
85,4,300,1191.154518084794,10598.517787080302,10068.591897726252,10088.806702108628,0.9979963136395357,20.214804382376535,0.1183039823427333,0.21165954712856216,0.9510022784173472,0.0,1.25,17.159152562147757,0.0,False,2013.3388723763044,3.391536319834793,1473,2023-10-11,0.19592196058340966,0.1985544152038067,3.75
86,4,300,806.0191677788001,10411.382106698993,9890.813001364057,9968.375915202305,0.9922191022391159,77.56291383824649,0.08149170019366869,0.21741995995703156,0.9821866089088314,0.0,0.0,0.0,0.0,False,1420.253072350613,2.091093547004359,1440,2023-04-29,0.1949423507804926,0.1709232782331654,2.955
87,4,300,783.1360023434322,11137.97920466994,10581.080244436429,10620.152656126284,0.9963209180738739,39.0724116898541,0.07401285920265165,0.21906443813384197,0.971748785957656,0.0,0.0,0.0,0.0,False,1893.3256127470354,2.3921628565264372,1440,2023-11-19,0.19396763902659017,0.13527446243616809,3.488
88,4,300,661.3978776775425,10277.862016421355,9763.968915600293,9870.517673547012,0.989205352599462,106.54875794671894,0.06773862999715208,0.22879100297585947,0.9709180928297623,0.0,0.0,0.0,0.0,False,1414.9211434165595,2.7307602871126644,1440,2023-05-19,0.1929978008314572,0.10218433590289525,2.643
89,4,300,662.8305916711118,10819.536373148496,10278.559554491101,10368.512141148367,0.9913244460311446,89.95258665726514,0.06448671996860644,0.23485185130480507,0.9510006561692561,0.0,1.0416666666666667,21.152413013900244,0.0,False,1552.6151705062457,3.5989115331613686,1487,2023-06-03,0.19203281182729992,0.0528742418750455,2.806
90,4,300,208.10712562329684,10420.23557068484,9899.223792150657,9949.711076041327,0.9949257537726656,50.48728389067037,0.021022570051230705,0.22358170420049775,0.952057769387759,0.0,0.0,0.0,0.0,False,1672.183756939713,3.0552142583211337,1440,2023-09-18,0.19107264776816343,-0.0016502922361548988,3.014
91,4,300,837.1887979625466,10506.942274456518,9981.595160733707,10039.220270802589,0.9942600014229716,57.62511006888338,0.08387324715952597,0.21097076445341714,0.9510030131035939,0.0,2.7777777777777777,110.53043773241595,0.0,False,1508.0669284166333,3.8269274135840137,1540,2023-05-13,0.19011728452932258,-0.021654681105663987,2.773
92,4,300,1031.6268336045018,11000.422256074618,10450.401143270949,10498.246528915959,0.99544253552122,47.845385645010936,0.0987164817370451,0.22303630979480793,0.9640484155202482,0.0,0.0,0.0,0.0,False,1702.5954670797037,2.4639747541080133,1440,2023-12-03,0.189166698106676,-0.010462662980364745,2.725
93,4,300,1069.440266788819,10985.177143890887,10435.918286696384,10495.239508235885,0.9943477972567515,59.32122153950087,0.10247687241400998,0.2066035032795044,0.9565011328358303,0.0,0.0,0.0,0.0,False,2127.069182872772,2.9000469652896967,1440,2023-02-24,0.1882208646161426,-0.029205063720925517,2.701
94,4,300,1302.824335007306,10882.640634050773,10338.508602348229,10370.10998207517,0.9969526475821796,31.601379726940717,0.12601666111796725,0.2070919625042452,0.951252565318147,0.0,0.0,0.0,0.0,False,2035.1002980376088,3.203851337883073,1440,2023-06-15,0.1872797602930619,-0.008376985143681626,2.678
95,4,300,982.6387780937824,10080.237351255526,9576.22548369276,9597.20701331208,0.9978137879499508,20.981529619317982,0.10261232672174504,0.1840761497503781,0.9510007974107612,0.0,9.652777777777779,538.1353717166144,0.0,False,1377.8550363704821,4.101945648272164,1731,2023-08-19,0.18634336149159655,0.0068562692984715234,2.769
96,4,300,821.6311996775836,10315.433441800156,9799.66176971017,9810.469374052853,0.9988983601160545,10.807604342682104,0.08384281202614238,0.18972223617608877,0.9510003006345177,0.0,4.305555555555555,392.6039236254769,0.0,False,2297.3237711126503,4.010348576279526,1536,2023-06-01,0.1854116446841386,0.07047385342318276,2.736
97,4,300,1057.7533779420608,10332.376919567167,9815.758073588773,9841.437002436993,0.9973907338082985,25.678928848221034,0.10776074247267302,0.18976080296444878,0.9663416445617261,0.0,0.0,0.0,0.0,False,1994.4870469634257,2.482793443979134,1440,2023-11-20,0.18448458646071791,0.10946041877758385,2.75
98,4,300,1036.7196621037147,10762.593961660066,10224.464263577025,10246.140840834421,0.9978844154502534,21.676577257397753,0.10139598861887153,0.20083506760003478,0.9510011656792418,0.0,4.097222222222222,171.45559794489256,0.0,False,2083.8756059498974,3.7065257449852664,1526,2023-09-15,0.1835621635284143,0.14107678397849024,2.901
99,5,300,1293.7538899870838,10821.242379591866,10280.180260612267,10309.694368712688,0.9971372470371199,29.514108100419588,0.1258493389404857,0.18575537859272884,0.9510009939447915,0.0,2.1527777777777777,90.35338959528468,0.0,False,2117.74840853434,3.381366377923649,1480,2023-06-21,0.18264435271077226,0.14196474056092445,2.865
100,5,205,631.7191100883116,7130.357560613259,6773.839682582558,6781.357185716211,0.9988914456313426,7.5175031336526255,0.09325864497688639,0.19845863641245493,0.9510118878988578,0.0,0.625,4.31589262959019,0.0,False,1510.4218855961758,3.197028770820612,1458,2023-06-12,0.18173113094721838,0.17656265271330843,3.301
101,5,212,721.0240789160254,7817.9086246882,7427.013193453791,7438.85792328036,0.9984077219986283,11.844729826568791,0.0970812977081473,0.20106663294948338,0.9802781995294152,0.0,0.0,0.0,0.0,False,1420.4561842079954,2.3238516022742033,1440,2023-05-08,0.18082247529248227,0.17637088341119547,3.429
102,5,256,792.5438698568778,9039.424646028541,8587.453413727124,8623.21111062467,0.9958533200174713,35.757696897546936,0.09229090763857759,0.2087269190041513,0.9702629948104836,0.0,0.0,0.0,0.0,False,1563.8848067146967,2.1229157906421015,1440,2023-03-29,0.1799183629160199,0.17042654394056833,3.54
103,5,292,851.0100135911631,10131.463599822542,9624.890419831454,9663.760907573274,0.9959777059766288,38.87048774182151,0.08841763141923288,0.19208579144484952,0.9510001787961393,0.0,3.0555555555555554,96.42843992463727,0.0,False,1154.922795158413,3.810974390558748,1570,2023-06-24,0.1790187711014398,0.14838209709358963,3.594
104,5,126,288.4641659378495,4424.24838254915,4203.035963421678,4216.5847152029155,0.9967867948360228,13.54875178123645,0.06863233349614542,0.1960239102610383,0.9975671810201654,0.0,0.0,0.0,0.0,False,786.5309887304597,1.2458847029152973,1440,2023-11-09,0.1781236772459326,0.16775273067422808,3.747
105,5,146,150.91321984220323,4761.1870142552525,4523.1276635424765,4548.008637171184,0.9945292598115681,24.880973628707054,0.033364793361593786,0.1953841828861228,0.9910876469736892,0.0,0.0,0.0,0.0,False,876.255042657388,1.497175913842887,1440,2023-01-14,0.17723305885970292,0.17478418063007164,3.558
106,5,268,246.48777100462175,9245.867270160668,8783.57390665263,8814.71882037619,0.9964667150072256,31.144913723560006,0.02806235521260125,0.20511350440537307,0.9587998577450367,0.0,0.0,0.0,0.0,False,1626.8762194047467,2.798840171130741,1440,2023-10-14,0.1763468935654044,0.18204753167525442,3.547
107,5,291,686.4004818295782,10637.86612559371,10105.972819314076,10148.420867776316,0.9958172755135705,42.448048462239186,0.06792027784972475,0.216696103413773,0.9684797599838878,0.0,0.0,0.0,0.0,False,1774.4240541433867,2.4342031575958827,1440,2023-12-15,0.17546515909757737,0.1661980299487814,3.745
108,5,165,305.53540463315164,5953.475755746478,5655.801967959152,5665.209646333436,0.9983393944864207,9.407678374283753,0.05402158816098038,0.1973791358870051,0.9779165087363955,0.0,0.0,0.0,0.0,False,1051.378454430527,2.282655645750115,1440,2023-01-01,0.1745878333020895,0.12720190557843455,3.754
109,5,176,619.9374856655966,6163.873701966844,5855.680016868497,5875.107057281073,0.9966933299728555,19.427040412576993,0.10586942658747378,0.1931381713233129,0.9839116926757561,0.0,0.0,0.0,0.0,False,1325.581120193627,1.7592910333231528,1440,2023-11-21,0.17371489413557906,0.13863337784669616,4.13
110,5,277,889.8513482295608,10090.746385856439,9586.209066563646,9618.090255963203,0.9966852890177662,31.88118939955743,0.09282619876644778,0.21115154065102834,0.9729830395943403,0.0,0.0,0.0,0.0,False,1789.4500246192283,2.5028836995384958,1440,2023-10-08,0.17284631966490113,0.15745176913526265,3.918
111,5,196,445.3530154100399,6915.8089554515345,6570.018507678944,6601.716747425462,0.9951984853396081,31.698239746516602,0.06778565614229513,0.1926032477646553,0.973387510717504,0.0,0.0,0.0,0.0,False,905.822799236514,2.605951636897275,1440,2023-05-19,0.17198208806657664,0.13231949261259046,3.27
112,5,169,543.7945665755799,6403.067538874965,6082.914161931212,6091.99246036659,0.9985097981498763,9.078298435378704,0.08939704754981044,0.20560991713406784,0.9686189322440198,0.0,0.0,0.0,0.0,False,1205.8993433377454,2.865428540623793,1440,2023-07-05,0.17112217762624377,0.15338975335624067,3.335
113,5,269,917.0672759151072,9989.633857631105,9490.15216474957,9509.469582275104,0.997968612512149,19.317417525532452,0.09663356919834036,0.19598063363905466,0.9609892803470526,0.0,0.0,0.0,0.0,False,1905.5463702801662,2.509127056523402,1440,2023-12-03,0.17026656673811255,0.1413507934817498,4.423
114,5,166,526.1436390426496,5830.8582345196855,5539.3153227937,5562.001130451579,0.9959212867588833,22.685807657879096,0.09498351481772917,0.20667509727892808,0.9632238226630171,0.0,0.0,0.0,0.0,False,1360.4952556112855,2.818994517780732,1440,2023-09-17,0.16941523390442195,0.1531050175892334,2.929
115,5,194,554.7732051798081,7024.131858250057,6672.925265337536,6700.28715139917,0.9959163114291422,27.36188606163554,0.08313793173461326,0.2091419315180749,0.9909557080573517,0.0,0.0,0.0,0.0,False,1260.163709763155,1.7102003204371605,1440,2023-03-21,0.16856815773489983,0.13864682200355233,4.368
116,5,236,109.77631284817366,8340.376806167926,7923.357965859494,7983.4871559883295,0.9924683050208537,60.12919012883768,0.013854771338261199,0.2197347541766141,0.9840508723333765,0.0,0.0,0.0,0.0,False,1434.3233741299493,2.006885751152497,1440,2023-12-30,0.16772531694622533,0.12119613363298073,3.779
117,5,219,826.4871731482234,7750.452535974819,7362.929909176044,7375.721975501566,0.9982656523160701,12.792066325520953,0.11224976787001796,0.19965309792129457,0.9686498441343979,0.0,0.0,0.0,0.0,False,1835.4513505099587,2.6327652129635544,1440,2023-01-16,0.16688669036149426,0.0829446353789065,4.414
118,5,135,499.66502384760963,4619.097527695245,4388.142651310498,4399.1905709938965,0.9974886471715404,11.047919683398796,0.11386708763863614,0.20077589704496263,0.9743365455582162,0.0,0.0,0.0,0.0,False,1252.2054026977125,2.4918552879306892,1440,2023-03-10,0.16605225690968675,0.09654042564128537,3.712
119,5,124,92.79982989294338,4126.6531215845525,3920.320465505329,3934.784878321563,0.9963239635040978,14.464412816234152,0.023671490815478903,0.22233392755333872,0.9967224268440622,0.0,0.0,0.0,0.0,False,811.1012117397506,1.2244432482987337,1440,2023-04-10,0.1652219956251383,0.10490810492687058,3.748
120,5,276,985.7593335769183,10099.57110334377,9594.592548176635,9625.26272929964,0.9968135746539527,30.670181123004493,0.10274113555392748,0.21796708388253824,0.9510000223776649,0.0,0.2777777777777778,1.4640251109387528,0.0,False,2112.1635508184,3.075134161777689,1448,2023-04-18,0.16439588564701263,0.0630578848592444,3.798
121,5,256,651.297253185039,8968.17740809137,8519.768537686778,8543.667261610066,0.9972027557731942,23.898723923285928,0.07644541636360866,0.20245992453452846,0.9510061914290927,0.0,2.0833333333333335,55.07752950185432,0.0,False,2005.9458430488924,3.15002002128691,1500,2023-06-04,0.16357390621877757,0.03828641068677763,3.922
122,5,271,121.39591475942643,9168.477732806818,8710.053846166462,8760.172813897978,0.9942787695178795,50.11896773151645,0.013937447104630261,0.20094318017165078,0.9826193789036196,0.0,0.0,0.0,0.0,False,1575.2441451671677,2.140526312083281,1440,2023-12-30,0.16275603668768368,0.052461985687699275,3.218
123,5,217,264.8774140659594,8096.421548927969,7691.600471481575,7716.601383321983,0.9967601136046184,25.000911840408136,0.03443722994298195,0.17720747959306052,0.9631513348114267,0.0,0.0,0.0,0.0,False,1072.1905422738746,3.1306913702597505,1440,2023-07-22,0.16194225650424526,0.06709212427818499,2.767
124,5,267,613.1984655586901,9477.86543568265,9003.972163898521,9022.2921288049,0.9979694777507935,18.319964906378782,0.06810310542910306,0.19379147089290769,0.9760719509976324,0.0,0.0,0.0,0.0,False,1769.0248317678083,2.3488525768812782,1440,2023-12-15,0.16113254522172402,0.1321544024438191,2.763
125,5,179,676.3054330699969,6279.108950548566,5965.153503021131,5988.628735744376,0.9960800320475489,23.475232723246258,0.11337603176975632,0.20220651906811696,0.9764190628627821,0.0,0.0,0.0,0.0,False,1255.5100161903379,2.2480851164651936,1440,2023-10-12,0.1603268824956154,0.14802987057201722,2.739
126,5,201,1040.0104326437238,6998.674614011245,6648.740883310693,6659.264287057156,0.9984197347795737,10.523403746463824,0.1564221633684509,0.1827844630154925,0.9648296934801125,0.0,0.0,0.0,0.0,False,1974.7183416485786,2.6167622572574727,1440,2023-01-24,0.15952524808313734,0.1421068131357095,2.778
127,5,262,908.5064983095174,9151.198356501445,8693.638438676504,8726.635051510231,0.9962188618363252,32.996612833727475,0.10450244793569147,0.20614446368138134,0.9806800556102737,0.0,0.0,0.0,0.0,False,1600.5638291797402,2.020569253499948,1440,2023-11-28,0.15872762184272163,0.1809576673516625,2.758
128,5,142,537.6579701382421,5092.554731925476,4837.926995329193,4854.367165671353,0.9966133236771993,16.440170342159693,0.11113395689048788,0.20180685283028588,0.9854902144261086,0.0,0.0,0.0,0.0,False,941.3511123298563,2.1180826826057584,1440,2023-03-18,0.15793398373350803,0.16033912607540038,2.822
129,5,174,91.19042300957656,6642.168733450996,6310.060296778463,6320.157923771828,0.998402314132787,10.097626993364846,0.014451592967524081,0.17668988553393558,0.9881836374023354,0.0,0.0,0.0,0.0,False,1222.819539377036,1.7914367286335868,1440,2023-12-30,0.15714431381484048,0.15329669428528642,2.792
130,5,142,493.1928104563244,4828.857502142083,4587.414627034985,4603.359157706322,0.9965363270331309,15.94453067133709,0.10750997033269982,0.20608103632963057,0.9963383509034591,0.0,0.0,0.0,0.0,False,1072.7239842701838,1.4530179665060312,1440,2023-02-18,0.1563585922457663,0.2040855826284691,2.848
131,5,202,707.6172114483126,6897.943753708186,6553.0465660227355,6562.408047833795,0.9985734684977188,9.361481811058104,0.10798293653478327,0.19157070984031951,0.9876536218832742,0.0,0.0,0.0,0.0,False,1415.9874092853495,1.8102782584200428,1440,2023-04-15,0.15557679928453744,0.17975210973600475,2.9
132,5,296,964.7005287842466,10287.96119906438,9773.563139111146,9792.40089792211,0.9980762880311648,18.83775881096476,0.09870510018232521,0.20008686982653845,0.9560734407019882,0.0,0.0,0.0,0.0,False,2267.3472900195293,2.8883988797390394,1440,2023-04-25,0.1547989152881148,0.1926295142065016,2.85
133,5,144,429.88067527868066,5102.295372445029,4847.180603822821,4863.111901135466,0.9967240529034659,15.93129731264655,0.0886867460518486,0.2025137615374305,0.9912678597320693,0.0,0.0,0.0,0.0,False,1029.8619181701772,1.7368716027856972,1440,2023-04-12,0.1540249207116742,0.1841915423218905,2.864
134,5,189,465.9455013246501,7101.465285327926,6746.392021061514,6755.245226215038,0.9986894324547735,8.853205153524879,0.06906587993552969,0.17910819978949896,0.986708038275596,0.0,0.0,0.0,0.0,False,1492.4503703294044,1.8721878804320453,1440,2023-12-26,0.15325479610811582,0.17197631497336763,3.057
135,5,192,631.9889520002558,6811.929625988764,6471.333144689357,6490.648297307663,0.9970241566429786,19.315152618305103,0.09765977703047046,0.18484022880409628,0.9837534308020186,0.0,0.0,0.0,0.0,False,1403.150128649991,1.829631344098606,1440,2023-04-22,0.15248852212757524,0.2147409589505237,3.885
136,5,283,721.6959823327177,10265.194848137186,9751.93510573023,9776.142736502,0.9975238055105942,24.207630771770155,0.07400541272148639,0.18392591053205856,0.9565957513764651,0.0,0.0,0.0,0.0,False,1742.2960385784668,3.3237448567456336,1440,2023-06-30,0.15172607951693737,0.23710019885992967,4.109
137,5,156,126.9337695045805,5787.440548371921,5498.068520953329,5513.834044797968,0.997140732978804,15.7655238446385,0.023086974820490415,0.19493267458520203,0.9919278260915391,0.0,0.0,0.0,0.0,False,1109.7455368638039,1.4996410103289672,1440,2023-01-10,0.15096744911935267,0.2578027954593345,2.956
138,5,210,455.33646727095027,7623.499617155311,7242.324636297549,7267.672840061648,0.9965121980141467,25.34820376409906,0.06287159028868516,0.18567224513942593,0.9510644793187857,0.0,0.1388888888888889,3.630923878742758,0.0,False,1243.5577978014785,3.7529334819409326,1444,2023-06-03,0.15021261187375592,0.25040335809268266,2.848
139,5,167,430.8925242368104,6227.02189699818,5915.670802148279,5928.087041124507,0.9979055235036035,12.416238976227577,0.0728391654384033,0.1896455067341263,0.9808026691156488,0.0,0.0,0.0,0.0,False,1239.5562351164667,1.8727885454370035,1440,2023-10-27,0.14946154881438714,0.2655731407230973,2.896
140,5,123,382.72146141113325,4230.94664205299,4019.3993099503223,4034.6414292996374,0.9962221873699539,15.242119349314578,0.09521857170639349,0.1898383570058231,0.9626721272648145,0.0,0.0,0.0,0.0,False,811.7754327209725,3.050038397955212,1440,2023-08-04,0.1487142410703152,0.2694855159823819,2.843
141,5,255,868.174626260077,8873.767987745787,8430.07958835846,8462.843977018423,0.9961284423121899,32.76438865996312,0.10298534161634548,0.19997631878692718,0.9745495107890783,0.0,0.0,0.0,0.0,False,1687.1992088521906,2.283673840874177,1440,2023-03-11,0.14797066986496363,0.27269922774178545,2.852
142,5,131,486.31786584026844,4969.941039470146,4721.443987496617,4735.983218785785,0.9969300500830544,14.539231289166734,0.10300193481658176,0.1989889133461535,0.9825660110436247,0.0,0.0,0.0,0.0,False,868.7931451075062,2.150035484144142,1440,2023-05-03,0.1472308165156388,0.2529678652915329,2.963
143,5,170,166.47609755021392,6016.812007950703,5715.971407553136,5738.690503451968,0.9960410661831012,22.719095898831714,0.029124725384425634,0.18964199559070283,0.997835454498156,0.0,0.0,0.0,0.0,False,979.499413901844,1.3652584460274284,1440,2023-11-03,0.1464946624330606,0.23940562163372536,3.012
144,5,210,607.8334838772216,7608.817557355241,7228.37667948745,7243.943593861146,0.9978510442313648,15.566914373696937,0.08408990162371033,0.2031969049031756,0.9690951101290385,0.0,0.0,0.0,0.0,False,1431.1930307118516,2.1730479656232102,1440,2023-01-15,0.1457621891208953,0.24963694598993563,3.17
145,5,207,783.3956183525396,7784.206715232086,7394.996379470501,7405.9778752592365,0.9985172119099328,10.981495788735927,0.10593590289338757,0.18461245361065645,0.9510006665409302,0.0,0.06944444444444445,0.09549204334561633,0.0,False,1451.541807206103,3.2375273256722847,1442,2023-06-22,0.14503337817529083,0.22784135974230496,2.984
146,5,141,415.8608828090362,4845.043416775087,4602.791245936311,4612.137822950536,0.9979734827160377,9.346577014226643,0.09034971620235642,0.18485725851312748,0.9631979888402399,0.0,0.0,0.0,0.0,False,866.5268724753697,3.0686173060472073,1440,2023-05-24,0.14430821128441437,0.2520600609072098,3.037
147,5,297,465.3194147167044,10815.842527728279,10275.050401341847,10311.860849043991,0.9964302807959674,36.81044770214649,0.04528633890262349,0.1883924787356459,0.9606532076680535,0.0,0.0,0.0,0.0,False,1999.1752817599825,2.6365842040011707,1440,2023-12-16,0.1435866702279923,0.27165358812804097,2.941
148,5,255,109.16104431159005,9031.312153325714,8579.746545659527,8611.954711703736,0.9962600632350704,32.20816604420904,0.01272310827955802,0.20225059856224928,0.9684917382155626,0.0,0.0,0.0,0.0,False,1940.93104539673,2.464435566201699,1440,2023-12-21,0.14286873687685234,0.28013130147838305,3.061
149,5,294,950.4596378550476,9991.072218767944,9491.518607829552,9534.381430558014,0.9955043939619317,42.862822728461495,0.10013778375475275,0.21381664822176855,0.9599827572589328,0.0,0.0,0.0,0.0,False,1864.6744271075713,2.5404872426523424,1440,2023-05-05,0.14215439319246806,0.2563130786120169,2.97
150,5,136,614.4461941989489,4781.802239976752,4542.712127977891,4550.083885125507,0.9983798634632398,7.371757147616048,0.13525976924988617,0.1911711124363331,0.9998215674726119,0.0,0.0,0.0,0.0,False,762.5823599466013,1.2213833779010659,1440,2023-02-23,0.14144362122650572,0.2111223586568931,2.842
151,5,251,984.8983170860853,8546.173811262805,8118.865120699664,8136.517903242259,0.9978304254040219,17.652782542595283,0.1213098508774351,0.1883457605370678,0.9807996712799327,0.0,0.0,0.0,0.0,False,1611.081920768408,2.1274354145893883,1440,2023-03-20,0.1407364031203732,0.2252314057989354,2.877
152,5,173,349.4359653107794,6156.254104199292,5848.44139898932,5853.894679604382,0.9990684354752637,5.453280615061182,0.05974856230433737,0.18273520272435745,0.9806195391583985,0.0,0.0,0.0,0.0,False,1227.1976565954765,1.9588646761156856,1440,2023-12-17,0.14003272110477133,0.24331712966409952,2.839
153,5,217,253.07360062621575,7534.914187908214,7158.16847851278,7184.975290295435,0.9962690460718964,26.806811782656734,0.03535451860149507,0.21220860261540422,0.9912947482703849,0.0,0.0,0.0,0.0,False,1253.5019038117784,1.8181473136658295,1440,2023-01-12,0.13933255749924747,0.27099217580797574,2.961
154,5,287,679.6056430469355,10287.960308471582,9773.56229304802,9812.403957012051,0.9960415751191863,38.84166396403035,0.06953510119133759,0.19473407405450568,0.9510028086941782,0.0,1.4583333333333333,65.89778838288272,0.0,False,2059.5187672007755,3.4620177975239668,1467,2023-07-31,0.13863589471175125,0.22768030283200358,3.039
155,5,170,647.6747076539817,6242.6334590349015,5930.501786083166,5945.558753549535,0.9974675269237933,15.056967466368937,0.10921077693186941,0.19666352672067514,0.9869947719705843,0.0,0.0,0.0,0.0,False,838.5520727038383,1.8911702669647208,1440,2023-04-02,0.1379427152381925,0.23173806358247734,2.87
156,5,251,841.5339154551934,8756.69969092921,8318.864706382737,8354.400275592132,0.9957464847221633,35.53556920939422,0.10115970690201484,0.1953178726547023,0.951000095353866,0.0,4.166666666666667,116.87237968757132,0.0,False,2108.6410659707717,3.377215335451032,1552,2023-04-18,0.13725300166200152,0.23090629998124984,2.908
157,5,149,500.6835917276259,5343.440610140518,5076.268579633517,5095.787900274454,0.9961695186253954,19.519320640938318,0.09863221062345226,0.2057873851244799,0.9865967622762271,0.0,0.0,0.0,0.0,False,948.1030449051606,1.7396607299321087,1440,2023-09-29,0.1365667366536915,0.23343543441267295,2.889
158,5,178,121.48686123618714,5943.253190522373,5646.090530996261,5673.765410192404,0.9951223081683238,27.674879196143106,0.021516987828877517,0.2145950650735672,0.9774891946985343,0.0,0.0,0.0,0.0,False,1346.5219916732835,2.119060424524883,1440,2023-10-29,0.13588390297042305,0.21213644526807673,2.911
159,5,295,704.7072987237827,10745.17967512469,10207.920691368494,10239.10270525771,0.9969546145998511,31.182013889215362,0.06903534226315666,0.196220604267029,0.9510019639677024,0.0,4.305555555555555,184.3099083043084,0.0,False,1780.184332520861,3.8515329971852195,1594,2023-08-08,0.13520448345557096,0.1749906048107293,3.004
160,5,196,616.8735594141001,6853.463014912129,6510.7898641665215,6526.099593977015,0.9976540765904611,15.30972981049292,0.09474634756824073,0.1950462881544455,0.9519915243817526,0.0,0.0,0.0,0.0,False,1577.6132218757753,2.925737989086914,1440,2023-09-17,0.13452846103829308,0.185886716005884,3.03
161,5,213,410.4123628883936,7588.043068670023,7208.640915236514,7227.668458080083,0.997367402371328,19.027542843569847,0.05693338976296173,0.19571943296173408,0.9736611750979646,0.0,0.0,0.0,0.0,False,1276.3951871810038,2.354818640276188,1440,2023-10-02,0.13385581873310162,0.19743478600196915,2.968
162,5,173,232.00321098384921,5924.928712673283,5628.682277039623,5643.0204208936175,0.9974591366352482,14.338143853994302,0.0412180328476224,0.19797431081211117,0.9915455390244954,0.0,0.0,0.0,0.0,False,1186.7541422134404,1.6585221640428391,1440,2023-03-12,0.1331865396394361,0.2054063517747157,2.88
163,5,140,525.3593844589487,5345.714493982039,5078.428769282977,5092.121027252252,0.9973110894466183,13.692257969275216,0.1034491982316657,0.20465185946438572,0.9731335090350567,0.0,0.0,0.0,0.0,False,1089.19608003691,2.4706790835459174,1440,2023-09-13,0.13252060694123893,0.20692415758147778,2.895
164,5,196,642.9219580833876,6828.29917322979,6486.884214568345,6504.786340622406,0.9972478533318977,17.902126054062357,0.09911105806999045,0.2087995113791917,0.9804361182126218,0.0,0.0,0.0,0.0,False,1194.3762555033354,2.3172035694908177,1440,2023-05-08,0.13185800390653274,0.19321520221866417,2.943
165,5,232,941.9127473866972,8090.729249771387,7686.192787282838,7705.896416927891,0.9974430450944334,19.703629645052175,0.12254607364846944,0.19586351589052348,0.9750930120567498,0.0,0.0,0.0,0.0,False,1526.393303138625,2.118598718521287,1440,2023-04-08,0.13119871388700008,0.17268322814688053,2.909
166,5,202,846.2485775768235,6712.164843333736,6376.556601167063,6402.8013715728175,0.9959010487936926,26.2447704057546,0.1327124701475934,0.21223483652215236,0.9854519978801729,0.0,0.0,0.0,0.0,False,1245.002065588049,1.795039393380469,1440,2023-04-04,0.13054272031756506,0.18492366316999753,2.976
167,5,260,120.8083894126377,9601.567998025694,9121.489598124377,9152.26230123145,0.996637694365148,30.772703107075618,0.013244370682336703,0.2028951212764376,0.9716190030696031,0.0,0.0,0.0,0.0,False,1577.91079664378,1.9773455996030096,1440,2023-11-04,0.12989000671597725,0.15808736397279996,3.026
168,5,185,607.5277937461183,7138.695598926739,6781.760818980385,6802.9507754729,0.9968851815643128,21.189956492514966,0.08958260398181633,0.17750134366872589,0.973281774918311,0.0,0.0,0.0,0.0,False,1402.8307346955505,2.611272204093698,1440,2023-07-04,0.12924055668239737,0.1570209420917925,2.981
169,5,230,892.2429201930864,8193.25898248703,7783.596033362654,7809.735061367996,0.9966530198784025,26.139028005341633,0.11463119570551779,0.21596036429646606,0.9521912449853929,0.0,0.0,0.0,0.0,False,1317.5180354118347,3.094278960458073,1440,2023-09-26,0.12859435389898535,0.213159048140516,3.032
170,5,259,728.3827580258139,9119.906449661563,8663.911127178488,8706.023844244144,0.995162807061056,42.1127170656554,0.08407089446484442,0.20752362892126763,0.9510300385843466,0.0,1.875,54.779871188130144,0.0,False,1234.401746859405,4.014412242051255,1494,2023-06-05,0.12795138212949045,0.1726616693836431,3.015
171,5,286,1194.7444041032657,10018.797073314612,9517.857219648804,9573.61432549201,0.9941759607241814,55.75710584320657,0.12552661555342706,0.21716440837979023,0.9806403008466337,0.0,0.0,0.0,0.0,False,1543.4925899978732,2.0813273575435387,1440,2023-03-07,0.12731162521884298,0.15844840275751795,2.987
172,5,197,947.3839191265479,6927.568369073787,6581.189950620105,6604.713724873956,0.9964383355231191,23.523774253850775,0.14395328599158297,0.20386393977732636,0.9798615613721461,0.0,0.0,0.0,0.0,False,1440.9895651102238,1.9545264581429824,1440,2023-01-25,0.12667506709274878,0.12500985422887861,3.009
173,5,127,414.0779278453328,4609.415036476218,4378.9442846523925,4390.577880174053,0.9973503270323043,11.633595521659913,0.09456113184555007,0.19052741474260432,0.9526119092352183,0.0,0.0,0.0,0.0,False,993.3592123581946,3.590721110192722,1440,2023-08-27,0.12604169175728502,0.12732684934252134,2.931
174,5,250,1406.9709364810083,8845.275890529456,8403.01209600298,8437.740449873192,0.9958841642408266,34.72835387021249,0.16743650019857229,0.20811010906685046,0.9744865096528066,0.0,0.0,0.0,0.0,False,1491.866990025725,2.3130356143532276,1440,2023-02-07,0.1254114832984986,0.1589944297726938,2.948
175,5,215,908.1612079109602,7681.961850953177,7297.863758405496,7338.976806640156,0.9943979863517948,41.1130482346585,0.1244420611257593,0.22532669310585715,0.9859201974683366,0.0,0.0,0.0,0.0,False,1178.5620520544107,1.732251366865567,1440,2023-11-29,0.12478442588200611,0.14524106115014773,2.962
176,5,277,1270.8700378251465,9936.729596227151,9439.893116415768,9477.719346662527,0.9960089311718141,37.82623024675978,0.13462758763816204,0.2078441918322419,0.9743353438611423,0.0,0.0,0.0,0.0,False,1780.6841368675232,2.3255662200123757,1440,2023-01-28,0.12416050375259607,0.09509554671100331,3.103
177,5,203,582.3335404494162,7265.480158227366,6902.206150315984,6927.41564142799,0.996360909693184,25.20949111200643,0.08436918975866244,0.18496881099191398,0.9762714746775459,0.0,0.0,0.0,0.0,False,1447.1191873311798,2.0490513568785444,1440,2023-11-07,0.12353970123383311,0.09304842837002925,3.079
178,5,186,163.4236909366818,6293.462763671223,5978.789625487652,6007.605993950663,0.9952033524681833,28.816368463010136,0.027333908896878496,0.20054829366239746,0.9881968466251605,0.0,0.0,0.0,0.0,False,1248.5918753611509,1.6285878397955298,1440,2023-11-02,0.12292200272766393,0.1424881309963757,3.074
179,5,131,440.513813584842,4548.732903375677,4321.296258206916,4331.262916978045,0.9976989023843229,9.966658771128799,0.10194020202808991,0.1683971543390014,0.9510362246082169,0.0,0.3472222222222222,2.6277112344528564,0.0,False,816.4231728026558,3.7595847990104785,1450,2023-08-19,0.1223073927140256,0.1477376165392693,3.063
180,5,202,696.1385479527739,7129.795288976483,6773.305524527659,6793.1927472641655,0.9970724777764454,19.887222736506143,0.1027767823896176,0.19330241947305632,0.9828042614312339,0.0,0.0,0.0,0.0,False,1408.5096484612302,1.868482371465823,1440,2023-12-05,0.12169585575045548,0.2242498537681055,2.989
181,5,236,850.4089869342725,8399.145441440738,7979.1881693686855,8000.592684842721,0.9973246337718721,21.404515474036423,0.10657838477840498,0.19966524927918236,0.9510004808721535,0.0,0.20833333333333334,0.5978423461521974,0.0,False,1720.3737609325335,3.293525701563318,1446,2023-06-22,0.1210873764717032,0.2310029392826008,3.022
182,5,259,761.0110750808677,8790.81976924484,8351.278780782606,8379.149269545183,0.9966738283486756,27.87048876257699,0.09112509533654349,0.18882631563016036,0.96373785160176,0.0,0.0,0.0,0.0,False,1870.417056456944,2.5799775776644918,1440,2023-03-26,0.12048193958934468,0.22242391965676064,2.984
183,5,274,1242.6697961605714,9368.220401870194,8899.809381776688,8922.292765075927,0.9974800890431162,22.483383299239293,0.1396288103321708,0.18764478895437472,0.9623263488936418,0.0,0.0,0.0,0.0,False,2109.1498512626044,2.678789356071556,1440,2023-02-22,0.11987952989139797,0.23996504220242887,2.956
184,5,158,592.5633209114199,6154.97050468462,5847.22197945037,5860.840897565102,0.9976762859881779,13.618918114732288,0.1013409997078852,0.17848830942204286,0.9841744642194918,0.0,0.0,0.0,0.0,False,1205.7463533878326,1.7839160627987927,1440,2023-09-22,0.11928013224194098,0.25721505947797313,2.952
185,5,227,454.18541167085607,7782.81824591112,7393.6773336155375,7420.703059862374,0.9963580639153969,27.025726246836662,0.06142889271159979,0.21428949289792631,0.9798280678725992,0.0,0.0,0.0,0.0,False,1398.4382525771166,1.813732569033246,1440,2023-12-18,0.11868373158073126,0.2922349127984365,3.215
186,5,265,1277.8217420575925,9410.677520396936,8940.14364437713,8971.694017942806,0.9964833426661034,31.550373565676036,0.14293078421187042,0.19816510352354724,0.9645647683886288,0.0,0.0,0.0,0.0,False,1979.875843367619,2.5916176511678843,1440,2023-01-25,0.11809031292282761,0.2407737171629673,3.037
187,5,167,901.9711197019317,6112.3221966868605,5806.706086852527,5811.542026649517,0.9991678732125115,4.835939796989092,0.15533266299531912,0.1769016245989857,0.979131741353638,0.0,0.0,0.0,0.0,False,1417.5444113696851,2.170197250277492,1440,2023-02-06,0.11749986135821347,0.2351701621020485,2.885
188,5,182,556.6907371934892,6302.5232660145475,5987.397102713831,6001.878827711821,0.9975871347266918,14.481724997989687,0.09297708631037101,0.17435411374209064,0.9516149823869705,0.0,0.0,0.0,0.0,False,1001.5387351664756,3.270512101992074,1440,2023-07-21,0.11691236205142241,0.2786218904573996,2.799
189,5,272,942.0557639234063,8878.719774965859,8434.78378621762,8458.1872424273,0.9972330411305763,23.403456209679955,0.11168700796607485,0.20377502734417985,0.9726320654709868,0.0,0.0,0.0,0.0,False,1517.1856400768302,2.048249736573295,1440,2023-10-26,0.11632780024116529,0.32027009133974504,2.858
190,5,225,626.6830772587728,7844.661898211046,7452.428803300472,7477.932321528738,0.9965894959820857,25.50351822826547,0.08409111898945379,0.19451181916737242,0.9523511771704664,0.0,0.0,0.0,0.0,False,1774.231692849328,3.1709158941063187,1440,2023-06-07,0.11574616123995946,0.28867389075381616,2.912
191,5,212,566.5610561877301,7566.566132072153,7188.237825468543,7207.795162157445,0.9972866408868578,19.55733668890163,0.07881779511806854,0.18232223104904008,0.959856199301207,0.0,0.0,0.0,0.0,False,1495.441215631463,3.131521013323269,1440,2023-08-01,0.11516743043375967,0.28405039731568077,2.922
192,5,241,258.4952496284699,8467.727046633214,8044.340694301534,8105.553927587709,0.9924479888934139,61.21323328617448,0.032133801818163076,0.22265480043656288,0.9803391901110142,0.0,0.0,0.0,0.0,False,1279.3452978416494,2.0683732546524682,1440,2023-05-20,0.11459159328159088,0.3080525848730516,2.884
193,5,212,830.1304602634132,7981.372319637397,7582.303703655518,7613.276985531807,0.9959316754224035,30.97328187628817,0.10948261804169061,0.19457814024271336,0.9648946182164548,0.0,0.0,0.0,0.0,False,1426.9950058138768,3.0213523900953367,1440,2023-06-29,0.11401863531518291,0.23738994224456997,2.891
194,5,297,1383.9820794955235,10631.527438839335,10099.951066897316,10133.931152567677,0.9966468998892152,33.980085670359834,0.13702859254749636,0.20720041941926676,0.9687029275597929,0.0,0.0,0.0,0.0,False,2039.656326262242,2.468386960560064,1440,2023-01-21,0.113448542138607,0.24289957355611796,2.961
195,5,256,310.50355125256556,9362.620379152551,8894.489360194952,8925.517621217623,0.996523645760453,31.028261022669458,0.034909654582549285,0.2083482633664669,0.97605909419865,0.0,0.0,0.0,0.0,False,1530.9437047968765,2.077248769100418,1440,2023-10-10,0.11288129942791396,0.21917824344597553,2.922
196,5,129,500.0134774691443,4677.882142331026,4443.988035214497,4451.315117238121,0.9983539511738342,7.32708202362331,0.11251458678713797,0.1894920141630398,0.9669482806137775,0.0,0.0,0.0,0.0,False,974.1641063690186,2.7897465685426495,1440,2023-09-26,0.11231689293077439,0.19725850950569793,2.932
197,5,146,491.67176118018773,5422.597704687408,5151.467819453008,5171.86342118225,0.9960564307159179,20.39560172924312,0.09544304233514446,0.198490095537837,0.9831936046618148,0.0,0.0,0.0,0.0,False,1089.4664311200022,1.6613045479000155,1440,2023-12-11,0.11175530846612053,0.2217318698928635,2.865
198,5,218,1007.1405471415807,7861.647180256815,7468.564821243934,7485.049082488453,0.997797708329918,16.484261244519555,0.13485061337043272,0.18740358774548976,0.976316655633435,0.0,0.0,0.0,0.0,False,1531.0669997530003,2.023877977532216,1440,2023-03-02,0.1111965319237899,0.22159027440115026,2.947
199,5,268,924.4974761154838,9643.518962748749,9161.343014611324,9191.354615533768,0.9967348011062784,30.011600922444803,0.100912876489944,0.2116993608493832,0.9552048052590543,0.0,0.0,0.0,0.0,False,1582.5941492400175,3.177514460848398,1440,2023-09-15,0.11064054926417097,0.24649713576366905,3.042
200,5,132,388.2402980059065,5058.894801874088,4805.950061780379,4818.583780597517,0.997378126148183,12.633718817137792,0.08078325679940206,0.1875019048766623,0.9908799458100583,0.0,0.0,0.0,0.0,False,954.865770358219,1.5649546695094676,1440,2023-02-17,0.11008734651785011,0.2123869559826494,2.884
201,5,243,789.3811617385599,8007.468333361424,7607.094916693375,7650.7919654499065,0.9942885587591634,43.697048756532205,0.10376906958348894,0.21117342777302855,0.9510030303275084,0.0,0.06944444444444445,0.028273132627573465,0.0,False,1516.032014496744,3.6791894363190085,1442,2023-09-01,0.10953690978526086,0.23895812005398653,3.018
202,5,257,1008.9516234188153,8643.540945696408,8211.363898411548,8236.530778165672,0.9969444805790273,25.166879754123194,0.12287259898614317,0.1979019072283089,0.9688864000022885,0.0,0.0,0.0,0.0,False,1804.303087762371,2.269882039242233,1440,2023-03-19,0.10898922523633456,0.20757902955039909,3.003
203,5,262,1413.8422292264731,9194.465349063272,8734.742081610046,8768.505259524787,0.9961494944787692,33.76317791474121,0.1618642217499643,0.2067747224320843,0.9703228202366986,0.0,0.0,0.0,0.0,False,1780.4480652171928,2.3841778001920284,1440,2023-01-22,0.10844427911015289,0.21177800698449692,3.164
204,5,278,177.2587023380709,10147.145698825989,9639.78841388472,9685.074539194351,0.9953241324962071,45.286125309628716,0.01838823579185155,0.21996442128590918,0.9560124013588525,0.0,0.0,0.0,0.0,False,1894.1405018385426,3.1554020353020418,1440,2023-09-18,0.10790205771460211,0.19527825936186505,3.156
205,5,154,595.313520867666,5318.361123791734,5052.443067602175,5077.277470276978,0.9951087166655384,24.834402674804288,0.11782686373746598,0.2150926354813946,0.9938499775146268,0.0,0.0,0.0,0.0,False,987.0963356933789,1.7067776093587264,1440,2023-02-20,0.10736254742602912,0.1520629027210494,2.903
206,5,220,699.5265540610161,7977.20048869667,7578.340464261846,7597.669929672407,0.9974558692876259,19.32946541056044,0.09230603419836617,0.20442823772448918,0.9510007436513745,0.0,3.125,80.06996831043278,0.0,False,1691.8758208645327,3.3118450903900998,1571,2023-06-12,0.10682573468889896,0.12745391440425924,2.96
207,5,265,703.7549046638064,9362.773976600909,8894.63527777083,8911.912923218953,0.9980612865501516,17.277645448121817,0.07912127734147871,0.17323251522711325,0.9510377570991885,0.0,2.0833333333333335,70.08187636632132,0.0,False,2147.413495988302,3.345209758117827,1485,2023-05-22,0.10629160601545447,0.13100698692979454,3.0
208,5,184,554.754367748235,6385.522640307659,6066.246508292273,6092.528630397205,0.9956861717524307,26.282122104933546,0.09144936114777268,0.20183380484752184,0.9589391595817699,0.0,0.0,0.0,0.0,False,1085.5277411132856,3.1705804216556253,1440,2023-07-24,0.1057601479853772,0.20381840868309414,2.922
209,5,154,460.43202121793865,5636.681201674369,5354.8471415906515,5392.552728773498,0.9930078407983556,37.70558718284461,0.08598415772540013,0.21190882273599448,0.9810012202604799,0.0,0.0,0.0,0.0,False,1129.113887996177,2.2986748355169775,1440,2023-09-30,0.10523134724545032,0.19905301867845887,2.94
210,5,206,108.15318917613884,7511.1287795871285,7135.572340607758,7191.893582002183,0.9921687882680341,56.32124139442742,0.015156904592032642,0.23579436931958508,0.9776214163172485,0.0,0.0,0.0,0.0,False,1382.6286265905205,1.8501983955137202,1440,2023-11-18,0.10470519050922306,0.1724802261833111,2.952
211,5,134,400.40649732243315,4507.944266501438,4282.547053176364,4297.531519562261,0.9965132387470138,14.984466385896791,0.09349727915434151,0.2128743949473325,0.9732932924217856,0.0,0.0,0.0,0.0,False,847.591974430536,2.6408478002341202,1440,2023-09-07,0.10418166455667695,0.09688407123731434,2.851
212,5,159,587.2583866471869,5637.441401256977,5355.569331194129,5379.811608604938,0.995493842689206,24.242277410808356,0.10965377354497736,0.19310249752642814,0.9862196921621922,0.0,0.0,0.0,0.0,False,1016.5474046516915,1.5150265135452237,1440,2023-01-05,0.10366075623389356,0.08618737115210592,2.915
213,5,274,269.147209220119,9349.02693926812,8881.575592304704,8967.53987255367,0.9904138390828825,85.9642802489682,0.03030399352264898,0.23051540359831096,0.9593698731388561,0.0,0.0,0.0,0.0,False,1567.3211610969752,2.379872572825574,1440,2023-05-20,0.10314245245272409,0.12147306053360743,3.092
214,5,240,865.7996154865976,8209.17965994174,7798.720676944589,7818.9495659645045,0.9974128380226456,20.228889019915947,0.11101815943301661,0.179482891327207,0.9699066752845313,0.0,0.0,0.0,0.0,False,1623.0331349107041,2.520778159135385,1440,2023-10-12,0.10262674019046046,0.06586744850075082,3.051
215,5,275,915.0708116426086,10048.85386761289,9546.411174232246,9587.441034479347,0.9957204576174659,41.02986024710159,0.09585495480359944,0.21125055954099012,0.9523955414977807,0.0,0.0,0.0,0.0,False,1695.6542451625023,3.035324984238877,1440,2023-09-05,0.10211360648950817,0.134680341304534,2.934
216,5,272,924.9876074823029,9883.192414940257,9389.03279419327,9415.011256541904,0.9972407401711195,25.978462348633087,0.0985178801435617,0.18789702091541982,0.9510007811128834,0.0,5.416666666666667,513.2171615150493,0.0,False,2154.9706466153893,3.68438644667936,1521,2023-06-27,0.10160303845706062,0.11927925750018809,2.993
217,5,278,1232.026957379643,9677.673144481436,9193.78948725745,9211.217512701387,0.9981079563673418,17.428025443936058,0.1340064354407099,0.18049921512358136,0.9544236188616456,0.0,0.0,0.0,0.0,False,2138.2932939209063,2.7609134042021486,1440,2023-03-05,0.10109502326477533,0.15894132438719508,3.021
218,5,176,383.3806069794241,5885.016114272599,5590.7653085589845,5597.468229157761,0.9988025085048522,6.702920598776089,0.06857390461239736,0.16727201069499972,0.9854335466335925,0.0,0.0,0.0,0.0,False,1275.5410020332145,1.8285441528368307,1440,2023-03-30,0.10058954814845145,0.2079211898826662,3.039
219,5,205,756.6090461884046,7569.758043029098,7191.27014087765,7201.815274623251,0.9985357672554088,10.545133745600019,0.10521215743065732,0.1882131928693433,0.9515841898795199,0.0,0.0,0.0,0.0,False,1551.4001869523472,3.0280192450041326,1440,2023-09-13,0.10008660040770918,0.2778413314871727,3.075
220,5,231,696.6956769167282,8161.157406520209,7753.09953619423,7791.1722850796505,0.9951133478387673,38.07274888542031,0.08986027764306452,0.20717296635140856,0.9737386416629156,0.0,0.0,0.0,0.0,False,1551.1759404352545,2.296228597365454,1440,2023-04-12,0.09958616740567064,0.2882961843437549,3.074
221,5,169,532.5642059523602,5971.935823658963,5673.339032475991,5686.019136170644,0.9977699505768473,12.680103694653273,0.09387138736179768,0.18624368908872424,0.9562816204580963,0.0,0.0,0.0,0.0,False,1130.1467845085238,3.359624648070971,1440,2023-05-17,0.09908823656864228,0.25458991665090663,2.939
222,5,286,1.2683832063943856,10104.096310735637,9598.891495198935,9634.09405708086,0.9963460433670926,35.20256188192645,0.00013213850860058072,0.16423115274528047,0.9543376259906233,0.0,0.0,0.0,0.0,False,1414.8855231055416,3.5006961715840528,1440,2023-07-01,0.09859279538579907,0.2743571280200973,3.044
223,5,121,154.3425750099819,4404.127841213767,4183.921449153053,4196.567908572355,0.9969864756880333,12.646459419301781,0.03688945332404014,0.1809829190282285,0.9982059370765423,0.0,0.0,0.0,0.0,False,795.8127426643324,1.3588486814307035,1440,2023-01-11,0.09809983140887008,0.3403869194337621,3.051
224,5,271,694.9505963217637,9606.84875411825,9126.506316412338,9160.553519832418,0.9962832809888215,34.047203420077935,0.07614639953429092,0.21948614626541402,0.951451689364969,0.0,0.0,0.0,0.0,False,1470.907903981919,3.4168864358587703,1440,2023-08-08,0.09760933225182573,0.35730772079079687,2.966
225,5,236,301.0995695856971,8536.83323399953,8109.991572299571,8128.970318628934,0.9976652951621843,18.978746329362764,0.03712698920848828,0.16703866054416547,0.9683872952094132,0.0,0.0,0.0,0.0,False,1757.2285136407809,2.525261262088811,1440,2023-01-29,0.0971212855905666,0.2851629546413459,2.911
226,5,165,492.126916812979,5943.579237338625,5646.400275471687,5663.622338421685,0.9969591787868403,17.22206294999794,0.08715763899183855,0.17666192158367533,0.9632752529271279,0.0,0.0,0.0,0.0,False,1105.0776869810993,3.0639959236555807,1440,2023-06-08,0.09663567916261376,0.34447967728132356,2.884
227,5,250,763.9187029290046,8717.012390295964,8281.161770781215,8301.998158123111,0.9974901961015844,20.836387341897364,0.09224776958522563,0.17960560681251828,0.9695378271375178,0.0,0.0,0.0,0.0,False,1586.814658146718,2.492170199304009,1440,2023-09-28,0.0961525007668007,0.3719287850272003,2.94
228,5,194,714.6188086053877,6408.383457547184,6087.964284669815,6114.226819989571,0.9957046841582825,26.26253531975473,0.11738222748856772,0.21456607249498003,0.9783240226852494,0.0,0.0,0.0,0.0,False,1177.9628272177556,2.151791157689114,1440,2023-06-20,0.09567173826296668,0.38843168337982126,2.887
229,5,271,791.7254811461456,9943.371912508148,9446.20331688277,9493.649615168219,0.9950023120497682,47.44629828544865,0.08381414782075786,0.19969968025760942,0.9821325752706532,0.0,0.0,0.0,0.0,False,1680.5113282835591,2.1365139712293586,1440,2023-04-11,0.09519337957165185,0.32399267393575315,2.944
230,5,300,922.1192554520424,10685.897943831333,10151.603046639837,10176.46906866052,0.997556517702465,24.866022020684873,0.09083484167136167,0.19063306755073117,0.9513196053649604,0.0,2.0833333333333335,89.89765167644404,0.0,False,1958.1025806332498,3.5258675813043387,1470,2023-07-24,0.09471741267379359,0.30516254528983355,2.889
231,5,171,878.4900410573321,6093.950942467757,5789.253395344342,5819.541944305026,0.9947953723419204,30.28854896068416,0.1517449627898141,0.2074696240491482,0.9947273561407036,0.0,0.0,0.0,0.0,False,1002.0860351628712,1.4717354580776174,1440,2023-01-20,0.09424382561042462,0.3105133369506935,2.918
232,5,205,488.17003542161683,7526.6627557962875,7150.329618006476,7179.472048630623,0.995940867179822,29.142430624146808,0.06827238204407693,0.1882604081920758,0.9742085003472735,0.0,0.0,0.0,0.0,False,1152.778816242491,2.600620623792853,1440,2023-05-19,0.0937726064823725,0.27738006478040655,2.933
233,5,158,545.5254455299847,5582.089558789168,5302.985080849719,5327.76390823745,0.9953491130961305,24.778827387729578,0.10287138983286992,0.19715781052484374,0.9906902248518665,0.0,0.0,0.0,0.0,False,1061.069962284224,1.472814146617659,1440,2023-02-16,0.09330374344996065,0.2937207015201325,2.895
234,5,245,592.935901959018,8961.096694387681,8513.041859668363,8537.539089887361,0.9971306450300164,24.49723021899752,0.06965029794674552,0.18380128604144313,0.9784683527879773,0.0,0.0,0.0,0.0,False,1422.780301589852,2.168759966460652,1440,2023-12-15,0.09283722473271083,0.28736103525358164,3.025
235,5,235,1429.8132962980696,9219.98208010658,8758.982976101204,8796.584812516134,0.9957254051184241,37.60183641493083,0.16323964782204745,0.22886914619065862,0.9701439041880071,0.0,0.0,0.0,0.0,False,1639.2724242630188,2.264585581762453,1440,2023-01-24,0.09237303860904728,0.3124675918017501,3.025
236,5,272,1488.880841672497,9720.131571762546,9234.124993174437,9285.860254715797,0.9944285978765309,51.735261541359506,0.1612368083357144,0.23223808008854172,0.9721832884243329,0.0,0.0,0.0,0.0,False,1687.7353010322329,2.318353315432751,1440,2023-01-24,0.09191117341600205,0.23196008740247787,2.943
237,5,265,1254.6185050235886,9554.568826367267,9076.840385048832,9148.192793349901,0.9922003820959111,71.35240830106932,0.1382219419755544,0.21510692113895646,0.9853178617408691,0.0,0.0,0.0,0.0,False,1418.5242424552032,2.1669820049205573,1440,2023-02-04,0.09145161754892205,0.15853052530329015,2.972
238,5,296,939.9919793303834,10497.403017962015,9972.53286706389,10034.513688558674,0.9938232361409348,61.98082149478382,0.09425809790358058,0.23331423433642315,0.9700927053207123,0.0,0.0,0.0,0.0,False,1652.8397471630296,2.360766193729249,1440,2023-01-15,0.09099435946117741,0.13672007925607974,3.037
239,5,294,698.8751070882781,10506.674053396475,9981.340350726663,10046.105930150643,0.9935531657863965,64.76557942398014,0.07001816214366426,0.2383791902485041,0.9751296792269669,0.0,0.0,0.0,0.0,False,1633.693511910657,2.260565834534911,1440,2023-02-19,0.09053938766387153,0.07754992166706354,2.973
240,5,281,1138.852548205074,10192.947415372044,9683.300044603384,9732.2864838506,0.9949666052958365,48.98643924721641,0.11760996178567966,0.22038609951895602,0.9512425424215786,0.0,0.0,0.0,0.0,False,1528.3686778507717,3.5146748056313095,1440,2023-08-21,0.09008669072555218,0.01715193307684726,3.069
241,5,147,765.4380706326767,5521.229907132409,5245.168411775785,5259.527062159228,0.9972699730957276,14.358650383443894,0.14593202935375965,0.19798684201307118,0.9864440484232186,0.0,0.0,0.0,0.0,False,1082.2132821083069,1.797377897180648,1440,2023-02-12,0.08963625727192442,0.007399036833732248,3.036
242,5,127,272.96098667612205,4843.315627443421,4601.149846071245,4607.711026245257,0.998576043476546,6.561180174013365,0.0593245157858081,0.17831039724020883,0.9941626715880225,0.0,0.0,0.0,0.0,False,912.5263738547809,1.5280363971303248,1440,2023-12-17,0.08918807598556479,0.04897574425153334,3.028
243,5,207,642.512071844868,7390.185030655002,7020.6757791222335,7038.113005547919,0.9975224571682865,17.43722642568444,0.09151712627943043,0.1914090445432746,0.982063058445432,0.0,0.0,0.0,0.0,False,1350.592494827304,1.9633936295476093,1440,2023-12-07,0.08874213560563697,0.1266097688240609,2.949
244,5,182,565.3422736766191,6154.972274849584,5847.223661107128,5868.360755705371,0.9963981262437396,21.137094598242975,0.09668559070811665,0.17808437764426446,0.9600399527752137,0.0,0.0,0.0,0.0,False,1068.3853100519286,3.1400861959274358,1440,2023-07-08,0.08829842492760878,0.16032951218817454,2.994
245,5,281,868.7216985812478,10021.417867932934,9520.346974536224,9580.475842014957,0.9937238120036752,60.12886747873565,0.09124895352078981,0.2210588105292747,0.9729812200080598,0.0,0.0,0.0,0.0,False,1721.3428216733537,2.6861872586145896,1440,2023-07-04,0.08785693280297073,0.21771535517507454,2.915
246,5,264,1048.07991099275,9722.854955603498,9236.712207823402,9272.95477265329,0.996091583996854,36.2425648298901,0.11346893650156566,0.21195555964770418,0.9711825742290581,0.0,0.0,0.0,0.0,False,1793.648377537563,2.353585606039389,1440,2023-04-17,0.08741764813895588,0.16802733669110825,2.858
247,5,196,216.67290060959775,7041.52506771537,6689.448814329605,6748.8864049991735,0.9911929780555292,59.437590669569424,0.032390247182317665,0.22250757461883144,0.9606317017836065,0.0,0.0,0.0,0.0,False,900.590826366308,3.1272959521634314,1440,2023-07-22,0.08698055989826112,0.1477062958610052,2.984
248,5,224,201.14310918824742,8443.3352253053,8021.168464040046,8054.460544429774,0.9958666281613668,33.2920803897271,0.025076534683194655,0.2074911825830066,0.9829406035895691,0.0,0.0,0.0,0.0,False,1550.7165393847722,1.928932942129542,1440,2023-01-10,0.08654565709876981,0.10710965152950118,2.897
249,5,226,809.0367134736224,8142.967321629022,7735.818955547592,7770.594563406614,0.995524717243287,34.77560785902084,0.10458320161350693,0.19558034631082036,0.9807760434655548,0.0,0.0,0.0,0.0,False,1398.2936051381294,2.042701769347154,1440,2023-03-11,0.08611292881327597,0.10729383941396227,2.883
250,5,281,1057.6132612399992,10176.86084371276,9668.017801527149,9698.731324439115,0.9968332432475396,30.71352291196889,0.10939297826623157,0.202660166827207,0.9711504483206272,0.0,0.0,0.0,0.0,False,1809.5085036975156,2.308311142068166,1440,2023-04-15,0.08568236416920957,0.13386601220479988,4.809
251,5,124,409.0203999516279,4450.090544500672,4227.586017275645,4229.815196929558,0.9994729841493947,2.229179653913631,0.09675034364296867,0.17001166576432072,0.9680584387499038,0.0,0.0,0.0,0.0,False,1070.4440978738467,2.860435897891817,1440,2023-09-17,0.08525395234836353,0.13941513696005903,2.702
252,5,208,825.4068197628588,7243.1297039350475,6880.973218738325,6896.931850856225,0.997686125879884,15.958632117899622,0.1199549531038871,0.192404436560334,0.9827595566791171,0.0,0.0,0.0,0.0,False,1512.1947437690455,2.024645762555464,1440,2023-04-03,0.0848276825866217,0.2171805558144001,2.726
253,5,241,931.3674324446471,8725.179771732435,8288.920783145772,8328.13351788414,0.9952915338527941,39.212734738366905,0.11236293080981515,0.2128111392900524,0.9720885542862241,0.0,0.0,0.0,0.0,False,1490.1853133901961,2.4373930964579333,1440,2023-10-12,0.08440354417368859,0.230508573318627,2.814
254,5,202,785.5109155079338,7127.172143967044,6770.8135367686755,6795.577765545846,0.9963558317435895,24.76422877716954,0.11601425903139159,0.19949567539989135,0.9839510028634788,0.0,0.0,0.0,0.0,False,1274.656366370633,1.762031391037517,1440,2023-03-15,0.08398152645282016,0.19563568435212544,2.681
255,5,286,877.8189843607543,9857.611287651558,9364.730723269004,9418.178074559512,0.9943250859277252,53.44735129050872,0.09373670320061575,0.2207840083281517,0.9519690032003308,0.0,0.0,0.0,0.0,False,1568.5988637123114,3.327704192168838,1440,2023-07-21,0.08356161882055606,0.19705660996728397,2.752
256,5,292,1343.0096887103018,10250.517946560614,9737.992049232562,9809.363327124296,0.9927241681736487,71.37127789173276,0.13791443676688384,0.21976251964693297,0.9827614803121306,0.0,0.0,0.0,0.0,False,1427.1737105548189,2.1682558533178895,1440,2023-02-04,0.08314381072645327,0.1503198176008304,2.704
257,5,269,1001.3165644670398,9899.148223090288,9404.190811935749,9434.426719671712,0.9967951515620002,30.235907735962144,0.10647556865777055,0.20711073677119932,0.9510003519673114,0.0,7.222222222222222,290.7514336912316,0.0,False,1852.8985125018576,3.783060989381381,1602,2023-08-28,0.082728091672821,0.11418953282400215,2.834
258,5,204,26.58213165289287,7287.242214055769,6922.880103352949,6942.226581758621,0.9972132170885193,19.34647840567161,0.003839750400995444,0.19944014782078306,0.983147134485584,0.0,0.0,0.0,0.0,False,1461.9640489816666,2.032108705029842,1440,2023-10-28,0.0823144512144569,0.11276369049059362,2.723
259,5,280,884.8745884277686,10120.978619148413,9614.929688190945,9682.042152286689,0.9930683565470851,67.11246409574261,0.09203131142129634,0.22006249737446212,0.9714805497829502,0.0,0.0,0.0,0.0,False,1694.843243872449,2.55975239901477,1440,2023-07-07,0.0819028789583846,0.1285263049237434,2.748
260,5,133,448.47186656416676,4900.571989006849,4655.543389556491,4663.272583407252,0.9983425386973384,7.7291938507620035,0.09633072426522703,0.18542220090243516,0.9799287515858064,0.0,0.0,0.0,0.0,False,1068.2374681249462,2.358870858151751,1440,2023-05-09,0.0814933645635927,0.09476410258344614,2.85
261,5,239,824.8759326663807,8588.149349372712,8158.741881904071,8175.5486004786335,0.9979442702385038,16.80671857456236,0.10110332507220743,0.19412549897943726,0.9774328108313193,0.0,0.0,0.0,0.0,False,1554.4916115071746,2.3221300524726756,1440,2023-04-18,0.08108589774077472,0.14469188290454593,2.935
262,5,168,689.7685511034502,5799.210265574262,5509.249752295547,5521.593032974964,0.997764543564565,12.343280679416342,0.12520190263947342,0.1781061649604262,0.9861704861321239,0.0,0.0,0.0,0.0,False,1212.8857149213957,1.7100345573889264,1440,2023-10-15,0.08068046825207086,0.16578057644304928,2.695
263,5,164,483.9033332510752,5971.391156807047,5672.821598966717,5691.332623238187,0.9967475061647446,18.511024271470433,0.08530205380321079,0.18817831516339065,0.9876076779189541,0.0,0.0,0.0,0.0,False,1059.444687200081,1.8797468562839974,1440,2023-11-07,0.0802770659108105,0.21898875786765495,2.667
264,5,242,1027.2869572857583,8436.721038264774,8014.884986351548,8074.447054669033,0.992623387346005,59.562068317485256,0.12817238912786807,0.2265721698742555,0.9845573957188639,0.0,0.0,0.0,0.0,False,1346.4473393029857,1.8294137656952814,1440,2023-10-15,0.07987568058125645,0.23998765680264822,2.687
265,5,259,766.5256531572484,9305.104842845385,8839.849600703175,8893.859650501348,0.9939272653357951,54.010049798172915,0.08671252202031517,0.21288234295140157,0.9816841112080341,0.0,0.0,0.0,0.0,False,1525.7107043975122,2.1260864560882458,1440,2023-12-08,0.07947630217835017,0.1709916870930274,2.621
266,5,280,960.8545315832445,10099.783566325155,9594.79438800892,9642.623622169383,0.9950398111515523,47.82923416046158,0.10014331654507062,0.2146766163176462,0.9510000127182388,0.0,4.375,78.82236033379101,0.0,False,1758.3646962860485,3.3699519572257923,1518,2023-06-27,0.0790789206674584,0.14526841340803925,2.732
267,5,158,631.1621036350936,5625.900155403146,5344.605147632996,5352.994195253272,0.9984328308019249,8.389047620275228,0.11809330833628016,0.19612873982008583,0.9846011268275019,0.0,0.0,0.0,0.0,False,1190.9884250046985,1.958206411379125,1440,2023-04-13,0.07868352606412113,0.12000856223842828,2.598
268,5,277,1503.9477587162676,9599.23235108157,9119.270733527523,9143.962582947195,0.9972996554616572,24.69184941967403,0.16491974003874205,0.18610695351516934,0.9758382662507672,0.0,0.0,0.0,0.0,False,1768.404412931322,2.34541939002487,1440,2023-01-22,0.0782901084338005,0.140799572606368,2.696
269,5,270,189.37071367630176,9908.959544303094,9413.51156708794,9426.995280830673,0.9985696700442662,13.48371374273223,0.020116904550092712,0.18297599386420266,0.9527923709747426,0.0,0.0,0.0,0.0,False,2046.3730847513978,2.857736890948956,1440,2023-10-29,0.0778986578916315,0.18017496309577757,2.723
270,5,176,681.0244666487853,6178.359096221561,5869.441141410477,5875.646232852681,0.9989439303871785,6.205091442205088,0.11602884333296666,0.1708453972243511,0.9908442772783459,0.0,0.0,0.0,0.0,False,1123.3449240948753,1.731804711710863,1440,2023-01-18,0.07750916460217336,0.21941458702622182,2.685
271,5,131,305.5913127030583,4596.78694961049,4366.947602129943,4378.750143118996,0.9973045867877163,11.802540989052167,0.06997824122139881,0.20115015399987574,0.9722571341989055,0.0,0.0,0.0,0.0,False,829.3468552442171,2.697464490844685,1440,2023-07-31,0.07712161877916247,0.2789513289170331,2.786
272,5,259,711.3698891554369,8745.692239741758,8308.407627754717,8335.53106900999,0.9967460452092712,27.12344125527196,0.08562048481818159,0.20972729099125886,0.9803663157617594,0.0,0.0,0.0,0.0,False,1612.0565206730598,2.128449240129909,1440,2023-11-06,0.07673601068526667,0.2598527498235341,2.849
273,5,269,971.6605754996544,9649.03532961372,9166.583563133068,9182.130863607472,0.9983067873127333,15.547300474402471,0.10600029649078421,0.20024999398370125,0.9666114276140888,0.0,0.0,0.0,0.0,False,1929.0690288838414,2.5469839330293387,1440,2023-03-28,0.07635233063184034,0.22521782061812914,3.267
274,5,203,450.094161700605,7137.434435600092,6780.562713820063,6818.547398360158,0.9944292116310243,37.984684540093255,0.06638006028367356,0.2076757595483848,0.9877339575957896,0.0,0.0,0.0,0.0,False,1166.705120442871,1.5508071740985965,1440,2023-03-22,0.07597056897868114,0.21834743097124687,2.939
275,5,149,554.0658422788844,5608.7199900979485,5328.2839905930205,5363.944090614719,0.9933518881965804,35.660100021699364,0.1039857941613241,0.2065463078877118,0.9606931186745455,0.0,0.0,0.0,0.0,False,727.63219865006,3.137647687716494,1440,2023-06-23,0.07559071613378773,0.19613064703401797,3.261
276,5,146,527.3649337613276,5473.224905086134,5199.563659831823,5234.272520660056,0.9933689236295522,34.70886082823219,0.10142484413362965,0.2204745282464878,0.9705629577199714,0.0,0.0,0.0,0.0,False,839.3988261554214,2.7583466611364256,1440,2023-08-11,0.07521276255311879,0.18051469814332985,5.094
277,5,187,1054.5994647100108,7033.697104097222,6682.012248892348,6698.798301057928,0.9974941696389144,16.786052165580664,0.15782662848078852,0.18554589985626713,0.9786060239011595,0.0,0.0,0.0,0.0,False,1330.108161404134,1.973129385585667,1440,2023-02-06,0.0748366987403532,0.13635612782914774,5.285
278,5,257,688.003239944006,9125.395263524522,8669.125500348324,8721.877382779236,0.9939517743582286,52.75188243091063,0.07936247317175904,0.21149173917897762,0.9686980273168864,0.0,0.0,0.0,0.0,False,1171.1805429174383,2.8592545737918833,1440,2023-08-05,0.07446251524665143,0.17859495904347422,5.547
279,5,177,545.5101120828402,6492.5456027591745,6167.918322621239,6183.731707631098,0.9974427440003025,15.813385009859608,0.08844314784165457,0.19032571886118393,0.985170394497535,0.0,0.0,0.0,0.0,False,1191.135760643835,1.9591789566308224,1440,2023-12-14,0.07409020267041817,0.15473059054602345,5.458
280,5,125,386.4866104702435,4478.671640862415,4254.73805881929,4265.325982605253,0.9975176753595992,10.587923785961832,0.09083675778092326,0.1953477501123415,0.9648539758211813,0.0,0.0,0.0,0.0,False,765.6176127689203,3.05434907579915,1440,2023-05-18,0.07371975165706608,0.1826880545041497,3.802
281,5,245,945.4200345292219,8688.349339394705,8253.931872424959,8279.781497844917,0.9968779821754129,25.849625419959025,0.11454177828723255,0.20791183209785583,0.967349237129318,0.0,0.0,0.0,0.0,False,1444.611385513514,2.3394777657713766,1440,2023-10-09,0.07335115289878076,0.19423816941248698,2.613
282,5,254,848.6586593151319,8755.514837550967,8317.739095673449,8364.681039182706,0.9943880772871833,46.94194350925737,0.10202996866739542,0.20142311461981877,0.9804764101022311,0.0,0.0,0.0,0.0,False,1315.5471587981212,2.2207689407348568,1440,2023-09-09,0.07298439713428685,0.17544168936613255,2.728
283,5,152,548.4147552522386,5521.02094667222,5244.9698993386155,5248.879234865797,0.9992552056634846,3.909335527182809,0.10456013395260724,0.17590411013269527,0.9881796316970223,0.0,0.0,0.0,0.0,False,1243.6358687485713,1.687139194269359,1440,2023-10-24,0.07261947514861541,0.17460852804973956,2.729
284,5,221,211.30611176576176,7971.646353951078,7573.064036253521,7608.958196509759,0.9952826445711448,35.8941602562371,0.027902327347848126,0.204283564187615,0.9547620085502733,0.0,0.0,0.0,0.0,False,1564.4771754700653,2.703642534176804,1440,2023-10-06,0.07225637777287233,0.2312886033616621,2.684
285,5,191,744.5000670540327,6530.972199752423,6204.423589764769,6209.218586932873,0.9992277615772466,4.794997168105132,0.1199950416477382,0.1551728902160732,0.9873038433491076,0.0,0.0,0.0,0.0,False,1248.0378835564138,1.78528610904546,1440,2023-11-29,0.07189509588400797,0.213983686480996,2.544
286,5,210,649.6822373466578,7370.819085030785,7002.27813077921,7025.993793563402,0.9966245824461277,23.715662784191128,0.09278155269081856,0.20620962589829567,0.9807172867360704,0.0,0.0,0.0,0.0,False,1386.317322514242,2.005177448507384,1440,2023-04-23,0.07153562040458793,0.3104245912030514,2.584
287,5,121,52.925358894218036,4656.38876825552,4423.5693298427595,4436.6794051960205,0.9970450703880233,13.11007535326012,0.011964401357330897,0.18145656664587792,0.9989764562951333,0.0,0.0,0.0,0.0,False,811.092842302836,1.50394917182868,1440,2023-12-30,0.071177942302565,0.2749860151848915,2.685
288,5,234,902.0625714584139,8621.712256005172,8190.626643204865,8207.486701619167,0.9979457708519983,16.860058414302586,0.11013352344741364,0.19188584766461136,0.9769540479509686,0.0,0.0,0.0,0.0,False,1492.9740014881659,2.2630172540580658,1440,2023-04-28,0.07082205259105216,0.3020190563933888,2.764
289,5,167,492.0620473510797,5851.452363158376,5558.879745000439,5571.7583661975195,0.9976885894271345,12.878621197080347,0.08851820329332216,0.1832495286232119,0.9876546692625799,0.0,0.0,0.0,0.0,False,1059.143748052913,1.779521891416248,1440,2023-12-14,0.0704679423280969,0.30110677873574243,2.698
290,5,220,543.6511929246166,7680.022389474782,7296.021270001063,7334.0418316834475,0.9948158788080356,38.020561682385456,0.07451337829289761,0.19948550017814787,0.9594915290026123,0.0,0.0,0.0,0.0,False,1259.7020149763177,3.2977723168409585,1440,2023-06-30,0.07011560261645643,0.32021438206954356,3.02
291,5,196,682.3086499095497,7656.060826288448,7273.257784974041,7300.511521151242,0.9962668730679706,27.25373617720021,0.09381059630790811,0.2139381617453783,0.9815076653063118,0.0,0.0,0.0,0.0,False,1269.9625624571945,1.9092806351466058,1440,2023-04-23,0.06976502460337414,0.2998070523068179,3.706
292,5,230,788.4662944928542,8307.627217583682,7892.245856704533,7933.527154856035,0.9947966021486125,41.28129815150153,0.09990391946837858,0.21569610300328185,0.96963570112372,0.0,0.0,0.0,0.0,False,1286.8299652323085,2.820882240530802,1440,2023-09-06,0.06941619948035727,0.2509884249614616,2.754
293,5,139,155.52017916484283,5086.994731693181,4832.644995108531,4835.865249404556,0.9993340893242585,3.2202542960251996,0.032181171868046594,0.15465065760078484,0.989425852342618,0.0,0.0,0.0,0.0,False,1161.8029549549865,1.7489135127641213,1440,2023-01-04,0.06906911848295548,0.20728124716762464,3.722
294,5,185,555.7184884212115,6465.673049878588,6142.389397384646,6150.957590682641,0.9986070147336126,8.568193297995176,0.09047268944847905,0.17147450454624397,0.9733771892033696,0.0,0.0,0.0,0.0,False,1347.2231762610159,2.0819518481615344,1440,2023-10-30,0.0687237728905407,0.30888295193800924,2.817
295,5,234,867.2956760040888,8054.549150096584,7651.82169259178,7686.071645090724,0.9955438936715064,34.24995249894222,0.1133449929764795,0.21416590332429586,0.9748273845866459,0.0,0.0,0.0,0.0,False,1276.696865260601,2.288856633623483,1440,2023-10-12,0.068380154026088,0.3545781272469946,3.169
296,5,258,631.5005391371913,9002.23673676564,8552.1248999274,8590.22715364999,0.9955644649389276,38.10225372258954,0.07384136065909798,0.19969519072874298,0.971978366678906,0.0,0.0,0.0,0.0,False,1424.328700811646,2.4291015207308893,1440,2023-08-12,0.06803825325595757,0.296504895016254,2.851
297,5,188,925.6427545507386,6807.828715367873,6467.437279599464,6486.174619694144,0.9971111878428639,18.73734009467991,0.1431235765471644,0.18476274367294887,0.9788674449234026,0.0,0.0,0.0,0.0,False,1243.7556746436612,2.103641608762141,1440,2023-02-11,0.06769806198967777,0.28189711740544066,2.672
298,5,124,480.1052934480727,4675.52280797055,4441.74666757204,4458.718502385217,0.9961935621627385,16.971834813177708,0.10808930120963185,0.2033273216281146,0.9549252710434691,0.0,0.0,0.0,0.0,False,817.9794664471838,3.4291990715083376,1440,2023-08-29,0.06735957167972938,0.30382414165588956,2.827
299,5,251,712.4744992739041,8820.647777315397,8379.615388449613,8407.11236552036,0.9967293196670574,27.49697707074865,0.08502472562833524,0.2129644842629516,0.9510021658417299,0.0,4.166666666666667,160.89677360087498,0.0,False,1634.3395816746706,4.005472664143675,1548,2023-06-06,0.06702277382133073,0.2803573234734784,2.969
300,5,211,1000.6087001222741,7846.946295544983,7454.598980767725,7471.384737188326,0.9977533272597983,16.78575642060036,0.13422703256121024,0.18733772430237727,0.9826581749627715,0.0,0.0,0.0,0.0,False,1418.5318783637892,1.904933908175589,1440,2023-03-02,0.06668765995222407,0.2397338869177605,2.736
301,5,238,846.0984721465747,8372.170082985569,7953.561578836308,7980.243628882205,0.9966564867832696,26.682050045896368,0.10637982289569047,0.19818901099478126,0.9573221738897422,0.0,0.0,0.0,0.0,False,1534.1733357317585,3.0452714746287897,1440,2023-08-16,0.06635422165246296,0.2642471233713308,2.731
302,5,148,44.58643540146989,5314.373457586839,5048.6547847074635,5072.379938131461,0.9953226781681623,23.7251534239972,0.008831349597624228,0.20534162457512925,0.9510000412494356,0.0,2.7777777777777777,59.75558491193848,0.0,False,668.6188387740879,3.60963198141575,1564,2023-07-02,0.06602245054420065,0.26007543126115923,2.636
303,5,198,109.19491864702864,7254.320350281855,6891.604332767747,6904.64056540495,0.9981119607148676,13.036232637202517,0.015844629693529535,0.15518226872697616,0.976120124928989,0.0,0.0,0.0,0.0,False,1606.1757633088587,2.058366164314738,1440,2023-01-07,0.06569233829147963,0.2407352464674999,2.74
304,5,279,327.4287798466002,10496.245809058006,9971.433518605094,10002.590864265772,0.9968850724693751,31.15734566067798,0.03283668082785396,0.15557601252253814,0.9588502759944906,0.0,0.0,0.0,0.0,False,1444.827482433932,3.235279953678751,1440,2023-07-22,0.06536387660002224,0.3378545680621605,2.739
305,5,276,1323.042317703306,10253.415957968045,9740.745160069586,9766.535858711108,0.9973592787642798,25.790698641521804,0.13582557555523345,0.20100894194907795,0.9672254470066931,0.0,0.0,0.0,0.0,False,1637.998563701517,2.2961123060531192,1440,2023-02-27,0.06503705721702213,0.4169049883615257,2.804
306,5,177,821.689607442167,6190.897712014056,5881.352826413346,5904.087118635203,0.9961493975673054,22.734292221856652,0.13971098685865818,0.19830376996617632,0.9894348858650099,0.0,0.0,0.0,0.0,False,1165.5294927866287,1.737307725034035,1440,2023-02-08,0.06471187193093703,0.38014243276517634,2.606
307,5,234,1007.0917823782729,8731.74748013875,8295.160106131805,8312.572630956283,0.9979052784742435,17.412524824476172,0.12140715423127613,0.1745302834195606,0.9835572485824562,0.0,0.0,0.0,0.0,False,1413.7067693301349,1.9543537561905686,1440,2023-11-29,0.06438831257128233,0.3567685781521716,2.685
308,5,135,152.25446422300845,4890.541216321746,4646.014155505666,4665.578195287117,0.9958067277060724,19.564039781451125,0.03277098586593464,0.1992810718967709,0.9940224110704563,0.0,0.0,0.0,0.0,False,889.2394262402493,1.4187782877557944,1440,2023-10-21,0.06406637100842592,0.3916446506933444,2.61
309,5,266,956.8237346259847,9589.528172032327,9110.051763430722,9165.713686271949,0.9939271588938463,55.661922841228446,0.10502945092659473,0.21306326879405676,0.9510271998822898,0.0,0.06944444444444445,0.18220651137211585,0.0,False,1590.309562910564,3.442622653928434,1442,2023-08-25,0.0637460391533838,0.36512972048158143,2.793
310,5,168,-32.98816577533038,5703.2686967481595,5418.105261910752,5442.727899264577,0.9954760484430699,24.622637353823727,-0.006088505885486757,0.19302966319078602,0.9894027308356799,0.0,0.0,0.0,0.0,False,1185.9003924832132,1.5867693216282217,1440,2023-12-24,0.06342730895761688,0.31294377969843934,2.723
311,5,181,699.0000120564057,6653.81772265361,6321.126836520904,6329.645105998829,0.998654226368892,8.518269477924683,0.11058155138066007,0.1761572187885678,0.9893970486736687,0.0,0.0,0.0,0.0,False,1059.295836600243,1.6230671977671371,1440,2023-02-02,0.06311017241282879,0.31561747623958203,2.916
312,5,294,1062.2723009358135,10995.776169767512,10445.987361279156,10484.632609925662,0.9963141055977563,38.64524864650568,0.10169189988429525,0.21461515982515153,0.9510001564824415,0.0,4.791666666666667,159.2874423207303,0.0,False,1851.0015307248445,3.5759274748529397,1530,2023-08-30,0.06279462155076464,0.3560679502179478,2.746
313,5,218,149.4558441809478,7654.842170562457,7272.100062034322,7280.231632122354,0.9988830616251063,8.131570088031788,0.020551951005352162,0.16525025525537948,0.9749226643565686,0.0,0.0,0.0,0.0,False,1773.31574140748,2.1615402634601355,1440,2023-01-10,0.06248064844301082,0.30309010112889867,3.236
314,5,278,743.263025109321,10160.864753154827,9652.821515497004,9711.765071839292,0.99393070611714,58.94355634228843,0.07699956162206652,0.21575049463339582,0.9539087158103992,0.0,0.0,0.0,0.0,False,1563.9151034907388,3.1921689123157697,1440,2023-05-31,0.062168245200795766,0.3710480991483889,3.411
315,5,155,515.3681545771786,5515.6818237993175,5239.897732609368,5245.928681345618,0.9988503563234292,6.0309487362491225,0.09835462081061175,0.18499396365949644,0.9910869394395402,0.0,0.0,0.0,0.0,False,1072.7819470509469,1.6101168872062734,1440,2023-04-19,0.06185740397479179,0.3135264462006753,2.869
316,5,257,1021.6295327610742,9313.892413484675,8848.197792810382,8874.296522366789,0.9970590649646845,26.098729556407164,0.11546187785169099,0.20296906338998294,0.9761748330469725,0.0,0.0,0.0,0.0,False,1470.5785930463517,2.3498076426372365,1440,2023-02-10,0.06154811695491783,0.3359237938021083,2.61
317,5,300,1401.571709709636,11139.476780893252,10582.502941848612,10613.556346932299,0.9970741753217656,31.05340508368688,0.13244236428861333,0.19777814429228568,0.9510634671733262,0.0,1.0416666666666667,15.597271020979068,0.0,False,2192.1494066269834,3.14471331983063,1470,2023-01-17,0.06124037637014324,0.31414799930668524,2.65
318,5,133,466.2549146431751,4639.460315677491,4407.487299893575,4417.406053734113,0.9977546203088681,9.918753840536672,0.10578701262609048,0.20252845411795392,0.9889588770423701,0.0,0.0,0.0,0.0,False,988.6506944514572,1.4461633579700877,1440,2023-03-28,0.060934174488292525,0.30825847851066646,2.706
319,5,164,770.0441416061396,6468.763195079666,6145.325035325685,6152.218517915038,0.9988795127206097,6.8934825893526375,0.12530568150254554,0.17964673233151662,0.9904545480563394,0.0,0.0,0.0,0.0,False,1212.1951112201727,1.7346688664879926,1440,2023-03-07,0.060629503615851066,0.29296975755148363,2.731
320,5,146,801.664704286918,5443.491917989126,5171.317322089657,5182.998473019141,0.9977462561507028,11.681150929482955,0.155021371607298,0.17932167045370187,0.9821693912419958,0.0,0.0,0.0,0.0,False,1071.4272287978392,1.8456024631681658,1440,2023-02-06,0.06032635609777181,0.3320962320977236,2.724
321,5,166,635.4737136725961,6091.209923211127,5786.649427050574,5814.7880789423725,0.995160846533049,28.138651891797977,0.1098172131703672,0.18740570154205488,0.9719509171423621,0.0,0.0,0.0,0.0,False,879.492496734083,2.6533025424814003,1440,2023-06-17,0.060024724317282944,0.36514646434322295,2.716
322,5,176,408.62499181438693,6396.839487230835,6076.997512869288,6092.94097542715,0.9973832895112291,15.943462557862409,0.06724126362550581,0.19886223184635118,0.9861998235400408,0.0,0.0,0.0,0.0,False,1176.3569470025536,1.5703948256890676,1440,2023-11-09,0.05972460069569653,0.374431496668143,2.63
323,5,133,376.2066159808653,4973.6669726871,4724.983624052738,4746.760127193456,0.995412343881469,21.77650314071747,0.07962072377685478,0.20167662237561354,0.965306578474581,0.0,0.0,0.0,0.0,False,848.0429736368542,3.0284734925783043,1440,2023-08-01,0.05942597769221805,0.35671204426630965,2.658
324,5,282,964.5811692758743,10523.874410370032,9997.680689851522,10030.949980505033,0.9966833360032531,33.26929065350765,0.09648049374641506,0.1906675039069849,0.9510006530682978,0.0,5.069444444444445,184.76766016155713,0.0,False,2003.2935128126,3.2925557026966894,1556,2023-08-04,0.059128847803756955,0.33626099206168514,2.709
325,5,166,4.801529708028493,6087.8569248326285,5783.4640785910115,5801.548678630915,0.9968827978455969,18.08460003990424,0.0008302169154646603,0.19694396418589316,0.9885859759502311,0.0,0.0,0.0,0.0,False,1174.2875486560138,1.6777380845007415,1440,2023-12-25,0.058833203564738173,0.34458683573361926,2.698
326,5,286,1301.713807747094,10294.818675290297,9780.077741525714,9805.202286957807,0.9974376310965546,25.124545432091708,0.13309851334004055,0.2033666740776394,0.9724354001256499,0.0,0.0,0.0,0.0,False,1717.9212855936553,2.1758531475828318,1440,2023-04-04,0.05853903754691448,0.33759209984827376,2.659
327,5,258,765.6999590606582,8964.252860661189,8516.040217628088,8540.583431589243,0.9971262836833399,24.543213961154066,0.08991267531542062,0.18164352554027927,0.951000065289908,0.0,1.25,23.12935101090431,0.0,False,1207.0177062544767,3.670404950438664,1493,2023-06-24,0.05824634235917991,0.31769801567427364,2.596
328,5,151,521.8245457071625,5388.123976095579,5118.717777290791,5129.95464877538,0.9978095573442796,11.236871484588779,0.10194438693655644,0.1833403287505759,0.9875305932709473,0.0,0.0,0.0,0.0,False,1039.009704684794,2.0065782246920643,1440,2023-04-24,0.057955110647384005,0.3504914988402519,2.611
329,5,246,1216.3872114846888,8853.908386932266,8411.2129675857,8424.809769111533,0.9983860998766186,13.596801525832221,0.1446149581721782,0.1749172342838428,0.9668439524657185,0.0,0.0,0.0,0.0,False,1973.7008137173334,2.5494052310889694,1440,2023-02-03,0.05766533509414709,0.37382630187285304,2.644
330,5,260,314.6347310265814,9830.746129314617,9339.208822848803,9388.24556658584,0.9947767936629645,49.036743737035074,0.03368965583645727,0.21332570586138316,0.965553983199211,0.0,0.0,0.0,0.0,False,1587.9116235597457,2.691677826599629,1440,2023-10-06,0.05737700841867635,0.41227909041155475,2.813
331,5,143,548.4055063071155,5031.592196168401,4780.012586359975,4781.471684033415,0.9996948433934447,1.4590976734394348,0.1147288833238683,0.16798736060418418,0.9895329361943637,0.0,0.0,0.0,0.0,False,971.9244816593239,1.854340095814326,1440,2023-10-11,0.05709012337658297,0.35787639847885816,2.834
332,5,143,460.39604568660053,5104.253863741755,4849.041170554643,4860.487683511443,0.997644986737518,11.446512956799713,0.09494579020741528,0.17891085804442214,0.9911814972141726,0.0,0.0,0.0,0.0,False,1038.7984249995093,1.4905908699395398,1440,2023-12-04,0.05680467275970005,0.4156992364683294,2.731
333,5,188,788.3749995890222,7022.52012820906,6671.394121798592,6682.813070222615,0.9982912961496853,11.418948424023109,0.11817245169387147,0.16283070167106772,0.9801211971525562,0.0,0.0,0.0,0.0,False,1449.862288084371,1.9924630685841993,1440,2023-11-29,0.056520649395901554,0.43898026958916175,2.587
334,5,132,411.6733250970055,4490.396608767152,4265.876778328793,4282.669898256778,0.9960788199121253,16.793119927984797,0.09650380132599219,0.18419955332063773,0.9984343869262934,0.0,0.0,0.0,0.0,False,876.1128635269837,1.2912982078047248,1440,2023-04-22,0.05623804614892205,0.49483990502365405,2.659
335,5,196,691.974807809224,7133.484226827667,6776.810015486214,6801.6476483231145,0.9963482917491288,24.837632836900166,0.10210922339979116,0.19701269533717738,0.9796877877809272,0.0,0.0,0.0,0.0,False,1180.3485588621425,1.899288397589025,1440,2023-02-24,0.05595685591817744,0.49330616207616185,2.788
336,5,206,760.1820202538468,7303.088633402953,6937.934201732796,6964.8736154016715,0.9961321030134268,26.939413668874895,0.10956892904288226,0.1994157333597355,0.9912666122170511,0.0,0.0,0.0,0.0,False,1218.2056118062246,1.7610989200053822,1440,2023-11-25,0.05567707163858655,0.4640396205149221,2.946
337,5,240,775.5983928923124,8821.666687449133,8380.583353076672,8433.588337628174,0.993715014009516,53.004984551502275,0.0925470650688744,0.22175236604431062,0.962307730161035,0.0,0.0,0.0,0.0,False,1208.7391880080409,3.0444354127731588,1440,2023-07-24,0.05539868628039362,0.4353689169483156,2.652
338,5,223,437.053255656726,8212.367446853093,7801.749074510446,7846.20914584849,0.99433356025673,44.46007133804339,0.05601990675201903,0.21638871297792317,0.9815770235118652,0.0,0.0,0.0,0.0,False,1173.7279992670324,1.5637309857986612,1440,2023-12-19,0.05512169284899165,0.3622041438867496,2.629
339,5,202,713.1885476409932,7415.324044219274,7044.5578420083275,7079.093430128675,0.995121467393923,34.535588120348095,0.10123964677926058,0.22338143608200067,0.9844585014123884,0.0,0.0,0.0,0.0,False,1414.9215249750555,1.9890989922152105,1440,2023-11-08,0.05484608438474669,0.3146529265346531,2.773
340,5,159,439.1921093197538,5418.1904790439385,5147.2809550917345,5183.644991009891,0.99298485216846,36.364035918156034,0.08532507029469631,0.2071338342070704,0.9807016270285306,0.0,0.0,0.0,0.0,False,902.8163303078634,2.312521788570495,1440,2023-09-30,0.05457185396282296,0.2600588900199053,2.949
341,5,226,1041.078617323274,8057.173574503556,7654.314895778373,7688.170171819388,0.9955964455410847,33.85527604101559,0.13601199212452914,0.21622195084486445,0.9844482769330969,0.0,0.0,0.0,0.0,False,1529.1194760130138,2.056216801457,1440,2023-02-26,0.05429899469300884,0.2517716932226001,4.514
342,5,202,191.90518597291285,7032.11560280306,6680.509822662911,6734.021061044168,0.9920535980068705,53.51123838125771,0.028726128853503837,0.20343403736664092,0.9890996867816251,0.0,0.0,0.0,0.0,False,974.1946225086531,1.87241749799972,1440,2023-05-20,0.05402749971954379,0.22433698163936588,3.344
343,5,271,1160.9093610188363,9680.684485952266,9196.650261654706,9263.224322580849,0.9928130790524141,66.57406092614534,0.12623176134676234,0.22391960417651627,0.9717384631675348,0.0,0.0,0.0,0.0,False,1639.9284600396466,2.2293917113141304,1440,2023-03-08,0.053757362220946084,0.2303509201565382,2.723
344,5,246,826.3810066136606,9251.401460301264,8788.831387286249,8834.906551283388,0.9947848725134002,46.07516399713782,0.09402626699712173,0.21346784858664522,0.9815239691957995,0.0,0.0,0.0,0.0,False,1490.5087681544856,2.0947031028465153,1440,2023-11-10,0.053488575409841345,0.18889784377972452,2.845
345,5,251,797.2142142093386,8799.300323477197,8359.335307303347,8421.621418817478,0.9926040238077007,62.286111514131086,0.09536813453491116,0.22972103432188076,0.9829451695447827,0.0,0.0,0.0,0.0,False,1078.158412901038,2.025296764750584,1440,2023-03-16,0.05322113253279214,0.17805585254665762,2.701
346,5,223,1059.859116707203,8162.264940844255,7754.15169380207,7798.408842143062,0.9943248489227926,44.25714834099219,0.136682793754777,0.21945705833168272,0.9821295978046254,0.0,0.0,0.0,0.0,False,1257.1413339020464,1.8111935834410018,1440,2023-02-23,0.05295502687012817,0.13213919922659184,2.803
347,5,186,934.1501413325267,6579.397640258988,6250.427758246052,6300.878851404144,0.9919930069522207,50.45109315809283,0.14945379379837212,0.22575035714010872,0.9893807092249708,0.0,0.0,0.0,0.0,False,1062.52080820093,1.5311217151996972,1440,2023-01-25,0.05269025173577754,0.11701377083239078,2.732
348,5,170,612.7045928925069,5998.7900123329155,5698.850511716308,5731.6433839570245,0.9942786265571747,32.79287224071716,0.10751371555243344,0.2255797912531431,0.9829947252848356,0.0,0.0,0.0,0.0,False,1100.802114367485,2.17997490907842,1440,2023-09-14,0.05242680047709865,0.08978065288148729,2.857
349,5,201,989.0109679092907,7081.997549058279,6727.897671605376,6755.761534385288,0.995875540804972,27.86386277991102,0.14700148786200223,0.2158189689339288,0.9757159254239124,0.0,0.0,0.0,0.0,False,1146.1399884567359,1.9942075955509178,1440,2023-02-12,0.05216466647471316,0.06709041390943174,2.836
350,5,223,625.8756823607415,7873.296196362204,7479.63138654411,7519.846250279789,0.9946521694197958,40.214863735680225,0.08367734317585418,0.22373578126434876,0.9639925098518728,0.0,0.0,0.0,0.0,False,1132.675721922968,3.052848248387978,1440,2023-05-15,0.0519038431423396,0.06962108338736231,2.717
351,5,186,989.1310985668642,7165.513134589358,6807.237477859895,6852.816405281497,0.993348876618601,45.57892742160205,0.1453058016242198,0.2206945220743805,0.9883795416065237,0.0,0.0,0.0,0.0,False,1161.2508716494858,1.6258456801003258,1440,2023-02-14,0.0516443239266279,0.05304184277956539,2.866
352,5,146,128.2314657186095,5340.494287423329,5073.469573052164,5105.332926297151,0.9937588099140683,31.863353244986314,0.025274905835587055,0.23241322224082783,0.9999113900249332,0.0,0.0,0.0,0.0,False,890.2348608883142,1.3141875357900645,1440,2023-11-01,0.05138610230699475,0.045434494407538994,2.816
353,5,139,17.13123676850093,4692.193345772963,4457.583678484314,4486.604368270227,0.9935317029530952,29.02068978591327,0.0038431666131562028,0.22515072558999125,0.997246218349938,0.0,0.0,0.0,0.0,False,849.2061877292139,1.3263954935161655,1440,2023-12-27,0.05112917179545978,0.01194681423169236,2.615
354,5,127,505.71766102177395,4511.84369553954,4286.251510762557,4302.640371146116,0.9961909760124354,16.38886038355986,0.11798599773063782,0.19423333136351456,0.997177639591387,0.0,0.0,0.0,0.0,False,868.0331242076152,1.3322161254945524,1440,2023-11-30,0.05087352593648248,-0.00012337355664404637,2.585
355,5,156,237.72958283762185,5513.543460072118,5237.866287068529,5267.940943034986,0.9942910035834361,30.074655966456174,0.04538672234236657,0.2214982048532489,0.9915902681215022,0.0,0.0,0.0,0.0,False,892.8714581873722,1.608204420592207,1440,2023-01-29,0.05061915830680006,0.058527076942759826,2.821
356,5,193,753.1584735576129,6565.920628096768,6237.624596691938,6273.320717620854,0.994309852383499,35.696120928914965,0.12074443754711417,0.2187783648713215,0.9836050979244079,0.0,0.0,0.0,0.0,False,1006.161965705218,1.957834309133736,1440,2023-06-19,0.05036606251526607,0.04438980542220494,2.87
357,5,171,569.3496439771243,6337.71312484236,6020.827468600272,6039.315872723735,0.9969386591936737,18.488404123462303,0.09456335477912095,0.20066859452890676,0.9875683572479778,0.0,0.0,0.0,0.0,False,1150.683397177216,1.7858464071609221,1440,2023-03-26,0.050114232202689735,0.03812471792243527,2.809
358,5,152,483.70979538941043,5937.258232413353,5640.395320792695,5675.138213002143,0.99387805355474,34.74289220944722,0.08575813713025887,0.21983794079730243,0.9908794722846819,0.0,0.0,0.0,0.0,False,979.8722603690823,1.493837689684459,1440,2023-02-17,0.05,0.0729207129494866,2.623
359,5,176,406.01009777046556,6301.933199180867,5986.836539221806,6015.880107625604,0.9951721829750259,29.043568403798798,0.06781713432637673,0.18614257310365837,0.972874325557743,0.0,0.0,0.0,0.0,False,911.6262746226203,2.6653677636524185,1440,2023-05-19,0.05,0.05759305014079211,2.746
360,5,249,34.2601992363758,9140.808414359326,8683.767993641346,8713.602851328338,0.9965760595019035,29.83485768699282,0.003945314898033053,0.19041435682245642,0.9654443645343965,0.0,0.0,0.0,0.0,False,1891.0554375014572,2.5599306009584883,1440,2023-10-28,0.05,0.12015360016467053,2.792
361,5,176,302.3201218624938,6681.096199183778,6347.041389224585,6375.207837624757,0.9955818776238257,28.166448400172403,0.04763166069402741,0.20389825838325418,0.9929771273710438,0.0,0.0,0.0,0.0,False,996.4094824757781,1.521931687747041,1440,2023-03-12,0.05,0.16128339816129472,2.702
362,5,286,294.32651684908456,10470.593925053212,9947.064228800604,10014.765164721126,0.9932398878249276,67.70093592052243,0.029589284846165492,0.2220612294924648,0.9786710647209295,0.0,0.0,0.0,0.0,False,1534.1562425199377,2.056186916084572,1440,2023-11-03,0.05,0.16432774020567625,2.978
363,5,224,1224.1983346222746,7863.320021452394,7470.154020379781,7485.491908083222,0.9979509846658335,15.337887703442275,0.16387859357149326,0.20124595790525965,0.9771279837656597,0.0,0.0,0.0,0.0,False,1525.069831407906,2.205608969426002,1440,2023-01-22,0.05,0.12570161592629495,2.69
364,5,144,376.93680681645736,4825.091427800305,4583.836856410289,4606.748539762521,0.9950264957693103,22.911683352232828,0.08223172390817711,0.20985103885264805,0.997019063682127,0.0,0.0,0.0,0.0,False,779.7047003602789,1.2077573492244722,1440,2023-11-24,0.05,0.1405320160993782,2.726
365,5,295,1023.1838033826585,10630.30426863276,10098.789055201116,10154.634762690748,0.9945004710858911,55.845707489633895,0.10131747457936005,0.2033512947725921,0.9705587133873044,0.0,0.0,0.0,0.0,False,1803.3043956696506,2.610692915213348,1440,2023-09-09,0.05,0.1329726062109579,2.903
366,5,279,1049.7717021276173,9869.366753535945,9375.898415859114,9417.027959514382,0.9956324284230553,41.12954365526873,0.11196491851404372,0.21849638112379383,0.9792286362191037,0.0,0.0,0.0,0.0,False,1528.9653955698013,2.1824516743232714,1440,2023-03-06,0.05,0.14105695053771522,2.847
367,5,260,877.250188704416,9327.14994150446,8860.792444429258,8896.050002402393,0.9960367176484379,35.257557973135874,0.09900358170063439,0.22268686730867462,0.98327404235411,0.0,0.0,0.0,0.0,False,1510.3986651974992,1.9984281661911438,1440,2023-12-03,0.05,0.1132804169702875,2.889
368,5,148,256.33599062445944,5076.152299290602,4822.344684326052,4842.249139695003,0.995889419401042,19.904455368951563,0.05315588316563559,0.20711659586028505,0.9541546746445522,0.0,0.0,0.0,0.0,False,815.2473515296222,3.5252502119346185,1440,2023-07-16,0.05,0.08070577714417386,2.717
369,5,263,1214.5574812808725,9203.541820227092,8743.364729215751,8788.327293023647,0.9948838314381409,44.96256380789574,0.1389119085038803,0.20790721509364965,0.9729576389649767,0.0,0.0,0.0,0.0,False,1386.2118363931863,2.2794059275508753,1440,2023-02-21,0.05,0.08854483267672576,2.7
370,5,246,519.2330954057496,8910.880130279304,8465.3361237653,8508.968639106677,0.9948721734452229,43.63251534137612,0.06133638260955428,0.2315412897846364,0.9794094786120872,0.0,0.0,0.0,0.0,False,1301.8726235032082,2.0308503679642067,1440,2023-12-17,0.05,0.09268135403468271,2.718
371,5,257,713.2494622310111,8818.157680069831,8377.249796066357,8415.653931910303,0.9954365832822181,38.40413584394759,0.08514124319963891,0.22566506208285478,0.9740909388797065,0.0,0.0,0.0,0.0,False,1632.2375004518917,2.3190925616299403,1440,2023-12-13,0.05,0.042418542311645574,2.799
372,5,249,828.0955229473637,8619.220321465795,8188.259305392502,8218.472901638992,0.9963236970410325,30.21359624648991,0.10113205897155808,0.20123286457780878,0.9692969815306963,0.0,0.0,0.0,0.0,False,1676.8885727482198,2.336848201608543,1440,2023-05-05,0.05,0.0138527407729927,2.761
373,5,228,512.675340948025,8371.96471466583,7953.366478932541,7990.525238082742,0.9953496474833591,37.15875915020041,0.06446016819494449,0.18032918327137681,0.9510001157417725,0.0,4.652777777777778,132.39197838817793,0.0,False,1165.7580323488964,3.762486801926159,1687,2023-06-03,0.05,0.044689290824281136,2.821
374,5,181,533.642880157746,6444.137777061416,6121.930888208357,6138.842584264785,0.9972451328040605,16.9116960564278,0.08716904680933467,0.18753100156232513,0.989001106571573,0.0,0.0,0.0,0.0,False,1092.5078864947748,1.720682112122593,1440,2023-12-08,0.05,0.1163301705758934,2.704
375,5,286,1005.1879534371577,10406.482133983507,9886.158027284251,9932.174633887458,0.9953669152728947,46.01660660320822,0.10167629838234389,0.22573652338772113,0.9551247923099914,0.0,0.0,0.0,0.0,False,1646.7727759861743,3.2082871461490163,1440,2023-09-15,0.05,0.15842232405898066,2.717
376,5,297,1370.3137243239198,10380.398494937514,9861.37857019068,9912.011186472942,0.9948917918543755,50.63261628226314,0.13895762286889096,0.22163219195093997,0.975845905320118,0.0,0.0,0.0,0.0,False,1469.721855011103,2.18168638359202,1440,2023-02-28,0.05,0.10675707266019321,2.727
377,5,244,896.7607835394615,8915.971525773431,8470.172949484728,8491.649599159467,0.9974708506958571,21.476649674738823,0.10587278310462536,0.2042796778684917,0.9510021170988601,0.0,1.0416666666666667,14.756652375012973,0.0,False,1665.08244438721,3.2574290045267333,1471,2023-06-22,0.05,0.07337279110453479,2.821
378,5,184,685.3760813534442,6817.9291082774935,6477.03265286368,6495.280935391976,0.9971905322171881,18.248282528296357,0.10581636963809654,0.19213437986733217,0.9676048791815502,0.0,0.0,0.0,0.0,False,1091.3834004932914,2.929813160205393,1440,2023-08-16,0.05,0.08462691294796972,2.826
379,5,210,1109.317994170328,7431.896590647489,7060.301761115089,7075.428843419761,0.9978620260849997,15.127082304671433,0.15712047894042486,0.18551478980560393,0.9740410679044327,0.0,0.0,0.0,0.0,False,1477.7086661356038,2.178821937439967,1440,2023-02-06,0.05,0.12074314703190196,3.9
380,5,221,425.7043317345702,7344.311574821289,6977.095996080231,7010.6613907670235,0.9952122356485512,33.56539468679279,0.0610145441561551,0.19111658838616738,0.9510740454651836,0.0,0.2777777777777778,1.4597294106110215,0.0,False,984.6330117373701,3.648814082869362,1448,2023-06-03,0.05,0.1649234929445697,3.341
381,5,133,305.6458971680545,4729.666525366874,4493.1831990985565,4508.617500857573,0.996576710764202,15.4343017590172,0.06802435681442381,0.1957591062182805,0.9914111518302623,0.0,0.0,0.0,0.0,False,843.3416256350638,1.5118387698958282,1440,2023-12-15,0.05,0.18838798337815596,2.841
382,5,136,614.3072821339538,4554.68524460998,4326.95098237949,4340.099181372598,0.9969705302935151,13.14819899310747,0.14197232292105424,0.18958516074705178,0.9924467749617668,0.0,0.0,0.0,0.0,False,962.3340462422834,1.4183976342174924,1440,2023-02-14,0.05,0.19715808118346206,2.742
383,5,208,621.0848819334142,7079.731809863591,6725.745219370428,6762.273308442687,0.9945982530716919,36.52808907225919,0.0923443962974785,0.21715456202223288,0.9564227875011693,0.0,0.0,0.0,0.0,False,1134.5783091286658,3.2421612004156413,1440,2023-07-24,0.05,0.21827758142705753,2.816
384,5,221,844.2049086370034,7776.544838888697,7387.717596944268,7413.39506592799,0.9965363414797984,25.677468983722573,0.11427141029134441,0.19841856309244865,0.9755780819961821,0.0,0.0,0.0,0.0,False,1288.153805476999,2.122071697087811,1440,2023-10-09,0.05,0.17366277071542385,2.839
385,5,158,705.2302549213425,5865.954135385557,5572.656428616274,5591.579411628108,0.9966158071595153,18.92298301183476,0.12655189925219482,0.20469011257413117,0.9953926026797212,0.0,0.0,0.0,0.0,False,884.5515995792824,1.3601156196553532,1440,2023-10-16,0.05,0.17926919163701976,2.88
386,5,167,508.5822563160271,6066.592987308267,5763.26333794284,5798.481615986348,0.993926293058098,35.21827804350803,0.08824553495026696,0.20210803286814719,0.9801680168617757,0.0,0.0,0.0,0.0,False,1121.6181213137925,2.3103358280251567,1440,2023-09-30,0.05,0.1697224138858884,2.794
387,5,144,525.7201102286575,5349.256164144503,5081.7933559373105,5107.503593435641,0.9949661831797095,25.710237498331086,0.10345168986740334,0.20795734267354843,0.9850509094548944,0.0,0.0,0.0,0.0,False,911.0177691198091,1.9634428392944236,1440,2023-04-24,0.05,0.16766016539474074,2.666
388,5,285,986.5461802184714,9495.103129333775,9020.347972867097,9082.110839742023,0.9931995030709535,61.762866874926075,0.10936897148380184,0.22805655649229553,0.9816788761649622,0.0,0.0,0.0,0.0,False,1409.7059054816157,1.8196136792274786,1440,2023-04-15,0.05,0.15274401789626246,2.692
389,5,211,521.9710432763458,7262.636595650189,6899.504765867701,6921.160937883208,0.9968710203086059,21.65617201550716,0.07565340716315908,0.17687190169807093,0.9567253624451121,0.0,0.0,0.0,0.0,False,1147.1492614350632,3.387581070540997,1440,2023-06-02,0.05,0.0951900016716214,2.774
390,5,169,549.2145164440891,5987.223842475113,5687.862650351308,5701.63283602614,0.9975848697959251,13.77018567483314,0.09655903283989588,0.19678880142336488,0.9794923283006973,0.0,0.0,0.0,0.0,False,1209.4353767269617,2.369018257837207,1440,2023-05-09,0.05,0.16290943415429915,2.624
391,5,262,717.0123065236514,9239.946188666008,8777.948879232692,8830.41745375199,0.9940581999895142,52.46857451929786,0.08168335409425713,0.224395217156337,0.9583423774764179,0.0,0.0,0.0,0.0,False,1504.3296886260378,3.232480233218355,1440,2023-08-01,0.05,0.1734283606736264,2.697
392,5,293,690.6016401154229,10454.874844854625,9932.131102611896,10010.1585365249,0.9922051750101362,78.02743391300234,0.06953207050738712,0.22871006688840356,0.9732795886393315,0.0,0.0,0.0,0.0,False,1711.5353706382884,2.2815997772068517,1440,2023-12-15,0.05,0.1198896264187327,2.787
393,5,173,399.241662124021,5874.953905870848,5581.20621057732,5618.209025740443,0.9934137702969771,37.00281516312306,0.07153322186293551,0.21313336996342022,0.9729156576997217,0.0,0.0,0.0,0.0,False,985.8963735427947,2.643744830829072,1440,2023-07-31,0.05,0.06613046625985111,2.625
394,5,282,1621.1193587563268,10078.084926396796,9574.180680076919,9599.012222187997,0.9974131148563724,24.831542111078438,0.16932199348710253,0.19327740179190978,0.9582809235895022,0.0,0.0,0.0,0.0,False,2030.9263260731586,2.6619705867121524,1440,2023-01-23,0.05,0.05673520286953819,2.848
395,5,259,1038.266250193762,9621.488325057648,9140.413908804727,9192.547329469395,0.9943287296985093,52.13342066466819,0.11359072581971663,0.2150495497765951,0.9719291280888502,0.0,0.0,0.0,0.0,False,1725.3037125575847,2.2262686989871088,1440,2023-04-17,0.05,0.09323825204501533,2.686
396,5,263,864.0859601927982,9279.574925029612,8815.59617877803,8857.203261888628,0.9953024581371382,41.60708311059591,0.09801786999646495,0.2291750874519748,0.9750262244274533,0.0,0.0,0.0,0.0,False,1414.9655995778553,2.151331547156004,1440,2023-05-01,0.05,0.07378948833025961,2.653
397,5,215,433.02520019706907,7451.854314987541,7079.261599238125,7121.102810966393,0.9941243353959399,41.84121172826805,0.061168130902758494,0.2222261328159027,0.9886965779054591,0.0,0.0,0.0,0.0,False,1167.5038989403995,1.702261639947136,1440,2023-10-19,0.05,0.025695540100020953,2.852
398,5,284,1623.9072609784632,10796.868191789528,10257.024782200004,10298.940065507075,0.9959301362042632,41.915283307069956,0.15832147191421286,0.21854334211625967,0.9709090672222735,0.0,0.0,0.0,0.0,False,1685.9205198538777,2.4177595967010026,1440,2023-02-06,0.05,0.0013967750743934804,2.804
399,5,146,468.47309620276195,5437.73109986575,5165.844544872443,5186.297144786033,0.9960564157157576,20.452599913590305,0.09068664225828531,0.19953234871412007,0.9599063037224408,0.0,0.0,0.0,0.0,False,867.1174972058895,3.049679907037919,1440,2023-05-24,0.05,-0.010867264512706837,2.772
400,5,135,640.3371529664774,4821.82936131388,4580.737893248167,4591.567207601671,0.9976414775470182,10.829314353504024,0.13978908374354054,0.1866654097019718,0.9910925547863044,0.0,0.0,0.0,0.0,False,882.0469508768958,1.4592994322891164,1440,2023-02-08,0.05,0.021169071866614084,2.743
401,5,294,1119.7759136937846,11179.181875001595,10620.222781251436,10684.769378952325,0.9939590088085534,64.5465977008876,0.10543808136215346,0.22626874456280296,0.9552471424215737,0.0,0.0,0.0,0.0,False,1516.1415053141104,3.3565509999400494,1440,2023-08-15,0.05,0.07577213631169842,2.804
402,5,208,559.6351997472565,7193.480347675112,6833.806330291325,6854.6706562706895,0.9969561884114334,20.864325979364104,0.08189216561005457,0.19968518553327083,0.9824065314342181,0.0,0.0,0.0,0.0,False,1406.9259525489342,1.8219301466587248,1440,2023-03-21,0.05,0.031013813945797164,2.849
403,5,192,473.61529935597486,6869.187627039761,6525.728245687786,6559.701470414531,0.9948209190799351,33.97322472674503,0.07257662003760895,0.2115229176052647,0.9760783410127986,0.0,0.0,0.0,0.0,False,1142.5472032427956,2.478844340152731,1440,2023-06-04,0.05,0.05370672664138332,2.752
404,5,252,70.40373528302543,9297.816332322984,8832.925515706851,8856.171118174085,0.997375208523294,23.245602467235692,0.007970602170009514,0.1562552953756942,0.962332795097189,0.0,0.0,0.0,0.0,False,1128.0735273474068,3.061437248714862,1440,2023-07-15,0.05,0.04524190035920246,2.791
405,5,173,302.58208547778804,6043.395632464984,5741.225850841745,5751.888266518104,0.998146275591196,10.662415676357845,0.05270339355025116,0.18251935853767393,0.9880337609827302,0.0,0.0,0.0,0.0,False,1229.6320559170808,1.767408764480574,1440,2023-10-19,0.05,0.1622460434697282,2.785
406,5,235,1110.8390395233882,8276.835262734998,7862.9934995982885,7886.594935036718,0.997007398549965,23.60143543842983,0.14127431741869553,0.19330208640185478,0.9811160939253323,0.0,0.0,0.0,0.0,False,1414.1623109143393,1.948104538945211,1440,2023-02-22,0.05,0.1989424510749097,2.746
407,5,273,986.053009684441,9445.091797159303,8972.837207301287,9001.689979681101,0.996794738271931,28.852772379815168,0.10989311261348639,0.20768465780195128,0.9510001161207967,0.0,1.25,18.283052239180765,0.0,False,1489.5533699781465,3.526242704131705,1492,2023-08-20,0.05,0.2049124715377643,2.718
408,5,265,1073.444374175342,9071.049859858633,8617.497366865704,8671.050547258363,0.9938239109435717,53.55318039265758,0.12456567475178328,0.22390390717770872,0.9579650447601592,0.0,0.0,0.0,0.0,False,1465.9935703769675,3.02744605651768,1440,2023-09-25,0.05,0.1776625979377381,2.693
409,5,142,159.0165980485346,5254.4723250630295,4991.748708809891,5005.873681034231,0.997178320284458,14.124972224339835,0.03185589005469921,0.18389211855767637,0.9918313410533098,0.0,0.0,0.0,0.0,False,935.7291201798731,1.7987680632080758,1440,2023-11-05,0.05,0.1189851550721653,2.666
410,5,295,1380.9964335117681,10223.877785750336,9712.683896462833,9721.484494709759,0.9990947269162734,8.8005982469286,0.14218484285427013,0.16587023706648196,0.9610927802332583,0.0,0.0,0.0,0.0,False,2006.836923428128,2.528833651850154,1440,2023-02-14,0.05,0.16087452981589445,2.704
411,5,252,1281.6929904719398,9316.580471850708,8850.751448258194,8862.08748486241,0.9987208390095923,11.336036604216007,0.14481177083830252,0.17524031210054003,0.9618945031556579,0.0,0.0,0.0,0.0,False,1892.286803883931,2.75945684858188,1440,2023-02-12,0.05,0.23574065703818134,2.684
412,5,246,941.0664129425278,8800.789299122634,8360.749834166536,8402.784371460722,0.9949975465945606,42.03453729418566,0.11255765710113973,0.21178650084102202,0.9876232189353759,0.0,0.0,0.0,0.0,False,1445.3029821434134,1.8231303390905416,1440,2023-12-01,0.05,0.2762573781360561,2.828
413,5,153,477.55821086967705,5495.66284960358,5220.879707123397,5231.791345891366,0.9979143589553626,10.91163876797,0.09147083205500675,0.20576602879189962,0.9935313588947826,0.0,0.0,0.0,0.0,False,853.8569523928803,1.6425559631248599,1440,2023-12-07,0.05,0.22767981474324447,2.874
414,5,287,304.04503856294264,10255.17411788158,9742.4154119875,9772.521811060997,0.996919280442084,30.10639907349483,0.031208383722668213,0.18435154738290965,0.9683459191245606,0.0,0.0,0.0,0.0,False,1705.2372140071789,2.362694575320303,1440,2023-01-14,0.05,0.20177450109746942,2.773
415,5,191,473.4226116512222,7032.562397791098,6680.9342779015205,6698.904967857799,0.9973173690263551,17.97068995628041,0.07086173758918103,0.20486959217405826,0.9830430765669885,0.0,0.0,0.0,0.0,False,1388.000050362847,2.025025670957534,1440,2023-10-27,0.05,0.22894453191148184,2.871
416,5,290,1042.3299907229227,10541.459675645152,10014.386691862903,10035.634724228776,0.9978827415554918,21.2480323658733,0.10408325769663541,0.18832530422153507,0.9614955259272441,0.0,0.0,0.0,0.0,False,2071.6555948221085,2.722606975384158,1440,2023-09-10,0.05,0.20529737841346196,2.952
417,5,161,539.5868470891189,5534.794364678952,5258.054646445022,5274.838016197733,0.9968182208247582,16.783369752710843,0.10262100403500644,0.20428673836059486,0.9510224084862239,0.0,0.06944444444444445,0.12100966493104669,0.0,False,1309.2212357539156,3.472363245900868,1442,2023-08-31,0.05,0.22336082389952028,2.761
418,5,136,467.53039007944693,4914.0345827307165,4668.332853594182,4694.553519618049,0.994414662456335,26.220666023866812,0.10014932626740444,0.2054713088009301,0.9801062389293405,0.0,0.0,0.0,0.0,False,1276.323109508634,2.0245767441446127,1440,2023-02-24,0.05,0.2024820882644057,2.725
419,5,272,755.799820760658,9723.359489291615,9237.191514827104,9253.499882849948,0.998237600018446,16.308368022845865,0.08182138689530079,0.18405132983351394,0.9611932170735508,0.0,0.0,0.0,0.0,False,1748.6432476637954,2.9012144329839624,1440,2023-06-09,0.05,0.18289947934753,3.019
420,5,225,579.8849348189104,7499.700405716047,7124.715385430271,7150.100659996504,0.9964496619315784,25.38527456623285,0.08139061049438544,0.17936458420713078,0.9556163759582547,0.0,0.0,0.0,0.0,False,1744.8962870884907,3.3416681549417633,1440,2023-05-16,0.05,0.21515477945066927,2.951
421,5,190,109.67493678168601,6480.165004193892,6156.15675398418,6170.9207763477,0.9976074847014552,14.764022363520485,0.017815488000806005,0.1770852070998286,0.9827145836849156,0.0,0.0,0.0,0.0,False,1418.8260906465014,1.8761625847034924,1440,2023-04-10,0.05,0.2523016307008671,2.72
422,5,296,847.9028034261222,10190.490437439008,9680.965915567074,9736.89333155825,0.9942561334414632,55.92741599117444,0.08758452522415014,0.20324061699691331,0.957495594376243,0.0,0.0,0.0,0.0,False,1923.8418586851458,3.098954177672141,1440,2023-06-08,0.05,0.2881794809820987,2.678
423,5,296,1557.3784379048814,10673.252781238765,10139.59014217677,10152.330731028676,0.9987450577419659,12.740588851905416,0.15359382539800992,0.17801589561632214,0.9607912149097477,0.0,0.0,0.0,0.0,False,2044.0134856250675,2.6127250485373583,1440,2023-01-19,0.05,0.259177828583652,2.728
424,5,122,299.34005603101855,4018.4678224504473,3817.54443132794,3825.8015284796024,0.9978417340548913,8.257097151663107,0.07841167572917876,0.19721384471654294,0.9660283594374558,0.0,0.0,0.0,0.0,False,710.9179981767763,2.836933895670576,1440,2023-05-23,0.05,0.2925700989213791,2.679
425,5,233,973.6872715019844,8242.999329799395,7830.849363309397,7846.2968495688865,0.9980312386141319,15.447486259488592,0.12433993125497873,0.1753737272815731,0.9785583680076386,0.0,0.0,0.0,0.0,False,1529.4640062752305,2.0721494634116526,1440,2023-03-07,0.05,0.27718773493524784,2.857
426,5,266,1016.0350215912266,10004.385752597202,9504.166464967338,9519.368536040649,0.9984030378679264,15.202071073309863,0.10690416938048847,0.19507832415482626,0.9515322115142568,0.0,0.0,0.0,0.0,False,1908.2873076534052,3.0767030802643136,1440,2023-09-14,0.05,0.31416141573919787,3.052
427,5,245,917.5593860756537,8507.716664327463,8082.330831111127,8106.154730154243,0.9970610110667524,23.823899043116995,0.11352658103819678,0.18748133203258177,0.9773615338045114,0.0,0.0,0.0,0.0,False,1633.1916046688812,2.087114302674717,1440,2023-01-09,0.05,0.3006363310534596,2.75
428,5,228,1124.0601893562837,7957.653752445036,7559.771064822809,7577.693603708971,0.9976348292998559,17.922538886161313,0.14868971291826152,0.18604678648037132,0.9859108416570453,0.0,0.0,0.0,0.0,False,1481.540904631653,1.9422286857836961,1440,2023-02-13,0.05,0.30715557937217774,2.82
429,5,214,567.1099973132866,7598.092164587609,7218.187556358245,7243.19509289855,0.9965474440188941,25.007536540304585,0.07856681374450288,0.2054645377988127,0.9510000828678892,0.0,1.3888888888888888,59.92062735930255,0.0,False,1399.220117383058,4.016294810266679,1508,2023-07-17,0.05,0.31622463891799674,2.79
430,5,216,100.43238666927469,7695.408632867545,7310.6382012241775,7327.538436898905,0.9976935998602717,16.900235674728126,0.013737841198659938,0.17831527884454934,0.9611708301620655,0.0,0.0,0.0,0.0,False,1391.2342878093507,2.826617080163587,1440,2023-09-19,0.05,0.2804876067641402,2.731
431,5,175,520.1369865535382,5896.3326078085765,5601.51597741815,5638.2623302097145,0.9934826812518677,36.74635279156456,0.09285646754385939,0.19837370085421172,0.9752087044828054,0.0,0.0,0.0,0.0,False,947.8548854361961,2.544946220849983,1440,2023-05-06,0.05,0.31271058679820696,2.707
432,5,145,594.1124639261875,5090.858706669688,4836.3157713362,4837.347767901683,0.9997866606630329,1.0319965654836336,0.12284401846698347,0.17534976669501803,0.9890852421375305,0.0,0.0,0.0,0.0,False,1177.7918692301814,1.7669653145155935,1440,2023-03-03,0.05,0.29444175736149253,2.748
433,5,191,136.5308420434709,6897.173883012381,6552.315188861759,6566.871808331798,0.997783325166852,14.556619470037905,0.020837038223612752,0.19638947574317056,0.9596561796944161,0.0,0.0,0.0,0.0,False,1274.1699838415134,3.22509268110053,1440,2023-08-02,0.05,0.33171186062759617,2.781
434,5,246,792.5556074093058,8462.675090904188,8039.541336358947,8070.617651123695,0.996149450251751,31.07631476474874,0.0985821919746791,0.20554950741455674,0.9741744093674917,0.0,0.0,0.0,0.0,False,1638.9374202348374,2.0731620169969203,1440,2023-02-01,0.05,0.31542110954738506,2.737
435,5,290,973.5775696429707,10527.039806960905,10000.687816612819,10032.99530425484,0.9967798761324725,32.30748764202082,0.09735106099659417,0.20943558174537238,0.969226303588007,0.0,0.0,0.0,0.0,False,1599.1870718172065,2.30713367246175,1440,2023-12-03,0.05,0.2819589636354387,2.756
436,5,294,899.4788288821147,10607.491475484374,10077.116901710124,10126.384666819667,0.9951347132534896,49.267765109543866,0.08925954096349421,0.21306125913915644,0.967692274969866,0.0,0.0,0.0,0.0,False,1649.487038481761,2.4178412652718477,1440,2023-04-12,0.05,0.2461681042908186,2.787
437,5,156,630.8829912691403,5521.379539664324,5245.31056268109,5258.399577924361,0.9975108367005389,13.089015243271703,0.12027562214479642,0.18747920280238026,0.9875282676255256,0.0,0.0,0.0,0.0,False,1101.0170267757617,1.7617479078357272,1440,2023-04-07,0.05,0.20890586359183974,2.81
438,5,125,412.1114004599922,4264.021654515637,4050.8205717898595,4058.979351205595,0.9979899431088971,8.158779415735312,0.10173528872889581,0.20140378586099716,0.9847805024245003,0.0,0.0,0.0,0.0,False,863.5266466735998,1.7406581179990641,1440,2023-03-27,0.05,0.23600263483344525,2.638
439,5,298,819.217586645389,10627.741789822878,10096.354700331716,10134.946686566422,0.9961921865572457,38.59198623470486,0.08113993723085755,0.18623824014355578,0.9660880900308405,0.0,0.0,0.0,0.0,False,1672.0619683839411,2.920849892407417,1440,2023-06-09,0.05,0.2269757798047226,2.674
440,5,241,866.0808080448506,8923.131978530066,8476.975379603587,8511.75772289018,0.9959136121563877,34.78234328659059,0.10216861194721927,0.2046336344538344,0.9740992343830673,0.0,0.0,0.0,0.0,False,1405.2080027936374,2.0830832775216988,1440,2023-02-24,0.05,0.2538065843529378,2.696
441,5,257,1014.0943043109661,9088.821123836007,8634.38006764423,8681.862262166831,0.9945308744726905,47.48219452259894,0.11744842089023858,0.2032196365839474,0.97067891887004,0.0,0.0,0.0,0.0,False,1585.742443605713,2.597809297893087,1440,2023-06-19,0.05,0.23456967878620522,2.777
442,5,267,613.1752199163514,9546.34082779062,9069.023786401118,9135.454830790626,0.992728217081693,66.43104438951144,0.06761204230556761,0.21646302748141555,0.9699007414343098,0.0,0.0,0.0,0.0,False,1265.3427023978647,2.625685807275502,1440,2023-05-19,0.05,0.2221299678173732,2.818
443,5,185,365.5666736561972,6441.642706836326,6119.560571494531,6128.327128005312,0.9985695025203992,8.766556510780731,0.05973740587829786,0.1858780443839996,0.9856756301050487,0.0,0.0,0.0,0.0,False,1151.2558214241399,1.874715453475522,1440,2023-12-17,0.05,0.18221958769380683,2.761
444,5,276,905.801946925044,9346.690862167807,8879.356319059425,8913.753776838299,0.9961410805548327,34.39745777887312,0.10201211826365744,0.20195304102923214,0.9743322149421375,0.0,0.0,0.0,0.0,False,1574.9811889181858,2.3353496842780292,1440,2023-02-24,0.05,0.2182843441900689,2.87
445,5,236,836.7843531264193,8227.812081284519,7816.421477220264,7840.57761202023,0.9969190873433952,24.15613479996733,0.10705466121102812,0.18453676800998994,0.9789881357196077,0.0,0.0,0.0,0.0,False,1487.6628074422442,2.0036023732171686,1440,2023-01-05,0.05,0.21167350471610535,2.784
446,5,236,750.0741471245374,8506.302156260595,8080.9870484475305,8100.439698995164,0.9975985685628835,19.452650547631674,0.09281962000776094,0.19175024939103288,0.9548562722137537,0.0,0.0,0.0,0.0,False,1639.2089428346953,3.3404036283451477,1440,2023-06-12,0.05,0.24547379537876785,2.872
447,5,188,1039.6261823116456,6621.75145769527,6290.663884810521,6299.913039476543,0.9985318599466271,9.249154666023244,0.16526493885994034,0.15533230145400923,0.9809330937115016,0.0,0.0,0.0,0.0,False,1471.896973547547,2.148929467779528,1440,2023-01-22,0.05,0.25705685640105175,2.745
448,5,182,450.31460561661595,6459.779480080119,6136.790506076142,6148.332925159398,0.9981226750041425,11.54241908325543,0.07337949782883278,0.18655744815467992,0.9892087910022831,0.0,0.0,0.0,0.0,False,1089.4652741160464,1.651926670341162,1440,2023-11-19,0.05,0.3486761756076304,2.754
449,5,189,787.6241116911549,6804.8281312048975,6464.586724644647,6474.299856073538,0.9984997402584345,9.713131428890325,0.12183673067429535,0.17308573237552222,0.9875653066340352,0.0,0.0,0.0,0.0,False,1235.9639319056982,1.772728598303728,1440,2023-11-29,0.05,0.35394843582368385,2.699
450,5,249,775.9742243450066,8171.017275811189,7762.466412020633,7797.055001932829,0.9955638904812621,34.588589912196866,0.0999649058891083,0.2152273503674717,0.9618977023013606,0.0,0.0,0.0,0.0,False,1417.8011687536732,2.6495347240420535,1440,2023-09-04,0.05,0.3891497320918974,2.707
451,5,211,756.463213676346,7838.898392598999,7446.953472969037,7466.47539143382,0.9973853903694399,19.521918464782942,0.1015802255811262,0.2033413428135504,0.9671628344184044,0.0,0.0,0.0,0.0,False,1118.2117984782403,2.6186614528932592,1440,2023-09-15,0.05,0.32383784200580584,2.709
452,5,123,281.413560371054,4474.435652105931,4250.713869500634,4261.180074129137,0.99754382484513,10.466204628503139,0.06620383516995322,0.1838371412872941,1.0000551086585288,0.0,0.0,0.0,0.0,False,801.8039155363442,1.463101133953629,1440,2023-02-19,0.05,0.2975704794148819,2.64
453,5,123,315.709405680834,4078.270923126046,3874.3573769697255,3884.670756748234,0.997345108395456,10.313379778508327,0.0814869086567749,0.20366358477013957,0.965963113831209,0.0,0.0,0.0,0.0,False,694.7032410304425,2.8138413402048363,1440,2023-10-07,0.05,0.32027397563554194,2.623
454,5,154,503.5464089275316,5400.369995413876,5130.351495643181,5148.911342650609,0.9963953842332283,18.55984700742786,0.09815046968129873,0.199137633237906,0.9808435242089505,0.0,0.0,0.0,0.0,False,896.1237288917437,2.292413639891213,1440,2023-05-08,0.05,0.29463541771130297,2.615
455,5,209,731.4341780218965,7408.5756969597605,7038.146912111741,7063.146556538975,0.9964605513665733,24.99964442723544,0.10392425551151722,0.20643759920725355,0.9539034379867213,0.0,0.0,0.0,0.0,False,1349.4479510287092,3.5353315989178076,1440,2023-08-31,0.05,0.28412478308093025,2.793
456,5,228,825.6857397944827,8283.53102914101,7869.354477683943,7892.951265244288,0.997010397408096,23.59678756034616,0.10492420212305562,0.19702082525854997,0.9786304822588805,0.0,0.0,0.0,0.0,False,1521.7963680420874,1.9498191627150732,1440,2023-10-24,0.05,0.2593344702837048,2.896
457,5,295,209.65324499241243,10321.088691134528,9805.03425657778,9825.582119092578,0.9979087384069723,20.547862514797178,0.021382204233683835,0.1926744898086421,0.9774201697932184,0.0,0.0,0.0,0.0,False,1651.4641207434317,2.1103811975663818,1440,2023-04-10,0.05,0.26036808147014495,2.884
458,5,261,401.3428594053441,9252.203939993256,8789.593742993604,8829.774377276168,0.9954494155155345,40.180634282562615,0.04566113874435484,0.19509591536513538,0.986557608954806,0.0,0.0,0.0,0.0,False,1417.4118811272647,1.9299435513463146,1440,2023-03-12,0.05,0.2711231839186622,2.821
459,5,171,589.4265179981705,5997.066292078157,5697.212977474237,5723.648765705582,0.9953813049483853,26.43578823134583,0.10345874734342173,0.2096841118470734,0.9659733186617507,0.0,0.0,0.0,0.0,False,1125.8142851594866,2.964796330831546,1440,2023-06-18,0.05,0.274645333884934,2.854
460,5,213,787.6203262534511,7837.351891542573,7445.484296965471,7470.064660025375,0.9967094845655834,24.58036305990322,0.10578496909522174,0.1904156739336827,0.9510344315312051,0.0,0.6944444444444444,10.516697763152075,0.0,False,1340.5395816924465,3.7184879297090805,1460,2023-08-29,0.05,0.24488481600533418,2.797
461,5,255,956.7345776525532,9131.417505163927,8674.84662990573,8693.265136904787,0.9978812900896274,18.41850699905661,0.11028835649431533,0.17970178168620174,0.9643280732532532,0.0,0.0,0.0,0.0,False,1774.722476687106,2.381214595520828,1440,2023-04-17,0.05,0.2639461814144297,2.809
462,5,280,1245.9751375910594,9934.337871364674,9437.620977796494,9461.116087811835,0.9975166661314294,23.49511001534255,0.13202216326788438,0.19619195784201632,0.952706925621512,0.0,0.0,0.0,0.0,False,1977.5174317359924,2.932497212860474,1440,2023-01-17,0.05,0.30378074760185414,2.828
463,5,200,194.03218920429433,6905.119738097433,6559.863751192576,6574.9286280710785,0.9977087391011084,15.064876878501684,0.02957869196124988,0.2032379497891214,0.9679910420559766,0.0,0.0,0.0,0.0,False,1428.650255337207,2.6175821205971257,1440,2023-10-06,0.05,0.2995604151169008,2.747
464,5,249,1198.4508263782798,8799.312001103437,8359.34640104827,8380.149161155205,0.9975176145785849,20.802760106936077,0.14336657064815414,0.184089058375189,0.9717709036585185,0.0,0.0,0.0,0.0,False,1615.354980415815,2.5001169902031757,1440,2023-02-11,0.05,0.2805210693558509,2.835
465,5,157,569.2643487192794,5736.625127694169,5449.79387130944,5479.825161192959,0.9945196627629299,30.03128988351895,0.10445612479330349,0.21199266107386308,0.9829195342286144,0.0,0.0,0.0,0.0,False,901.9422386665246,2.133122395472298,1440,2023-04-24,0.05,0.30821270093890285,2.781
466,5,203,421.28449105281146,7021.716583874465,6670.630754680729,6688.471981016476,0.9973325407676993,17.841226335747955,0.06315512078931958,0.199941872771417,0.9552072949885848,0.0,0.0,0.0,0.0,False,1061.5011440854073,3.4272538809074975,1440,2023-05-29,0.05,0.2683784472145682,2.774
467,5,283,1164.7080826058957,10099.550228925806,9594.57271747955,9627.939737462166,0.9965343551276308,33.367019982614465,0.12139238681093233,0.18802690646507597,0.9740378595759704,0.0,0.0,0.0,0.0,False,1770.6898814869794,2.335230694089591,1440,2023-11-29,0.05,0.263025684861911,2.821
468,5,189,632.013479471784,6839.377110577803,6497.408255048909,6533.293799836004,0.9945072813367133,35.88554478709529,0.09727162811120393,0.2115695110315951,0.9672824776417901,0.0,0.0,0.0,0.0,False,1100.5221022310802,2.9100694204547235,1440,2023-09-05,0.05,0.28555505553048177,2.754
469,5,123,482.89146660578666,4546.477068710038,4319.1532152745085,4330.000148642265,0.9974949346430951,10.846933367756376,0.11180234701979563,0.20099152137263862,0.9652178134408144,0.0,0.0,0.0,0.0,False,747.7222340282635,3.039161245730875,1440,2023-06-14,0.05,0.25120634646741646,2.857
470,5,262,878.4062177135121,8985.841338786362,8536.54927184706,8577.281752977246,0.9952511200747198,40.732481130185654,0.10289944914983788,0.1948369017245046,0.9510111598864036,0.0,3.0555555555555554,94.9028215180328,0.0,False,961.1624161269643,3.912510200735002,1542,2023-08-19,0.05,0.24694938039803666,2.818
471,5,174,675.038268740107,6440.56090221427,6118.532857103584,6133.480322808618,0.9975629716052974,14.9474657050342,0.11032681927275935,0.19457980312095696,0.9887514489877617,0.0,0.0,0.0,0.0,False,1043.268331853532,1.610022622818832,1440,2023-10-22,0.05,0.2573421256822024,2.705
472,5,199,811.2831184495861,7234.07744223897,6872.373570127027,6915.833489510002,0.9937158811806421,43.45991938297461,0.11804991538528814,0.2023806657609622,0.9713608264936854,0.0,0.0,0.0,0.0,False,846.3488756080992,2.687161685986341,1440,2023-06-16,0.05,0.26649294868129186,2.788
473,5,300,1158.1895050529063,10786.535425376234,10247.208654107462,10290.819879202216,0.9957621233675568,43.611225094752044,0.11302487771522646,0.2121842036910032,0.9526944528456183,0.0,0.0,0.0,0.0,False,1352.5410841993707,3.616270619575919,1440,2023-08-20,0.05,0.25653267598450386,2.755
474,5,190,535.6967297585861,6848.757587206352,6506.319707846023,6541.0097506990705,0.9946965309370867,34.69004285304767,0.08233483041304981,0.21466005877406136,0.9914486438592496,0.0,0.0,0.0,0.0,False,1101.4031910551712,1.5193748379114642,1440,2023-03-21,0.05,0.22638746419643313,2.762
475,5,167,655.9950307738312,5942.205071093903,5645.094817539217,5668.434895138534,0.9958824476189478,23.340077599317407,0.11620620237159976,0.1976753941086853,0.9911861640541909,0.0,0.0,0.0,0.0,False,1062.7265257433241,1.6335382495878934,1440,2023-03-04,0.05,0.1960914106445455,2.646
476,5,162,193.95491370950006,5693.997278477465,5409.297414553572,5444.4881289157165,0.9935364512643078,35.19071436214359,0.03585584205218029,0.21436009141589718,0.9874231686866378,0.0,0.0,0.0,0.0,False,802.8495034104728,1.943418590422484,1440,2023-11-05,0.05,0.20933706036142846,2.587
477,5,273,237.0133589482553,9677.730823283624,9193.844282119404,9228.029717329082,0.9962954784220642,34.185435209679945,0.025779570729646727,0.20195044084912378,0.9665349639454964,0.0,0.0,0.0,0.0,False,1753.033771777677,2.559997306509918,1440,2023-12-09,0.05,0.18250924148827383,2.642
478,5,158,591.0571497746964,5633.715557562205,5352.029779684117,5378.230144701946,0.9951284410832364,26.20036501782924,0.11043607268746948,0.19237765749469066,0.9864891112113057,0.0,0.0,0.0,0.0,False,1105.7202485891937,1.9974223928180213,1440,2023-03-18,0.05,0.18825069559419538,2.757
479,5,229,775.9813541330029,8366.587701752198,7948.25831666459,7994.834255556137,0.9941742458439112,46.57593889154675,0.0976291060528385,0.21511556795334108,0.983991496380356,0.0,0.0,0.0,0.0,False,1344.6249084449091,1.7433151865477916,1440,2023-04-22,0.05,0.21428509938395102,2.707
480,5,162,473.5040722783966,5889.63321058316,5595.151550053994,5621.937474523483,0.9952354638252607,26.785924469489373,0.0846275687159586,0.21740216236635337,0.9510104770904197,0.0,0.7638888888888888,10.90329338359153,0.0,False,874.0662397628255,3.6397532405620496,1462,2023-06-01,0.05,0.18433344100905752,2.78
481,5,265,836.0935013723514,9171.21976855815,8712.658780130281,8757.985974025116,0.9948244728834611,45.327193894835204,0.09596307194757939,0.18927719436215848,0.9548620012693141,0.0,0.0,0.0,0.0,False,1584.4566567662664,3.3319595400946116,1440,2023-08-04,0.05,0.15447149848219802,2.867
482,5,249,650.591278798251,8678.111234982816,8244.205673233686,8275.025662206335,0.9962755415837065,30.819988972649416,0.07891497429649456,0.212535249574875,0.9538372082784182,0.0,0.0,0.0,0.0,False,1321.3014537708332,3.359887580331681,1440,2023-05-25,0.05,0.19299301435183128,2.78
483,5,234,566.2585047131438,8735.4089661834,8298.638517874162,8327.251241054026,0.9965639654248931,28.612723179861067,0.06823510910777694,0.20027411107864965,0.9780603411312909,0.0,0.0,0.0,0.0,False,1374.5267382044399,2.0644898367007207,1440,2023-02-19,0.05,0.17201574310081777,2.728
484,5,197,351.9809177638376,7321.000951527646,6954.950903951234,6977.050886017492,0.9968324751492714,22.099982066258754,0.050608684752019004,0.20348276621389366,0.976533239840782,0.0,0.0,0.0,0.0,False,1309.728734656121,2.040238785661808,1440,2023-01-03,0.05,0.18219472523777025,2.728
485,5,185,454.2019956134716,6405.85235658477,6085.559738755542,6121.367714138557,0.994150330930078,35.807975383015794,0.07463602611948938,0.21440828640323764,0.9940295212767787,0.0,0.0,0.0,0.0,False,1119.874325448771,1.4978459379870859,1440,2023-10-17,0.05,0.1831047313391007,2.722
486,5,291,354.80211411915644,10497.591024483863,9972.711473259635,10023.154708742008,0.9949673294538318,50.443235482371364,0.035577296612912784,0.22271934938362165,0.9699597521909633,0.0,0.0,0.0,0.0,False,1579.7343487037351,2.2099472665508118,1440,2023-01-12,0.05,0.1590761774834465,2.793
487,5,257,1254.9576738435399,9156.7079960779,8698.872596274014,8723.432354417626,0.9971846221595133,24.559758143613493,0.14426670352444013,0.1781863765292565,0.9610888200777091,0.0,0.0,0.0,0.0,False,2114.1879646328107,2.712632135036298,1440,2023-02-03,0.05,0.12043302837289721,2.844
488,5,190,867.327887660902,6570.325451161334,6241.809178603275,6281.481037751113,0.993684314430082,39.671859147838035,0.13895456635138329,0.1910242854408047,0.9921340202226793,0.0,0.0,0.0,0.0,False,951.0918263792992,1.6669444584296387,1440,2023-02-04,0.05,0.18858173053759825,2.69
489,5,124,423.7720278725837,4489.387076170139,4264.9177223616325,4280.804248251366,0.9962888922341585,15.886525889732454,0.099362298515322,0.19979895472748327,1.004184253193259,0.0,0.0,0.0,0.0,False,813.8830049764315,1.1825049262643152,1440,2023-01-06,0.05,0.21530607839191285,2.718
490,5,143,403.8307580394546,5082.07084626979,4827.9673039563495,4853.1819297899,0.9948045166659057,25.214625833551363,0.0836440540325386,0.21015088578678126,0.9510709569470741,0.0,0.0,0.0,0.0,False,763.2721255142544,3.4558820068796514,1440,2023-06-01,0.05,0.2173913365082975,2.761
491,5,200,619.1759997339148,7216.386581382741,6855.567252313566,6872.425257248424,0.9975470078896708,16.85800493485716,0.09031725267153638,0.18987909831947777,0.9768001364591208,0.0,0.0,0.0,0.0,False,1555.5320408024659,2.1956739430717556,1440,2023-12-07,0.05,0.19577775038161055,2.873
492,5,203,730.7147656612301,7383.614728468286,7014.433992044848,7039.339252931921,0.9964619888327304,24.905260887072327,0.10417301901906016,0.18108715906616044,0.9856010576618102,0.0,0.0,0.0,0.0,False,1274.8432321933738,1.665878181377938,1440,2023-02-16,0.05,0.2235908589923548,2.817
493,5,187,392.80268594029894,6493.946256635524,6169.248943803745,6183.096140024916,0.9977604753496335,13.847196221172,0.06367107074432798,0.1848836822446775,0.9576067084989326,0.0,0.0,0.0,0.0,False,1245.5517158712287,3.393550373062863,1440,2023-05-29,0.05,0.26612925428494033,2.873
494,5,298,1001.114406353456,10540.950885425842,10013.90334115452,10055.925851009553,0.9958211197578775,42.02250985503426,0.09997244553371491,0.17761282601485184,0.9594811944216228,0.0,0.0,0.0,0.0,False,2085.6377217653057,2.7087755815381174,1440,2023-05-05,0.05,0.29256343541403734,2.93
495,5,206,670.5151857585945,7242.6786496602035,6880.54471717719,6905.386207713527,0.9964025921521105,24.84149053633678,0.09745088700385335,0.1977551106034473,0.9922603449740457,0.0,0.0,0.0,0.0,False,1296.1662805149585,1.7094793846599234,1440,2023-04-22,0.05,0.3308260227221888,2.95
496,5,263,906.3262446885947,9329.680305845457,8863.196290553142,8892.254722555088,0.9967321637865096,29.05843200194544,0.10225726870729519,0.19466059152448653,0.9510520274167458,0.0,0.06944444444444445,0.3822817642829501,0.0,False,1888.7738236263635,3.3225854429163517,1442,2023-07-06,0.05,0.31723531094362756,2.909
497,5,143,468.26452918423627,4852.851436226166,4610.208864414848,4631.487960441578,0.9954055594641551,21.279096026731168,0.10157121791133228,0.21720600394120554,0.9765789510275408,0.0,0.0,0.0,0.0,False,771.1254612587156,2.2913514567766895,1440,2023-09-15,0.05,0.313437653918268,2.924
498,5,187,632.0952496961631,6952.90264889487,6605.257516450158,6622.11042279701,0.9974550550699313,16.852906346851043,0.09569577690528379,0.20674508374115635,0.9657092740275457,0.0,0.0,0.0,0.0,False,1163.12188510436,2.9891877776913915,1440,2023-09-05,0.05,0.2599393207841382,2.893
499,5,160,511.1643277034754,5566.050768949782,5287.748230502288,5305.7790464786185,0.9966016647473668,18.03081597633127,0.09666956621626432,0.2047322732963955,0.9655840371506127,0.0,0.0,0.0,0.0,False,1086.5256160972763,3.012277505395153,1440,2023-08-04,0.05,0.23981742452988478,2.942
500,5,145,778.8603952082166,4928.660009315883,4682.227008850072,4716.210142719576,0.9927943978658449,33.9831338695048,0.16634400547774814,0.23353490575300284,0.9948272441523586,0.0,0.0,0.0,0.0,False,857.2243459550675,1.4330548994362713,1440,2023-01-24,0.05,0.2279114768401361,2.939
501,5,221,277.1288466342469,7822.966043647906,7431.8177414655165,7465.966070405135,0.9954261339232465,34.14832893961784,0.03728951062510832,0.21922137262941963,0.9893591454624655,0.0,0.0,0.0,0.0,False,1295.8310753611568,1.7758925939062506,1440,2023-11-23,0.05,0.1533441819961509,2.766
502,5,145,516.5344632187185,5430.478225091526,5158.954313837012,5195.960937576777,0.9928778094784863,37.006623739765615,0.10012386848111901,0.21981271230510274,0.9923819536393228,0.0,0.0,0.0,0.0,False,760.6297571659088,1.7217000854173148,1440,2023-09-29,0.05,0.12421905036137482,2.778
503,5,190,619.6236512903033,6888.287835244717,6543.873443482435,6565.283632592007,0.9967388782712622,21.410189109573004,0.09468759697781685,0.1895248403987191,0.9551063958646215,0.0,0.0,0.0,0.0,False,1390.9241392760025,3.2574301688374647,1440,2023-08-13,0.05,0.09862736215179596,3.135
504,5,244,1244.0812181049446,9041.796097053391,8589.706292200717,8634.695559998148,0.9947897100152723,44.98926779743147,0.14483396472293186,0.21707747547317702,0.9814625388457786,0.0,0.0,0.0,0.0,False,1408.1390378664644,2.0932793915349452,1440,2023-02-12,0.05,0.14531108775824092,2.771
505,5,263,958.3580187953387,9075.130068554805,8621.373565127093,8651.916023702783,0.9964698618789161,30.54245857569136,0.11116071140587573,0.20046769245017132,0.977910716316262,0.0,0.0,0.0,0.0,False,1422.465029069413,1.956023659331184,1440,2023-10-22,0.05,0.12118839730593065,2.931
506,5,221,-20.40941906706925,7509.299983473461,7133.834984299802,7162.3088744343495,0.9960244816812935,28.473890134546895,-0.0028609323192905997,0.17528334515511515,0.9546797388087407,0.0,0.0,0.0,0.0,False,874.3764652436676,3.459699585698485,1440,2023-07-01,0.05,0.13840838297218644,2.983
507,5,229,1009.392976697166,7895.409784351874,7500.639295134313,7513.587435370817,0.9982767033260904,12.948140236503624,0.13457425920374044,0.1821565900366964,0.9639878331508523,0.0,0.0,0.0,0.0,False,1886.877392843253,2.4444804437381054,1440,2023-01-28,0.05,0.20882576829655883,2.857
508,5,173,499.4815908479922,6170.411297632784,5861.890732751115,5885.447414466076,0.9959974696813941,23.556681714960675,0.08520827385221055,0.18950489381471916,0.9883961691145321,0.0,0.0,0.0,0.0,False,1218.4194301562777,1.8081198040504785,1440,2023-12-08,0.05,0.2509307083147432,2.91
509,5,275,955.929147805691,9899.865132051664,9404.871875449076,9437.586099847082,0.9965336237410819,32.71422439800552,0.1016419107527763,0.19021780082761178,0.962531484242154,0.0,0.0,0.0,0.0,False,1859.6669384686516,2.4449506985693006,1440,2023-09-22,0.05,0.2689731473269047,2.843
510,5,153,557.351500587587,5395.477831018541,5125.703939467596,5134.611010753632,0.9982652880096696,8.907071286036539,0.10873657690137266,0.17615664634707315,0.9629381139098021,0.0,0.0,0.0,0.0,False,1116.9979078324538,3.1015650493477303,1440,2023-06-29,0.05,0.28232781306688953,2.791
511,5,252,761.092747829197,8896.829634502927,8451.988152777776,8493.907237105364,0.9950648054944059,41.91908432758744,0.09004896056072455,0.2125233471467876,0.9750124687826731,0.0,0.0,0.0,0.0,False,1283.7033613380295,2.566837969738998,1440,2023-10-05,0.05,0.3251382531987087,2.77
512,5,136,446.51495234271874,4882.363018258912,4638.244867345966,4665.261942622893,0.9942088835291126,27.017075276927272,0.09626808525920227,0.21105912800476484,0.9569860037694473,0.0,0.0,0.0,0.0,False,704.2037789674479,3.401949569456959,1440,2023-08-18,0.05,0.2787536961874528,2.783
513,5,228,754.708419385586,8226.266276105662,7814.9529623004,7839.5255773099125,0.9968655482060504,24.572615009512276,0.09657235597275188,0.18486446582221192,0.9562647483994371,0.0,0.0,0.0,0.0,False,1523.8085948928933,3.234430963876209,1440,2023-08-04,0.05,0.24431437629065997,2.824
514,5,165,473.63405863682084,5929.703405980921,5633.218235681881,5650.349584434534,0.9969680904700399,17.131348752653594,0.08407876968741104,0.18748331793533862,0.9653198300142539,0.0,0.0,0.0,0.0,False,1046.2169664875832,2.963259303496341,1440,2023-07-12,0.05,0.2751479538837316,2.7
515,5,172,590.7520672887365,6043.179371921912,5741.020403325811,5765.643062337653,0.9957294166937454,24.622659011843083,0.1029001859924605,0.19600437027348552,0.9834526968932331,0.0,0.0,0.0,0.0,False,985.903396608976,2.065682486487589,1440,2023-04-24,0.05,0.2946791754125431,2.844
516,5,182,682.6386552685393,6490.020472220038,6165.519448608996,6174.512325338936,0.9985435486632629,8.992876729939757,0.11071875791788306,0.185823326555291,0.9896504905835394,0.0,0.0,0.0,0.0,False,1375.6967501623933,1.8746408382053723,1440,2023-03-06,0.05,0.29175761897799496,2.884
517,5,261,888.7872077494455,9282.955284425496,8818.807520204195,8841.171481311652,0.9974704753601115,22.36396110745679,0.10078315075062055,0.19113064164423413,0.9516104522605003,0.0,1.0416666666666667,37.562850523278996,0.0,False,1560.5039596984225,3.1000049510201926,1455,2023-09-15,0.05,0.31252750368261983,2.833
518,5,262,272.8975323346546,9278.204352306275,8814.294134690927,8854.20032126572,0.9954929654709812,39.906186574794525,0.030960792567676636,0.21350709828252148,0.9837498616597558,0.0,0.0,0.0,0.0,False,1474.4478278578868,1.8581151837254548,1440,2023-11-02,0.05,0.31791078616843305,2.818
519,5,165,837.9517793089825,6079.336110017795,5775.369304516877,5790.211999815514,0.9974365886259242,14.842695298637574,0.1450905968305137,0.1957784015543881,0.9850718676893762,0.0,0.0,0.0,0.0,False,1219.4901536158272,1.8570770073857836,1440,2023-02-03,0.05,0.2723138526387255,2.804
520,5,217,281.07879894945086,8122.4556293556,7716.332847887821,7744.686846522686,0.9963389096038666,28.35399863486596,0.0364264741413261,0.20617032581954284,0.9755957702205081,0.0,0.0,0.0,0.0,False,1353.0340252770204,2.1432331847280595,1440,2023-12-10,0.05,0.2750505185391334,2.812
521,5,133,376.03439434636465,4958.194302513159,4710.284587387478,4721.663212113482,0.997590123603731,11.37862472600572,0.07983262738588141,0.19396903896118262,0.9924572501838205,0.0,0.0,0.0,0.0,False,1143.4767537117004,1.575330682413698,1440,2023-11-27,0.05,0.2540691015851422,2.779
522,5,281,1037.4955800213759,10333.6600246848,9816.97702345052,9849.352222171994,0.9967129616251722,32.37519872147676,0.1056838146348958,0.1901465696684587,0.9664037296834644,0.0,0.0,0.0,0.0,False,1716.4934218019562,2.278590545219452,1440,2023-04-20,0.05,0.2644283471622826,2.778
523,5,294,1293.3022627457726,9656.545651665141,9173.718369081893,9210.308709445068,0.9960272406151108,36.59034036317122,0.14097906767059457,0.1866518504205412,0.9733112308724293,0.0,0.0,0.0,0.0,False,1837.8156002311703,2.3157847404692147,1440,2023-01-27,0.05,0.28161784758456454,4.686
524,5,185,571.2082400328176,6729.7971047020765,6393.3072494670005,6417.09401549434,0.9962932183991842,23.786766027339855,0.08934471905451412,0.1892838612238392,0.9552390270792765,0.0,0.0,0.0,0.0,False,1238.4654217089783,3.4511400990815395,1440,2023-07-13,0.05,0.30372523774678156,2.812
525,5,217,517.6326538740341,7665.135267682034,7281.878504297909,7302.49130311005,0.9971772922477344,20.612798812140145,0.07108504399908856,0.20840621714637275,0.9810296621189516,0.0,0.0,0.0,0.0,False,1425.8645979199925,1.9527593343468026,1440,2023-01-08,0.05,0.31615653304810765,2.872
526,5,217,572.3764046793193,7887.307472972851,7492.942099324226,7537.903616661581,0.994035275638445,44.9615173373554,0.07638873984238326,0.1946263958301468,0.9776684530487605,0.0,0.0,0.0,0.0,False,1239.3783611207925,2.291773250004615,1440,2023-08-12,0.05,0.283612075402276,2.829
527,5,260,691.0343878335663,9216.200808597545,8755.390768167646,8766.093505254505,0.9987790756417961,10.702737086856738,0.07892673281311326,0.18217414169981072,0.9510037962159925,0.0,1.0416666666666667,9.458671958570264,0.0,False,1846.830280922892,3.363758162768988,1473,2023-05-25,0.05,0.2881607963898005,2.888
528,5,132,151.57626110611432,4872.935511376505,4629.288735807664,4651.84407757383,0.9951513117400251,22.555341766165817,0.0327428833577971,0.18782355072348028,0.9978779815274507,0.0,0.0,0.0,0.0,False,769.0145613583418,1.3547402165740285,1440,2023-11-03,0.05,0.3200860251815689,2.81
529,5,215,903.2666186127955,7715.523671753562,7329.747488165876,7355.329360988901,0.9965219949280987,25.5818728230237,0.12323297904479653,0.20100427980973046,0.9799565387344606,0.0,0.0,0.0,0.0,False,1467.783088977948,2.0168049497256475,1440,2023-03-08,0.05,0.3338063308267366,2.839
530,5,272,1139.9379020311967,9520.199699261964,9044.189714298816,9076.291822836065,0.9964630810507349,32.1021085372488,0.12604091002524648,0.1975110459684149,0.9537067709923001,0.0,0.0,0.0,0.0,False,1788.2144424554049,2.9751256765187235,1440,2023-06-21,0.05,0.3157347573626338,2.936
531,5,230,805.6816289860201,8431.71472880412,8010.128992363889,8032.778705872535,0.9971803389165834,22.649713508646002,0.10058285325418378,0.1939781009985908,0.975811544881361,0.0,0.0,0.0,0.0,False,1599.591979992611,2.1632591588276724,1440,2023-04-27,0.05,0.3090870607438251,2.821
532,5,220,485.2076201366477,7630.004104755533,7248.5038995177565,7277.542338624104,0.9960098563834894,29.038439106348612,0.06693900242902934,0.20212038113340375,0.9876630315469326,0.0,0.0,0.0,0.0,False,1404.1069444986933,1.787292543416141,1440,2023-03-22,0.05,0.3118424773324616,2.768
533,5,126,482.66155497806926,4537.762934899951,4310.874788154942,4330.570896053623,0.9954518449480575,19.696107898681305,0.11196371472080005,0.2061394053432364,0.9992927228001944,0.0,0.0,0.0,0.0,False,906.0861400255948,1.4229163278110712,1440,2023-01-09,0.05,0.2960277752501121,2.792
534,5,287,865.4987850283494,9988.626032586037,9489.194730956686,9531.048400079046,0.9956087024883838,41.85366912235884,0.09120887594442813,0.20118820311955268,0.9557255333410468,0.0,0.0,0.0,0.0,False,1581.4858016658077,3.322136549151518,1440,2023-07-11,0.05,0.27422719005543883,2.842
535,5,153,453.09575286182684,5334.054198067092,5067.351488163738,5082.838861836703,0.9969530071493614,15.487373672964674,0.08941470784494873,0.17929868943086744,0.9569103473974286,0.0,0.0,0.0,0.0,False,1191.7329314667668,3.327443954640788,1440,2023-07-13,0.05,0.2676199566358268,2.81
536,5,183,635.1271204191302,6487.984114000596,6163.5849083005905,6180.91490604727,0.9971962083267439,17.329997746678877,0.10304508331892939,0.1859942222656591,0.9528014961901697,0.0,0.0,0.0,0.0,False,1276.6543842305393,3.6058381571435616,1440,2023-08-31,0.05,0.3115261655437014,2.782
537,5,242,751.6694915302317,7914.680124431358,7518.946118209819,7545.625326191559,0.9964642813778292,26.67920798173988,0.09997005959515988,0.20248345495686482,0.9774284211451592,0.0,0.0,0.0,0.0,False,1534.6740605984814,2.04206998673964,1440,2023-11-08,0.05,0.3326212493201764,2.814
538,5,203,601.9530991237291,7165.289885221094,6807.0253909600215,6826.289653142085,0.997177930741161,19.264262182063437,0.08843115230966302,0.18013296972865414,0.9587827331539456,0.0,0.0,0.0,0.0,False,1576.5216766887165,3.3172351022597963,1440,2023-07-13,0.05,0.3130968316728606,2.857
539,5,223,133.12541928248393,7770.443469668312,7381.921296184881,7399.299153302485,0.997651418498217,17.377857117604954,0.01803397976503566,0.1761766709179865,0.9832779689012041,0.0,0.0,0.0,0.0,False,1458.4807606905074,1.879657679274648,1440,2023-01-07,0.05,0.34764171657063875,2.896
540,5,226,677.5217960289473,8297.216106045633,7882.355300743338,7910.767870270593,0.9964083676839979,28.412569527256167,0.08595423197493447,0.20239266203952838,0.9809382715953653,0.0,0.0,0.0,0.0,False,1417.6095680270769,2.0464291912463333,1440,2023-11-14,0.05,0.3851726483264308,2.728
541,5,148,118.20025867436256,5309.541321654248,5044.064255571544,5061.158021085348,0.9966225584258406,17.093765513804488,0.02343353547564379,0.20312713480853953,1.0002439383154542,0.0,0.0,0.0,0.0,False,902.968134450759,1.2980072550333315,1440,2023-11-01,0.05,0.3574025801616958,2.675
542,5,122,153.70677993157219,4286.797460314297,4072.4575872985756,4089.0296726885495,0.9959471838757585,16.572085389973175,0.037743003244763575,0.20606456164401357,0.9974512184810364,0.0,0.0,0.0,0.0,False,766.2548659970475,1.4008252273225983,1440,2023-03-12,0.05,0.3334143287976563,2.748
543,5,292,1546.101784081656,10391.691886420043,9872.107292099023,9908.03724390344,0.9963736559603139,35.92995180441727,0.15661314634607476,0.21841627126562344,0.9778363655215995,0.0,0.0,0.0,0.0,False,1376.522727023942,2.249081653566853,1440,2023-02-05,0.05,0.3074581605861812,2.739
544,5,266,411.78477502459214,9405.154943905607,8934.897196710357,8982.36389659712,0.9947155670341139,47.466699886763735,0.046087242635114226,0.21662219024828158,0.9826452389898762,0.0,0.0,0.0,0.0,False,1516.1855235805492,2.138447121625681,1440,2023-12-16,0.05,0.2585986512861782,2.842
545,5,147,92.93200238058795,5275.445287622061,5011.673023240932,5040.137898863406,0.9943523617421474,28.464875622474818,0.018543109646145868,0.21067772278529548,0.998667137411022,0.0,0.0,0.0,0.0,False,906.0270886679243,1.3987927371543472,1440,2023-01-07,0.05,0.22262691257191375,2.65
546,5,241,576.2058830661864,8286.17097665203,7871.862427819448,7915.905103922307,0.9944361793724592,44.04267610285817,0.07319816477354252,0.221710845025742,0.9794591720492415,0.0,0.0,0.0,0.0,False,1406.175149984283,2.0116077521794926,1440,2023-10-27,0.05,0.2063934638798069,2.685
547,5,212,658.7244669815157,7703.77849656453,7318.589571736282,7340.196072212889,0.9970564137164672,21.606500476606154,0.09000702396612714,0.19619039149010872,0.9551531196975042,0.0,0.0,0.0,0.0,False,1316.8049785854084,3.295737493119937,1440,2023-08-09,0.05,0.1680482937458519,2.676
548,5,253,343.19785563220563,9068.620548590177,8615.189521160659,8662.599519239186,0.9945270472248854,47.40999807852678,0.039836367475055756,0.2111368621893741,0.9842253330307219,0.0,0.0,0.0,0.0,False,1305.5688308469937,1.9220937689557376,1440,2023-01-11,0.05,0.19370763584257572,2.846
549,5,146,410.4451745218459,5093.286711389749,4838.6223758202705,4853.981993205633,0.996835666591499,15.359617385363274,0.08482686654220767,0.18705626646758167,0.9628977146439014,0.0,0.0,0.0,0.0,False,1014.9426775577024,3.1537958519943827,1440,2023-07-26,0.05,0.18079603087210222,2.829
550,5,246,217.35362867902606,8457.707820370399,8034.822429351943,8080.910402143395,0.9942966855839378,46.087972791451925,0.027051453917016674,0.2199768430702424,0.9776042370466967,0.0,0.0,0.0,0.0,False,1425.9908646792076,1.9149317815958324,1440,2023-10-18,0.05,0.22409124416028775,2.8
551,5,249,930.7387117833055,8906.178348433694,8460.869431011979,8493.969766027885,0.9961030783099449,33.10033501590595,0.1100050910101307,0.20930880735212276,0.9821109535315472,0.0,0.0,0.0,0.0,False,1463.4094439197281,1.9550047431355817,1440,2023-11-16,0.05,0.18530330411147042,2.762
552,5,300,1699.0732461507362,11008.005078754646,10457.604824816883,10528.343885092054,0.9932810838012865,70.73906027517057,0.1624725044226834,0.23951793904174248,0.9577990811434507,0.0,0.0,0.0,0.0,False,2003.146237082763,2.659108707952449,1440,2023-01-24,0.05,0.1772771902846736,2.788
553,5,170,830.9185801629945,6350.826219844155,6033.284908851951,6045.584582401905,0.9979655112946798,12.299673549954582,0.1377224170109856,0.19497543370056813,0.9956689399318557,0.0,0.0,0.0,0.0,False,1032.5150035884185,1.6134330195035393,1440,2023-03-05,0.05,0.10242031255398565,2.664
554,5,197,331.54991114816465,6952.178537671807,6604.569610788241,6639.284085325101,0.9947713527406382,34.71447453685974,0.05020007823168282,0.21429185236653828,0.9923088536235967,0.0,0.0,0.0,0.0,False,1048.167850051996,1.580460872913236,1440,2023-10-20,0.05,0.14077955043499046,2.66
555,5,144,476.8130226232386,5206.696709993022,4946.361874493339,4960.112302664611,0.9972277990230413,13.750428171272391,0.09639671231536796,0.18848592815659845,0.9756212850188158,0.0,0.0,0.0,0.0,False,1067.4479886325153,2.505241166409724,1440,2023-05-07,0.05,0.12825622705633305,2.692
556,5,122,449.4272758152398,4490.141891397033,4265.634796827171,4281.825574127045,0.9962187209591846,16.190777299872952,0.10535999850468424,0.17611927189099277,0.9513939462373614,0.0,0.0,0.0,0.0,False,837.861873476518,3.6690536799238043,1440,2023-09-01,0.05,0.17558630520744484,2.732
557,5,128,330.1033353895718,4480.09052648366,4256.086000159463,4272.547978047176,0.996147034984207,16.4619778877129,0.07756030667077775,0.19169279799162645,0.9519901830011328,0.0,0.0,0.0,0.0,False,637.3052181839382,3.5105590668674145,1440,2023-05-26,0.05,0.24185104791811707,2.815
558,5,201,662.9237990890292,6903.469649931888,6558.2961674352955,6584.100050392866,0.9960808792758198,25.803882957569876,0.10108171118906238,0.1953784267631941,0.9537669275916121,0.0,0.0,0.0,0.0,False,1170.6166841651175,3.4838510235873055,1440,2023-06-26,0.05,0.2610164447656795,2.774
559,5,151,484.99319060965826,5397.575663575475,5127.696880396692,5139.989719142041,0.9976083923476404,12.292838745349679,0.09458304613593656,0.19949877870600335,0.992667696375165,0.0,0.0,0.0,0.0,False,1163.421052631579,1.614520152557839,1440,2023-12-04,0.05,0.2684714576081209,2.775
560,5,254,928.203418895201,8841.527849776612,8399.45145728778,8421.480243704895,0.9973842144397855,22.028786417114507,0.11050762345793973,0.19394130771976853,0.9766816420678905,0.0,0.0,0.0,0.0,False,1394.2363079994357,2.3232226242077934,1440,2023-04-02,0.05,0.26539575467259346,2.922
561,5,154,399.35776866220914,5265.7855614059545,5002.496283335648,5019.363990919898,0.9966394731255266,16.86770758425055,0.0798316972253538,0.1925187659416642,0.9638664301646456,0.0,0.0,0.0,0.0,False,1057.195121623591,3.045237080397465,1440,2023-08-01,0.05,0.27546456310789974,2.909
562,5,233,909.6229250353265,8291.991367733977,7877.391799347328,7919.785380096686,0.9946471301033109,42.39358074935865,0.1154726016180498,0.22113262964451863,0.9725835091770034,0.0,0.0,0.0,0.0,False,1244.3550514801243,2.4633967893444413,1440,2023-03-10,0.05,0.2870232634708911,2.711
563,5,217,557.8568002392402,7723.243687004311,7337.081502654058,7377.651033798613,0.9945010232987848,40.56953114455468,0.07603252056522004,0.2116535177788244,0.9610230783755781,0.0,0.0,0.0,0.0,False,1169.3666864836612,3.1703469581461547,1440,2023-05-31,0.05,0.2322630921327785,2.786
564,5,179,463.37446690658385,6089.078530948326,5784.624604400895,5810.304568884001,0.9955802722252065,25.6799644831061,0.08010450091334403,0.20902058487294875,0.9664735891827158,0.0,0.0,0.0,0.0,False,1113.5561721988893,2.946655208316051,1440,2023-05-15,0.05,0.2087263252778745,2.73
565,5,201,541.2923143844788,7097.320184318398,6742.45417510247,6774.579414963811,0.9952579727989633,32.125239861342095,0.08028120033552211,0.21489341671778414,0.9717146343321028,0.0,0.0,0.0,0.0,False,1129.8410935008537,2.6106376166481344,1440,2023-10-04,0.05,0.19523833494323029,2.72
566,5,300,1361.028136061717,11131.475034314526,10574.901282598794,10613.963476366422,0.9963197354263932,39.062193767628365,0.12870362565949578,0.2055661340145748,0.9791608540539766,0.0,0.0,0.0,0.0,False,1618.5273659289767,2.079596440357672,1440,2023-03-14,0.05,0.1707830417809878,2.661
567,5,293,867.621680582043,10301.00506302306,9785.95480987195,9827.160694643091,0.9958069389469124,41.2058847711437,0.08865989036724317,0.22034689487744452,0.9712959129128622,0.0,0.0,0.0,0.0,False,1545.6028900146484,2.2913347902137,1440,2023-04-12,0.05,0.17146052249752566,2.618
568,5,170,871.2235286277652,6691.831152031094,6357.239594429537,6397.323620995041,0.9937342506116222,40.08402656550341,0.13704431234449077,0.227971777186452,0.9954897393928371,0.0,0.0,0.0,0.0,False,1026.2999929189682,1.429544045192993,1440,2023-01-26,0.05,0.13846748842857032,2.674
569,5,292,765.201461214118,10449.57247025139,9927.093846738793,9980.865561068998,0.994612519926133,53.77171433020678,0.07708212222306116,0.216093013057799,0.9770608451536279,0.0,0.0,0.0,0.0,False,1485.0110794185653,1.9789295915729328,1440,2023-10-17,0.05,0.09389973123426698,2.77
570,5,159,513.6868350854783,5369.510928907096,5101.035382461745,5133.831817293532,0.9936117044735842,32.79643483178751,0.10070246461171858,0.19319392438258434,0.9602061911379068,0.0,0.0,0.0,0.0,False,787.4878897553399,3.094102634451319,1440,2023-06-23,0.05,0.08357415590897099,2.803
571,5,264,922.6048600337575,10019.701399236741,9518.716329274843,9565.967090630938,0.9950605348201151,47.25076135609563,0.09692534456524178,0.2083574552719993,0.9541115779915922,0.0,0.0,0.0,0.0,False,1407.84164074907,3.3030483148575462,1440,2023-08-04,0.05,0.12603199451507724,2.895
572,5,182,517.0685847337143,6463.243846224073,6140.081653912872,6168.045184128692,0.9954663869376679,27.963530215820732,0.08421200464072061,0.20507919605524252,0.9909504561455355,0.0,0.0,0.0,0.0,False,1278.0565863571128,1.8224627069493016,1440,2023-11-07,0.05,0.12622062467964934,2.706
573,5,241,864.2121588965999,8520.673324525815,8094.63965829952,8127.400854216018,0.9959690439164812,32.761195916498735,0.10676351207437801,0.2071921384720228,0.9522486963528847,0.0,0.0,0.0,0.0,False,1523.056554030189,3.340507685259537,1440,2023-08-17,0.05,0.1333297392854098,2.695
574,5,237,397.4082115078312,8605.069795665135,8174.816305881884,8215.264260135407,0.995076487746134,40.447954253523505,0.04861371762224075,0.22172042494479316,0.9806981402304062,0.0,0.0,0.0,0.0,False,1416.2893117580734,1.9957788245803876,1440,2023-10-20,0.05,0.1340089507295004,2.631
575,5,272,1094.1625355806743,9906.233784097936,9410.922094893063,9443.8663251627,0.9965115738474761,32.94423026963755,0.11626517832662044,0.21755753502808015,0.9776022231663632,0.0,0.0,0.0,0.0,False,1516.1979525942193,2.2538060108837064,1440,2023-02-20,0.05,0.10150406839743847,2.67
576,5,189,897.6821596056369,6592.551170453102,6262.92361193045,6299.960066312118,0.9941211604531092,37.03645438166912,0.14333276521138028,0.1990671094178948,0.985388080005252,0.0,0.0,0.0,0.0,False,1264.2557990291505,1.7076720049304928,1440,2023-01-27,0.05,0.08378064359715352,2.552
577,5,289,1040.5977503358263,10493.094157097907,9968.439449243047,10018.92798331559,0.9949606849997703,50.4885340725438,0.10438923320288052,0.21587597576691608,0.973359718188056,0.0,0.0,0.0,0.0,False,1366.8150715886168,2.2689149650011946,1440,2023-03-27,0.05,0.11032748462843861,2.637
578,5,279,1091.0758330228384,10397.209160378996,9877.348702360032,9933.965258056942,0.9943007093113204,56.616555696910844,0.11046241920791391,0.21074288368918534,0.9668583130731815,0.0,0.0,0.0,0.0,False,1719.0908520671137,2.561204592618326,1440,2023-03-18,0.05,0.09379165269727403,2.584
579,5,124,18.91269282941283,4320.784291306397,4104.745076741105,4111.483096729986,0.9983611704510618,6.738019988881386,0.004607519462433525,0.15531233673242653,0.9995950011776079,0.0,0.0,0.0,0.0,False,715.1415301628307,1.2524257955910736,1440,2023-12-23,0.05,0.09131864553889076,2.552
580,5,138,391.6993955854902,4775.451720986437,4536.67913493711,4556.440618254649,0.9956629560279205,19.761483317539398,0.08634055526850043,0.1963147202554443,0.9648477383101292,0.0,0.0,0.0,0.0,False,804.2035171836001,2.9944953788046718,1440,2023-07-12,0.05,0.21352182628043218,2.577
581,5,141,467.13720344106906,4893.544452773619,4648.867230134924,4658.292006900734,0.9979767741584581,9.424776765809371,0.10048409221347268,0.17265423857470638,1.0016034111316823,0.0,0.0,0.0,0.0,False,774.829948172585,1.2308323088112698,1440,2023-01-06,0.05,0.221263391110254,2.499
582,5,236,937.2022073051265,8312.812640903376,7897.172008858243,7949.703616256592,0.9933920042892008,52.531607398348044,0.11867567355173074,0.21848581349911053,0.9758619953235573,0.0,0.0,0.0,0.0,False,1517.9480398574658,2.0239327239553377,1440,2023-11-30,0.05,0.2808769907429996,2.609
583,5,185,457.81162482314227,6603.6450101619785,6273.4627596538685,6307.929368569907,0.9945359868663444,34.46660891603815,0.07297590539110836,0.19856643657889583,0.9619594285640326,0.0,0.0,0.0,0.0,False,1060.1340629310307,3.1136441019435552,1440,2023-06-30,0.05,0.2268141149405514,2.7
584,5,147,651.3207099789591,5498.931740474886,5223.985153451125,5232.933389554647,0.9982900152863816,8.948236103522092,0.12467889759385642,0.18312999064200497,0.9994677042986582,0.0,0.0,0.0,0.0,False,925.8569056181854,1.4849648861664935,1440,2023-03-07,0.05,0.2274581216941204,2.627
585,5,136,372.29793436900604,4729.634399231404,4493.152679269837,4510.661195812743,0.9961184146219717,17.508516542906733,0.08285895471273115,0.1830458865868263,0.9906442873008793,0.0,0.0,0.0,0.0,False,626.5220160618449,1.8585405533380221,1440,2023-04-29,0.05,0.26277700862603526,2.679
586,5,285,999.2193350566283,10146.698580372029,9639.363651353447,9683.541102961306,0.9954378825743458,44.17745160786018,0.10366030074156705,0.2179321035087839,0.9657048771320805,0.0,0.0,0.0,0.0,False,1476.801160215026,2.9075163919488816,1440,2023-06-18,0.05,0.2920648527636189,2.612
587,5,228,683.9510581149739,8121.860294449911,7715.7672797273535,7738.966748741743,0.9970022523978203,23.199469014390285,0.0886432979791923,0.1978205557527528,0.96103572847427,0.0,0.0,0.0,0.0,False,1270.1887282874086,3.152947733474286,1440,2023-06-08,0.05,0.2378488456699399,2.669
588,5,126,54.48147202065267,4659.470209632647,4426.496699151006,4432.390470325417,0.9986702951344498,5.89377117441081,0.012308034033121975,0.16209801250347577,0.9999851802276064,0.0,0.0,0.0,0.0,False,845.5562768465445,1.3983862227375596,1440,2023-11-04,0.05,0.23883041727062745,2.626
589,5,167,554.0808551770958,6221.765010874687,5910.676760330936,5926.166658701068,0.9973861858327274,15.489898370130648,0.0937423712451623,0.19928150061075137,0.9796869335258388,0.0,0.0,0.0,0.0,False,1250.8306760838775,2.0690713686956106,1440,2023-10-30,0.05,0.3201003690744132,2.528
590,5,238,906.7742023417155,8439.63714940306,8017.655291932909,8055.408034999757,0.9953133667589752,37.75274306684902,0.1130971798268854,0.213676747518133,0.9900401398545198,0.0,0.0,0.0,0.0,False,1130.6006842437416,1.756354337285634,1440,2023-10-22,0.05,0.30334858165089795,2.556
591,5,167,282.7527336157648,5657.596644444141,5374.716812221937,5412.133292826622,0.9930865559696622,37.416480604685006,0.05260793144911262,0.18831450469267386,0.95448748382447,0.0,0.0,0.0,0.0,False,706.9012969701619,3.5000173702794553,1440,2023-07-29,0.05,0.2575937711399395,2.597
592,5,258,847.0919690677401,9277.438209240754,8813.566298778716,8864.03459255936,0.9943063970189143,50.46829378064271,0.09611228194710698,0.2033668318902595,0.9693689867625067,0.0,0.0,0.0,0.0,False,1287.418344135247,2.6496379702642407,1440,2023-05-12,0.05,0.2773711317125491,2.707
593,5,172,635.5113945084066,6346.888325276349,6029.543909012555,6054.736673544128,0.9958391642956741,25.192764531574195,0.1053995798187135,0.19887363239241487,0.9902843296966822,0.0,0.0,0.0,0.0,False,1075.0308625447128,1.6480788629582488,1440,2023-11-21,0.05,0.2599095587414354,2.645
594,5,234,403.9342457466403,8123.408320041849,7717.237904039739,7763.161683783362,0.9940843973609935,45.92377974362199,0.05234181591514666,0.20910417406908605,0.9749560727065306,0.0,0.0,0.0,0.0,False,1358.0751247772369,2.129674441554422,1440,2023-01-03,0.05,0.2558816576401819,2.845
595,5,137,-4.940038055499616,5042.401433037892,4790.281361385987,4800.135136471801,0.9979471879841582,9.853775085814071,-0.0010312626091905173,0.15790868401254812,0.9588032779673157,0.0,0.0,0.0,0.0,False,748.6934874443505,3.293721068980533,1440,2023-07-01,0.05,0.22969693636704822,2.515
596,5,266,867.6729964459732,9351.626018489964,8884.04471756546,8949.287659221349,0.9927097056056007,65.24294165588718,0.09766643730759451,0.206570345075312,0.9559172471896704,0.0,0.0,0.0,0.0,False,1296.7845320186425,3.2728710381622843,1440,2023-07-08,0.05,0.3234838032722973,2.583
597,5,254,706.9140322674334,8993.766588276681,8544.078258862817,8589.618733382476,0.994698196051162,45.540474519660634,0.08273730774108345,0.20982043126733674,0.9673135911422646,0.0,0.0,0.0,0.0,False,1549.8389153615888,2.313929292593095,1440,2023-09-23,0.05,0.29112912520465045,2.573
598,5,217,995.5908651448906,7561.851685937586,7183.759101640655,7211.808026926477,0.9961106944082403,28.04892528582161,0.1385891218035852,0.2091344048091611,0.9863720554917411,0.0,0.0,0.0,0.0,False,1204.05658374933,1.8548848130950737,1440,2023-02-28,0.05,0.2576041715647117,2.566
599,5,237,741.3817614367256,8341.361274261393,7924.293210548285,7962.133609693997,0.9952474548907795,37.84039914571149,0.0935580930359629,0.20956828027331686,0.9592157229809196,0.0,0.0,0.0,0.0,False,1405.6108715101518,3.0677569039377377,1440,2023-06-12,0.05,0.23183674662028908,2.649
