episode,daily_cost_usd,min_voltage_pu,violation_rate_pct,service_quality,peak_mw,wall_s
0,139.29649664974207,0.9511639690870706,0.0,0.8613599034411098,3.4570471801186233,15.8
1,135.06456805765623,0.952452050736704,0.0,0.825102896335022,3.4143761952913425,12.7
2,141.9971699050665,0.9522422707533288,0.0,0.7976340146532244,3.434267534729395,12.7
3,132.19122311985493,0.9525602958785695,0.0,0.8104129846853968,3.4099871588819495,12.9
4,134.39632243677985,0.952675262171347,0.0,0.8047748078190996,3.437630840942135,12.5
5,150.90521317732336,0.9523267540408972,0.0,0.8220724875918309,3.4264347158195774,13.0
