episode,stage,n_ev,cost_eur,energy_drawn_kwh,energy_delivered_kwh,energy_requested_kwh,service_quality,unmet_kwh,cost_per_kwh,retail_price_paid,min_voltage_pu,violation_rate_pct,q_activation_pct,q_kvarh,curtailed_kwh,q_exhausted_any,peak_ev_kw,peak_feeder_mw,pf_solves,day,noise,w_retail,wall_s
0,0,60,225.60279183628694,2250.6654859304754,2138.1322116339443,2146.437464763594,0.9961306801311518,8.305253129649682,0.10551395774720732,0.1962162088583001,1.00524155968377,0.0,0.0,0.0,0.0,False,439.66252130270004,1.1440702030910554,1440,2023-11-21,0.3,0.0,0.269
1,0,60,49.63710825644194,2139.985459580875,2032.9861866018202,2041.2542211542916,0.9959495321715509,8.268034552471425,0.024415861053837962,0.19448465920742228,0.9742765974849231,0.0,0.0,0.0,0.0,False,446.68410108515764,2.6111780120007393,1440,2023-10-14,0.2985,0.008513530068824798,0.256
2,0,60,27.705431570679686,2260.973404637839,2147.9247344059404,2172.4450937096235,0.988713013104597,24.520359303683406,0.012898697578591961,0.23733258738038246,1.0010521982107188,0.0,0.0,0.0,0.0,False,429.9352980852127,1.3596872121920165,1440,2023-11-04,0.2970075,0.019409530395444734,1.993
3,0,60,278.4738498037058,2026.598467395225,1925.2685440254695,1946.2321754912205,0.9892286070851439,20.963631465751,0.14464156216953275,0.24063792602871778,1.0063711101006054,0.0,0.0,0.0,0.0,False,325.39548184652244,1.117832439907029,1440,2023-01-27,0.29552246249999997,-0.06800574069279083,2.323
4,0,60,229.89332700432826,1962.5962127556124,1864.4664021178278,1885.111314512413,0.9890484385533885,20.64491239458487,0.12330247771866248,0.23912942873672452,1.006766141648727,0.0,0.0,0.0,0.0,False,347.8705283448711,1.1060736548265495,1440,2023-03-03,0.2940448501875,-0.1472415988911529,2.36
5,0,60,69.75037982250932,2089.119455634398,1984.6634828526755,2004.6026460539265,0.9900533089485334,19.939163201250974,0.03514468846993291,0.23872842321040816,0.9568914341072378,0.0,0.0,0.0,0.0,False,335.4895166802161,3.307868216325992,1440,2023-07-02,0.29257462593656247,-0.2092680628442936,2.332
6,0,60,312.64441081844876,2302.003381559125,2186.9032124811756,2209.267258323368,0.989877165943624,22.3640458421923,0.14296216176102944,0.2392624106279592,1.0064253760656379,0.0,0.0,0.0,0.0,False,336.17546159029007,1.1143924988018385,1440,2023-02-08,0.2911117528068797,-0.2599434430094306,2.317
7,0,60,191.98829942476806,2132.8283848240967,2026.1869655828934,2038.3821692278107,0.9940172143236825,12.195203644917134,0.09475349643735215,0.22952010002433357,1.0080845720104787,0.0,0.0,0.0,0.0,False,393.5482288518207,1.0356413402343656,1440,2023-12-04,0.28965619404284526,-0.30362163999155045,2.405
8,0,60,192.65706413956354,2239.4879052029673,2127.5135099428103,2130.7611779389536,0.998475817923769,3.247667996143354,0.09055503677847027,0.19184880108004204,0.9618980648638805,0.0,0.0,0.0,0.0,False,421.2709267931028,3.1650240415070203,1440,2023-07-11,0.28820791307263105,-0.31860711925048657,2.379
9,0,60,145.18337815115456,2287.2457392352844,2172.8834522735247,2178.382095094733,0.9974758134334697,5.498642821208341,0.06681599880529566,0.18747580628772775,0.96357149421765,0.0,0.0,0.0,0.0,False,290.6756333919159,3.0646519899799864,1440,2023-06-10,0.28676687350726787,-0.24731108503419624,2.359
10,0,60,257.80335048422364,2252.273350626193,2139.6596830948843,2140.381577520745,0.9996627262944877,0.721894425860194,0.12048801616494786,0.16825120725943302,1.0050346267264487,0.0,0.0,0.0,0.0,False,554.707372229895,1.1011603502003229,1440,2023-03-08,0.28533303913973157,-0.1800274594324589,2.345
11,0,60,266.1671164841563,1846.2570270509748,1753.944175698425,1760.6828744766788,0.9961726788645816,6.738698778253625,0.1517534709325443,0.1716234833609872,1.0034432350358684,0.0,0.0,0.0,0.0,False,505.3065660769538,1.2535052489107685,1440,2023-02-06,0.2839063739440329,-0.08231900145179229,2.363
12,0,60,189.68576533229577,2018.4798079889176,1917.5558175894685,1920.3106200292239,0.9985654391476971,2.754802439755577,0.09892059651788754,0.15478969885388041,0.9893966028746465,0.0,0.0,0.0,0.0,False,523.3427320727636,1.8926505261933597,1440,2023-05-05,0.2824868420743127,-0.010152416658727549,2.379
13,0,60,74.70142702007072,2215.4853701552315,2104.711101647478,2106.386890026291,0.9992044251762352,1.6757883788134684,0.03549248491234623,0.1566442787366357,1.005214035410053,0.0,0.0,0.0,0.0,False,463.536557370501,0.993802152110908,1440,2023-11-23,0.28107440786394117,0.08687569214866515,2.53
14,0,60,222.34742391151903,2095.9150110206037,1991.1192604695748,1992.4297357389548,0.9993422727808797,1.3104752693799275,0.11166956612085698,0.15697578570575207,1.0035550062878933,0.0,0.0,0.0,0.0,False,484.0,1.1041829368059144,1440,2023-10-25,0.27966903582462144,0.16258588951568592,2.342
15,0,60,-12.093013576488376,2132.611466683726,2025.9808933495415,2036.4916546497898,0.9948387898981811,10.510761300248076,-0.00596896723764017,0.17261110682464018,0.957844528703505,0.0,0.0,0.0,0.0,False,251.00824782886383,3.243191597666728,1440,2023-07-01,0.27827069064549836,0.22457594279195892,2.331
16,0,60,161.30745739800102,2185.972761848184,2076.6741237557867,2077.575218084994,0.9995662759541203,0.9010943292072895,0.07767586428354346,0.15516986314375233,1.0059877674066726,0.0,0.0,0.0,0.0,False,493.6013355434869,1.0797986323060011,1440,2023-11-27,0.2768793371922708,0.24113972361019148,2.278
17,0,60,213.8803845418463,2069.813529181649,1966.3228527225638,1969.0809743222824,0.9985992848259235,2.758121599718325,0.10877175345122407,0.15729323817053567,0.9920295464956962,0.0,0.0,0.0,0.0,False,540.7472025278838,1.789616269908938,1440,2023-04-17,0.27549494050630946,0.2950029912055432,2.314
18,0,60,158.6681209726745,1953.9869789768645,1856.2876300280252,1861.6126245235553,0.9971395797249211,5.324994495529894,0.08547604283193926,0.1569707657761104,1.0061635582410453,0.0,0.0,0.0,0.0,False,347.8767876024589,1.132325848412698,1440,2023-12-08,0.27411746580377794,0.3355575183143744,2.317
19,1,60,225.33854514421063,2398.8630731709777,2278.9199195124197,2280.741074103612,0.9992015075223267,1.8211545911921068,0.09887953640443072,0.15828861780231618,1.000115722992961,0.0,0.0,0.0,0.0,False,507.35131722688675,1.4121182441988696,1440,2023-04-27,0.27274687847475904,0.3708620409803694,2.356
20,1,120,230.9668867320468,4417.196324635249,4196.336508403507,4200.439414005037,0.9990232199069815,4.102905601529764,0.05504012518288672,0.1536440351606362,0.9825230239223683,0.0,0.0,0.0,0.0,False,1012.2195199233628,2.0209670306564758,1440,2023-09-20,0.27138314408238523,0.3982919537653969,2.288
21,1,120,435.3878017472876,4456.652249236727,4233.819636774898,4240.20372794492,0.9984943904633762,6.384091170021712,0.1028356989904613,0.15949613683314742,0.9916497591795399,0.0,0.0,0.0,0.0,False,1023.4239719290482,1.5044425203990677,1440,2023-11-21,0.2700262283619733,0.43277176404708306,2.249
22,1,120,498.3844214926389,4337.841920866061,4120.949824822757,4125.095310911215,0.9989950568954146,4.145486088457396,0.12093921126886677,0.15700508728729917,0.9946120921633465,0.0,0.0,0.0,0.0,False,881.9999345291615,1.4725829713374594,1440,2023-04-08,0.26867609722016345,0.44950618175124996,2.433
23,1,120,347.8075385145442,4385.910672085177,4166.615138480945,4178.79899656976,0.9970843636894676,12.183858088815315,0.08347484155720394,0.16446718095175036,0.9642406862715809,0.0,0.0,0.0,0.0,False,929.3696376967687,3.026112517404079,1440,2023-06-07,0.2673327167340626,0.47052377055108463,2.573
24,1,120,507.3699859722826,4110.72513678887,3905.188879949441,3909.386145581175,0.9989263619720763,4.197265631733951,0.12992200929826764,0.1628405703993748,0.9869867735430008,0.0,0.0,0.0,0.0,False,1094.775472504399,1.6309096709035433,1440,2023-02-09,0.2659960531503923,0.47269787648157224,2.651
25,1,120,423.2866841074396,4291.491326435606,4076.9167601138533,4085.724936266065,0.9978441583098197,8.808176152211031,0.1038251965918526,0.1761750251312549,1.001134233470851,0.0,0.0,0.0,0.0,False,829.0644065366223,1.2672664437523504,1440,2023-12-05,0.26466607288464034,0.4798736759212198,2.702
26,1,120,42.850445354422575,4182.373497030938,3973.254822179394,3983.978834111249,0.9973082156360785,10.724011931855065,0.01078472115989742,0.18325890544304,0.988923415141687,0.0,0.0,0.0,0.0,False,969.2955934060248,1.6058043713995527,1440,2023-11-13,0.26334274252021717,0.45746976380623894,2.491
27,1,120,323.86179724501704,3838.0096764475697,3646.109192625189,3653.684611029119,0.9979266359277255,7.575418403929902,0.08882394358898435,0.16153677855891121,0.9840459605473463,0.0,0.0,0.0,0.0,False,1047.829847654919,1.898507975522982,1440,2023-03-16,0.26202602880761605,0.424799152156175,2.325
28,1,120,151.18972164342924,4478.00168589131,4254.101601596745,4269.455553501166,0.996403768182613,15.353951904420066,0.03553975334925741,0.19271110748839904,0.9964485256764632,0.0,0.0,0.0,0.0,False,770.6010151904063,1.387973882251402,1440,2023-01-04,0.260715898663578,0.44837450305326165,2.16
29,1,120,384.4852496284647,4111.999883650305,3906.399889467799,3911.149823240681,0.9987855403174132,4.749933772882362,0.09842444719115695,0.1686972867194193,0.9751921954220879,0.0,0.0,0.0,0.0,False,917.3614664551491,2.5230677093142884,1440,2023-05-07,0.2594123191702601,0.3990157047516377,2.312
30,1,120,563.4947659156378,4414.822610649466,4194.081480116933,4206.553746909649,0.9970350392404046,12.472266792716214,0.1343547493264073,0.17489276441688212,0.9946960164368991,0.0,0.0,0.0,0.0,False,863.6311871423222,1.3305598430249035,1440,2023-03-02,0.2581152575744088,0.41392420746612313,2.226
31,1,120,563.8264654877847,4462.8119865916,4239.671387262026,4242.467441072412,0.9993409368842017,2.79605381038583,0.1329882469622022,0.18882206299251594,0.9963745918985812,0.0,0.0,0.0,0.0,False,873.1553346910512,1.3531258169281115,1440,2023-02-26,0.25682468128653674,0.4134763204824492,2.247
32,1,120,268.7753047524525,4007.37609036952,3807.007285851042,3811.8067425874265,0.9987408971491754,4.799456736384362,0.0706001550749249,0.1840924703061613,0.9969902390566072,0.0,0.0,0.0,0.0,False,911.1848542978994,1.3884241418303456,1440,2023-04-11,0.25554055788010405,0.3830324508794897,2.312
33,1,120,60.51111642403388,4394.2182313514895,4174.5073197839465,4184.606870368791,0.9975864995451881,10.099550584843252,0.01449539114167026,0.2112323201615287,0.9962274049395223,0.0,0.0,0.0,0.0,False,959.3636804183486,1.428098410487015,1440,2023-10-18,0.25426285509070357,0.3698778355917943,2.27
34,1,120,427.25831420870423,4136.448203561701,3929.625793383607,3948.599277969161,0.9951948822228138,18.973484585553685,0.10872748110725658,0.2111474951726342,1.0019579104603276,0.0,0.0,0.0,0.0,False,825.7825803118524,1.203989792032996,1440,2023-04-15,0.25299154081525005,0.2990848576717533,2.326
35,1,120,326.1630372391787,4212.973244721286,4002.3245824852143,4019.509895773228,0.9957245251949535,17.185313288013063,0.08149339977734893,0.21008021136650085,1.0037476767640316,0.0,0.0,0.0,0.0,False,761.9722030176042,1.1371928203443695,1440,2023-11-24,0.25172658311117374,0.24207971555265664,2.308
36,1,120,44.156992480252256,4266.902547433744,4053.5574200620713,4065.4565697520247,0.9970731086445528,11.899149689953534,0.01089339261896433,0.20132912053608062,0.9970760084245653,0.0,0.0,0.0,0.0,False,833.4047115823349,1.482519325586634,1440,2023-11-04,0.2504679501956179,0.1983196156625477,2.276
37,1,120,140.9619038506346,4118.344931604283,3912.4276850240667,3931.3460645822424,0.9951878111854328,18.918379558175985,0.03602926755431327,0.19316374340860687,0.9603061373191363,0.0,0.0,0.0,0.0,False,830.9464190820845,3.2434008453516605,1440,2023-07-14,0.24921561044463983,0.18249747955058096,2.281
38,1,120,455.0864051663597,4344.07742744466,4126.873556072433,4152.261559246685,0.9938857408638636,25.38800317425157,0.1102738911146742,0.20984553039287135,0.9854408312412939,0.0,0.0,0.0,0.0,False,784.2450853483404,2.0161686530439877,1440,2023-04-28,0.2479695323924166,0.18814541317101952,2.455
39,2,120,323.9141661196326,4365.70392739676,4147.418731026912,4161.816936215692,0.9965404040087662,14.398205188781327,0.07810018402444516,0.20210369098301467,0.9607669534420084,0.0,0.0,0.0,0.0,False,880.3087002724117,3.1544149937868555,1440,2023-05-25,0.24672968473045453,0.1554715521823449,2.422
40,2,180,720.7211869398079,6448.568027409303,6126.139626038814,6140.099853636717,0.9977263842721329,13.960227597902854,0.11764687567296424,0.21457206122793837,0.974360015784352,0.0,0.0,0.0,0.0,False,1088.5258346083097,2.2017172781334873,1440,2023-10-11,0.24549603630680228,0.1462593255439392,2.504
41,2,180,565.1943870489094,6458.372685544381,6135.454051267167,6167.853281412748,0.9947470815748458,32.39923014558029,0.09211940670180371,0.22115436404407063,0.9639233063123471,0.0,0.0,0.0,0.0,False,1103.5001540631165,3.086204005912486,1440,2023-07-27,0.24426855612526827,0.11073052663298555,2.404
42,2,180,564.1764815833474,6386.110137713891,6066.804630828216,6094.466998924487,0.9954610685231126,27.66236809627047,0.09299400852905465,0.19645178275288064,0.9544270072166398,0.0,0.0,0.0,0.0,False,958.06604570949,3.317499250060891,1440,2023-07-21,0.2430472133446419,0.06676870310652815,2.286
43,2,180,572.6423348939084,6080.568652114767,5776.540219509032,5798.468752298189,0.9962182200636217,21.928532789157224,0.09913240679255224,0.2226374322571349,0.9941698188778858,0.0,0.0,0.0,0.0,False,1170.2059238563274,1.5966192071791592,1440,2023-02-01,0.2418319772779187,0.08612233398833616,2.235
44,2,180,759.2187459778718,6708.114404290986,6372.708684076446,6398.779819638417,0.9959256082726965,26.07113556197239,0.11913595672040363,0.22404190598867507,0.9624304306867086,0.0,0.0,0.0,0.0,False,1218.493989320761,2.7894510907181407,1440,2023-09-25,0.2406228173915291,0.042864938171566475,2.302
45,2,180,596.4849206147669,6498.843891315956,6173.901696750165,6206.8505815218805,0.994691529248375,32.9488847717157,0.09661393230940918,0.22463414614038996,0.9835964079800398,0.0,0.0,0.0,0.0,False,1342.1487584409379,2.1221674401932504,1440,2023-11-12,0.23941970330457144,0.003967084009328575,2.192
46,2,180,691.7456506192636,6529.512822606793,6203.037181476424,6241.01284908605,0.9939151434986732,37.97566760962543,0.11151725040194212,0.22246451709420006,0.9550945730652721,0.0,0.0,0.0,0.0,False,1161.0695508287295,3.463061723207437,1440,2023-08-20,0.23822260478804858,-0.029685834961253987,2.223
47,2,180,627.5476988668308,6156.388004420541,5848.568604199498,5880.835282810524,0.9945132490438321,32.26667861102743,0.10729936525258973,0.21422010007633682,0.9941180299133979,0.0,0.0,0.0,0.0,False,992.9101034767423,1.530823250566494,1440,2023-01-05,0.23703149176410834,-0.05295821209081228,2.226
48,2,180,657.1056895413554,6770.014698803458,6431.513963863279,6452.882697138337,0.9966884981057328,21.3687332750584,0.10216967470387726,0.2166587764499683,0.9683052180536932,0.0,0.0,0.0,0.0,False,1070.8264630116435,2.8984042471926994,1440,2023-06-18,0.2358463343052878,-0.054149401358976626,2.295
49,2,180,810.1883375781132,6343.976715177202,6026.777879418347,6052.573228029287,0.9957381187076791,25.79534861093986,0.13443142484891207,0.21828744818043067,0.9914559763590628,0.0,0.0,0.0,0.0,False,1145.4307495962996,1.6226476889587604,1440,2023-03-02,0.23466710263376137,-0.061300379617995795,2.311
50,2,180,705.1896863886938,6633.660766384127,6301.9777280649305,6333.00129891227,0.9951012846227163,31.023570847338807,0.11189974271858107,0.22230122756040518,0.988718299993286,0.0,0.0,0.0,0.0,False,1069.0147675105068,1.653159524685532,1440,2023-10-26,0.23349376712059255,-0.07151861244124985,2.416
51,2,180,908.6388502804185,6436.8631255864,6115.019969307079,6148.034320886649,0.9946300964086341,33.01435157957033,0.1485913136573748,0.21644622832178242,0.9930692343578461,0.0,0.0,0.0,0.0,False,1145.505024034431,1.520012482096206,1440,2023-01-20,0.2323262982849896,-0.08963857471381728,2.553
52,2,180,655.9191004232043,6571.719668710047,6243.133685274557,6265.198860308172,0.9964781365243801,22.065175033614693,0.1050624787949513,0.21432445165898398,0.9821203680394724,0.0,0.0,0.0,0.0,False,1266.3375242846037,1.906206705969539,1440,2023-11-26,0.23116466679356462,-0.09207585762299028,2.27
53,2,180,690.9370038442466,6624.759848501706,6293.5218560766325,6323.511188651672,0.9952574872281623,29.989332575039494,0.10978543010494528,0.2062985316555747,0.9866963365355708,0.0,0.0,0.0,0.0,False,1107.2310889352818,1.6484271440109535,1440,2023-11-25,0.23000884345959682,-0.09007399787512128,2.249
54,2,180,389.54237629082076,6654.044376137722,6321.342157330852,6344.321398858892,0.9963779827528642,22.979241528039772,0.06162336519611883,0.2164225344233088,0.9906967471316799,0.0,0.0,0.0,0.0,False,1197.8985744920183,1.6496979951874104,1440,2023-12-18,0.22885879924229882,-0.07113041265210444,2.247
55,2,180,631.8353762630734,6678.948983572419,6345.0015343938085,6370.220650343362,0.9960410922425122,25.219115949553917,0.0995800194591187,0.1942525258566046,0.9510007299212981,0.0,1.875,38.6461722822221,0.0,False,1179.828383544312,3.7150200891779415,1497,2023-09-02,0.22771450524608736,-0.07906947728387143,2.276
56,2,180,663.9078213200295,6688.845514352883,6354.403238635245,6371.882382071304,0.9972568320650047,17.479143436060305,0.10447996395372275,0.21718785984097275,0.9891551050110015,0.0,0.0,0.0,0.0,False,1229.743221237278,1.758222793492835,1440,2023-10-24,0.2265759327198569,-0.03635933643536597,2.319
57,2,180,479.16319427964015,6244.1700037147,5931.961503528966,5952.948196749983,0.9964745715018191,20.986693221016356,0.08077651785072822,0.21162068131092962,0.9887205656729721,0.0,0.0,0.0,0.0,False,1216.8537526136856,1.6612292800007844,1440,2023-11-27,0.22544305305625761,-0.053508351514220176,2.376
58,2,180,770.4389064019883,6125.72759105814,5819.441211505202,5846.906396352888,0.9953026125294535,27.46518484768714,0.13239053001838194,0.21823985707301202,0.9872866058984014,0.0,0.0,0.0,0.0,False,1247.1125743022917,1.6669346227687334,1440,2023-01-26,0.22431583779097633,-0.05556080487675513,2.227
59,3,180,619.5965618997939,6647.2311329482345,6314.869576300824,6338.524929691404,0.9962680034151522,23.655353390580903,0.0981170797612492,0.2032450047691581,0.9692532439960091,0.0,0.0,0.0,0.0,False,1361.0705114470215,2.845013961766546,1440,2023-09-06,0.22319425860202144,-0.07267694709701499,2.401
60,3,240,725.0780410266535,8356.937051037075,7939.090198485288,7966.952571781199,0.9965027564749664,27.862373295911468,0.09133011754482803,0.21925018135928256,0.9510098139827504,0.0,0.20833333333333334,1.2125313287920032,0.0,False,1478.5449399352074,3.40877669840334,1446,2023-07-27,0.22207828730901136,-0.05354343604320215,2.377
61,3,240,852.4758668567233,8648.085680376636,8215.681396357802,8255.033825425871,0.995232917284135,39.35242906806882,0.10376204063057327,0.22132533621388648,0.9798075503776393,0.0,0.0,0.0,0.0,False,1562.8794328717136,2.050009194949612,1440,2023-11-28,0.2209678958724663,-0.07441052476638982,2.373
62,3,240,753.4990450461023,8370.305841165635,7951.790549107376,7967.765861717687,0.9979950072721054,15.975312610310102,0.09475841200705241,0.2079276598161916,0.9742457699977506,0.0,0.0,0.0,0.0,False,1576.0478047665429,2.347235209101582,1440,2023-05-01,0.21986305639310397,-0.09673580323576289,2.306
63,3,240,604.3827706344314,8160.147016075231,7752.139665271459,7771.102972696307,0.9975597662916738,18.9633074248482,0.07796334905342131,0.18505055022743463,0.9733052939600889,0.0,0.0,0.0,0.0,False,1816.5779487609489,2.249948231404417,1440,2023-04-09,0.21876374111113842,-0.08551752092714221,2.355
64,3,240,265.57767186819257,8723.687549693515,8287.503172208815,8326.24705992188,0.9953467765928353,38.74388771306447,0.032045559000058864,0.20590601575162917,0.9669734662474324,0.0,0.0,0.0,0.0,False,1966.4580473753133,2.6240932935791017,1440,2023-01-04,0.21766992240558275,-0.025465781496352077,2.401
65,3,240,785.7349960209726,8794.224785074473,8354.513545820682,8377.224617488135,0.9972889503738456,22.7110716674523,0.09404916177483894,0.18842543929488623,0.9510022245581825,0.0,1.7361111111111112,19.13314136183983,0.0,False,1787.0299537265892,3.1128130678541717,1493,2023-09-17,0.2165815727935548,-0.0236017148925294,2.311
66,3,240,260.3728163385855,8360.29120031221,7942.276640296643,7971.673399647414,0.9963123477497119,29.39675935077139,0.03278314620993365,0.19432445575776439,0.9791038469152961,0.0,0.0,0.0,0.0,False,1476.0145623406893,2.037893247585198,1440,2023-01-12,0.21549866492958705,0.01692553463061891,2.231
67,3,240,554.6259552772951,8402.874928049343,7982.731181646902,7999.06269396725,0.9979583217502889,16.331512320348367,0.06947822025529755,0.19043219025321365,0.9510002605378024,0.0,5.902777777777778,611.6710992877726,27.159218898965072,True,1570.9792368666513,4.279166776401958,1689,2023-07-23,0.21442117160493912,0.036653275242917394,2.294
68,3,240,870.2973540641032,8902.552583952809,8457.424954755148,8487.091748387662,0.9965044806263406,29.666793632513567,0.102903349272379,0.1767312989775582,0.9510000141272004,0.0,5.347222222222222,137.5082398412083,0.0,False,1238.733736526606,3.994056174533589,1640,2023-08-26,0.21334906574691442,0.061476842330107126,2.39
69,3,240,595.1523372871368,8748.025555502103,8310.624277726958,8323.683522936512,0.9984310737940039,13.059245209554792,0.07161343328709803,0.17185128357388224,0.9510731534411383,0.0,1.5277777777777777,44.134124644572715,0.0,False,1735.897398207646,3.87560429358751,1484,2023-08-08,0.21228232041817982,0.11264109185742296,2.386
70,3,240,525.2432230899444,8586.032450325138,8156.730827808896,8171.405733652589,0.9982041148950348,14.674905843693146,0.06439384039733453,0.15829203086015853,0.9532301029840154,0.0,0.0,0.0,0.0,False,2052.4144275777207,2.786462352917878,1440,2023-04-01,0.21122090881608893,0.16571596118866866,2.432
71,3,240,642.0064871288267,8235.06023042807,7823.3072189066415,7837.152675588105,0.9982333562641199,13.845456681463194,0.08206331020431937,0.1745684104618032,0.9805967822775874,0.0,0.0,0.0,0.0,False,1722.3702067059548,2.2640127368227962,1440,2023-03-21,0.21016480427200848,0.24009161108084948,2.302
72,3,240,658.2132723152376,8867.624623781207,8424.24339259212,8448.671287444085,0.9971086702250721,24.42789485196409,0.07813322118566032,0.16033033070150524,0.9602853339853423,0.0,0.0,0.0,0.0,False,1459.2163685118098,2.8888557706520896,1440,2023-08-05,0.20911398025064845,0.2650556753478857,2.286
73,3,240,747.0858825936622,9001.039859767587,8550.987866779178,8567.177753360862,0.9981102427137883,16.189886581685467,0.08736837126106929,0.18032573772226662,0.9557088660584375,0.0,0.0,0.0,0.0,False,1826.7722179971665,3.2319384367793083,1440,2023-06-08,0.20806841034939522,0.31833418569909494,2.36
74,3,240,1000.8631856038627,9177.625743194574,8718.744456034812,8753.306156814057,0.9960515832349427,34.561700779246095,0.11479441686252198,0.21193444027645228,0.9761481898554011,0.0,0.0,0.0,0.0,False,1645.958108645374,2.0510762200170958,1440,2023-01-09,0.20702806829764822,0.31795081164827393,2.275
75,3,240,919.986562069083,8454.991358625068,8032.241790693787,8073.911735946302,0.9948389397091135,41.66994525251407,0.11453671167307065,0.20199417120136914,0.9510005539265588,0.0,4.166666666666667,512.6714056347478,0.0,False,2165.0315808842442,3.964938363575202,1612,2023-09-26,0.20599292795615998,0.24750824477458605,2.327
76,3,240,1123.6305631596501,8584.395902523289,8155.176107397134,8196.313296445474,0.9949810131018075,41.13718904834061,0.1377812751511845,0.20940142050271376,0.9626884878069046,0.0,0.0,0.0,0.0,False,1501.7103226184845,2.2586442486096217,1440,2023-02-21,0.20496296331637917,0.2129230746807502,2.295
77,3,240,1321.8681931174551,9004.55466888702,8554.326935442687,8575.341364451164,0.9975494352801403,21.014429008475688,0.1545262652565486,0.20921273158933074,0.9764490704443195,0.0,0.0,0.0,0.0,False,1393.909368452273,2.293637103265299,1440,2023-02-05,0.2039381484997973,0.16848891911758768,2.309
78,3,240,836.6691629055792,8313.15499239874,7897.497242778826,7928.20539988784,0.996126720290389,30.708157109013975,0.10594105159968216,0.20251218885834613,0.9841589943894461,0.0,0.0,0.0,0.0,False,1525.2945701238427,2.0171430010868225,1440,2023-11-20,0.2029184577572983,0.13289607369703377,2.281
79,4,240,764.5015878179961,8738.359239068826,8301.441277115395,8333.872240610872,0.9961085360371328,32.43096349547851,0.09209263335096998,0.17533493363451122,0.9745918005089809,0.0,0.0,0.0,0.0,False,1553.9711555763502,2.511459228852768,1440,2023-07-07,0.20190386546851183,0.11903738192583947,2.28
80,4,300,278.03055446195157,10874.435991339355,10330.714191772353,10392.369609479023,0.9940672416375151,61.655417706672495,0.02691300420288292,0.21693259751458763,0.9510018988879668,0.0,0.4166666666666667,1.659132057213149,0.0,False,1924.6017919999945,2.952165606000852,1452,2023-12-09,0.20089434614116924,0.16897364331959525,2.291
81,4,300,927.2936103351898,11213.035666040494,10652.38388273849,10689.41575317845,0.9965356506571513,37.0318704399607,0.08705033732757322,0.19860829079285636,0.9510006313756999,0.0,2.013888888888889,23.284864638002464,0.0,False,1867.9234751128095,3.513154035901983,1496,2023-07-12,0.19988987441046338,0.11656116202270242,2.289
82,4,300,961.6774425512804,11082.494460600836,10528.369737570789,10581.99078079552,0.9949328019334467,53.62104322473111,0.09134153401922303,0.20667920986440522,0.9578054720686615,0.0,0.0,0.0,0.0,False,1631.3340800128512,3.226033973452183,1440,2023-05-18,0.19889042503841106,0.11501423723335413,2.291
83,4,300,1644.4582932274927,11069.003959794216,10515.553761804555,10574.269065432869,0.9944473416304249,58.71530362831376,0.15638342311563536,0.2179523264695578,0.9630998667431637,0.0,0.0,0.0,0.0,False,1978.800268869996,2.7232095153289726,1440,2023-02-06,0.19789597291321903,0.09568671495124775,2.256
84,4,300,1056.7277434050015,10490.77670553541,9966.237870258676,10013.218101874965,0.9953081785357804,46.98023161629015,0.10603075675712062,0.21371880113453923,0.976947939465705,0.0,0.0,0.0,0.0,False,1754.1754713752975,2.174289435830705,1440,2023-11-28,0.19690649304865293,0.054526224270749046,2.287
85,4,300,1147.3052118505318,11032.10449492045,10480.499270174487,10521.319233855957,0.9961202618441499,40.81996368147114,0.10947047294927494,0.18639211464135455,0.9532192158795069,0.0,0.0,0.0,0.0,False,2199.534357920666,3.0960939304445185,1440,2023-03-18,0.19592196058340966,0.03022564740666399,2.405
86,4,300,1095.2398913133836,10371.667919263353,9853.084523300291,9890.487480218013,0.9962182898474385,37.4029569177206,0.11115705835298498,0.18568818561258957,0.951001050356286,0.0,5.763888888888889,373.18732444790453,0.0,False,2465.0400837920997,3.6053204363327773,1531,2023-02-10,0.1949423507804926,0.07158429046833452,2.436
87,4,300,1275.4884457217893,10800.666242601303,10260.632930471209,10316.64900772343,0.9945703224748379,56.01607725222203,0.12430894413286586,0.21820384164641096,0.9733638402811997,0.0,0.0,0.0,0.0,False,1949.2584961975267,2.5097266198390065,1440,2023-04-16,0.19396763902659017,0.10693543950032444,2.34
88,4,300,1313.5303816803564,10740.963917742372,10203.915721855254,10284.4591709202,0.9921684312488996,80.54344906494454,0.1287280704276077,0.22939708732010658,0.96556598793327,0.0,0.0,0.0,0.0,False,1907.043469333208,2.4924364994897035,1440,2023-01-30,0.1929978008314572,0.06277172336918875,2.386
89,4,300,978.9448046294282,10203.215417119487,9693.05464626351,9735.53640283244,0.9956364236328498,42.481756568929534,0.1009944584400742,0.20442761650571345,0.9662897974758682,0.0,0.0,0.0,0.0,False,1718.741046072306,2.703134411695967,1440,2023-05-03,0.19203281182729992,0.0013457556161445006,2.602
90,4,300,782.2513705913709,10800.516112595755,10260.49030696596,10285.123608724145,0.9976049581224974,24.633301758184807,0.07623918031093425,0.1838666230672829,0.9510001472515106,0.0,9.930555555555555,697.0739366514313,37.81378732731607,True,2193.8357156444977,4.555465139822238,1806,2023-07-17,0.19107264776816343,0.00691643638008832,2.656
91,4,300,1089.268010776709,11190.504292313106,10630.979077697346,10687.086020065437,0.9947500242570568,56.10694236809084,0.10246168323874105,0.21327033432787654,0.9558145357691957,0.0,0.0,0.0,0.0,False,1539.8360823573612,3.163494798343016,1440,2023-09-12,0.19011728452932258,0.05741383540242642,2.519
92,4,300,1434.1122136406339,10873.975989622313,10330.277190141209,10413.171434785412,0.9920394814237579,82.89424464420367,0.13882611155964833,0.22706546961780272,0.9633401523846867,0.0,0.0,0.0,0.0,False,2156.806963392475,2.6282570995092547,1440,2023-01-21,0.189166698106676,0.032460073130597095,2.398
93,4,300,820.6516478194793,10763.229974560469,10225.06847583246,10260.723184336894,0.9965251271412467,35.65470850443224,0.08025879237475396,0.18914073125032238,0.9649001434625862,0.0,0.0,0.0,0.0,False,1972.1637395534663,2.5073253854870843,1440,2023-04-11,0.1882208646161426,-0.019205507805594102,2.33
94,4,300,986.3041275538712,10734.168638913003,10197.460206967324,10261.18742180372,0.993789489245564,63.727214836393244,0.09672056644849546,0.22137479693189593,0.9719181294203659,0.0,0.0,0.0,0.0,False,1594.6696343628805,2.246664864808519,1440,2023-12-11,0.1872797602930619,0.023439415291393567,2.443
95,4,300,1206.2676061270731,10915.30769671063,10369.542311875088,10420.334333245059,0.99512568217625,50.79202136996861,0.1163279506315017,0.21515517019174868,0.9510010468880122,0.0,0.7638888888888888,4.02900253050966,0.0,False,2272.50120729208,3.112788245096226,1462,2023-10-25,0.18634336149159655,-0.014428330577072934,2.441
96,4,300,923.570486312027,10938.066796589637,10391.163456760096,10418.578041715948,0.9973686826699302,27.414584955853677,0.08888037322819585,0.20482196358178215,0.9510014677363071,0.0,1.7361111111111112,53.20910297205354,0.0,False,1863.808654526602,3.3308833003664446,1472,2023-07-05,0.1854116446841386,-0.03179710695310958,2.432
97,4,300,231.81171087768794,11305.86557991275,10740.572300917134,10785.00423982682,0.9958802112709787,44.43193890968275,0.021582808102124467,0.20735668346526714,0.9684872982516674,0.0,0.0,0.0,0.0,False,1752.616996811707,2.206226657513878,1440,2023-01-07,0.18448458646071791,-0.023200171691101654,2.376
98,4,300,353.18201875482544,10465.168624782898,9941.91019354378,9989.08250792474,0.9952776128995293,47.17231438095999,0.03552456337658128,0.20735590747029248,0.9726927121559388,0.0,0.0,0.0,0.0,False,1710.3527062663543,2.3084478059682385,1440,2023-01-11,0.1835621635284143,-0.02226684139842565,2.322
99,5,300,763.8885878694751,11063.388330048245,10510.218913545797,10530.725443122978,0.9980526954493366,20.506529577180675,0.07268055919225042,0.2021150774652588,0.9698465703290555,0.0,0.0,0.0,0.0,False,1957.8244820405544,2.523660985407515,1440,2023-03-30,0.18264435271077226,-0.02188626534885521,2.494
100,5,271,1024.543701254745,10056.782340406446,9553.943223386163,9579.41459382206,0.9973410305831919,25.471370435900464,0.10723778415878218,0.1828794885622118,0.9538479976443213,0.0,0.0,0.0,0.0,False,1860.1031149062337,3.086592119990872,1440,2023-09-08,0.18173113094721838,-0.010157732371387715,2.484
101,5,167,683.3666854019708,6020.265991828678,5719.252692237209,5730.351981516448,0.9980630702415767,11.099289279238857,0.11948531078710865,0.18372125984936957,0.9856362610941813,0.0,0.0,0.0,0.0,False,1345.0643924553515,1.8721317908157664,1440,2023-04-16,0.18082247529248227,0.042399415169179076,2.434
102,5,139,506.3487714902912,5330.2257691577215,5063.7144806998185,5073.687894217355,0.9980342871446816,9.97341351753525,0.09999552174993731,0.17641691539353935,0.9727603057285319,0.0,0.0,0.0,0.0,False,1179.7553986422447,2.5851087188203263,1440,2023-09-15,0.1799183629160199,0.08340717337741696,2.417
103,5,174,569.9638493491196,5842.669463727975,5550.535990541586,5561.793433766867,0.9979759328786045,11.257443225281277,0.10268627215828685,0.17950248994867152,0.9579640061979905,0.0,0.0,0.0,0.0,False,1280.529489360784,3.170229820996143,1440,2023-08-15,0.1790187711014398,0.1334620919771568,2.439
104,5,194,870.5356451022012,6844.501087151619,6502.276032794032,6521.667828226591,0.99702655885836,19.391795432558887,0.1338816809239843,0.203904135356419,0.9757324163568036,0.0,0.0,0.0,0.0,False,1544.1361534714736,2.1947046869837195,1440,2023-02-09,0.1781236772459326,0.16774263833822434,2.301
105,5,267,783.5357537040023,9503.190127247162,9028.030620884856,9050.40649429779,0.997527638849478,22.37587341293404,0.08678922199171787,0.18851637882766556,0.9510000273824737,0.0,1.6666666666666667,50.49085558318349,0.0,False,1455.565689634473,3.8971893153346517,1512,2023-06-11,0.17723305885970292,0.14128824876221296,2.393
106,5,201,980.621781717182,7393.075545123747,7023.421767867527,7045.664371495949,0.9968430793101063,22.24260362842215,0.13962165652696112,0.1899320564130194,0.9855401600097834,0.0,0.0,0.0,0.0,False,1437.0499843436266,1.8536516660392122,1440,2023-02-08,0.1763468935654044,0.15455198252327815,2.333
107,5,136,589.6887441477477,4982.7103868214535,4733.57486748036,4748.999609062683,0.996752001926282,15.424741582322604,0.12457577215032702,0.18992020863606243,0.9987233856340904,0.0,0.0,0.0,0.0,False,826.1407110441537,1.2617479175135584,1440,2023-10-15,0.17546515909757737,0.16255187602370083,2.3
108,5,180,501.4951775093109,6469.997834979328,6146.497943230395,6154.094365413515,0.9987656311827435,7.596422183120326,0.08159039214544041,0.16688107987896694,0.9804002194921868,0.0,0.0,0.0,0.0,False,1303.0829680937723,1.8334149581151258,1440,2023-03-21,0.1745878333020895,0.16948184550154122,2.314
109,5,228,851.1445038011262,8096.182723081757,7691.373586927692,7709.14950792411,0.997694178718658,17.77592099641884,0.11066222361734411,0.1777371306400361,0.9719392354966686,0.0,0.0,0.0,0.0,False,1563.8469499012103,2.4081717669582137,1440,2023-03-18,0.17371489413557906,0.22736785035547524,2.522
110,5,267,22.046286220583546,9260.135756011585,8797.12896821097,8811.701942937594,0.9983461793395877,14.5729747266241,0.002506077414603028,0.1636125108551098,0.9655516405219002,0.0,0.0,0.0,0.0,False,1751.942327641716,2.9008249677022153,1440,2023-12-31,0.17284631966490113,0.25090648603226856,2.428
111,5,251,239.71904776161844,8965.717941147039,8517.432044089692,8531.166203971905,0.9983901192927388,13.734159882211577,0.028144521320597003,0.17287441729226063,0.9676632310948758,0.0,0.0,0.0,0.0,False,1850.921195598332,2.4016353998748885,1440,2023-10-10,0.17198208806657664,0.3026309325577855,2.439
112,5,299,1126.6453765762458,10574.653433052146,10045.920761399524,10074.866233061945,0.9971269621856187,28.945471662420267,0.1121495384380565,0.19969334106432,0.9659618971233949,0.0,0.0,0.0,0.0,False,1831.6069288326612,2.6334347592281757,1440,2023-10-09,0.17112217762624377,0.3249905747518543,2.397
113,5,154,783.6808403366683,5511.158430085286,5235.600508581042,5249.1140166269515,0.9974255640088776,13.51350804590975,0.14968308583747586,0.19063197483849345,0.9955980053993936,0.0,0.0,0.0,0.0,False,969.5247714422794,1.3323346626450432,1440,2023-01-20,0.17026656673811255,0.28389198915536273,2.353
114,5,279,593.468749276063,10447.76517621889,9925.376917407877,9939.014807753425,0.9986278428386173,13.63789034554635,0.05979306924205494,0.17208307051276434,0.9608157516498019,0.0,0.0,0.0,0.0,False,2061.1300655946256,2.5907217580945336,1440,2023-12-18,0.16941523390442195,0.2714165276330631,2.555
115,5,129,472.31056770562265,4392.745715647285,4173.108429864913,4178.529790996283,0.9987025673137352,5.421361131369272,0.11317955803053786,0.17762765722665733,0.9571460425109269,0.0,0.0,0.0,0.0,False,902.7425724746579,3.404421372338235,1440,2023-08-21,0.16856815773489983,0.30363959440618926,2.497
116,5,221,849.4303556915859,8421.781532290861,8000.69245567633,8016.964814850922,0.9979702593749135,16.272359174592744,0.10616960474326596,0.18525392978390184,0.9856824080526643,0.0,0.0,0.0,0.0,False,1425.6727610848834,1.8470396873260082,1440,2023-11-28,0.16772531694622533,0.3183385741927928,2.396
117,5,169,632.5082266341763,6166.776578378277,5858.4377494593655,5865.4600327896715,0.9988027736458779,7.022283330305381,0.10796534053682588,0.18022731308140447,0.9539394169118462,0.0,0.0,0.0,0.0,False,1194.8693803538072,3.401156004347618,1440,2023-08-20,0.16688669036149426,0.3140572619069426,2.538
118,5,156,598.5975764684531,5646.737777209199,5364.400888348733,5374.603519747732,0.9981016959927348,10.202631398999511,0.11158703253677095,0.18217253276391102,0.9920342028309426,0.0,0.0,0.0,0.0,False,1092.6737492369202,1.484517999921155,1440,2023-01-09,0.16605225690968675,0.3226794031696864,2.445
119,5,238,377.4690655889392,8829.502137100535,8388.027030245525,8400.375084306375,0.9985300592012946,12.348054060850997,0.04500093576568868,0.17602687164544126,0.9510163566190837,0.0,0.2777777777777778,2.196235798623027,0.0,False,1588.580234032885,3.4559612256908636,1448,2023-07-30,0.1652219956251383,0.3261890062401715,2.444
120,5,175,406.029416444514,6137.146544779456,5830.289217540456,5843.020672333176,0.9978210833904793,12.731454792719546,0.06964138506593676,0.16921972257859363,0.9914149888281314,0.0,0.0,0.0,0.0,False,1202.4409462892122,1.6416147045141296,1440,2023-12-26,0.16439588564701263,0.343715799574921,2.372
121,5,221,713.2376657663676,7794.761398290348,7405.023328375846,7428.134704169471,0.9968886703440297,23.111375793625488,0.09631808491855258,0.18991014613480525,0.9702703584919694,0.0,0.0,0.0,0.0,False,1709.7484137582867,2.5072873298906897,1440,2023-11-12,0.16357390621877757,0.3742519760608557,2.418
122,5,167,785.838228875761,6123.974576822874,5817.775847981757,5829.137206951113,0.9980509364308996,11.36135896935653,0.13507537062439007,0.19935819356567358,0.9856619382036631,0.0,0.0,0.0,0.0,False,1364.5120238796544,1.893527079167613,1440,2023-02-26,0.16275603668768368,0.3536664781191976,2.355
123,5,147,119.11137094354508,5382.730194247147,5113.593684534784,5122.36370605792,0.9982878955836806,8.77002152313603,0.02329308472508828,0.19551734893850795,0.993911241402658,0.0,0.0,0.0,0.0,False,1086.7633121621345,1.494841712614594,1440,2023-01-10,0.16194225650424526,0.31644446573967716,2.405
124,5,255,641.607981002554,9180.294250536443,8721.279538009647,8738.973170525649,0.9979753190482746,17.693632516002666,0.07356810181421848,0.16520233778430643,0.9550042236738367,0.0,0.0,0.0,0.0,False,1632.6297041396683,3.3530769117060784,1440,2023-06-30,0.16113254522172402,0.2953408465688998,2.461
125,5,198,650.8838945478366,7166.967963520848,6808.619565344812,6824.572980876988,0.99766235695964,15.95341553217538,0.0955970425871303,0.15757773592891108,0.9675364158607306,0.0,0.0,0.0,0.0,False,1608.8822726564913,2.690422746448968,1440,2023-05-12,0.1603268824956154,0.34689085888230586,2.459
126,5,242,824.5583119216054,8321.4330109415,7905.361360394374,7910.333535731605,0.9993714329092735,4.9721753372301,0.1043036838331791,0.16380445948814776,0.9793753481043026,0.0,0.0,0.0,0.0,False,1648.1247016965287,2.183896083888669,1440,2023-12-06,0.15952524808313734,0.407026106018455,2.556
127,5,241,928.1852747151341,8877.184222459166,8433.325011336214,8447.543601187801,0.9983168373526254,14.218589851586387,0.11006160363408884,0.18897706410131251,0.9573904504230943,0.0,0.0,0.0,0.0,False,1697.2310401755017,3.3350181689255636,1440,2023-05-14,0.15872762184272163,0.4432452889226462,2.471
128,5,291,579.1999369357718,10592.182206230582,10062.573095919084,10096.332873026855,0.9966562337501804,33.75977710777242,0.05755982405441294,0.2098552258951948,0.9657862010737975,0.0,0.0,0.0,0.0,False,1717.1032721181055,2.731804027244,1440,2023-01-01,0.15793398373350803,0.4173920518919711,2.429
129,5,196,462.317918984574,6745.078410090312,6407.824489585742,6418.494269627867,0.9983376506087084,10.669780042124534,0.07214896720969058,0.17553430766097364,0.9805005671062219,0.0,0.0,0.0,0.0,False,1347.1288477224339,2.034915541668474,1440,2023-11-19,0.15714431381484048,0.3502847450261302,2.399
130,5,159,-28.023128792719636,5724.7092660583985,5438.473802755478,5450.1719251577015,0.9978536232319157,11.698122402223108,-0.0051527560505157406,0.16677657022228481,0.9965975301675223,0.0,0.0,0.0,0.0,False,1097.518496068455,1.4739892505699541,1440,2023-12-24,0.1563585922457663,0.37332820426569535,2.353
131,5,234,573.6927447838096,8605.373289706595,8175.104625221319,8206.960823149857,0.9961183928356672,31.85619792853742,0.07017558442174414,0.19995797915042574,0.9804805289975749,0.0,0.0,0.0,0.0,False,1667.1423184323264,2.10838299239297,1440,2023-01-08,0.15557679928453744,0.4126911655113487,2.383
132,5,289,938.786207316019,10066.895239416295,9563.550477445466,9587.324041083131,0.9975203129115285,23.77356363766443,0.09816293744985592,0.18546954281864927,0.9510014866329142,0.0,1.0416666666666667,19.99966140501545,0.0,False,2048.904887677676,3.7492224477255442,1474,2023-06-27,0.1547989152881148,0.3711845359084401,2.495
133,5,295,1015.8949738915999,10687.391693580292,10153.022108901288,10180.777950458878,0.9972737013131361,27.755841557591403,0.10005838291250753,0.18690873584849504,0.9510005337733415,0.0,1.0416666666666667,14.539941730632805,0.0,False,2032.0292677472826,3.6306892565546427,1473,2023-06-26,0.1540249207116742,0.3705803150150889,2.647
134,5,277,910.8192686276009,10459.10404454411,9936.148842316874,9959.66774408803,0.9976385857063237,23.518901771154717,0.09166723275606845,0.18209163499447437,0.9591448762834551,0.0,0.0,0.0,0.0,False,1755.932165819324,2.640916987418733,1440,2023-09-28,0.15325479610811582,0.36758527684232256,2.485
135,5,243,832.1580405316605,8894.750659909741,8450.01312691427,8464.832393371758,0.9982493136581071,14.819266457485382,0.0984800884960925,0.17792851316903577,0.9587398575370691,0.0,0.0,0.0,0.0,False,1585.6799666714762,3.005473176291671,1440,2023-08-14,0.15248852212757524,0.3766822864332312,2.542
136,5,188,701.9341848637727,6616.134823318914,6285.328082152992,6302.277591012571,0.9973105740559968,16.94950885958059,0.11167820926594024,0.19893420672103676,0.9922236197569747,0.0,0.0,0.0,0.0,False,1041.074231001046,1.643343803756594,1440,2023-03-06,0.15172607951693737,0.39422233646347127,2.548
137,5,190,633.0598290020292,6662.03968254993,6328.937698422431,6343.983938280589,0.997628266400965,15.046239858157563,0.10002623807781004,0.20298870827876278,0.9735088170167358,0.0,0.0,0.0,0.0,False,1214.4601541897073,2.5869246330824143,1440,2023-10-01,0.15096744911935267,0.36209514033720924,2.518
138,5,127,364.8962857533798,4396.344070640748,4176.526867108708,4181.522630733836,0.9988052764348542,4.995763625127858,0.08736835590045833,0.18302823280053546,0.9926753877266222,0.0,0.0,0.0,0.0,False,921.3070802944876,1.5808568242772099,1440,2023-12-14,0.15021261187375592,0.3273240445952643,2.651
139,5,153,547.560843533448,5685.4087914986885,5401.138351923799,5412.852173561955,0.9978359243403375,11.713821638155794,0.10137878496269505,0.1800276350052352,0.9578752897332122,0.0,0.0,0.0,0.0,False,1050.4492137741267,3.39517018003882,1440,2023-06-26,0.14946154881438714,0.34426880241378166,2.571
140,5,180,808.190740578878,6288.428726942677,5974.00729059553,5986.781249838922,0.9978663059981129,12.773959243391658,0.13528452532208277,0.1975697306814495,0.9869575971006821,0.0,0.0,0.0,0.0,False,1246.3136021620069,1.8117786993416993,1440,2023-02-28,0.1487142410703152,0.36542454206799435,2.429
141,5,182,688.4951102019065,6827.218851281099,6485.857908716995,6498.595526771402,0.998039942938142,12.737618054406928,0.10615328301851462,0.19168300078677109,0.9655013170879376,0.0,0.0,0.0,0.0,False,1506.0426614307023,2.64811190255851,1440,2023-09-14,0.14797066986496363,0.3438780367696206,2.426
142,5,224,988.7558821890624,7938.907392476322,7541.962022852498,7574.906669803278,0.9956508181041872,32.944646950779074,0.13110061800803102,0.20945114829348224,0.9714187148020501,0.0,0.0,0.0,0.0,False,1445.1203589228114,2.4685792052619604,1440,2023-01-02,0.1472308165156388,0.3400074882598755,2.521
143,5,212,295.90556529736295,7589.445511576763,7209.973235997936,7230.3226846229,0.9971855407410458,20.3494486249636,0.04104114614739017,0.19242395426448317,0.9510228973233409,0.0,0.5555555555555556,7.579342236490217,0.0,False,1404.8398827843453,3.632901888494172,1456,2023-07-30,0.1464946624330606,0.2973485675226408,2.564
144,5,245,726.7454168572319,8983.344270523461,8534.177056997278,8553.335168665333,0.9977601588982226,19.158111668053895,0.08515705873026906,0.18857029530118882,0.9556331627728526,0.0,0.0,0.0,0.0,False,1670.4902763650953,3.2722790890937548,1440,2023-06-07,0.1457621891208953,0.3010600600834269,2.629
145,5,281,727.8279541563845,9324.727202264316,8858.490842151154,8881.927271088503,0.997361335189758,23.43642893735021,0.08216161952701666,0.2017346727826365,0.9510002448762996,0.0,3.9583333333333335,421.48277128473364,5.186573961325864,True,1552.0174619162274,4.192980536005545,1618,2023-06-05,0.14503337817529083,0.3130787890862438,2.594
146,5,278,889.471490933066,10173.682296962039,9664.998182114012,9704.855382501373,0.9958930660152621,39.857200387361914,0.09203017674427674,0.21510332840386912,0.9518337440766392,0.0,0.0,0.0,0.0,False,2013.2208629846573,2.8182647432179886,1440,2023-01-15,0.14430821128441437,0.2936454081901807,2.453
147,5,260,941.4311583870899,8867.253916559668,8423.891220731688,8448.758622020152,0.9970566798744076,24.86740128846296,0.1117572786398491,0.19897338772408849,0.9550781656083107,0.0,0.0,0.0,0.0,False,1881.07959767284,2.59318018307755,1440,2023-04-17,0.1435866702279923,0.24793249468642495,2.604
148,5,296,1001.2717955496588,10897.626647716268,10352.745315330485,10394.887934577679,0.995945832267512,42.14261924719312,0.09671558268384735,0.20217826965808863,0.9636424330055718,0.0,0.0,0.0,0.0,False,1745.6406071668116,2.3267139065083935,1440,2023-04-23,0.14286873687685234,0.24689936399273332,2.552
149,5,177,718.2573532086277,6765.572832959468,6427.294191311493,6456.087945465801,0.9955400616600134,28.79375415430691,0.11175112447467835,0.2141803904857901,0.9891622725727702,0.0,0.0,0.0,0.0,False,997.4936533429886,1.5844363777956325,1440,2023-02-02,0.14215439319246806,0.23891320570007527,2.588
150,5,284,1049.3560533778339,10370.552784872702,9852.025145629137,9887.925930613274,0.9963692299845222,35.900784984136266,0.10651171082763446,0.1866686196770924,0.9523936090671218,0.0,0.0,0.0,0.0,False,1826.4875740408897,3.0575178627350197,1440,2023-09-08,0.14144362122650572,0.20541059372071613,2.741
151,5,287,492.27348074675047,10831.552346636201,10289.974729304391,10342.034954067249,0.9949661526968265,52.06022476285745,0.04784010589888285,0.21183682447950664,0.9510834408303994,0.0,3.125,107.97318694969468,0.0,False,1770.000733964927,3.7668811592441367,1515,2023-07-30,0.1407364031203732,0.2398009689325091,2.707
152,5,160,560.1025226579156,5498.335000733029,5223.418250696397,5258.493623903717,0.9933297678544524,35.0753732073194,0.10722911621776442,0.22563656656168912,0.9510003506557454,0.0,0.4166666666666667,6.1913075972667855,0.0,False,1077.9681511408353,3.6579651587482287,1456,2023-08-29,0.14003272110477133,0.21135137731265682,2.557
153,5,205,773.9616847341273,7272.293010430686,6908.678359909125,6928.4491416032515,0.9971464347518395,19.770781694126615,0.11202745943788701,0.20724946582610376,0.9622689992057952,0.0,0.0,0.0,0.0,False,1793.3458548098238,2.6272755204867257,1440,2023-02-10,0.13933255749924747,0.15695044310788908,2.541
154,5,223,826.3203279844956,8244.78508656299,7832.545832234807,7877.980424281985,0.9942327107202328,45.434592047176245,0.10549830740648565,0.21146582991360027,0.9567831267968293,0.0,0.0,0.0,0.0,False,1301.0223397461104,3.3389449722596227,1440,2023-08-15,0.13863589471175125,0.15351884407105748,2.522
155,5,245,648.1226704950318,8857.220260857845,8414.359247814944,8461.474119831646,0.9944318364212359,47.114872016702314,0.07702579024818051,0.1927812363733799,0.9510012056404454,0.0,5.208333333333333,345.55829536866173,0.0,False,1299.059419131012,4.213763109339531,1649,2023-05-26,0.1379427152381925,0.14092427235341987,2.578
156,5,246,681.7545396420117,8698.577335111264,8263.64846835566,8308.10355830473,0.9946491892358955,44.455089949070015,0.08250042850354578,0.19624393672703766,0.951009772101487,0.0,0.1388888888888889,0.29574550217891693,0.0,False,1445.4963171244428,3.578563428423002,1444,2023-05-13,0.13725300166200152,0.1723156589491256,2.613
157,5,139,446.5127002260122,5064.456461875472,4811.233638781679,4834.743103239749,0.995137391179623,23.50946445806989,0.09280628083135038,0.21435574814040503,0.9862373587666228,0.0,0.0,0.0,0.0,False,946.7558121960037,1.869953640412041,1440,2023-10-08,0.1365667366536915,0.18999863061129127,2.509
158,5,206,1136.238707354253,7202.01838782224,6841.917468431135,6872.126330583524,0.9956041462715917,30.20886215238919,0.16607021534487973,0.2100395961812454,0.98318409791986,0.0,0.0,0.0,0.0,False,1277.3362887688063,2.0825660792603076,1440,2023-02-07,0.13588390297042305,0.16358123542459532,2.496
159,5,138,500.1396774126321,5000.504411549425,4750.479190971922,4772.937352728977,0.9952946875063814,22.45816175705461,0.1052819425802613,0.20394414426136445,1.0000208009749243,0.0,0.0,0.0,0.0,False,877.1161342388198,1.3528742234025328,1440,2023-11-21,0.13520448345557096,0.15144087377632742,2.533
160,5,293,740.5770295852831,10835.192244432516,10293.432632210897,10337.567113014451,0.9957306704448873,44.13448080355101,0.07194655622147075,0.20364783881688298,0.9710873245724948,0.0,0.0,0.0,0.0,False,1831.0525415020804,2.344231420314298,1440,2023-03-25,0.13452846103829308,0.15494137146838305,2.562
161,5,156,462.3081095881721,5464.743645999084,5191.506463699085,5218.686833377618,0.9947917224109533,27.180369678532863,0.08905085890209322,0.206432413627573,0.9877821874434435,0.0,0.0,0.0,0.0,False,1004.3220036041292,1.6562168959200283,1440,2023-12-14,0.13385581873310162,0.15821124965904262,2.765
162,5,201,37.93538265692069,7243.143947303346,6880.986749938162,6920.494206807611,0.9942912376358055,39.507456869449214,0.005513073057038165,0.22075695601006878,0.9860317626882815,0.0,0.0,0.0,0.0,False,1263.1435571023471,1.8661673467030917,1440,2023-12-27,0.1331865396394361,0.1543794669466736,2.597
163,5,280,620.9326402616385,10013.9717245186,9513.27313829268,9586.734523003419,0.99233718378928,73.46138471073886,0.06527013691662759,0.2074393402685007,0.9717772453394851,0.0,0.0,0.0,0.0,False,1600.5614211424654,2.6050639291884323,1440,2023-05-19,0.13252060694123893,0.11876219973478422,2.521
164,5,214,715.7176649906211,7513.6986856190815,7138.013751338111,7162.986381645129,0.9965136565984533,24.972630307017578,0.1002684626176926,0.20205926956972872,0.9611638919501779,0.0,0.0,0.0,0.0,False,1572.7947059370445,2.7855848910211534,1440,2023-09-04,0.13185800390653274,0.11919517358329744,2.592
165,5,243,946.2637671644916,9186.623994805872,8727.292795065572,8753.815459428046,0.9969701595281052,26.522664362472117,0.10842580733621208,0.18993223639440537,0.9789576919157169,0.0,0.0,0.0,0.0,False,1678.404067786198,2.082538912164715,1440,2023-02-18,0.13119871388700008,0.13127474472091993,2.724
166,5,210,1022.6957803807402,7645.152435117997,7262.894813362118,7287.76864357964,0.9965869072642096,24.873830217521657,0.14081104114287962,0.2000348661492103,0.9840278295312554,0.0,0.0,0.0,0.0,False,1327.3628726123875,1.7419669081584885,1440,2023-02-08,0.13054272031756506,0.16812126279700906,2.712
167,5,273,1127.1629616546797,10074.253113899225,9570.540458204248,9596.439854327356,0.9973011453709649,25.899396123108275,0.11777422252976641,0.1943833590966897,0.9723180603120356,0.0,0.0,0.0,0.0,False,1778.329994416125,2.330337544249253,1440,2023-03-15,0.12989000671597725,0.175370948489849,2.659
168,5,227,800.6413198252721,8487.41843633285,8063.047514516231,8084.39759488878,0.9973591006476417,21.350080372548017,0.09929760656672867,0.20856978085852537,0.9799695651726397,0.0,0.0,0.0,0.0,False,1603.3975575566292,2.039377221117034,1440,2023-02-01,0.12924055668239737,0.1938848446048318,2.64
169,5,236,607.1492629737106,8549.683579836408,8122.199400844624,8166.981337169428,0.9945167088700211,44.781936324803986,0.07475182927798761,0.20481994217618568,0.9657168201715607,0.0,0.0,0.0,0.0,False,1540.9765389689042,2.638449183659946,1440,2023-08-12,0.12859435389898535,0.17705734457785327,2.599
170,5,202,533.6732542413071,7106.751356132542,6751.413788325894,6769.473726832498,0.9973321502918285,18.059938506603395,0.07904614810665289,0.1891686627641243,0.9654884400258287,0.0,0.0,0.0,0.0,False,1377.1432106967916,2.6363953007019165,1440,2023-10-04,0.12795138212949045,0.17160399254860847,2.534
171,5,193,133.22461120475842,6958.165818284039,6610.25752736985,6634.404163038491,0.9963603912159639,24.14663566864056,0.02015422404545365,0.2147523881115029,0.9842440211542492,0.0,0.0,0.0,0.0,False,1212.3659290843148,1.5859737503817746,1440,2023-01-10,0.12731162521884298,0.20221569249354146,2.509
172,5,227,493.4663508173637,8057.119057765853,7654.2631048775565,7701.133134522496,0.9939138787985846,46.87002964493971,0.06446947851882831,0.1946958561132572,0.9509999998572843,0.0,2.7777777777777777,62.48445581694204,0.0,False,1156.1569994784795,3.712894864155214,1575,2023-06-03,0.12667506709274878,0.16968323727967974,2.717
173,5,213,692.9412557771194,8047.983097244562,7645.583942382298,7672.211588673036,0.9965293389027422,26.627646290738774,0.09063287526488198,0.19093045849281523,0.962333832332792,0.0,0.0,0.0,0.0,False,1599.1111551163851,2.544540016874104,1440,2023-10-08,0.12604169175728502,0.18804685069906807,2.743
174,5,262,706.0941946462447,9113.947319531666,8658.249953555103,8698.43384426854,0.9953803303637339,40.18389071343786,0.08155160666807965,0.20336803069678325,0.9510004581818249,0.0,0.5555555555555556,3.984849899644549,0.0,False,1607.0419816358713,3.4504568186921696,1455,2023-10-07,0.1254114832984986,0.21147509327491032,2.665
175,5,227,740.2357385367637,8128.699564059109,7722.264585856144,7743.591633017497,0.9972458455750148,21.327047161351672,0.0958573395545856,0.17987838529828307,0.9519853650651064,0.0,0.0,0.0,0.0,False,1602.9683913435636,3.4943614336647277,1440,2023-08-18,0.12478442588200611,0.20268662695201534,2.531
176,5,205,505.3205269813241,7398.066333609549,7028.163016929089,7058.260372636501,0.9957358677466627,30.097355707412078,0.07189937481019339,0.19979687335514995,0.9819156911187708,0.0,0.0,0.0,0.0,False,1444.9913315535464,2.086360194461886,1440,2023-10-27,0.12416050375259607,0.24833915450548555,2.465
177,5,276,966.8763303141758,10067.794616758125,9564.404885920252,9599.472303006918,0.9963469432506533,35.06741708666637,0.10109111249958826,0.20599204966117773,0.9510001193638503,0.0,2.013888888888889,26.69244964484059,0.0,False,1911.6823136383068,3.105954278345001,1492,2023-06-18,0.12353970123383311,0.2410506591553971,2.687
178,5,158,544.107561471195,5666.229395793469,5382.9179260037745,5406.612431787909,0.9956174950427694,23.694505784134947,0.10108041195328704,0.19357720076396756,0.988565413166329,0.0,0.0,0.0,0.0,False,1111.2997781038284,1.6926647470999436,1440,2023-04-21,0.12292200272766393,0.22129087251900637,2.605
179,5,199,828.2213812297739,7216.55844671583,6855.730524380038,6889.385032341597,0.9951150200194109,33.6545079615585,0.12080716683429878,0.19791848167520443,0.9827668906021644,0.0,0.0,0.0,0.0,False,1231.8806902368,1.7844972901757492,1440,2023-02-25,0.1223073927140256,0.23311685074555777,2.656
180,5,207,770.195408848914,7242.339906198231,6880.222910888331,6910.999024608938,0.9955467923507125,30.776113720606773,0.11194338015270368,0.20128578074823694,0.9791072480947426,0.0,0.0,0.0,0.0,False,1505.9220619102402,1.9216029522632625,1440,2023-01-09,0.12169585575045548,0.23313089123831754,2.574
181,5,281,689.2316087568773,10038.505295827963,9536.580031036538,9578.146780146315,0.9956602513968634,41.56674910977806,0.07227240861124135,0.2037419535564564,0.9636793635512699,0.0,0.0,0.0,0.0,False,1853.698433988059,2.372148912692368,1440,2023-01-08,0.1210873764717032,0.225669776634442,2.619
182,5,199,574.9143042646444,7048.76966167323,6696.33117858956,6727.782035121118,0.9953252265951283,31.450856531556795,0.08585511811345894,0.20548690400051933,0.9742096511508297,0.0,0.0,0.0,0.0,False,1281.1083737523936,2.5509556371446696,1440,2023-10-05,0.12048193958934468,0.21411020709543593,2.588
183,5,231,1091.131432661799,8657.364819101,8224.496578145961,8269.638147851932,0.9945412883975223,45.14156970597275,0.13266847670180093,0.21048092797823859,0.9761829121311243,0.0,0.0,0.0,0.0,False,1414.2819408504572,2.4233627725766342,1440,2023-01-02,0.11987952989139797,0.20074931528726664,2.59
184,5,133,8.89699435043843,4536.520897205556,4309.694852345291,4322.713032947438,0.9969884235888613,13.018180602146842,0.0020644139910733538,0.20052639039042613,0.9884052027639516,0.0,0.0,0.0,0.0,False,1064.4868183733367,1.5114233941990773,1440,2023-12-27,0.11928013224194098,0.17854970269083695,2.708
185,5,270,720.0848568554068,9458.774891508936,8985.836146933518,9016.894258674916,0.9965555643827676,31.05811174139943,0.0801355427676189,0.21237635680647934,0.9510106735783891,0.0,0.3472222222222222,2.9843693116247065,0.0,False,1641.3570327265263,3.4232019587247557,1451,2023-05-21,0.11868373158073126,0.1826636757873593,2.702
186,5,200,838.4317146962643,7106.771541539246,6751.432964462272,6778.729366487363,0.9959732273484705,27.296402025090384,0.124185742361591,0.19136813627517746,0.9833040070791926,0.0,0.0,0.0,0.0,False,1254.9221289365064,1.732162141646917,1440,2023-03-19,0.11809031292282761,0.15926611030893612,2.553
187,5,210,805.7021514716455,7958.012365331201,7560.111747064651,7589.672950111444,0.9961050755096952,29.561203046793196,0.1065727833698323,0.19730891465709516,0.9581802286721727,0.0,0.0,0.0,0.0,False,1451.9484177585214,3.268449483988061,1440,2023-06-22,0.11749986135821347,0.18719773628130287,2.585
188,5,137,345.8463829485654,5210.404169340706,4949.883960873667,4965.61833779776,0.9968313358269352,15.734376924093374,0.06986959405155886,0.19897189093799633,0.9969561060988216,0.0,0.0,0.0,0.0,False,951.1129777994524,1.5584512891782818,1440,2023-10-31,0.11691236205142241,0.19660787888612258,2.562
189,5,245,703.122983655801,8936.59760401209,8489.767723811532,8541.29460448442,0.9939673219273066,51.526880672888176,0.08282004956198374,0.21295154733835592,0.9728539024857381,0.0,0.0,0.0,0.0,False,1488.3370954881311,1.9315077563812273,1440,2023-03-21,0.11632780024116529,0.20052885060509593,2.674
190,5,234,729.8934540634685,8570.936664670196,8142.389831436747,8182.221664070538,0.9951319049679748,39.83183263379097,0.08964118264707019,0.20584342664894195,0.964734224545506,0.0,0.0,0.0,0.0,False,1446.8953199521134,2.4031138230542424,1440,2023-09-28,0.11574616123995946,0.17226280653256573,2.576
191,5,181,966.8732357353774,6128.843537411982,5822.401360541415,5848.923373795926,0.9954654879950499,26.522013254511304,0.16606090440413568,0.201206151161757,0.985327271917717,0.0,0.0,0.0,0.0,False,1101.0711027324244,1.8099686735974687,1440,2023-02-07,0.11516743043375967,0.16499566545880523,2.529
192,5,259,822.0333005532694,9354.717115232756,8886.981259471151,8928.656271472122,0.9953324430089076,41.675012000973204,0.09249859727983574,0.2153504656084164,0.9748063708118115,0.0,0.0,0.0,0.0,False,1441.0733488480835,2.2583663263321014,1440,2023-03-16,0.11459159328159088,0.16932365111351583,2.55
193,5,214,79.94339200317357,7467.083253533086,7093.729090856417,7135.498123759692,0.9941463045496162,41.76903290327478,0.0112695862753228,0.21282608537310546,0.9814311754296707,0.0,0.0,0.0,0.0,False,1465.3714440988006,1.878323027017298,1440,2023-11-04,0.11401863531518291,0.14090102457421286,2.641
194,5,130,460.2261849553378,4796.974235200673,4557.12552344065,4569.83776708665,0.9972182286781475,12.71224364599999,0.10099045606447658,0.1785919791826959,0.9926487944247391,0.0,0.0,0.0,0.0,False,988.9155815242398,1.707909312560323,1440,2023-09-22,0.113448542138607,0.12307525559179924,2.53
195,5,159,685.643228528832,6226.131038277664,5914.824486363805,5933.531830529551,0.9968471823022012,18.70734416574638,0.11591945460250465,0.20548361967653705,0.9911616513610672,0.0,0.0,0.0,0.0,False,937.545600807787,1.665818871950916,1440,2023-10-25,0.11288129942791396,0.18520007506563463,2.635
196,5,166,142.9779141754839,5802.760653216424,5512.622620555567,5535.643599482066,0.9958413184460334,23.020978926499854,0.025936459652134588,0.199120714258352,0.9778352360521008,0.0,0.0,0.0,0.0,False,1314.1466608746773,1.8334794731517041,1440,2023-10-10,0.11231689293077439,0.1754641405744255,2.573
197,5,138,425.6563409793541,4662.981239133899,4429.83217717719,4444.102255718875,0.9967889851041744,14.270078541685402,0.09608859296574843,0.2022891532418908,0.9611163327709058,0.0,0.0,0.0,0.0,False,909.8882129498161,3.2520085153514424,1440,2023-08-13,0.11175530846612053,0.1817177491885477,2.497
198,5,210,959.342908839879,7702.320025519415,7317.204024243432,7337.18078888555,0.9972773241907329,19.97676464211688,0.1311078528986447,0.2078125989875323,0.9804241503205767,0.0,0.0,0.0,0.0,False,1547.4527325760068,1.9822255156683868,1440,2023-01-26,0.1111965319237899,0.17963561265396555,2.491
199,5,126,155.84814695961873,4937.889582838222,4690.995103696285,4705.125542187106,0.9969967988390268,14.130438490820296,0.03322283300547845,0.19651921115443877,0.9931036851906452,0.0,0.0,0.0,0.0,False,1021.7036528036767,1.6063852049845324,1440,2023-01-04,0.11064054926417097,0.16542769283651199,2.421
200,5,214,610.6351123897854,7955.48915352692,7557.714695850549,7579.0394250891795,0.997186354623247,21.324729238630166,0.08079626407769078,0.19282969555868293,0.959598355781699,0.0,0.0,0.0,0.0,False,1646.5195988069675,3.197228144074,1440,2023-08-01,0.11008734651785011,0.17908084965763293,2.539
201,5,247,751.2982213861972,8761.857259240953,8323.76439627887,8349.05923259342,0.9969703369433764,25.294836314550466,0.09025942898168336,0.20759926562341707,0.9510001504960767,0.0,2.013888888888889,39.50496123952092,0.0,False,1433.6707005182566,3.843754151745472,1508,2023-06-11,0.10953690978526086,0.1984788246472584,2.606
202,5,224,349.41891044712503,7926.31991871559,7530.003922779774,7553.797054754432,0.9968501759046224,23.793131974656173,0.046403549590467365,0.20886645490279496,0.9839321761807965,0.0,0.0,0.0,0.0,False,1499.9968619227934,2.0813749611541548,1440,2023-10-20,0.10898922523633456,0.18112418721537282,2.557
203,5,202,36.109666512596164,7665.178679709603,7281.919745724108,7316.390189103629,0.9952885996388139,34.47044337952058,0.0049588113812706475,0.185907341744329,0.9852484044680282,0.0,0.0,0.0,0.0,False,1265.9699275530047,1.7377879631646858,1440,2023-12-23,0.10844427911015289,0.16400933811009322,2.464
204,5,168,588.7028561596106,6449.710803779816,6127.225263590824,6151.006368232645,0.9961337863728056,23.7811046418214,0.09607984541678247,0.19140852611655904,0.9750142648594098,0.0,0.0,0.0,0.0,False,1100.4742282835068,2.5611638919397794,1440,2023-05-12,0.10790205771460211,0.20153214068727826,2.587
205,5,282,729.4830510330409,10143.811819494413,9636.6212285197,9681.106444878886,0.9954049450222998,44.48521635918906,0.07569904780257698,0.19737994886981575,0.9510000723269597,0.0,1.0416666666666667,29.57366532390407,0.0,False,2070.006038463658,3.218351456519673,1479,2023-08-12,0.10736254742602912,0.21987735082429222,2.562
206,5,178,621.633386696077,6148.7091858330905,5841.273726541433,5858.216898774383,0.9971077936297486,16.943172232950708,0.10642086226357016,0.17633182149797796,0.9745440749611867,0.0,0.0,0.0,0.0,False,1052.2339085237898,2.55003353541568,1440,2023-09-08,0.10682573468889896,0.22154739143324784,2.506
207,5,271,1427.1001055130973,10071.413513140631,9567.842837483562,9614.580198969015,0.9951389077299012,46.73736148545366,0.1491558891333586,0.20688685307153268,0.9753917783310654,0.0,0.0,0.0,0.0,False,1670.174872991708,2.0783661126700608,1440,2023-01-20,0.10629160601545447,0.2703727130635566,2.635
208,5,200,668.9548623918636,7479.0181187112075,7105.06721277567,7134.003936170574,0.9959438313107468,28.936723394905442,0.09415179932274409,0.19047049455523374,0.9807268800609236,0.0,0.0,0.0,0.0,False,1334.8724073183655,1.945373455256946,1440,2023-11-10,0.1057601479853772,0.24186755825240655,2.528
209,5,189,603.5019702255674,6627.777841299397,6296.388949234402,6323.496083346385,0.9957132678261046,27.10713411198304,0.09584890245685174,0.20529571161654112,0.9763296697031126,0.0,0.0,0.0,0.0,False,1264.368693111951,2.0540311867571988,1440,2023-05-01,0.10523134724545032,0.25565589841158254,2.499
210,5,245,824.3706229455194,9257.58316529527,8794.704007030457,8829.360270704281,0.9960748839540716,34.656263673822394,0.09373489116706148,0.21089110476800801,0.9534597657036347,0.0,0.0,0.0,0.0,False,1473.3704192061323,3.114116668535169,1440,2023-07-25,0.10470519050922306,0.23380630742322,2.532
211,5,296,785.8529140060392,10484.51860632998,9960.292676013565,10001.09625687423,0.9959200891769621,40.80358086066688,0.07889857653465694,0.2218797206795316,0.9739221159138446,0.0,0.0,0.0,0.0,False,1765.964158938976,2.2325776970075744,1440,2023-04-11,0.10418166455667695,0.20347221446090244,2.701
212,5,262,877.2815292315236,9297.003772605392,8832.153583975074,8882.634659828662,0.994316880319092,50.48107585358881,0.09932815602564361,0.21980011605874805,0.9685757883679778,0.0,0.0,0.0,0.0,False,1486.4000661167495,2.3129716058042873,1440,2023-09-29,0.10366075623389356,0.1539359990517199,2.551
213,5,227,482.2994233622724,7997.550671098272,7597.673137543357,7632.0611034239755,0.9954942753452025,34.38796588061841,0.0634798858322852,0.212851948326887,0.9897124652369698,0.0,0.0,0.0,0.0,False,1274.4219994860953,1.7188776518659505,1440,2023-12-18,0.10314245245272409,0.11789215108716025,2.607
214,5,139,438.07771939568624,4810.393793271806,4569.874103608239,4578.87727643275,0.998033759744807,9.003172824510438,0.09586209804987687,0.17570752839955275,0.9907812973718776,0.0,0.0,0.0,0.0,False,1190.1180707329518,1.6671895131113565,1440,2023-02-01,0.10262674019046046,0.10370044430926251,2.577
215,5,258,769.9612637766643,9201.931890451322,8741.835295928817,8798.798218022359,0.9935260565497608,56.96292209354122,0.08807775915604872,0.2169631453619882,0.9584684705138977,0.0,0.0,0.0,0.0,False,1550.146415021542,2.74608345820768,1440,2023-10-05,0.10211360648950817,0.17527942630710203,2.695
216,5,262,1030.4115764811643,9184.390048052419,8725.170545649797,8786.483539454814,0.9930218962421431,61.312993805017584,0.11809643961571706,0.19814690613877964,0.9735316800140326,0.0,0.0,0.0,0.0,False,1233.063612816686,2.646518621323323,1440,2023-06-16,0.10160303845706062,0.1409320973199162,2.62
217,5,193,361.8360514723173,6935.532095574375,6588.755490795664,6615.411301887199,0.9959706494615185,26.655811091534904,0.05491720735088648,0.18924300033136054,0.9876143806405948,0.0,0.0,0.0,0.0,False,1308.4211856222832,1.694986178596395,1440,2023-11-22,0.10109502326477533,0.15494261511428747,2.555
218,5,185,573.6459252767388,6634.387694690114,6302.668309955565,6322.762195523435,0.9968219767015598,20.093885567871023,0.09101635959021032,0.18537952224314755,0.9549152927684247,0.0,0.0,0.0,0.0,False,1221.8268931074515,3.4929372912472534,1440,2023-07-19,0.10058954814845145,0.18627747210953843,2.755
219,5,155,147.9949411680014,5903.228880859519,5608.067436816529,5622.739062669582,0.9973906621506836,14.671625853053397,0.02638965077281811,0.20112836882798385,0.9707811066969115,0.0,0.0,0.0,0.0,False,1076.3302750458179,2.7123274443654277,1440,2023-10-14,0.10008660040770918,0.22057603338765042,2.724
220,5,297,878.9318650132647,10474.998507994373,9951.248582594699,9994.985033392884,0.9956241604512599,43.73645079818478,0.088323777435383,0.20879118545752995,0.957823327173141,0.0,0.0,0.0,0.0,False,1899.060600092636,2.675098580997558,1440,2023-04-12,0.09958616740567064,0.21331100148210097,2.627
221,5,151,429.7380183213797,5371.823852647107,5103.232660014755,5122.469062219438,0.9962447011448913,19.236402204682612,0.0842089802584343,0.1819182896768407,0.9854285358998006,0.0,0.0,0.0,0.0,False,1205.6883852669725,1.771761525507535,1440,2023-12-13,0.09908823656864228,0.19020122009978346,2.397
222,5,209,760.6345280777547,7288.224871974158,6923.813628375441,6940.514231112696,0.9975937513877012,16.70060273725414,0.10985774154296886,0.1914916242806265,0.9766666441622055,0.0,0.0,0.0,0.0,False,1513.1718922926116,2.0264695196852185,1440,2023-10-26,0.09859279538579907,0.23173785122760376,2.631
223,5,152,366.31695986088135,5622.447861105434,5341.325468050181,5356.432266040289,0.997179690278941,15.106797990107301,0.06858165862613183,0.18392228545804296,0.9857747747428874,0.0,0.0,0.0,0.0,False,1159.4179367026693,1.6895825400086033,1440,2023-03-31,0.09809983140887008,0.24433123878749996,2.649
224,5,262,32.13173390460246,9214.84387901788,8754.101685066966,8785.235727306426,0.9964560948384471,31.134042239461838,0.0036704775727489924,0.19436887510782683,0.9785072543377951,0.0,0.0,0.0,0.0,False,1473.6061761136743,2.0694327388830693,1440,2023-12-23,0.09760933225182573,0.27186237997219853,2.691
225,5,229,656.4397051768182,8627.331106131462,8195.964550824889,8225.37015922599,0.9964250109318037,29.405608401099684,0.08009303860529148,0.20105459516550275,0.9609355923252146,0.0,0.0,0.0,0.0,False,1640.1519293711763,2.9575647852187013,1440,2023-05-15,0.0971212855905666,0.2711863519350416,2.504
226,5,148,579.2137377973331,5047.370062761347,4795.00155962329,4809.440870280854,0.9969977153172233,14.43931065756455,0.12079531791494098,0.21280015164629795,0.9874434421156278,0.0,0.0,0.0,0.0,False,897.5702946552175,1.7642473197811177,1440,2023-04-03,0.09663567916261376,0.25588421562015384,2.621
227,5,140,360.00055909253234,4802.980864285954,4562.831821071642,4584.716078286327,0.9952266930294046,21.884257214685658,0.07889849400760544,0.1915765819771979,0.9956409333894946,0.0,0.0,0.0,0.0,False,868.2366874879099,1.2626682624423726,1440,2023-04-09,0.0961525007668007,0.21716227472817928,2.624
228,5,137,624.9728104668409,4890.649953325857,4646.117455659583,4658.304275824325,0.9973838505509423,12.186820164741793,0.13451506907246644,0.1922124820316531,0.9907394444921936,0.0,0.0,0.0,0.0,False,1078.576248948632,1.6500850448617588,1440,2023-03-05,0.09567173826296668,0.23329774618775986,2.555
229,5,123,402.87074520256056,4291.482117352048,4076.9080114844783,4093.7501935688156,0.9958858793800374,16.84218208433751,0.09881771775759733,0.19020861222207636,0.9540480984357813,0.0,0.0,0.0,0.0,False,750.7084312339745,3.4888528747955116,1440,2023-09-02,0.09519337957165185,0.24519651913404025,2.657
230,5,275,224.34752187498333,9681.423207524653,9197.352047148372,9220.648656339696,0.9974734305514064,23.296609191324443,0.02439262091142222,0.19303435190603743,0.9561661837340271,0.0,0.0,0.0,0.0,False,2089.0735943987274,2.7606822635590484,1440,2023-01-04,0.09471741267379359,0.25961362046102954,2.816
231,5,270,891.499392942491,9547.697779886581,9070.312890892206,9100.826044636256,0.9966472105285394,30.51315374405044,0.09828761186812798,0.19563862056479334,0.9510009619798867,0.0,4.305555555555555,282.9326350925066,0.0,False,2008.520533032948,3.6994216545020353,1507,2023-06-27,0.09424382561042462,0.26527895662260476,2.651
232,5,188,656.238039994291,6363.751676912456,6045.564093066812,6062.87769488101,0.9971443260633781,17.31360181419882,0.10854868625855432,0.18277560507604776,0.9510028793683604,0.0,2.4305555555555554,43.75212646174495,0.0,False,1367.8121610861288,3.513123760138898,1527,2023-08-24,0.0937726064823725,0.2642999034743623,2.647
233,5,137,469.95027932963933,4889.772347162992,4645.283729804838,4666.70757263132,0.995409216777986,21.423842826481042,0.10116718518491513,0.1908999468782842,0.9657597686811978,0.0,0.0,0.0,0.0,False,1144.7343327797482,2.6417114247817084,1440,2023-09-15,0.09330374344996065,0.2926765147772062,2.638
234,5,170,577.6286819420606,6016.749352980724,5715.91188533167,5746.835478891372,0.994619022299614,30.923593559701565,0.10105626075594117,0.19383627703621312,0.9837327416230084,0.0,0.0,0.0,0.0,False,1180.3956465067483,1.8504893976376797,1440,2023-09-22,0.09283722473271083,0.2979592545106469,2.602
235,5,201,472.8424461813789,6994.932435527705,6645.1858137513445,6681.306630061071,0.9945937496496257,36.120816309726735,0.07115563950113978,0.19703706752819303,0.9860423650644162,0.0,0.0,0.0,0.0,False,1260.1805110718676,1.762748981244495,1440,2023-10-17,0.09237303860904728,0.2960337060981452,2.647
236,5,217,789.6504548843876,7878.10347314769,7484.198299490285,7528.269879836411,0.9941458554157089,44.071580346126055,0.1055090235834835,0.19571380499398613,0.951000511812224,0.0,0.6944444444444444,2.30836114313724,0.0,False,1485.3755991936362,3.5509192473675077,1461,2023-07-18,0.09191117341600205,0.28759967490937843,2.661
237,5,208,774.3587245225282,7112.212112416174,6756.601506795351,6785.258736716985,0.995776545739286,28.657229921634283,0.11460772457036698,0.2073588631466047,0.9784562387851835,0.0,0.0,0.0,0.0,False,1497.8269902897196,2.1591684187134517,1440,2023-01-18,0.09145161754892205,0.28397793728392084,2.53
238,5,231,792.7916436654501,8167.491349671467,7759.11678218787,7810.017042106274,0.9934826954097559,50.90025991840431,0.10217550088760276,0.20779046871789364,0.9612267928660636,0.0,0.0,0.0,0.0,False,1593.4159750057515,2.7955935995857346,1440,2023-10-01,0.09099435946117741,0.25509347609046373,2.692
239,5,232,794.1969696882746,8401.542896992361,7981.465752142745,8022.135113587268,0.9949303569600018,40.66936144452362,0.09950515285679958,0.2006119628653745,0.9664213551365168,0.0,0.0,0.0,0.0,False,1488.822867459654,2.5965880019341743,1440,2023-09-12,0.09053938766387153,0.23064685144296768,2.611
240,5,233,123.06609771001249,8199.944220668627,7789.947009635196,7802.253262943657,0.99842273085816,12.306253308460901,0.01579806609182258,0.17300796259661358,0.9769314088162813,0.0,0.0,0.0,0.0,False,1653.2906078728129,2.1087550003430784,1440,2023-03-13,0.09008669072555218,0.2268516664572442,2.772
241,5,211,768.8172309525963,7705.753356207579,7320.465688397194,7355.800708169645,0.9951963054500367,35.33501977244931,0.10502299494022051,0.20282580319439927,0.9510056779851386,0.0,1.1111111111111112,16.9588123364053,0.0,False,1539.450322724907,3.570008912067255,1474,2023-08-28,0.08963625727192442,0.2858939209301088,2.776
242,5,200,660.0391251277982,6949.442375281836,6601.970256517729,6631.025976796297,0.9956182164901416,29.055720278567712,0.09997608281803168,0.19518434968770787,0.9754410962217867,0.0,0.0,0.0,0.0,False,1317.926537080753,2.309029975423037,1440,2023-09-12,0.08918807598556479,0.26738718503355197,3.525
243,5,289,587.0675936171947,9952.36492585819,9454.746679565294,9489.635294554397,0.9963235030740198,34.888614989100475,0.062092366248800074,0.19658140431377719,0.9680212188159857,0.0,0.0,0.0,0.0,False,2020.2625956720944,2.513746031215679,1440,2023-03-22,0.08874213560563697,0.26963377654664217,2.811
244,5,268,911.3108091310285,9345.816586251181,8878.525756938652,8926.205345930386,0.994658470520906,47.67958899173366,0.10264213159699744,0.2110989963567147,0.9762456456968157,0.0,0.0,0.0,0.0,False,1642.5787998964342,2.164727549231939,1440,2023-04-24,0.08829842492760878,0.268528459364073,2.624
245,5,255,728.7329069346098,8450.186545272154,8027.677218008574,8057.12231614007,0.9963454572270162,29.44509813149836,0.09077755459572234,0.19410055998986328,0.9534474502458037,0.0,0.0,0.0,0.0,False,1551.8090171325946,3.4958883990736926,1440,2023-07-24,0.08785693280297073,0.23515055330571943,2.614
246,5,129,456.8542623769945,4392.378901182646,4172.759956123478,4179.274934599657,0.9984411223051534,6.51497847617811,0.10948491338605902,0.17917378266172024,0.9954633505946576,0.0,0.0,0.0,0.0,False,867.0207143305709,1.5489422303887297,1440,2023-10-22,0.08741764813895588,0.24613976046661648,2.492
247,5,223,393.2511190193859,7849.506634552885,7457.031302825264,7478.723440146729,0.9970994866309644,21.692137321465985,0.05273561328224462,0.17421698939991698,0.9510001517503407,0.0,2.986111111111111,74.00378288223979,0.0,False,1171.4056979872537,3.884484789544114,1555,2023-08-07,0.08698055989826112,0.28881134718416285,2.545
248,5,279,983.8552489494382,9916.624098443348,9420.792893521215,9460.734755065776,0.9957781438145517,39.941861544561654,0.10443444199118808,0.21465845965759422,0.9658773678366573,0.0,0.0,0.0,0.0,False,1839.6244344473325,2.310059052306127,1440,2023-12-05,0.08654565709876981,0.3351427122641712,2.537
249,5,231,831.028688429024,8297.703136355283,7882.817979537564,7911.338059369701,0.9963950371456621,28.520079832137682,0.10542279304003101,0.1933888312589484,0.976957552440856,0.0,0.0,0.0,0.0,False,1445.3813054441807,1.8812578668323288,1440,2023-02-16,0.08611292881327597,0.2825036467784083,2.555
250,5,154,441.78684486572365,5137.020599617138,4880.169569636282,4894.425753412523,0.9970872612039725,14.256183776240263,0.09052694554190459,0.18284449984366763,0.9630918294313106,0.0,0.0,0.0,0.0,False,1008.9205659282419,3.0943971206657355,1440,2023-05-24,0.08568236416920957,0.2875161353038713,2.606
251,5,211,896.0125650813343,7562.315188006091,7184.199428605807,7215.481377876404,0.9956646067486903,31.281949270597053,0.12471989036295696,0.20161283105760958,0.9649617053772374,0.0,0.0,0.0,0.0,False,1449.382403395319,2.7747867246658413,1440,2023-06-15,0.08525395234836353,0.3155814302456761,2.724
252,5,219,871.1368206679942,7957.290351337596,7559.42583377074,7581.891056626292,0.9970369894940764,22.4652228555534,0.11523849030653957,0.18891745098478752,0.96826023361654,0.0,0.0,0.0,0.0,False,1719.2992887017158,2.2790626532794636,1440,2023-03-15,0.0848276825866217,0.29666269597556705,2.902
253,5,294,771.0283958508518,10117.03047772637,9611.178953840013,9657.715775918712,0.995181384174223,46.53682207869826,0.08022204139095736,0.19486082760051499,0.9523873445770993,0.0,0.0,0.0,0.0,False,1967.6167759207804,3.1511823387011457,1440,2023-05-22,0.08440354417368859,0.3100116721704491,2.662
254,5,219,761.0196747769672,7830.944457412435,7439.397234541837,7480.832864243905,0.9944610940447397,41.435629702068695,0.10229587838695851,0.19333934760406016,0.9510349249096249,0.0,2.013888888888889,38.62803857057141,0.0,False,1168.613627080183,3.8361682658335026,1498,2023-08-26,0.08398152645282016,0.3078723831917285,2.621
255,5,161,273.3883988572492,5738.949640867075,5452.00215882369,5470.852356360439,0.9965544313191281,18.850197536749256,0.05014458741818158,0.18222084860985363,0.9752014489964848,0.0,0.0,0.0,0.0,False,1122.249926154433,2.4747028641594597,1440,2023-10-03,0.08356161882055606,0.3098412406207497,2.652
256,5,139,471.9331409723935,5202.294682912891,4942.179948767265,4954.615133742187,0.9974901814491635,12.435184974920782,0.09549088577604473,0.17883837269550495,0.9970350909126652,0.0,0.0,0.0,0.0,False,809.7510050694598,1.3928778580892156,1440,2023-04-30,0.08314381072645327,0.33676598192072826,2.709
257,5,244,673.1620235660803,9129.938263282907,8673.441350118768,8707.769638012094,0.9960577404639332,34.328287893325005,0.07761187242672281,0.18956516811201557,0.9739244727302572,0.0,0.0,0.0,0.0,False,1645.3518262485477,2.0689136897050058,1440,2023-04-09,0.082728091672821,0.366805303337503,2.658
258,5,298,20.72045046489557,11071.170012419143,10517.61151179819,10545.760989118287,0.9973307305798847,28.149477320097162,0.00197007185915284,0.15832662684000198,0.9682437468413075,0.0,0.0,0.0,0.0,False,1833.3256766887373,2.3399428291318793,1440,2023-12-23,0.0823144512144569,0.36775955214899864,2.57
259,5,220,919.959333482591,8057.086699213461,7654.232364252817,7672.482263617225,0.997621382658524,18.249899364406442,0.12018962708514462,0.2022241893059355,0.9680248708685352,0.0,0.0,0.0,0.0,False,1416.1563934579012,2.4038654761592,1440,2023-04-03,0.0819028789583846,0.4393314106546249,2.526
260,5,137,593.5655116646305,5063.274863646083,4810.111120463788,4822.472813062281,0.9974366485664763,12.361692598491834,0.1233995425052466,0.19085753713905876,0.9882228487823429,0.0,0.0,0.0,0.0,False,977.1057372273553,1.557957195266288,1440,2023-04-08,0.0814933645635927,0.3999030505687755,2.48
261,5,127,484.76457464572917,4413.951248055479,4193.253685652697,4202.672615520537,0.997758823793922,9.418929867840175,0.11560583045675511,0.18222486717378458,0.9863637441578056,0.0,0.0,0.0,0.0,False,977.8122246584992,1.8992723299474423,1440,2023-06-19,0.08108589774077472,0.3938241204102718,2.575
262,5,261,670.9500005476475,9889.796332802527,9395.306516162418,9417.904492462745,0.9976005303177142,22.59797630032623,0.0714133167867845,0.1875215142749672,0.9510007207343327,0.0,2.5694444444444446,52.398337809029094,0.0,False,1643.2997677671315,3.661167702217064,1541,2023-08-08,0.08068046825207086,0.4088416068483828,2.583
263,5,173,545.8130883019526,6157.7080274300715,5849.822626058585,5869.7079116723735,0.9966122188849901,19.88528561378817,0.0933042116303795,0.18221507161547137,0.9879873582507999,0.0,0.0,0.0,0.0,False,1179.5601284882064,1.7615587827542998,1440,2023-11-10,0.0802770659108105,0.4098268966625215,2.683
264,5,207,184.6653505332676,7048.637671633138,6696.205788051488,6717.62906295348,0.9968108874870544,21.423274901992354,0.027577609825369914,0.18570147160271538,0.988843643524221,0.0,0.0,0.0,0.0,False,1369.0702654206066,1.762224820027733,1440,2023-11-02,0.07987568058125645,0.42317854878394967,2.671
265,5,287,1345.3232229066878,9874.026472148547,9380.325148541131,9417.518420295035,0.9960506292534824,37.19327175390555,0.14341967912657252,0.2021960953819231,0.9729513148013383,0.0,0.0,0.0,0.0,False,1686.7275632689148,2.100300641587243,1440,2023-01-27,0.07947630217835017,0.4269047169290197,2.751
266,5,165,637.7390270747684,5526.878828120531,5250.5348867144885,5278.204983243901,0.9947576692043502,27.670096529411865,0.1214617254879021,0.1993293485306817,0.9934902711036271,0.0,0.0,0.0,0.0,False,995.9886405571998,1.4683231421824008,1440,2023-11-29,0.0790789206674584,0.39348767436172255,2.598
267,5,262,866.7721728925915,10001.571572666904,9501.492994033573,9542.917644624566,0.9956591210221408,41.424650590993764,0.09122483944753501,0.19567429033335001,0.964023260672725,0.0,0.0,0.0,0.0,False,1850.393174755187,2.7327380902732634,1440,2023-09-28,0.07868352606412113,0.37309441595408177,2.613
268,5,135,145.5408466468361,4699.506992440981,4464.53164281891,4485.471273153817,0.9953316766378076,20.93963033490644,0.03259935381596746,0.18655351892269875,0.9630438830334446,0.0,0.0,0.0,0.0,False,662.0351572195771,3.1357741626123325,1440,2023-07-22,0.0782901084338005,0.3650372227454314,2.582
269,5,122,514.0528144678678,4509.458904082227,4283.985958878103,4290.515237794258,0.9984782063332068,6.529278916154643,0.11999404746006423,0.17133034086483656,0.9925917451564067,0.0,0.0,0.0,0.0,False,857.3014943346501,1.3844034088295054,1440,2023-11-29,0.0778986578916315,0.3793294893358089,2.494
270,5,126,482.810797738225,4579.090654784963,4350.13612204569,4357.296762646256,0.9983566323363715,7.160640600566053,0.11098751491739044,0.18956780004478124,0.9936556041901561,0.0,0.0,0.0,0.0,False,952.6610660717249,1.4464769106934574,1440,2023-03-06,0.07750916460217336,0.425687777292166,2.579
271,5,173,566.6763704189531,6210.650842886567,5900.118300742259,5918.636949740883,0.9968711294245822,18.518648998625373,0.09604491664983444,0.1875186392872613,0.9797095921980807,0.0,0.0,0.0,0.0,False,1287.1992421131708,2.052857303055893,1440,2023-11-12,0.07712161877916247,0.4231736074591343,2.605
272,5,207,378.75251427435205,7411.700135632938,7041.115128851309,7071.421702441345,0.995714217753472,30.306573590035786,0.05379155252303649,0.19421074428042862,0.9736950012813151,0.0,0.0,0.0,0.0,False,1341.8849755929532,2.5298373667582834,1440,2023-10-03,0.07673601068526667,0.4262944932948896,2.578
273,5,121,359.17887544900583,4598.207878964384,4368.297485016159,4375.926829301599,0.9982565192282573,7.629344285439622,0.08222399611771797,0.19002408759172595,0.9973341827987575,0.0,0.0,0.0,0.0,False,893.2957649590164,1.321123826432284,1440,2023-11-27,0.07635233063184034,0.4143580337645045,2.514
274,5,230,908.1180580322963,8640.034614210112,8208.032883499593,8238.257381861687,0.9963312024665992,30.224498362095154,0.11063772171988538,0.1939951798796376,0.9669649950040631,0.0,0.0,0.0,0.0,False,1717.9700597894434,2.240328209342465,1440,2023-04-28,0.07597056897868114,0.4145183064757559,2.637
275,5,269,1351.6706106503702,8963.534645463751,8515.357913190583,8549.362938506398,0.9960225076932158,34.00502531581524,0.15873327045438523,0.215934018262982,0.9766546548925523,0.0,0.0,0.0,0.0,False,1597.6580343370401,2.2114272257171934,1440,2023-01-24,0.07559071613378773,0.40621036261736954,2.706
276,5,211,594.9409040395265,7409.577402059631,7039.098531956621,7061.69108907208,0.9968006874230988,22.592557115459183,0.08451947381309832,0.19264221427563735,0.9582395941864582,0.0,0.0,0.0,0.0,False,1392.9870360847926,3.2026678554028356,1440,2023-07-26,0.07521276255311879,0.3505018621741537,2.624
277,5,139,647.5526291904073,4933.988830177049,4687.289388668165,4693.585040193946,0.9986586689125971,6.2956515257803405,0.1381507680656349,0.18105819127084846,0.9937237760259876,0.0,0.0,0.0,0.0,False,971.1096525983435,1.5725559089442465,1440,2023-02-08,0.0748366987403532,0.35754491987795733,2.575
278,5,269,888.2260003614542,9220.505254722264,8759.479991986134,8815.559993990435,0.9936385207471187,56.08000200430213,0.1014016815123813,0.20032332559961066,0.9654249310689833,0.0,0.0,0.0,0.0,False,1632.3520467159383,2.4300700534720794,1440,2023-09-09,0.07446251524665143,0.3896113070879934,2.599
279,5,130,56.90729076866147,4358.112797711205,4140.207157825647,4145.877522563867,0.9986322884100268,5.67036473821901,0.013745034632167542,0.18315603971738176,0.9889458566774293,0.0,0.0,0.0,0.0,False,954.1378285714667,1.54187767710831,1440,2023-11-13,0.07409020267041817,0.3728649550527649,2.496
280,5,212,787.8538432648637,7778.43711987709,7389.515263883197,7409.127833140792,0.997352917954814,19.612569257596363,0.10661779766740015,0.18985516643072234,0.9547413514318562,0.0,0.0,0.0,0.0,False,1518.5846329304704,3.518369376344585,1440,2023-08-29,0.07371975165706608,0.39807810037961655,2.543
281,5,297,646.9440217367193,10588.47729861077,10059.053433680301,10093.029943710042,0.996633665983433,33.97651002974166,0.06431460236313927,0.18702647171303632,0.9690623953434963,0.0,0.0,0.0,0.0,False,1825.5719578666476,2.2677565344026998,1440,2023-03-22,0.07335115289878076,0.4040177795502125,2.592
282,5,185,49.96525080497439,6322.42898758984,6006.307538210364,6017.150382033247,0.9981980101652006,10.842843822883156,0.008318796612912367,0.17962849659413874,0.9890223414273728,0.0,0.0,0.0,0.0,False,1237.941509899328,1.6344793313848052,1440,2023-12-22,0.07298439713428685,0.4156413276799467,2.598
283,5,200,694.2862540150473,7099.773389947115,6744.784720449742,6787.192531229981,0.993751789037204,42.407810780238464,0.10293675525476999,0.2097303130290263,0.9510000120823727,0.0,3.1944444444444446,62.39291220405846,0.0,False,865.8907016544442,3.875926758013322,1588,2023-08-26,0.07261947514861541,0.44223428661560177,2.631
284,5,165,508.9745170811825,6286.029500966538,5971.728025918153,6000.704267744358,0.995171193157783,28.976241826204163,0.08523069283667313,0.20685462361335266,0.9797765113377902,0.0,0.0,0.0,0.0,False,1235.761746755028,1.8459884109797593,1440,2023-12-13,0.07225637777287233,0.3967981419559219,2.657
285,5,177,646.7276640331065,6275.056667411118,5961.3038340405665,5989.223528199267,0.9953383449411689,27.919694158700736,0.10848761982909284,0.21653331203622442,0.9764109955435051,0.0,0.0,0.0,0.0,False,1137.1219117580488,2.503717960724514,1440,2023-05-10,0.07189509588400797,0.3664330117619924,2.688
286,5,163,601.0662154333179,5843.811926312616,5551.621329996988,5570.111264942236,0.9966805088685352,18.489934945246674,0.10826859032794371,0.21253911064131442,0.9862156688167732,0.0,0.0,0.0,0.0,False,1153.8128152673953,1.662381484899149,1440,2023-11-16,0.07153562040458793,0.32002112747471967,2.728
287,5,128,484.94624235597826,4448.380874523963,4225.961830797761,4248.95754531397,0.9945879161486163,22.995714516208057,0.1147540516863665,0.21938926948387202,0.9867365238306762,0.0,0.0,0.0,0.0,False,750.6726137545132,1.9706703450523888,1440,2023-03-10,0.071177942302565,0.29105190758163785,2.779
288,5,253,890.8933847491304,9731.762957927214,9245.174810030883,9264.983656576394,0.9978619663801079,19.8088465455122,0.09636306538871756,0.20004995518695645,0.9668147919001941,0.0,0.0,0.0,0.0,False,1671.254143550038,2.340884855098762,1440,2023-11-12,0.07082205259105216,0.25183671873935204,2.74
289,5,190,17.892139102435724,6979.103542162314,6630.148365054228,6650.837214882404,0.996889286392113,20.688849828175748,0.0026986031257973794,0.18907692723093983,0.9748821940701469,0.0,0.0,0.0,0.0,False,1602.841252314851,2.054698622869409,1440,2023-12-27,0.0704679423280969,0.26300856135938977,2.536
290,5,300,965.289225034333,10632.071625443008,10100.468044170815,10136.347190190543,0.9964603475644116,35.87914601972915,0.09556876184479599,0.20228761750403612,0.9524743520691894,0.0,0.0,0.0,0.0,False,1999.1159781376737,2.8615973406873954,1440,2023-05-01,0.07011560261645643,0.29663285059710953,2.604
291,5,186,721.8936085307689,6411.972036755569,6091.3734349178085,6124.933286867454,0.9945207808186904,33.559851949646045,0.11851081143583007,0.21001224844541078,0.9733170035658284,0.0,0.0,0.0,0.0,False,1208.2961833353202,2.1145609456784347,1440,2023-06-19,0.06976502460337414,0.2943543825112717,2.58
292,5,261,259.1726639091532,9248.99258108889,8786.542952034408,8808.320304987144,0.9975276383920318,21.77735295273526,0.029496545492803308,0.17927170194524222,0.9510011522740522,0.0,3.0555555555555554,67.97052684290043,0.0,False,1819.2277268788744,3.3219994118730396,1550,2023-07-14,0.06941619948035727,0.27503680754930665,2.645
293,5,214,664.5007880652577,7880.702463761623,7486.667340573529,7517.080996238109,0.9959540604019299,30.41365566457994,0.08875788890258779,0.20147834636729506,0.9550143346481841,0.0,0.0,0.0,0.0,False,1510.9351234257865,3.3458920621414787,1440,2023-07-13,0.06906911848295548,0.32824836478284336,2.551
294,5,233,759.3014683785257,8168.871656451296,7760.428073628735,7803.105141867363,0.994530758273441,42.67706823862742,0.09784272995954467,0.19755574990409033,0.9601688404039245,0.0,0.0,0.0,0.0,False,1589.884634388006,3.004520517560941,1440,2023-08-14,0.0687237728905407,0.3218890755227917,2.603
295,5,121,406.00353520753595,4104.540158917256,3899.313150971391,3915.05592059889,0.9959789157685669,15.742769627499209,0.10412180799236218,0.19455123198726879,0.9545186787475695,0.0,0.0,0.0,0.0,False,998.461258162173,3.518444059213233,1440,2023-08-28,0.068380154026088,0.3255535688385963,2.569
296,5,277,840.7886942195877,9637.455584029283,9155.582804827818,9202.237293777893,0.9949300928175782,46.65448895007336,0.0918334432818665,0.2155497917827503,0.951316548936326,0.0,1.0416666666666667,27.480767846173002,0.0,False,1718.9670753946457,3.2351339034312825,1455,2023-07-24,0.06803825325595757,0.33536754130888397,2.55
297,5,146,0.3825560099370139,5342.550186150007,5075.422676842539,5085.8667083172295,0.9979464598516491,10.444031474690846,7.537421694600715e-05,0.18917351434985222,0.9710075947018377,0.0,0.0,0.0,0.0,False,1158.9766009369273,2.78304092298238,1440,2023-10-13,0.06769806198967777,0.2962443981459172,2.599
298,5,293,991.2944680961563,10692.757629443035,10158.119747970859,10221.913298792457,0.9937591379464025,63.793550821598465,0.09758641290817356,0.22236947168156643,0.9645683769693969,0.0,0.0,0.0,0.0,False,1793.4389104865782,2.2719277080936506,1440,2023-12-04,0.06735957167972938,0.32351501825042694,2.842
299,5,157,732.7969601298096,5703.4547890975755,5418.282049642657,5447.283084984139,0.9946760550371567,29.001035341483007,0.13524525918286934,0.21944227361118057,0.9899239318015183,0.0,0.0,0.0,0.0,False,1110.7441548100326,1.5858535229702904,1440,2023-03-02,0.06702277382133073,0.2711819346201852,2.568
300,5,258,946.390296219808,8920.48960748047,8474.465127106512,8523.899681487796,0.9942004767502549,49.43455438128339,0.11167551957853648,0.22561241870359217,0.978461547591742,0.0,0.0,0.0,0.0,False,1503.964492789467,2.0110334084364982,1440,2023-03-06,0.06668765995222407,0.23478318979028162,2.667
301,5,199,649.7653811012987,7086.2827721134945,6731.968633507802,6761.139032032487,0.9956855792512943,29.17039852468655,0.09651937144613934,0.19331407362551198,0.9733233175863295,0.0,0.0,0.0,0.0,False,1117.4637769460678,2.5428988232576883,1440,2023-05-12,0.06635422165246296,0.19080925378787364,2.506
302,5,259,30.025514523618043,8957.931017122242,8510.034466266092,8541.047835099742,0.9963689035078109,31.013368833649608,0.0035282482864951543,0.1903267844631553,0.9673574496288809,0.0,0.0,0.0,0.0,False,1754.699940889838,2.36154162629661,1440,2023-12-28,0.06602245054420065,0.2270207604764481,2.574
303,5,174,679.4785751013823,5844.956840096757,5552.708998091871,5573.277743128359,0.9963093988879616,20.56874503648876,0.12236884290800722,0.21247952234291043,0.9810823306364556,0.0,0.0,0.0,0.0,False,1214.8479153418284,2.0428438529538644,1440,2023-09-11,0.06569233829147963,0.26304566276133456,2.549
304,5,166,404.1809142712822,5882.744747771319,5588.607510382735,5606.788729200987,0.9967572848387238,18.181218818251867,0.07232229379507846,0.17880477094410518,0.9510001416944324,0.0,3.0555555555555554,69.9750514279648,0.0,False,772.1717961467616,3.6965411947250733,1582,2023-05-26,0.06536387660002224,0.24250558513663695,2.529
305,5,231,703.7440549645179,8334.485351145913,7917.761083588599,7955.44588786018,0.9952630179624391,37.68480427157992,0.08888169869424213,0.20533762822367824,0.9563355505890919,0.0,0.0,0.0,0.0,False,1453.1448857001637,3.3685285249999475,1440,2023-07-13,0.06503705721702213,0.3012177375670452,2.55
306,5,120,406.056696196282,4067.592378829906,3864.2127598884085,3880.2952117700834,0.9958553535223578,16.082451881674114,0.10508135069871469,0.20650448538056088,0.9957341414330805,0.0,0.0,0.0,0.0,False,722.1477150324621,1.312068888800387,1440,2023-11-26,0.06471187193093703,0.28954829208512706,2.512
307,5,171,451.9669886710575,6485.840104865966,6161.5480996226415,6184.873584628992,0.9962286238049682,23.3254850063506,0.07335282973750344,0.20749253543811008,0.9841504567545943,0.0,0.0,0.0,0.0,False,1198.6893113869755,1.7731147391844826,1440,2023-11-19,0.06438831257128233,0.2773204256854228,2.535
308,5,242,237.4435416670388,8485.4389221551,8061.166976047347,8097.7484404731695,0.9954825140970068,36.581464425823526,0.029455231776313498,0.19468926486038488,0.9748429416234997,0.0,0.0,0.0,0.0,False,1619.1008463297885,2.253212868511895,1440,2023-01-11,0.06406637100842592,0.2649897956671456,2.54
309,5,284,835.2920608963589,10142.143701760857,9635.036516672837,9678.6019841187,0.995498785101676,43.565467445864485,0.0866931909859332,0.1920380228730528,0.9510006717039604,0.0,5.208333333333333,147.28928905134302,0.0,False,1996.560111625312,3.544055634320717,1609,2023-08-09,0.0637460391533838,0.28355802368050004,2.707
310,5,204,793.5407188016428,6980.129301458208,6631.122836385259,6680.775218185916,0.9925678712156791,49.652381800657366,0.11966913272175422,0.22147331170910378,0.9820115133899046,0.0,0.0,0.0,0.0,False,1172.1485905520249,1.676307584158603,1440,2023-11-30,0.06342730895761688,0.3046434373196616,2.656
311,5,294,1354.8808086351908,10269.726177760482,9756.239868872475,9826.869548252187,0.9928125962156205,70.62967937971125,0.13887325720208782,0.23384952144631263,0.9709927755635088,0.0,0.0,0.0,0.0,False,1616.0629771679435,2.300752346602704,1440,2023-02-21,0.06311017241282879,0.25568046720622334,2.706
312,5,172,537.3006599248955,5688.721011170927,5404.284960612359,5430.865614103635,0.995105632254599,26.580653491276813,0.09942123034607968,0.19126591405869417,0.9632366558982678,0.0,0.0,0.0,0.0,False,1273.7156172039495,3.1312889989210206,1440,2023-07-06,0.06279462155076464,0.18758995362129774,2.66
313,5,130,551.27919530589,4903.2086745167,4658.048240790831,4676.501048114351,0.9960541423740383,18.452807323519156,0.1183498252504777,0.19207134156327804,1.0002660034359936,0.0,0.0,0.0,0.0,False,742.8525229139557,1.2557726670507474,1440,2023-03-15,0.06248064844301082,0.22723818330318313,2.625
314,5,243,1019.5649007557179,9019.48449081832,8568.51026627747,8611.296773706872,0.9950313514266464,42.78650742940026,0.11898975073512526,0.22288547284384264,0.9783742317781198,0.0,0.0,0.0,0.0,False,1541.40694041741,2.0855136666785783,1440,2023-11-30,0.062168245200795766,0.257581259460443,2.705
315,5,157,720.3383679247466,5716.313946476606,5430.498249152768,5449.240797471639,0.9965605211780021,18.74254831886985,0.13264682813167822,0.20707619702717422,0.9945675155403354,0.0,0.0,0.0,0.0,False,1004.9099208308635,1.400623129681649,1440,2023-01-26,0.06185740397479179,0.21292035792681674,2.501
316,5,296,832.278061316346,10246.119815951093,9733.813825153535,9793.03014462594,0.9939532178908995,59.216319472403875,0.08550379905208616,0.21808578402329887,0.9608525026718288,0.0,0.0,0.0,0.0,False,1846.94438063108,2.6345440843051664,1440,2023-09-30,0.06154811695491783,0.21161823364522747,2.618
317,5,221,589.05951825055,7278.522284628929,6914.59617039747,6967.99933976373,0.9923359393762413,53.403169366260315,0.08519073330303963,0.21643781251996566,0.971050979975753,0.0,0.0,0.0,0.0,False,1433.4757070091746,2.37116799129582,1440,2023-09-30,0.06124037637014324,0.1854511536273169,2.552
318,5,294,1138.3361668064817,10635.70565423561,10103.920371523807,10157.610784560442,0.994714267540331,53.69041303663474,0.11266282046468715,0.22828853298126334,0.9780889164728458,0.0,0.0,0.0,0.0,False,1716.439747880555,2.18940670766588,1440,2023-03-09,0.060934174488292525,0.16732113629432324,2.589
319,5,259,302.6526415855499,9688.414654301678,9203.993921586658,9245.980316211031,0.9954589569533522,41.986394624375606,0.03288275113651707,0.20465732938416537,0.9695944761649973,0.0,0.0,0.0,0.0,False,1644.0720321234653,2.290357384366289,1440,2023-01-14,0.060629503615851066,0.12533111076401027,2.479
320,5,244,920.9175771379295,8370.259592069771,7951.746612466275,7997.061953908804,0.9943335012653767,45.31534144252903,0.11581324481519188,0.2170947227127318,0.9867081606203337,0.0,0.0,0.0,0.0,False,1446.2632873892587,1.958023376824437,1440,2023-03-15,0.06032635609777181,0.14349487178416714,2.567
321,5,131,468.3450808108984,4568.372317848989,4339.9537019565605,4354.6659838724545,0.9966214901509367,14.712281915894375,0.10791476429800545,0.19355301351495627,0.9993491547277965,0.0,0.0,0.0,0.0,False,857.3772934624985,1.2831968813175294,1440,2023-02-18,0.060024724317282944,0.12980887914180986,2.578
322,5,271,1029.5464312851284,9670.726685920228,9187.190351624296,9221.02050888784,0.9963311916255977,33.83015726354101,0.1120632524069891,0.21666784570546047,0.9755184230689525,0.0,0.0,0.0,0.0,False,1508.2340490090296,2.042618383606601,1440,2023-10-26,0.05972460069569653,0.17097419458728244,2.507
323,5,153,389.2416095811253,5032.674565693424,4781.040837408731,4789.776507061798,0.998176184287474,8.735669653067282,0.08141357139967241,0.19078083506059446,0.9510331626517358,0.0,0.06944444444444445,0.14505212181011676,0.0,False,923.0488312785117,3.119423014856431,1442,2023-10-07,0.05942597769221805,0.1522204238392782,2.513
324,5,135,111.03120745816186,5209.987673666935,4949.488289983577,4965.74323144837,0.9967265843787794,16.254941464794808,0.022432865975834097,0.1907826482300496,0.9920735624035257,0.0,0.0,0.0,0.0,False,905.1609012307686,1.4687268923517613,1440,2023-12-20,0.059128847803756955,0.1946297889065503,2.541
325,5,202,605.265767400948,7315.473135773746,6949.699478985041,6998.461020478255,0.9930325336741133,48.76154149321416,0.0870923655377028,0.2197161394422632,0.9612803338270044,0.0,0.0,0.0,0.0,False,1230.619656570246,3.267365419168736,1440,2023-08-09,0.058833203564738173,0.22901415957606425,2.523
326,5,139,563.6941914452727,5448.545643569559,5176.118361391077,5198.683304065749,0.9956594888830745,22.564942674672043,0.10890287897005903,0.21486780539518954,0.9883299042268583,0.0,0.0,0.0,0.0,False,1023.4298654713123,1.5479285492667951,1440,2023-11-16,0.05853903754691448,0.19188216847269224,2.541
327,5,241,640.4589136835754,8408.341200334677,7987.924140317969,8015.260838820175,0.9965894187286075,27.336698502206136,0.0801783920869936,0.2128069941064772,0.9633269059353936,0.0,0.0,0.0,0.0,False,1274.1840361254037,2.970235655041974,1440,2023-05-23,0.05824634235917991,0.17209952022379724,2.613
328,5,297,550.9525699577864,10456.329721239445,9933.513235177514,10006.239251153413,0.9927319331318691,72.72601597590007,0.05546401931662004,0.21740251885655867,0.9514162499404462,0.0,0.0,0.0,0.0,False,1305.5958922972754,3.6092173423781833,1440,2023-08-07,0.057955110647384005,0.1601668367545246,2.535
329,5,283,917.7413586870582,10009.179296074548,9508.72033127082,9564.900825458797,0.9941263903083615,56.180494187978205,0.09651575887335032,0.2247362436357404,0.9756700974708337,0.0,0.0,0.0,0.0,False,1551.4580602230212,2.1035637955006385,1440,2023-12-11,0.05766533509414709,0.13964040958609925,2.569
330,5,287,670.3906138214501,9860.173726763276,9367.16504042513,9445.932780010517,0.9916612004955112,78.76773958538496,0.07156814371565981,0.21753916204781615,0.9627658924351749,0.0,0.0,0.0,0.0,False,1751.085844946049,2.8718059070583752,1440,2023-08-12,0.05737700841867635,0.10584826115537216,2.693
331,5,276,1338.916870323076,9914.375454950896,9418.656682203338,9469.982485897417,0.9945801585408935,51.32580369408068,0.14215582067589055,0.2181674548364026,0.9695324770601956,0.0,0.0,0.0,0.0,False,1867.271621882781,2.3978636250151757,1440,2023-02-22,0.05709012337658297,0.09377116380183304,2.675
332,5,164,569.1106489357674,5870.185301130802,5576.676036074243,5593.026201996834,0.997076687050607,16.35016592259001,0.10205194729877093,0.21472062531029096,0.9753775090144299,0.0,0.0,0.0,0.0,False,958.9142269158366,2.5694141499560215,1440,2023-10-01,0.05680467275970005,0.08181886904229146,2.69
333,5,263,561.2616076783585,9660.052169235149,9177.049560773332,9203.989349955209,0.9970730312522571,26.93978918187716,0.06115926518229047,0.21002817828189418,0.9712993725348484,0.0,0.0,0.0,0.0,False,1278.0169077918565,2.4986025884077723,1440,2023-01-01,0.056520649395901554,0.07910402692658922,2.617
334,5,165,535.0631703717339,6093.783775825347,5789.094587034058,5822.270200633238,0.9943019453828214,33.17561359917986,0.09242605425209752,0.20516065373585884,0.985612256515727,0.0,0.0,0.0,0.0,False,999.443087210977,2.0482566839963705,1440,2023-09-28,0.05623804614892205,0.08675412778240563,2.58
335,5,129,159.32378051202457,4711.942408231587,4476.345287819995,4497.827309842776,0.9952239113369757,21.482022022780974,0.03559237955694346,0.20943324466947777,0.9954635755154329,0.0,0.0,0.0,0.0,False,809.8726543410917,1.536219188817036,1440,2023-10-10,0.05595685591817744,0.10332472978154358,2.721
336,5,259,1233.1456745056646,9551.980506543912,9074.381481216755,9128.487582112099,0.9940728296545674,54.106100895344014,0.135893082857292,0.2258431711770652,0.9829298184524788,0.0,0.0,0.0,0.0,False,1539.1222095844196,2.022556783476299,1440,2023-03-02,0.05567707163858655,0.10670984909341842,2.766
337,5,296,601.6103193469003,10987.140371404952,10437.78335283463,10487.621782870363,0.995247880685673,49.83843003573371,0.0576377473080545,0.21014939242680322,0.9510597020621101,0.0,0.06944444444444445,0.38087067500096455,0.0,False,1372.3454558465237,3.551332199491188,1442,2023-08-07,0.05539868628039362,0.07202394766737269,2.603
338,5,266,796.784503742447,10069.243050745668,9565.78089820845,9614.83154956196,0.9948984388233254,49.05065135350927,0.08329529101922821,0.22159757997859045,0.9510024109893253,0.0,2.013888888888889,37.06822433007507,0.0,False,1608.4051455403264,3.5586976401658674,1483,2023-10-07,0.05512169284899165,0.07829407015577228,2.58
339,5,231,752.3698808788256,8499.367732909934,8074.399346264452,8132.998688860233,0.992794866341729,58.59934259578063,0.09317967177668797,0.2196523872068845,0.9729432879437135,0.0,0.0,0.0,0.0,False,1190.704472405223,2.601169314519989,1440,2023-05-06,0.05484608438474669,0.057044276533630534,2.517
340,5,293,296.7940606547171,10301.03393621043,9785.982239399898,9834.390798773995,0.9950776250034592,48.40855937409634,0.030328489608307044,0.19586191314871074,0.9605596029950757,0.0,0.0,0.0,0.0,False,1856.4643526661325,2.3879540713068863,1440,2023-11-05,0.05457185396282296,0.04334124637332604,2.694
341,5,135,743.382687950261,5074.694621082029,4820.959890027886,4828.896243953792,0.9983564869641085,7.936353925904867,0.1541980653039536,0.17266832240494515,0.9827320376794899,0.0,0.0,0.0,0.0,False,1180.3922323185307,1.6749870971176581,1440,2023-01-19,0.05429899469300884,0.0849247695156291,2.647
342,5,139,150.283800644015,5057.641850427211,4804.7597579058565,4822.300302421338,0.996362618788657,17.540544515481347,0.03127810925337833,0.18466016828272266,0.9884152713761234,0.0,0.0,0.0,0.0,False,798.31260150671,1.8594925166970597,1440,2023-05-20,0.05402749971954379,0.17058407154550864,2.513
343,5,166,370.4338126152966,5911.365290170552,5615.797025662025,5628.057471396487,0.9978215493006648,12.26044573446213,0.06596282075768711,0.19474734712101965,0.9546331089548642,0.0,0.0,0.0,0.0,False,904.1969777463989,3.391223981628713,1440,2023-05-29,0.053757362220946084,0.2134964438241656,2.598
344,5,132,622.1059977116306,5145.860815725793,4888.567774939515,4908.375488761616,0.995964507224956,19.80771382210036,0.12725731264293,0.2002042451472975,0.9689898520837451,0.0,0.0,0.0,0.0,False,922.9959974472549,2.8565400578359816,1440,2023-06-21,0.053488575409841345,0.2258971808467868,2.61
345,5,232,265.4654158742638,8195.105510496938,7785.350234972068,7816.962132109985,0.9959559869161879,31.611897137917126,0.0340980698185913,0.1986643579772199,0.9750412422466637,0.0,0.0,0.0,0.0,False,1644.5637569136074,2.3645667004058937,1440,2023-12-10,0.05322113253279214,0.22380238254970758,2.542
346,5,127,128.12564775014843,4545.44604647231,4318.1737441487,4324.838211166242,0.9984590251259955,6.664467017541768,0.029671258115485478,0.17956745220436307,0.9963564042675075,0.0,0.0,0.0,0.0,False,893.1876794360971,1.4984858032886519,1440,2023-10-21,0.05295502687012817,0.22558107778735398,2.469
347,5,189,417.0378971104706,6366.664063686083,6048.330860501765,6075.520588140185,0.995524708172087,27.189727638419683,0.0689509067425378,0.19586804811295697,0.9813198997677355,0.0,0.0,0.0,0.0,False,1405.3767382074932,1.863277865263164,1440,2023-03-31,0.05269025173577754,0.27003885406753797,2.491
348,5,212,1015.3074091647205,8097.658696520397,7692.7757616943745,7722.072779649752,0.9962060681385204,29.29701795537745,0.1319819322201449,0.21401304312110261,0.971884357690732,0.0,0.0,0.0,0.0,False,1540.0737587677809,2.44843574081689,1440,2023-01-17,0.05242680047709865,0.2699503616871307,2.522
349,5,200,308.0247791458465,6815.691718123169,6474.907132217015,6499.546108986295,0.9962091234747587,24.63897676927866,0.04757207676589154,0.21304042756059793,0.9840094813366979,0.0,0.0,0.0,0.0,False,1369.8341056141498,1.9172223445570988,1440,2023-10-19,0.05216466647471316,0.22925992660882943,2.515
350,5,227,725.2657826613708,7629.322089115903,7247.855984660115,7296.79325129017,0.9932933187299225,48.93726663005411,0.10006625189523298,0.2228623653086256,0.9646508289749389,0.0,0.0,0.0,0.0,False,1399.5270845537184,3.0412055458827725,1440,2023-08-14,0.0519038431423396,0.19819531140126875,2.658
351,5,265,1203.8256251835885,9339.573614219806,8872.594933508806,8913.840829008854,0.9953728256661463,41.2458955000478,0.13567909210383808,0.22396258575317582,0.9763440671151926,0.0,0.0,0.0,0.0,False,1800.155758868119,2.215066224251611,1440,2023-01-21,0.0516443239266279,0.15059223792412804,2.497
352,5,280,772.1965960105348,10139.648187563951,9632.665778185794,9673.98535729789,0.9957287945364808,41.3195791120957,0.08016437129576912,0.21942143064565095,0.9629739858268496,0.0,0.0,0.0,0.0,False,1575.45869653964,2.997015689277809,1440,2023-10-04,0.05138610230699475,0.10889116487674623,2.567
353,5,269,1211.697379148257,9573.754122184244,9095.06641607505,9146.732324177874,0.9943514354338047,51.66590810282505,0.13322578678553088,0.22458025781159188,0.9691823519703627,0.0,0.0,0.0,0.0,False,1556.8844505132893,2.5330675728372243,1440,2023-01-02,0.05112917179545978,0.08454977614311296,2.503
354,5,256,1268.2762371558172,8507.565470944464,8082.187197397224,8139.295795231868,0.9929835947394737,57.10859783464421,0.15692240307973207,0.2336728969339214,0.9892024993930582,0.0,0.0,0.0,0.0,False,1071.6694919531105,1.9246001440724856,1440,2023-02-05,0.05087352593648248,0.05249823250055666,2.571
355,5,218,145.33902778102478,7780.8335339450805,7391.791857247848,7414.362244994634,0.9969558558105219,22.57038774678614,0.019662218659270824,0.20743755386712415,0.9598632621028415,0.0,0.0,0.0,0.0,False,1561.8667507267633,3.1816654558294872,1440,2023-08-02,0.05061915830680006,0.005169546670690639,2.697
356,5,227,768.4139526866333,8429.895670738737,8008.400887201809,8042.056371742733,0.9958150648310327,33.65548454092353,0.095950984910687,0.20466388813571273,0.9632009689424015,0.0,0.0,0.0,0.0,False,1536.7288854889962,3.1227577057548377,1440,2023-08-04,0.05036606251526607,0.024652475060395557,2.709
357,5,263,278.52450742324527,9773.041967826022,9284.38986943473,9333.12396906639,0.9947783721942209,48.73409963166074,0.029999225726203043,0.21022630818175636,0.9685623609280068,0.0,0.0,0.0,0.0,False,1699.5829686168702,2.2119850433892627,1440,2023-11-05,0.050114232202689735,0.04610768797447898,2.903
358,5,204,655.4576166980073,7275.491410801197,6911.716840261108,6956.548321347029,0.9935554992195842,44.831481085920416,0.09483282256008128,0.2071637005089426,0.9520723823276945,0.0,0.0,0.0,0.0,False,997.3943518318545,3.496809274851456,1440,2023-05-17,0.05,0.050523218795361896,2.537
359,5,193,829.0262462417619,6802.200150789436,6462.090143249954,6496.893347924899,0.9946431005080203,34.803204674945974,0.12829072759186597,0.21645342696374678,0.991640539191172,0.0,0.0,0.0,0.0,False,1050.8731315186496,1.5348459590484251,1440,2023-01-30,0.05,0.06043519530681142,2.521
360,5,269,1146.100094445178,9904.373244978828,9409.154582729894,9438.786475019191,0.9968606247881843,29.631892289299852,0.12180691520881125,0.21968994019047483,0.97304052575943,0.0,0.0,0.0,0.0,False,1509.6485587523898,2.269968454659222,1440,2023-04-03,0.05,0.04710470696721447,2.654
361,5,296,1431.1598825441781,10518.269306388967,9992.355841069628,10050.05806940664,0.9942585179171588,57.70222833700891,0.14322547208156472,0.21492334720627504,0.980883317925357,0.0,0.0,0.0,0.0,False,1609.331170193655,2.0674454593772675,1440,2023-01-27,0.05,0.02833549018721146,2.533
362,5,188,750.9520171215605,7257.619710962988,6894.738725414814,6929.641801728358,0.994963220710075,34.90307631354261,0.10891667502257388,0.20391743206583388,0.9920597367995879,0.0,0.0,0.0,0.0,False,1144.1210933700333,1.5306843073527554,1440,2023-02-18,0.05,0.02306045396813483,2.54
363,5,229,9.00383435659232,8251.861900420594,7839.268805399596,7871.219508560294,0.9959408191925088,31.950703160698705,0.0011485553793474442,0.20494975401496854,0.963701637226014,0.0,0.0,0.0,0.0,False,1575.6508793292066,2.797525863400885,1440,2023-10-13,0.05,0.04285756669855241,2.443
364,5,128,620.879153166764,4847.77827456069,4605.38936083264,4626.883421623928,0.9953545272632469,21.494060791289265,0.13481577875850023,0.21070763893440614,1.0010988410670025,0.0,0.0,0.0,0.0,False,726.0957766330632,1.2098335157176745,1440,2023-02-26,0.05,0.056176660894041774,2.503
365,5,295,1509.8121574612724,10600.20560502813,10070.195324776732,10134.183886004177,0.9936858693361765,63.9885612274452,0.14992878576511093,0.22353826725509604,0.9722807471394145,0.0,0.0,0.0,0.0,False,1671.8820818407871,2.0756359905084047,1440,2023-01-20,0.05,0.053629207480950236,2.557
366,5,266,263.07844443377127,9616.400751810941,9135.58071422041,9176.297363198872,0.9955628455174357,40.71664897846166,0.028797123320717242,0.21344168247927814,0.9697160657748759,0.0,0.0,0.0,0.0,False,1892.603877127586,2.495037046685209,1440,2023-01-11,0.05,0.02218694908220442,2.829
367,5,127,534.6126569384136,4598.825533492954,4368.884256818332,4385.291321910931,0.9962586145621336,16.40706509260032,0.12236823534614504,0.2012352963197723,1.0015945899246779,0.0,0.0,0.0,0.0,False,714.9541133007821,1.2235310748849382,1440,2023-03-20,0.05,0.018573544746043252,2.686
368,5,188,817.3356710348213,6668.574660181511,6335.145927172448,6370.044157116058,0.9945215089436037,34.89822994361067,0.12901607641414203,0.21684189882116062,0.9812417196968717,0.0,0.0,0.0,0.0,False,1090.8124141601133,1.9862025594481147,1440,2023-09-11,0.05,0.042475106012038535,2.811
369,5,279,1087.7398059572279,10018.193524284694,9517.283848070494,9560.903063183505,0.9954377515570703,43.61921511301115,0.11429099135020052,0.21715175168090936,0.978054457749219,0.0,0.0,0.0,0.0,False,1464.792085084985,2.179238078259103,1440,2023-10-22,0.05,0.026419734580722443,2.602
370,5,234,222.73969738760448,7987.033549922331,7587.681872426208,7626.213569409778,0.9949474668349012,38.53169698356929,0.029355434391239454,0.20163930856625203,0.9878741670791994,0.0,0.0,0.0,0.0,False,1312.924439831062,1.8101920123332533,1440,2023-11-03,0.05,0.01203617356017686,2.62
371,5,221,695.232030888712,7665.041375712536,7281.789306926912,7308.749317265565,0.9963112689779954,26.96001033865403,0.09547543901433155,0.1973752210498005,0.95656591894483,0.0,0.0,0.0,0.0,False,1359.1378313699688,3.050791842744125,1440,2023-06-25,0.05,0.03457473416767391,2.598
372,5,141,107.51341393294712,5085.212152375755,4830.951544756948,4843.95196076676,0.997316155049615,13.000416009811628,0.02225512157115959,0.17104844168087074,0.9894075635901625,0.0,0.0,0.0,0.0,False,969.409138751595,1.5352887888016973,1440,2023-12-20,0.05,0.06211781413737491,2.676
373,5,249,957.6939646967227,9045.567428383769,8593.28905696459,8622.316302927415,0.9966334747018073,29.027245962825987,0.11144672992473609,0.21906407264088792,0.9786611142537255,0.0,0.0,0.0,0.0,False,1630.4074138536203,2.1326287917163165,1440,2023-03-09,0.05,0.14351877064073765,2.737
374,5,233,680.7842740652524,8622.310173551403,8191.194664873852,8210.721848321686,0.9976217458332455,19.527183447833238,0.08311171958647826,0.18815751002310316,0.9539615997693115,0.0,0.0,0.0,0.0,False,1515.616263120733,3.49987772415963,1440,2023-06-01,0.05,0.10205194409934563,2.643
375,5,154,424.8417391958949,5232.33058983805,4970.714060346132,4980.644789925599,0.99800613575183,9.930729579467096,0.08546895557422414,0.18903704061470375,0.9718692428576928,0.0,0.0,0.0,0.0,False,1127.0681407211707,2.555548292686542,1440,2023-10-05,0.05,0.13746504512420335,2.505
376,5,206,526.0470197525243,7206.353076785502,6846.0354229462555,6871.9996092401125,0.9962217421754586,25.96418629385689,0.07683965788277138,0.19188251253011293,0.9818671688040769,0.0,0.0,0.0,0.0,False,1476.7040546165913,1.893294838337122,1440,2023-04-09,0.05,0.16440870661183304,2.556
377,5,219,496.21519287200806,7648.503705525714,7266.0785202494535,7301.002430809078,0.9952165595217102,34.92391055962385,0.0682920218229313,0.20532955823351406,0.9816510493055677,0.0,0.0,0.0,0.0,False,1499.4956347153275,1.8638906110068811,1440,2023-10-17,0.05,0.18010947196153093,2.604
378,5,221,783.0664557347231,8057.790792656026,7654.901253023232,7689.86824934391,0.9954528484511213,34.96699632067856,0.10229608846037802,0.20395606695429017,0.9830464416990565,0.0,0.0,0.0,0.0,False,1272.2550052916847,1.860958218464293,1440,2023-09-22,0.05,0.16282010578213107,2.694
379,5,172,303.1468965299172,6443.18877488757,6121.02933614322,6134.632170365097,0.9977826161627766,13.602834221877675,0.04952547682460972,0.18655987228502355,0.9758511842142007,0.0,0.0,0.0,0.0,False,1269.7730087738755,1.8531781994401475,1440,2023-10-20,0.05,0.15181249030518926,2.509
380,5,212,707.615501867699,7593.6551119490005,7213.972356351547,7244.927955115007,0.9957272730722457,30.955598763458497,0.09808957768526495,0.21106015008567916,0.9510068300157821,0.0,0.625,8.83668029866088,0.0,False,1269.6546477932409,3.8482395261712843,1462,2023-08-27,0.05,0.18195003258177117,2.488
381,5,139,454.45982776229494,4836.532109468121,4594.7055039947345,4613.699119087394,0.9958832133170364,18.993615092659926,0.09890945728016255,0.19232284790993429,0.9953596480906961,0.0,0.0,0.0,0.0,False,968.1306184721752,1.3257594841237987,1440,2023-11-17,0.05,0.1516064477373104,2.444
382,5,225,813.6464632084746,7805.834596538763,7415.542866711798,7444.348424926451,0.9961305467489671,28.805558214653608,0.10972176654266473,0.20416894564478696,0.9858202244362865,0.0,0.0,0.0,0.0,False,1427.9710985203458,1.8351403552003667,1440,2023-04-15,0.05,0.16893750225288381,2.442
383,5,120,521.7462895928395,4208.92091970353,3998.47487371834,4014.7847280210076,0.9959375519716328,16.30985430266742,0.13048632442890581,0.200032599443125,0.9872975753558278,0.0,0.0,0.0,0.0,False,796.232519784869,1.7623904551033895,1440,2023-01-02,0.05,0.1565324835664273,2.431
384,5,124,88.12596492668426,4638.573682640663,4406.644998508628,4432.159805109566,0.9942432566236616,25.51480660093831,0.019998426230501742,0.22127080956459227,0.9662445362718431,0.0,0.0,0.0,0.0,False,808.1001872494874,2.988579379041591,1440,2023-09-18,0.05,0.15570680028876216,2.453
385,5,284,681.0146419178313,10252.34084790098,9739.723805505937,9784.099742422131,0.9954644844099669,44.37593691619361,0.06992135049382497,0.2075061754488303,0.9701458911776415,0.0,0.0,0.0,0.0,False,1866.2215096572424,2.291271189121401,1440,2023-10-17,0.05,0.10725865092117243,2.709
386,5,269,922.1544453484045,10079.16688348933,9575.208539314797,9618.89212928664,0.9954585632747831,43.683589971842224,0.09630646074831013,0.20883238855131778,0.9762915650577949,0.0,0.0,0.0,0.0,False,1366.2941788812632,1.9327615231097404,1440,2023-04-30,0.05,0.09840701770933549,2.675
387,5,241,12.859559507447536,8688.89158152259,8254.44700244645,8306.714342409017,0.9937078202273404,52.26733996256894,0.0015578947328193185,0.21629753285543596,0.9568385425626788,0.0,0.0,0.0,0.0,False,1795.702426618479,2.934813532506971,1440,2023-10-13,0.05,0.08796642288682759,2.654
388,5,206,585.537275572089,7144.330143475169,6787.1136363013775,6800.677887086878,0.9980054560720694,13.564250785500684,0.08627191276720339,0.18098915672633334,0.9510054889089448,0.0,0.2777777777777778,1.6906988441573447,0.0,False,1199.8913777759642,3.4509087512817094,1448,2023-06-11,0.05,0.06237575291698946,2.586
389,5,157,682.1567129815498,5462.931428950163,5189.784857502664,5208.095693335823,0.9964841591031844,18.31083583315813,0.13144219494867562,0.19397724200995356,0.9848461632586808,0.0,0.0,0.0,0.0,False,1172.4795662901051,1.9577123100464782,1440,2023-01-17,0.05,0.12053218658882806,2.785
390,5,197,459.615069127313,6947.271049590462,6599.90749711092,6624.069943379178,0.9963523262171456,24.162446268258,0.06963962287782176,0.20173870712911224,0.9705498838140005,0.0,0.0,0.0,0.0,False,1250.1105545832477,2.743568923213501,1440,2023-07-31,0.05,0.13878468380183678,2.727
391,5,166,631.63827977488,5797.672372814243,5507.788754173521,5535.734755347838,0.9949517087777157,27.9460011743168,0.11468091968782512,0.2019740101194419,0.9926586470261883,0.0,0.0,0.0,0.0,False,1104.6126173386856,1.477323819142344,1440,2023-10-25,0.05,0.13622452295363904,2.657
392,5,154,506.94175712326296,5798.253789348141,5508.341099880712,5519.647359414634,0.9979516337190206,11.306259533922155,0.09203165670590756,0.1955082568260216,0.9654766060287704,0.0,0.0,0.0,0.0,False,1118.7445389583631,3.002958151439143,1440,2023-06-12,0.05,0.13356002719038348,2.648
393,5,204,767.0353443686477,7007.115260987799,6656.75949793837,6670.693955852863,0.9979110932075865,13.93445791449249,0.11522653696685334,0.18677418052566103,0.983691844227802,0.0,0.0,0.0,0.0,False,1270.8807635399671,1.9652465816221523,1440,2023-10-11,0.05,0.14587767498400261,2.632
394,5,215,546.1894200239395,7583.009289361702,7203.858824893627,7217.935435048492,0.9980497733345587,14.07661015486499,0.07581900663246335,0.18907561451014282,0.9510011955741309,0.0,2.0833333333333335,96.97015116125635,0.0,False,1360.7499814740167,4.036520117192702,1547,2023-07-17,0.05,0.17560805205340815,2.604
395,5,268,857.1452162361213,9762.173510802948,9274.06483526274,9307.794405548128,0.9963762016203019,33.72957028538606,0.09242389733755166,0.2113782453382768,0.9669542763132942,0.0,0.0,0.0,0.0,False,1623.0352870212523,2.6301770073887223,1440,2023-10-08,0.05,0.1948754182175655,2.522
396,5,216,787.983728871341,7783.570817618059,7394.3922767371605,7417.109374417413,0.9969372033586822,22.71709768025307,0.10656504272167795,0.20454232413737602,0.9518240884811059,0.0,0.0,0.0,0.0,False,1370.606565824286,3.5843129696847575,1440,2023-08-28,0.05,0.1606546110600828,2.447
397,5,141,574.368594316845,5044.348264849704,4792.130851607219,4818.952237438947,0.9944341872444076,26.821385831729717,0.11985661746365069,0.21332264650365373,0.9975534086148253,0.0,0.0,0.0,0.0,False,902.8261585284531,1.4214692341753952,1440,2023-04-07,0.05,0.14808987576920954,2.557
398,5,141,314.6390404192617,4989.768613925483,4740.280183229175,4757.19174239259,0.996445054124535,16.911559163412594,0.0663756209036832,0.20250835727338143,0.9955415054496889,0.0,0.0,0.0,0.0,False,916.6516244028836,1.3247461013990047,1440,2023-11-09,0.05,0.11805524600551728,2.545
399,5,295,889.9095279149853,10890.22463584473,10345.713404052523,10380.801781292923,0.9966198779266133,35.08837724039974,0.08601722212471095,0.2117307200875865,0.9707618399521679,0.0,0.0,0.0,0.0,False,1796.4591995407216,2.5055688525083437,1440,2023-11-07,0.05,0.11769356063749345,2.516
400,5,146,334.61540622862316,5137.224050340468,4880.362847823462,4891.820726441787,0.9976577476446773,11.45787861832549,0.0685636327999371,0.1859177238356462,0.9578501678258762,0.0,0.0,0.0,0.0,False,966.5693241362209,3.2458729480260056,1440,2023-08-08,0.05,0.0965284781474439,2.609
401,5,290,1261.4972889030876,10727.248920223095,10190.886474211955,10231.675076688618,0.996013497089094,40.78860247666204,0.12378680619152292,0.22417563982643507,0.9697063069496046,0.0,0.0,0.0,0.0,False,1606.50474734509,2.6106845521909836,1440,2023-04-03,0.05,0.13708911771789065,2.606
402,5,235,890.6149708394927,8737.024567973442,8300.173339574765,8358.320759854088,0.99304316956121,58.14742027932106,0.10730076763494685,0.2261910651600121,0.9510061229040984,0.0,0.3472222222222222,1.6340328808082827,0.0,False,1494.7309223080438,3.247623767891124,1450,2023-06-22,0.05,0.08416143220319075,2.622
403,5,164,792.1105120503204,5918.936823175489,5622.989982016703,5649.7121257903655,0.9952701760410626,26.722143773662058,0.14086998457824523,0.21233843268456765,0.9867121003134416,0.0,0.0,0.0,0.0,False,1108.0778531156861,1.7542489546771853,1440,2023-02-22,0.05,0.036075794799560745,2.549
404,5,197,1006.2661663847066,7051.824586756377,6699.233357418565,6748.29227282299,0.9927301732911011,49.05891540442542,0.15020616728784233,0.23023953506944672,0.9934986981497234,0.0,0.0,0.0,0.0,False,1098.369904580702,1.4728395411842667,1440,2023-01-20,0.05,0.027466154688406186,2.545
405,5,235,1073.4841711519887,8243.854899798731,7831.66215480881,7871.193881132741,0.9949776708691309,39.53172632393239,0.1370697752191527,0.2244748108509193,0.9747638814979247,0.0,0.0,0.0,0.0,False,1605.460175301678,2.016529076765824,1440,2023-01-21,0.05,-0.020315959400723768,2.595
406,5,228,795.5284864208376,8069.891841722225,7666.39724963608,7697.147401585481,0.9960049937535214,30.750151949401104,0.10376823174126554,0.2103975878883042,0.951212242079586,0.0,0.0,0.0,0.0,False,1131.853516397,3.566168291617875,1440,2023-06-26,0.05,-0.047082997933813375,2.581
407,5,185,553.7275303735095,6417.0915683211815,6096.236989905096,6117.965726090281,0.9964483723580664,21.72873618518512,0.09083103745645717,0.20611192433783154,0.9625045227463859,0.0,0.0,0.0,0.0,False,926.7226452015329,3.1883238180659372,1440,2023-07-24,0.05,-0.03804661763694707,2.516
408,5,190,634.105995971317,6908.620686883418,6563.189652539226,6584.732571968205,0.9967283531725055,21.54291942897911,0.09661552225997133,0.19853867626859076,0.951098153184179,0.0,0.2777777777777778,2.6630805704043254,0.0,False,1283.282615712673,3.581356378938251,1448,2023-08-27,0.05,-0.02169464980530575,2.531
409,5,246,289.2573691089094,7954.578499656394,7556.8495746736035,7612.079445385252,0.9927444437347365,55.22987071164779,0.03827750787554919,0.18223529796926358,0.951000841455822,0.0,0.6944444444444444,9.440904541911793,0.0,False,1560.5858492727864,3.6653335398958204,1460,2023-05-28,0.05,0.00812113639890752,2.596
410,5,234,102.20596670725325,8372.47629630503,7953.852481489883,7982.413730918721,0.9964219783148786,28.561249428837506,0.012849869537448154,0.2056451155150542,0.9704381350140183,0.0,0.0,0.0,0.0,False,1691.3002195521685,2.499231133356401,1440,2023-11-13,0.05,0.06872943272233474,2.798
411,5,135,572.4755501040243,5199.6941596999795,4939.709451714982,4967.152896097502,0.9944750151733639,27.44344438252075,0.1158925551593466,0.21013508487850394,0.997093258255543,0.0,0.0,0.0,0.0,False,796.3658678531647,1.4761237871690702,1440,2023-10-22,0.05,0.06543221540458442,2.623
412,5,250,836.7570897982738,9487.679504496591,9013.295529271762,9044.886495474335,0.9965073120355484,31.590966202573327,0.09283586531483456,0.2092415749386987,0.9752814525640868,0.0,0.0,0.0,0.0,False,1625.0478873038664,2.168780676878967,1440,2023-04-23,0.05,0.052409754706869566,2.741
413,5,205,328.15710438238693,6855.968866664131,6513.170423330936,6522.109491753441,0.9986294206753493,8.939068422505262,0.05038362011945671,0.169560353333048,0.982155074507229,0.0,0.0,0.0,0.0,False,1419.7978028449043,1.8637229715818828,1440,2023-12-19,0.05,0.04349542926933429,2.671
414,5,273,698.9188139817039,9701.326529363216,9216.260202895031,9225.637885572189,0.9989835193193717,9.377682677157852,0.07583540379666777,0.18280297256569092,0.9552413236922332,0.0,0.0,0.0,0.0,False,1508.7869246942755,3.257168878477437,1440,2023-05-21,0.05,0.12518463878508518,2.598
415,5,226,774.8385972159319,8096.261831771415,7691.448740182844,7713.7040074781635,0.9971148403835896,22.25526729532006,0.10074026667666672,0.19101720634754468,0.9695271519563223,0.0,0.0,0.0,0.0,False,1504.561576288752,2.054137002840127,1440,2023-09-22,0.05,0.16226209545758696,2.637
416,5,216,925.6845285188642,7900.823077942614,7505.781924045453,7525.329733926982,0.9974023982240405,19.547809881529197,0.12332952620876846,0.20097930385086338,0.9812278364669859,0.0,0.0,0.0,0.0,False,1229.6505515540089,1.8515142828880995,1440,2023-03-03,0.05,0.17430188615813286,2.762
417,5,233,859.6004313748261,8076.536030011849,7672.709228511232,7704.096975076717,0.9959258370361865,31.38774656548462,0.11203349505030286,0.2123772441354792,0.9841151528119173,0.0,0.0,0.0,0.0,False,1318.047933683099,1.8161769667005,1440,2023-10-26,0.05,0.16196813901872528,2.524
418,5,189,267.6697471326335,6937.09304833989,6590.238395922891,6622.289332233377,0.9951601425575773,32.05093631048507,0.04061609475284381,0.21115937647780927,0.9905777018013048,0.0,0.0,0.0,0.0,False,1312.8713286796647,1.7809522983083013,1440,2023-03-12,0.05,0.12640681047427044,2.498
419,5,245,914.9582547316425,8843.86614190033,8401.672834805322,8445.710974959517,0.9947857391420614,44.03814015419377,0.10890191426417799,0.2088365782935431,0.9814805487840859,0.0,0.0,0.0,0.0,False,1430.7835686045355,2.06693843340331,1440,2023-11-25,0.05,0.10007908766168995,2.563
420,5,174,382.52516041583186,6206.344730425194,5896.027493903906,5963.240770806361,0.9887287333371639,67.21327690245522,0.06487845601319482,0.22840996620096105,0.9647661692187439,0.0,0.0,0.0,0.0,False,914.5498869698624,2.933896414423904,1440,2023-05-27,0.05,0.08368523650233398,2.645
421,5,281,357.2777479837296,10414.42751906918,9893.70614311565,9934.05671654634,0.9959381575340233,40.350573430690325,0.03611161912589597,0.19563283537491494,0.9605524123790438,0.0,0.0,0.0,0.0,False,2141.619086323921,2.776529929342632,1440,2023-11-23,0.05,0.02608820386848168,2.597
422,5,247,666.1391625310224,8766.377356417692,8328.058488596826,8351.407234201602,0.9972042142180354,23.348745604776553,0.079987329993315,0.20408417565148548,0.9725652967152294,0.0,0.0,0.0,0.0,False,1569.6901711280489,2.2015976286276437,1440,2023-12-12,0.05,0.052338623809955534,2.563
423,5,163,115.89036882531393,6099.690233075926,5794.705721422151,5807.457488664027,0.9978042426885145,12.751767241875214,0.019999353616333742,0.19008659835663672,0.961708581627038,0.0,0.0,0.0,0.0,False,1261.0433499170886,3.2241021012682496,1440,2023-08-02,0.05,0.05454180237210513,2.627
424,5,279,1342.056986858226,10131.011883090418,9624.461288935892,9684.497347710545,0.993800807969776,60.03605877465181,0.1394422967237689,0.22087381673091866,0.9730349224012221,0.0,0.0,0.0,0.0,False,1510.6920067955073,2.3613778677838173,1440,2023-02-21,0.05,0.08759468535266028,2.676
425,5,147,370.3119904703082,4978.091603987225,4729.187023787852,4742.002483860642,0.9972974581695375,12.815460072790158,0.07830351995123806,0.17277601228124564,0.9755881973139924,0.0,0.0,0.0,0.0,False,1068.4425678143361,2.4872933071332035,1440,2023-10-04,0.05,0.04526142047713819,2.585
426,5,286,707.288830810917,10394.915747348641,9875.169959981267,9903.674045518812,0.9971218675608128,28.504085537543492,0.07162295268609825,0.21353207056833445,0.9749716710213305,0.0,0.0,0.0,0.0,False,1709.5863083612956,2.268187934641725,1440,2023-03-31,0.05,0.11857117775193887,2.607
427,5,190,1048.6255366153177,6555.323915245641,6227.55771948337,6278.890041441884,0.9918246184246403,51.33232195851228,0.16838471578266,0.22964928422728187,0.9861726700864651,0.0,0.0,0.0,0.0,False,1104.8657708138874,1.846449080752044,1440,2023-02-07,0.05,0.08687905181176729,2.531
428,5,186,589.7222997116651,6434.32695535807,6112.610607590157,6146.896378525679,0.9944222630699778,34.28577093552183,0.09647634007299508,0.21620282861136458,0.9879566333626366,0.0,0.0,0.0,0.0,False,1002.7400272224247,1.7601150391547324,1440,2023-03-26,0.05,0.024585016798581646,2.45
429,5,222,733.7012267113787,7615.7309377150805,7234.944390829356,7265.118671020797,0.9958466913538797,30.174280191440893,0.10141076241600153,0.2038692586613992,0.9588380081975723,0.0,0.0,0.0,0.0,False,1408.9899193361127,3.136439494047309,1440,2023-07-06,0.05,0.0035218497124828996,2.51
430,5,123,445.98231718673367,4373.041613190094,4154.389532530585,4182.322867311785,0.9933210955568444,27.933334781199335,0.10735207030888848,0.2212578176860556,1.0000749010592007,0.0,0.0,0.0,0.0,False,785.6810347658306,1.327393156466131,1440,2023-04-20,0.05,0.013611707000457773,2.413
431,5,293,1036.463237737789,10540.149599314578,10013.14211934881,10053.2429677865,0.9960111529616676,40.100848437691056,0.1035102893161766,0.2150147730959492,0.9510000049367187,0.0,2.013888888888889,42.99396721626831,0.0,False,1669.8379229850495,3.6534784691715756,1496,2023-08-31,0.05,-0.017634127907709143,2.51
432,5,273,589.2512938534649,9306.270403426832,8840.956883255469,8906.887512264308,0.9925977925601894,65.93062900883679,0.06665017165387276,0.21847230699863235,0.9682474230570802,0.0,0.0,0.0,0.0,False,1689.4570629316643,2.3845639219980095,1440,2023-04-01,0.05,-0.029646836390806106,2.429
433,5,248,923.5922765910998,8804.818820302342,8364.577879287252,8402.201150746501,0.995522212479297,37.62327145925077,0.11041708140205629,0.21914105899908157,0.9859839180073876,0.0,0.0,0.0,0.0,False,1399.8993388771044,1.7947048672767898,1440,2023-04-26,0.05,-0.04778719311311817,2.493
434,5,138,476.1241095169866,5020.39480056356,4769.375060535427,4784.311248341435,0.9968780902765918,14.936187806008737,0.09982945427310035,0.20292277868659137,0.9663622067642187,0.0,0.0,0.0,0.0,False,753.3746553756562,2.9603709669960483,1440,2023-08-14,0.05,-0.06472778584191019,2.507
435,5,253,942.485079523354,8961.959840683858,8513.861848649638,8563.304535687937,0.9942262140938414,49.442687038297564,0.11070006728765973,0.2176084773818237,0.9875593926029117,0.0,0.0,0.0,0.0,False,1323.7310282157393,1.7947488436929366,1440,2023-04-26,0.05,-0.04274618227179494,2.609
436,5,188,739.322055654667,6930.341113626386,6583.824057945098,6620.295688446208,0.9944909363240737,36.47163050111062,0.11229371397956518,0.22029241680515002,0.9861159381815691,0.0,0.0,0.0,0.0,False,1236.3065939368944,1.8280015176233197,1440,2023-10-22,0.05,-0.05834986041430508,2.745
437,5,296,987.4037808474195,9867.220894243026,9373.859849530902,9430.093041630165,0.9940368359197501,56.23319209926385,0.10533588049077056,0.21755272648357862,0.9753574809591884,0.0,0.0,0.0,0.0,False,1535.2624065269374,2.262196618025741,1440,2023-04-24,0.05,-0.07775209049988858,2.764
438,5,260,1253.5422975498736,9666.884720061309,9183.540484058232,9216.979476793604,0.9963720226545406,33.43899273537249,0.13649880454340085,0.21010497435097225,0.9833184140488919,0.0,0.0,0.0,0.0,False,1563.8790612325222,1.9701201123115468,1440,2023-01-21,0.05,-0.08812419218507725,2.686
439,5,168,584.8483448955192,5865.848800416519,5572.556360395697,5607.222408776146,0.9938176077470743,34.66604838044819,0.10495153517908792,0.21784522670165457,0.9871696879904129,0.0,0.0,0.0,0.0,False,968.826254399791,2.0185715056879463,1440,2023-04-24,0.05,-0.08054206755904278,2.757
440,5,156,626.3959115872939,5667.138598991585,5383.781669042003,5401.625963776591,0.9966964956747743,17.844294734586935,0.11634868389801467,0.19802713103605157,0.9898001903258411,0.0,0.0,0.0,0.0,False,1113.3522832146843,1.6170470097970402,1440,2023-11-29,0.05,-0.09239718436479902,2.697
441,5,166,498.8075392752685,5925.076741967481,5628.822904869119,5645.690153893757,0.9970123672102329,16.86724902463835,0.08861666954271795,0.20430468870633842,0.9662316735817053,0.0,0.0,0.0,0.0,False,1092.2517101484582,2.960364062743697,1440,2023-06-08,0.05,-0.05818282389688,2.558
442,5,225,938.587431766708,7921.8942783323455,7525.7995644157145,7566.256852082867,0.9946529322942539,40.45728766715429,0.12471597519081387,0.22226159000856627,0.9844582435440512,0.0,0.0,0.0,0.0,False,1414.2423118854426,1.8267384527585986,1440,2023-10-16,0.05,-0.04483719683249275,2.569
443,5,196,1100.4265711121939,7285.19013595358,6920.930629155909,6946.929178230608,0.9962575479888048,25.99854907469988,0.1589997978705942,0.21345600456790842,0.9903443942474517,0.0,0.0,0.0,0.0,False,953.9736769026326,1.6591119143387767,1440,2023-02-05,0.05,-0.07477895754631256,2.599
444,5,201,538.1806220874194,6864.35303391882,6521.135382222863,6543.261397792621,0.9966185034916651,22.126015569759144,0.08252866878895702,0.19814298706476488,0.9829866882478827,0.0,0.0,0.0,0.0,False,1444.158059181315,1.877638471004518,1440,2023-11-07,0.05,-0.08003287837631654,2.555
445,5,173,488.6471405456222,6092.3198139101405,5787.703823214624,5806.606406879697,0.9967446418199317,18.902583665072875,0.08442849797974222,0.18653713633847763,0.9825868204148936,0.0,0.0,0.0,0.0,False,1267.7068606807597,1.9017471232119165,1440,2023-11-06,0.05,-0.05045452588664219,2.615
446,5,277,1279.8058708482438,9937.99251927654,9441.092893312723,9474.545821692349,0.9964691786805195,33.452928379625966,0.13555696202870227,0.2042759045438102,0.9754450404423802,0.0,0.0,0.0,0.0,False,1528.2532131506705,2.0285117524235754,1440,2023-02-23,0.05,-0.0005858291139946223,2.885
447,5,237,1219.5121101026823,7771.993447098049,7383.3937747431455,7422.55361603912,0.9947242090361792,39.1598412959737,0.16516958830969392,0.2168417954738054,0.9740735500546943,0.0,0.0,0.0,0.0,False,1439.0184678793246,2.2622333836321062,1440,2023-02-07,0.05,7.004302520126349e-05,2.871
448,5,132,441.1192703054494,4924.053892172787,4677.851197564158,4706.395964946187,0.9939348988919262,28.544767382030408,0.09429955158367334,0.20714577208710447,0.9609791316697951,0.0,0.0,0.0,0.0,False,914.0211342841329,3.2568145149887586,1440,2023-07-28,0.05,-0.027892309083121722,2.699
449,5,292,942.1906216608515,10705.786945049358,10170.497597796784,10242.016657817525,0.9930170920034433,71.51906002074126,0.09263957958801904,0.2293367383739668,0.9630092436267417,0.0,0.0,0.0,0.0,False,1741.6858292368365,3.0414556221768443,1440,2023-05-24,0.05,-0.0292882279233933,2.828
450,5,120,405.92830723376346,4221.151089759091,4010.093535271143,4018.1708671262168,0.9979897988109075,8.077331855072806,0.10122664313522467,0.19600170798815164,0.9958948650358997,0.0,0.0,0.0,0.0,False,867.4076669412252,1.447723341466739,1440,2023-04-27,0.05,-0.08069192574540601,2.646
451,5,147,499.51471204860854,4980.0528369938165,4731.050195144101,4740.516572236906,0.9980030916570897,9.466377092805525,0.10558220510137581,0.1755166715217331,0.9942886142197602,0.0,0.0,0.0,0.0,False,1000.0213847688888,1.4490308978991808,1440,2023-11-20,0.05,-0.04827790255363044,2.562
452,5,151,542.5517698636647,5443.67968586091,5171.4957015678665,5184.550386140819,0.9974820025651887,13.054684572953123,0.10491196380559241,0.17850134681598598,0.954385287715135,0.0,0.0,0.0,0.0,False,1292.257064112014,3.5296530129331343,1440,2023-08-29,0.05,0.023944562649824204,2.698
453,5,213,54.05154808667443,7237.087761322626,6875.2333732565085,6894.390966301998,0.9972212784074581,19.157593045489683,0.007861776488479036,0.17627037116235403,0.9823593504458867,0.0,0.0,0.0,0.0,False,1311.9238717698556,1.718174912325407,1440,2023-12-22,0.05,0.07623118182443225,2.693
454,5,269,1064.3783149301594,9794.670787476423,9304.937248102515,9346.281194962352,0.9955764281003955,41.34394685983682,0.11438855379139821,0.2205573881842452,0.9510012382409957,0.0,0.1388888888888889,0.4202273216561224,0.0,False,1516.745287771485,3.397883884502822,1444,2023-09-26,0.05,0.12415510504399127,2.544
455,5,242,670.8654227155373,8392.178096635571,7972.569191803811,7983.11581237217,0.9986788841830387,10.546620568359323,0.0841467043528728,0.18325739747526765,0.9510000340812728,0.0,4.166666666666667,613.0204840257522,33.88065014202484,True,1442.6817482680171,4.48092187386758,1654,2023-06-06,0.05,0.06403493676226568,2.654
456,5,135,366.3455656447126,4762.909714462089,4524.764228738963,4532.996696577378,0.9981838795857426,8.232467838415547,0.08096456458833258,0.19897003423837553,0.963514206757061,0.0,0.0,0.0,0.0,False,1046.8810358686399,2.9528510554430403,1440,2023-05-23,0.05,0.09883591182287242,2.466
457,5,209,965.6956775162483,7421.400296643719,7050.330281811511,7079.111229144964,0.995934384077063,28.780947333452417,0.13697169336982076,0.18826226480402747,0.9856129683093241,0.0,0.0,0.0,0.0,False,1096.4259856520039,1.70680249573359,1440,2023-02-04,0.05,0.09216038928060169,2.62
458,5,221,1002.4642216543373,7771.117012473893,7382.561161850192,7423.951376477971,0.9944247729371019,41.390214627778846,0.13578813634956777,0.19533506650710492,0.9856123390377795,0.0,0.0,0.0,0.0,False,1178.9694669517428,1.827028946065713,1440,2023-02-04,0.05,0.11096395076214947,2.728
459,5,285,712.1241047943696,9834.602031262633,9342.871929699517,9371.9122955272,0.9969013404189087,29.040365827684003,0.07622111382375256,0.20144341666619692,0.9630311555586708,0.0,0.0,0.0,0.0,False,1914.5740536334574,2.473492162318102,1440,2023-04-11,0.05,0.11067988287526206,2.528
460,5,160,801.4489508519986,6270.701321543752,5957.166255466569,5968.034199114149,0.9981789743012544,10.86794364758028,0.1345352666826366,0.19319908794536608,0.9895753345449381,0.0,0.0,0.0,0.0,False,1120.2624624855198,1.5909119910841647,1440,2023-03-02,0.05,0.0969420873824399,2.582
461,5,253,869.40693278802,9183.291245461756,8724.126683188684,8746.169147487382,0.997479757831458,22.042464298699606,0.09965546860562668,0.19275699050073283,0.9524013149263374,0.0,0.0,0.0,0.0,False,1690.1139263437499,3.279379602220322,1440,2023-07-06,0.05,0.10442941977674168,2.614
462,5,199,673.08509221257,7434.422813695715,7062.701673010915,7089.105705881593,0.9962754070871349,26.40403287067643,0.09530136247785553,0.17840703480388256,0.9877223757055157,0.0,0.0,0.0,0.0,False,1069.90788834445,1.6795575998037824,1440,2023-04-30,0.05,0.11175405054533963,2.666
463,5,279,1035.0715098048186,10283.008373871795,9768.857955178244,9799.787859031934,0.9968438190399006,30.92990385368926,0.10595624530052167,0.1715683636651184,0.9773432896935024,0.0,0.0,0.0,0.0,False,1672.9148045591776,2.1564417935689746,1440,2023-12-02,0.05,0.15026330595309445,2.637
464,5,266,1076.2793188388566,9455.336846351984,8982.57000403444,9031.232086864515,0.9946118002104218,48.66208283007535,0.11981863969392452,0.21960604612570442,0.9818349885148646,0.0,0.0,0.0,0.0,False,1459.2418823555633,1.999252253982433,1440,2023-11-29,0.05,0.19753736860132354,2.592
465,5,140,510.7702200966554,5225.207187284115,4963.946827919912,4971.923992338452,0.9983955578502743,7.977164418539827,0.1028959893816365,0.16964723093660736,0.9967134094693978,0.0,0.0,0.0,0.0,False,1003.2505930255093,1.3968160561481922,1440,2023-11-28,0.05,0.12869341500033232,2.594
466,5,168,744.8157860852989,6039.996224137093,5737.996412930264,5757.761350423002,0.996567253088514,19.76493749273709,0.12980415679711768,0.1958316106033279,0.9770070296073003,0.0,0.0,0.0,0.0,False,1259.916167603662,2.258514739402844,1440,2023-01-02,0.05,0.18504528398872255,2.68
467,5,155,170.08278165317483,5688.041947155642,5403.6398497978835,5414.479159375809,0.9979980882262413,10.839309577925265,0.03147559540992292,0.1884602242587328,0.9913467709293246,0.0,0.0,0.0,0.0,False,1048.7085141723883,1.5991419136749954,1440,2023-10-21,0.05,0.17272956338248313,2.603
468,5,151,101.48370317604359,5277.552058425428,5013.674455504178,5023.647642414895,0.9980147519052663,9.973186910717187,0.020241382657908997,0.17332225303102902,0.9865700664940201,0.0,0.0,0.0,0.0,False,993.5725100532791,1.6086080095174866,1440,2023-12-29,0.05,0.17967102564266424,2.719
469,5,131,306.3068777563848,4802.603482909707,4562.473308764253,4572.548974423524,0.9977964881916783,10.075665659271376,0.06713614678424236,0.158379938052101,0.9955114721595266,0.0,0.0,0.0,0.0,False,862.013460282082,1.5692127585426645,1440,2023-12-15,0.05,0.21986161950020594,2.827
470,5,272,227.2812449973166,9779.128645203258,9290.172212943118,9314.895528533625,0.9973458300724067,24.723315590505766,0.024464696647998316,0.1699365518985549,0.9756490278637178,0.0,0.0,0.0,0.0,False,1677.4390650731702,2.1838849676994827,1440,2023-12-20,0.05,0.2869681906372759,2.658
471,5,270,281.921617360512,9455.453455226047,8982.680782464759,9004.067088625496,0.9976248171020679,21.38630616073717,0.03138502015020459,0.170952468910872,0.9718691661133211,0.0,0.0,0.0,0.0,False,1826.6983898265328,2.4515815410177115,1440,2023-01-11,0.05,0.3167320694898056,2.58
472,5,198,649.2779745908849,7089.581245571808,6735.102183293226,6747.724924081969,0.9981293338227682,12.622740788743052,0.09640209709088794,0.18130839193717085,0.9685747052643668,0.0,0.0,0.0,0.0,False,1356.4088379087739,2.6275210800731537,1440,2023-05-07,0.05,0.3397605316991881,2.49
473,5,294,767.7933896350422,10840.317869661454,10298.301976178394,10359.434095265198,0.9940988939622923,61.13211908680542,0.07455533848308878,0.20777537489783635,0.9647790732817287,0.0,0.0,0.0,0.0,False,1701.8603427884975,2.81182336657149,1440,2023-08-12,0.05,0.33633485121197804,2.592
474,5,256,632.5515268932753,8962.893803213394,8514.749113052705,8534.488772543895,0.9976870718308642,19.739659491189894,0.07428892131696563,0.1962306903876617,0.9825712674842083,0.0,0.0,0.0,0.0,False,1508.7562409312152,2.0098107558268,1440,2023-04-11,0.05,0.2749781755638541,2.575
475,5,122,419.6836165488491,4403.782612177625,4183.59348156874,4202.800727718375,0.9954298936842378,19.207246149637186,0.1003165384968232,0.19886352833162893,0.9511697231590817,0.0,0.06944444444444445,1.0214109112907601,0.0,False,686.4119438145102,3.629879099452275,1442,2023-09-02,0.05,0.2514796064483561,2.462
476,5,242,588.8031921066204,8396.986574751192,7977.137246013648,7992.471085241431,0.9980814645352802,15.333839227783608,0.07381134032774206,0.18333651435510495,0.9578962254218206,0.0,0.0,0.0,0.0,False,1232.431233703489,3.238649375809082,1440,2023-05-21,0.05,0.22694533126264838,2.534
477,5,262,282.1267915867931,9530.171785840623,9053.663196548567,9088.256190828199,0.9961936598668353,34.59299427963191,0.03116161772997535,0.19851578357109462,0.9778798885557456,0.0,0.0,0.0,0.0,False,1672.6753873583666,2.1948663478283073,1440,2023-10-21,0.05,0.2423105161446797,2.521
478,5,244,971.0336533909393,8698.185724383275,8263.27643816414,8298.665078198701,0.9957356225728966,35.38864003456199,0.11751194101484942,0.21650225294651654,0.9795206188233665,0.0,0.0,0.0,0.0,False,1323.421642810909,2.066088782362226,1440,2023-02-20,0.05,0.22128248259657274,2.622
479,5,251,1122.7411379417208,8522.750988928268,8096.613439481829,8121.202318779768,0.9969722612080383,24.588879297939172,0.13866799327072413,0.20055538585194188,0.9748036347517806,0.0,0.0,0.0,0.0,False,1570.0669763275068,2.2364311112443587,1440,2023-02-08,0.05,0.16406471048483312,2.658
480,5,218,671.5148041724043,7507.145997232119,7131.788697370479,7143.994263870652,0.9982914926791165,12.205566500171614,0.09415797812686104,0.18156017730681748,0.9769548348487778,0.0,0.0,0.0,0.0,False,1391.1494826700305,1.960329010524201,1440,2023-12-11,0.05,0.15334583111090855,2.668
481,5,284,1086.3506719765207,10059.534515789566,9556.557790000072,9600.400847822195,0.9954332054966154,43.84305782212395,0.11367593812002812,0.22061200487411778,0.9787751095705561,0.0,0.0,0.0,0.0,False,1682.1514895980208,2.207322755146492,1440,2023-10-25,0.05,0.18748217754570173,2.826
482,5,294,613.7798195619766,10247.060178648582,9734.707169716126,9801.673355811381,0.9931678822927158,66.96618609525267,0.06305067105371132,0.20739075180710745,0.9510002430370269,0.0,4.375,122.04390202210223,0.0,False,1465.6066320035989,3.893174703410654,1623,2023-06-03,0.05,0.12784663380176975,2.772
483,5,168,701.5915399081457,6275.305169219827,5961.539910758869,5988.894444497011,0.9954324568596667,27.354533738141832,0.11768629421434791,0.22142255654651458,0.9888511775397809,0.0,0.0,0.0,0.0,False,1168.401810594586,1.64972124239533,1440,2023-11-30,0.05,0.10885541796369148,2.672
484,5,169,603.2866518225286,6069.066456086132,5765.613133281865,5782.01690888381,0.9971629665114362,16.403775601946222,0.10463529860164754,0.1839184153088386,0.9544161741577096,0.0,0.0,0.0,0.0,False,1046.849787421732,3.456316521839141,1440,2023-07-18,0.05,0.061721347039207466,2.691
485,5,249,668.296435881992,8792.145784020902,8352.538494819895,8368.702359792067,0.9980685338924429,16.163864972172355,0.08001117699684453,0.1887607495998894,0.9634110849087807,0.0,0.0,0.0,0.0,False,1786.5641470656246,2.384915985732623,1440,2023-12-12,0.05,0.10732728025706549,2.702
486,5,162,347.6053662350905,5342.283917322391,5075.169721456322,5099.0288380594575,0.9953208508206407,23.859116603134954,0.06849137769038885,0.20743743033630696,0.9574114181390214,0.0,0.0,0.0,0.0,False,821.8440107714355,3.3547022275963743,1440,2023-08-08,0.05,0.13372085391104568,2.71
487,5,162,749.4142884276139,5831.666936079567,5540.083589275522,5553.49066916858,0.9975858283210072,13.407079893058668,0.13527129624511947,0.213189645070473,0.9956594059411996,0.0,0.0,0.0,0.0,False,1082.448127738618,1.6393500190638035,1440,2023-03-05,0.05,0.11337514369729584,2.599
488,5,229,768.0250675911781,8067.7831102334085,7664.393954721696,7690.142360764066,0.9966517647093581,25.748406042370352,0.1002068881281907,0.1999861898505153,0.9596431855596214,0.0,0.0,0.0,0.0,False,1600.8614423727427,3.3020384622842274,1440,2023-06-26,0.05,0.08378422085760703,2.781
489,5,133,450.39823570721103,5057.004386746072,4804.154167408797,4817.2513824272855,0.9972811850620323,13.097215018488614,0.09375182810799369,0.1717650701772483,0.9830635168942464,0.0,0.0,0.0,0.0,False,861.2049130684222,2.1312393663433236,1440,2023-09-28,0.05,0.08915977457723714,2.731
490,5,148,546.7868826314597,5760.249473423304,5472.23699975214,5493.1632212257255,0.996190497054097,20.926221473585297,0.09992017572634845,0.2114807134335814,0.9660677759023245,0.0,0.0,0.0,0.0,False,1075.1601470170954,2.968924081749131,1440,2023-08-14,0.05,0.15695842732526627,2.631
491,5,254,783.740688338676,8963.447865396403,8515.27547212661,8551.140334118965,0.995805838684549,35.86486199235248,0.09203938156835038,0.20508047315751024,0.9510000273909545,0.0,0.9722222222222222,14.06317811744075,0.0,False,1555.776517090806,3.176332730318246,1469,2023-07-25,0.05,0.12324889868807762,2.637
492,5,236,720.0148993271038,8781.24214573663,8342.180038449818,8359.59646546892,0.997916594767338,17.41642701910104,0.08631016065446846,0.1761946616025103,0.9759523323265957,0.0,0.0,0.0,0.0,False,1696.4125974518197,2.206838115335528,1440,2023-11-06,0.05,0.11010778072780776,2.638
493,5,127,411.1014766526627,4651.810479744808,4419.219955757517,4441.594371605498,0.9949625260714896,22.374415847980252,0.09302580110706304,0.22193465780406355,0.9666966029966217,0.0,0.0,0.0,0.0,False,859.4061247745254,2.9695618904861654,1440,2023-06-12,0.05,0.16433393870046623,2.586
494,5,251,1099.6281630313129,8841.691138588045,8399.606581658642,8449.944621606524,0.9940427964676635,50.33803994788302,0.13091424608296034,0.22590120109234865,0.9868204781888178,0.0,0.0,0.0,0.0,False,1303.6123789453916,1.722989445578923,1440,2023-03-14,0.05,0.10599014054497269,2.504
495,5,246,661.4215032509433,9076.294971805053,8622.48022321481,8678.752974238707,0.9935160326384526,56.272751023896916,0.0767089614737717,0.2049217142246775,0.9588636253251814,0.0,0.0,0.0,0.0,False,1199.3096936555185,3.2610878529130307,1440,2023-06-02,0.05,0.049293646731733184,2.624
496,5,217,770.1144528050776,7577.895494124452,7199.000719418234,7219.123177242154,0.9972126174703108,20.122457823921096,0.10697518764344728,0.20716620812063777,0.9822032336207791,0.0,0.0,0.0,0.0,False,1366.7859039824484,2.098367652981806,1440,2023-07-09,0.05,0.049845237078784244,2.492
497,5,171,570.2078014861119,6390.059794887016,6070.55680514269,6093.833371770511,0.996180307992068,23.276566627820856,0.09393006602014804,0.19236551450732225,0.9549556586218051,0.0,0.0,0.0,0.0,False,1041.5170132352425,3.35980113272021,1440,2023-07-28,0.05,0.044990312379280605,2.596
498,5,155,459.16852011250114,5583.117770991039,5303.961882441516,5310.177974272556,0.9988294004718568,6.216091831041087,0.08657085595440536,0.18226392012913817,0.9694250263085925,0.0,0.0,0.0,0.0,False,1033.5973543347782,2.806803034765901,1440,2023-07-05,0.05,0.0740496228436057,2.612
499,5,208,829.3724603161845,7671.368980327221,7287.800531310866,7333.232920043265,0.9938045894317331,45.43238873239822,0.11380284857590692,0.2222824992442902,0.9738792158524596,0.0,0.0,0.0,0.0,False,1240.175715103909,2.2473245047333115,1440,2023-10-12,0.05,0.12040738284061389,2.716
500,5,152,446.7851709183099,5749.963898745885,5462.465703808593,5469.699226911836,0.9986775281778469,7.233523103242419,0.08179184916562461,0.16634219815395596,0.9925697306616778,0.0,0.0,0.0,0.0,False,1149.1193539202955,1.5840418836217158,1440,2023-11-27,0.05,0.06833859182267145,2.733
501,5,281,917.5672686851638,9560.321022844922,9082.304971702702,9153.60681401025,0.9922105194426294,71.30184230754787,0.10102801783732034,0.22152859605157477,0.9723901423559301,0.0,0.0,0.0,0.0,False,1458.417404384715,2.353592263509652,1440,2023-09-09,0.05,0.15143511149935504,2.699
502,5,281,692.2497630416079,9517.076817212304,9041.222976351688,9097.402267970527,0.9938246886348391,56.17929161883538,0.07656594299822748,0.2108342122044699,0.9542795054541657,0.0,0.0,0.0,0.0,False,1310.714084226524,3.433838121759681,1440,2023-06-02,0.05,0.09542582206336178,2.659
503,5,164,170.42333538757276,5548.5049572533,5271.079709390613,5281.016019640823,0.9981184851147477,9.936310250209928,0.03233176972906663,0.15693359312941468,0.9821292197171759,0.0,0.0,0.0,0.0,False,1159.5606761686122,1.8843923402702065,1440,2023-01-29,0.05,0.07360432436797437,2.649
504,5,299,1328.3265747863688,11074.36235257544,10520.64423494666,10560.604951551031,0.9962160580016297,39.96071660437045,0.1262590526893816,0.20841138388272407,0.9715299265044097,0.0,0.0,0.0,0.0,False,1932.2268484210408,2.4116662434808998,1440,2023-10-15,0.05,0.1768818085203152,2.646
505,5,204,792.7829439425351,7348.209009474612,6980.798559000892,7006.709245829589,0.9963020176919545,25.91068682869764,0.11356622558895325,0.19512428812435795,0.9653975547559338,0.0,0.0,0.0,0.0,False,1282.7865031596566,3.0031358611753154,1440,2023-06-28,0.05,0.14583208699077105,2.64
506,5,210,168.8028975719063,7573.120957284398,7194.464909420167,7210.051635339699,0.9978381949661589,15.586725919532439,0.023462884272447006,0.16666943118575156,0.9688297746847415,0.0,0.0,0.0,0.0,False,1669.161171401387,2.3849366294000807,1440,2023-12-09,0.05,0.15046770602932324,2.574
507,5,184,423.2639986875572,6405.514843590704,6085.23910141114,6103.596031037306,0.9969924402708142,18.35692962616573,0.06955585337466923,0.1906973795010001,0.9835712717326807,0.0,0.0,0.0,0.0,False,1209.3952488439306,1.737317815842474,1440,2023-03-31,0.05,0.21844341496581152,2.633
508,5,286,845.6545439471142,10473.27378141237,9949.610092341754,9987.895669051608,0.9961668024999014,38.28557670985534,0.08499373705086365,0.20839187928801403,0.9539504182706937,0.0,0.0,0.0,0.0,False,1999.4925734142887,2.7282987308869173,1440,2023-11-14,0.05,0.22042762684640535,2.636
509,5,154,312.4963034089752,5516.221122841757,5240.410066699647,5249.210160516894,0.9983235394377161,8.800093817246873,0.059632032499659315,0.17529388846202826,0.9828241423233747,0.0,0.0,0.0,0.0,False,1103.1533147889104,1.5695992442141795,1440,2023-12-18,0.05,0.18266750285504904,2.708
510,5,162,679.3071122669896,5647.61121706567,5365.230656212388,5373.778594852601,0.9984093243721651,8.547938640213653,0.12661284403130396,0.17732222217995353,0.9564199541449807,0.0,0.0,0.0,0.0,False,1079.6289020997558,3.4416836593992106,1440,2023-08-23,0.05,0.2265102890560313,2.88
511,5,205,1000.2576823115596,6858.368803586533,6515.450363407171,6537.1932918605535,0.9966739658011252,21.742928453382557,0.15352088136981643,0.18742705477801225,0.9894002208945983,0.0,0.0,0.0,0.0,False,992.5604760315123,1.8326938123051582,1440,2023-02-05,0.05,0.25825607272838386,2.73
512,5,206,719.2717880070736,7347.845456328479,6980.453183512029,7007.803444326819,0.9960971706709423,27.350260814791067,0.10304084406811984,0.20993555268689415,0.9763511822626494,0.0,0.0,0.0,0.0,False,1351.9619523110723,2.435183288313346,1440,2023-09-03,0.05,0.26205071521163603,2.725
513,5,152,481.12809817298245,5762.964367042725,5474.816148690588,5497.735747420458,0.9958310839620431,22.919598729869563,0.08788022923620072,0.20635143783968973,0.9800509080771105,0.0,0.0,0.0,0.0,False,1041.9976071119308,2.3258683538998093,1440,2023-09-30,0.05,0.21507095616435296,2.647
514,5,288,1430.8553038589323,10398.119922447224,9878.21392632481,9910.139081819792,0.9967785360799275,31.92515549498007,0.14484959675208028,0.20421632356454286,0.9698313477136562,0.0,0.0,0.0,0.0,False,2093.6143041938412,2.570958898284662,1440,2023-02-03,0.05,0.1850546296983917,2.862
515,5,264,765.7962894609119,9761.253087705398,9273.19043332011,9312.038328882769,0.9958282070809173,38.847895562659794,0.08258174950330784,0.20103327411894517,0.9854336257912858,0.0,0.0,0.0,0.0,False,1552.0591382733182,1.9916833406684984,1440,2023-03-21,0.05,0.16552800375271864,2.789
516,5,240,670.3246313292698,8489.729465768602,8065.24299248016,8095.429279180348,0.9962711938231835,30.186286700189505,0.0831127632427522,0.20292228697482986,0.9511884774036797,0.0,2.0833333333333335,72.14459874068385,0.0,False,1250.9149104704593,3.99299698720573,1500,2023-06-05,0.05,0.1568577480705479,2.726
517,5,231,712.6339654830429,8161.6562161841675,7753.57340537496,7778.201714392026,0.99683367571048,24.628309017065277,0.09191039127701146,0.20341782091438407,0.9513225901657238,0.0,0.0,0.0,0.0,False,1190.3462113662954,3.445103587370884,1440,2023-07-24,0.05,0.14561960089312345,2.717
518,5,286,1056.5287361402336,10420.501202043786,9899.476141941592,9963.11544127796,0.9936125100917023,63.63929933636817,0.10672572174440494,0.2144586705827006,0.9510001878470898,0.0,3.1944444444444446,116.62361894720337,0.0,False,1501.5164676297127,3.7592324317640764,1617,2023-07-18,0.05,0.13536801743844548,2.786
519,5,171,662.222875408308,6217.466578533615,5906.59324960694,5927.237187216303,0.9965171062069378,20.643937609363487,0.11211587583966041,0.21619922760882068,0.9940488944096654,0.0,0.0,0.0,0.0,False,980.2951353813114,1.6583497970458727,1440,2023-10-22,0.05,0.10215394787527166,2.742
520,5,162,403.0802340480202,6229.644939959186,5918.162692961243,5968.249334159404,0.9916078169000936,50.086641198160436,0.06810901540902602,0.20504589435923576,0.9651173751964479,0.0,0.0,0.0,0.0,False,755.4374288087356,3.000406055180827,1440,2023-05-27,0.05,0.07094350538682741,2.725
521,5,296,668.9022812086473,10498.742083329938,9973.804979163458,10021.555525968826,0.9952352160618547,47.75054680536849,0.06706590740505443,0.209579650163021,0.963886487618204,0.0,0.0,0.0,0.0,False,1889.637259106983,2.648696223996972,1440,2023-04-01,0.05,0.07026018982719705,2.766
522,5,130,68.37101332337545,4775.948641838378,4537.1512097464665,4550.805411521473,0.9969996076429818,13.65420177500622,0.015069150258096861,0.18453219642657226,0.9971785265254266,0.0,0.0,0.0,0.0,False,851.6135395677894,1.430653251419502,1440,2023-11-18,0.05,0.059260292103014214,2.642
523,5,182,713.9188858295219,6142.103463844685,5834.998290652467,5857.378425915942,0.996179154967271,22.38013526347415,0.12235117308829438,0.20390962638830526,0.9845268788447441,0.0,0.0,0.0,0.0,False,995.5090578727913,1.9501386637397697,1440,2023-09-11,0.05,0.10633816232252653,2.847
524,5,132,685.2357246950576,5015.618237014932,4764.837325164199,4784.062191250485,0.9959814765532425,19.224866086285566,0.14381093790467317,0.2140865864027341,0.9955404097379433,0.0,0.0,0.0,0.0,False,761.5727701924144,1.2952372643955905,1440,2023-01-25,0.05,0.10117463126290854,2.605
525,5,241,1033.0541545518179,9025.535573211484,8574.258794550871,8620.193404964994,0.9946712784439772,45.934610414123426,0.12048320202422003,0.22177789638729434,0.9830858456004482,0.0,0.0,0.0,0.0,False,1344.6123915328947,1.9447933608509511,1440,2023-04-07,0.05,0.07395016506333399,2.892
526,5,283,896.0154361255785,10288.24863964158,9773.836207659435,9821.698547101809,0.9951268775749081,47.86233944237533,0.0916748978690067,0.2189993615495475,0.9711147080637972,0.0,0.0,0.0,0.0,False,1549.6696842668398,2.3958749857418464,1440,2023-12-07,0.05,0.034160815318277096,2.702
527,5,252,249.14194329812693,8770.920140915627,8332.374133869787,8358.068252608926,0.9969258304715185,25.69411873913617,0.029900474858108473,0.20121925826754813,0.9638789899445317,0.0,0.0,0.0,0.0,False,1403.4577317910102,2.9038052642359546,1440,2023-10-14,0.05,0.007492144087797276,2.624
528,5,272,188.32189388532512,9527.322882199911,9050.956738089928,9081.979507003547,0.9965841401767428,31.022768913619633,0.0208068494121504,0.21155658968848362,0.9749553416547532,0.0,0.0,0.0,0.0,False,1665.7914615797174,2.455524299752439,1440,2023-10-29,0.05,0.025212471410434603,2.683
529,5,168,735.6716705369109,5783.2429248994085,5494.080778654434,5513.428709834696,0.9964907624277884,19.347931180262677,0.13390259447861372,0.20865472974716756,0.9882630856026036,0.0,0.0,0.0,0.0,False,1059.0015273088425,1.6628835812750826,1440,2023-02-09,0.05,0.01606877465806221,2.625
530,5,137,441.37049866603707,5022.896879085185,4771.752035130929,4794.041701252572,0.9953505481364878,22.289666121642366,0.09249652861601947,0.20302069063265132,0.9870109367674819,0.0,0.0,0.0,0.0,False,846.381291019525,1.8338288159878078,1440,2023-10-08,0.05,0.014705172639701253,2.671
531,5,122,214.5036861188404,4104.1041005855395,3898.8988955562445,3905.49812127691,0.9983102729752414,6.599225720664777,0.055016478207044604,0.16748993519677732,0.986365609698071,0.0,0.0,0.0,0.0,False,1008.7344102488953,2.0202765231223685,1440,2023-09-20,0.05,0.02585814254531564,2.674
532,5,125,101.26653351619163,4668.466422905416,4435.043101760135,4451.837633777569,0.9962275057180863,16.794532017433248,0.022833269303741827,0.18979812921592107,1.0020316907729907,0.0,0.0,0.0,0.0,False,820.0877282548231,1.2480453713221578,1440,2023-11-01,0.05,0.11457368366889109,2.737
533,5,281,1108.620001572202,10112.942997946666,9607.295848049374,9653.885024270927,0.995174048986038,46.589176221550844,0.1153935528900457,0.22123920565605168,0.9612186973575286,0.0,0.0,0.0,0.0,False,1561.623149864225,3.0987767099505086,1440,2023-06-28,0.05,0.13697818326483915,2.852
534,5,161,605.6586498956827,6333.357022648564,6016.68917151615,6045.716101614748,0.9951987606413001,29.026930098597695,0.10066311099515589,0.20675367906320924,0.9878589647302739,0.0,0.0,0.0,0.0,False,970.7382876557884,1.921678797565158,1440,2023-05-05,0.05,0.0846694544905077,2.778
535,5,293,330.630493740018,10495.029308771873,9970.277843333373,9996.186339741353,0.9974081619202139,25.908496407978866,0.033161612839214316,0.18975312854574136,0.9549199067925772,0.0,0.0,0.0,0.0,False,1858.2698948389193,3.2399364380671356,1440,2023-08-06,0.05,0.07435294602213542,2.751
536,5,145,3.6050054852997415,5369.360156425753,5100.8921486044255,5115.036104132711,0.997234827821282,14.14395552828561,0.0007067401898089631,0.1837107750903098,0.9881978409776663,0.0,0.0,0.0,0.0,False,1002.3052564422115,1.495266848884952,1440,2023-12-25,0.05,0.10401329395857989,2.59
537,5,150,522.6513926756876,5212.4290063795615,4951.807556060611,4979.4474022419245,0.994449214149974,27.639846181313068,0.10554759787383187,0.20609019056024147,0.9949212434097238,0.0,0.0,0.0,0.0,False,818.5785300221628,1.4151089124254204,1440,2023-03-11,0.05,0.14184921115516938,2.61
538,5,169,568.6227157423681,6103.1029341589165,5797.947787450986,5821.269564383174,0.9959936957609934,23.321776932189113,0.09807310044652158,0.2052668016613382,0.9807729275792875,0.0,0.0,0.0,0.0,False,1092.7875019913386,2.2665743825778573,1440,2023-05-08,0.05,0.12257872135057923,2.588
539,5,147,738.861709143499,5446.571565356807,5174.242987088971,5201.742981693334,0.9947133115378548,27.49999460436249,0.14279609809341068,0.20435979632548593,0.9976166121711667,0.0,0.0,0.0,0.0,False,996.1336820687379,1.4225684755007209,1440,2023-01-27,0.05,0.10871044500142737,2.706
540,5,220,749.6650596105985,7443.369286532358,7071.200822205737,7135.269249279585,0.991020881646433,64.06842707384867,0.1060166552272735,0.22476875986952602,0.9907951103001935,0.0,0.0,0.0,0.0,False,1253.8074933091389,1.8600404265918704,1440,2023-03-11,0.05,0.09939324584470663,2.707
541,5,198,692.4855698596097,6864.122014669214,6520.915913935759,6567.748818319018,0.9928692607347237,46.83290438325848,0.10619452527822178,0.22197148441023484,0.9746533518547401,0.0,0.0,0.0,0.0,False,1021.7819386246765,2.5969307894820397,1440,2023-09-08,0.05,0.045801328728965515,2.769
542,5,172,513.28378788586,6371.033583511071,6052.481904335509,6081.621702277569,0.9952085480865824,29.139797942059552,0.08480550557585062,0.21622011474160474,0.9871107849780034,0.0,0.0,0.0,0.0,False,824.2728580879075,1.6014966715970176,1440,2023-01-13,0.05,0.007983226826301482,2.705
543,5,228,647.8770581033111,7829.331988061631,7437.865388658567,7463.58765375232,0.996553632611145,25.72226509375315,0.08710524112082069,0.1957963880924827,0.9783345182722377,0.0,0.0,0.0,0.0,False,1314.2601800839789,1.960768873461487,1440,2023-11-06,0.05,-0.010429247161923769,2.714
544,5,267,935.1233353951134,9690.409512483513,9205.889036859407,9267.943449718361,0.9933044031617565,62.05441285895509,0.1015788189115661,0.2241051974512313,0.957523940254249,0.0,0.0,0.0,0.0,False,1477.0173956884278,2.8631796464210475,1440,2023-09-06,0.05,0.01998315287094038,2.753
545,5,299,1351.6226664097765,10718.861438706934,10182.918366771624,10246.466824962552,0.9937980125953162,63.54845819092826,0.13273431227930904,0.21919836874884657,0.9627949149609094,0.0,0.0,0.0,0.0,False,1624.8275972427637,2.6426099371274714,1440,2023-01-02,0.05,-0.019171567564576816,2.817
546,5,276,131.76048933494957,10037.195548068084,9535.33577066468,9551.773903181747,0.9982790492442883,16.438132517065515,0.013818127909067321,0.17492800180366339,0.9510045625032214,0.0,5.208333333333333,371.9442733575902,0.0,False,2025.2386442399547,4.247922668568927,1603,2023-07-02,0.05,-0.040660239205186466,2.952
547,5,294,444.24474198500656,10625.641294927402,10094.359230181008,10136.729567887869,0.9958201175810109,42.3703377068622,0.044009206711879675,0.18245580107773146,0.963119440735389,0.0,0.0,0.0,0.0,False,2021.10779306732,2.5430390009109534,1440,2023-03-12,0.05,0.04079723067154567,2.874
548,5,269,787.9517884760791,10115.571196711036,9609.792636875398,9646.890188453028,0.9961544548706448,37.097551577629105,0.08199467129524657,0.2090990858029839,0.9779380551115259,0.0,0.0,0.0,0.0,False,1631.456033092327,2.0631488885637452,1440,2023-11-27,0.05,0.09027925811609502,2.745
549,5,298,897.6550192421197,10300.321323229071,9785.305257067575,9828.350571189701,0.995620291135289,43.045314122126285,0.0917350042395229,0.21468488385059312,0.9510004936126829,0.0,0.5555555555555556,2.041662734520108,0.0,False,1794.8757893003756,3.3264399945529233,1456,2023-05-18,0.05,0.07079469938602997,2.747
550,5,182,554.351240093998,6342.307550775931,6025.192173237119,6074.969553839172,0.991806151428266,49.77738060205243,0.09200556997274412,0.21678281619447465,0.9548232709679635,0.0,0.0,0.0,0.0,False,692.9879833136764,3.4146489796114956,1440,2023-06-24,0.05,0.04218405250470799,2.681
551,5,164,400.2882706669575,5913.434543358678,5617.762816190776,5638.213483953707,0.9963728461468987,20.450667762929797,0.07125403541660737,0.1988405092389769,0.9862633564548382,0.0,0.0,0.0,0.0,False,1120.4095861451517,1.708663785799991,1440,2023-10-27,0.05,0.013840943033387287,2.723
552,5,268,460.91903552261556,9470.075340457957,8996.571573434998,9050.963860843856,0.9939904425379302,54.39228740885902,0.051232742579808234,0.20327900647542577,0.9510002189814428,0.0,4.930555555555555,307.8040380612016,27.88027961092852,True,1187.0664157745923,3.846111978287002,1717,2023-07-29,0.05,0.030697505296476954,2.793
553,5,228,570.9456004862694,8296.741440743994,7881.904368706813,7922.229077189706,0.9949099289997813,40.32470848289299,0.0724375193833955,0.2021053219965209,0.9735106368570788,0.0,0.0,0.0,0.0,False,1382.1550580428866,2.283246361745837,1440,2023-08-12,0.05,0.03425411086298988,2.625
554,5,226,946.7137170617814,8038.2363022144655,7636.324487103757,7653.446865843027,0.9977627885788707,17.122378739270356,0.1239750509110232,0.18341225995504123,0.9727401875365081,0.0,0.0,0.0,0.0,False,1640.782257721998,2.197595308178938,1440,2023-10-15,0.05,0.039576235069964875,2.727
555,5,198,-31.788440180502008,7063.260522885313,6710.097496741061,6731.302814976249,0.9968497453140857,21.205318235188248,-0.004737403621324566,0.19020814353541668,0.9841327656797301,0.0,0.0,0.0,0.0,False,1506.9316601072114,1.9283105153128592,1440,2023-12-24,0.05,0.08578805792904808,2.683
556,5,194,560.2838932833238,7150.135145913192,6792.6283886175015,6800.8180702070695,0.9987957799333811,8.189681589568522,0.0824841079518201,0.16968478030556275,0.9510198992183533,0.0,2.2222222222222223,73.1528423922816,0.0,False,1264.5463773866445,3.8523606127290884,1508,2023-06-05,0.05,0.10829616516271781,2.729
557,5,161,292.61955991875504,5886.596721283158,5592.266885218995,5600.369018986946,0.998553285731622,8.102133767950438,0.05232575016978932,0.17573243579420364,0.9706561811517888,0.0,0.0,0.0,0.0,False,1153.3593273687893,2.5028232108948005,1440,2023-10-03,0.05,0.17296981104005416,2.787
558,5,142,468.9459085872871,4925.579143845409,4679.300186653183,4686.379551385582,0.998489374440381,7.0793647323997515,0.1002171029601534,0.17903173305612172,0.9851913858673792,0.0,0.0,0.0,0.0,False,938.6107872489229,1.8565849318866168,1440,2023-03-27,0.05,0.21261726387720306,2.821
559,5,131,391.1918657223134,4790.661678165565,4551.128594257314,4556.700780881127,0.9987771444973538,5.5721866238128985,0.08595491373632587,0.15797175637177535,0.9940895813953275,0.0,0.0,0.0,0.0,False,938.6197190850833,1.5481763177646888,1440,2023-11-06,0.05,0.2381251855178963,2.641
560,5,154,271.29214509963697,5424.821343259991,5153.580276096972,5169.077339875794,0.9970019671287808,15.497063778822021,0.05264149010308969,0.1911717673961998,0.9510135987848853,0.0,0.2777777777777778,2.527060058920748,0.0,False,641.0399064020794,3.5622432335563077,1448,2023-08-07,0.05,0.30696488371742414,2.668
561,5,150,553.2927886290116,5598.351612698005,5318.434032063131,5327.716365628738,0.9982577275274092,9.282333565606764,0.10403302650618342,0.17403699010593965,0.9899369512679954,0.0,0.0,0.0,0.0,False,980.0632251662336,1.4139753067968908,1440,2023-12-05,0.05,0.2894380296535027,2.592
562,5,179,568.4820162183422,5960.214292455242,5662.203577832464,5670.023807182714,0.9986207766287782,7.820229350249786,0.10039943078767959,0.1739115782187606,0.9831261249354981,0.0,0.0,0.0,0.0,False,1346.4550095270256,1.9048183344139502,1440,2023-10-23,0.05,0.31441120693564084,2.621
563,5,184,711.8113289159849,6714.497300335434,6378.772435318635,6388.45601953653,0.9984842058568953,9.683584217894758,0.11159064477277095,0.1763562462518741,0.9525281842258791,0.0,0.0,0.0,0.0,False,1334.1622884869576,3.2174880423191454,1440,2023-09-26,0.05,0.33597007600220724,2.628
564,5,251,1182.925197774142,8838.35228209158,8396.434667987023,8406.51924293434,0.9988003863839611,10.084574947319439,0.14088422581125598,0.16899723933325472,0.9682091388585992,0.0,0.0,0.0,0.0,False,1826.9480150435795,2.4616980811552467,1440,2023-02-22,0.05,0.34902108927001696,2.591
565,5,135,82.20321963155507,4842.269154305747,4600.155696590446,4609.692579777857,0.9979311238173998,9.536883187411107,0.017869660301385593,0.18110269207059138,0.959493301814831,0.0,0.0,0.0,0.0,False,1115.3999931812286,3.2844426731847465,1440,2023-08-02,0.05,0.37720185313856464,2.637
566,5,150,412.5996667435802,5234.690055030959,4972.955552279376,4987.224190082745,0.9971389620238564,14.268637803369792,0.08296870189287402,0.17977804336539027,0.9983178239986579,0.0,0.0,0.0,0.0,False,900.1278498751149,1.3032562053670238,1440,2023-03-21,0.05,0.3740593336077326,2.722
567,5,147,320.7211055538547,5009.054988942543,4758.602239495406,4764.334614294035,0.9987968152401742,5.732374798628507,0.06739817480266294,0.17195131430734598,0.9694682714677432,0.0,0.0,0.0,0.0,False,1149.5122378272804,2.6426360931128032,1440,2023-07-31,0.05,0.37547064296623983,2.783
568,5,214,19.283296337618705,7606.165864543787,7225.857571316597,7252.679025073567,0.9963018556778477,26.821453756969902,0.0026686515956479287,0.18877942860341823,0.9673171054690928,0.0,0.0,0.0,0.0,False,1338.295962217267,2.567151417142261,1440,2023-12-31,0.05,0.39522092866537584,2.764
569,5,128,451.7217433484708,4625.5616496075645,4394.28356712716,4401.785124488678,0.9982957920140662,7.501557361517144,0.10279758610202569,0.18467181516309053,0.9547959953598179,0.0,0.0,0.0,0.0,False,1000.5257591358114,3.4799165798612415,1440,2023-08-31,0.05,0.3745603343431547,2.777
570,5,297,981.5084093314024,10725.951720138402,10189.654134131477,10209.059064326393,0.9980992440074401,19.40493019491562,0.09632401614532936,0.1883751982579781,0.9513648522752518,0.0,0.0,0.0,0.0,False,2223.9414879158935,2.9335393598518533,1440,2023-05-08,0.05,0.36783501769594423,2.653
571,5,232,747.4806260524294,8075.744251829801,7671.957039238342,7699.076400950452,0.9964775824657667,27.119361712109125,0.09743024136207076,0.19165959140954064,0.9902362955908895,0.0,0.0,0.0,0.0,False,1269.1524810005815,1.8006431753099905,1440,2023-01-06,0.05,0.35488856165652427,2.673
572,5,160,487.06148480541736,5442.871742435495,5170.728155313704,5188.033331940565,0.9966644052727416,17.30517662686203,0.09419591790082567,0.20149236980381136,0.9701859157230331,0.0,0.0,0.0,0.0,False,1099.188143605532,2.821333447738416,1440,2023-09-17,0.05,0.33772275232107374,2.766
573,5,209,539.0824488666101,7316.699951806912,6950.864954216577,6977.475455388585,0.9961862279069061,26.61050117200965,0.07755616781758773,0.1820932021523499,0.9510015316798703,0.0,2.013888888888889,46.77951412962614,0.0,False,911.2931349873543,3.8567867587398745,1517,2023-05-26,0.05,0.30228337389512716,2.753
574,5,148,402.7947846535481,5213.11813152895,4952.462224952513,4965.216631427017,0.9974312487407345,12.754406474504583,0.08133222755826479,0.1825102552267298,0.9551113889805785,0.0,0.0,0.0,0.0,False,1078.8481107431517,3.287891116382815,1440,2023-05-16,0.05,0.31750537987996763,2.77
575,5,164,448.93336931558764,5632.231270744213,5350.619707207025,5358.625228152742,0.9985060494800685,8.005520945716802,0.08390306055780719,0.1768865403119823,0.9510136475449408,0.0,1.7361111111111112,64.56563045184872,0.0,False,1161.165408183826,4.023091299445162,1496,2023-06-06,0.05,0.3296399551428677,2.698
576,5,217,549.4376827410916,7641.82275958962,7259.731621610118,7289.383353835461,0.9959322029332233,29.6517322253432,0.07568291933899798,0.19420310301242408,0.9594293854324262,0.0,0.0,0.0,0.0,False,1165.6241808038592,3.2495977869421626,1440,2023-06-02,0.05,0.3528754611500331,2.636
577,5,215,759.0542087907352,8084.2372667537265,7680.025403416037,7746.4695332423125,0.9914226565351939,66.44412982627462,0.09883485651663491,0.22792067918718945,0.9614776535727739,0.0,0.0,0.0,0.0,False,1034.316183537479,3.1292450556005997,1440,2023-07-08,0.05,0.33365727286417235,2.621
578,5,287,1001.7555993999579,10458.997440190915,9936.047568181384,9962.075740394308,0.9973872742095922,26.028172212923366,0.1008203304710337,0.20064103991445548,0.9638365493255168,0.0,0.0,0.0,0.0,False,2079.4699255408104,2.716865284369481,1440,2023-04-27,0.05,0.24270802069164044,2.705
579,5,196,193.83049928337726,7163.595873440501,6805.416079768445,6821.226119670882,0.9976822290267077,15.810039902437312,0.028481799938670664,0.17493096225607857,0.9740671869575294,0.0,0.0,0.0,0.0,False,1497.9489671478343,1.8883288265605371,1440,2023-11-02,0.05,0.22993177335790688,2.692
580,5,276,942.2544908510762,10190.828014733574,9681.28661399692,9696.346130793529,0.9984468874570408,15.059516796608955,0.09732740372429347,0.185654514556389,0.9547356060194662,0.0,0.0,0.0,0.0,False,2256.4277991966546,2.731251244346285,1440,2023-02-01,0.05,0.27752639822654535,2.723
581,5,239,871.8093564448533,8434.311630743388,8012.596049206179,8024.082144594885,0.9985685471332764,11.486095388706602,0.10880485564116575,0.16362358707728988,0.9676803458373009,0.0,0.0,0.0,0.0,False,1985.6190524126448,2.420409871975898,1440,2023-01-09,0.05,0.29272755733295364,2.761
582,5,277,781.9971729511618,9807.653669150852,9317.27098569331,9368.583210339657,0.9945229472275258,51.31222464634784,0.08392985179371944,0.21215067519937447,0.9750217239194047,0.0,0.0,0.0,0.0,False,1744.4850208078178,2.2021364971847897,1440,2023-11-07,0.05,0.35517534571823384,2.675
583,5,288,914.5552447392456,10298.906053856444,9783.960751163577,9798.171091413156,0.9985496946198426,14.210340249578044,0.09347495027823781,0.18352339748402877,0.9627640456123794,0.0,0.0,0.0,0.0,False,2087.181828647956,2.861339100610489,1440,2023-05-01,0.05,0.29776644879790326,2.706
584,5,163,776.9311575268197,5986.757097448903,5687.419242576466,5696.174734570053,0.9984629172380457,8.755491993587855,0.13660522011647255,0.18270165033984925,0.9867951721940669,0.0,0.0,0.0,0.0,False,1044.7275103074928,1.9232310447197545,1440,2023-02-21,0.05,0.3156431723611979,2.605
585,5,183,158.92873523760954,6366.981813813007,6048.632723122322,6060.215284062837,0.9980887542112613,11.582560940514067,0.026275150519565693,0.170795048523897,0.9740150509393296,0.0,0.0,0.0,0.0,False,1599.6001793503901,2.169187483974175,1440,2023-01-04,0.05,0.332617312412036,2.658
586,5,265,663.7382184907137,9343.965215949242,8876.76695515179,8936.291219070654,0.9933390416158512,59.524263918862815,0.07477251817515626,0.20945178360828587,0.9573800155932555,0.0,0.0,0.0,0.0,False,1441.9797396398508,3.3027816742320026,1440,2023-06-30,0.05,0.37385139602160666,2.74
587,5,236,563.3098320810153,8399.295421572146,7979.330650493557,8020.074259385512,0.9949197965537196,40.74360889195437,0.07059612601041569,0.21115088378430694,0.9800336292763339,0.0,0.0,0.0,0.0,False,1649.7468080562467,2.2437711489227326,1440,2023-10-27,0.05,0.32132125654319343,2.711
588,5,149,442.9613116264549,5214.798524859281,4954.058598616302,4968.547802841669,0.9970838150702546,14.48920422536686,0.08941382157856925,0.184044207256439,0.97476234879412,0.0,0.0,0.0,0.0,False,1074.1493665978169,2.5979737900469635,1440,2023-07-04,0.05,0.2750015803840011,2.82
589,5,159,833.5294450747949,5689.092149353738,5404.637541886037,5418.356049779486,0.9974681420402398,13.71850789344907,0.1542248557123261,0.21455829785575573,0.9936166127677349,0.0,0.0,0.0,0.0,False,982.6283330430631,1.5169748945062558,1440,2023-01-19,0.05,0.29837831745513477,2.803
590,5,174,266.13243698950265,6493.614337370067,6168.933620501559,6196.948417913229,0.9954792592220569,28.014797411670315,0.04314075225336353,0.19176090634789794,0.984275532372434,0.0,0.0,0.0,0.0,False,1180.388575155393,1.7585280846298355,1440,2023-12-16,0.05,0.24922079290075705,2.724
591,5,290,790.8430130000976,10558.864718441779,10030.921482519732,10050.60830547539,0.9980412307039234,19.68682295565678,0.07884051474017127,0.18387377332055246,0.9523251607989217,0.0,0.0,0.0,0.0,False,1894.5872852693778,3.4566954895400226,1440,2023-05-23,0.05,0.26046098925714717,2.78
592,5,238,1248.7077116608284,8710.82767431129,8275.28629059574,8300.659942931801,0.9969431765051806,25.373652336061088,0.15089601348051168,0.18290785017580916,0.9800718764186901,0.0,0.0,0.0,0.0,False,1579.3314779674827,1.9751062166086526,1440,2023-01-20,0.05,0.2876111503363916,2.793
593,5,231,1065.9041683916644,7851.826488546082,7459.23516411878,7485.072530604902,0.9965481474788015,25.83736648612156,0.1428972468275289,0.18079251005674785,0.979845535050897,0.0,0.0,0.0,0.0,False,1638.6146334966154,2.1044543877168023,1440,2023-01-27,0.05,0.3123109176094321,2.779
594,5,267,969.9856559161773,9838.153856393614,9346.246163573916,9383.700834605715,0.9960085395206045,37.45467103179976,0.10378344834277978,0.20107388499572224,0.9577333943487861,0.0,0.0,0.0,0.0,False,1375.8396549239026,2.952887429233967,1440,2023-09-16,0.05,0.33768485418696187,2.769
595,5,148,714.0894291407915,5480.220491938044,5206.209467341157,5224.995987180754,0.9964044910492392,18.786519839597666,0.13716110226073586,0.1864869701836199,0.9961696686771717,0.0,0.0,0.0,0.0,False,807.2490483228302,1.4121687497693638,1440,2023-02-04,0.05,0.31331128433345595,2.769
596,5,295,600.0640531622438,10696.412583289646,10161.591954125124,10171.010501983135,0.999073981109726,9.41854785801231,0.05905216976545159,0.167166091340428,0.9510025920195065,0.0,2.9166666666666665,66.371364198306,0.0,False,1893.161039541089,3.746738053619507,1500,2023-05-29,0.05,0.32657929252809537,2.774
597,5,166,156.52355401188314,6232.993173136403,5921.343514479542,5931.195822969417,0.9983389001503338,9.852308489874565,0.02643379051209138,0.16900273123140885,0.9692991399126565,0.0,0.0,0.0,0.0,False,1293.6324488799785,2.6401133129514576,1440,2023-09-24,0.05,0.3813413279718077,2.927
598,5,291,154.89688711320855,10475.833068698645,9952.041415263739,9971.147635320896,0.9980838494468303,19.106220057156698,0.015564333049864387,0.18613883279842686,0.9510019477072351,0.0,4.166666666666667,330.99412574510325,0.0,False,1759.6978545057593,4.390271484474338,1584,2023-07-02,0.05,0.4226602120050492,2.725
599,5,148,527.9350966641581,5311.195535345585,5045.635758578293,5061.846634825095,0.9967974382836349,16.21087624680211,0.10463202694855528,0.18020700813774168,0.991162156942474,0.0,0.0,0.0,0.0,False,1015.4756643505882,1.5779613362023295,1440,2023-03-11,0.05,0.4187089541442815,2.756
