episode,stage,n_ev,cost_eur,energy_drawn_kwh,energy_delivered_kwh,energy_requested_kwh,service_quality,unmet_kwh,cost_per_kwh,retail_price_paid,min_voltage_pu,violation_rate_pct,q_activation_pct,q_kvarh,curtailed_kwh,q_exhausted_any,peak_ev_kw,peak_feeder_mw,pf_solves,day,noise,w_retail,wall_s
0,0,60,235.02482690614397,2217.997532533302,2107.0976559066407,2146.437464763594,0.9816720451898717,39.33980885695363,0.11153959867371104,0.2404787284590117,1.0060222970367556,0.0,0.0,0.0,0.0,False,515.4355627298355,1.1377153620291434,1440,2023-11-21,0.3,0.0,0.309
1,0,60,45.01075616823832,2146.9231941115027,2039.5770344059226,2041.2542211542916,0.9991783547923685,1.6771867483691265,0.022068671792702756,0.13764192388719074,0.9749904514954325,0.0,0.0,0.0,0.0,False,471.939509057554,2.5452874947418174,1440,2023-10-14,0.2985,-0.09107713903277628,0.318
2,0,60,27.09220835796452,2273.2389602092367,2159.577012198767,2172.4450937096235,0.9940766827441962,12.868081510856673,0.012545145741471227,0.2017713131432638,1.0016328347285253,0.0,0.0,0.0,0.0,False,422.8508726093932,1.3445492772947334,1440,2023-11-04,0.2970075,0.06542002360464924,1.992
3,0,60,276.1415221199491,2035.564556067787,1933.7863282643916,1946.2321754912205,0.9936051580158017,12.445847226828825,0.14279836302689716,0.20074608503408242,1.00698695643808,0.0,0.0,0.0,0.0,False,373.9269722700119,1.0840997978939702,1440,2023-01-27,0.29552246249999997,0.04944453169406576,2.185
4,0,60,229.7732217320964,1976.501788949158,1877.676699501707,1885.111314512413,0.9960561400520642,7.434615010706202,0.12237102467803591,0.18181147365290784,1.0067835000054153,0.0,0.0,0.0,0.0,False,494.53098195791245,1.078791338864269,1440,2023-03-03,0.2940448501875,0.038882335754093875,2.285
5,0,60,52.679435800691685,2105.0754583064904,1999.821685391157,2004.6026460539265,0.9976150083049222,4.7809606627694965,0.026342066487986805,0.16584563038745975,0.9609404835752123,0.0,0.0,0.0,0.0,False,470.2171235319607,3.204361327160435,1440,2023-07-02,0.29257462593656247,0.07299815035805504,2.282
6,0,60,312.6637611919521,2296.999447966468,2182.1494755681374,2209.267258323368,0.9877254403454064,27.11778275523077,0.14328246744442105,0.23540853628052566,1.0062008970281282,0.0,0.0,0.0,0.0,False,342.7394102215767,1.1062770307658993,1440,2023-02-08,0.2911117528068797,0.1371233757058368,2.325
7,0,60,190.898087913999,2139.141212689017,2032.1841520545668,2038.3821692278107,0.9969593448830099,6.198017173243811,0.09393739623498114,0.14686032688790007,1.0082031671387102,0.0,0.0,0.0,0.0,False,462.99419096598297,1.019456164729557,1440,2023-12-04,0.28965619404284526,0.033614736205290936,2.413
8,0,60,191.6444744731436,2228.400383241479,2116.9803640793903,2130.7611779389536,0.9935324455869365,13.780813859562885,0.09052728014153494,0.1860724527700402,0.9629593502212043,0.0,0.0,0.0,0.0,False,408.1189489101994,3.0986897774305477,1440,2023-07-11,0.28820791307263105,0.14827086892423552,2.628
9,0,60,145.1933570603941,2279.606807882493,2165.626467488377,2178.382095094733,0.9941444489306632,12.75562760635632,0.06704450616951714,0.14590035007828098,0.96657565615518,0.0,0.0,0.0,0.0,False,335.0763262921279,3.0303397849574045,1440,2023-06-10,0.28676687350726787,0.1544254755201809,2.559
10,0,60,265.34754749558334,2241.448760023601,2129.3763220224105,2140.381577520745,0.994858274050797,11.005255498334476,0.12461280082402959,0.18356072496036374,1.0066541306134986,0.0,0.0,0.0,0.0,False,528.1348687410355,1.0906984153047534,1440,2023-03-08,0.28533303913973157,0.25043276921489344,2.52
11,0,60,270.76547084878166,1843.895954330284,1751.7011566137708,1760.6828744766788,0.9948987304908173,8.9817178629077,0.15457286753877633,0.15589336227789413,1.0035768392489013,0.0,0.0,0.0,0.0,False,524.3703833258598,1.2340061241690745,1440,2023-02-06,0.2839063739440329,0.24520774318206323,2.419
12,0,60,189.78377219929482,2018.8708071433587,1917.9272667861878,1920.3106200292239,0.9987588709773423,2.383353243035993,0.09895253875675364,0.1120402448045764,0.9900110605382295,0.0,0.0,0.0,0.0,False,483.9674606386385,1.8652192555600657,1440,2023-05-05,0.2824868420743127,0.3041012521433375,2.518
13,0,60,81.132361115854,2211.114888406685,2100.559143986335,2106.386890026291,0.9972332974214992,5.8277460399556364,0.03862417363877939,0.11730789487064623,1.0112165537892603,0.0,0.0,0.0,0.0,False,492.32153218984604,0.9626898287201558,1440,2023-11-23,0.28107440786394117,0.4520909055134271,2.721
14,0,60,222.4229032637846,2094.9291994256178,1990.1827394543384,1992.4297357389548,0.9988722331110045,2.246996284616369,0.11176004034924339,0.10512405745926301,1.0116196116843843,0.0,0.0,0.0,0.0,False,518.3287535199886,1.0385203011050301,1440,2023-10-25,0.27966903582462144,0.5630284033206129,2.605
15,0,60,-11.994059087411134,2130.5674268911243,2024.0390555465674,2036.4916546497898,0.9938852687783963,12.452599103222243,-0.005925804175835077,0.20334867753194052,0.9620148561212667,0.0,0.0,0.0,0.0,False,234.42686303601795,3.1957028504520113,1440,2023-07-01,0.27827069064549836,0.6833266409984414,2.591
16,0,60,164.98494676983057,2184.2954376796597,2075.080665795677,2077.575218084994,0.9987992962817411,2.4945522893170207,0.07950772685097912,0.13613417271246833,1.0079624008473822,0.0,0.0,0.0,0.0,False,453.21627739016,1.0496313813430904,1440,2023-11-27,0.2768793371922708,0.5633036331042167,2.6
17,0,60,213.36607059597304,2068.867714195861,1965.4243284860718,1969.0809743222824,0.9981429682761171,3.656645836210571,0.10855979927770854,0.12263736231353749,0.992044292571032,0.0,0.0,0.0,0.0,False,560.0295157432556,1.7722261402921462,1440,2023-04-17,0.27549494050630946,0.6183504287560523,2.65
18,0,60,159.21872713093111,1947.6516060250049,1850.2690257237548,1861.6126245235553,0.9939065739830253,11.343598799800384,0.08605166325402373,0.1637125524564159,1.006554695957339,0.0,0.0,0.0,0.0,False,342.1591579934661,1.1202087577282103,1440,2023-12-08,0.27411746580377794,0.6959489800394918,2.835
19,1,60,233.5679913385219,2384.224014262761,2265.0128135496157,2280.741074103612,0.9931038815705208,15.728260553995863,0.10311994260751475,0.17829127069665,1.0002754492214467,0.0,0.0,0.0,0.0,False,507.97102028131485,1.3968898483033567,1440,2023-04-27,0.27274687847475904,0.6694767751290901,2.608
20,1,120,244.08459362350087,4406.019049252808,4185.718096790171,4200.439414005037,0.9964952911436403,14.721317214865259,0.05831367234469941,0.1821516910576155,0.9871600145454036,0.0,0.0,0.0,0.0,False,874.4534428826971,1.9901174778845876,1440,2023-09-20,0.27138314408238523,0.6173112675374212,2.492
21,1,120,443.74975817321655,4447.960179682113,4225.562170698011,4240.20372794492,0.9965469684509699,14.641557246909102,0.10501555538583274,0.1613380826780856,1.0061036106180479,0.0,0.0,0.0,0.0,False,909.1611734960361,1.2965000496777361,1440,2023-11-21,0.2700262283619733,0.5679783521170811,2.387
22,1,120,498.43332527581833,4325.922314527061,4109.626198800712,4125.095310911215,0.9962499988619448,15.469112110503447,0.12128434586612116,0.16280985055851954,1.00414346446297,0.0,0.0,0.0,0.0,False,933.6225573725316,1.440569222775288,1440,2023-04-08,0.26867609722016345,0.5762350540818707,2.323
23,1,120,352.1886583631215,4371.006463173792,4152.456140015092,4178.79899656976,0.9936960699530436,26.3428565546675,0.08481454023541869,0.19771096025675655,0.9650501357777669,0.0,0.0,0.0,0.0,False,831.3658562508045,3.0265032173533197,1440,2023-06-07,0.2673327167340626,0.5814620337888217,2.232
24,1,120,517.2382276871634,4099.733412458897,3894.7467418359593,3909.386145581175,0.9962553190705495,14.639403745215503,0.13280407224715735,0.19537219054917473,1.0086650694587511,0.0,0.0,0.0,0.0,False,1061.4857145437506,1.4854464692051326,1440,2023-02-09,0.2659960531503923,0.5089756282054231,2.281
25,1,120,441.5590971350152,4256.60369112575,4043.773506569457,4085.724936266065,0.9897321943226683,41.95142969660776,0.10919481430343825,0.24655395285518183,1.009342104128015,0.0,0.0,0.0,0.0,False,784.4099533550494,1.1966172733436644,1440,2023-12-05,0.26466607288464034,0.4563631875679256,2.24
26,1,120,53.01838489271248,4181.260403560373,3972.197383382362,3983.978834111249,0.9970427928411635,11.781450728887272,0.013347369170151068,0.16627264047616372,1.0016389400624721,0.0,0.0,0.0,0.0,False,1061.3716883307302,1.5834573403913865,1440,2023-11-13,0.26334274252021717,0.29934566034195287,2.21
27,1,120,340.1220966581649,3821.646855365567,3630.564512597299,3653.684611029119,0.9936721143466984,23.12009843181968,0.09368297835722582,0.20200515024324875,0.9971279347645046,0.0,0.0,0.0,0.0,False,861.006304066187,1.5867122265970426,1440,2023-03-16,0.26202602880761605,0.3520368937712064,2.211
28,1,120,213.46758588068488,4458.8832445597345,4235.939082331745,4269.455553501166,0.9921497083762975,33.51647116942034,0.05039439466234675,0.2208973332133296,1.003280124537725,0.0,0.0,0.0,0.0,False,902.4926460040754,1.3312993365517989,1440,2023-01-04,0.260715898663578,0.31547810151485967,2.322
29,1,120,394.2852463884314,4094.3983683568754,3889.6784499390355,3911.149823240681,0.9945102145732032,21.47137330164605,0.10136705423416457,0.19407779492774774,0.9798870766869965,0.0,0.0,0.0,0.0,False,737.4792666778899,2.377169650131769,1440,2023-05-07,0.2594123191702601,0.24362339851493792,2.283
30,1,120,574.1509592728694,4378.769855420265,4159.831362649233,4206.553746909649,0.9888929544060288,46.722384260416376,0.13802265265561517,0.24235442070330762,1.0096176855216743,0.0,0.0,0.0,0.0,False,815.1242718123249,1.2576061717981837,1440,2023-03-02,0.2581152575744088,0.24543873059689322,2.339
31,1,120,564.5829613405432,4452.673344363174,4230.039677144997,4242.467441072412,0.9970706283312634,12.427763927414883,0.13346989731349285,0.17652315427304688,1.0071345606574038,0.0,0.0,0.0,0.0,False,1225.0085037402832,1.6946892949760728,1440,2023-02-26,0.25682468128653674,0.13856469852106038,2.447
32,1,120,315.2997934985079,3990.820776543648,3791.2797377164625,3811.8067425874265,0.9946148883568451,20.527004870964422,0.08316447619568612,0.20820576426797172,1.0046714994798667,0.0,0.0,0.0,0.0,False,801.7032059601569,1.283022471758633,1440,2023-04-11,0.25554055788010405,0.19906810129331537,2.567
33,1,120,146.44545873374383,4362.6288315442225,4144.49738996702,4184.606870368791,0.990414994372402,40.10948040176991,0.035334913972502026,0.21511121528256077,1.0061989921714711,0.0,0.0,0.0,0.0,False,1017.933370104127,1.3894557374931835,1440,2023-10-18,0.25426285509070357,0.17735879330888613,2.318
34,1,120,430.61878367438044,4137.557341311908,3930.6794742463135,3948.599277969161,0.9954617314998689,17.919803722847163,0.1095532684605247,0.18118333884180313,1.005233545758015,0.0,0.0,0.0,0.0,False,913.2064055686158,1.2825555991657422,1440,2023-04-15,0.25299154081525005,0.1440437939251188,2.344
35,1,120,326.6283835244641,4208.065132628434,3997.6618759970206,4019.509895773228,0.9945645065336991,21.84801977620694,0.08170485490171743,0.2017393018124748,1.0103330455682042,0.0,0.0,0.0,0.0,False,817.9743373315587,1.2247725476261937,1440,2023-11-24,0.25172658311117374,0.19297395564568157,2.313
36,1,120,59.38813539630443,4255.807537903541,4043.0171610083316,4065.4565697520247,0.9944804701861415,22.439408743693228,0.014689063397765292,0.19898522182136535,1.0002281348892794,0.0,0.0,0.0,0.0,False,814.3857039783484,1.4350437413386594,1440,2023-11-04,0.2504679501956179,0.18680800139603038,2.251
37,1,120,139.17210028399197,4123.69459585666,3917.509866063824,3931.3460645822424,0.9964805442484269,13.83619851841767,0.03552565406142223,0.14861753446389686,0.9614009616972053,0.0,0.0,0.0,0.0,False,825.2194104082585,3.174784182369809,1440,2023-07-14,0.24921561044463983,0.18798495288568196,2.29
38,1,120,455.1092956376267,4343.35015840183,4126.182650481725,4152.261559246685,0.9937193482653125,26.07890876495906,0.11029790345914363,0.20552390757451602,0.990353376960077,0.0,0.0,0.0,0.0,False,882.7631800976629,1.937283298681439,1440,2023-04-28,0.2479695323924166,0.302304549540639,2.255
39,2,120,342.2180794947464,4356.455800964132,4138.633010915923,4161.816936215692,0.9944293740798579,23.183925299770173,0.08268867488180838,0.21970205188858086,0.9649502379111815,0.0,0.0,0.0,0.0,False,797.595670116276,3.0722263414584767,1440,2023-05-25,0.24672968473045453,0.2682900106425168,2.313
40,2,180,735.7269433374611,6416.504885656868,6095.679641374028,6140.099853636717,0.9927655553946114,44.42021226268933,0.12069645824950552,0.2307971374547521,0.9971737586110854,0.0,0.0,0.0,0.0,False,1166.1633836756157,2.057449890442876,1440,2023-10-11,0.24549603630680228,0.20890135943864727,2.248
41,2,180,580.1008724889483,6435.58767649613,6113.80829267134,6167.853281412748,0.9912376338613181,54.04498874140871,0.09488371972413968,0.22376919632141323,0.9632978420026638,0.0,0.0,0.0,0.0,False,1255.7318993422468,3.0745788401814043,1440,2023-07-27,0.24426855612526827,0.13544139335723732,2.242
42,2,180,563.894613881371,6396.8967216516285,6077.051885569013,6094.466998924487,0.9971424714649293,17.415113355473302,0.09279081773523015,0.15653347619463776,0.9644277194757794,0.0,0.0,0.0,0.0,False,988.0122793579001,3.2653175727115418,1440,2023-07-21,0.2430472133446419,0.09094643116938418,2.281
43,2,180,572.1431341715546,6084.656238379413,5780.423426460432,5798.468752298189,0.9968879153085709,18.045325837756703,0.09897945045902963,0.1928949998445447,1.0044929343831845,0.0,0.0,0.0,0.0,False,1644.962417203283,2.015820547111876,1440,2023-02-01,0.2418319772779187,0.20544237188827585,2.241
44,2,180,792.1403515445148,6662.611162121198,6329.480604015113,6398.779819638417,0.9891699327720859,69.29921562330338,0.1251509248708369,0.2500008333441003,0.9708361929423325,0.0,0.0,0.0,0.0,False,1427.4583889707171,2.9313512299762747,1440,2023-09-25,0.2406228173915291,0.21739902244136672,2.439
45,2,180,601.9589795900783,6509.118189872851,6183.662280379177,6206.8505815218805,0.9962640793687323,23.18830114270356,0.09734667779320683,0.17566124138042938,1.0011094905599172,0.0,0.0,0.0,0.0,False,1340.259148758765,1.9468560917738098,1440,2023-11-12,0.23941970330457144,0.09883146751761207,2.487
46,2,180,695.9115658396651,6528.318537533059,6201.902610656411,6241.01284908605,0.9937333507596661,39.110238429638585,0.11220936695199243,0.1969838723083076,0.9572872282948558,0.0,0.0,0.0,0.0,False,1066.6116145407093,3.3713345943637227,1440,2023-08-20,0.23822260478804858,0.1687414638296629,2.419
47,2,180,640.1087728657333,6150.4530380015385,5842.930386101485,5880.835282810524,0.9935545046092629,37.90489670903911,0.10955269540577671,0.1960733978027403,1.00615770297401,0.0,0.0,0.0,0.0,False,1020.9154819540946,1.504591369516182,1440,2023-01-05,0.23703149176410834,0.17791047922255607,2.22
48,2,180,650.7991938371017,6790.885564808507,6451.341286568081,6452.882697138337,0.9997611283758592,1.541410570256284,0.10087812207239577,0.15216175340761007,0.9682576447142818,0.0,0.0,0.0,0.0,False,1491.9662734565786,2.8466825592480016,1440,2023-06-18,0.2358463343052878,0.18744506555898166,2.218
49,2,180,809.8142956458162,6356.470256366223,6038.646743547945,6052.573228029287,0.9976990803817377,13.926484481341669,0.1341052606713699,0.1729239875060684,1.0045976520508297,0.0,0.0,0.0,0.0,False,1292.7170505563613,1.7509378654282512,1440,2023-03-02,0.23466710263376137,0.2940702646270281,2.269
50,2,180,690.7517917771985,6653.7433395639655,6321.056172585739,6333.00129891227,0.998113828536782,11.94512632653037,0.10927790750744655,0.16298087698745603,0.9974432442453425,0.0,0.0,0.0,0.0,False,1373.3024655238437,1.9415016870138087,1440,2023-10-26,0.23349376712059255,0.3350473094895535,2.269
51,2,180,918.4350057342036,6446.180857878012,6123.871814984101,6148.034320886649,0.9960698810967171,24.16250590254767,0.14997619700120848,0.1695207209059116,1.0069111662252197,0.0,0.0,0.0,0.0,False,1187.305596713651,1.536853378018762,1440,2023-01-20,0.2323262982849896,0.3915547446711483,2.215
52,2,180,668.814130472325,6550.80500612809,6223.264755821668,6265.198860308172,0.9933068198757156,41.934104486504054,0.10746997865496088,0.20705483860163287,1.004543890410042,0.0,0.0,0.0,0.0,False,1215.694078816538,1.80221869863885,1440,2023-11-26,0.23116466679356462,0.4238970001505263,2.34
53,2,180,695.837801472665,6638.0189294189695,6306.11798294802,6323.511188651672,0.9972494386133346,17.393205703651773,0.11034328938250705,0.16309897054028963,1.002836769296866,0.0,0.0,0.0,0.0,False,1134.245035339257,1.586130656565528,1440,2023-11-25,0.23000884345959682,0.3668430036733602,2.373
54,2,180,378.1435275944708,6665.400813681469,6332.1307729973205,6344.321398858892,0.998078498062257,12.19062586157187,0.05971821194960511,0.16782910863567935,1.0045999179747056,0.0,0.0,0.0,0.0,False,1547.046478440433,1.9861209077319932,1440,2023-12-18,0.22885879924229882,0.419747767699568,2.343
55,2,180,629.4411702921059,6653.505948710675,6320.830651275135,6370.220650343362,0.9922467365293596,49.38999906822667,0.09958203359951201,0.19557594436001216,0.9531617993280925,0.0,0.0,0.0,0.0,False,1135.565862568956,3.7342959403900586,1440,2023-09-02,0.22771450524608736,0.4532738196788929,2.294
56,2,180,669.0076193239713,6686.636096734342,6352.304291897621,6371.882382071304,0.9969274244250379,19.578090173683876,0.10531731299101842,0.1685802509649057,1.0040265400391382,0.0,0.0,0.0,0.0,False,1563.1763406813366,1.9597040956487544,1440,2023-10-24,0.2265759327198569,0.4192728254508201,2.268
57,2,180,477.69681286451726,6253.594427152763,5940.914705795136,5952.948196749983,0.9979785661562758,12.033490954847736,0.08040795677449168,0.17861085235016635,1.0073386323988265,0.0,0.0,0.0,0.0,False,1394.8169476643236,1.77153150181518,1440,2023-11-27,0.22544305305625761,0.4530335429893507,2.299
58,2,180,787.386350989838,6130.050323622542,5823.547807441398,5846.906396352888,0.9960049661602142,23.358588911490614,0.1352073301405213,0.190812429355719,1.0037407917322365,0.0,0.0,0.0,0.0,False,1562.2470333569422,1.9653977789712138,1440,2023-01-26,0.22431583779097633,0.45904425135509347,2.193
59,3,180,635.5199712557453,6627.316893976398,6295.951049277586,6338.524929691404,0.993283314195959,42.57388041381823,0.10094105978296425,0.19888811864219746,0.9682645322737671,0.0,0.0,0.0,0.0,False,1404.15767582656,2.8487672480996338,1440,2023-09-06,0.22319425860202144,0.4374687271676859,2.264
60,3,240,715.455968002708,8350.692457262025,7933.157834398882,7966.952571781199,0.995758134986015,33.79473738231841,0.09018552043682113,0.19608977755931617,0.9607954839606494,0.0,0.0,0.0,0.0,False,2052.3646548396623,3.811202846284512,1440,2023-07-27,0.22207828730901136,0.40249738545539737,2.407
61,3,240,877.6654526432729,8648.598353273796,8216.168435610123,8255.033825425871,0.9952919163461159,38.86538981574691,0.10682174538186649,0.18266143697878787,1.0011937665869282,0.0,0.0,0.0,0.0,False,1626.2858739329986,2.0174363308351637,1440,2023-11-28,0.2209678958724663,0.3808721735899395,2.423
62,3,240,757.9108274368086,8352.163051103853,7934.55489854867,7967.765861717687,0.9958318349528086,33.210963169015926,0.09552027015093689,0.18307666116443952,0.9934310159256282,0.0,0.0,0.0,0.0,False,1878.447187853387,2.6348916754278644,1440,2023-05-01,0.21986305639310397,0.3939812815257962,2.329
63,3,240,604.6707067931798,8100.198259408398,7695.188346437979,7771.102972696307,0.9902311645431732,75.91462625832878,0.07857776568562815,0.21762006684345905,1.0028366508897846,0.0,0.0,0.0,0.0,False,1367.8119290165514,1.7584299142688395,1440,2023-04-09,0.21876374111113842,0.4044012416078259,2.34
64,3,240,231.93874887521034,8751.503168808395,8313.928010367932,8326.24705992188,0.9985204559190605,12.319049553947934,0.027897613328617926,0.16532156763914024,0.995997097391415,0.0,0.0,0.0,0.0,False,2118.5917280594213,2.725753369333166,1440,2023-01-04,0.21766992240558275,0.3358607138374337,2.331
65,3,240,797.4841024979414,8793.656852646995,8353.974010014714,8377.224617488135,0.9972245452957196,23.250607473421102,0.0954616451454027,0.18056387034441135,0.9685388660312738,0.0,0.0,0.0,0.0,False,1927.0279559016835,3.239201579076517,1440,2023-09-17,0.2165815727935548,0.39781891148866433,2.269
66,3,240,227.6209126019242,8372.733619534336,7954.0969385576445,7971.673399647414,0.9977951353237142,17.576461089769218,0.028616813996637035,0.1509961124156097,0.9990476027182502,0.0,0.0,0.0,0.0,False,1831.6044272669,2.3367865500629375,1440,2023-01-12,0.21549866492958705,0.4148242101408319,2.247
67,3,240,563.4438827646469,8403.968506885516,7983.770081541224,7999.06269396725,0.9980881994539735,15.292612426027242,0.07057366094088184,0.17261990441684075,0.9587844188578719,0.0,0.0,0.0,0.0,False,1898.2404353358443,3.894161065229663,1440,2023-07-23,0.21442117160493912,0.495927710885149,2.328
68,3,240,873.9544265461374,8884.641761918141,8440.409673822214,8487.091748387662,0.9944996382801781,46.68207456544748,0.10354407668820768,0.18120143101525207,0.9510022300766671,0.0,1.7361111111111112,115.80543431098678,1.7403337301810573,True,1242.1694278973005,3.927484884982512,1515,2023-08-26,0.21334906574691442,0.5146071738570523,2.341
69,3,240,584.2578595896156,8733.092938293137,8296.438291378458,8323.683522936512,0.9967267819009483,27.24523155805379,0.07042273311389155,0.1771137880625518,0.9567757614584359,0.0,0.0,0.0,0.0,False,1811.0442532392194,3.7676889948156496,1440,2023-08-08,0.21228232041817982,0.5116113141673075,2.361
70,3,240,533.7541168539932,8583.78632531904,8154.597009053085,8171.405733652589,0.9979429824992925,16.808724599504878,0.0654543831241972,0.15960200624439433,0.9927787245308974,0.0,0.0,0.0,0.0,False,1688.3141060649523,2.3415229474679697,1440,2023-04-01,0.21122090881608893,0.5193517515083247,2.61
71,3,240,651.7458660075649,8208.201162599462,7797.791104469481,7837.152675588105,0.9949775673962266,39.36157111862346,0.0835808317093801,0.18898914454465868,1.0006447398338627,0.0,0.0,0.0,0.0,False,1662.0234013707263,2.1461244067786835,1440,2023-03-21,0.21016480427200848,0.5660899210688652,2.398
72,3,240,660.7044619312663,8871.318256999122,8427.75234414919,8448.671287444085,0.997523996071905,20.91894329489538,0.07839628348713261,0.14476904119654443,0.9695176128561557,0.0,0.0,0.0,0.0,False,1373.153857207095,2.8112024982684556,1440,2023-08-05,0.20911398025064845,0.5393792952294831,2.37
73,3,240,748.507522373826,9004.264655799288,8554.051423009296,8567.177753360862,0.9984678349475804,13.126330351568832,0.08750327597522237,0.13939528845438387,0.9658857975964383,0.0,0.0,0.0,0.0,False,1855.6831612151068,3.1168468219723495,1440,2023-06-08,0.20806841034939522,0.6180565698640015,2.388
74,3,240,1005.4397371450603,9196.502020581327,8736.676919552257,8753.306156814057,0.998100233561595,16.629237261800597,0.11508262768592657,0.16966759576192336,1.0023092726092222,0.0,0.0,0.0,0.0,False,1835.122825222336,2.206102355378171,1440,2023-01-09,0.20702806829764822,0.6958508811816502,2.222
75,3,240,917.4592299946135,8457.42241137955,8034.551290810599,8073.911735946302,0.9951249844656508,39.360445135703145,0.1141892305851534,0.169702604970663,0.9692666180283103,0.0,0.0,0.0,0.0,False,2222.5565851926804,4.070248579997601,1440,2023-09-26,0.20599292795615998,0.6930038743710862,2.309
76,3,240,1113.7615096752145,8593.150445769741,8163.492923481283,8196.313296445474,0.9959957151737446,32.8203729641927,0.13643198078504076,0.19393155602661655,0.99710051834363,0.0,0.0,0.0,0.0,False,1576.8917756360302,2.2127842533367565,1440,2023-02-21,0.20496296331637917,0.6921641184148747,2.306
77,3,240,1310.1966258864102,9013.835121378295,8563.143365309348,8575.341364451164,0.998577549438162,12.197999141814488,0.15300416797810773,0.16518511481741122,0.9937614838351917,0.0,0.0,0.0,0.0,False,1519.2661020053326,2.3611986431741143,1440,2023-02-05,0.2039381484997973,0.6384920435254768,2.594
78,3,240,858.335771464087,8277.194063121075,7863.334359965054,7928.20539988784,0.9918176892940106,64.87103992278634,0.10915671802462963,0.23135711412462356,1.0003050247831518,0.0,0.0,0.0,0.0,False,1656.3978201130103,2.1671157523214317,1440,2023-11-20,0.2029184577572983,0.6605372985333396,2.43
79,4,240,767.6691843890457,8721.402575314007,8285.33244654831,8333.872240610872,0.9941756013697896,48.53979406256293,0.09265399902074643,0.17247742435937824,0.9786946306706187,0.0,0.0,0.0,0.0,False,1456.188312171384,2.457595343830174,1440,2023-07-07,0.20190386546851183,0.5310272483575316,2.492
80,4,300,278.4236276381383,10913.689557509582,10368.005079634104,10392.369609479023,0.9976555366330797,24.364529844919574,0.02685411759539417,0.16617026216450317,0.9877481232954471,0.0,0.0,0.0,0.0,False,2137.6739929867226,3.11292473623415,1440,2023-12-09,0.20089434614116924,0.558330654482456,2.348
81,4,300,946.5739646862318,11205.273280867506,10645.009616824143,10689.41575317845,0.9958457845237143,44.406136354306554,0.08892185153033566,0.1825716678745255,0.9650232461328672,0.0,0.0,0.0,0.0,False,1920.6815972328186,3.7891918548080556,1440,2023-07-12,0.19988987441046338,0.5957406231028954,2.235
82,4,300,962.4173387287524,11114.076036217852,10558.372234406876,10581.99078079552,0.9977680431898024,23.618546388645072,0.09115205614673207,0.1626187513269114,0.9633566686054473,0.0,0.0,0.0,0.0,False,1971.6835851126489,3.321409657362784,1440,2023-05-18,0.19889042503841106,0.5904569220434716,2.316
83,4,300,1657.865564366494,11099.948178622015,10544.950769690964,10574.269065432869,0.9972273926868623,29.31829574190478,0.15721890036050687,0.18617768713775912,0.9923874578040219,0.0,0.0,0.0,0.0,False,2280.730458719657,3.021439911696567,1440,2023-02-06,0.19789597291321903,0.6319954400343379,2.329
84,4,300,1052.209135752818,10483.197455422927,9959.037582651836,10013.218101874965,0.9945891002600867,54.18051922312891,0.1056536966569657,0.21474482307230183,1.0005829103015478,0.0,0.0,0.0,0.0,False,1688.8537409458363,2.129432792015371,1440,2023-11-28,0.19690649304865293,0.6140877112862781,2.227
85,4,300,1157.6671265084713,11020.935664834204,10469.888881592424,10521.319233855957,0.9951117962376773,51.430352263534424,0.11057109961728602,0.19380743176207585,0.9849729550816956,0.0,0.0,0.0,0.0,False,2211.55131752086,2.7879652900755008,1440,2023-03-18,0.19592196058340966,0.5361765880782212,2.24
86,4,300,1108.4633132485599,10382.609574344648,9863.479095627412,9890.487480218013,0.9972692564805707,27.00838459060057,0.1123805609057309,0.19914338321563652,0.986527613111588,0.0,0.0,0.0,0.0,False,2297.1875643730164,3.083576890058458,1440,2023-02-10,0.1949423507804926,0.520219578806169,2.24
87,4,300,1273.4205724033081,10829.914550197414,10288.41882268757,10316.64900772343,0.9972636284306342,28.230185035859503,0.12377223306609728,0.17827422445765162,0.9979611507270263,0.0,0.0,0.0,0.0,False,2272.0339349167734,2.7908378686802,1440,2023-04-16,0.19396763902659017,0.49575770902991195,2.273
88,4,300,1382.7967849949105,10734.668295182324,10197.934880423232,10284.4591709202,0.9915868895914703,86.52429049696633,0.135595765339651,0.2288322110123484,0.9980129221405972,0.0,0.0,0.0,0.0,False,1964.6134966863483,2.5015292332717767,1440,2023-01-30,0.1929978008314572,0.5231866512535905,2.255
89,4,300,996.8860018458928,10180.029876196306,9671.028382386423,9735.53640283244,0.9933739634081951,64.50802044601801,0.10307962736015683,0.22574962916054486,0.9853353601280175,0.0,0.0,0.0,0.0,False,1765.4269529238377,2.626256399464638,1440,2023-05-03,0.19203281182729992,0.4324606240615831,2.286
90,4,300,837.0274231234592,10792.7567215261,10253.118885449829,10285.123608724145,0.996888250983472,32.00472327431442,0.08163637157385178,0.20116939776292575,0.9510002525560206,0.0,1.25,192.5715118544123,20.49347736062371,True,2227.677264811464,4.535481306107628,1500,2023-07-17,0.19107264776816343,0.3653740009239176,2.376
91,4,300,1099.9223165790233,11179.879405599326,10620.885435319327,10687.086020065437,0.9938055532984562,66.2005847461087,0.10356220517371141,0.19681374590273062,0.9784962198423098,0.0,0.0,0.0,0.0,False,1980.1646267650985,3.086904333709956,1440,2023-09-12,0.19011728452932258,0.365722741600401,2.346
92,4,300,1437.0175854440754,10898.779368504745,10353.84040007955,10413.171434785412,0.9943023088520693,59.33103470586205,0.13879078003105344,0.21071235154738252,1.0017939491880783,0.0,0.0,0.0,0.0,False,1938.9644711441085,2.310179973969829,1440,2023-01-21,0.189166698106676,0.37574348093888055,2.439
93,4,300,803.0919514908031,10743.671220063043,10206.487659059912,10260.723184336894,0.9947142589949437,54.235525276980695,0.0786844581914454,0.22060158274090555,0.9986747957991089,0.0,0.0,0.0,0.0,False,2291.0609875510927,2.7251864065990885,1440,2023-04-11,0.1882208646161426,0.3526475224140608,2.423
94,4,300,982.9752063428957,10720.884374096584,10184.840155391761,10261.18742180372,0.9925596070636299,76.34726641195536,0.09651356244629108,0.2244776613964896,0.9957340713962063,0.0,0.0,0.0,0.0,False,2015.7937388138948,2.6295962830443083,1440,2023-12-11,0.1872797602930619,0.31138436783140905,2.29
95,4,300,1206.7980471497356,10929.051941230073,10382.599344168546,10420.334333245059,0.9963787160882043,37.734989076513195,0.1162327474215348,0.19587225719453633,0.991698561049785,0.0,0.0,0.0,0.0,False,2269.059807062149,3.028028535518189,1440,2023-10-25,0.18634336149159655,0.2686225880531783,2.428
96,4,300,966.8882367299552,10868.944287491,10325.497073116525,10418.578041715948,0.9910658663565481,93.08096859942333,0.09364084168377196,0.23068522232476688,0.9666142021724705,0.0,0.0,0.0,0.0,False,2107.2495615977823,3.303120831317848,1440,2023-07-05,0.1854116446841386,0.29755144061516403,2.452
97,4,300,217.83139700202355,11254.508884306359,10691.78344009105,10785.00423982682,0.9913564429217817,93.22079973576754,0.02037371952234084,0.20821194177521918,0.9964773599237918,0.0,0.0,0.0,0.0,False,2034.1405465166365,2.4681411933331376,1440,2023-01-07,0.18448458646071791,0.24257173826200715,2.289
98,4,300,350.9120062710326,10472.716439944768,9949.080617947475,9989.08250792474,0.9959954390260035,40.001889977263446,0.035270797347647466,0.18652242760842225,0.9950189671163844,0.0,0.0,0.0,0.0,False,2088.911959464199,2.7076192890277717,1440,2023-01-11,0.1835621635284143,0.2476185964997255,2.317
99,5,300,818.4837274185484,11013.94921204046,10463.251751438467,10530.725443122978,0.9935926834244289,67.47369168451081,0.07822460424944137,0.19528050060815777,0.9945288066339958,0.0,0.0,0.0,0.0,False,2145.765869319439,2.8213408194333454,1440,2023-03-30,0.18264435271077226,0.30004689287643244,2.354
100,5,271,1031.3413613917521,10058.163373048325,9555.255204395948,9579.41459382206,0.9974779889533444,24.159389426114345,0.10793446531048986,0.16610087201091897,0.9759813979352513,0.0,0.0,0.0,0.0,False,1776.69798808507,2.928775832683248,1440,2023-09-08,0.18173113094721838,0.32295774434797186,2.455
101,5,167,689.8218223090546,6020.2321412397005,5719.220534177726,5730.351981516448,0.9980574583595166,11.131447338721541,0.12061465687268394,0.18625511851451498,0.9987716515729499,0.0,0.0,0.0,0.0,False,1083.9694444550582,1.4930250390991742,1440,2023-04-16,0.18082247529248227,0.4071765648385829,2.302
102,5,139,510.11541931716795,5326.0245301277355,5059.723303621298,5073.687894217355,0.9972476449306287,13.964590596055755,0.10081883706013585,0.17586633952043582,0.9861784791164512,0.0,0.0,0.0,0.0,False,1254.8500500671776,2.679112302681804,1440,2023-09-15,0.1799183629160199,0.4308995229974347,2.33
103,5,174,575.6192964338896,5835.184217608482,5543.425006728051,5561.793433766867,0.9966973913616969,18.368427038816293,0.10383820395067327,0.19239030855412415,0.9625337719473802,0.0,0.0,0.0,0.0,False,1340.2429641170256,3.147232934431807,1440,2023-08-15,0.1790187711014398,0.4739398863354685,2.348
104,5,194,877.4792162745031,6853.54330041192,6510.866135391308,6521.667828226591,0.9983437223238306,10.801692835283534,0.13477150321134132,0.19180898148612066,1.0025640737694719,0.0,0.0,0.0,0.0,False,1432.561698083971,1.8562173466070462,1440,2023-02-09,0.1781236772459326,0.47239992970407507,2.436
105,5,267,780.8075340259406,9486.921132146776,9012.575075539498,9050.40649429779,0.9958199204884193,37.831418758292514,0.08663534311576328,0.20150179157367568,0.9640864283632735,0.0,0.0,0.0,0.0,False,1779.3870426835276,3.285066309390201,1440,2023-06-11,0.17723305885970292,0.47285643487426193,2.415
106,5,201,970.4963163270825,7383.7952806828025,7014.605516648652,7045.664371495949,0.9955917776933927,31.05885484729707,0.13835365567225136,0.18188959519405076,1.002766970819298,0.0,0.0,0.0,0.0,False,1569.0736447090562,1.9605585598041395,1440,2023-02-08,0.1763468935654044,0.45182236723910657,2.223
107,5,136,619.5835649331326,4959.467177810938,4711.493818920397,4748.999609062683,0.9921023808739187,37.505790142286166,0.13150469654550145,0.22725639252142774,1.0045781507278784,0.0,0.0,0.0,0.0,False,705.8029557335855,1.2111293992146142,1440,2023-10-15,0.17546515909757737,0.4790474654064546,2.244
108,5,180,510.1548418322815,6418.866819857873,6097.923478864992,6154.094365413515,0.9908725990839191,56.170886548523384,0.08366042040383831,0.21555840173985402,1.0057870175039667,0.0,0.0,0.0,0.0,False,1111.9260402917862,1.603027833181199,1440,2023-03-21,0.1745878333020895,0.39965777019403226,2.449
109,5,228,844.7294389746901,8055.653229997185,7652.8705684972965,7709.14950792411,0.992699721367582,56.278939426814446,0.11038072987304678,0.20435626939274001,0.9866215958696066,0.0,0.0,0.0,0.0,False,1638.828296348741,2.419952930472354,1440,2023-03-18,0.17371489413557906,0.3611036736565639,2.472
110,5,267,27.93067880674674,9261.530556275819,8798.45402846203,8811.701942937594,0.9984965544044324,13.247914475563935,0.0031744984648887256,0.09031712459201473,0.986050672630192,0.0,0.0,0.0,0.0,False,1825.926470736029,2.9918135360460663,1440,2023-12-31,0.17284631966490113,0.354687274120603,2.414
111,5,251,264.04346567121473,8961.126879780752,8513.07053579167,8531.166203971905,0.9978788752032741,18.09566818023381,0.031016243147650613,0.16122237866311886,0.9953975174502923,0.0,0.0,0.0,0.0,False,1869.3317212855973,2.3904468435918664,1440,2023-10-10,0.17198208806657664,0.6059244168238291,2.352
112,5,299,1141.6787944681212,10578.497067489972,10049.572214115498,10074.866233061945,0.9974893940662517,25.294018946446766,0.11360471571760378,0.18719711214553167,0.990487000565752,0.0,0.0,0.0,0.0,False,2269.4772718340696,3.141377023453078,1440,2023-10-09,0.17112217762624377,0.6528614530968251,2.41
113,5,154,788.6703118634266,5484.992926548987,5210.743280221502,5249.1140166269515,0.9926900546865799,38.37073640544968,0.15135466658988836,0.20666747014578898,1.0062649661796272,0.0,0.0,0.0,0.0,False,991.3248755940044,1.3319045735836552,1440,2023-01-20,0.17026656673811255,0.633906812846637,2.357
114,5,279,636.4643877139605,10369.11737731297,9850.661508447307,9939.014807753425,0.99111045702063,88.35329930611707,0.06461133469748896,0.24429907482465874,1.0021580188573083,0.0,0.0,0.0,0.0,False,1690.3538883213973,2.0708796737566524,1440,2023-12-18,0.16941523390442195,0.5755749395386311,2.465
115,5,129,482.0015004873047,4378.102333505742,4159.19721683047,4178.529790996283,0.9953733549519093,19.33257416581271,0.11588810901701256,0.19437228612788013,0.9574962069111653,0.0,0.0,0.0,0.0,False,905.6787840508605,3.344692266426565,1440,2023-08-21,0.16856815773489983,0.44390495685748,2.408
116,5,221,864.2431840910278,8333.235287951857,7916.5735235542315,8016.964814850922,0.9874776435203105,100.39129129669074,0.10916884451582994,0.2571566399277346,1.0052660450471702,0.0,0.0,0.0,0.0,False,1368.1093837584635,1.7987879861958684,1440,2023-11-28,0.16772531694622533,0.448689291539078,2.341
117,5,169,663.9231170240732,6100.451908406361,5795.429312986022,5865.4600327896715,0.9880604898145828,70.03071980364909,0.11455978171218437,0.25495129149012147,0.9580968444727795,0.0,0.0,0.0,0.0,False,900.6282440200947,3.382070398466148,1440,2023-08-20,0.16688669036149426,0.3115333489282899,2.326
118,5,156,625.590056510182,5618.6432548756375,5337.711092131831,5374.603519747732,0.9931357862063036,36.89242761590153,0.11720193275959552,0.2367885192132426,1.004312240635918,0.0,0.0,0.0,0.0,False,946.1288980303525,1.4265974519382865,1440,2023-01-09,0.16605225690968675,0.20391279682790212,2.429
119,5,238,428.2241219779991,8794.41663569524,8354.695803910467,8400.375084306375,0.9945622332410791,45.679280395909835,0.05125550134064321,0.20303885897825094,0.9615213983715216,0.0,0.0,0.0,0.0,False,1841.7162795354245,3.2696169840824982,1440,2023-07-30,0.1652219956251383,0.1559350281960633,2.384
120,5,175,420.2369111918239,6125.370003322293,5819.101503156167,5843.020672333176,0.9959063692363325,23.919169177010172,0.07221680373918475,0.19095446822220857,0.9991450296304489,0.0,0.0,0.0,0.0,False,1016.3895922081787,1.6371082780343853,1440,2023-12-26,0.16439588564701263,0.19165012285866137,2.498
121,5,221,748.6662009703351,7707.921509963469,7322.525434465318,7428.134704169471,0.9857825316973757,105.60926970415392,0.1022415296021436,0.2923775073448021,1.0015501819116617,0.0,0.0,0.0,0.0,False,1137.0514328131328,1.8310687716771823,1440,2023-11-12,0.16357390621877757,0.24726013484092257,2.561
122,5,167,809.7446061459865,6087.861836665511,5783.468744832284,5829.137206951113,0.9921654851314239,45.6684621188286,0.14001019835535888,0.22403184335122509,1.007635347815441,0.0,0.0,0.0,0.0,False,1034.718474331734,1.4484788861558195,1440,2023-02-26,0.16275603668768368,0.06399858298978567,2.697
123,5,147,144.39663759034187,5378.096918771093,5109.192072832537,5122.36370605792,0.9974286025004812,13.171633225384324,0.02826212746202128,0.1949716318532492,1.0088614324754854,0.0,0.0,0.0,0.0,False,1151.8357639888177,1.4804217193917635,1440,2023-01-10,0.16194225650424526,0.06654821012718437,2.558
124,5,255,639.946892076918,9145.100518227371,8687.845492316039,8738.973170525649,0.9941494638772835,51.127678209609336,0.07366002222794117,0.20251205382690055,0.9614849096118324,0.0,0.0,0.0,0.0,False,1481.8853199355426,3.3543730496723496,1440,2023-06-30,0.16113254522172402,0.1327717955399878,2.498
125,5,198,651.6936727531828,7133.780345649402,6777.09132836694,6824.572980876988,0.9930425460108498,47.481652510048434,0.0961612646454065,0.214085761919196,0.976026929271474,0.0,0.0,0.0,0.0,False,1681.2473514132023,2.71298456659931,1440,2023-05-12,0.1603268824956154,0.16903613283685254,2.437
126,5,242,851.2605637085505,8228.46795818298,7817.044560273831,7910.333535731605,0.9882066950734277,93.28897545777315,0.10889800578017057,0.26383180270446,1.0055600814828343,0.0,0.0,0.0,0.0,False,1427.9424074036606,1.8894910218180663,1440,2023-12-06,0.15952524808313734,0.1718811567753345,2.396
127,5,241,963.5534747628371,8824.427218045725,8383.205857143397,8447.543601187801,0.9923838517938686,64.33774404440373,0.11493854393922409,0.22101728176983057,0.9673614204080638,0.0,0.0,0.0,0.0,False,1330.724617255607,3.1320093883366984,1440,2023-05-14,0.15872762184272163,0.06152429606331633,2.538
128,5,291,694.6435547329199,10526.23516863426,9999.923410202562,10096.332873026855,0.9904510415774961,96.4094628242935,0.06946488750345829,0.2204612099680406,0.9813286392578409,0.0,0.0,0.0,0.0,False,1883.19260642734,3.2932763359431387,1440,2023-01-01,0.15793398373350803,0.06637988946139495,2.459
129,5,196,477.15685577764367,6706.740412258863,6371.403391645928,6418.494269627867,0.9926632515347453,47.09087798193754,0.07489038543741922,0.20776415036010065,1.000334551898498,0.0,0.0,0.0,0.0,False,1522.69358960732,2.1698202170048217,1440,2023-11-19,0.15714431381484048,0.07046466164539383,2.427
130,5,159,-25.525169500061494,5706.131545772135,5420.824968483513,5450.1719251577015,0.994615407169318,29.34695667418915,-0.004708724160706892,0.21205843286884754,1.0076515035574285,0.0,0.0,0.0,0.0,False,1084.8467120079895,1.4486141970601916,1440,2023-12-24,0.1563585922457663,0.10127780301205574,2.486
131,5,234,610.1385620021603,8599.501495981014,8169.526421181955,8206.960823149857,0.9954387010277533,37.43440196790209,0.07468469168790402,0.19114005445780402,1.000097894282771,0.0,0.0,0.0,0.0,False,1823.881400340767,2.3244082470817204,1440,2023-01-08,0.15557679928453744,0.11587797294269975,2.453
132,5,289,951.6797517730863,10013.79198404863,9513.102384846157,9587.324041083131,0.9922583553117718,74.22165623697396,0.10003884256402613,0.22176373331992977,0.9570025646061803,0.0,0.0,0.0,0.0,False,1878.8306848649188,3.3774954914793947,1440,2023-06-27,0.1547989152881148,0.17402153866862052,2.682
133,5,295,1043.7282574634266,10617.342377076659,10086.475258222788,10180.777950458878,0.9907371820999358,94.30269223608914,0.10347799709443088,0.2363928703382215,0.9576032791266456,0.0,0.0,0.0,0.0,False,1833.2350869324623,3.4350081225253226,1440,2023-06-26,0.1540249207116742,0.152076111086684,2.623
134,5,277,909.951107596243,10406.12167265108,9885.815589018479,9959.66774408803,0.9925848776317474,73.85215506954971,0.09204613412039059,0.22208144194136115,0.9852783614464994,0.0,0.0,0.0,0.0,False,1967.9910935613225,2.9219504052780723,1440,2023-09-28,0.15325479610811582,0.10051602406398188,2.367
135,5,243,853.0748208322867,8830.288544438841,8388.77411721689,8464.832393371758,0.9910147924234832,76.05827615486682,0.10169242953883564,0.23291692931260297,0.9658054614512374,0.0,0.0,0.0,0.0,False,1220.160627609244,2.9516593331716985,1440,2023-08-14,0.15248852212757524,0.08964902482184489,2.366
136,5,188,716.0481230639816,6581.867826138383,6252.774434831482,6302.277591012571,0.992145195849246,49.50315618109003,0.11451686455778566,0.2084760198052894,1.0028852184751544,0.0,0.0,0.0,0.0,False,1167.9144695335867,1.6460260780743958,1440,2023-03-06,0.15172607951693737,0.05547150674577314,2.356
137,5,190,640.7079584922201,6637.616294602046,6305.735479871935,6343.983938280589,0.9939709086938482,38.24845840865345,0.10160717342764787,0.22216744642595038,0.9755765524583869,0.0,0.0,0.0,0.0,False,1433.6440845807856,2.525259392115104,1440,2023-10-01,0.15096744911935267,0.08147569221074114,2.324
138,5,127,376.21172061092796,4379.219307230418,4160.258341868877,4181.522630733836,0.9949147019536213,21.26428886495807,0.09042989393825134,0.20700433087911782,1.0035536124778004,0.0,0.0,0.0,0.0,False,823.6295419627315,1.5202813374854482,1440,2023-12-14,0.15021261187375592,0.07104952969596384,2.39
139,5,153,553.2828926089204,5639.69082740683,5357.706286036501,5412.852173561955,0.9898120462637418,55.14588752545366,0.10326861217661587,0.2008062792740902,0.9585443175050209,0.0,0.0,0.0,0.0,False,994.7977354206326,3.307257570177604,1440,2023-06-26,0.14946154881438714,0.0957172373432178,2.652
140,5,180,810.7904544313826,6293.807964312651,5979.1175660970275,5986.781249838922,0.9987198991541405,7.6636837418944825,0.13560369828296254,0.18175447701310235,1.0022321986960459,0.0,0.0,0.0,0.0,False,1336.0377623286836,1.9757155407433802,1440,2023-02-28,0.1487142410703152,0.1290468030283772,2.594
141,5,182,692.8884382747002,6816.68353583603,6475.849359044214,6498.595526771402,0.9964998332895957,22.746167727188297,0.10699576223264175,0.1986915978472598,0.9806823054201091,0.0,0.0,0.0,0.0,False,1542.6028515196965,2.6306911116967076,1440,2023-09-14,0.14797066986496363,0.19853669670002289,2.489
142,5,224,1001.436645081441,7930.5333178665405,7534.006651973216,7574.906669803278,0.9946005911870694,40.9000178300617,0.13292218753472387,0.19689857098676777,0.9935201265919587,0.0,0.0,0.0,0.0,False,1686.0201151685549,2.655624896301042,1440,2023-01-02,0.1472308165156388,0.2169323659098301,2.576
143,5,212,293.94879390544156,7587.478358735298,7208.104440798514,7230.3226846229,0.9969270743791783,22.218243824385848,0.04078031836520919,0.17888992836905482,0.9575685196540689,0.0,0.0,0.0,0.0,False,1550.609476832357,3.6195640461964906,1440,2023-07-30,0.1464946624330606,0.2357486318214199,2.498
144,5,245,720.6126005331836,8958.6177259403,8510.686839643278,8553.335168665333,0.9950138363362289,42.6483290220543,0.08467149762537705,0.20908069050312636,0.9638551163603909,0.0,0.0,0.0,0.0,False,1828.5033350657677,3.2858857377064137,1440,2023-06-07,0.1457621891208953,0.29147616189120745,2.59
145,5,281,738.9865782617006,9298.975213896272,8834.02645320144,8881.927271088503,0.9946069342356603,47.9008178870625,0.08365229402204165,0.21764885201736986,0.9510420031835479,0.0,0.4166666666666667,31.734314630430518,0.0,False,1498.6700532617485,3.9123102059499075,1452,2023-06-05,0.14503337817529083,0.26918447472692386,2.503
146,5,278,904.7140580656866,10170.292927190572,9661.778280831015,9704.855382501373,0.9955612835047465,43.077101670357806,0.09363846196518925,0.2010568173529698,0.992605441007492,0.0,0.0,0.0,0.0,False,2293.8138122558594,3.0288864606415555,1440,2023-01-15,0.14430821128441437,0.23161872706329278,2.525
147,5,260,969.159428439281,8809.462169776363,8368.989061287546,8448.758622020152,0.9905584282494826,79.76956073260651,0.1158036438262686,0.23463258564199516,0.9925518047387591,0.0,0.0,0.0,0.0,False,1624.9331989413931,2.121253015051196,1440,2023-04-17,0.1435866702279923,0.23801576432641952,2.533
148,5,296,1002.7556088358707,10855.688630252505,10312.904198739867,10394.887934577679,0.9921130716989165,81.98373583781114,0.09723309646941133,0.23135240682006097,0.9926921941463502,0.0,0.0,0.0,0.0,False,2107.660114123226,2.501166436609919,1440,2023-04-23,0.14286873687685234,0.16753507461896538,2.425
149,5,177,744.4850981184992,6733.529542580119,6396.853065451127,6456.087945465801,0.9908249576965141,59.23488001467288,0.11638302310543938,0.2430528670620307,1.0043096161937999,0.0,0.0,0.0,0.0,False,1071.2721880548488,1.7566898954713888,1440,2023-02-02,0.14215439319246806,0.11679929592025429,2.43
150,5,284,1047.6642508185528,10317.682134893546,9801.798028148834,9887.925930613274,0.9912895886287149,86.12790246443912,0.10688490497456357,0.22425252917507824,0.9767730965716351,0.0,0.0,0.0,0.0,False,1932.3571286328233,2.9750218489832223,1440,2023-09-08,0.14144362122650572,0.048317017075850455,2.537
151,5,287,495.1238212826254,10832.710992216334,10291.07544260549,10342.034954067249,0.9950725837141251,50.95951146175868,0.048111961091334705,0.201228028917914,0.9580149218950936,0.0,0.0,0.0,0.0,False,1570.9368692586154,3.6920413251395345,1440,2023-07-30,0.1407364031203732,0.03367931089286885,2.569
152,5,160,560.1496676037854,5499.538764768223,5224.561826529811,5258.493623903717,0.9935472399890986,33.93179737390603,0.10721466913443353,0.2249436073855886,0.9543977148700648,0.0,0.0,0.0,0.0,False,1076.244721175011,3.459368924092841,1440,2023-08-29,0.14003272110477133,0.07256164506634921,2.492
153,5,205,777.8292254557589,7248.107624098231,6885.70224289328,6928.4491416032515,0.9938302356218089,42.746898709972385,0.1129629481522462,0.18636822879025872,0.9870260189303476,0.0,0.0,0.0,0.0,False,1926.238720374464,2.8629909733148278,1440,2023-02-10,0.13933255749924747,0.05024605940696991,2.507
154,5,223,826.501792296097,8204.428953762164,7794.207506074055,7877.980424281985,0.9893661936567246,83.77291820792786,0.10604051683920412,0.23877451066492864,0.9622570746251301,0.0,0.0,0.0,0.0,False,1526.588259294545,3.368178673936442,1440,2023-08-15,0.13863589471175125,0.1179410123496793,2.565
155,5,245,663.3194490807016,8858.278267194053,8415.364353834273,8461.474119831646,0.994550622581318,46.10976599737078,0.07882242778691749,0.18434642821183644,0.9510192431347546,0.0,0.06944444444444445,2.8122973091887102,0.0,False,1422.1058970195536,4.233180979507039,1443,2023-05-26,0.1379427152381925,0.0548644290463266,2.616
156,5,246,689.1896884031271,8671.793993912766,8238.204294217066,8308.10355830473,0.9915866161757465,69.89926408766283,0.08365775644662203,0.1997061788795625,0.9615575858257684,0.0,0.0,0.0,0.0,False,1151.9430620538064,3.5790089132774314,1440,2023-05-13,0.13725300166200152,0.12492762238985536,2.708
157,5,139,442.2149570228071,5076.613307576801,4822.782642197965,4834.743103239749,0.9975261434193331,11.960461041783953,0.09169290632207909,0.18874698350343555,0.9922976069825032,0.0,0.0,0.0,0.0,False,1061.3402670173614,2.0506523839454833,1440,2023-10-08,0.1365667366536915,0.147201416651703,2.566
158,5,206,1136.1091065365072,7155.239431612672,6797.477460032031,6872.126330583524,0.9891374420433341,74.64887055149279,0.16713686999576363,0.26398008619163876,0.996626005802725,0.0,0.0,0.0,0.0,False,1071.8807388827017,1.9337895620552523,1440,2023-02-07,0.13588390297042305,0.1896933327134886,2.533
159,5,138,512.9546181377877,4970.348635515678,4721.831203739885,4772.937352728977,0.9892925162824792,51.10614898909313,0.10863467921756852,0.2351679959998659,1.0060536070668669,0.0,0.0,0.0,0.0,False,922.950279195959,1.3219630616040696,1440,2023-11-21,0.13520448345557096,0.05497503533928805,2.494
160,5,293,824.5315865521808,10788.618925896366,10249.187979601511,10337.567113014451,0.9914506834686785,88.37913341293957,0.08044847925447442,0.25347652359705497,0.998738854182659,0.0,0.0,0.0,0.0,False,1420.9643008251728,1.9533040093270262,1440,2023-03-25,0.13452846103829308,0.008828596061834615,2.592
161,5,156,462.1314249746426,5461.944851811776,5188.847609221193,5218.686833377618,0.9942822351466695,29.83922415642532,0.08906243925016812,0.202668910996174,1.0032948964817106,0.0,0.0,0.0,0.0,False,981.5513355516072,1.70550808395855,1440,2023-12-14,0.13385581873310162,-0.07104114225379685,2.563
162,5,201,44.673356559186054,7233.083028584545,6871.428877155338,6920.494206807611,0.9929101407809854,49.065329652271856,0.006501319792118711,0.20930692284430324,1.0028469472276216,0.0,0.0,0.0,0.0,False,1434.9317694759561,2.015775128712124,1440,2023-12-27,0.1331865396394361,-0.02329363073417262,2.609
163,5,280,621.1163895323214,9985.377149822427,9486.108292331297,9586.734523003419,0.9895035968263575,100.62623067212411,0.06547641776706688,0.23657937168053245,0.9747378037991964,0.0,0.0,0.0,0.0,False,1515.468232262389,2.6197015505402295,1440,2023-05-19,0.13252060694123893,-0.00016459372657268156,2.555
164,5,214,734.067977472113,7479.191166021103,7105.2316077200285,7162.986381645129,0.99193705378624,57.75477392510034,0.10331372965724692,0.22288183169487277,0.9742719916883521,0.0,0.0,0.0,0.0,False,1549.0430179178757,2.8969056290534354,1440,2023-09-04,0.13185800390653274,-0.043489720144223615,2.496
165,5,243,941.4986741946016,9162.264421778971,8704.151200689992,8753.815459428046,0.9943265586339767,49.664258738053825,0.10816662676079977,0.22537126568538837,1.0030774184676028,0.0,0.0,0.0,0.0,False,1670.5238346072292,2.0374899383387235,1440,2023-02-18,0.13119871388700008,-0.0491593248946367,2.608
166,5,210,1038.2281393701846,7603.290171366583,7223.12566279822,7287.76864357964,0.991129935108688,64.64298078141964,0.14373668517459764,0.23681479617857734,1.0019946065433365,0.0,0.0,0.0,0.0,False,1076.2020336747246,1.6467839082477986,1440,2023-02-08,0.13054272031756506,-0.06044032675837091,2.571
167,5,273,1120.9781048111508,10023.221511425752,9522.060435854462,9596.439854327356,0.9922492695622581,74.37941847289463,0.1177243215754238,0.23298806795549648,0.9989572123674594,0.0,0.0,0.0,0.0,False,1848.9929970963776,2.354917107953316,1440,2023-03-15,0.12989000671597725,-0.09648163514330285,2.628
168,5,227,824.3690703708216,8443.979387845231,8021.780418452985,8084.39759488878,0.9922545649566539,62.6171764357932,0.10276634704117253,0.23195371733653103,1.0013716734966993,0.0,0.0,0.0,0.0,False,1945.6494630852114,2.35976230195795,1440,2023-02-01,0.12924055668239737,-0.11854528315824536,2.697
169,5,236,598.3625096228574,8521.192813579255,8095.133172900325,8166.981337169428,0.991202604572866,71.84816426910399,0.07391632686488295,0.20845748646270967,0.9864094974303892,0.0,0.0,0.0,0.0,False,1837.2837859251113,2.8902389584477945,1440,2023-08-12,0.12859435389898535,-0.1355183160753019,2.511
170,5,202,531.370168178198,7114.824318972379,6759.083103023755,6769.473726832498,0.9984650765734481,10.390623808743527,0.07861571755797518,0.18977429554016073,0.9779249801983504,0.0,0.0,0.0,0.0,False,1483.5777148358973,2.7017586385449457,1440,2023-10-04,0.12795138212949045,-0.09782790880967568,2.467
171,5,193,102.43377627769355,6969.398860142102,6620.928917135011,6634.404163038491,0.997968883780317,13.47524590347947,0.015471209185254083,0.14628806411118303,1.0025637605683688,0.0,0.0,0.0,0.0,False,1759.8514311883298,2.1150688206625996,1440,2023-01-10,0.12731162521884298,-0.026061277744575034,2.478
172,5,227,488.0027581294209,8013.962901956139,7613.264756858307,7701.133134522496,0.9885902014509664,87.86837766418905,0.06409901319795955,0.2237439825832365,0.9561467281136105,0.0,0.0,0.0,0.0,False,1384.8001183823199,3.612469434525512,1440,2023-06-03,0.12667506709274878,0.1297073330456973,2.453
173,5,213,703.7906496599273,8022.156668215719,7621.048834804946,7672.211588673036,0.9933314203764108,51.16275386809001,0.09234826661203782,0.22812502823859282,0.9904875245414722,0.0,0.0,0.0,0.0,False,1660.8717615746682,2.65216914776739,1440,2023-10-08,0.12604169175728502,0.08273200191023568,2.521
174,5,262,698.5501815124146,9124.712731965892,8668.477095367565,8698.43384426854,0.9965560755605777,29.956748900975818,0.08058511014417052,0.18337802100010234,0.9613364088918048,0.0,0.0,0.0,0.0,False,2199.5700735454734,4.3900699418104,1440,2023-10-07,0.1254114832984986,0.03410718514815286,2.555
175,5,227,741.3530103120166,8077.388011401737,7673.5186108316375,7743.591633017497,0.9909508370912693,70.07302218585902,0.09661187362803185,0.22765711385530227,0.9567187699364329,0.0,0.0,0.0,0.0,False,953.5311935277361,3.579632981082787,1440,2023-08-18,0.12478442588200611,0.09448184661316052,2.541
176,5,205,507.41081054452115,7388.125596676716,7018.719316842849,7058.260372636501,0.9943979034909303,39.54105579365145,0.07229393107755219,0.21805223835577095,0.9973976658310597,0.0,0.0,0.0,0.0,False,1478.1399712933255,2.0302192724624213,1440,2023-10-27,0.12416050375259607,0.043984715810961666,2.526
177,5,276,1007.3213760396555,10026.626803154773,9525.295462997,9599.472303006918,0.9922728210813544,74.17684000991909,0.10575224463669455,0.23212592969029722,0.967257102936583,0.0,0.0,0.0,0.0,False,1801.617617445627,3.1350919822172383,1440,2023-06-18,0.12353970123383311,0.02381512535038298,2.543
178,5,158,544.8822997290241,5670.660256330406,5387.127243513882,5406.612431787909,0.9963960449320418,19.485188274027713,0.10114524404172263,0.20017994024969715,1.004908700175349,0.0,0.0,0.0,0.0,False,1080.1413902889935,1.555739190144989,1440,2023-04-21,0.12292200272766393,-0.024888964438552624,2.423
179,5,199,836.4818780345122,7206.815158825917,6846.474400884592,6889.385032341597,0.993771485951857,42.910631457006225,0.12217702558362525,0.22267439822816332,1.0072257195983287,0.0,0.0,0.0,0.0,False,1074.9028326752614,1.6619001733499856,1440,2023-02-25,0.1223073927140256,0.00641994348713415,2.563
180,5,207,793.8509873789725,7224.183387472521,6862.974218098856,6910.999024608938,0.9930509603113712,48.02480651008218,0.11567156777093078,0.22932108354559366,0.9999389548064229,0.0,0.0,0.0,0.0,False,1394.0736935761697,1.773462782979949,1440,2023-01-09,0.12169585575045548,-0.019154457636350125,2.652
181,5,281,757.6646806306524,9976.502222615172,9477.677111484456,9578.146780146315,0.9895105315289056,100.46966866185909,0.07994202289425557,0.2507281663270017,0.9999864348278839,0.0,0.0,0.0,0.0,False,1563.9565109097662,2.0920316741721154,1440,2023-01-08,0.1210873764717032,-0.05570274041076401,2.602
182,5,199,583.4507455932154,7038.031269612868,6686.129706132255,6727.782035121118,0.9938089062975844,41.65232898886323,0.08726285178974279,0.21058254830183645,0.975811780362666,0.0,0.0,0.0,0.0,False,1536.0511909415302,2.6246961736190233,1440,2023-10-05,0.12048193958934468,-0.1345733570657428,2.548
183,5,231,1092.9587334478608,8623.487599349899,8192.31321938237,8269.638147851932,0.9906495390624016,77.32492846956364,0.13341271313479644,0.2554497725759652,0.9906287091899324,0.0,0.0,0.0,0.0,False,1553.2386800120673,2.5343168869305783,1440,2023-01-02,0.11987952989139797,-0.10987861814945421,2.644
184,5,133,8.892596812594125,4531.961925374206,4305.363829105481,4322.713032947438,0.9959865011371974,17.349203841955674,0.0020654692995926726,0.1809141458270285,1.0048881670712355,0.0,0.0,0.0,0.0,False,1030.1995356768937,1.465422547295988,1440,2023-12-27,0.11928013224194098,-0.1916032090483048,2.496
185,5,270,727.4117600487566,9457.01086978476,8984.160326295472,9016.894258674916,0.9963697109625134,32.73393237944336,0.08096602616492904,0.20447024854811943,0.9684490109404968,0.0,0.0,0.0,0.0,False,1484.91744702758,3.3917092192300324,1440,2023-05-21,0.11868373158073126,-0.09205021021107596,2.434
186,5,200,840.5626946400346,7074.065398860374,6720.36212891733,6778.729366487363,0.9913896492374236,58.367237570032316,0.1250769941433873,0.226732756684596,0.9986035983413435,0.0,0.0,0.0,0.0,False,1155.724190551308,1.7144614103925857,1440,2023-03-19,0.11809031292282761,-0.06445474955509893,2.48
187,5,210,809.2160616012258,7916.84662259606,7521.004291466254,7589.672950111444,0.9909523560373992,68.66865864519062,0.10759414969612595,0.2329166961202335,0.9623097336965898,0.0,0.0,0.0,0.0,False,1752.4179096483067,3.223197912462907,1440,2023-06-22,0.11749986135821347,-0.09269253676479554,2.559
188,5,137,340.7506405607751,5207.210873823626,4946.850330132435,4965.61833779776,0.9962204087409487,18.76800766532469,0.06888234286879115,0.15316144306125232,0.9970358799379618,0.0,0.0,0.0,0.0,False,1080.1571695065127,1.5381070229756393,1440,2023-10-31,0.11691236205142241,-0.13053326809696703,2.436
189,5,245,710.0252972990526,8956.489476767061,8508.665002928685,8541.29460448442,0.9961797826832243,32.6296015557344,0.08344732070832048,0.19702812530865063,1.0040052228232814,0.0,0.0,0.0,0.0,False,1587.8699902750989,1.970303916107778,1440,2023-03-21,0.11632780024116529,0.0169976314139918,2.569
190,5,234,769.3478762174518,8544.665647306516,8117.432364941176,8182.221664070538,0.992081698371255,64.78929912936188,0.09477724502395986,0.20735027932521952,0.9848911363766785,0.0,0.0,0.0,0.0,False,1447.7120615666563,2.279334114027023,1440,2023-09-28,0.11574616123995946,0.03866424381305003,2.476
191,5,181,961.6410935820317,6086.600980478335,5782.270931454401,5848.923373795926,0.9886043228673267,66.6524423415261,0.16630854987283558,0.22500359589397398,0.9997782300541386,0.0,0.0,0.0,0.0,False,1039.0438345895677,1.775150811819913,1440,2023-02-07,0.11516743043375967,0.03292128092958409,2.618
192,5,259,854.7478987209505,9302.224884395659,8837.113640175887,8928.656271472122,0.9897473227199123,91.54263129623634,0.09672251976426302,0.24554401410563512,0.9974492029688516,0.0,0.0,0.0,0.0,False,1683.9255671871547,2.1171085467151296,1440,2023-03-16,0.11459159328159088,-0.011760565623147173,2.587
193,5,214,76.87219976330674,7486.782220227733,7112.443109216335,7135.498123759692,0.9967689691534514,23.055014543356243,0.010808128597007041,0.15699390005651917,0.9993399312925776,0.0,0.0,0.0,0.0,False,1658.0680420309577,2.0421338402719043,1440,2023-11-04,0.11401863531518291,-0.09497216363626844,2.623
194,5,130,464.6555760483264,4802.375230940049,4562.256469393038,4569.83776708665,0.9983410138214939,7.581297693611382,0.10184775432191871,0.17480670900758127,0.9967267546717317,0.0,0.0,0.0,0.0,False,919.6802858006357,1.556379931448012,1440,2023-09-22,0.113448542138607,0.03541911385846366,2.558
195,5,159,692.2307060060988,6224.951429132272,5913.703857675677,5933.531830529551,0.99665831861694,19.827972853875362,0.11705535526734565,0.19125599834386348,1.0038524067898567,0.0,0.0,0.0,0.0,False,1111.0494513968783,1.7397513095865378,1440,2023-10-25,0.11288129942791396,0.10180362071153365,2.563
196,5,166,155.15683246399288,5807.044997887976,5516.692747993557,5535.643599482066,0.9965765766621459,18.950851488510562,0.028124972615236558,0.1655152616800478,0.9983476381219872,0.0,0.0,0.0,0.0,False,1234.0256790826027,1.674732438126155,1440,2023-10-10,0.11231689293077439,0.11915998973697564,2.59
197,5,138,419.62145965815694,4656.2346403478805,4423.42290833046,4444.102255718875,0.9953467885753969,20.67934738841491,0.09486351821977053,0.15853067545556193,0.9622660203971569,0.0,0.0,0.0,0.0,False,1124.095203330799,3.1732907429971364,1440,2023-08-13,0.11175530846612053,0.19139894253372136,2.478
198,5,210,959.6898347031122,7690.251541006469,7305.738963956115,7337.18078888555,0.9957147267003338,31.441824929433825,0.1313610901563656,0.20756961079550912,1.0010748034466108,0.0,0.0,0.0,0.0,False,1926.2379785676148,2.3253823868641614,1440,2023-01-26,0.1111965319237899,0.2666296606922087,2.453
199,5,126,142.29795467850326,4942.551626233511,4695.424044921845,4705.125542187106,0.9979381002316995,9.701497265260915,0.030305666392878856,0.16041274644607434,1.0031560574679326,0.0,0.0,0.0,0.0,False,1175.0767056377726,1.7395815023892345,1440,2023-01-04,0.11064054926417097,0.21855009693133937,2.486
200,5,214,603.1249163813394,7955.957579344261,7558.15970037704,7579.0394250891795,0.9972450697850943,20.87972471213889,0.07979785295503249,0.18113278452491455,0.9678090726096843,0.0,0.0,0.0,0.0,False,1845.9883160434204,3.1269558568518723,1440,2023-08-01,0.11008734651785011,0.28581091016909665,2.595
201,5,247,741.6810925828864,8742.384290755917,8305.265076218133,8349.05923259342,0.9947545998710464,43.79415637528642,0.08930251903779292,0.21487963333929722,0.9620490691137816,0.0,0.0,0.0,0.0,False,1125.5023422327274,3.235827812137157,1440,2023-06-11,0.10953690978526086,0.2949788377596083,2.592
202,5,224,349.31266066614415,7930.694861504287,7534.16011842905,7553.797054754432,0.9974003886809453,19.636936325381114,0.04636384881331397,0.16732354489653525,0.9986349129542244,0.0,0.0,0.0,0.0,False,1602.966446726234,2.1566665852553477,1440,2023-10-20,0.10898922523633456,0.2273261307734109,2.602
203,5,202,29.798655395284165,7624.744187249373,7243.506977886901,7316.390189103629,0.9900383646398091,72.88321121672746,0.0041138436790706485,0.23366577663680732,1.0048361875779885,0.0,0.0,0.0,0.0,False,1134.8399137532213,1.5674962092266838,1440,2023-12-23,0.10844427911015289,0.27946118251370256,2.739
204,5,168,590.0024939768705,6454.557962866137,6131.830064722824,6151.006368232645,0.9968824120214119,19.176303509822517,0.09621964205616651,0.16034877922566265,0.9762602087548194,0.0,0.0,0.0,0.0,False,1211.23751355029,2.505682242263951,1440,2023-05-12,0.10790205771460211,0.17353302524549694,2.585
205,5,282,710.7236499272988,10119.081024754287,9613.126973516555,9681.106444878886,0.9929781299534941,67.97947136233253,0.07393261858345253,0.20203552108024067,0.9865119664504038,0.0,0.0,0.0,0.0,False,2086.4841571457473,3.1458158470959874,1440,2023-08-12,0.10736254742602912,0.25207045477416756,2.634
206,5,178,627.7155848218694,6159.815572397807,5851.824793777931,5858.216898774383,0.9989088650852465,6.392104996451844,0.10726834909502084,0.15160479877004923,0.9767206147852582,0.0,0.0,0.0,0.0,False,1132.2547672029398,2.5075867556605207,1440,2023-09-08,0.10682573468889896,0.22308779026302045,2.655
207,5,271,1430.0257112457994,10044.025355904629,9541.824088109326,9614.580198969015,0.9924327313981435,72.75611085968916,0.14986921767168662,0.2308426383660469,1.0019741441314138,0.0,0.0,0.0,0.0,False,1680.9266460643364,2.0501732471076552,1440,2023-01-20,0.10629160601545447,0.31326900779802147,2.55
208,5,200,675.1252516074314,7473.931730668667,7100.235144135253,7134.003936170574,0.9952665021862257,33.76879203532164,0.09508491449963885,0.18380243415431988,1.0008047521971555,0.0,0.0,0.0,0.0,False,1379.8065857187405,1.9578979026011876,1440,2023-11-10,0.1057601479853772,0.20954860279652499,2.473
209,5,189,621.4654553366983,6624.184782029571,6292.975542928074,6323.496083346385,0.9951734704954289,30.520540418311988,0.09875542199350978,0.19594376910229006,0.9948344142806057,0.0,0.0,0.0,0.0,False,1141.0866481725577,1.8136692200147886,1440,2023-05-01,0.10523134724545032,0.23087060635341128,2.419
210,5,245,824.3607823456367,9239.059921662278,8777.106925579195,8829.360270704281,0.9940818651042633,52.25334512508596,0.09392169758615966,0.21331785331465852,0.9681819762176036,0.0,0.0,0.0,0.0,False,1656.2974353885356,3.2320734325998988,1440,2023-07-25,0.10470519050922306,0.22142008385827144,2.459
211,5,296,857.9059651391854,10434.615769751945,9912.884981264317,10001.09625687423,0.9911798393551825,88.21127560991484,0.086544529343441,0.21828243568575634,1.0000829251678123,0.0,0.0,0.0,0.0,False,2065.4908571243286,2.4970944403156974,1440,2023-04-11,0.10418166455667695,0.174970787929216,2.503
212,5,262,884.9948638124039,9268.23331214129,8804.82164653427,8882.634659828662,0.9912398723718429,77.81301329439219,0.10051252590229957,0.2465087951056557,0.9940900303919528,0.0,0.0,0.0,0.0,False,1446.0614421993494,2.0764834087454718,1440,2023-09-29,0.10366075623389356,0.12597514818526864,2.609
213,5,227,478.1967154661564,7999.25917269765,7599.296214062816,7632.0611034239755,0.9957069409013956,32.7648893611597,0.0629264476598811,0.21032520753771866,1.0026355580318893,0.0,0.0,0.0,0.0,False,1468.8821153383806,1.9270921021271357,1440,2023-12-18,0.10314245245272409,0.022355205911049364,2.579
214,5,139,445.45052657956927,4807.815249020964,4567.424486569926,4578.87727643275,0.9974987777196452,11.45278986282244,0.09752772659720459,0.18910946478592275,1.0059127844331661,0.0,0.0,0.0,0.0,False,1280.2074583159565,1.6758731258728004,1440,2023-02-01,0.10262674019046046,0.01854688436424949,2.553
215,5,258,772.9839463141568,9194.830874820611,8735.089331079576,8798.798218022359,0.9927593649309642,63.70888694278319,0.08849181926095118,0.23026588207305693,0.9762177247140634,0.0,0.0,0.0,0.0,False,1622.6562107849884,2.740092056035362,1440,2023-10-05,0.10211360648950817,0.06271938794146448,2.732
216,5,262,1039.2300363953148,9180.16689033257,8721.158545815939,8786.483539454814,0.9925652858341406,65.32499363887396,0.11916192452365122,0.20031816776477623,0.9737422262986191,0.0,0.0,0.0,0.0,False,1122.1817156695517,2.652285798095439,1440,2023-06-16,0.10160303845706062,0.005999978667888428,2.565
217,5,193,378.5048771903003,6912.97038280455,6567.321863664305,6615.411301887199,0.9927306956395627,48.089438222893286,0.05763458606840835,0.2193831387124405,1.0072559709252067,0.0,0.0,0.0,0.0,False,1170.9738751006803,1.5312901077148418,1440,2023-11-22,0.10109502326477533,0.026493514339006305,2.563
218,5,185,590.9268055887306,6636.521173217547,6304.695114556671,6322.762195523435,0.9971425335307477,18.067080966764806,0.09372805422808823,0.17032594553015007,0.954093128610855,0.0,0.0,0.0,0.0,False,1186.16578444788,3.4943742179665547,1440,2023-07-19,0.10058954814845145,-2.3750144582820876e-05,2.543
219,5,155,151.001894779393,5894.043342671683,5599.341175538099,5622.739062669582,0.9958387030109888,23.39788713148365,0.0269677967542104,0.18379960523831965,0.9735825200932388,0.0,0.0,0.0,0.0,False,1277.4405393776942,2.638054755109906,1440,2023-10-14,0.10008660040770918,0.08817196599307733,2.524
220,5,297,873.2571257258735,10494.158452952772,9969.45053030516,9994.985033392884,0.9974452685019122,25.53450308772326,0.08759330547569742,0.17514437083204354,0.9946920315240935,0.0,0.0,0.0,0.0,False,2114.041134927406,2.825852387398929,1440,2023-04-12,0.09958616740567064,0.12989650728331642,2.509
221,5,151,433.1289050579124,5383.145873603053,5113.98857992288,5122.469062219438,0.9983444541697469,8.480482296556568,0.08469493005094746,0.18555430797107084,1.0043559305766976,0.0,0.0,0.0,0.0,False,1433.8058098983556,1.9589329408715837,1440,2023-12-13,0.09908823656864228,0.18356043746771294,2.36
222,5,209,806.670998765445,7260.72601283976,6897.689712197763,6940.514231112696,0.9938297772342343,42.824518914933186,0.1169479974344078,0.23915748045038215,0.9986351845284785,0.0,0.0,0.0,0.0,False,1243.4688657096603,1.7797097049668367,1440,2023-10-26,0.09859279538579907,0.20431200451081657,2.426
223,5,152,368.0725270053963,5607.037650486024,5326.685767961735,5356.432266040289,0.9944465837331415,29.746498078552925,0.06909972599082748,0.19251437233926402,1.0037126398867127,0.0,0.0,0.0,0.0,False,1193.620651704582,1.6208403146567008,1440,2023-03-31,0.09809983140887008,0.10102840466829546,2.494
224,5,262,26.389483806096706,9177.306698434139,8718.441363512442,8785.235727306426,0.9923969753496343,66.79436379398508,0.0030268579790579727,0.1953687980272362,0.9999366660220447,0.0,0.0,0.0,0.0,False,1535.9902166426527,2.1152153813044925,1440,2023-12-23,0.09760933225182573,0.12139064402177527,2.485
225,5,229,704.9228132510552,8622.350719707407,8191.233183721976,8225.37015922599,0.9958497946179694,34.136975504012284,0.08605820362334608,0.19528187763687901,0.9657693678765433,0.0,0.0,0.0,0.0,False,1398.20128818229,2.998558902655868,1440,2023-05-15,0.0971212855905666,0.13163225908965853,2.563
226,5,148,576.1720278149984,5052.854060247965,4800.211357235554,4809.440870280854,0.998080959243655,9.229513045299885,0.12003055385186547,0.19518565379780795,0.9989245069511858,0.0,0.0,0.0,0.0,False,1139.1336025126384,1.9370534748072263,1440,2023-04-03,0.09663567916261376,0.14025268212090697,2.553
227,5,140,363.78664117481554,4808.607436863457,4568.177065020288,4584.716078286327,0.9963925763376343,16.539013266039188,0.07963496948496673,0.14990546494460666,1.006457303960627,0.0,0.0,0.0,0.0,False,936.6526743549082,1.3222460822923128,1440,2023-04-09,0.0961525007668007,0.14760143030197168,2.555
228,5,137,633.4060307155104,4893.481598048884,4648.807518146414,4658.304275824325,0.9979613273166381,9.496757677912093,0.13625129202339267,0.18533233395829213,0.9955925783932476,0.0,0.0,0.0,0.0,False,1012.6428399916215,1.624029042388194,1440,2023-03-05,0.09567173826296668,0.25560157107663595,2.525
229,5,123,403.34574473309516,4272.700683815509,4059.0656496247293,4093.7501935688156,0.9915274400478625,34.68454394408668,0.09936911091112445,0.16160614328351447,0.9584161741761467,0.0,0.0,0.0,0.0,False,1130.4941791904535,3.3712257921179054,1440,2023-09-02,0.09519337957165185,0.26479595516834475,2.419
230,5,275,279.22741762889956,9661.229816734718,9178.168325897987,9220.648656339696,0.9953929130124157,42.48033044170859,0.030423000288740086,0.2167735582854328,0.9964677571424394,0.0,0.0,0.0,0.0,False,2117.3024733957013,2.6768446880573045,1440,2023-01-04,0.09471741267379359,0.32626877476204685,2.439
231,5,270,921.3185432108677,9532.965024580224,9056.316773351224,9100.826044636256,0.9951093152350423,44.50927128503409,0.10173214633148708,0.21228164512522246,0.9590060481799122,0.0,0.0,0.0,0.0,False,2093.411811483825,3.456592775283788,1440,2023-06-27,0.09424382561042462,0.25324003951851665,2.438
232,5,188,674.305255730579,6364.160163425092,6045.952155253853,6062.87769488101,0.9972083323334318,16.925539627159,0.11153003504081928,0.18778628928271304,0.955066885766912,0.0,0.0,0.0,0.0,False,1481.4846065152833,3.455268887952856,1440,2023-08-24,0.0937726064823725,0.20408517801989406,2.536
233,5,137,473.526521169553,4893.029238458354,4648.377776535427,4666.70757263132,0.996072220980078,18.329796095893066,0.10186919909131961,0.1817416950760524,0.987557401880524,0.0,0.0,0.0,0.0,False,959.531020698156,2.2056167360046093,1440,2023-09-15,0.09330374344996065,0.21926175721038108,2.526
234,5,170,578.5276509050792,6023.349618276055,5722.182137362269,5746.835478891372,0.9957101013906423,24.65334152910273,0.10110262781180201,0.17598800507492984,0.9925455371253036,0.0,0.0,0.0,0.0,False,1116.061200774151,1.7898420752824238,1440,2023-09-22,0.09283722473271083,0.2456140430636215,2.459
235,5,201,498.84371828854506,6992.031028188676,6642.429476779234,6681.306630061071,0.9941812050494858,38.87715328183655,0.07509958819019683,0.1912381205011187,1.0088412342600876,0.0,0.0,0.0,0.0,False,1044.9113441075647,1.5256278798690084,1440,2023-10-17,0.09237303860904728,0.28055458949493695,2.434
236,5,217,806.9195633085512,7898.559445881067,7503.631473586993,7528.269879836411,0.9967272153306553,24.63840624941794,0.10753720597139295,0.1769817698013321,0.9547178274888865,0.0,0.0,0.0,0.0,False,1522.442462643382,3.484249153580656,1440,2023-07-18,0.09191117341600205,0.2753948666773179,2.542
237,5,208,780.2586099680527,7132.497903311947,6775.8730081463455,6785.258736716985,0.9986167471374597,9.385728570639902,0.11515248426733807,0.17803768460727487,0.9989064347924466,0.0,0.0,0.0,0.0,False,1591.102106526663,2.0848836179000143,1440,2023-01-18,0.09145161754892205,0.3037819714726866,2.432
238,5,231,792.6646496874433,8181.803230010154,7772.713068509638,7810.017042106274,0.9952235733423476,37.303973596635615,0.10198043369165961,0.18259309693222212,0.9744584672426009,0.0,0.0,0.0,0.0,False,2224.854296289837,3.301308918984031,1440,2023-10-01,0.09099435946117741,0.32526675850554365,2.61
239,5,232,790.7345321930412,8401.429404575203,7981.357934346453,8022.135113587268,0.9949169169225596,40.777179240816466,0.09907268145314548,0.19415409395370303,0.9838954552282912,0.0,0.0,0.0,0.0,False,1625.5167544279093,2.582104124249312,1440,2023-09-12,0.09053938766387153,0.3333030261703343,2.533
240,5,233,132.92326038320246,8186.399454500188,7777.079481775208,7802.253262943657,0.9967735242217769,25.173781168449388,0.017091667983424184,0.17882003093348317,1.0013326525137738,0.0,0.0,0.0,0.0,False,1735.1023492433578,2.1691155364297194,1440,2023-03-13,0.09008669072555218,0.31459014215722364,2.52
241,5,211,780.3971714383314,7685.914184319442,7301.61847510348,7355.800708169645,0.9926340808817743,54.18223306616308,0.10688002585992025,0.23627659369508883,0.9530296284435233,0.0,0.0,0.0,0.0,False,1233.4457281053174,3.58995172755922,1440,2023-08-28,0.08963625727192442,0.33441377204454464,2.509
242,5,200,686.3582768639657,6942.737433480379,6595.600561806345,6631.025976796297,0.9946576268719327,35.42541498995216,0.10406304481786142,0.20849051125657872,0.9838940392762706,0.0,0.0,0.0,0.0,False,1211.5599030993703,2.219865283059785,1440,2023-09-12,0.08918807598556479,0.22205440819411457,2.414
243,5,289,602.6020092808695,9962.894209286262,9464.74949882197,9489.635294554397,0.9973775814391194,24.88579573242732,0.06366803573151857,0.16986964324544943,0.9992426509056872,0.0,0.0,0.0,0.0,False,2145.3358800481087,2.5871283472249393,1440,2023-03-22,0.08874213560563697,0.19287177291566382,2.417
244,5,268,910.5640607661999,9353.44987496843,8885.777381220007,8926.205345930386,0.9954708677266975,40.42796471037877,0.10247432742245682,0.18965418441697993,0.9863434021133534,0.0,0.0,0.0,0.0,False,2002.341271535829,2.61789644871472,1440,2023-04-24,0.08829842492760878,0.25599809215511515,2.443
245,5,255,730.7528130342562,8454.347364980815,8031.629996731834,8057.12231614007,0.9968360515816955,25.492319408238625,0.09098437220484612,0.17994725779770232,0.9625059329725799,0.0,0.0,0.0,0.0,False,1916.4727512361026,3.2247874959403404,1440,2023-07-24,0.08785693280297073,0.2634904477484602,2.442
246,5,129,461.3916930789397,4388.34371492315,4168.926529176995,4179.274934599657,0.9975238754126968,10.348405422662301,0.11067398042393059,0.16664674877346625,1.0066920187022146,0.0,0.0,0.0,0.0,False,833.5942305922508,1.516267106283038,1440,2023-10-22,0.08741764813895588,0.2918422078956618,2.353
247,5,223,406.24101061516245,7853.686840954443,7461.0024989067315,7478.723440146729,0.9976304858199636,17.72094123999768,0.054448582569793985,0.13264088436594645,0.9552026338701419,0.0,0.0,0.0,0.0,False,1178.8138838560617,3.891897481272938,1440,2023-08-07,0.08698055989826112,0.34545239842806913,2.502
248,5,279,1015.098071367559,9904.263802173102,9409.050612064564,9460.734755065776,0.9945369842470705,51.68414300121155,0.10788528122762674,0.20293152995545655,1.0015271340302605,0.0,0.0,0.0,0.0,False,1829.8685571742208,2.230945827753338,1440,2023-12-05,0.08654565709876981,0.4665214083322412,2.696
249,5,231,832.4851559839352,8292.730910301452,7878.094364786372,7911.338059369701,0.995797968139668,33.243694583329,0.10567087895075111,0.19591229509465347,1.003229784118752,0.0,0.0,0.0,0.0,False,1433.8593646789182,1.8367290137643866,1440,2023-02-16,0.08611292881327597,0.40859061946088393,2.675
250,5,154,450.7763702324543,5133.139156724942,4876.482198888698,4894.425753412523,0.9963338795135847,17.943554523825558,0.09243884256056176,0.18556167875641658,0.9668809435924194,0.0,0.0,0.0,0.0,False,867.0480280870995,3.072055903959378,1440,2023-05-24,0.08568236416920957,0.3778926903028321,2.618
251,5,211,914.1867381965279,7562.450979379606,7184.328430410612,7215.481377876404,0.9956824852238811,31.152947465791264,0.12724734775861002,0.20166854117213084,0.9725611166967496,0.0,0.0,0.0,0.0,False,1394.8301396132574,2.7445180023138995,1440,2023-06-15,0.08525395234836353,0.376827618982691,2.667
252,5,219,862.3969432004892,7923.362560535711,7527.194432508963,7581.891056626292,0.9927858863034538,54.69662411732899,0.11457083391866567,0.22603616706145171,1.0041290271659356,0.0,0.0,0.0,0.0,False,1686.7597468646395,2.1921777263579303,1440,2023-03-15,0.0848276825866217,0.34045703755340023,2.576
253,5,294,795.6819050708706,10122.677882096057,9616.543987991208,9657.715775918712,0.9957369020912621,41.171787927502095,0.08274094165892543,0.19137131061545884,0.968424243142721,0.0,0.0,0.0,0.0,False,2214.159126195063,3.3188926887324977,1440,2023-05-22,0.08440354417368859,0.25644998710038913,2.684
254,5,219,768.9423952897635,7853.010408324541,7460.359887908342,7480.832864243905,0.9972632758000226,20.472976335563278,0.10307041574978919,0.157116554672294,0.9510536048592587,0.0,0.2777777777777778,22.905533485253745,0.0,False,1223.521822621338,3.953805022521494,1448,2023-08-26,0.08398152645282016,0.26593846538839155,2.626
255,5,161,303.4550229284209,5732.2129388130725,5445.602291872419,5470.852356360439,0.995384619645481,25.250064488019014,0.055724786105171245,0.21149565233254422,0.977373125262261,0.0,0.0,0.0,0.0,False,1054.9474882376112,2.4868257326388012,1440,2023-10-03,0.08356161882055606,0.3510338833601415,2.497
256,5,139,470.5574594909289,5202.581026740828,4942.451975403775,4954.615133742187,0.99754508513576,12.163158338411892,0.09520729019374774,0.15575796995300578,1.0018072837532392,0.0,0.0,0.0,0.0,False,857.1675577270598,1.5107929010520025,1440,2023-04-30,0.08314381072645327,0.29890142026836375,2.505
257,5,244,673.2882423276058,9121.758671330681,8665.670737764114,8707.769638012094,0.9951653635778093,42.09890024797983,0.07769603331378423,0.1679940676577814,1.004130941863666,0.0,0.0,0.0,0.0,False,1878.126853281624,2.273735846200389,1440,2023-04-09,0.082728091672821,0.38203045253227574,2.484
258,5,298,24.235463276157745,11033.08994208107,10481.43544497694,10545.760989118287,0.9939003411695256,64.32554414134736,0.0023122275000770245,0.18936628521464896,0.9980643600305479,0.0,0.0,0.0,0.0,False,1723.5852833850781,2.1688741284807023,1440,2023-12-23,0.0823144512144569,0.42321456001000995,2.468
259,5,220,910.4914017123748,8065.144410369319,7661.887189850835,7672.482263617225,0.9986190813608483,10.595073766388468,0.11883383024986832,0.15345786935023653,0.9948862768917045,0.0,0.0,0.0,0.0,False,1938.3990950584412,2.600904157976782,1440,2023-04-03,0.0819028789583846,0.4096746531063563,2.525
260,5,137,596.2413440080032,5056.344976413766,4803.527727593072,4822.472813062281,0.9960714997878488,18.94508546920821,0.12412572130748684,0.1868562343356236,1.0041069840347474,0.0,0.0,0.0,0.0,False,1230.2790533019854,1.822669421077553,1440,2023-04-08,0.0814933645635927,0.48016834901762884,2.459
261,5,127,487.59106577780136,4410.209999243259,4189.699499281133,4202.672615520537,0.9969131270916765,12.973116239403666,0.11637852926241178,0.17646181746272305,0.9937674485954433,0.0,0.0,0.0,0.0,False,908.378212119719,1.7718721675442615,1440,2023-06-19,0.08108589774077472,0.4637440910620142,2.487
262,5,261,690.2985336323578,9899.466476264386,9404.493152451132,9417.904492462745,0.9985759740903779,13.411340011611767,0.07340092894346384,0.1664881254701383,0.960015455505899,0.0,0.0,0.0,0.0,False,1963.3861970959917,3.4508061233312453,1440,2023-08-08,0.08068046825207086,0.4746493109447675,2.514
263,5,173,544.2753044560012,6139.131432546088,5832.174860918796,5869.7079116723735,0.9936056356945906,37.53305075357742,0.09332287138768272,0.19714635429604013,1.004584907736774,0.0,0.0,0.0,0.0,False,1209.1709272464636,1.6790307344076494,1440,2023-11-10,0.0802770659108105,0.5069912029611496,2.442
264,5,207,183.9998280047777,7057.85913619797,6704.966179388068,6717.62906295348,0.998114977256597,12.662883565412717,0.027442320077678682,0.1258492143437858,1.0018958646148735,0.0,0.0,0.0,0.0,False,1544.3816823039015,1.9019586285717358,1440,2023-11-02,0.07987568058125645,0.4655592954424694,2.523
265,5,287,1351.245939102358,9842.820956722739,9350.679908886641,9417.518420295035,0.9929027469418743,66.83851140839407,0.14450777400883644,0.21564143932315397,1.0032056381581902,0.0,0.0,0.0,0.0,False,1696.636380317086,2.1223426946624455,1440,2023-01-27,0.07947630217835017,0.5929750166052954,2.627
266,5,165,638.7116941806138,5521.698185384614,5245.61327611538,5278.204983243901,0.9938252289875089,32.59170712851933,0.12176110981890938,0.1993028550936808,1.005922562233866,0.0,0.0,0.0,0.0,False,1168.330236559746,1.6804252770113062,1440,2023-11-29,0.0790789206674584,0.49658262661478847,2.59
267,5,262,871.9865113786218,9973.933953278529,9475.237255614611,9542.917644624566,0.9929077886312812,67.68038900995515,0.09202793427277198,0.22418948260962426,0.9848107935460902,0.0,0.0,0.0,0.0,False,1809.6770029376462,2.7662113948301394,1440,2023-09-28,0.07868352606412113,0.45544845717254,2.528
268,5,135,147.48272349873693,4687.25681415388,4452.893973446209,4485.471273153817,0.9927371511879728,32.57729970760813,0.03312064566958379,0.18095182856650668,0.9658301769558651,0.0,0.0,0.0,0.0,False,620.9204799131119,3.0547328303980454,1440,2023-07-22,0.0782901084338005,0.3665810669531843,2.485
269,5,122,517.5629787882898,4504.386190483907,4279.166880959728,4290.515237794258,0.9973550130449218,11.34835683452944,0.1209494729198809,0.1737037453293896,1.0062557721148473,0.0,0.0,0.0,0.0,False,870.349925203257,1.3741702907851658,1440,2023-11-29,0.0778986578916315,0.3915624022442331,2.374
270,5,126,484.6496818300913,4567.569683820424,4339.19119962942,4357.296762646256,0.9958447716547449,18.105563016835895,0.11169124833021458,0.1969284435231206,1.0057786029677833,0.0,0.0,0.0,0.0,False,917.0311282411474,1.458287280591308,1440,2023-03-06,0.07750916460217336,0.4288080663322602,2.437
271,5,173,571.9050052502811,6214.466673762392,5903.7433400742575,5918.636949740883,0.9974836081697361,14.89360966662594,0.0968715901601318,0.18412198092603235,0.9948577911028601,0.0,0.0,0.0,0.0,False,1504.692229215404,2.2484218957254027,1440,2023-11-12,0.07712161877916247,0.4076638394003177,2.583
272,5,207,402.3530411424869,7418.815357121808,7047.874589265726,7071.421702441345,0.9966701019729188,23.547113175618247,0.0570885642254888,0.18868595846920388,0.9789414749395412,0.0,0.0,0.0,0.0,False,1815.6141181304567,2.9553973564582363,1440,2023-10-03,0.07673601068526667,0.4197165765220562,2.584
273,5,121,361.6744686282429,4602.213139742315,4372.10248275521,4375.926829301599,0.9991260487902172,3.8243465463887025,0.08272323671615378,0.16842906447494863,1.0071894579173588,0.0,0.0,0.0,0.0,False,918.2590974308753,1.3323351525412646,1440,2023-11-27,0.07635233063184034,0.41988371770100946,2.494
274,5,230,908.1238134378281,8639.225649572098,8207.264367093518,8238.257381861687,0.9962379161840212,30.99301476816954,0.11064878293416382,0.19528550252669316,0.9872845034450438,0.0,0.0,0.0,0.0,False,1711.2757286368005,2.2591558491416572,1440,2023-04-28,0.07597056897868114,0.4661611442077862,2.615
275,5,269,1345.017637011074,8979.134785123699,8530.17804586756,8549.362938506398,0.9977559857059725,19.184892638838626,0.15767755723019955,0.1705615414065808,0.9961852744292456,0.0,0.0,0.0,0.0,False,2176.2069276528537,2.771802099584386,1440,2023-01-24,0.07559071613378773,0.444334646573035,2.424
276,5,211,597.8702969674075,7416.547871914814,7045.720478319065,7061.69108907208,0.9977384155506703,15.970610753015263,0.08485580698342501,0.17431671011085934,0.9625008082397322,0.0,0.0,0.0,0.0,False,1681.5535171280571,3.3798427271974085,1440,2023-07-26,0.07521276255311879,0.4827380858591521,2.488
277,5,139,644.5088038336182,4914.090168157476,4668.385659749585,4693.585040193946,0.9946311017636703,25.199380444360052,0.13805817488270453,0.18898977307249631,1.005104812710054,0.0,0.0,0.0,0.0,False,981.4063538302976,1.4594952986595042,1440,2023-02-08,0.0748366987403532,0.5064836306330901,2.545
278,5,269,898.9845555057512,9238.799886033466,8776.859891731754,8815.559993990435,0.9956100233808104,38.700102258682676,0.10242667270473808,0.18809459157468367,0.9813856582216578,0.0,0.0,0.0,0.0,False,1969.3120278714277,2.722041721522197,1440,2023-09-09,0.07446251524665143,0.4937498392830143,2.519
279,5,130,56.34049323778747,4361.373092813179,4143.304438172552,4145.877522563867,0.9993793631439155,2.5730843913152923,0.013597961259790273,0.15024376180033566,1.0019747389187135,0.0,0.0,0.0,0.0,False,949.9445683786596,1.5631713811527728,1440,2023-11-13,0.07409020267041817,0.4861274759194073,2.604
280,5,212,798.4282479399824,7768.352122800501,7379.934516660471,7409.127833140792,0.9960598174120117,29.193316480322483,0.10818906944736455,0.19479937213126955,0.955485047944221,0.0,0.0,0.0,0.0,False,1763.0029492201243,3.444377927430326,1440,2023-08-29,0.07371975165706608,0.5657892226420707,2.597
281,5,297,658.4180943267336,10578.418071023423,10049.497167472284,10093.029943710042,0.9956868476086422,43.532776237758775,0.06551751628508029,0.1894960125930422,1.0013212644580012,0.0,0.0,0.0,0.0,False,2046.920390315237,2.4801934527009415,1440,2023-03-22,0.07335115289878076,0.5317563086855832,2.589
282,5,185,60.12056371358922,6315.63945300343,5999.857480353285,6017.150382033247,0.9971260645684379,17.292901679963236,0.01002033196796021,0.18086973768994472,1.0053273280965467,0.0,0.0,0.0,0.0,False,1275.911010080787,1.642897110629229,1440,2023-12-22,0.07298439713428685,0.5167225678748413,2.661
283,5,200,699.8041856908704,7114.081253570817,6758.377190892316,6787.192531229981,0.9957544536706339,28.81534033766486,0.10354618659549461,0.1759613145092994,0.9510029420335064,0.0,0.4166666666666667,18.12274240361636,0.0,False,1217.773445528523,3.813850227166029,1453,2023-08-26,0.07261947514861541,0.5246298931285651,2.655
284,5,165,513.2218598268166,6292.030344145732,5977.428826938443,6000.704267744358,0.9961212151495238,23.275440805914066,0.08585997001150104,0.208502529191723,1.0046062705459302,0.0,0.0,0.0,0.0,False,1306.2044776655828,1.8579043338834285,1440,2023-12-13,0.07225637777287233,0.5429562186034989,2.524
285,5,177,644.5631214800717,6280.192977478919,5966.18332860498,5989.223528199267,0.9961530573227386,23.040199594287422,0.10803609040803382,0.22137761330255093,0.9772088434793462,0.0,0.0,0.0,0.0,False,1117.9466119216058,2.4751643160519574,1440,2023-05-10,0.07189509588400797,0.4856014802225277,2.653
286,5,163,602.2180833203905,5848.728841429887,5556.292399358386,5570.111264942236,0.9975191042105704,13.81886558384865,0.10838487970682244,0.19159141189823936,1.0066752078538057,0.0,0.0,0.0,0.0,False,1012.7802533896505,1.5867061286294473,1440,2023-11-16,0.07153562040458793,0.4103236238088018,2.564
287,5,128,481.89246102633336,4464.0531491837955,4240.850491724594,4248.95754531397,0.9980919899756784,8.107053589375894,0.11363108932198313,0.19571486062458282,0.9915019841853975,0.0,0.0,0.0,0.0,False,1075.107696304196,2.2516369427798475,1440,2023-03-10,0.071177942302565,0.4160514111723946,2.393
288,5,253,896.8730567341097,9730.237762299636,9243.72587418459,9264.983656576394,0.9977055779934685,21.257782391804355,0.09702505990997108,0.20092105288260156,0.9970180192305608,0.0,0.0,0.0,0.0,False,1863.857596699635,2.5754417219500447,1440,2023-11-12,0.07082205259105216,0.411776310834084,2.448
289,5,190,32.504783655396714,6974.343736835515,6625.626549993742,6650.837214882404,0.9962093997982316,25.21066488866168,0.004905918468258284,0.1805969570112841,1.0013043801613046,0.0,0.0,0.0,0.0,False,1663.3833459948833,2.0777979121975987,1440,2023-12-27,0.0704679423280969,0.3968565549516643,2.533
290,5,300,969.8249812148533,10655.890821278066,10123.096280214182,10136.347190190543,0.9986927332176245,13.25090997636171,0.09580319641041031,0.16447898826669838,0.991409257372899,0.0,0.0,0.0,0.0,False,2355.0671768961092,3.1472427033414045,1440,2023-05-01,0.07011560261645643,0.4306039133120627,2.682
291,5,186,723.1767289429306,6431.174492196857,6109.615767587011,6124.933286867454,0.9974991532865696,15.317519280443129,0.11836697371045132,0.19035536961620034,0.9939618820768065,0.0,0.0,0.0,0.0,False,1363.0360982769384,2.449598547664446,1440,2023-06-19,0.06976502460337414,0.49483738182513515,2.483
292,5,261,279.58489609207646,9220.874323696058,8759.830607511218,8808.320304987144,0.9944950120117143,48.489697475924224,0.031916701203370666,0.18000419664810033,0.9610334926630165,0.0,0.0,0.0,0.0,False,1817.7279419033925,3.219014018529424,1440,2023-07-14,0.06941619948035727,0.4897783491858787,2.513
293,5,214,667.765911682695,7886.639881861651,7492.307887768536,7517.080996238109,0.9967044244325728,24.77310846957299,0.08912686473721229,0.1858589752331177,0.9595264405862977,0.0,0.0,0.0,0.0,False,1703.4133292070728,3.474366700886457,1440,2023-07-13,0.06906911848295548,0.5095034937718885,2.553
294,5,233,762.1375324300608,8178.478807490098,7769.554867115578,7803.105141867363,0.9957003943761091,33.550274751784194,0.09809281811700518,0.20263901720598834,0.9661062278706213,0.0,0.0,0.0,0.0,False,1627.7593520453725,3.017037849441179,1440,2023-08-14,0.0687237728905407,0.5131101477920024,2.592
295,5,121,407.3711350243752,4103.469275182983,3898.295811423841,3915.05592059889,0.9957190626353849,16.76010917504918,0.10449980061302329,0.20449305451015903,0.9545871105053266,0.0,0.0,0.0,0.0,False,857.7597025967646,3.465748539473645,1440,2023-08-28,0.068380154026088,0.47894742780747857,2.604
296,5,277,834.5138266964764,9642.080428159066,9159.976406751051,9202.237293777893,0.9954075421359307,42.260887026838546,0.09110436420790627,0.1898985018004589,0.964231070262278,0.0,0.0,0.0,0.0,False,2069.1293141958477,3.518362521255795,1440,2023-07-24,0.06803825325595757,0.4473137170251761,2.689
297,5,146,20.240747022130165,5325.951154028181,5059.653596326782,5085.8667083172295,0.9948458908788191,26.213111990448947,0.004000421498583339,0.21589006553157442,0.9709618700136485,0.0,0.0,0.0,0.0,False,837.3955466704269,2.72603747365685,1440,2023-10-13,0.06769806198967777,0.4546198392706514,2.688
298,5,293,979.8590371455033,10700.041417318478,10165.039346452566,10221.913298792457,0.994436075646757,56.8739523398919,0.09639500682183372,0.21411640964646528,0.998564127878917,0.0,0.0,0.0,0.0,False,2030.4575694140228,2.4981715401275943,1440,2023-12-04,0.06735957167972938,0.40248879358199885,2.642
299,5,157,734.5014448175219,5713.612946485137,5427.932299160868,5447.283084984139,0.9964476261796246,19.35078582327255,0.13531882940601014,0.18928710621631975,1.005477850171022,0.0,0.0,0.0,0.0,False,1036.046096663578,1.5136574552544904,1440,2023-03-02,0.06702277382133073,0.3639801794959936,2.519
300,5,258,949.740605664383,8957.253695784588,8509.391010995323,8523.899681487796,0.9982978834765052,14.508670492472595,0.11161087843268518,0.18680744015362608,0.9962193179675622,0.0,0.0,0.0,0.0,False,1852.7895473676444,2.4768717618000102,1440,2023-03-06,0.06668765995222407,0.38833340046269366,2.495
301,5,199,651.3584852252582,7067.424578254163,6714.05334934145,6761.139032032487,0.9930358357566739,47.085682691038386,0.09701419564816936,0.20411490505380706,0.9770516990873547,0.0,0.0,0.0,0.0,False,1452.9573569893837,2.5915523387081887,1440,2023-05-12,0.06635422165246296,0.4139308705662984,2.495
302,5,259,60.02199487659442,8943.491647846076,8496.317065453823,8541.047835099742,0.994762847544057,44.73076964591906,0.007064472101758646,0.18910845842479787,0.9980586226176212,0.0,0.0,0.0,0.0,False,1457.7310519207995,2.0744139276989064,1440,2023-12-28,0.06602245054420065,0.39612667861609374,2.592
303,5,174,667.2506237649759,5852.179025837444,5559.57007454556,5573.277743128359,0.9975404655546369,13.707668582800661,0.12001838538198785,0.19194931749781222,0.9881798061634501,0.0,0.0,0.0,0.0,False,1153.2928803412374,1.954686541543986,1440,2023-09-11,0.06569233829147963,0.41544208471851024,2.495
304,5,166,403.75729016065395,5861.434830134839,5568.3630886280935,5606.788729200987,0.9931465866775455,38.42564057289423,0.07250915282180885,0.17812756972307114,0.9562596857817542,0.0,0.0,0.0,0.0,False,834.0553421899804,3.697363240385188,1440,2023-05-26,0.06536387660002224,0.42504705376492136,2.489
305,5,231,713.8740433574815,8367.134783788651,7948.778044599243,7955.44588786018,0.9991618517233444,6.66784326093623,0.08980928129481733,0.1547902741090203,0.9589410145872,0.0,0.0,0.0,0.0,False,1373.3868895712571,3.474021155137508,1440,2023-07-13,0.06503705721702213,0.46423249562032703,2.708
306,5,120,402.97981892194093,4072.241352605745,3868.62928497545,3880.2952117700834,0.9969935465839694,11.665926794633359,0.10416604674089319,0.1958880103548054,1.0078010507057047,0.0,0.0,0.0,0.0,False,782.1053730603762,1.365909448902224,1440,2023-11-26,0.06471187193093703,0.5491833857501124,2.55
307,5,171,444.42624910720184,6495.955082528356,6171.157328401932,6184.873584628992,0.9977822899628623,13.716256227059938,0.07201667782180646,0.180032560619879,1.0053328145045421,0.0,0.0,0.0,0.0,False,1319.6889589835964,1.9035921235385849,1440,2023-11-19,0.06438831257128233,0.5269346775954732,2.535
308,5,242,242.72786573628838,8493.775627291188,8069.086845926631,8097.7484404731695,0.9964605476747974,28.661594546539096,0.030081206259270864,0.1669203071907557,0.9999921655431825,0.0,0.0,0.0,0.0,False,1789.3264563586554,2.340422820564658,1440,2023-01-11,0.06406637100842592,0.545016072457606,2.697
309,5,284,831.4654736280858,10133.14293802257,9626.485791121488,9678.6019841187,0.994615318092145,52.11619299721323,0.08637269006255084,0.19367914530676134,0.9585251187217803,0.0,0.0,0.0,0.0,False,2272.071523384084,3.837799092550334,1440,2023-08-09,0.0637460391533838,0.5899821305318456,2.693
310,5,204,778.2247198397158,6991.515591050044,6641.939811497545,6680.775218185916,0.9941869909673572,38.8354066883705,0.11716828847087235,0.2008417517700096,1.0071176539227902,0.0,0.0,0.0,0.0,False,1395.1741924551,1.7788736168906425,1440,2023-11-30,0.06342730895761688,0.567401575870687,2.416
311,5,294,1363.8980854556683,10257.93372153478,9745.037035458048,9826.869548252187,0.9916725756465655,81.83251279413827,0.1399582249398358,0.2269453120204165,0.9961287272440819,0.0,0.0,0.0,0.0,False,1994.6943457989637,2.6088484347423857,1440,2023-02-21,0.06311017241282879,0.5335373103341133,2.446
312,5,172,545.4463684973732,5684.839805275507,5400.597815011748,5430.865614103635,0.9944267081451466,30.267799091888588,0.10099740569113026,0.2062050557575563,0.9633496855324276,0.0,0.0,0.0,0.0,False,1226.6485983173222,3.1152160976517367,1440,2023-07-06,0.06279462155076464,0.4476707997529384,2.434
313,5,130,553.836230025271,4889.678284242745,4645.194370030569,4676.501048114351,0.9933055338250367,31.306678083780028,0.11922778379274285,0.21449579103954394,1.0084031068357737,0.0,0.0,0.0,0.0,False,752.5640063194845,1.2495237803420995,1440,2023-03-15,0.06248064844301082,0.4242959022784131,2.365
314,5,243,1024.469786423431,9033.065636448982,8581.41235462653,8611.296773706872,0.9965296261567027,29.884419080342447,0.11938242145782738,0.2120975376395343,0.9993358764054333,0.0,0.0,0.0,0.0,False,1798.3206849107978,2.2645839685906433,1440,2023-11-30,0.062168245200795766,0.3866315771264428,2.442
315,5,157,722.3993083537368,5692.32827386286,5407.711860169747,5449.240797471639,0.9923789498674456,41.52893730189277,0.13358687131142022,0.2434354420445659,1.0095632261660055,0.0,0.0,0.0,0.0,False,1156.3612720970889,1.502669552421811,1440,2023-01-26,0.06185740397479179,0.36117139760291117,2.448
316,5,296,830.3669440632494,10218.175039371876,9707.26628740333,9793.03014462594,0.9912423574771008,85.7638572226074,0.08554076085671804,0.2234442479147376,0.981531255574774,0.0,0.0,0.0,0.0,False,1993.3463579466,2.6090204134854162,1440,2023-09-30,0.06154811695491783,0.26968809219078793,2.563
317,5,221,591.6103373560321,7272.161144568396,6908.55308733996,6967.99933976373,0.9914686770871902,59.446252423768755,0.08563447799802942,0.22101994000830147,0.9794666431811444,0.0,0.0,0.0,0.0,False,1492.5850995968253,2.381598145353397,1440,2023-09-30,0.06124037637014324,0.23930986255097475,2.625
318,5,294,1139.4813872097475,10651.254576571942,10118.691847743354,10157.610784560442,0.9961684949696787,38.918936817087044,0.11261153164416919,0.20284590910405748,0.9985754481538247,0.0,0.0,0.0,0.0,False,2083.815176223578,2.5349538680802013,1440,2023-03-09,0.060934174488292525,0.21928975923286867,2.68
319,5,259,292.19733923276874,9680.680243360504,9196.64623119248,9245.980316211031,0.9946642667049537,49.334085018552244,0.03177216257832297,0.1951894242414712,1.00089728592843,0.0,0.0,0.0,0.0,False,1373.4467241355533,1.962522200357051,1440,2023-01-14,0.060629503615851066,0.24311424911251767,2.624
320,5,244,913.1949857866448,8370.974401883088,7952.4256817888945,7997.061953908804,0.9944184161161722,44.63627211990983,0.11483225651235787,0.20300451032786998,0.9997139043237955,0.0,0.0,0.0,0.0,False,1820.650958643213,2.3208961207763608,1440,2023-03-15,0.06032635609777181,0.2792586365018531,2.713
321,5,131,465.69827262657935,4566.7305208723765,4338.3939948287425,4354.6659838724545,0.9962633209747945,16.271989043712097,0.10734347161223257,0.18025449977334945,1.0032292991339844,0.0,0.0,0.0,0.0,False,935.1980281033893,1.2822140094164771,1440,2023-02-18,0.060024724317282944,0.29083073150685074,2.528
322,5,271,1018.2719496821189,9681.850044690358,9197.757542455882,9221.02050888784,0.9974771809248733,23.26296643195573,0.11070871840031471,0.19758920645525418,0.9917726410536636,0.0,0.0,0.0,0.0,False,2247.8127482549253,2.764178653941493,1440,2023-10-26,0.05972460069569653,0.3511257057421264,2.547
323,5,153,382.7776823899674,5018.54743560404,4767.620063823828,4789.776507061798,0.9953742219067416,22.156443237970745,0.080286951826225,0.17992168292316596,0.9690401033361975,0.0,0.0,0.0,0.0,False,1491.1635768915478,3.6418193203269382,1440,2023-10-07,0.05942597769221805,0.36134587010739394,2.479
324,5,135,127.89299657713428,5205.40819803407,4945.137788132359,4965.74323144837,0.9958504815179496,20.605443316012245,0.025862372709625936,0.19776912268870747,1.0049458221719019,0.0,0.0,0.0,0.0,False,952.3142140417654,1.4131430226475508,1440,2023-12-20,0.059128847803756955,0.40939446922404377,2.623
325,5,202,633.9282320808455,7324.9335619106505,6958.686883815093,6998.461020478255,0.9943167309860299,39.77413666316242,0.09109882980297211,0.20985184335067178,0.9618798800117282,0.0,0.0,0.0,0.0,False,1243.3331823410276,3.2379643985124447,1440,2023-08-09,0.058833203564738173,0.40868052489873685,2.567
326,5,139,566.3733130677497,5446.8970666075775,5174.552213277208,5198.683304065749,0.9953582302715633,24.13109078854302,0.10945358935880706,0.20011746850202664,1.0083359341048836,0.0,0.0,0.0,0.0,False,1234.3184054927037,1.681549587485831,1440,2023-11-16,0.05853903754691448,0.3810347918146363,2.448
327,5,241,630.7937376455379,8419.863144381288,7998.869987162225,8015.260838820175,0.9979550445097726,16.390851657950652,0.0788603563575767,0.1806290164148066,0.9720183018570295,0.0,0.0,0.0,0.0,False,1981.1521786267758,3.038244129257641,1440,2023-05-23,0.05824634235917991,0.3803279565892738,2.449
328,5,297,560.4984669617957,10477.964621057998,9954.066390005055,10006.239251153413,0.9947859670512732,52.17286114835763,0.05630849192693711,0.19620968775448866,0.9598611778065931,0.0,0.0,0.0,0.0,False,1314.1791684624336,3.429555313920062,1440,2023-08-07,0.057955110647384005,0.42360563218012753,2.398
329,5,283,914.6682227148684,10017.42078445202,9516.549745229458,9564.900825458797,0.9949449470400527,48.35108022934054,0.09611342841699341,0.2051646787279779,0.9978794953953986,0.0,0.0,0.0,0.0,False,1699.3822897709988,2.3046930493204822,1440,2023-12-11,0.05766533509414709,0.42413981131778555,2.462
330,5,287,667.5105295302894,9866.536528285738,9373.209701871481,9445.932780010517,0.9923011226278328,72.72307813903637,0.07121472267893594,0.19288285104554992,0.9870253616410768,0.0,0.0,0.0,0.0,False,1485.386209287823,2.26492360594192,1440,2023-08-12,0.05737700841867635,0.40460794054983684,2.469
331,5,276,1322.2440245968617,9931.824494363475,9435.233269645323,9469.982485897417,0.9963305933982621,34.74921625209494,0.14013898616060033,0.19221627560563828,0.9955738216410313,0.0,0.0,0.0,0.0,False,2213.737179620118,2.739715327713662,1440,2023-02-22,0.05709012337658297,0.41635832228454184,2.418
332,5,164,568.0406059908314,5868.138660411769,5574.731727391209,5593.026201996834,0.9967290561594198,18.294474605625176,0.10189559493953546,0.19323337795088166,0.9755727837664377,0.0,0.0,0.0,0.0,False,1575.1215947796893,2.6319724514415372,1440,2023-10-01,0.05680467275970005,0.4276142798598296,2.6
333,5,263,610.370340758087,9651.695025697794,9169.110274412913,9203.989349955209,0.9962104393849103,34.879075542294586,0.06656810993552678,0.2024342140150813,0.9914932986948072,0.0,0.0,0.0,0.0,False,1566.0266541730816,2.432820853042167,1440,2023-01-01,0.056520649395901554,0.43471975186298023,2.63
334,5,165,523.9856266601109,6098.785304728741,5793.846039492306,5822.270200633238,0.9951180278205156,28.424161140931695,0.09043830697061911,0.17934395084630278,0.9870814865400864,0.0,0.0,0.0,0.0,False,1141.301415924832,2.0892038275230678,1440,2023-09-28,0.05623804614892205,0.42004057942350753,2.678
335,5,129,161.73980936533724,4714.741668783708,4479.004585344499,4497.827309842776,0.9958151518051646,18.822724498277427,0.03611065947432986,0.18960761762355338,0.9981143340487841,0.0,0.0,0.0,0.0,False,960.0277264126695,1.5833916156363275,1440,2023-10-10,0.05595685591817744,0.46012862290092693,2.648
336,5,259,1213.7495010676366,9577.310949493438,9098.44540201874,9128.487582112099,0.9967089641276143,30.042180093358734,0.13340185574981117,0.19636448946363724,0.9991231477100571,0.0,0.0,0.0,0.0,False,2103.8111162512296,2.5663014549282788,1440,2023-03-02,0.05567707163858655,0.4701386098917335,2.525
337,5,296,699.6378068259244,10925.70060838515,10379.41557796585,10487.621782870363,0.9896824840612342,108.20620490451232,0.06740628136242705,0.2400490492804687,0.9654171776881972,0.0,0.0,0.0,0.0,False,1358.5390408976682,3.449919411524029,1440,2023-08-07,0.05539868628039362,0.4634632569630123,2.494
338,5,266,822.1366630061583,10075.282500990572,9571.518375941021,9614.83154956196,0.995495170830849,43.31317362093735,0.08589406933310413,0.2042388462645188,0.971669299372239,0.0,0.0,0.0,0.0,False,1794.2030243032705,3.525012116625863,1440,2023-10-07,0.05512169284899165,0.3600144905589828,2.45
339,5,231,763.0180240134167,8532.783734491426,8106.144547766831,8132.998688860233,0.9966981254859681,26.85414109340214,0.09412835158776206,0.16982301230041416,0.9762207119803488,0.0,0.0,0.0,0.0,False,1599.2290406172515,2.629231445559579,1440,2023-05-06,0.05484608438474669,0.35582598175762303,2.473
340,5,293,304.8442768318226,10297.772078385467,9782.88347446622,9834.390798773995,0.9947625302510659,51.50732430777317,0.031160984144141174,0.20389717967573315,0.9913279036963911,0.0,0.0,0.0,0.0,False,1752.2449189977037,2.214097175441902,1440,2023-11-05,0.05457185396282296,0.42969885882254466,2.517
341,5,135,760.0428898181274,5055.7624223202965,4802.97430120428,4828.896243953792,0.9946319114265567,25.921942749511015,0.15824421330498417,0.21584012093167884,1.0044571278998091,0.0,0.0,0.0,0.0,False,1266.241971897321,1.7365290374351812,1440,2023-01-19,0.05429899469300884,0.4136391332649936,3.557
342,5,139,154.27398625625665,5015.960929318395,4765.1628828524545,4822.300302421338,0.9881514182059143,57.13741956888347,0.03237538570012267,0.22525753552897715,0.9903689963806342,0.0,0.0,0.0,0.0,False,697.3744297103126,1.9136543102274806,1440,2023-05-20,0.05402749971954379,0.3737248760092882,2.569
343,5,166,399.78344055255536,5914.994212003704,5619.244501403495,5628.057471396487,0.9984341009242029,8.812969992992642,0.07114540761710994,0.17203776019590644,0.9591234277801624,0.0,0.0,0.0,0.0,False,1164.6079677933621,3.4547025686028188,1440,2023-05-29,0.053757362220946084,0.31981228131421885,2.691
344,5,132,615.9960006631791,5143.235979891894,4886.074180897286,4908.375488761616,0.9954564788461291,22.301307864330408,0.12607176597348685,0.21587872022816665,0.9703127213269457,0.0,0.0,0.0,0.0,False,869.2704056141264,2.768394311305909,1440,2023-06-21,0.053488575409841345,0.39516382328112354,2.649
345,5,232,254.4760685780433,8208.221328981086,7797.810262532076,7816.962132109985,0.9975499600414798,19.151869577909082,0.03263429860569739,0.16811056578862435,0.994502179994139,0.0,0.0,0.0,0.0,False,1553.7330664287124,2.2320587751729337,1440,2023-12-10,0.05322113253279214,0.35820100877226646,2.599
346,5,127,129.93627576993788,4544.17418555885,4316.965476280887,4324.838211166242,0.9981796463819088,7.872734885356801,0.030098984224881827,0.1537703662536913,1.0058981532086493,0.0,0.0,0.0,0.0,False,1078.1609044101942,1.4628142573399385,1440,2023-10-21,0.05295502687012817,0.43531516864274267,2.41
347,5,189,428.5609476449453,6375.391807198956,6056.622216839038,6075.520588140185,0.9968894235437143,18.898371301146856,0.07075906871877045,0.18203080332594446,1.0027437581363678,0.0,0.0,0.0,0.0,False,1190.6790959187692,1.67124812875714,1440,2023-03-31,0.05269025173577754,0.5308664172032918,2.555
348,5,212,1012.6720467201818,8111.542786051057,7705.9656467484865,7722.072779649752,0.9979141438625503,16.107132901265075,0.13141403597451493,0.18156937619272862,0.9912822010550029,0.0,0.0,0.0,0.0,False,1939.4674920331572,2.6906001351797606,1440,2023-01-17,0.05242680047709865,0.5460329143264769,2.532
349,5,200,295.25020498588685,6825.709289077765,6484.423824623887,6499.546108986295,0.9976733322436933,15.122284362406305,0.04553221889425343,0.18372952644295054,0.9993609152726444,0.0,0.0,0.0,0.0,False,1729.168801015081,2.254808402970858,1440,2023-10-19,0.05216466647471316,0.5601027829084635,2.486
350,5,227,719.2756812350194,7654.760286673948,7272.0222723402585,7296.79325129017,0.9966052239529287,24.770978949910294,0.09890999426264745,0.18697211940604747,0.9658273589941802,0.0,0.0,0.0,0.0,False,1605.7062262486975,3.0285704098495336,1440,2023-08-14,0.0519038431423396,0.5674198709014169,2.54
351,5,265,1213.4076403616841,9358.414662316825,8890.49392920098,8913.840829008854,0.9973808260372011,23.34689980787244,0.13648371508091647,0.2031198151792228,1.0008969920031308,0.0,0.0,0.0,0.0,False,2037.3329868693181,2.416526203838199,1440,2023-01-21,0.0516443239266279,0.566791230806664,2.468
352,5,280,772.3785185858908,10131.124994130327,9624.568744423785,9673.98535729789,0.9948918040446664,49.416612874105994,0.0802507145095084,0.20010584909700826,0.9669380846357034,0.0,0.0,0.0,0.0,False,1920.3793293049505,3.4351310976079645,1440,2023-10-04,0.05138610230699475,0.5306073972709149,2.514
353,5,269,1212.5470248873753,9551.442062909431,9073.869959764,9146.732324177874,0.9920340552416437,72.86236441387102,0.13363063723241986,0.24666174424158452,0.9873229902053718,0.0,0.0,0.0,0.0,False,2004.9992080221734,3.0239670741191143,1440,2023-01-02,0.05112917179545978,0.5082857633683372,2.515
354,5,256,1253.4854747406214,8540.847746865169,8113.805359521951,8139.295795231868,0.9968682259066134,25.490435709918216,0.15448798919850776,0.18473856408429354,0.9996322885452794,0.0,0.0,0.0,0.0,False,1339.1979220306766,2.082908606172807,1440,2023-02-05,0.05087352593648248,0.385672399716128,2.458
355,5,218,150.97418333855498,7780.872986701055,7391.829337365958,7414.362244994634,0.9969609108802463,22.532907628676952,0.020424468213216876,0.17923704444368274,0.9626250963814938,0.0,0.0,0.0,0.0,False,1892.5777308444895,3.385929790391912,1440,2023-08-02,0.05061915830680006,0.4245757769361861,2.547
356,5,227,781.995760537658,8414.924076302837,7994.17787248768,8042.056371742733,0.9940464854955154,47.87849925505341,0.09782066061213515,0.20789608894423392,0.9696164657031235,0.0,0.0,0.0,0.0,False,1786.7381360614222,2.891459676676027,1440,2023-08-04,0.05036606251526607,0.4688399696993922,2.524
357,5,263,321.67579976226045,9772.909740029641,9284.264253028125,9333.12396906639,0.994764912991598,48.859716038266576,0.034647419654965525,0.19151724581028726,0.9929663018602598,0.0,0.0,0.0,0.0,False,2009.5114181016434,2.469579025179309,1440,2023-11-05,0.050114232202689735,0.44080662156153283,2.64
358,5,204,652.186599559368,7264.0996148097465,6900.8946340692855,6956.548321347029,0.9919998130240879,55.653687277742456,0.09450754346249014,0.21463008718609095,0.9573925026557365,0.0,0.0,0.0,0.0,False,1287.746965743976,3.4304623033934574,1440,2023-05-17,0.05,0.4548375356554136,2.492
359,5,193,824.661880116122,6784.6188455616175,6445.387903283525,6496.893347924899,0.9920722964218237,51.50544464137552,0.12794604335543683,0.2312558122007241,1.0026935494895841,0.0,0.0,0.0,0.0,False,1314.3196931515313,1.849499019330889,1440,2023-01-30,0.05,0.41448251154444554,2.638
360,5,269,1271.0253947792664,9857.724526532502,9364.838300205793,9438.786475019191,0.9921654997695826,73.94817481340067,0.13572315442449612,0.2573669913424416,0.9975415471228162,0.0,0.0,0.0,0.0,False,1392.1376731577134,1.854749989013105,1440,2023-04-03,0.05,0.3440591066134419,2.62
361,5,296,1429.7445032862483,10495.342342669795,9970.575225536315,10050.05806940664,0.992091305013224,79.48284387032454,0.1433963909749593,0.2380672298358511,1.0024159842934888,0.0,0.0,0.0,0.0,False,1656.5364216547562,2.025159921398364,1440,2023-01-27,0.05,0.22740743898973848,2.665
362,5,188,749.7803462516844,7233.146231335151,6871.488919768382,6929.641801728358,0.9916080969805003,58.15288195997374,0.10911468460564108,0.23631972884310046,1.0012913205573384,0.0,0.0,0.0,0.0,False,1083.776867032051,1.4465804169983136,1440,2023-02-18,0.05,0.17464221871348226,2.622
363,5,229,13.33165388701024,8216.49816825346,7805.6732598407525,7871.219508560294,0.9916726691908087,65.54624871954258,0.001707944137964369,0.23226634487124295,0.9708682194971008,0.0,0.0,0.0,0.0,False,1448.6463204638646,2.877278715564957,1440,2023-10-13,0.05,0.13445855823437367,2.518
364,5,128,628.6968843193614,4849.365047814424,4606.896795423678,4626.883421623928,0.9956803263927415,19.98662620025057,0.13646862785028868,0.2055296959477699,1.0079599357419737,0.0,0.0,0.0,0.0,False,1130.6954412670398,1.6243867202670015,1440,2023-02-26,0.05,0.10961575734561119,2.441
365,5,295,1502.0190692746846,10585.071893665407,10055.818298982096,10134.183886004177,0.9922672029732648,78.36558702208103,0.14936815927021344,0.24704051262341195,1.0025836957490633,0.0,0.0,0.0,0.0,False,1980.132532063223,2.3403404125265053,1440,2023-01-20,0.05,0.1482856594688534,2.614
366,5,266,272.2315755970271,9599.5917719397,9119.612183342668,9176.297363198872,0.9938226522514912,56.68517985620525,0.029851222850711658,0.2348195191387226,0.9973557977324191,0.0,0.0,0.0,0.0,False,1989.0376977628266,2.5057878211095956,1440,2023-01-11,0.05,0.0855457588498641,2.518
367,5,127,531.5414573186422,4602.066198024256,4371.9628881230465,4385.291321910931,0.99696065031728,13.328433787885796,0.12157959043125396,0.17129957540944646,1.0052146487145712,0.0,0.0,0.0,0.0,False,885.7005950678915,1.4146239679162291,1440,2023-03-20,0.05,0.060499048064053096,2.72
368,5,188,804.6720187415832,6666.299468898629,6332.984495453703,6370.044157116058,0.9941821970541671,37.05966166235502,0.12706047509183668,0.21911543108396428,0.9879327417685698,0.0,0.0,0.0,0.0,False,1603.0262087168708,2.404917773732391,1440,2023-09-11,0.05,0.18164057686933946,2.492
369,5,279,1091.7846437299659,10015.143934048476,9514.386737346074,9560.903063183505,0.9951347351259576,46.51632583743137,0.11475092130157684,0.21398954529208739,0.9976902881816153,0.0,0.0,0.0,0.0,False,1941.6096232082455,2.470094544757229,1440,2023-10-22,0.05,0.17240314587543112,2.675
370,5,234,225.21302879040795,7974.965797857479,7576.217507964602,7626.213569409778,0.9934441828844501,49.99606144517452,0.02972631508449298,0.19304266172955659,1.004909377271293,0.0,0.0,0.0,0.0,False,1406.1327440995337,1.8790185007268234,1440,2023-11-03,0.05,0.17559067255782923,2.572
371,5,221,721.8418536359151,7645.4589416320705,7263.1859945504775,7308.749317265565,0.9937659207154017,45.5633227150888,0.09938363882977917,0.20459516685555615,0.9650021140672205,0.0,0.0,0.0,0.0,False,1634.3913539173436,3.2113622886889237,1440,2023-06-25,0.05,0.2245717046548377,2.643
372,5,141,110.00964604632931,5077.530393272555,4823.653873608902,4843.95196076676,0.9958096018865875,20.29808715785654,0.022806289366700275,0.17127337714147578,1.0060831912210697,0.0,0.0,0.0,0.0,False,960.9210105476482,1.3884793581613686,1440,2023-12-20,0.05,0.2381112607124676,2.589
373,5,249,949.2174347595513,9039.041119858714,8587.089063865787,8622.316302927415,0.995914411183261,35.22723906162619,0.11054007099493468,0.197303641174232,1.0000249522341818,0.0,0.0,0.0,0.0,False,1998.8985687373736,2.465332237390953,1440,2023-03-09,0.05,0.32368717407247455,2.527
374,5,233,686.1324500057544,8613.980222752367,8183.281211614755,8210.721848321686,0.9966579507607435,27.440636706931187,0.08384563994109206,0.16944210268796064,0.9561018771626405,0.0,0.0,0.0,0.0,False,1934.4965651966236,3.803746910395665,1440,2023-06-01,0.05,0.33501614182970485,2.626
375,5,154,425.4649510546711,5227.206971040486,4965.846622488452,4980.644789925599,0.9970288651246363,14.798167437146944,0.08567823040041153,0.1816937547275908,0.975847314900478,0.0,0.0,0.0,0.0,False,1215.235632956028,2.5096527007784393,1440,2023-10-05,0.05,0.406902595570888,2.53
376,5,206,527.8998880193791,7201.1972015388055,6841.137341461879,6871.9996092401125,0.995508982896807,30.862267778234038,0.07716551527477045,0.17784608452137934,1.0060919711087233,0.0,0.0,0.0,0.0,False,1488.8418605798229,1.8765750695976275,1440,2023-04-09,0.05,0.43837343634026865,2.45
377,5,219,502.1971441584418,7641.9004437846825,7259.805421595461,7301.002430809078,0.9943573489251596,41.197009213617264,0.06917501434192375,0.19404057834959568,1.0052133569203185,0.0,0.0,0.0,0.0,False,1322.2681836100596,1.7314828253788037,1440,2023-10-17,0.05,0.4731226791833695,2.423
378,5,221,780.6538166162566,8055.170294457517,7652.411779734644,7689.86824934391,0.9951291142585621,37.45646960926491,0.10201408903316055,0.18245613260956398,0.9953271546239933,0.0,0.0,0.0,0.0,False,1643.0450817222372,2.1484582613556387,1440,2023-09-22,0.05,0.46559215811829435,2.488
379,5,172,308.2754676883217,6439.253764948774,6117.291076701316,6134.632170365097,0.9971732463850805,17.34109366378115,0.050394114620838995,0.16714505872753677,1.0075746580776102,0.0,0.0,0.0,0.0,False,1512.8296997612358,1.9235997667305351,1440,2023-10-20,0.05,0.48593071526382575,2.526
380,5,212,724.7382955416493,7579.632480598017,7200.6508565681615,7244.927955115007,0.993888538461506,44.27709854684319,0.10064899826111837,0.2247827079383544,0.9510044567334778,0.0,0.20833333333333334,11.696384386651756,0.0,False,1264.9527328550605,3.941867785771514,1446,2023-08-27,0.05,0.537528670584334,2.394
381,5,139,455.79669315202386,4835.400545976566,4593.630518677702,4613.699119087394,0.9956502147427286,20.068600409692195,0.09922362961033859,0.20123354964718995,1.0094014152874697,0.0,0.0,0.0,0.0,False,912.1819430413614,1.2494303036764012,1440,2023-11-17,0.05,0.450765071180024,2.516
382,5,225,812.427553731783,7797.101322782646,7407.246256643508,7444.348424926451,0.9950160623650135,37.10216828294408,0.10968010588322513,0.2031522765677842,1.0043872401595275,0.0,0.0,0.0,0.0,False,1672.8216748091602,2.0859076359076774,1440,2023-04-15,0.05,0.4331006624147783,2.341
383,5,120,519.0140926815006,4208.475277817333,3998.051513926463,4014.7847280210076,0.9958321017867394,16.733214094544827,0.12981675970747558,0.21016194165333113,0.9958743753232097,0.0,0.0,0.0,0.0,False,799.3385118197752,1.7953922499846824,1440,2023-01-02,0.05,0.4145903223488852,2.485
384,5,124,68.1718337362441,4653.632955079576,4420.9513073255675,4432.159805109566,0.9974710980025863,11.208497783998922,0.01542017294406355,0.17729999785724637,0.9665026685115139,0.0,0.0,0.0,0.0,False,1063.2806967760034,2.9274092534117395,1440,2023-09-18,0.05,0.3838526900253009,2.422
385,5,284,746.3514763321973,10195.472525636145,9685.698899354356,9784.099742422131,0.9899427800555706,98.40084306777335,0.07705705949437977,0.2565452392051009,1.003366735705025,0.0,0.0,0.0,0.0,False,1582.2675405382251,1.9701088609751864,1440,2023-10-17,0.05,0.4326938606249577,2.494
386,5,269,937.8785746789426,10076.898518209042,9573.053592298584,9618.89212928664,0.9952345305080934,45.838536988054216,0.09797068047686014,0.20406789015903207,0.9986674804431018,0.0,0.0,0.0,0.0,False,1494.0285272486612,1.9051709321310897,1440,2023-04-30,0.05,0.294600004179148,2.451
387,5,241,9.329509819413175,8727.525902857866,8291.14960771499,8306.714342409017,0.9981262465455729,15.564734694029099,0.0011252371819140715,0.15457571368495576,0.9709866602614246,0.0,0.0,0.0,0.0,False,1674.961555147352,2.8786685833118755,1440,2023-10-13,0.05,0.2993716924159001,2.515
388,5,206,582.8077846127404,7134.099477308816,6777.394503443398,6800.677887086878,0.9965763142983598,23.283383643480015,0.0859928965794499,0.18124357313420758,0.9649667827213656,0.0,0.0,0.0,0.0,False,1415.1809575640593,3.39050957945419,1440,2023-06-11,0.05,0.4143430455640219,2.469
389,5,157,685.5663132321763,5449.99906047774,5177.499107453843,5208.095693335823,0.994125187461296,30.596585881979824,0.13241263764685024,0.2268680007611803,0.9991696257071461,0.0,0.0,0.0,0.0,False,972.6033630421173,1.822941004145648,1440,2023-01-17,0.05,0.448588658637455,2.415
390,5,197,449.56535641217874,6963.403720803217,6615.233534763042,6624.069943379178,0.9986660152003728,8.836408616136108,0.06795910591057949,0.16191646792932862,0.9732354458676326,0.0,0.0,0.0,0.0,False,1541.8948731667551,2.694446572428043,1440,2023-07-31,0.05,0.3742680082788024,2.495
391,5,166,640.8511515942786,5793.756180576144,5504.068371547389,5535.734755347838,0.9942796421432842,31.66638380044845,0.11643226579580308,0.2190019288728436,1.0047712205983281,0.0,0.0,0.0,0.0,False,1120.651800933663,1.4843098382040232,1440,2023-10-25,0.05,0.4596090368254876,2.493
392,5,154,508.76012775834135,5782.119135363233,5493.0131785950325,5519.647359414634,0.9951746589799487,26.634180819601873,0.09261949884643618,0.22080067243979734,0.9662423919343259,0.0,0.0,0.0,0.0,False,1409.3064335217057,2.9994289408521473,1440,2023-06-12,0.05,0.4013437491434607,2.454
393,5,204,782.088754709653,6968.559449745243,6620.131477257989,6670.693955852863,0.9924202071134578,50.562478594874776,0.11813794898127741,0.24094707210283742,0.9933446796417494,0.0,0.0,0.0,0.0,False,1099.53540686543,2.2120188429210113,1440,2023-10-11,0.05,0.34973424952855103,2.38
394,5,215,580.5363403495327,7575.185265630501,7196.4260023489915,7217.935435048492,0.9970200020638789,21.509432699500667,0.08067009098127867,0.21459585229906522,0.9568342760784638,0.0,0.0,0.0,0.0,False,1315.4564969864036,3.470564839149871,1440,2023-07-17,0.05,0.2620772169727933,2.434
395,5,268,846.7864434667633,9748.605390562954,9261.175121034907,9307.794405548128,0.9949913714805053,46.619284513219434,0.09143401700108848,0.21018400719316904,0.9863977959775361,0.0,0.0,0.0,0.0,False,2232.6729278887615,3.2758656106913198,1440,2023-10-08,0.05,0.24919448188153262,2.482
396,5,216,795.5694931740815,7746.95653789966,7359.608711004693,7417.109374417413,0.9922475643124467,57.50066341272037,0.10809942816450016,0.248190796706504,0.9534289810587658,0.0,0.0,0.0,0.0,False,1621.7438541236652,3.568121840390986,1440,2023-08-28,0.05,0.24808515268183723,2.443
397,5,141,575.5431176679502,5040.370596422427,4788.352066601321,4818.952237438947,0.9936500364955082,30.60017083762627,0.1201964913320293,0.21549270070993282,1.0047394289605567,0.0,0.0,0.0,0.0,False,1034.7130195149934,1.6268099692342586,1440,2023-04-07,0.05,0.16117321255741882,2.503
398,5,141,328.0129225069825,4968.432683157751,4720.011048999922,4757.19174239259,0.9921843189415006,37.18069339266776,0.06949410056497261,0.23325201177042357,1.0080380404125644,0.0,0.0,0.0,0.0,False,850.1773406225935,1.3012730367750571,1440,2023-11-09,0.05,0.16280483661484405,2.421
399,5,295,877.7612177222492,10882.848157648872,10338.705749766392,10380.801781292923,0.9959448188672293,42.096031526529316,0.0849004932500456,0.21844353441445702,0.9907774437129424,0.0,0.0,0.0,0.0,False,2068.615950653777,2.549885067535757,1440,2023-11-07,0.05,0.12337705093918341,2.523
400,5,146,361.0637201212438,5135.653826661073,4878.871135328004,4891.820726441787,0.9973528075050285,12.949591113782148,0.07400558656013154,0.17833123718084212,0.9647789183196819,0.0,0.0,0.0,0.0,False,849.1909071919599,3.038246423234333,1440,2023-08-08,0.05,0.12349129586105848,2.516
401,5,290,1270.0379924223791,10728.52343726845,10192.097265404976,10231.675076688618,0.9961318346226794,39.577811283642916,0.12461007380034211,0.20476142997089553,0.9955489121069865,0.0,0.0,0.0,0.0,False,2223.5093511112377,2.632380883568713,1440,2023-04-03,0.05,0.21291318385346916,2.645
402,5,235,888.5409980338077,8762.107811174055,8324.002420615347,8358.320759854088,0.9958941107640213,34.318339238741245,0.10674444253322585,0.19962210856844123,0.9602937245910744,0.0,0.0,0.0,0.0,False,1654.8591458573108,3.4200928223950013,1440,2023-06-22,0.05,0.22606619861073546,2.775
403,5,164,784.6489425841415,5932.646135600654,5636.013828820602,5649.7121257903655,0.9975753991239248,13.698296969763057,0.13922054956141547,0.1971665672679393,1.0018675790122846,0.0,0.0,0.0,0.0,False,1354.8542987374453,1.9122533302638836,1440,2023-02-22,0.05,0.24791401207352587,2.706
404,5,197,1001.479760292518,7067.875191893414,6714.481432298722,6748.29227282299,0.9949897190048463,33.81084052426808,0.14915221233245088,0.18649217447652722,1.0067771298019332,0.0,0.0,0.0,0.0,False,1394.4739716058837,1.7510534188778055,1440,2023-01-20,0.05,0.2709361253414655,2.602
405,5,235,1074.2255703433084,8223.368244167636,7812.199831959237,7871.193881132741,0.9925050697436238,58.99404917350558,0.13750615619799134,0.2371908385379585,1.0035738098767821,0.0,0.0,0.0,0.0,False,1359.1274089687945,1.840466803085642,1440,2023-01-21,0.05,0.3135128713730974,2.603
406,5,228,801.7223563030209,8044.698145783038,7642.463238493893,7697.147401585481,0.9928955286629533,54.684163091588466,0.10490365884455559,0.21807358957582865,0.9597554661941664,0.0,0.0,0.0,0.0,False,1256.4828117358775,3.289727584066648,1440,2023-06-26,0.05,0.2341776653363562,2.526
407,5,185,557.5529060223716,6403.192978581881,6083.033329652766,6117.965726090281,0.9942901941590576,34.932396437515024,0.09165705262611114,0.2149623788273556,0.9638961806557628,0.0,0.0,0.0,0.0,False,946.5856185571458,3.157079497218413,1440,2023-07-24,0.05,0.21186376874485752,2.751
408,5,190,651.5805055226436,6885.084532341126,6540.830305724074,6584.732571968205,0.9933327184112188,43.902266244132036,0.09961739948404201,0.24037243006464812,0.9560325534159488,0.0,0.0,0.0,0.0,False,1424.703208200348,3.435126778942762,1440,2023-08-27,0.05,0.2001091961769314,2.611
409,5,246,314.76771050214836,7991.604709587667,7592.024474108277,7612.079445385252,0.9973653754639761,20.054971276975184,0.04146031293439942,0.17424924566923522,0.9586209376130318,0.0,0.0,0.0,0.0,False,1768.6870211404848,3.4142905557639196,1440,2023-05-28,0.05,0.13278480389731462,2.418
410,5,234,123.93078863429263,8354.0823402559,7936.378223243069,7982.413730918721,0.9942328837833424,46.03550767565072,0.015615534586209573,0.19865208917026766,0.9960849253795387,0.0,0.0,0.0,0.0,False,1848.3511501032099,2.387526841401293,1440,2023-11-13,0.05,0.22568383346006785,2.397
411,5,135,545.1455997389033,5217.227366406775,4956.365998086423,4967.152896097502,0.9978283539410366,10.78689801107875,0.10998897174853021,0.19112252566070262,1.0052739742000147,0.0,0.0,0.0,0.0,False,966.0732746464122,1.6291066010520074,1440,2023-10-22,0.05,0.2463841969494856,2.561
412,5,250,849.5666531325842,9477.900523705717,9004.005497520448,9044.886495474335,0.9954802088479118,40.88099795388601,0.0943543019122479,0.23740089518770474,0.9930660783110811,0.0,0.0,0.0,0.0,False,2026.5510011421702,2.6121530567215374,1440,2023-04-23,0.05,0.27995340117902784,2.534
413,5,205,331.78841711019874,6846.960412500944,6504.61239187586,6522.109491753441,0.9973172637013065,17.49709987757905,0.05100817652479897,0.18061931949890186,1.0042666952650239,0.0,0.0,0.0,0.0,False,1321.3743130615758,1.6863739109280202,1440,2023-12-19,0.05,0.20312630684387167,2.532
414,5,273,728.1453256663048,9690.068824739883,9205.565383502893,9225.637885572189,0.9978242694631787,20.072502069297194,0.07909838183010456,0.1890536681802992,0.9745651766369499,0.0,0.0,0.0,0.0,False,2083.6787640726798,2.8389133628498397,1440,2023-05-21,0.05,0.267553131916168,2.714
415,5,226,785.3508934548457,8082.838378981945,7678.696460032848,7713.7040074781635,0.9954616423690387,35.0075474453133,0.10227659050498346,0.21787690657815545,0.9959510925115734,0.0,0.0,0.0,0.0,False,1691.5009993802742,2.2011122448621343,1440,2023-09-22,0.05,0.30108634146591595,2.46
416,5,216,915.1810940167744,7905.652005034138,7510.369404782454,7525.329733926982,0.9980120035037028,14.960329144528679,0.12185566976692322,0.16566545866684693,0.9985097147728834,0.0,0.0,0.0,0.0,False,1827.5947853922844,2.3733751799716343,1440,2023-03-03,0.05,0.26360793930152276,2.353
417,5,233,904.672035617056,8038.726733196315,7636.790396536509,7704.096975076717,0.9912635343560772,67.30657854020824,0.1184623367465145,0.25719804783336647,1.0009175085343978,0.0,0.0,0.0,0.0,False,1129.9938619560949,1.541384915495627,1440,2023-10-26,0.05,0.35020713004154463,2.339
418,5,189,258.55644091833653,6939.752957263582,6592.765309400399,6622.289332233377,0.9955417195849067,29.524022832976637,0.03921820795739077,0.21150081785358246,1.0034704245319463,0.0,0.0,0.0,0.0,False,1559.3702421259436,2.004477452815731,1440,2023-03-12,0.05,0.21525488407555082,2.492
419,5,245,915.4722804881575,8838.847710998127,8396.905325448233,8445.710974959517,0.9942212503297845,48.80564951128205,0.10902496157884081,0.21197974593655708,1.0018162806314421,0.0,0.0,0.0,0.0,False,1589.630654567034,2.1014005031815,1440,2023-11-25,0.05,0.2072519523656015,2.534
420,5,174,392.6139147770404,6204.66170154397,5894.4286164667765,5963.240770806361,0.9884606111032006,68.81215433958414,0.06660762905504147,0.23611764832874366,0.9696539391262573,0.0,0.0,0.0,0.0,False,1000.5583985985108,2.8330532730280944,1440,2023-05-27,0.05,0.19919697791827,2.458
421,5,281,343.6276462718056,10413.532910408449,9892.85626488803,9934.05671654634,0.9958526055534105,41.20045165830942,0.03473492761553782,0.20739323678235747,0.9993406094532421,0.0,0.0,0.0,0.0,False,2130.756388571658,2.6207852264272518,1440,2023-11-23,0.05,0.13784373068115713,2.382
422,5,247,678.8205841110816,8730.815642669453,8294.274860536021,8351.407234201602,0.9931589524898742,57.132373665581525,0.08184206522271105,0.2483958949529286,1.0039096186283392,0.0,0.0,0.0,0.0,False,1485.7376439283394,2.040612381906208,1440,2023-12-12,0.05,0.1515851764543986,2.568
423,5,163,125.7777719296909,6088.594572241603,5784.164843629544,5807.457488664027,0.9959891837211121,23.292645034483776,0.0217451914546,0.20138537913312235,0.962229544005548,0.0,0.0,0.0,0.0,False,1370.444193055069,3.1653500349160195,1440,2023-08-02,0.05,0.06995269035008878,2.524
424,5,279,1325.3955311686866,10129.7913058993,9623.30174060437,9684.497347710545,0.9936810755469263,61.19560710617443,0.1377277328400022,0.2378703253570241,0.9963228298568455,0.0,0.0,0.0,0.0,False,2189.112227044129,2.8001444780139852,1440,2023-02-21,0.05,0.10800056731355864,2.533
425,5,147,370.36233291034847,4965.010981113105,4716.760432057458,4742.002483860642,0.9946769214294815,25.242051803184236,0.07852048842531437,0.217871539102995,0.976977540680401,0.0,0.0,0.0,0.0,False,1157.7686734105214,2.4932869472590777,1440,2023-10-04,0.05,0.056278470923899454,2.499
426,5,286,692.1305664165133,10372.220099918057,9853.609094922116,9903.674045518812,0.9949448103434554,50.06495059669504,0.07024132576694062,0.2260590911820686,0.9995708815569143,0.0,0.0,0.0,0.0,False,2054.1079842834406,2.5099471432699443,1440,2023-03-31,0.05,0.05800454661588633,2.754
427,5,190,1027.6224957882678,6575.918693328131,6247.12275866173,6278.890041441884,0.9949406212610057,31.767282780154556,0.1644953261665066,0.18804225691074947,0.9957013877706723,0.0,0.0,0.0,0.0,False,1497.9373963439034,2.1846856166240416,1440,2023-02-07,0.05,0.040069838036410566,2.647
428,5,186,578.5122056420157,6438.66931060654,6116.735845076213,6146.896378525679,0.9950933720706872,30.160533449465987,0.09457858248165163,0.20447968604184297,0.9931833765270992,0.0,0.0,0.0,0.0,False,1622.562804527852,2.332835680664987,1440,2023-03-26,0.05,0.10995699372419449,2.533
429,5,222,733.4204614279373,7603.34770099873,7223.180315948798,7265.118671020797,0.9942274370218779,41.93835507199823,0.10153705561088422,0.21107341195992993,0.9633177571340734,0.0,0.0,0.0,0.0,False,1450.1618846647884,3.197661645925117,1440,2023-07-06,0.05,0.12948038988392385,2.448
430,5,123,445.12780415618164,4389.765836827286,4170.277544985903,4182.322867311785,0.9971199444165285,12.045322325881601,0.10673817254474519,0.1975085505041675,1.0094996402957825,0.0,0.0,0.0,0.0,False,907.4254094781793,1.2937915943219025,1440,2023-04-20,0.05,0.13003923919391952,2.474
431,5,293,1052.0394717190507,10516.237662331945,9990.425779215331,10053.2429677865,0.9937515497464396,62.817188571169,0.10530476828202612,0.2420614185481018,0.9552223200214304,0.0,0.0,0.0,0.0,False,1860.8293866889426,3.4569251460242203,1440,2023-08-31,0.05,0.16045358631938506,2.411
432,5,273,585.6236919975842,9326.370724305993,8860.052188090689,8906.887512264308,0.994741673327621,46.83532417361774,0.06609709283482043,0.1974340874454247,0.9947202724705753,0.0,0.0,0.0,0.0,False,1811.7849649190903,2.4214869630905738,1440,2023-04-01,0.05,0.08466568339569691,2.436
433,5,248,908.0106195808752,8828.1602916468,8386.75227706448,8402.201150746501,0.9981613301794554,15.448873682021116,0.10826725168263775,0.16150246318905198,0.9960312439850812,0.0,0.0,0.0,0.0,False,2028.2893571167378,2.4114002998209285,1440,2023-04-26,0.05,0.12234378511036476,2.465
434,5,138,470.388411597204,5020.862173614152,4769.819064933414,4784.311248341435,0.9969708945225825,14.492183408022568,0.098617663520067,0.18369742058172966,0.9663094194745961,0.0,0.0,0.0,0.0,False,1077.8432219562687,2.9459510652660805,1440,2023-08-14,0.05,0.2334607166866664,2.457
435,5,253,923.2210563384717,8961.26505735728,8513.201804489383,8563.304535687937,0.9941491358867656,50.10273119855362,0.10844580893778613,0.21192377362729659,0.9989144968332767,0.0,0.0,0.0,0.0,False,1993.2244744509246,2.4669979533090833,1440,2023-04-26,0.05,0.2743404846547304,2.519
436,5,188,718.4824819621399,6951.583835994034,6604.004644194341,6620.295688446208,0.9975392270952039,16.29104425186772,0.10879496921519677,0.18383084412961248,1.0013083910480056,0.0,0.0,0.0,0.0,False,1337.461285192802,1.8011687226732218,1440,2023-10-22,0.05,0.2443501336475694,2.48
437,5,296,972.1274585720262,9871.784550378703,9378.195322859776,9430.093041630165,0.9944965846528468,51.89771877038968,0.10365826527438829,0.21333430163440156,0.9893064931287965,0.0,0.0,0.0,0.0,False,1743.4682834783623,2.1661106512013837,1440,2023-04-24,0.05,0.28297075553026513,2.555
438,5,260,1256.2194406710066,9675.97380416951,9192.1751139611,9216.979476793604,0.997308840396688,24.80436283250257,0.13666182650970793,0.19943928748615272,1.001573055749215,0.0,0.0,0.0,0.0,False,1924.049996495247,2.3158936624473365,1440,2023-01-21,0.05,0.2482929314441656,2.641
439,5,168,572.7003716173505,5893.765866002864,5599.077572702697,5607.222408776146,0.9985474383786344,8.144836073448321,0.10228477176480799,0.17678425237834117,0.9903512754292435,0.0,0.0,0.0,0.0,False,1273.5211455638403,1.9005714056837795,1440,2023-04-24,0.05,0.25114773892712583,2.494
440,5,156,633.0223695447606,5665.0670747410895,5381.813721004051,5401.625963776591,0.9963321705528297,19.812242772539225,0.1176224972399568,0.21464496557039328,1.005722810364498,0.0,0.0,0.0,0.0,False,1204.3043496837272,1.7067755457069835,1440,2023-11-29,0.05,0.3044334495317624,2.468
441,5,166,496.3916962715608,5932.894245970776,5636.249533672231,5645.690153893757,0.9983278182181119,9.440620221525862,0.08807127741701364,0.17921422110447183,0.9673136715771228,0.0,0.0,0.0,0.0,False,1370.0569923521675,2.957352944672264,1440,2023-06-08,0.05,0.2630362007144373,2.656
442,5,225,927.3925784726309,7934.154857996399,7537.44711509658,7566.256852082867,0.9961923395478761,28.80973698628707,0.12303802127051447,0.20692560055746162,1.0000193122249237,0.0,0.0,0.0,0.0,False,1674.8655622352999,2.155220033026075,1440,2023-10-16,0.05,0.3089053284303808,2.59
443,5,196,1062.216311702597,7308.384583958432,6942.965354760529,6946.929178230608,0.9994294135770809,3.9638234700795003,0.1529917344286149,0.15502321560246546,1.002574915469961,0.0,0.0,0.0,0.0,False,1492.1984250347775,1.9669624561729222,1440,2023-02-05,0.05,0.28428931577868505,2.512
444,5,201,542.9691481243481,6864.803589697001,6521.563410212168,6543.261397792621,0.996683918574952,21.697987580453997,0.08325751265012749,0.18189037622741738,0.9915260519639436,0.0,0.0,0.0,0.0,False,1410.9860380285907,1.816427634725767,1440,2023-11-07,0.05,0.3810305917781967,2.537
445,5,173,491.1859974985734,6088.482305200074,5784.05818994014,5806.606406879697,0.996116799493618,22.54821693955658,0.08492065283037145,0.20931673875063833,1.0006029856767418,0.0,0.0,0.0,0.0,False,1250.717576361567,1.7039016483452558,1440,2023-11-06,0.05,0.40022134039154095,2.545
446,5,277,1285.9612336606408,9943.443650805406,9446.271468265139,9474.545821692349,0.9970157563265486,28.274353427209675,0.13613426609438897,0.20303037818321,0.9985665908198383,0.0,0.0,0.0,0.0,False,1781.5149428736886,2.280997687078799,1440,2023-02-23,0.05,0.3547701047935983,2.572
447,5,237,1212.2690366304098,7784.096667039045,7394.891833687112,7422.55361603912,0.9962732795500143,27.661782352007407,0.16393330205426,0.19406757001177166,0.9991579108742745,0.0,0.0,0.0,0.0,False,1713.6480123018273,2.266724382415578,1440,2023-02-07,0.05,0.33208759065442606,2.556
448,5,132,443.3191244249785,4941.206294963328,4694.145980215168,4706.395964946187,0.9973971623250023,12.249984731019248,0.09444084744988222,0.1730842451405949,0.9584667807582617,0.0,0.0,0.0,0.0,False,942.598850607872,3.260597551907802,1440,2023-07-28,0.05,0.333956378819664,2.507
449,5,292,953.1469976175455,10718.189099643434,10182.279644661307,10242.016657817525,0.9941674559657524,59.737013156219135,0.0936084090086145,0.21093624277566447,0.97242968354435,0.0,0.0,0.0,0.0,False,2040.4746665153177,2.8786388162367063,1440,2023-05-24,0.05,0.38296051181141355,2.516
450,5,120,406.72466632296613,4213.94549536128,4003.2482205932406,4018.1708671262168,0.9962862090671498,14.922646532976087,0.1015986628635018,0.2147638512925208,0.9994373631573868,0.0,0.0,0.0,0.0,False,905.723960246555,1.440709804867967,1440,2023-04-27,0.05,0.3383426112688768,2.416
451,5,147,497.39210274830015,4969.309838106096,4720.84434620079,4740.516572236906,0.9958501935946544,19.67222603611632,0.10536083511175032,0.2006289026703278,1.0087301544787506,0.0,0.0,0.0,0.0,False,1187.388190527644,1.5933424080351701,1440,2023-11-20,0.05,0.2934893595331375,2.329
452,5,151,547.5048881017009,5445.125277483057,5172.869013608923,5184.550386140819,0.9977468880304216,11.681372531895873,0.1058416299854704,0.18699965130924048,0.95513132598789,0.0,0.0,0.0,0.0,False,1108.707403888293,3.4762176469431765,1440,2023-08-29,0.05,0.28867219997985427,2.391
453,5,213,47.05667767604252,7203.678708166569,6843.494772758249,6894.390966301998,0.9926177390008029,50.89619354374929,0.006876118012592048,0.2196486606647304,1.0040205063913823,0.0,0.0,0.0,0.0,False,1442.5619761406722,1.8226598994464407,1440,2023-12-22,0.05,0.3154528427661577,2.371
454,5,269,1056.167748138216,9794.748438294213,9305.01101637953,9346.281194962352,0.9955843208949174,41.2701785828208,0.11350526574112088,0.21724955624954667,0.9799338780113932,0.0,0.0,0.0,0.0,False,1944.3830619441449,2.721221718500722,1440,2023-09-26,0.05,0.2640671033798862,2.438
455,5,242,683.2982539718793,8362.99264030764,7944.843008292288,7983.11581237217,0.9952057811787514,38.27280407988174,0.08600525564302516,0.2373860460773247,0.9553069328878356,0.0,0.0,0.0,0.0,False,1539.4230505382482,3.482583165535957,1440,2023-06-06,0.05,0.2273740637717958,2.352
456,5,135,384.082935473927,4747.6091623869315,4510.228704267549,4532.996696577378,0.9949772757771872,22.767992309830163,0.08515819499585692,0.2391310964013159,0.9713612745178132,0.0,0.0,0.0,0.0,False,837.226348469928,2.7083656486851835,1440,2023-05-23,0.05,0.1518500521603456,2.38
457,5,209,959.803941975174,7401.419524667868,7031.348548434491,7079.111229144964,0.9932530116896832,47.762680710472395,0.1365035363221855,0.2009719536371179,1.000940276310482,0.0,0.0,0.0,0.0,False,1095.2102377962701,1.6550536670825498,1440,2023-02-04,0.05,0.08563517733833892,2.464
458,5,221,1002.1105465706718,7761.513888020668,7373.438193619655,7423.951376477971,0.9931959167973052,50.51318285831657,0.1359081774683909,0.19847960276118862,1.0028541197454504,0.0,0.0,0.0,0.0,False,1289.5536495983847,1.8280672212326974,1440,2023-02-04,0.05,0.1165647938801134,2.493
459,5,285,735.005878040157,9799.847656114856,9309.855273309115,9371.9122955272,0.9933784034398506,62.05702221808606,0.07894922707846831,0.24506394302521964,0.9984487385609534,0.0,0.0,0.0,0.0,False,2140.7656243395113,2.646438299603362,1440,2023-04-11,0.05,0.14686767890251792,2.596
460,5,160,794.8716679064154,6255.3059362553095,5942.540639442581,5968.034199114149,0.9957283154182743,25.493559671567464,0.1337595678573223,0.203921561475095,1.0057500050217905,0.0,0.0,0.0,0.0,False,1286.3815712993837,1.735084112710036,1440,2023-03-02,0.05,0.06637124118831234,2.586
461,5,253,879.4970737194266,9171.207175409863,8712.646816639395,8746.169147487382,0.996167198429084,33.52233084798685,0.10094487843117488,0.19676118419082333,0.9635268389874228,0.0,0.0,0.0,0.0,False,2052.2012649812814,3.2742727348627003,1440,2023-07-06,0.05,0.09229125235346733,2.683
462,5,199,692.2260685104973,7420.349579614105,7049.332100633386,7089.105705881593,0.994389474935434,39.77360524820713,0.09819739780004128,0.20475965746711447,0.9994550692866533,0.0,0.0,0.0,0.0,False,1314.8897031223146,1.7942067172820328,1440,2023-04-30,0.05,0.12894203210144778,2.773
463,5,279,1025.7861582213832,10238.13315347501,9726.226495801197,9799.787859031934,0.9924935759539999,73.56136323073669,0.10546599533377247,0.22952707483275303,1.0025664947468755,0.0,0.0,0.0,0.0,False,1734.8784998296842,2.1773432861430435,1440,2023-12-02,0.05,0.14042803181863595,2.575
464,5,266,1048.5581815526286,9470.253035696986,8996.740383912133,9031.232086864515,0.9961808419249297,34.491702952384514,0.11654867616583094,0.21174595996643106,0.998347025045947,0.0,0.0,0.0,0.0,False,1883.784744151019,2.4076670859546225,1440,2023-11-29,0.05,0.09365215964634402,2.465
465,5,140,508.3915808536449,5220.342483984895,4959.325359785631,4971.923992338452,0.9974660448204287,12.59863255281987,0.10251224591475892,0.19195509632063937,1.0123875130986533,0.0,0.0,0.0,0.0,False,1092.8181143762324,1.46805948029303,1440,2023-11-28,0.05,0.09476261661609722,2.376
466,5,168,748.2035656508307,6018.745546520368,5717.8082691943355,5757.761350423002,0.9930610043040893,39.95308122866696,0.1308549588278265,0.23372222090734024,0.9937662183568275,0.0,0.0,0.0,0.0,False,1380.9076381465911,2.335988558308512,1440,2023-01-02,0.05,0.13959312739660953,2.513
467,5,155,176.22441377695526,5681.713544861613,5397.6278676185375,5414.479159375809,0.996887735410692,16.85129175727186,0.03264849265251523,0.20150873553102114,1.005593500173153,0.0,0.0,0.0,0.0,False,1045.5554934237794,1.6761813172976447,1440,2023-10-21,0.05,0.08188375088491046,2.549
468,5,151,96.40588790097206,5260.022734346531,4997.021597629231,5023.647642414895,0.994699858214406,26.626044785663634,0.019292669846916514,0.21808238990219977,1.004182217935667,0.0,0.0,0.0,0.0,False,1155.8831681668516,1.7870982779071145,1440,2023-12-29,0.05,0.10651048072690218,2.47
469,5,131,303.2246215198825,4789.861696851368,4550.368612008772,4572.548974423524,0.9951492345869193,22.180362414751272,0.06663737542485007,0.19399424091254103,1.004163281177287,0.0,0.0,0.0,0.0,False,928.1323353780683,1.5821741071460027,1440,2023-12-15,0.05,0.08884570548879256,2.422
470,5,272,214.40943121026933,9762.700578265547,9274.565549352235,9314.895528533625,0.9956703777237383,40.32997918138895,0.0231180026783297,0.19062147537834864,0.9985333030282842,0.0,0.0,0.0,0.0,False,1812.2813709669258,2.230912749472938,1440,2023-12-20,0.05,0.12800810102992707,2.451
471,5,270,240.25612310137393,9437.609837664371,8965.729345781114,9004.067088625496,0.9957421749008498,38.33774284438384,0.026797164384002748,0.20023969676821757,0.9948009450005063,0.0,0.0,0.0,0.0,False,1911.44014275074,2.4475146225964637,1440,2023-01-11,0.05,0.1672270278691405,2.557
472,5,198,654.7261696320934,7075.071077792599,6721.317523902955,6747.724924081969,0.9960864735186865,26.407400179013198,0.09741039123708962,0.1836273448802535,0.9760037299751356,0.0,0.0,0.0,0.0,False,1522.6830340664733,2.7226592964575778,1440,2023-05-07,0.05,0.17743009744438873,2.934
473,5,294,793.0531175414574,10842.44217179779,10300.320063207913,10359.434095265198,0.9942937006487349,59.11403205728706,0.07699305581524525,0.21322031053721924,0.9865026887151452,0.0,0.0,0.0,0.0,False,2069.8181773377473,3.1272036186598995,1440,2023-08-12,0.05,0.22295836001409555,2.725
474,5,256,635.0835277044301,8957.193270097316,8509.333606592421,8534.488772543895,0.997052528086697,25.15516595147324,0.0746337559515134,0.21171591175138701,0.9990615385372692,0.0,0.0,0.0,0.0,False,1839.3990050380278,2.3250298347189275,1440,2023-04-11,0.05,0.19361543009767548,2.715
475,5,122,421.0388230751836,4394.156937298886,4174.449090433953,4202.800727718375,0.9932541086001444,28.351637284423088,0.1008609313358316,0.22773113349155524,0.9561916628848003,0.0,0.0,0.0,0.0,False,625.0336732188376,3.4904407756733393,1440,2023-09-02,0.05,0.17286496790580094,2.498
476,5,242,678.5668986662969,8375.450951995004,7956.678404395242,7992.471085241431,0.9955217003021404,35.792680846187665,0.08528268508269216,0.221061989881393,0.9811162380328998,0.0,0.0,0.0,0.0,False,1768.3757368627107,2.5029081995989397,1440,2023-05-21,0.05,0.11964455364935345,2.555
477,5,262,277.44860274614564,9525.900891111396,9049.605846555813,9088.256190828199,0.9957472210883105,38.650344272385965,0.030658639442483534,0.20612979758227898,0.9992558531223895,0.0,0.0,0.0,0.0,False,1999.3034262830265,2.394488216244068,1440,2023-10-21,0.05,0.09068723869248274,2.546
478,5,244,986.9243849020298,8686.981717707407,8252.632631822042,8298.665078198701,0.9944530299821847,46.032446376658626,0.11958903648472882,0.24240460561208002,0.9982183254743989,0.0,0.0,0.0,0.0,False,1684.9125941628658,2.2226687039310193,1440,2023-02-20,0.05,0.10006571990592307,2.559
479,5,251,1114.8187587963366,8502.421047197839,8077.299994837906,8121.202318779768,0.9945941103030593,43.902323941862825,0.13801873887422808,0.2112134123943228,1.0013494790186093,0.0,0.0,0.0,0.0,False,2042.6111531977303,2.444577742255832,1440,2023-02-08,0.05,0.025643696930509025,2.553
480,5,218,671.8771922364018,7466.787684714098,7093.448300478378,7143.994263870652,0.992924691492559,50.54596339227348,0.09471799381283864,0.24979979631030805,0.9977126161872253,0.0,0.0,0.0,0.0,False,1630.8150564467555,2.19119583887648,1440,2023-12-11,0.05,0.0341660330095275,2.457
481,5,284,1095.045662218614,10035.022404761721,9533.271284523671,9600.400847822195,0.9930076291227202,67.1295632985242,0.11486567721998146,0.2599751467041052,1.0002815468696187,0.0,0.0,0.0,0.0,False,1794.364145172261,2.1504879790845917,1440,2023-10-25,0.05,-0.04639613255794062,2.54
482,5,294,657.0538849737985,10221.042331266373,9709.990214703046,9801.673355811381,0.9906461746091573,91.68314110833457,0.06766782153692343,0.24009829566047272,0.9571021044530018,0.0,0.0,0.0,0.0,False,1168.9788996713878,3.428297659733489,1440,2023-06-03,0.05,-0.1362303932134741,2.663
483,5,168,690.2053342475593,6262.19755597502,5949.087678176277,5988.894444497011,0.9933532362793085,39.80676632073392,0.11601868581959533,0.25463685092928456,1.0060873188838757,0.0,0.0,0.0,0.0,False,1227.1155302533757,1.665634223151705,1440,2023-11-30,0.05,-0.1663736442249331,2.532
484,5,169,606.2609144171774,6052.469233077323,5749.845771423446,5782.01690888381,0.9944360007991443,32.17113746036332,0.10543950890479102,0.21944279684008727,0.957476483557789,0.0,0.0,0.0,0.0,False,1110.6340721200809,3.4804208164057986,1440,2023-07-18,0.05,-0.22520490917195055,2.623
485,5,249,669.4463371473541,8754.319516180842,8316.603540371852,8368.702359792067,0.9937745641820737,52.09881942021592,0.08049516054211499,0.23058532777042676,0.9988354684974301,0.0,0.0,0.0,0.0,False,1854.6748435156824,2.4299874234121326,1440,2023-12-12,0.05,-0.19581514197533484,2.775
486,5,162,393.55484866871956,5340.41171332739,5073.391127661029,5099.0288380594575,0.9949720405173889,25.637710398427583,0.07757234535358189,0.2040259289571322,0.9636340077208636,0.0,0.0,0.0,0.0,False,1386.3729031556668,3.093544697181103,1440,2023-08-08,0.05,-0.19834616265331048,2.641
487,5,162,748.2647590566867,5818.392862513507,5527.473219387826,5553.49066916858,0.9953151177645448,26.017449780752898,0.13537193747626294,0.21459534289762128,0.995992753052037,0.0,0.0,0.0,0.0,False,1311.2780830639756,1.7901581159854065,1440,2023-03-05,0.05,-0.14214159825429956,2.475
488,5,229,771.609607047121,8053.990289885184,7651.29077539094,7690.142360764066,0.994947871762251,38.85158537312617,0.1008469851294726,0.2062811860926375,0.96143189017479,0.0,0.0,0.0,0.0,False,1747.676060263112,3.166408304110218,1440,2023-06-26,0.05,-0.1211604245490479,2.532
489,5,133,452.2065672600386,5042.35188708174,4790.234292727628,4817.2513824272855,0.9943915964613737,27.017089699657642,0.09440176401111806,0.22738248938681835,0.9861415056222851,0.0,0.0,0.0,0.0,False,926.083635100535,2.1035553426105293,1440,2023-09-28,0.05,-0.08639839991851408,2.426
490,5,148,546.6316237444565,5758.111362979148,5470.2057948302045,5493.1632212257255,0.9958207274259004,22.957426395520553,0.09992889559311799,0.21332839674476048,0.9670809620551901,0.0,0.0,0.0,0.0,False,1178.6947685070827,2.919125755768506,1440,2023-08-14,0.05,-0.10638077193062584,2.44
491,5,254,781.490472132593,8967.697246980568,8519.31238463155,8551.140334118965,0.9962779292300441,31.827949487414195,0.0917316371145594,0.20659814050474434,0.9699274995032146,0.0,0.0,0.0,0.0,False,1998.8079690576637,3.6052248311271207,1440,2023-07-25,0.05,-0.09211408556502594,2.471
492,5,236,718.8785225305826,8749.894959112295,8312.40021115668,8359.59646546892,0.9943542425155097,47.196254312238544,0.08648266496669917,0.21414953698801614,0.9973355546209133,0.0,0.0,0.0,0.0,False,1753.3216087982305,2.4155565197064264,1440,2023-11-06,0.05,-0.06622407976974776,2.457
493,5,127,410.1005013999314,4642.012644977734,4409.9120127288015,4441.594371605498,0.99286689503228,31.682358876695393,0.09299516639248456,0.24361885193954147,0.9668613122769963,0.0,0.0,0.0,0.0,False,849.1399704203559,2.923813724194665,1440,2023-06-12,0.05,-0.06283262424612396,2.525
494,5,251,1116.1007853504345,8836.816089969368,8394.975285470864,8449.944621606524,0.9934947104866103,54.96933613566129,0.13294866838763228,0.2421706068317232,1.001871941949251,0.0,0.0,0.0,0.0,False,1711.1228082962762,2.1007033031507087,1440,2023-03-14,0.05,-0.12713289531755773,2.558
495,5,246,663.4973958847035,9066.623304611952,8613.292139381352,8678.752974238707,0.9924573455366614,65.46083485735502,0.07703179982147441,0.21979368789808554,0.9606935187138304,0.0,0.0,0.0,0.0,False,1322.821764354861,3.2298874530241255,1440,2023-06-02,0.05,-0.17749550327909067,2.458
496,5,217,772.3858160377516,7567.361226672592,7188.993165338992,7219.123177242154,0.9958263612957672,30.130011903162877,0.10744005429880392,0.21834214923225162,0.9956178904785362,0.0,0.0,0.0,0.0,False,1707.0259275873332,2.30620941949357,1440,2023-07-09,0.05,-0.1695460523892185,2.588
497,5,171,572.833437436532,6376.457451251178,6057.634578688636,6093.833371770511,0.9940597665092773,36.19879308187452,0.09456388132949077,0.22081953700110205,0.9633327615398803,0.0,0.0,0.0,0.0,False,963.8911190558468,3.0795908064962108,1440,2023-07-28,0.05,-0.16091021407409872,2.543
498,5,155,489.76524126197575,5568.030644668682,5289.629112435254,5310.177974272556,0.9961302875465079,20.54886183730231,0.09258971297450688,0.21684112684655124,0.9707244489764677,0.0,0.0,0.0,0.0,False,1069.1630544658583,2.780446617593241,1440,2023-07-05,0.05,-0.1604927733635289,2.654
499,5,208,823.747758203007,7657.263048351393,7274.399895933844,7333.232920043265,0.9919772050402739,58.833024109420464,0.11323927334039686,0.2410622122098035,0.9906359469267204,0.0,0.0,0.0,0.0,False,1319.454016043642,2.1095742518556526,1440,2023-10-12,0.05,-0.15224837479738887,2.538
500,5,152,444.56188363452446,5731.65463012945,5445.071898622981,5469.699226911836,0.9954974986252106,24.627328288855207,0.08164481423045138,0.24646964075539185,1.0071181378690965,0.0,0.0,0.0,0.0,False,1151.105943645396,1.5310285387650215,1440,2023-11-27,0.05,-0.200992354354122,2.42
501,5,281,927.6987855807151,9581.040728337712,9101.988691920815,9153.60681401025,0.9943608980439895,51.61812208943715,0.10192264756428088,0.1946798269711108,0.9836458591696702,0.0,0.0,0.0,0.0,False,1390.7069613753265,2.195905914509954,1440,2023-09-09,0.05,-0.25420736283757245,2.477
502,5,281,699.9097009548285,9493.545978017339,9018.868679116476,9097.402267970527,0.9913674710053719,78.53358885404948,0.07760504403124255,0.20845936747208546,0.9594006370703771,0.0,0.0,0.0,0.0,False,1157.3195412291557,3.3890108734112263,1440,2023-06-02,0.05,-0.18257577064747005,2.523
503,5,164,191.46240392270468,5525.265215235608,5249.001954473835,5281.016019640823,0.9939378966002141,32.01406516698941,0.03647596354189147,0.23281753568013755,1.0010210067252925,0.0,0.0,0.0,0.0,False,1129.2638610944414,1.8125384973802452,1440,2023-01-29,0.05,-0.15600845437113667,2.5
504,5,299,1338.0131419083575,11047.071879721272,10494.71828573515,10560.604951551031,0.993761089812738,65.88666581587933,0.12749395509997058,0.25006797118948426,1.0018196795434653,0.0,0.0,0.0,0.0,False,1973.1092884042096,2.401014717260279,1440,2023-10-15,0.05,-0.18998344819179142,2.513
505,5,204,800.983742048823,7332.75101269485,6966.113462060104,7006.709245829589,0.9942061555082156,40.59578376948615,0.11498287336421684,0.2331616039378879,0.9660321075568333,0.0,0.0,0.0,0.0,False,1396.0207955949868,2.966660314423635,1440,2023-06-28,0.05,-0.25761779992835215,2.531
506,5,210,160.58260074928748,7554.706435653281,7176.971113870599,7210.051635339699,0.9954118884104856,33.080521469100404,0.022374703506739348,0.18674791272887203,0.9942319591050729,0.0,0.0,0.0,0.0,False,1694.8989198539002,2.4038296893756286,1440,2023-12-09,0.05,-0.2761893535609832,2.526
507,5,184,421.4954560535572,6393.970126242154,6074.271619930079,6103.596031037306,0.9951955517766724,29.324411107226496,0.0693902878281905,0.22253385739170994,1.0020687011218379,0.0,0.0,0.0,0.0,False,1555.1408434085147,2.0556668446975364,1440,2023-03-31,0.05,-0.18827387144369667,2.439
508,5,286,837.4668655997409,10470.955399420482,9947.407629449468,9987.895669051608,0.9959462892941908,40.488039602140944,0.08418945888176997,0.22054963337809055,0.9950011386926244,0.0,0.0,0.0,0.0,False,2182.9146571159677,2.779747073826708,1440,2023-11-14,0.05,-0.19779725687769636,2.67
509,5,154,318.40595927960084,5501.515640696956,5226.439858662101,5249.210160516894,0.9956621470357455,22.77030185479338,0.06092215119473479,0.20870545279776806,1.00716130673485,0.0,0.0,0.0,0.0,False,1128.7072171066352,1.4894578958598959,1440,2023-12-18,0.05,-0.202078154063838,2.609
510,5,162,675.7041677211339,5624.325904726393,5343.109609490055,5373.778594852601,0.9942928453747755,30.668985362546326,0.12646271873610748,0.21925146294771616,0.9555317270873287,0.0,0.0,0.0,0.0,False,1205.105244872354,3.422424495191196,1440,2023-08-23,0.05,-0.17988094717593023,2.475
511,5,205,1011.8839801407879,6839.3492871574945,6497.381822799609,6537.1932918605535,0.9939100058261221,39.81146906094458,0.15573718887660887,0.22696945671891963,1.0013182556940117,0.0,0.0,0.0,0.0,False,1089.7995688687138,1.5741594085005328,1440,2023-02-05,0.05,-0.18628697714287565,2.54
512,5,206,728.3813915538161,7345.8493870628145,6978.5569177096895,7007.803444326819,0.9958265772078972,29.246526617130357,0.10437421377267572,0.21894763343693077,0.9784269684785777,0.0,0.0,0.0,0.0,False,1476.9775786399841,2.439645621169571,1440,2023-09-03,0.05,-0.20973986024902558,2.448
513,5,152,483.61536548732465,5757.349288445815,5469.481824023497,5497.735747420458,0.9948608073041311,28.25392339696045,0.08842069158419183,0.20046858137597895,0.979941281175888,0.0,0.0,0.0,0.0,False,1100.1161866706668,2.3730261536105823,1440,2023-09-30,0.05,-0.2118015371854166,2.674
514,5,288,1445.9347216190142,10359.85637422606,9841.863555514743,9910.139081819792,0.9931105380316709,68.27552630504819,0.14691676159326614,0.23997877412299656,0.9995955009159917,0.0,0.0,0.0,0.0,False,1887.8844855312345,2.337588894723248,1440,2023-02-03,0.05,-0.17282039326923435,2.436
515,5,264,758.4097500344877,9740.707933226055,9253.672536564747,9312.038328882769,0.9937322216407776,58.3657923180221,0.08195770349963488,0.23193337923029195,1.0015545012939127,0.0,0.0,0.0,0.0,False,1811.897102680793,2.207540205924509,1440,2023-03-21,0.05,-0.2305568408858771,2.53
516,5,240,668.0712423254481,8480.533483491223,8056.506809316623,8095.429279180348,0.9951920437420378,38.92246986372689,0.08292318968226825,0.2114638676985087,0.9591457544342826,0.0,0.0,0.0,0.0,False,1770.735098290741,3.380046926342187,1440,2023-06-05,0.05,-0.26064279917675576,2.615
517,5,231,716.3431337549732,8157.91596176695,7750.02016367859,7778.201714392026,0.9963768552490363,28.181550713436252,0.09243113161333467,0.19899132761820018,0.9654599838397759,0.0,0.0,0.0,0.0,False,1643.869439989608,3.038917429129069,1440,2023-07-24,0.05,-0.24025183382446097,2.686
518,5,286,1061.5567543622828,10440.454438332577,9918.431716415926,9963.11544127796,0.9955150851031088,44.68372486203326,0.1070286900907235,0.21703447708808885,0.9560146389569231,0.0,0.0,0.0,0.0,False,1846.145227587026,3.498983581955979,1440,2023-07-18,0.05,-0.1964490397468564,2.584
519,5,171,665.5148435356364,6216.1647317628,5905.356495174679,5927.237187216303,0.9963084500669527,21.880692041624023,0.11269681078177661,0.22293378494183264,1.0073818587278967,0.0,0.0,0.0,0.0,False,1301.3010433337133,1.6386570959379108,1440,2023-10-22,0.05,-0.20195345717293228,2.6
520,5,162,404.32865689675504,6221.195105607625,5910.135350327217,5968.249334159404,0.9902628089782425,58.113983832187564,0.0684127575647433,0.24675746944239985,0.970565168953601,0.0,0.0,0.0,0.0,False,684.0976792889309,2.7505046444047427,1440,2023-05-27,0.05,-0.22048215763912093,2.733
521,5,296,665.0150104084379,10496.492533660012,9971.667906976993,10021.555525968826,0.9950219685095233,49.88761899183463,0.06669044904144261,0.2169109031689946,0.9947582605085258,0.0,0.0,0.0,0.0,False,1912.6384468095548,2.6018322401041107,1440,2023-04-01,0.05,-0.29005509738543966,2.665
522,5,130,63.79017155307568,4773.8930722116875,4535.1984186011105,4550.805411521473,0.9965704987339495,15.60699292036139,0.014065574571432283,0.18605018368051793,1.0015242600469472,0.0,0.0,0.0,0.0,False,906.3706154515204,1.4740262954756709,1440,2023-11-18,0.05,-0.2808965485394529,2.443
523,5,182,708.4482802092243,6149.0872560128755,5841.632893212225,5857.378425915942,0.997311846433884,15.745532703716878,0.12127572772202387,0.19340150552633845,0.9890171256350047,0.0,0.0,0.0,0.0,False,1370.644886184175,2.1795476392570063,1440,2023-09-11,0.05,-0.2049786357720407,2.464
524,5,132,682.0349504631528,5016.485201582864,4765.660941503722,4784.062191250485,0.9961536349212983,18.401249746762293,0.14311445124502467,0.2031661626589436,1.0076221961882816,0.0,0.0,0.0,0.0,False,943.2061961906832,1.4677872195529216,1440,2023-01-25,0.05,-0.160087288895233,2.401
525,5,241,1030.2490202883328,9046.434163161042,8594.112455003062,8620.193404964994,0.9969744356377306,26.080949961932955,0.11987846629683946,0.19038538416278747,0.9970181269385746,0.0,0.0,0.0,0.0,False,1918.8193673122928,2.463946446214103,1440,2023-04-07,0.05,-0.14581476521846537,2.486
526,5,283,883.0361932787267,10319.028967644745,9803.077519262566,9821.698547101809,0.9981040929173358,18.62102783924465,0.090077446755226,0.178383759970808,0.9936491992814849,0.0,0.0,0.0,0.0,False,2111.5443994083103,2.718741342635676,1440,2023-12-07,0.05,-0.10579830279364712,2.453
527,5,252,225.08405727175267,8762.775918062931,8324.637122159816,8358.068252608926,0.9960001367016028,33.431130449109325,0.027038302567278138,0.17688957402360103,0.9742331202068187,0.0,0.0,0.0,0.0,False,1794.0179315169894,2.885061415290498,1440,2023-10-14,0.05,-0.04630074762997807,2.479
528,5,272,168.26801510421097,9527.3680923759,9050.999687757201,9081.979507003547,0.9965888692853297,30.979819246346807,0.01859109721678789,0.18706924051591745,0.9901720883201124,0.0,0.0,0.0,0.0,False,1975.9258820333978,2.566352043710285,1440,2023-10-29,0.05,0.005740026883632426,2.486
529,5,168,729.5941348879841,5783.922799993177,5494.726659993556,5513.428709834696,0.9966079093744733,18.702049841141307,0.13278078784156294,0.2027537761078531,1.0075677433456185,0.0,0.0,0.0,0.0,False,1332.770972849104,1.7536795549418391,1440,2023-02-09,0.05,0.02562391818562884,2.412
530,5,137,435.76035298105654,5030.037519585246,4778.535643605981,4794.041701252572,0.9967655563691613,15.506057646590378,0.09119119024760959,0.1835295186735762,0.9940014900094027,0.0,0.0,0.0,0.0,False,1077.9535093771087,1.9686061850488374,1440,2023-10-08,0.05,0.006887364119574857,2.479
531,5,122,213.28590645275045,4102.303382601545,3897.1882134714688,3905.49812127691,0.9978722540512389,8.309907805440375,0.05472815136705019,0.1638284458631193,0.9871037912017625,0.0,0.0,0.0,0.0,False,1007.8398916319136,1.9948732327086904,1440,2023-09-20,0.05,0.03501501128846207,2.52
532,5,125,92.704814207312,4660.421352484887,4427.40028486064,4451.837633777569,0.9945107277202756,24.43734891692866,0.020938882468864016,0.1855326259480783,1.0084513743148678,0.0,0.0,0.0,0.0,False,1003.638797425971,1.4207899314585144,1440,2023-11-01,0.05,0.10266806691342108,2.591
533,5,281,1106.9050445132875,10130.970371752483,9624.421853164922,9653.885024270927,0.996948050341191,29.463171106003973,0.11501002983875751,0.18568499786939288,0.9646832139058523,0.0,0.0,0.0,0.0,False,1885.2797314009858,3.16707074256154,1440,2023-06-28,0.05,0.10976468392907457,2.491
534,5,161,609.8878410579717,6352.348426661368,6034.731005328322,6045.716101614748,0.9981829950163401,10.985096286426538,0.10106297041566156,0.17819392037568327,0.990187569012044,0.0,0.0,0.0,0.0,False,1208.135499428388,1.8690671856093763,1440,2023-05-05,0.05,0.11582250942123562,2.45
535,5,293,328.159438469891,10498.91762460299,9973.97174337287,9996.186339741353,0.9977776928507058,22.21459636848361,0.03290158092616756,0.15219140782274937,0.9719161693762066,0.0,0.0,0.0,0.0,False,2058.112329380974,3.2636458588920587,1440,2023-08-06,0.05,0.13823944428234144,2.65
536,5,145,0.8389089678660208,5373.9980672341335,5105.29816387241,5115.036104132711,0.9980962128004467,9.737940260301304,0.00016432124842434304,0.12349291420599606,1.003138673660409,0.0,0.0,0.0,0.0,False,1145.3633881779642,1.6260516230494795,1440,2023-12-25,0.05,0.2157689493965432,2.492
537,5,150,523.5524724584661,5225.09103663355,4963.836484801861,4979.4474022419245,0.996864929744406,15.610917440063432,0.10547335192475916,0.17230306308161614,1.0037276294718007,0.0,0.0,0.0,0.0,False,1019.0750346126257,1.610413919481248,1440,2023-03-11,0.05,0.3447545937344621,2.438
538,5,169,557.6094628737999,6110.413691657545,5804.893007074679,5821.269564383174,0.9971867722105341,16.37655730849568,0.09605852548775949,0.18228826247622235,0.9822766758755099,0.0,0.0,0.0,0.0,False,1303.381133382802,2.2421826660357143,1440,2023-05-08,0.05,0.3419456285243523,2.46
539,5,147,737.3472939235297,5462.714821431015,5189.579080359455,5201.742981693334,0.9976615720198618,12.163901333878696,0.1420822927073418,0.17949608187918206,1.0072416669938424,0.0,0.0,0.0,0.0,False,927.3206660107602,1.3353635465796685,1440,2023-01-27,0.05,0.3186166045643196,2.41
540,5,220,758.4361703297116,7474.5278570404325,7100.801464188383,7135.269249279585,0.9951693784933648,34.467785091202096,0.10680993887165388,0.18575576460595716,1.0015234636443098,0.0,0.0,0.0,0.0,False,1382.6702427355103,1.971239087734741,1440,2023-03-11,0.05,0.307121378615823,2.471
541,5,198,713.0030806745949,6900.9516715125455,6555.9040879369495,6567.748818319018,0.9981965311540187,11.844730382067697,0.10875739960664478,0.16461436927592843,0.9766305515025152,0.0,0.0,0.0,0.0,False,1360.1468738076971,2.5020516187043915,1440,2023-09-08,0.05,0.2848661076278226,2.591
542,5,172,508.1315231962721,6368.55227951802,6050.1246655421355,6081.621702277569,0.9948209477212899,31.497036735432843,0.0839869508954556,0.1991280005205428,1.0023609238601616,0.0,0.0,0.0,0.0,False,1093.6106118363837,1.72434865596352,1440,2023-01-13,0.05,0.31534224209968914,2.486
543,5,228,635.9183446761541,7824.591571704646,7433.361993119419,7463.58765375232,0.9959502504646401,30.225660632901405,0.08554922325386312,0.1959414217135046,0.9975820532315725,0.0,0.0,0.0,0.0,False,1680.505774000172,2.331322299990654,1440,2023-11-06,0.05,0.26383676091300357,2.567
544,5,267,916.5884118692289,9716.868745511787,9231.025308236221,9267.943449718361,0.9960165767430031,36.91814148214095,0.09929432335662854,0.20522167388113657,0.969009081652309,0.0,0.0,0.0,0.0,False,2109.336054137945,3.3478508251548305,1440,2023-09-06,0.05,0.22984577825346397,2.77
545,5,299,1328.818791015378,10727.112782474715,10190.757143351042,10246.466824962552,0.9945630349892132,55.70968161151113,0.13039451066522234,0.20637344112353503,0.9884895778664138,0.0,0.0,0.0,0.0,False,2175.6622597578225,3.1533086733473565,1440,2023-01-02,0.05,0.1819753536629851,2.635
546,5,276,202.90391991699437,10016.766619929153,9515.92828893266,9551.773903181747,0.9962472296128003,35.845614249086296,0.021322556639374674,0.19782504347818833,0.9599406828485688,0.0,0.0,0.0,0.0,False,2082.8417275201828,3.503005858853656,1440,2023-07-02,0.05,0.14082645400114863,2.617
547,5,294,433.71730651628013,10629.635805672402,10098.15401538873,10136.729567887869,0.9961944774948578,38.575552499138134,0.04295015760854229,0.17622202098109369,1.001782019596765,0.0,0.0,0.0,0.0,False,2137.8015199316023,2.6000176441742067,1440,2023-03-12,0.05,0.12682255691753277,2.604
548,5,269,780.2372383302122,10117.432611146976,9611.560980589715,9646.890188453028,0.9963377619965447,35.32920786331316,0.08117695345281375,0.1990553222271175,0.9974723237679252,0.0,0.0,0.0,0.0,False,1897.738208519898,2.330054479077253,1440,2023-11-27,0.05,0.1643349876951936,2.609
549,5,298,884.63820590558,10308.844052783194,9793.401850143946,9828.350571189701,0.9964440909191618,34.94872104575481,0.09033002213552356,0.20618025713346871,0.9650222096969883,0.0,0.0,0.0,0.0,False,2069.641838520023,3.168662357297297,1440,2023-05-18,0.05,0.14415890346471405,2.445
550,5,182,565.1389136781457,6355.769327121114,6037.980860765066,6074.969553839172,0.9939112957281028,36.988693074105925,0.093597334392103,0.1512595047574051,0.9617822333276153,0.0,0.0,0.0,0.0,False,858.401983286878,3.2044184482879903,1440,2023-06-24,0.05,0.11203416642968426,2.508
551,5,164,390.45082778836644,5905.63389410577,5610.3521994004695,5638.213483953707,0.9950584906668521,27.861284553237212,0.06959470883665567,0.21523769999955436,0.9966548106767071,0.0,0.0,0.0,0.0,False,1311.015120594358,1.9076577479158872,1440,2023-10-27,0.05,0.2095970567911301,2.474
552,5,268,475.23880711256675,9474.502546712189,9000.777419376576,9050.963860843856,0.9944551274053368,50.18644146728168,0.052799751062556924,0.1736329704738889,0.9560992630904879,0.0,0.0,0.0,0.0,False,1247.094011586388,3.799780968064457,1440,2023-07-29,0.05,0.14613345454758075,2.523
553,5,228,585.7514109666332,8319.819003397011,7903.828053227183,7922.229077189706,0.997677292112708,18.401023962523382,0.07410983728668885,0.1422211891021408,0.9867079142117184,0.0,0.0,0.0,0.0,False,1603.1172851065367,2.6464756161640173,1440,2023-08-12,0.05,0.1882113291855108,2.418
554,5,226,934.3208235049058,8032.702164957223,7631.067056709353,7653.446865843027,0.9970758522890446,22.379809133674364,0.12243645830414193,0.17879095455146687,0.9989613250009146,0.0,0.0,0.0,0.0,False,1833.3807704288338,2.309329014552538,1440,2023-10-15,0.05,0.29386848845859365,2.342
555,5,198,-34.23409551793423,7056.370712608346,6703.552176977912,6731.302814976249,0.9958773748914407,27.7506379983369,-0.005106858962850291,0.16667685960746742,1.004934017465922,0.0,0.0,0.0,0.0,False,1635.7408368064891,2.034056132894881,1440,2023-12-24,0.05,0.2990011841609692,2.486
556,5,194,558.4579328276026,7119.545428132417,6763.568156725785,6800.8180702070695,0.9945227304867236,37.24991348128456,0.08256853777281217,0.1979165079826377,0.9599097168178973,0.0,0.0,0.0,0.0,False,1450.6115434013125,3.274446309015138,1440,2023-06-05,0.05,0.33142450661929507,2.459
557,5,161,312.9229307959963,5874.543337504885,5580.816170629634,5600.369018986946,0.9965086500030584,19.552848357311913,0.056071176908285794,0.21335726610414127,0.9793221162650413,0.0,0.0,0.0,0.0,False,1184.8795733576267,2.3568480650771075,1440,2023-10-03,0.05,0.28874011276144923,2.382
558,5,142,483.6955443093803,4914.11798304397,4668.41208389179,4686.379551385582,0.9961660238363579,17.967467493792512,0.1036102930969519,0.1821249875456484,0.9949603979769688,0.0,0.0,0.0,0.0,False,1090.4469528196537,2.0019971897084092,1440,2023-03-27,0.05,0.2199550665026577,2.417
559,5,131,385.54503924150123,4785.950057540484,4546.652554663447,4556.700780881127,0.9977948461615386,10.048226217680877,0.08479755921662682,0.17945624955698697,0.9995810319229019,0.0,0.0,0.0,0.0,False,1021.0310315594998,1.5493448771465166,1440,2023-11-06,0.05,0.23453179294702636,2.493
560,5,154,311.8972239495444,5419.800935690703,5148.81088890618,5169.077339875794,0.9960792904348185,20.266450969614244,0.06057655460245585,0.1631997337764389,0.9599169160257027,0.0,0.0,0.0,0.0,False,1019.5970907364936,3.7447861933183493,1440,2023-08-07,0.05,0.2530915851997271,2.557
561,5,150,550.5522774092185,5588.41367771762,5308.992993831723,5327.716365628738,0.9964856665572877,18.72337179701493,0.10370182783229892,0.19119696250845153,1.0061435680201816,0.0,0.0,0.0,0.0,False,1148.1510533732012,1.5477321433977775,1440,2023-12-05,0.05,0.3055437670302715,2.452
562,5,179,579.6491835024424,5957.088185413031,5659.233776142406,5670.023807182714,0.9980970042794812,10.790031040307777,0.10242538238057342,0.19736799841069583,1.0013527612618698,0.0,0.0,0.0,0.0,False,1429.8959403689569,1.896138964512903,1440,2023-10-23,0.05,0.28635176115885663,2.381
563,5,184,721.3909058632273,6707.060593266035,6371.707563602731,6388.45601953653,0.9973783249219247,16.74845593379816,0.11321783033233464,0.1759472833213196,0.9798229199515244,0.0,0.0,0.0,0.0,False,1289.2872892870978,2.348525871700503,1440,2023-09-26,0.05,0.25755347755625246,2.332
564,5,251,1174.9173113477507,8812.904608174498,8372.259377765668,8406.51924293434,0.9959246075362918,34.25986516867389,0.14033455705732145,0.1768845771308219,0.9970998701378405,0.0,0.0,0.0,0.0,False,1882.056132587147,2.465231603015963,1440,2023-02-22,0.05,0.2828430597047309,2.448
565,5,135,96.63763294170676,4832.4258060905495,4590.804515786023,4609.692579777857,0.9959025328338178,18.888063991832396,0.021050260931260924,0.20078379401605073,0.9595471954153766,0.0,0.0,0.0,0.0,False,998.7532565056852,3.254593693307684,1440,2023-08-02,0.05,0.3021684501860675,2.604
566,5,150,415.15222397053105,5228.150519040502,4966.742993088461,4987.224190082745,0.9958932672337026,20.481196994285106,0.08358641156754876,0.19346026460599336,1.003881462467586,0.0,0.0,0.0,0.0,False,941.5009136101032,1.3328386054702832,1440,2023-03-21,0.05,0.2650112957228308,2.48
567,5,147,319.4960031724918,5000.36608557203,4750.347781293457,4764.334614294035,0.9970642630854233,13.986833000578006,0.0672573920651968,0.1639295920840534,0.9741910562937245,0.0,0.0,0.0,0.0,False,1166.1322740382839,2.6148327194858894,1440,2023-07-31,0.05,0.25172432362406794,2.629
568,5,214,17.696590130656702,7598.081018480007,7218.176967556023,7252.679025073567,0.99524285337897,34.50205751754392,0.0024516703054245745,0.14206982000890336,0.9894718530939961,0.0,0.0,0.0,0.0,False,1429.7166979869467,2.614360318909181,1440,2023-12-31,0.05,0.30786574588912297,2.541
569,5,128,451.4244490684759,4620.677318847379,4389.643452905031,4401.785124488678,0.9972416482767188,12.141671583645913,0.10283852297154722,0.18014954770837724,0.9554387976007122,0.0,0.0,0.0,0.0,False,1113.4507144915217,3.42165500778625,1440,2023-08-31,0.05,0.4037668912660519,2.54
570,5,297,996.542029582408,10700.044412833562,10165.042192191897,10209.059064326393,0.9956884496546499,44.016872134497454,0.0980361921515569,0.21998762762107132,0.9817875104943019,0.0,0.0,0.0,0.0,False,2354.6537855940496,3.0246613497844073,1440,2023-05-08,0.05,0.39770492924333367,2.486
571,5,232,745.9972267878106,8060.7335292161415,7657.696852755325,7699.076400950452,0.9946253880283591,41.379548195125096,0.09741796275460976,0.22044717615188,1.005285958283801,0.0,0.0,0.0,0.0,False,1426.177970709272,1.7783349510915398,1440,2023-01-06,0.05,0.3042122024361785,2.588
572,5,160,492.1034190512439,5432.253978485985,5160.641279561697,5188.033331940565,0.9947201471875234,27.39205237886854,0.09535702878636028,0.20492351968619002,0.9708811971293307,0.0,0.0,0.0,0.0,False,1196.0970881961841,2.753867168694061,1440,2023-09-17,0.05,0.22738465541508124,2.441
573,5,209,556.9031926430185,7320.633010111205,6954.60135960563,6977.475455388585,0.996721723217917,22.87409578295606,0.08007693954648157,0.16009615839987415,0.9646070401744066,0.0,0.0,0.0,0.0,False,1343.92594787537,3.091769107500972,1440,2023-05-26,0.05,0.19982848603841194,2.466
574,5,148,411.71278516308445,5207.0245487867,4946.673321347385,4965.216631427017,0.9962653572933227,18.543310079632192,0.08323023543647738,0.1789984391980056,0.9605748937980334,0.0,0.0,0.0,0.0,False,1181.7902708722106,3.22070030046123,1440,2023-05-16,0.05,0.2783989374469777,2.47
575,5,164,452.21095105762447,5630.004236621753,5348.504024790671,5358.625228152742,0.9981112313455143,10.121203362070956,0.08454905314861814,0.19424513795650886,0.9510009932136589,0.0,1.1805555555555556,91.8331681529888,0.0,False,1298.5343690934023,4.220982614521808,1489,2023-06-06,0.05,0.3007203588580408,2.482
576,5,217,551.1724312872484,7633.991353819765,7252.291786128777,7289.383353835461,0.9949115630354154,37.09156770668442,0.07599975946106553,0.17423150113008146,0.9604538227221211,0.0,0.0,0.0,0.0,False,977.2045926334287,3.227979300750681,1440,2023-06-02,0.05,0.2853225018203587,2.548
577,5,215,764.9232051741955,8127.537317940538,7721.160452043518,7746.4695332423125,0.9967328237605291,25.309081198795276,0.09906842500232557,0.18181586950479398,0.9654679449622255,0.0,0.0,0.0,0.0,False,1255.9656667804022,3.163352934740777,1440,2023-07-08,0.05,0.31832264215184924,2.572
578,5,287,1004.0637861616698,10437.419245606126,9915.548283325814,9962.075740394308,0.9953295419267056,46.5274570684937,0.10126154978743068,0.21417317058267674,0.9972875026793323,0.0,0.0,0.0,0.0,False,2185.5710474003877,2.7372415729607784,1440,2023-04-27,0.05,0.3289463505174344,2.509
579,5,196,181.2583058041662,7147.5131928248675,6790.137533183615,6821.226119670882,0.995442375616663,31.088586487267687,0.026694349697388483,0.18285983593549118,1.005544081565655,0.0,0.0,0.0,0.0,False,1558.530702370299,1.910190862692429,1440,2023-11-02,0.05,0.2655505963094267,2.694
580,5,276,955.4636779869668,10167.922546027032,9659.52641872567,9696.346130793529,0.9962027230081106,36.81971206785684,0.09891413269854858,0.18941335148212157,0.9966255184223227,0.0,0.0,0.0,0.0,False,2228.8654328477987,2.6727943062975283,1440,2023-02-01,0.05,0.2845803373700541,2.598
581,5,239,893.9413818609504,8402.253450386894,7982.1407778675975,8024.082144594885,0.9947730636387441,41.94136672728825,0.11199268551359275,0.22627625666623644,1.0041973335201215,0.0,0.0,0.0,0.0,False,1661.7956220961894,1.9917370051708807,1440,2023-01-09,0.05,0.28591572844186314,2.526
582,5,277,793.9010816269316,9821.711248660293,9330.625686227253,9368.583210339657,0.9959484242963748,37.95752411240369,0.08508551391133318,0.199927627964835,0.99111344551835,0.0,0.0,0.0,0.0,False,1891.1949031351285,2.262914998697258,1440,2023-11-07,0.05,0.2045718370609458,2.427
583,5,288,946.0813642613463,10271.441665499684,9757.869582224639,9798.171091413156,0.9958868334904014,40.30150918851676,0.09695572955645661,0.21372793697612713,0.9921433437576002,0.0,0.0,0.0,0.0,False,1985.6551565227232,2.6922728989830564,1440,2023-05-01,0.05,0.1974673257010534,2.514
584,5,163,780.9518768050791,5983.2978025639,5684.132912435695,5696.174734570053,0.9978859809090342,12.041822134358165,0.137391558015211,0.19957077191028452,0.9958636789985025,0.0,0.0,0.0,0.0,False,1022.9248574000829,1.8742446979003633,1440,2023-02-21,0.05,0.16073663993949042,2.536
585,5,183,154.44018392718192,6360.010207223208,6042.009696862061,6060.215284062837,0.9969958844121177,18.205587200774904,0.025561061910806097,0.16414407442316964,1.0019806493485464,0.0,0.0,0.0,0.0,False,1598.118785808948,2.1342877893728858,1440,2023-01-04,0.05,0.16251931587957952,2.507
586,5,265,673.3931442846737,9356.146276624972,8888.33896279371,8936.291219070654,0.9946339868406918,47.952256276942514,0.0757614158397283,0.18130816643334208,0.9667366487196503,0.0,0.0,0.0,0.0,False,1820.7853147298786,2.993293472255248,1440,2023-06-30,0.05,0.24367698738214508,2.392
587,5,236,566.1310131319847,8406.172032620574,7985.863430989542,8020.074259385512,0.995734350170644,34.21082839596977,0.07089164722440469,0.20254739799505875,0.9968794835123336,0.0,0.0,0.0,0.0,False,1966.0161256989097,2.578743190124924,1440,2023-10-27,0.05,0.27177671384015106,2.408
588,5,149,445.70932387843413,5200.967887315772,4940.919492949995,4968.547802841669,0.9944393591471793,27.628309891673062,0.09020776892123002,0.19906880044959516,0.9750459913852368,0.0,0.0,0.0,0.0,False,1082.9833287936972,2.5541872489432214,1440,2023-07-04,0.05,0.24740281567102623,2.45
589,5,159,828.2524803262899,5690.053176679364,5405.55051784539,5418.356049779486,0.9976366388962907,12.805531934095702,0.1532225954769959,0.19449524351410383,1.0049605078815453,0.0,0.0,0.0,0.0,False,1326.91418215263,1.732738341874644,1440,2023-01-19,0.05,0.2356031717132665,2.473
590,5,174,264.9999462123909,6502.623350437301,6177.492182915455,6196.948417913229,0.9968603522757212,19.45623499777503,0.04289765787891693,0.1610265381192998,1.002680241670062,0.0,0.0,0.0,0.0,False,1262.992745261303,1.8158807396726977,1440,2023-12-16,0.05,0.23650051962943447,2.518
591,5,290,837.9154577184426,10549.885629549677,10022.391348072197,10050.60830547539,0.9971925124782923,28.21695740319302,0.08360434437432093,0.19967484894291845,0.970122109174433,0.0,0.0,0.0,0.0,False,1953.7045489069446,2.8678155844212814,1440,2023-05-23,0.05,0.3127982229249727,2.776
592,5,238,1241.223349327016,8693.980165255432,8259.281156992656,8300.659942931801,0.9950150004669954,41.378785939142475,0.15028224923377792,0.2097529206403403,1.002196783024146,0.0,0.0,0.0,0.0,False,1623.7286356838908,1.9885440792824443,1440,2023-01-20,0.05,0.28882635930229633,2.645
593,5,231,1061.7181926944895,7837.80941357705,7445.918942898212,7485.072530604902,0.9947691104466123,39.153587706690494,0.14259061921525992,0.20157081615333858,1.0059127868157691,0.0,0.0,0.0,0.0,False,1289.8477408009876,1.6527593867532973,1440,2023-01-27,0.05,0.24698946463781019,2.719
594,5,267,962.6931819347271,9840.830496438195,9348.788971616264,9383.700834605715,0.996279520883626,34.91186298945185,0.1029751751652056,0.16817886262431286,0.9733946504158164,0.0,0.0,0.0,0.0,False,2249.035104751587,3.789486569534884,1440,2023-09-16,0.05,0.2314420379699581,2.868
595,5,148,708.1953615190656,5458.605665322672,5185.67538205653,5224.995987180754,0.99247451955548,39.320605124223505,0.13656762318165203,0.22359980772661012,1.0054751685235241,0.0,0.0,0.0,0.0,False,809.235445484667,1.4016431057200527,1440,2023-02-04,0.05,0.2940574512683174,2.659
596,5,295,707.7552005249914,10672.610587420573,10138.980058049507,10171.010501983135,0.9968508100618534,32.03044393363035,0.069805364688837,0.19760839154409443,0.9627544582734834,0.0,0.0,0.0,0.0,False,2084.029225639597,3.3507650968090807,1440,2023-05-29,0.05,0.2210437122956203,2.685
597,5,166,212.2150388125002,6217.2795185364885,5906.4155426096495,5931.195822969417,0.9958220431259742,24.78028035976788,0.035929581534105304,0.21103359047710477,0.9730711115537777,0.0,0.0,0.0,0.0,False,1254.5041235739845,2.6578716846290367,1440,2023-09-24,0.05,0.21993341714179243,2.689
598,5,291,261.00014808366285,10474.453363504363,9950.73069532907,9971.147635320896,0.99795239818539,20.416939991827512,0.02622924447208463,0.1618491440838223,0.952022297586226,0.0,0.0,0.0,0.0,False,1820.499072356034,3.699709019421788,1440,2023-07-02,0.05,0.1889580638422522,2.625
599,5,148,529.4078201479214,5282.550265861628,5018.422752568553,5061.846634825095,0.9914213358504801,43.42388225654133,0.10549287022042082,0.2203557967991439,1.0028454179069057,0.0,0.0,0.0,0.0,False,960.9305309581492,1.5393034548557252,1440,2023-03-11,0.05,0.27429110606365026,2.486
