episode,stage,n_ev,cost_eur,energy_drawn_kwh,energy_delivered_kwh,energy_requested_kwh,service_quality,unmet_kwh,cost_per_kwh,retail_price_paid,min_voltage_pu,violation_rate_pct,q_activation_pct,q_kvarh,curtailed_kwh,q_exhausted_any,peak_ev_kw,peak_feeder_mw,pf_solves,day,noise,w_retail,wall_s
0,0,60,231.17557665025038,2205.8361153431956,2095.5443095760393,2109.396189158434,0.9934332489773193,13.851879582394934,0.11031767526644222,0.17925874582052018,1.006603936018614,0.0,0.0,0.0,0.0,False,538.7557052590215,0.9943361424600473,1440,2023-03-09,0.3,0.0,0.299
1,0,60,168.33364652031196,2154.9059536433183,2047.1606559611457,2064.367354520742,0.9916649047361094,17.206698559596123,0.08222786327499002,0.16251432965245446,0.9588828099103306,0.0,0.0,0.0,0.0,False,516.0209174269444,3.331029416943152,1440,2023-06-05,0.2985,0.04666782190382963,0.316
2,0,60,200.71360895676935,2118.037975716341,2012.1360769305231,2042.3572807625894,0.9852027830210089,30.221203832065974,0.09975150848791216,0.2594222604351355,0.9736168405541429,0.0,0.0,0.0,0.0,False,388.78344053030014,2.6410251052078673,1440,2023-08-11,0.2970075,0.12271407851401517,2.063
3,0,60,265.0119483369137,2219.1643396327454,2108.206122651097,2131.69160478485,0.9889827017749486,23.485482133753028,0.12570495147014263,0.2192536534172529,0.9563703521907293,0.0,0.0,0.0,0.0,False,393.23654286995884,3.4302016854409185,1440,2023-08-22,0.29552246249999997,-0.03261747694149143,2.486
4,0,60,203.62227419239363,2082.2448751592674,1978.1326314013008,1997.5275063450072,0.9902905592628387,19.39487494370692,0.10293661353139323,0.22877636057097306,1.0057921766143405,0.0,0.0,0.0,0.0,False,492.588272690773,1.1301593980037865,1440,2023-02-01,0.2940448501875,-0.06947446853741764,2.573
5,0,60,212.94880244427858,2271.673987989774,2158.0902885902897,2185.3825351901455,0.9875114557015158,27.29224659985586,0.09867464932775415,0.21321022854688026,0.9755184545157246,0.0,0.0,0.0,0.0,False,494.95130043215704,2.5267384714554977,1440,2023-05-12,0.29257462593656247,-0.12134883558089161,2.481
6,0,60,209.0574800000861,2145.540554225375,2038.2635265141073,2067.0789660397645,0.9860598264512054,28.81543952565715,0.1025664627172237,0.258865333405766,1.0018294540561732,0.0,0.0,0.0,0.0,False,330.9789174670037,1.3138972724334534,1440,2023-03-11,0.2911117528068797,-0.12926335019001067,2.475
7,0,60,190.383500994694,2066.5673756168085,1963.2390068359696,1994.003009977829,0.9845717368590123,30.764003141859163,0.09697418415780322,0.27156230482631577,0.9703293993646269,0.0,0.0,0.0,0.0,False,367.37391669836734,2.7945044004828095,1440,2023-07-05,0.28965619404284526,-0.23897945923714287,2.353
8,0,60,89.6491484463476,2166.226024605467,2057.9147233752055,2090.2402317844662,0.9845350271620865,32.32550840926078,0.04356310173014029,0.27385670146317237,0.9719585744347716,0.0,0.0,0.0,0.0,False,258.133525788784,2.727082647321007,1440,2023-08-06,0.28820791307263105,-0.35826379884137394,2.345
9,0,60,166.3295816117921,1879.9482345513038,1785.9508228237487,1801.2761401745406,0.9914919667179365,15.325317350791796,0.09313222933474175,0.19958056824037113,0.9608513133739344,0.0,0.0,0.0,0.0,False,339.9003891944885,3.1894758196995316,1440,2023-07-28,0.28676687350726787,-0.46243177819900183,2.373
10,0,60,4.250987113125875,1949.3798352572114,1851.9108434943496,1853.4713085166231,0.999158085148066,1.56046502227351,0.0022954599180945103,0.15200540497912726,1.0048441771783152,0.0,0.0,0.0,0.0,False,530.600953058655,1.1938317704561334,1440,2023-12-27,0.28533303913973157,-0.3823376970069601,2.354
11,0,60,215.71293354519312,2025.0737169738188,1923.8200311251262,1935.9894948996675,0.9937140858426136,12.169463774541551,0.11212739760227762,0.19048521300396062,1.005266975013506,0.0,0.0,0.0,0.0,False,451.53942282464743,1.1447454178967573,1440,2023-10-25,0.2839063739440329,-0.21119734312754646,2.359
12,0,60,227.50983982976288,2425.752492586422,2304.464867957108,2321.4988471311285,0.9926625080193036,17.033979174021198,0.09872567075906381,0.22698786350741515,1.0057410831175977,0.0,0.0,0.0,0.0,False,341.76274383068085,1.1457092572726673,1440,2023-01-06,0.2824868420743127,-0.158464898328847,2.414
13,0,60,197.88770416192705,2306.216370446918,2190.905551924566,2204.296822615019,0.9939249240151938,13.391270690453267,0.09032233451966733,0.22664005871036386,1.0037898792521769,0.0,0.0,0.0,0.0,False,438.230373442173,1.2372517246836412,1440,2023-12-07,0.28107440786394117,-0.19793416677285813,2.421
14,0,60,75.79057154682818,2377.2390721363035,2258.3771185294604,2268.354222847836,0.9956016109750929,9.977104318375606,0.033559750019154955,0.148862898444656,0.9910568833983432,0.0,0.0,0.0,0.0,False,368.5667499088618,1.808819485892703,1440,2023-05-20,0.27966903582462144,-0.23007641391007239,2.538
15,0,60,195.66513100131263,1854.281860025783,1761.5677670244943,1783.3644465966925,0.9877777760940597,21.796679572198293,0.11107442737318884,0.177262105251492,1.0044166876236376,0.0,0.0,0.0,0.0,False,449.57387913307167,1.184734039314858,1440,2023-12-01,0.27827069064549836,-0.0821236039575193,2.355
16,0,60,193.20984275092985,2056.7979871978155,1953.958087837918,1963.515450115568,0.9951325250447672,9.55736227764968,0.09888126257852299,0.16611462977562255,0.9571257241724466,0.0,0.0,0.0,0.0,False,510.44644181888674,3.4012186887995806,1440,2023-08-30,0.2768793371922708,-0.02510271623309063,2.424
17,0,60,253.690348296167,1848.1614083361976,1755.7533379193883,1763.6521225931117,0.9955213476781862,7.898784673723555,0.14449088195771076,0.1640707448382352,1.0014449127369256,0.0,0.0,0.0,0.0,False,526.9093470564668,1.3399447135969202,1440,2023-02-13,0.27549494050630946,0.04673270850458396,2.335
18,0,60,194.94258017806956,1986.2256490910268,1886.91436663647,1891.4561602495237,0.9975987846250401,4.541793613053645,0.10331289200238884,0.15512499019501394,1.0056843265606215,0.0,0.0,0.0,0.0,False,451.0,1.1264732872005014,1440,2023-11-21,0.27411746580377794,0.11049405791506406,2.496
19,1,60,204.5750442965602,2202.7545078008234,2092.616782410784,2102.3337446797964,0.9953780115580589,9.716962269012226,0.09776039550867074,0.1544117902889507,0.9668805345650995,0.0,0.0,0.0,0.0,False,474.8742671608925,2.954443789246282,1440,2023-08-14,0.27274687847475904,0.1834275481487842,2.546
20,1,120,474.02378838099594,4333.8557012362435,4117.162916174422,4137.010875300635,0.9952023430142009,19.84795912621391,0.11513360001344045,0.18447422280067763,0.9904008389003264,0.0,0.0,0.0,0.0,False,909.2309562563896,1.5590458533229148,1440,2023-02-20,0.27138314408238523,0.24562279061465192,2.526
21,1,120,388.02132115172077,4074.289272953681,3870.5748093059856,3892.6909782376074,0.9943185397825658,22.116168931621544,0.10024901733427419,0.17276069703064104,0.967727236235829,0.0,0.0,0.0,0.0,False,880.8060664800141,2.8987607145011633,1440,2023-08-10,0.2700262283619733,0.230017921921513,2.557
22,1,120,518.2328737507626,4380.8308927832695,4161.789348144086,4191.503695301351,0.9929108145149497,29.714347157266033,0.12452164931938807,0.21243619907418196,1.0003845014752097,0.0,0.0,0.0,0.0,False,798.5087758773827,1.3647912827867503,1440,2023-04-08,0.26867609722016345,0.24466574880955028,2.441
23,1,120,471.0438739558448,4237.472939831017,4025.599292839471,4057.8636348060763,0.9920489339045651,32.264341966604675,0.11701211166091802,0.22203926284418793,0.9568948965703383,0.0,0.0,0.0,0.0,False,986.3235708444585,3.4098030745735093,1440,2023-08-21,0.2673327167340626,0.16847609587048099,2.611
24,1,120,396.3420645666149,4116.5735444843995,3910.7448672601827,3934.130770441652,0.9940556365443733,23.385903181469835,0.10134695001064772,0.21295224062933657,0.9677772279660793,0.0,0.0,0.0,0.0,False,1052.7001419607382,2.876927382428504,1440,2023-06-18,0.2659960531503923,0.085295670083003,2.485
25,1,120,130.8772027076384,4389.088802438751,4169.634362316821,4203.796334431849,0.9918735425322064,34.16197211502882,0.03138817251950063,0.19169166234958485,0.9717298636005469,0.0,0.0,0.0,0.0,False,884.0199661935903,2.744400133749412,1440,2023-08-06,0.26466607288464034,0.03809516629422679,2.466
26,1,120,266.9880468345619,4263.932105376214,4050.7355001074015,4059.5400612756753,0.9978311431749963,8.804561168273764,0.06591100476135332,0.14143059496940832,0.9868858477619229,0.0,0.0,0.0,0.0,False,1123.7693799032807,1.6526964281927135,1440,2023-03-31,0.26334274252021717,0.047523452361180364,2.333
27,1,120,358.21654303750165,4223.045955802619,4011.893658012493,4066.2258630429974,0.9866381733675157,54.332205030504284,0.08928864361149678,0.2512162155979273,0.9945577807219029,0.0,0.0,0.0,0.0,False,896.8127573472314,1.632263876410522,1440,2023-09-27,0.26202602880761605,0.16856889970266115,2.509
28,1,120,326.77908722440367,4343.606138210901,4126.425831300356,4158.825762058346,0.9922093560510323,32.399930757990504,0.07919179953403553,0.21135484989046507,0.963352466791197,0.0,0.0,0.0,0.0,False,855.5147712786197,3.125075312042658,1440,2023-05-31,0.260715898663578,0.02131608141320772,2.431
29,1,120,323.55138861070833,4195.16317971823,3985.4050207323135,3997.978810444931,0.9968549633930606,12.573789712617526,0.08118406709671283,0.1759914645597403,0.9604281317041211,0.0,0.0,0.0,0.0,False,883.4481941138336,3.199771912942842,1440,2023-06-05,0.2594123191702601,-0.009358911156461426,2.366
30,1,120,483.387971759908,4152.908600491274,3945.2631704667065,3974.8920805807893,0.9925459837617142,29.62891011408252,0.12252363172587177,0.20565625799586457,0.9675785067638836,0.0,0.0,0.0,0.0,False,899.4138446653586,2.8135025289973314,1440,2023-09-25,0.2581152575744088,0.04510096928741076,2.528
31,1,120,546.1552940698487,4340.374587694145,4123.355858309438,4136.970916205421,0.9967089307196602,13.615057895982273,0.1324540769308644,0.17138442384879327,0.9931219327009783,0.0,0.0,0.0,0.0,False,997.4471059597255,1.5814218855019793,1440,2023-02-09,0.25682468128653674,0.023123515183241884,2.354
32,1,120,489.8894384014654,4457.493686398833,4234.619002078885,4264.67149584681,0.992953151538825,30.052493767924762,0.11568678035992513,0.20247341630355972,0.9567624023117569,0.0,0.0,0.0,0.0,False,1033.5125871780324,3.416315902956086,1440,2023-08-21,0.25554055788010405,0.08237036583102397,2.369
33,1,120,348.37132212706774,4410.614578187919,4190.08384927852,4201.07752525434,0.9973831294686344,10.993675975820123,0.08314184981931876,0.1898308374343342,0.9854169284597497,0.0,0.0,0.0,0.0,False,1107.5080541058592,1.846638545582837,1440,2023-01-15,0.25426285509070357,0.06124839213358547,2.402
34,1,120,325.73167923177607,4433.400144881938,4211.730137637814,4222.02134127805,0.9975624936947568,10.29120364023558,0.07733916195648413,0.14731485014601708,0.9748097884418367,0.0,0.0,0.0,0.0,False,1021.0284924928369,2.5247720596714256,1440,2023-05-21,0.25299154081525005,0.07267294481621409,2.476
35,1,120,421.9587091074745,4080.556614335378,3876.5287836186194,3885.3688916487176,0.997724769957082,8.840108030098039,0.10884962621471601,0.15006491261760393,1.001049195519131,0.0,0.0,0.0,0.0,False,1021.7795799380325,1.4111663573656479,1440,2023-04-15,0.25172658311117374,0.17798201648931378,2.296
36,1,120,355.25284032722516,4537.598240207046,4310.718328196675,4331.462711527922,0.9952107671904836,20.744383331247374,0.08241151782140214,0.1937005068197562,0.9964049804022755,0.0,0.0,0.0,0.0,False,985.6802973766237,1.3654173918437564,1440,2023-11-24,0.2504679501956179,0.25867589075942227,2.256
37,1,120,541.8287121286219,4474.783858662991,4251.044665729833,4278.539776410106,0.9935737162403236,27.49511068027366,0.12745777914229445,0.19913520503488483,0.9902176191528262,0.0,0.0,0.0,0.0,False,1104.2283237687307,1.539700971030917,1440,2023-04-16,0.24921561044463983,0.22754765758978632,2.34
38,1,120,416.3864517697589,4215.702395728109,4004.9172759417024,4036.014733634676,0.9922950088774903,31.097457692973755,0.10396880212010152,0.18538470605933466,0.96621398513271,0.0,0.0,0.0,0.0,False,1120.6006084680557,2.5128956135276805,1440,2023-09-21,0.2479695323924166,0.1907319747290503,2.378
39,2,120,407.7650862378217,4168.992237164725,3960.5426253064643,3978.5610979241505,0.9954711082287796,18.018472617685966,0.1029568735436269,0.1785424646864002,0.9672346140630861,0.0,0.0,0.0,0.0,False,1155.7329130492467,2.5512636919636167,1440,2023-09-13,0.24672968473045453,0.1922612908837051,2.381
40,2,180,609.3064549926854,6082.628921942793,5778.497475845655,5833.782125978935,0.9905233604993426,55.284650133280316,0.10544375203755132,0.1869885885077774,0.9530622980386979,0.0,0.0,0.0,0.0,False,1355.7688253574058,3.409100331873456,1440,2023-07-18,0.24549603630680228,0.2096105515935648,2.383
41,2,180,721.2199651438111,6227.195408756308,5915.835638318491,5934.3644561244655,0.9968777081449973,18.528817805974562,0.1219134555517857,0.17428574850870768,0.9740123548812485,0.0,0.0,0.0,0.0,False,1631.5111361826762,2.2102015343266785,1440,2023-03-08,0.24426855612526827,0.20555905832903384,2.309
42,2,180,811.256366507545,6239.942184585376,5927.945075356102,5954.913084970134,0.9954713008856338,26.96800961403117,0.13685288176507124,0.19366763773083237,0.9735593991802156,0.0,0.0,0.0,0.0,False,1496.1402994415268,2.197809517597778,1440,2023-02-28,0.2430472133446419,0.23154982428992707,2.467
43,2,180,752.0074750431265,6717.969440504417,6382.070968479195,6416.176521737873,0.9946844428074679,34.10555325867886,0.11783126178904353,0.184663143861135,0.9777083148949134,0.0,0.0,0.0,0.0,False,1406.3927304781428,2.0447290417814736,1440,2023-03-04,0.2418319772779187,0.2100188988834257,2.53
44,2,180,417.26093991354475,6023.148648528417,5721.991216101975,5776.841379171424,0.9905051637271515,54.85016306944906,0.07292233143234321,0.2135439975768334,0.9851848283574373,0.0,0.0,0.0,0.0,False,1243.6615939418457,1.7499544801404463,1440,2023-10-17,0.2406228173915291,0.21337088787850206,3.328
45,2,180,296.980524781188,6470.579288077648,6147.0503236737795,6181.4288522658235,0.9944384171663737,34.378528592043715,0.04831268806071818,0.18121935585249496,0.9729592182928766,0.0,0.0,0.0,0.0,False,1571.5498498748404,2.3040596649156244,1440,2023-01-03,0.23941970330457144,0.151837401021185,3.167
46,2,180,134.07835528808306,6517.814373458905,6191.923654785963,6224.842098961064,0.9947117623785838,32.91844417510129,0.02165374813438616,0.16790074335291957,0.9747625013630064,0.0,0.0,0.0,0.0,False,1705.7361682052297,2.0790910205167408,1440,2023-01-10,0.23822260478804858,0.1746638555362512,2.982
47,2,180,579.8750398861391,6596.878160952854,6267.03425290521,6303.052219083109,0.9942856310044759,36.01796617789978,0.09252782360609028,0.19529604866298,0.9806650687361662,0.0,0.0,0.0,0.0,False,1417.1291071447158,1.853674075997126,1440,2023-11-11,0.23703149176410834,0.223830929479724,3.291
48,2,180,565.0070739126068,6202.279912920096,5892.1659172740565,5919.0235149374785,0.9954624951910322,26.857597663420634,0.09589123623558803,0.19687493214279697,0.9520271968868713,0.0,0.0,0.0,0.0,False,1575.1419710641485,3.1429347600421482,1440,2023-08-13,0.2358463343052878,0.2031301145192203,4.336
49,2,180,653.6229660164292,6441.8596698519505,6119.766686359328,6151.998599768841,0.9947607411011562,32.2319134095121,0.10680520998836837,0.16604474449548018,0.9764893143577901,0.0,0.0,0.0,0.0,False,1093.9155400967952,2.526200451071393,1440,2023-09-08,0.23466710263376137,0.18325217228808016,4.77
50,2,180,429.0767328658722,6331.02277889194,6014.47163994734,6032.772357918542,0.9969664497704475,18.300717971203134,0.07134071927715151,0.17120428212774835,0.9791839966571236,0.0,0.0,0.0,0.0,False,1323.8905720711073,2.0053257362703953,1440,2023-01-13,0.23349376712059255,0.236873994102491,4.799
51,2,180,502.8376569778022,6612.8244398645065,6282.183217871288,6309.292727357385,0.9957032411305711,27.109509486097252,0.08004186435495084,0.1963825408205469,0.9659326113337372,0.0,0.0,0.0,0.0,False,1360.3635780943712,2.856221719159358,1440,2023-05-21,0.2323262982849896,0.26986025465664226,4.867
52,2,180,637.1076780665177,6128.343175410554,5821.926016640004,5881.686602172073,0.9898395495077891,59.76058553206893,0.10943245864780163,0.20573211226503366,0.9845065634483909,0.0,0.0,0.0,0.0,False,1219.5598164534397,1.6004639835516745,1440,2023-02-18,0.23116466679356462,0.24103796693477908,4.903
53,2,180,184.19867226487887,6421.573538340196,6100.494861423189,6147.0448891859605,0.992427251044699,46.55002776277082,0.030194054162666243,0.17823444625392082,0.9850441089967372,0.0,0.0,0.0,0.0,False,1208.6219055112656,1.8338325801272826,1440,2023-01-14,0.23000884345959682,0.19712447396616603,5.093
54,2,180,238.7786057750132,6852.70610034761,6510.070795330208,6551.911682004372,0.9936139422042143,41.84088667416445,0.03667834241469285,0.20785222354394053,0.9871907296835156,0.0,0.0,0.0,0.0,False,1284.3943324781712,1.9053199635328113,1440,2023-01-11,0.22885879924229882,0.2235768225030278,4.937
55,2,180,637.0334793226604,6337.8095811500925,6020.919102092526,6046.353552027059,0.9957934233061834,25.434449934531923,0.10580336133419631,0.17082913740988567,0.9510303749079888,0.0,1.25,34.93255845342119,0.0,False,1613.9896753961748,3.639024465716832,1491,2023-08-17,0.22771450524608736,0.1791869801172768,4.635
56,2,180,22.220534102561622,6357.621484745171,6039.740410507905,6058.043409618683,0.9969787276397332,18.302999110776632,0.003679054494445236,0.13609507445565283,0.9698415094249574,0.0,0.0,0.0,0.0,False,1769.9432733702029,2.4675531567682976,1440,2023-10-28,0.2265759327198569,0.22658443883310242,4.393
57,2,180,853.2946029021728,6124.125864471695,5817.9195712481,5842.360917289227,0.9958165292444022,24.441346041127055,0.14666662067985897,0.18150631739582607,0.9819554792110282,0.0,0.0,0.0,0.0,False,1307.0132561166552,1.8919587556784818,1440,2023-01-25,0.22544305305625761,0.34411259058229254,5.049
58,2,180,548.7906606018455,7042.400684661888,6690.280650428824,6745.063104665087,0.9918781405916908,54.782454236264414,0.08202804774216309,0.19619805641080318,0.9510026510554551,0.0,1.1111111111111112,13.13010815774544,0.0,False,1528.2368159749735,3.6974839612611134,1474,2023-10-07,0.22431583779097633,0.3391550616434722,4.897
59,3,180,796.716364084704,6888.303400148099,6543.88823014069,6599.8493123904955,0.9915208545527329,55.961082249805216,0.12174969010245075,0.19736170762177557,0.964982298598238,0.0,0.0,0.0,0.0,False,1361.7731717101256,2.5104199848464632,1440,2023-06-19,0.22319425860202144,0.3030573098389261,4.917
60,3,240,884.611312030161,8781.431026523584,8342.359475197361,8430.569357944953,0.9895369008898003,88.20988274759189,0.10603850321485135,0.23840918629774277,0.9510789188072958,0.0,0.625,7.469228612887782,0.0,False,1720.0331335038816,3.733121270725039,1458,2023-07-18,0.22207828730901136,0.27175099035006123,4.933
61,3,240,767.0639201999147,8612.03188034528,8181.430286328037,8265.316806816483,0.9898507797766125,83.88652048844594,0.0937567018668793,0.24513451220202603,0.9581695137219556,0.0,0.0,0.0,0.0,False,1661.622225207726,3.304711068150673,1440,2023-08-09,0.2209678958724663,0.15448102235695432,4.921
62,3,240,522.2485151627558,8657.299669179363,8224.434685720375,8343.82630901306,0.9856910224552831,119.39162329268486,0.06349962460879002,0.2743605204612079,0.9644901512787774,0.0,0.0,0.0,0.0,False,1262.9268007964274,2.98985106653865,1440,2023-05-27,0.21986305639310397,0.04361260536294429,4.946
63,3,240,977.0770968638061,8713.949614678426,8278.252133944492,8310.919973836364,0.9960692871553675,32.667839891873335,0.11802939570508589,0.1914824004015219,0.9806835829939831,0.0,0.0,0.0,0.0,False,1461.2424031917667,2.0802018374287616,1440,2023-03-04,0.21876374111113842,-0.11309737242552423,5.026
64,3,240,1013.1497698895528,8635.575133381612,8203.7963767125,8241.226038786706,0.9954582410556334,37.429662074204884,0.12349767392636717,0.17985033601311187,0.9727626775110666,0.0,0.0,0.0,0.0,False,1639.8558991502177,2.296217537173651,1440,2023-03-03,0.21766992240558275,-0.055707610545065914,4.753
65,3,240,148.95378399966017,8676.645157542926,8242.812899665787,8265.608791816678,0.9972420794735096,22.795892150888754,0.018070746699309366,0.1711849271854301,0.9753850870102517,0.0,0.0,0.0,0.0,False,1757.5627026100426,2.2073029185099187,1440,2023-01-07,0.2165815727935548,0.016802223813147193,4.907
66,3,240,833.3240905616541,8359.531889171809,7941.555294713231,8045.583425709241,0.9870701569430511,104.02813099600962,0.10493210204258174,0.2554757467139728,0.9510046256898111,0.0,0.7638888888888888,8.881663189244698,0.0,False,1540.9490646153704,3.4827787777219212,1464,2023-07-18,0.21549866492958705,0.09531474436134607,4.789
67,3,240,63.411171931592406,8779.352032859124,8340.384431216145,8431.81383905952,0.989156614509225,91.42940784337372,0.0076029075703344,0.22494308806538785,0.9628618495143126,0.0,0.0,0.0,0.0,False,2057.423109922004,2.535241254104204,1440,2023-12-27,0.21442117160493912,-0.030088829498587336,4.968
68,3,240,667.279659764175,8554.951228891905,8127.203667447291,8182.79257276593,0.9932066095010582,55.588905318638695,0.08210445893424544,0.19148996117973055,0.9517908780456056,0.0,0.0,0.0,0.0,False,1946.7108729796846,2.9767816148899384,1440,2023-05-21,0.21334906574691442,-0.06448699396291661,4.983
69,3,240,844.7467798319234,8586.9147167119,8157.568980876329,8208.55583778492,0.9937885715933256,50.98685690859081,0.10355374031310689,0.1970517515571166,0.9544704653673743,0.0,0.0,0.0,0.0,False,1939.9285449307176,3.4321151883582273,1440,2023-09-13,0.21228232041817982,-0.017983144444920524,5.118
70,3,240,207.77215839193593,8725.782327271492,8289.493210907918,8340.976145191838,0.9938277087252434,51.48293428392049,0.02506451879573702,0.17736399882717566,0.9510016773792004,0.0,8.333333333333334,788.2469748386854,66.17871613541114,True,2053.598897738552,4.365344571402828,1832,2023-07-02,0.21122090881608893,0.007131408761371222,5.317
71,3,240,764.4158416865437,8558.750392215112,8130.812872604377,8227.381934527522,0.9882624797667557,96.56906192314605,0.09401468877264839,0.24420113218843872,0.9539814307990865,0.0,0.0,0.0,0.0,False,1561.3489421987215,3.3348006791550446,1440,2023-08-09,0.21016480427200848,0.0716679073909159,4.962
72,3,240,797.530170634501,8626.899915409875,8195.554919639355,8317.761205235489,0.9853077910532929,122.2062855961364,0.09731252837112295,0.2568600674339519,0.9544244792690333,0.0,0.0,0.0,0.0,False,1623.1127611788577,3.488675795842559,1440,2023-08-18,0.20911398025064845,-0.025954643709649047,4.935
73,3,240,751.8810429309393,8578.945029008632,8149.997777558196,8196.105916695735,0.9943743846643543,46.108139137539204,0.09225536784823626,0.1734043301140125,0.9540806564241714,0.0,0.0,0.0,0.0,False,1799.5331783936028,3.2002067378432835,1440,2023-07-11,0.20806841034939522,-0.13474534550192757,4.88
74,3,240,763.1484422486967,8364.081068520398,7945.877015094412,7968.040222478003,0.9972184870100094,22.163207383589814,0.09604332420436149,0.1589789308592606,0.9605134129938772,0.0,0.0,0.0,0.0,False,2169.7145912618016,2.6636799824644806,1440,2023-02-01,0.20702806829764822,-0.036845501337584324,5.147
75,3,240,671.4867768157458,8328.707317233237,7912.2719513716165,7955.415462434365,0.9945768374679521,43.14351106274956,0.08486649358650286,0.19832060452037947,0.9608903529312703,0.0,0.0,0.0,0.0,False,1755.1042016008282,2.4952878539943955,1440,2023-11-14,0.20599292795615998,0.07526130581138142,5.212
76,3,240,649.8927258259105,8130.440289213635,7723.918274752922,7774.879653911228,0.9934453803239682,50.96137915830661,0.0841402902915489,0.17570372521402916,0.9510029622515519,0.0,6.25,712.8178986978813,10.445688881591739,True,1825.4947024583817,4.5289385791710055,1709,2023-06-06,0.20496296331637917,0.07847903925007352,4.916
77,3,240,101.43571119499552,8331.148844714402,7914.591402478655,7948.331943520354,0.9957550161113736,33.74054104169704,0.012816291585593206,0.1549620457660177,0.9534870230870525,0.0,0.0,0.0,0.0,False,1969.5526591312084,3.2230073700782307,1440,2023-09-18,0.2039381484997973,0.13202517421429644,4.932
78,3,240,320.30401195746333,8662.174695787215,8229.065960997916,8272.925338358964,0.9946984439521428,43.85937736104887,0.03892349550672711,0.17298118092172865,0.9645890718733322,0.0,0.0,0.0,0.0,False,1859.579936976325,2.389711549602774,1440,2023-11-23,0.2029184577572983,0.2227456746829991,4.867
79,4,240,1101.4436092005997,8732.069026448253,8295.465575125789,8364.832395020934,0.9917073269828532,69.36681989514432,0.13277658730853065,0.2048398641756294,0.9631985024579921,0.0,0.0,0.0,0.0,False,1759.8464770913124,2.2948542663088105,1440,2023-04-05,0.20190386546851183,0.2570309186693107,4.684
80,4,300,841.8218475803662,10435.71170887842,9913.926123434512,9966.547026776094,0.9947202473233497,52.6209033415791,0.08491306442061032,0.18009669357545816,0.9510000800215157,0.0,6.25,469.8431941732009,0.0,False,2142.984269856532,3.840698584137945,1551,2023-07-26,0.20089434614116924,0.21412801749099686,4.785
81,4,300,705.3299749061908,10941.734810628552,10394.64807009709,10527.824812873861,0.9873500229017947,133.17674277677267,0.06785510872034774,0.2588619719856648,0.9668327696899727,0.0,0.0,0.0,0.0,False,1876.4230359548292,2.666681477065194,1440,2023-12-15,0.19988987441046338,0.23523583718994961,4.907
82,4,300,568.1982679443779,10987.710472757115,10438.324949119373,10472.734066805495,0.9967144092968822,34.40911768612157,0.0544338551169854,0.18484139829366983,0.9669105271366889,0.0,0.0,0.0,0.0,False,2116.0269454668874,2.5515264848927743,1440,2023-11-22,0.19889042503841106,0.07589538184737397,4.926
83,4,300,673.1292662128885,10477.197592266755,9953.337712653447,10053.595440659916,0.9900276743182846,100.25772800646514,0.06762849665566506,0.2294609749473399,0.9677539996389597,0.0,0.0,0.0,0.0,False,2027.628942384409,2.4819235921446543,1440,2023-03-22,0.19789597291321903,0.1120262097810189,4.91
84,4,300,1340.9287976109806,10751.568139892473,10213.989732897828,10276.35294532948,0.9939313866735187,62.36321243165089,0.13128354665288502,0.1955498089906368,0.9510046669277763,0.0,0.06944444444444445,0.09265106399455003,0.0,False,2468.421052631579,2.973160611389794,1442,2023-01-26,0.19690649304865293,0.04129475474249365,4.947
85,4,300,896.8547301451291,10515.06459121735,9989.311361656524,10172.44908087601,0.9819966934448676,183.137719219485,0.08978143714567367,0.2447616723377539,0.9510006951808894,0.0,3.125,73.82455405001943,0.0,False,2401.6661362051964,3.1821534355417294,1528,2023-11-14,0.19592196058340966,0.059536665366888494,4.977
86,4,300,807.0360177793539,10586.534688931899,10057.2079544853,10162.742961648564,0.9896154997168064,105.53500716326398,0.08024453918340557,0.224059152935799,0.9599336989398107,0.0,0.0,0.0,0.0,False,2007.9956900687978,2.5744329656524023,1440,2023-03-25,0.1949423507804926,-0.036373989114140956,4.847
87,4,300,1120.7197953716402,11287.356524133485,10722.98869792679,10809.603774666493,0.991987210766902,86.61507673970532,0.1045156184477116,0.1939202456486392,0.9510012525533347,0.0,7.291666666666667,575.9841754174349,0.0,False,2479.6733808517456,3.954168604835397,1569,2023-06-18,0.19396763902659017,-0.06875992766145371,4.983
88,4,300,343.9534264832654,10359.48026513346,9841.506251876763,9938.741180208102,0.9902165750603333,97.2349283313414,0.03494926667527889,0.1964835325435292,0.9587480961641133,0.0,0.0,0.0,0.0,False,2206.4638716945474,2.8360966307301263,1440,2023-01-11,0.1929978008314572,-0.02805909474998429,4.86
89,4,300,1062.1919412887307,10123.505170148186,9617.329911640789,9702.821963503251,0.9911889497525527,85.49205186246256,0.11044561755160927,0.2212794850396461,0.9534847430985314,0.0,0.0,0.0,0.0,False,1854.6213350168077,2.732964758206254,1440,2023-03-18,0.19203281182729992,-0.0009618362167432559,4.731
90,4,300,1045.6440195235382,10358.25253690869,9840.339910063263,9914.403675844682,0.9925296802306056,74.0637657814211,0.10626096548293074,0.20168777989839798,0.9591406107338347,0.0,0.0,0.0,0.0,False,2048.7456553240418,2.609216076904237,1440,2023-02-02,0.19107264776816343,-0.034899099133589864,4.723
91,4,300,1305.0178502263188,10352.313226507222,9834.697565181861,10031.248046356044,0.9804061787460652,196.55048117418272,0.13269527014704766,0.2969921523835995,0.9826626370544758,0.0,0.0,0.0,0.0,False,1185.8608197698281,2.0859607710874544,1440,2023-03-07,0.19011728452932258,-0.01903154715124121,4.726
92,4,300,151.48759333683125,10748.02638896537,10210.625069517144,10273.49795167736,0.9938800900670886,62.8728821602127,0.014836270287612767,0.1930592219350381,0.9510003910058672,0.0,6.25,345.09349050126457,0.0,False,2308.5769322501314,3.6055121764500724,1586,2023-09-18,0.189166698106676,-0.22085673265198558,4.748
93,4,300,691.7738957096758,10740.323776010517,10203.307587209983,10244.351694447236,0.9959934890502149,41.04410723725326,0.06779898477007848,0.18159733818577342,0.9510000181576191,0.0,6.25,200.65966380919244,0.0,False,2228.9589482939386,4.042782416571216,1648,2023-05-29,0.1882208646161426,-0.15331739516249795,5.014
94,4,300,280.85221307912985,10624.246998714581,10093.034648778876,10169.441419196022,0.9924866305564316,76.40677041714576,0.027826339931678455,0.199225756923658,0.95100210784474,0.0,0.7638888888888888,3.1109495550057407,0.0,False,2228.1716635107223,3.048927058167252,1462,2023-12-09,0.1872797602930619,-0.0731496478318142,4.852
95,4,300,1218.8846753618905,10654.984325269426,10122.235109005882,10219.494659996002,0.9904829393012121,97.2595509901211,0.12041655447001356,0.2117085515860997,0.9538624704315034,0.0,0.0,0.0,0.0,False,2354.417417683584,2.962255619457162,1440,2023-04-07,0.18634336149159655,-0.04775925903679614,4.761
96,4,300,926.9522181385876,10298.406820169266,9783.486479160803,9889.565077137171,0.9892736842167507,106.07859797636644,0.09474661411481795,0.2397702462500777,0.9566862173581896,0.0,0.0,0.0,0.0,False,1489.849295022187,3.27315817651572,1440,2023-07-21,0.1854116446841386,-0.05549452383745844,4.914
97,4,300,979.0528861259082,10264.65622451466,9751.423413288921,9893.034284799864,0.9856857999846902,141.61087151094353,0.10040102297185526,0.23951636059976542,0.9654087808194445,0.0,0.0,0.0,0.0,False,2021.0574947317018,2.638426730591611,1440,2023-11-12,0.18448458646071791,-0.1254069762512438,4.128
98,4,300,1555.7035122254129,10861.417454565422,10318.346581837111,10479.89083037688,0.984585311893563,161.54424853977116,0.15077062006851397,0.23420149245617172,0.9641341300812989,0.0,0.0,0.0,0.0,False,2003.575772985255,2.466587080497832,1440,2023-01-25,0.1835621635284143,-0.1827542077815733,3.443
99,5,300,659.7552652758977,10585.406062678603,10056.135759544686,10213.727973046985,0.9845705491747803,157.59221350229905,0.06560723532890825,0.24425594008106669,0.9510002799333417,0.0,1.4583333333333333,31.709446798796574,0.0,False,1712.8000595642209,3.817425049778866,1505,2023-06-03,0.18264435271077226,-0.21864935771273936,2.447
100,5,258,701.8345254285268,9071.810124463083,8618.219618239911,8714.570915525022,0.9889436556063292,96.35129728511009,0.0814361383809643,0.20931210962957675,0.9643723068228094,0.0,0.0,0.0,0.0,False,1866.0094221057384,2.363875437924679,1440,2023-12-12,0.18173113094721838,-0.2716980594364945,2.38
101,5,271,878.6110844503448,9386.800995091256,8917.460945336723,8976.423120669337,0.9934314398352228,58.962175332613796,0.09852704596478258,0.1685023443302542,0.962100848511017,0.0,0.0,0.0,0.0,False,1814.840076552271,2.614628201347493,1440,2023-09-29,0.18082247529248227,-0.23772619930369956,2.485
102,5,142,551.2669316608029,5156.191965893104,4898.382367598428,4943.980068780487,0.9907771268193427,45.59770118206036,0.11254060836640593,0.23199534394449334,0.9654942862745359,0.0,0.0,0.0,0.0,False,1027.4861825975809,3.0165591267502565,1440,2023-06-14,0.1799183629160199,-0.11919234475546674,2.521
103,5,227,1034.9019223986108,7949.165107165666,7551.706851807391,7630.007641988159,0.9897377835180824,78.30079018076839,0.13704212076915065,0.2466381651889833,0.9763741937381641,0.0,0.0,0.0,0.0,False,1609.0394354044888,2.1410152185316393,1440,2023-01-28,0.1790187711014398,-0.1656496274654312,2.466
104,5,134,412.1761050147671,4937.371932924361,4690.503336278127,4737.069623740545,0.9901698114739451,46.5662874624171,0.0878746001152672,0.21310042552181951,0.989217336741606,0.0,0.0,0.0,0.0,False,743.4425546810141,1.8930851941685263,1440,2023-04-29,0.1781236772459326,-0.23736156863072985,2.323
105,5,172,993.3873469181603,6500.651416989996,6175.618846140469,6210.321050483746,0.9944121722434022,34.70220434327619,0.1608563241462012,0.2213083176145532,0.9829152252815905,0.0,0.0,0.0,0.0,False,1211.4080111811077,1.8343207087332698,1440,2023-01-24,0.17723305885970292,-0.22160311557129944,2.408
106,5,200,264.43284020849137,6703.912565504561,6368.716937229322,6428.197396612219,0.9907469457278577,59.4804593828967,0.04152058300200284,0.19758262975621102,0.9746460020883572,0.0,0.0,0.0,0.0,False,1556.8729498393309,2.2089751311872146,1440,2023-01-29,0.1763468935654044,-0.22811913160849687,2.466
107,5,127,252.392720941596,4549.399883760509,4321.9298895724805,4356.066955942708,0.9921633283612282,34.13706637022664,0.05839815253610288,0.20405789948175335,0.9739964987440658,0.0,0.0,0.0,0.0,False,848.242309188755,2.543484328278289,1440,2023-10-03,0.17546515909757737,-0.1810145626377126,2.489
108,5,226,795.6921656738859,7783.736514516705,7394.549688790881,7437.80495122958,0.9941844048449336,43.25526243869887,0.10760522265203595,0.2097748982153783,0.9875999173330537,0.0,0.0,0.0,0.0,False,1598.3969112248064,1.9924784800841797,1440,2023-02-18,0.1745878333020895,-0.15777939583136594,2.525
109,5,296,1291.3311264046026,10168.844459360498,9660.40223639254,9731.56627702676,0.9926872983640652,71.1640406342205,0.13367260439114192,0.21163955530510212,0.9594496633475976,0.0,0.0,0.0,0.0,False,2120.2920440549774,2.5540944398490155,1440,2023-01-26,0.17371489413557906,-0.15225740451103245,2.44
110,5,291,1132.205870585808,10713.82527790697,10178.134014011588,10288.503894094272,0.9892725044166978,110.36988008268303,0.11123904136329629,0.1848165324254969,0.9565549852778888,0.0,0.0,0.0,0.0,False,2206.465610265236,2.680923405118647,1440,2023-04-15,0.17284631966490113,-0.15252403481741314,2.473
111,5,227,673.3846850122353,7507.156012162885,7131.798211554766,7216.794796867662,0.9882223912823754,84.99658531289717,0.09442004176747933,0.22953401637092546,0.9658019430051165,0.0,0.0,0.0,0.0,False,1234.8572396823083,2.9190401068514475,1440,2023-07-21,0.17198208806657664,-0.09296751534866105,2.43
112,5,194,727.8312855992393,7079.216820756907,6725.255979719048,6790.746290699501,0.9903559479066171,65.49031098045238,0.10822358104942274,0.24037469775805323,0.9901533666405952,0.0,0.0,0.0,0.0,False,1286.1828434375543,1.6914114544729695,1440,2023-03-27,0.17112217762624377,-0.14517746527214848,2.413
113,5,263,815.0654066284253,9227.457425226645,8766.08455396527,8834.112773062761,0.9922993716692269,68.02821909749397,0.09297941419692751,0.19558450819022882,0.9583058990761304,0.0,0.0,0.0,0.0,False,2048.928131135025,2.959163447738101,1440,2023-05-24,0.17026656673811255,-0.2128136591505222,2.535
114,5,287,170.54590767105563,10215.856672134809,9705.06383852808,9752.244133088952,0.9951621089549233,47.18029456087014,0.017572878500191454,0.16173175547995258,0.9730143285507115,0.0,0.0,0.0,0.0,False,1865.6371933247021,2.5068494941400528,1440,2023-11-18,0.16941523390442195,-0.1681634226135189,2.458
115,5,284,1187.5885863806095,10267.495324961064,9754.120558712992,9884.043465386838,0.9868552878051552,129.92290667384603,0.12175250236370935,0.23738599093752769,0.9566386977748225,0.0,0.0,0.0,0.0,False,2053.4398923607014,2.6797488958477818,1440,2023-04-07,0.16856815773489983,-0.05605376519530618,2.435
116,5,120,349.03628212284696,3944.831188317707,3747.589628901819,3775.0118674127675,0.9927358536942184,27.422238510948514,0.09313620665161446,0.16153937593836118,0.9914381431354092,0.0,0.0,0.0,0.0,False,974.2214591829959,1.5663752811530338,1440,2023-11-10,0.16772531694622533,-0.1346746568142776,2.402
117,5,244,869.6352447978393,9060.576568547687,8607.547740120275,8660.701837144099,0.9938626109034425,53.15409702382196,0.10103170741004658,0.1787083620395245,0.951042884740844,0.0,1.0416666666666667,42.146690343431224,0.0,False,1866.966384760927,3.533493571516126,1485,2023-06-25,0.16688669036149426,-0.02878578590820649,2.517
118,5,250,1184.4022455439367,8733.51520590781,8296.839445612422,8345.600230943477,0.9941573063672208,48.760785331054514,0.14275342475986785,0.14197242888846348,0.9635484400463499,0.0,0.0,0.0,0.0,False,2043.561005197016,2.552556959101148,1440,2023-02-14,0.16605225690968675,0.01921812329211487,2.486
119,5,154,424.62517823809105,5841.921884752629,5549.825790515027,5610.5656936990345,0.9891740144398947,60.73990318400778,0.07651144274903188,0.23188295138999798,0.9906086540417157,0.0,0.0,0.0,0.0,False,1145.9538579590612,1.67574525094129,1440,2023-01-08,0.1652219956251383,0.14134168214028306,2.49
120,5,211,502.74625288377194,7990.63076397712,7591.099225778299,7632.51144935882,0.9945742336771732,41.412223580520795,0.06622838642083834,0.1781830828425626,0.9576119312361682,0.0,0.0,0.0,0.0,False,1157.9710472897734,3.4037295807491894,1440,2023-06-10,0.16439588564701263,0.03964323214594177,2.488
121,5,297,1038.2529143033987,10688.373467185218,10153.954793825982,10244.082396249374,0.9912019838442152,90.12760242339107,0.10225108692966595,0.18164618235127217,0.9619227422362032,0.0,0.0,0.0,0.0,False,1980.6119689999655,2.8434532704262594,1440,2023-09-09,0.16357390621877757,0.07751502881269848,2.486
122,5,244,542.3639317510399,8266.178228139237,7852.869316732293,7958.403199406398,0.9867393144039276,105.53388267410459,0.06906570195882572,0.23665903855309323,0.966181944436627,0.0,0.0,0.0,0.0,False,1142.3760462753105,2.874357965021921,1440,2023-05-27,0.16275603668768368,0.10111133810937918,2.524
123,5,171,510.2856265817117,5949.56398731626,5652.085787950462,5698.864602963662,0.9917915552882458,46.77881501320026,0.09028271079493816,0.20360636852340744,0.9623071924927897,0.0,0.0,0.0,0.0,False,1402.6051966986215,3.1715846611033465,1440,2023-07-13,0.16194225650424526,-0.002872850024937243,2.505
124,5,178,260.57055369577756,5889.893760741639,5595.399072704535,5667.918607298868,0.9872052618220477,72.5195345943321,0.04656871660269816,0.24505506060671006,0.9907760978496386,0.0,0.0,0.0,0.0,False,1088.9425736285718,1.5607112137799837,1440,2023-11-23,0.16113254522172402,-0.013524644893252032,2.436
125,5,233,635.223682869106,8926.375888190672,8480.057093781139,8608.428595082145,0.985087696333528,128.37150130100673,0.07490794883149408,0.28056402475852965,0.9897653031696823,0.0,0.0,0.0,0.0,False,1207.236327471677,1.72116145143526,1440,2023-10-31,0.1603268824956154,-0.11548595640150514,2.54
126,5,146,480.3366209407704,4926.162969687394,4679.85482120298,4704.905918120534,0.9946755371194412,25.05109691755395,0.10263921409794877,0.15561888335354224,0.9922034491081333,0.0,0.0,0.0,0.0,False,1111.0916622129187,1.5152921209250283,1440,2023-11-28,0.15952524808313734,-0.2792029279800372,2.416
127,5,225,188.41433164346535,7932.195907026479,7535.586111675149,7608.699474515601,0.9903908199968555,73.11336284045072,0.025003274974397596,0.20874462882551426,0.974097776688287,0.0,0.0,0.0,0.0,False,1784.8117823690666,2.2428397093874244,1440,2023-12-20,0.15872762184272163,-0.13307813831956766,2.441
128,5,223,728.2270820446306,8021.593085064213,7620.513430811004,7677.723075554237,0.992548618362469,57.20964474323344,0.09556141966764173,0.1679911920921218,0.9510243787726852,0.0,0.4861111111111111,4.172838688006453,0.0,False,1960.6402301409325,3.5597543075582387,1454,2023-08-13,0.15793398373350803,-0.13349217807080618,2.375
129,5,228,84.34827181234951,7820.35277624232,7429.335137430206,7493.866638528436,0.9913887577387016,64.53150109822982,0.011353407842296563,0.1737698568406254,0.968873161177271,0.0,0.0,0.0,0.0,False,1694.9849756918989,2.1187870041189734,1440,2023-11-04,0.15714431381484048,-0.04256540866293966,2.42
130,5,260,643.606714303645,9189.81495438764,8730.324206668221,8788.180506376957,0.9934165781339205,57.85629970873445,0.07372082629097076,0.18979164340925045,0.9510003059008805,0.0,5.347222222222222,145.48075004550296,0.0,False,2030.938055989122,3.8494610052901823,1573,2023-05-29,0.1563585922457663,0.018774451574614343,2.443
131,5,216,15.192860342717417,7677.081172935284,7293.227114288512,7350.712190189881,0.9921796590025539,57.48507590136955,0.0020831464733838266,0.21079323804115513,0.9693300010795148,0.0,0.0,0.0,0.0,False,1386.3062201561597,2.5351872058401996,1440,2023-12-31,0.15557679928453744,0.03310882714321992,2.383
132,5,251,812.621616761775,9238.35898112435,8776.441032068098,8888.690905696114,0.987371607943293,112.24987362801755,0.09259124670154449,0.2447897243492007,0.965050145643882,0.0,0.0,0.0,0.0,False,1996.6710880592932,2.5279648640799754,1440,2023-03-29,0.1547989152881148,-0.0021668424941436587,2.422
133,5,300,1154.2441127193895,10927.28779796256,10380.923408064416,10487.306601501652,0.9898560042650033,106.38319343723495,0.11118896338477127,0.1804104203701246,0.9510051088854832,0.0,9.166666666666666,537.923004837263,0.0,False,2163.6227495467547,3.6394040080072303,1609,2023-07-10,0.1540249207116742,-0.10741913429919484,2.444
134,5,143,528.0276902287983,4987.623258260939,4738.2420953479095,4779.455723990397,0.9913769200882819,41.21362864248822,0.11143957602909849,0.20484299152886376,0.9908232996982336,0.0,0.0,0.0,0.0,False,1127.887080645527,1.5595437191035575,1440,2023-04-15,0.15325479610811582,-0.0490070200077746,2.376
135,5,210,813.2373169233371,7524.0741649993015,7147.8704567493305,7228.3603030865925,0.988864715791368,80.48984633726097,0.11377337094231234,0.22375826682297736,0.9684402503419194,0.0,0.0,0.0,0.0,False,1494.082648469329,2.7113567754766694,1440,2023-07-10,0.15248852212757524,-0.05627113470030773,2.401
136,5,142,472.9506973799888,4980.911610465256,4731.8660299419535,4783.8329853746945,0.9891369628514172,51.966955432739766,0.09995014533109903,0.24535704404905667,0.9964674499103539,0.0,0.0,0.0,0.0,False,942.2978161159001,1.3023433444321528,1440,2023-11-17,0.15172607951693737,-0.10488394544253302,2.406
137,5,259,1079.9877475171756,9313.751730514921,8848.064143989159,8982.221594050588,0.9850641126299656,134.15745006142998,0.12205921317273159,0.25503413507614997,0.9694366451679495,0.0,0.0,0.0,0.0,False,1856.1602967662418,2.5158963477141127,1440,2023-01-16,0.15096744911935267,-0.19355935613614056,2.491
138,5,145,469.2978827070163,5341.4000625035305,5074.330059378388,5105.573716356253,0.9938804806837335,31.24365697786434,0.09248469792375033,0.18414763684521446,0.9617184279492147,0.0,0.0,0.0,0.0,False,1162.018417470633,2.80737018406481,1440,2023-07-25,0.15021261187375592,-0.28854099170443936,2.419
139,5,209,594.2184778731196,7291.670676445894,6927.0871426236135,6987.867160716655,0.991302064464716,60.78001809304173,0.08578186843020733,0.22367981235044893,0.9544360237283385,0.0,0.0,0.0,0.0,False,1650.2861003605262,3.024061695583735,1440,2023-06-07,0.14946154881438714,-0.207783385893281,2.373
140,5,161,565.4409216735477,5504.421382456226,5229.200313333428,5324.1060030857825,0.9821743425661795,94.90568975235455,0.1081314326842261,0.24364419534629575,0.9846739031435362,0.0,0.0,0.0,0.0,False,1302.7661113734557,1.9979417868056237,1440,2023-09-10,0.1487142410703152,-0.23133207797339256,2.406
141,5,300,1198.1718260758878,11265.943310181548,10702.646144672522,10861.760160739237,0.9853509915785247,159.1140160667152,0.1119509894917253,0.244027069838922,0.9578375393768715,0.0,0.0,0.0,0.0,False,2082.937912612728,2.5458090740878525,1440,2023-04-15,0.14797066986496363,-0.2962748839956596,2.397
142,5,198,631.943024008651,7215.12405089544,6854.367848350679,6911.636381828681,0.9917141860025267,57.2685334780008,0.09219566822062392,0.17282755880332237,0.951094691799905,0.0,0.0,0.0,0.0,False,1591.3303834255235,3.2498101792722207,1440,2023-08-09,0.1472308165156388,-0.3512728061891971,2.395
143,5,297,1136.251628174902,10078.847248530326,9574.90488610384,9698.395078327902,0.9872669455897901,123.49019222405975,0.11866975616895743,0.21606895054161965,0.9656324677166755,0.0,0.0,0.0,0.0,False,1716.3692539930344,2.419333366451247,1440,2023-03-04,0.1464946624330606,-0.23727359760587405,2.537
144,5,279,705.0629557580095,9275.575882154626,8811.797088046897,8880.89445966827,0.9922195481620492,69.09737162137445,0.08001352603936142,0.20201257740279357,0.9584480174472633,0.0,0.0,0.0,0.0,False,1929.4871211701636,2.552854877979866,1440,2023-01-13,0.1457621891208953,-0.24200874009055062,2.483
145,5,191,254.31713092016395,6914.316248302201,6568.600435887038,6626.9637952749545,0.9911930468928275,58.363359387916155,0.03871709558260266,0.19756289285760723,0.9582023663610335,0.0,0.0,0.0,0.0,False,1298.002686924564,3.23276408854984,1440,2023-07-14,0.14503337817529083,-0.21497346204301415,2.438
146,5,201,628.0766564069402,7064.519190031795,6711.293230530205,6748.945049247859,0.9944210808588743,37.651818717654976,0.09358504163545853,0.16802619966701696,0.9751859755004562,0.0,0.0,0.0,0.0,False,1675.055968692645,2.4833420257558307,1440,2023-05-01,0.14430821128441437,-0.1834340782484554,2.479
147,5,178,156.37290637131085,5938.025634786518,5641.124353047166,5700.687577215944,0.9895515719179497,59.56322416877824,0.027720166510217577,0.1917116043566734,0.9884408516353858,0.0,0.0,0.0,0.0,False,1173.403036656956,1.6958229562199825,1440,2023-04-10,0.1435866702279923,-0.09162315617686063,2.454
148,5,265,854.4696285588784,9800.73671687295,9310.699881029244,9364.740498975014,0.9942293523294442,54.040617945768766,0.09177286771963072,0.16496876380320663,0.9510110484835742,0.0,0.06944444444444445,0.09035948073086263,0.0,False,2020.5085138733516,2.944814067871546,1442,2023-05-24,0.14286873687685234,-0.06986788905466265,2.492
149,5,276,857.0044871674668,9411.790853771272,8941.2013110827,9018.576568866969,0.9914204578523648,77.37525778426968,0.09584891977604866,0.17457311160248756,0.9521881382747892,0.0,0.0,0.0,0.0,False,2227.3607905360363,3.032774559280684,1440,2023-05-01,0.14215439319246806,0.008122135670562289,2.558
150,5,208,721.9354563535234,7937.224572824339,7540.363344183101,7583.601659158217,0.9942984459207584,43.23831497511616,0.09574279426606803,0.15852674895388608,0.9724132122307095,0.0,0.0,0.0,0.0,False,1737.90919396333,2.4519705561664575,1440,2023-05-01,0.14144362122650572,0.05065593471219981,2.632
151,5,264,998.4687502424856,9526.394637549238,9050.074905671783,9134.30104435482,0.9907791369833284,84.2261386830347,0.11032712553757253,0.2242876852831541,0.9510045759890583,0.0,5.208333333333333,264.4534391555698,0.0,False,2126.7461894525513,3.797180946780217,1641,2023-08-20,0.1407364031203732,0.12205863432473882,2.553
152,5,294,848.3684095811543,10698.63532558342,10163.703559304242,10242.539176831764,0.992303117794673,78.83561752752175,0.08347040078756779,0.19681512316471353,0.9621140986381695,0.0,0.0,0.0,0.0,False,2157.8597555299725,2.613483494741808,1440,2023-11-07,0.14003272110477133,0.03329234982622266,2.486
153,5,245,1386.3611994160196,8757.773652272403,8319.884969658768,8370.634211970297,0.9939372285269669,50.74924231152917,0.1666322556708233,0.1476693769610166,0.9637157725243735,0.0,0.0,0.0,0.0,False,1947.9732762709987,2.5775192952617347,1440,2023-02-07,0.13933255749924747,0.022878202729743308,2.475
154,5,247,443.040837827088,8581.546847754295,8152.46950536656,8250.203325040156,0.9881537683590216,97.73381967359583,0.05434437228320151,0.20305556584739154,0.9510008925455647,0.0,2.013888888888889,43.33601783487175,0.0,False,1669.1546337608434,3.619600715336425,1488,2023-07-30,0.13863589471175125,0.12528405785264224,2.493
155,5,193,403.7738742884865,7237.891699649081,6875.997114666614,6895.422879110163,0.9971828030297605,19.42576444354966,0.05872222858081634,0.14902560776276286,0.9682486191047114,0.0,0.0,0.0,0.0,False,1601.7139359314183,2.6804475026670627,1440,2023-09-20,0.1379427152381925,0.08520634810856695,2.542
156,5,294,1234.0574439010368,10542.83210033906,10015.690495322096,10070.620217616115,0.9945455472347242,54.92972229401954,0.12321241800327322,0.16998918301596289,0.9516926202167042,0.0,0.0,0.0,0.0,False,2257.217564203358,3.046867553910375,1440,2023-04-06,0.13725300166200152,0.17455880771135168,2.491
157,5,190,538.4285141337367,6692.556611164357,6357.92878060612,6410.655525976797,0.9917751398188498,52.72674537067701,0.08468615058667057,0.17052597400669645,0.9578369990183973,0.0,0.0,0.0,0.0,False,1415.974656012867,3.3707263666010596,1440,2023-06-05,0.1365667366536915,0.20142145068574124,2.422
158,5,236,720.6192849114819,8226.565065064824,7815.236811811624,7845.693847193727,0.9961179933890745,30.457035382104202,0.09220696726967607,0.13601454396032717,0.958648208187287,0.0,0.0,0.0,0.0,False,1743.5422411840718,3.0893640789018733,1440,2023-07-24,0.13588390297042305,0.22320432618530425,2.446
159,5,143,499.3256241327045,5139.478859612296,4882.504916631686,4919.051088639722,0.9925704833413017,36.54617200803596,0.10226833001884131,0.15913124476525994,0.986554948229317,0.0,0.0,0.0,0.0,False,1071.105169457113,2.004030333741166,1440,2023-05-05,0.13520448345557096,0.31975504548895073,2.38
160,5,234,772.9208938753953,8866.584030663853,8423.254829130678,8470.073846197138,0.994472419259074,46.819017066461626,0.09176035980798704,0.15732912096518448,0.9544341352478979,0.0,0.0,0.0,0.0,False,1785.439301896312,3.201084907179088,1440,2023-07-24,0.13452846103829308,0.34818231692275275,2.411
161,5,233,1139.688563080523,8529.199377908808,8102.739409013354,8136.92821953371,0.9957983148433973,34.18881052035655,0.1406547225019667,0.18539362103540896,0.9701485217408453,0.0,0.0,0.0,0.0,False,1616.4042532885,2.2339847112187106,1440,2023-02-22,0.13385581873310162,0.37702235038170123,2.512
162,5,152,538.3835468087403,5238.838625719291,4976.896694433304,5027.427711955075,0.9899489320549334,50.53101752177094,0.1081765565700663,0.192861262361072,0.9729588593875278,0.0,0.0,0.0,0.0,False,1378.0614885718562,2.294201610169176,1440,2023-03-27,0.1331865396394361,0.33908279594259566,2.592
163,5,134,468.60765112281234,4805.59324860649,4565.313586176173,4589.8320879929925,0.9946580830525457,24.51850181681837,0.1026452273819179,0.17767091042206384,0.989706761776868,0.0,0.0,0.0,0.0,False,1274.9586419549196,1.8462652343900412,1440,2023-04-25,0.13252060694123893,0.2926592783567989,2.539
164,5,270,1328.7587642245546,9654.176132506043,9171.467325880747,9220.551617294808,0.9946766426292767,49.08429141406229,0.1448796268918673,0.14525401819982486,0.9510006046967557,0.0,2.0833333333333335,31.824506405671137,0.0,False,2261.7939745089234,3.0460210328418698,1513,2023-02-12,0.13185800390653274,0.2900556930328763,2.553
165,5,169,488.7065775513165,5852.287831276643,5559.673439712783,5574.38114225692,0.9973615541943044,14.707702544136202,0.08790202929195128,0.12310554862768792,0.9760397817210349,0.0,0.0,0.0,0.0,False,1513.9287416105703,2.1368699102166318,1440,2023-12-07,0.13119871388700008,0.3620272867526727,2.407
166,5,272,724.51648440174,9539.00185685621,9062.051764013442,9129.910058953721,0.9925674738850543,67.85829494027946,0.07995060095318444,0.17705799393721636,0.9655473000948074,0.0,0.0,0.0,0.0,False,2035.4753894554601,2.5633000741467447,1440,2023-03-21,0.13054272031756506,0.4721759173558267,2.509
167,5,238,389.1479571856436,8821.463212993289,8380.390052343564,8407.039762865948,0.9968300720260541,26.649710522382772,0.046435542350062683,0.14538321688882735,0.9743685714484405,0.0,0.0,0.0,0.0,False,1613.5573549738397,2.478951930964339,1440,2023-10-02,0.12989000671597725,0.4427465424605266,2.462
168,5,140,518.2109991580041,4701.1735354467,4466.114858674379,4501.441717965661,0.9921521011478858,35.326859291280726,0.11603172232606176,0.2098393154995298,0.9785048080333851,0.0,0.0,0.0,0.0,False,835.5469216694008,2.3907272558277395,1440,2023-09-26,0.12924055668239737,0.49161839120630085,2.469
169,5,122,515.5790289756721,4390.696395219576,4171.161575458592,4189.857651996453,0.9955377776309531,18.696076537860353,0.12360562391280362,0.15898648978974217,0.9933566621114615,0.0,0.0,0.0,0.0,False,1005.3371753720087,1.5202731933836398,1440,2023-03-07,0.12859435389898535,0.38842048748439845,2.457
170,5,142,539.2822040069974,5296.100385585654,5031.295366306406,5085.998604660454,0.9892443465666858,54.703238354047286,0.10718555853795904,0.1837361234508832,0.9933620214772381,0.0,0.0,0.0,0.0,False,1079.6542930205792,1.6802223585107667,1440,2023-03-11,0.12795138212949045,0.4197890565789222,2.511
171,5,271,651.818541195569,9726.974980399698,9240.626231379716,9260.362807054884,0.997868703841697,19.736575675168798,0.0705383515006911,0.1443843619488053,0.956055872345539,0.0,0.0,0.0,0.0,False,2181.3428293528646,2.729568143233532,1440,2023-11-19,0.12731162521884298,0.39124791162748673,2.533
172,5,206,940.5719607748891,7184.9406250894845,6825.693593835023,6911.690786250101,0.987557719945146,85.99719241507813,0.1377987376439539,0.23415169273569544,0.9803552335955985,0.0,0.0,0.0,0.0,False,1620.644958983576,2.028795751398002,1440,2023-04-04,0.12667506709274878,0.4577696528734695,2.517
173,5,133,379.88529241172716,4902.418772223834,4657.2978336126125,4708.214112613161,0.989185649211631,50.91627900054847,0.08156774721814485,0.2077952264579998,0.99408950955477,0.0,0.0,0.0,0.0,False,830.2337530248553,1.5847528587456976,1440,2023-01-13,0.12604169175728502,0.3117913335023126,2.502
174,5,161,674.212180428198,5775.981032813058,5487.181981172374,5565.777840921129,0.9858787285452006,78.59585974875401,0.12287038825057302,0.26391929145088283,0.9969548633823103,0.0,0.0,0.0,0.0,False,1144.675935300222,1.5795634143019897,1440,2023-03-20,0.1254114832984986,0.25260314249341753,2.518
175,5,214,799.4037987227404,7933.960587106689,7537.262557751311,7581.849673949204,0.9941192297242332,44.58711619789301,0.10606022977143532,0.16363491269201208,0.9564641016322605,0.0,0.0,0.0,0.0,False,1882.1547729724966,2.749565328523401,1440,2023-05-10,0.12478442588200611,0.07858368212941466,2.524
176,5,267,287.02975935259803,9111.418143864083,8655.84723667086,8719.027844460135,0.9927537095974043,63.18060778927611,0.033160215459508625,0.17649828954262395,0.9656720055662535,0.0,0.0,0.0,0.0,False,1617.3260893843574,2.4348056209943776,1440,2023-05-20,0.12416050375259607,0.1618120014731274,2.649
177,5,218,587.5966704942196,7575.691791295656,7196.90720173086,7263.226062999407,0.9908692279858408,66.31886126854644,0.08164572003275271,0.22611021270833365,0.9831004023843037,0.0,0.0,0.0,0.0,False,1521.0121112741722,1.9342481862185543,1440,2023-03-21,0.12353970123383311,0.2012703133996203,2.555
178,5,233,749.616540807479,8430.97347399435,8009.424800294637,8113.881141041004,0.9871262175362645,104.45634074636789,0.09359180708955572,0.2293062442841497,0.975495890276095,0.0,0.0,0.0,0.0,False,1472.9501362633216,2.514657824180576,1440,2023-05-06,0.12292200272766393,0.12238522134083657,2.602
179,5,161,621.8517803351491,5886.113682127694,5591.807998021281,5680.868788994206,0.9843226812163896,89.06079097292533,0.11120764170643875,0.2462128154541167,0.9982616833723165,0.0,0.0,0.0,0.0,False,879.1024261965321,1.4854243922834125,1440,2023-04-26,0.1223073927140256,0.050780566012806824,2.465
180,5,268,1150.739798360316,10638.176087222266,10106.267282861163,10173.949706129857,0.9933474780961503,67.68242326869601,0.11386397827730245,0.21914984684227307,0.9620588244584006,0.0,0.0,0.0,0.0,False,1776.178770056183,2.9730563483499277,1440,2023-05-14,0.12169585575045548,-0.046008255596250214,2.737
181,5,293,1010.9097059872286,10845.20625191771,10302.945939321833,10359.978204802574,0.9944949434879793,57.032265480742254,0.09811851017571867,0.19528085806977008,0.9510008935500593,0.0,11.319444444444445,973.6748323881437,0.0,False,2305.014053333769,4.061990832807151,1672,2023-06-27,0.1210873764717032,-0.06485827427955351,2.631
182,5,194,764.6264848344555,6505.142306081188,6179.885190777125,6249.109489181593,0.9889225339187434,69.22429840446826,0.12372826698715791,0.21889716964849815,0.9803952210844722,0.0,0.0,0.0,0.0,False,1583.2560046364792,2.2910572065897226,1440,2023-04-03,0.12048193958934468,-0.027190556830178098,2.575
183,5,181,512.0821787471225,6233.428914165853,5921.757468457567,5997.799564564239,0.9873216676736017,76.04209610667279,0.08647469631688648,0.22683612968100192,0.9828953492204673,0.0,0.0,0.0,0.0,False,1100.5168539047636,1.7915236051898134,1440,2023-11-14,0.11987952989139797,-0.04995712682630442,2.68
184,5,280,956.7812414242645,9768.18896563115,9279.779517349552,9375.567236824965,0.9897832614223936,95.78771947541352,0.10310387651295577,0.1954762262529144,0.9510986606431165,0.0,5.208333333333333,466.157988829048,0.0,False,2126.95309132452,3.9609868293530988,1515,2023-08-10,0.11928013224194098,-0.08697790137876388,2.55
185,5,211,833.2799897808907,7392.3884019383095,7022.768981841393,7090.891119353293,0.9903930075409036,68.12213751189982,0.11865405112078768,0.23153840783370755,0.9725900672275882,0.0,0.0,0.0,0.0,False,1379.426007457676,2.276230235482453,1440,2023-02-10,0.11868373158073126,-0.047376544791584575,2.697
186,5,246,103.30148914780553,8599.162430773516,8169.204309234845,8224.10021391086,0.9933249956532436,54.89590467601465,0.01264523266127997,0.16752366441494476,0.9799177228917084,0.0,0.0,0.0,0.0,False,1449.6375378865846,1.99266324386734,1440,2023-12-30,0.11809031292282761,-0.09660917939127145,2.681
187,5,276,987.2473299149134,9322.823560580706,8856.68238255167,8985.816532838446,0.9856291134128036,129.134150286775,0.1114692033960555,0.24904887663566933,0.9729444531006884,0.0,0.0,0.0,0.0,False,1656.1966127915407,2.24520248446917,1440,2023-03-17,0.11749986135821347,0.006460965229509917,2.63
188,5,193,868.4070860536102,6703.895044032927,6368.70029183123,6416.628098993568,0.992530686456668,47.92780716233669,0.13635546442144036,0.18309428418994578,0.9835492679390268,0.0,0.0,0.0,0.0,False,1448.4750119124865,1.8435415732636329,1440,2023-01-21,0.11691236205142241,-0.0928908297912425,2.588
189,5,238,205.0694375430506,8327.04238296497,7910.690263816744,8000.257475662723,0.988804458841675,89.56721184597843,0.02592307759552058,0.24208104923673876,0.976029437310369,0.0,0.0,0.0,0.0,False,1509.6162055717273,2.121329466798979,1440,2023-12-20,0.11632780024116529,-0.026426876636749898,2.499
190,5,223,764.4296956387988,8677.045593042003,8243.193313389875,8286.165847802298,0.9948139422741796,42.972534412424835,0.09273465592479717,0.16915419720869498,0.9510002199098455,0.0,0.20833333333333334,0.413555704148042,0.0,False,1937.9565304529137,3.3491299510766037,1446,2023-06-11,0.11574616123995946,-0.10513064967793732,2.513
191,5,189,451.84706217039866,6214.713885851023,5903.978191558494,5927.1509778795935,0.996090400530106,23.17278632110029,0.07653264417819995,0.1857003089951071,0.9510103946581314,0.0,4.166666666666667,146.57462787957166,0.0,False,1558.9556972824607,3.5902663612849315,1590,2023-07-23,0.11516743043375967,-0.006112303509625709,2.657
192,5,170,368.51569093367885,6367.753464706052,6049.365791470731,6074.289233645592,0.9958968957163236,24.923442174861353,0.06091807036256023,0.187650884819997,0.9773342545092865,0.0,0.0,0.0,0.0,False,1396.8903505677517,1.8622178354313015,1440,2023-12-18,0.11459159328159088,0.037415912045161606,2.589
193,5,137,426.3629429641747,5085.365516761149,4831.097240923097,4840.316416941343,0.9980953360846455,9.219176018245628,0.08825385242767496,0.1440801708664666,0.9563520410917056,0.0,0.0,0.0,0.0,False,1299.8521409984805,3.0968300004903404,1440,2023-07-27,0.11401863531518291,0.06856467343323379,2.543
194,5,145,610.572871697471,5429.205321611101,5157.745055530553,5178.598450694048,0.995973158497991,20.853395163494554,0.1183798084480281,0.14314437015025241,0.9890792666475587,0.0,0.0,0.0,0.0,False,1017.1302249924036,1.6333495017413955,1440,2023-03-04,0.113448542138607,0.1921352446981351,2.408
195,5,293,987.6409442373373,10001.630011400515,9501.548510830431,9574.545353122268,0.992375946888378,72.99684229183906,0.10394526146044146,0.19780758306570537,0.951000801231127,0.0,4.236111111111111,168.56254610999684,0.0,False,1882.2136905815028,3.645482388975502,1534,2023-09-01,0.11288129942791396,0.29589324477821477,2.557
196,5,295,1218.1078674957337,10902.576081945854,10357.447277848541,10398.379353007902,0.9960636101290611,40.93207515936107,0.11760695804852411,0.16615321283626222,0.9510001300986535,0.0,2.9166666666666665,124.97247025897406,0.0,False,2096.137727774507,3.2708336251689745,1492,2023-10-11,0.11231689293077439,0.2587501972749967,2.529
197,5,226,713.4819646089068,8405.687325941517,7985.40295964443,8015.19591368098,0.9962829412584042,29.79295403654904,0.08934827311966688,0.15907115875059274,0.9510007890012351,0.0,3.125,57.19037143875723,0.0,False,1925.0193841922087,3.2415814559954037,1557,2023-08-03,0.11175530846612053,0.3003677131353841,2.578
198,5,126,365.7147464638006,4739.418734569136,4502.447797840651,4513.001195420415,0.9976615566620118,10.553397579764729,0.08122576049392408,0.1603432172703837,0.9964917167785827,0.0,0.0,0.0,0.0,False,1055.4060999704366,1.5775257916532448,1440,2023-02-17,0.1111965319237899,0.35128868687463716,2.471
199,5,225,530.5772760952192,8058.020295678105,7655.119280894209,7698.649795557361,0.9943456949180527,43.53051466315279,0.06931012524121524,0.1642149057544677,0.9704707155620711,0.0,0.0,0.0,0.0,False,1847.0636523227136,2.2832501494079254,1440,2023-12-26,0.11064054926417097,0.39120977625898035,2.526
200,5,181,596.6356870162894,6433.1712764292,6111.512712607677,6123.532551073336,0.9980371071166181,12.019838465659625,0.09762487866309538,0.1711293897012022,0.951009728444651,0.0,0.4166666666666667,2.6914430920589645,0.0,False,1714.9913839374062,3.2310041704481836,1452,2023-09-21,0.11008734651785011,0.4164181878137467,2.418
201,5,228,212.63838698917078,8131.212372307538,7724.651753692142,7758.883928944265,0.9955880026604831,34.232175252123156,0.027527245728266817,0.19321881815484712,0.9747355157568269,0.0,0.0,0.0,0.0,False,1724.9870731686844,2.1289482457206703,1440,2023-11-02,0.10953690978526086,0.4228165828896838,2.452
202,5,221,828.8495915157039,7916.420773404196,7520.599734733993,7541.646957886963,0.9972092006864682,21.047223152970368,0.11021057106491797,0.13926920709315274,0.9510022496471038,0.0,1.0416666666666667,18.018438348451102,0.0,False,2116.2193175554276,3.061354160888059,1480,2023-01-16,0.10898922523633456,0.3796776154446723,2.414
203,5,146,504.250362991685,5752.316703095066,5464.700867940324,5522.780346475982,0.9894836522743988,58.07947853565838,0.09227410157982531,0.23888438683616312,0.9587703209010789,0.0,0.0,0.0,0.0,False,732.932452290038,3.246035774605244,1440,2023-06-24,0.10844427911015289,0.46689212546973313,2.492
204,5,250,949.5528038443138,9051.459526255952,8598.886549943161,8639.82172974457,0.9952620342083588,40.93517980140675,0.11042741386680933,0.16535182727658512,0.9554301465772382,0.0,0.0,0.0,0.0,False,1989.2456301307122,3.2011774665779975,1440,2023-07-10,0.10790205771460211,0.31556611871335083,2.565
205,5,221,788.297220189769,7955.815815265384,7558.025024502131,7600.763204310337,0.9943771199471166,42.73817980820612,0.10429936625430747,0.184976168762522,0.951001452616509,0.0,3.125,74.92257208859411,0.0,False,1840.6760898592547,3.549235694065601,1541,2023-06-22,0.10736254742602912,0.35800935297548725,2.536
206,5,297,1074.1725096656885,11225.070675502471,10663.817141727304,10711.492147951663,0.9955491722753608,47.67500622435924,0.10073058224737115,0.1737869179852493,0.9632419043751734,0.0,0.0,0.0,0.0,False,2016.0887310487906,2.4393603696822734,1440,2023-11-17,0.10682573468889896,0.3495415806780092,2.557
207,5,221,-9.548940334000635,7965.36218230898,7567.094073193533,7637.24540768292,0.9908145763629888,70.15133448938492,-0.0012619032143168143,0.2061131294927566,0.9595922512801887,0.0,0.0,0.0,0.0,False,1245.7214831851006,3.287216209100467,1440,2023-07-01,0.10629160601545447,0.3686943686507642,2.619
208,5,233,838.8083610431628,8635.462831705008,8203.68969011976,8261.654502279944,0.9929838736122181,57.96481216018374,0.10224769496747232,0.19804253843997816,0.9510032907965243,0.0,1.4583333333333333,18.1009307715839,0.0,False,1708.8973390351243,3.4148505674644403,1489,2023-08-30,0.1057601479853772,0.3125932772378144,2.717
209,5,225,89.70866129564847,7601.306180576067,7221.240871547257,7255.38284040162,0.9952942567462817,34.141968854364094,0.01242288726984772,0.15999726220231847,0.972996079980057,0.0,0.0,0.0,0.0,False,1942.1508897417839,2.384569054177122,1440,2023-04-10,0.10523134724545032,0.2855655775015681,2.65
210,5,178,636.6674254375315,6554.893642710486,6227.148960574972,6278.898063559473,0.9917582508171563,51.74910298450025,0.10224059669495139,0.207712684293207,0.960420873731351,0.0,0.0,0.0,0.0,False,1301.4822937924537,3.2023808564432765,1440,2023-07-06,0.10470519050922306,0.34964316232530657,2.618
211,5,153,506.41893891137244,5632.565650518711,5350.937367992787,5372.288808015077,0.9960256343645495,21.351440022291236,0.09464116361005688,0.17009543805736246,0.980236209680841,0.0,0.0,0.0,0.0,False,1495.550458073616,2.1552551730589222,1440,2023-11-15,0.10418166455667695,0.29554566736968213,2.505
212,5,200,586.5139618992542,7152.214045280007,6794.603343016004,6837.270705170212,0.9937595915104044,42.66736215420875,0.08632055946313874,0.1764377002171487,0.9694975282839413,0.0,0.0,0.0,0.0,False,1659.6171331909186,2.445041484372167,1440,2023-09-30,0.10366075623389356,0.33652084122117243,2.471
213,5,248,686.5974453149648,8875.981294671496,8432.182229937887,8522.708023844432,0.9893782828587726,90.52579390654412,0.08142583101172167,0.2273076921347306,0.954256973675134,0.0,0.0,0.0,0.0,False,1718.9908704749087,3.1265423491407445,1440,2023-05-31,0.10314245245272409,0.3565261185399776,2.612
214,5,144,502.7127294539604,5430.5627028514655,5159.034567708917,5200.792972923355,0.9919707618757674,41.75840521443767,0.0974431791173694,0.22114463336412002,0.9950376777880788,0.0,0.0,0.0,0.0,False,1087.5594927971665,1.4907958010198978,1440,2023-04-22,0.10262674019046046,0.259250973569605,2.519
215,5,132,318.63313629557797,4691.422482025796,4456.851357924521,4488.621083514247,0.9929221636224964,31.76972558972611,0.07149287932365775,0.2137536449744106,0.9982091631273946,0.0,0.0,0.0,0.0,False,899.2931038345519,1.2886659033286996,1440,2023-10-17,0.10211360648950817,0.19393235522044416,2.505
216,5,284,1486.0183603640432,9961.992095911677,9463.892491116103,9478.822738849893,0.998424883749266,14.930247733789379,0.15701978459275512,0.13615861512124391,0.9510002371953877,0.0,3.4027777777777777,28.47198206823145,0.0,False,2497.0820476626336,3.040601792897429,1541,2023-01-24,0.10160303845706062,0.1572499527497557,2.499
217,5,178,578.8083245412265,6066.180442856675,5762.871420713829,5782.635258150651,0.9965822092256356,19.76383743682154,0.10043748719792386,0.18646277063414524,0.9581668358745786,0.0,0.0,0.0,0.0,False,1647.0878701348136,3.095386682068506,1440,2023-09-21,0.10109502326477533,0.3018051656941094,2.49
218,5,250,830.0269277828852,8665.394862516161,8232.125119390339,8254.069959393202,0.9973413309905509,21.944840002862165,0.10082778331779728,0.15433675891994283,0.9510436141938095,0.0,1.3194444444444444,45.34616727013476,0.0,False,2192.4296519756317,3.7601360205274785,1463,2023-09-15,0.10058954814845145,0.3074570553895023,2.534
219,5,139,490.0892258594077,4706.486227366919,4471.161915998546,4499.511122189557,0.9936994919178651,28.349206191010627,0.10961115590687705,0.19242273880190242,0.9889865142089918,0.0,0.0,0.0,0.0,False,1066.9202354464733,1.6102226178627297,1440,2023-11-25,0.10008660040770918,0.3849389549710647,2.43
220,5,124,160.5672840211402,4450.830668455614,4228.289135032825,4253.244090469963,0.9941327243613753,24.954955437138462,0.037974527969429815,0.1867177811896616,0.9882902104811186,0.0,0.0,0.0,0.0,False,1039.1536011695862,1.5099225901228852,1440,2023-03-12,0.09958616740567064,0.36351418195590846,2.517
221,5,255,401.9459859133269,8521.41149121241,8095.34091665177,8120.79856734925,0.9968651296437969,25.45765069747835,0.049651520553821424,0.1491533738836227,0.9673650860494203,0.0,0.0,0.0,0.0,False,1943.2335697874073,2.458647958063071,1440,2023-03-23,0.09908823656864228,0.35958938123123013,2.516
222,5,146,432.3274012627253,5296.077698441692,5031.273813519565,5069.812130542145,0.992398472363421,38.53831702257942,0.08592802087237149,0.19887612695328788,0.9805178567456527,0.0,0.0,0.0,0.0,False,1210.9256261472644,2.3313428644111354,1440,2023-09-30,0.09859279538579907,0.44163356803059195,2.502
223,5,210,191.98842175929525,7271.96290782941,6908.364762437947,6939.840234016129,0.9954645250442651,31.475471578181303,0.02779071869556913,0.17566138516175372,0.9656937345928295,0.0,0.0,0.0,0.0,False,1873.2741176590564,2.2947518835195786,1440,2023-10-21,0.09809983140887008,0.3979350543691536,2.569
224,5,288,1032.9587305045616,10255.106427572084,9742.351106193435,9773.884227899563,0.9967737369329466,31.533121706128963,0.10602766408694572,0.1890134821109873,0.9510023410755903,0.0,7.291666666666667,403.7994647259631,0.0,False,2149.655655164991,3.7484275276554957,1615,2023-08-16,0.09760933225182573,0.4152656061232904,2.63
225,5,204,61.30887616826769,6906.908215670563,6561.562804887008,6624.539832759959,0.9904933732058618,62.977027872951815,0.009343639311446543,0.1872542158106935,0.964805218394263,0.0,0.0,0.0,0.0,False,1934.7468620726936,2.4119446860881757,1440,2023-12-21,0.0971212855905666,0.4003047601327365,2.549
226,5,285,939.0675210285701,10001.353727048776,9501.286040696343,9536.051875239527,0.996354273760459,34.76583454318474,0.09883583306578848,0.18549295676229893,0.959059444902564,0.0,0.0,0.0,0.0,False,2219.7092183397626,2.831174021174459,1440,2023-04-19,0.09663567916261376,0.3928437584104052,2.565
227,5,133,546.3662042142904,4662.937694991057,4429.790810241511,4463.9857249156275,0.9923398243674351,34.19491467411596,0.12333905315598924,0.20581375288901055,0.9831304640545152,0.0,0.0,0.0,0.0,False,1145.5996078637882,1.8473635536280706,1440,2023-04-06,0.0961525007668007,0.3914750791008932,2.567
228,5,144,485.8366712153887,5245.345658023797,4983.078375122612,4992.013693959949,0.9982100772583721,8.93531883733662,0.09749729677961054,0.12960506868589605,0.9871627450401906,0.0,0.0,0.0,0.0,False,1179.1152274904653,1.8129634399472618,1440,2023-09-29,0.09567173826296668,0.3453836965300675,2.499
229,5,200,606.0364688755958,6994.336204179499,6644.619393970518,6675.272441925038,0.9954079705028968,30.653047954519945,0.09120710050383433,0.16347648852869484,0.951000756809982,0.0,3.125,97.66910002765302,0.0,False,1798.9484601977533,3.5655853530998276,1578,2023-07-19,0.09519337957165185,0.4796894422859641,2.541
230,5,195,489.8419786440399,7475.466256771898,7101.692943933262,7128.602053078765,0.9962251912864345,26.909109145502484,0.06897538129446944,0.17898879103711482,0.9722585120471638,0.0,0.0,0.0,0.0,False,1845.0481490642942,2.409951941820897,1440,2023-03-31,0.09471741267379359,0.5144430908100892,2.473
231,5,160,547.1673277900642,5686.335192689923,5402.0184330554275,5424.743058812529,0.995810930488185,22.72462575710158,0.10128942256877523,0.1779197549116274,0.9749234955648454,0.0,0.0,0.0,0.0,False,1314.239130009564,2.5783390997768514,1440,2023-10-01,0.09424382561042462,0.5091695045590097,2.5
232,5,170,279.54320303407695,5677.897376406458,5394.002507586107,5414.707091409946,0.9961762319781461,20.704583823839414,0.05182481888744552,0.1689115051947984,0.9710434323791041,0.0,0.0,0.0,0.0,False,1322.3962215024949,2.521886056902987,1440,2023-10-03,0.0937726064823725,0.508406527288637,2.563
233,5,174,670.6202466516437,6261.560686243368,5948.482651931218,5988.237166418145,0.9933612324658969,39.75451448692527,0.11273803520867998,0.23799089372449037,0.9517134106426668,0.0,0.0,0.0,0.0,False,1537.157475100995,3.5936339362073673,1440,2023-08-24,0.09330374344996065,0.5291687195896229,2.581
234,5,252,255.23166846804293,9050.496608573181,8597.971778144525,8679.97108915208,0.9905530433033314,81.99931100755663,0.02968510191168863,0.227027916349984,0.9872250925425053,0.0,0.0,0.0,0.0,False,1310.2550891202307,1.8569886701228502,1440,2023-11-03,0.09283722473271083,0.3919042739788645,2.459
235,5,191,86.81720419314138,6829.904720697168,6488.409484662314,6517.170767177932,0.9955868453439233,28.76128251561716,0.013380352210871558,0.19384486902924455,0.9518105413959085,0.0,0.0,0.0,0.0,False,1697.6494155279988,3.1136437865731166,1440,2023-09-19,0.09237303860904728,0.3048598718966727,2.443
236,5,248,827.2145110234641,8585.687141209797,8156.402784149332,8235.979456122193,0.9903379224782174,79.57667197286133,0.10141903642020028,0.22806931760606947,0.9756600160805887,0.0,0.0,0.0,0.0,False,1511.078686952591,2.2957962342679044,1440,2023-09-09,0.09191117341600205,0.30853481088508383,2.496
237,5,247,505.16660390865485,9104.477713144133,8649.25382748688,8676.554320430489,0.9968535328731447,27.30049294360857,0.058405801700865984,0.16746806151016275,0.9576063392904915,0.0,0.0,0.0,0.0,False,1530.8726776223575,3.372130625252099,1440,2023-08-07,0.09145161754892205,0.2347775093264944,2.476
238,5,163,826.4564928189201,6061.263492090791,5758.200317486242,5796.705472903166,0.993357406962124,38.50515541692505,0.1435268742404071,0.18919971560038049,0.9877779220474429,0.0,0.0,0.0,0.0,False,1274.9533804227153,1.742650778415456,1440,2023-02-14,0.09099435946117741,0.31072102841510957,2.413
239,5,262,1123.9112970436456,9497.75643552077,9022.868613744738,9061.71497778732,0.9957131333155143,38.846364042582124,0.12456252497476981,0.16792771914711616,0.9627019385734638,0.0,0.0,0.0,0.0,False,1960.4408584849252,2.5492560956685213,1440,2023-03-07,0.09053938766387153,0.32420621890750356,2.476
240,5,158,499.316636519642,5299.924576883719,5034.928348039532,5068.423046960614,0.9933914950250319,33.494698921082446,0.09917055457483576,0.17008873470402774,0.9869439437423052,0.0,0.0,0.0,0.0,False,1206.0531015574236,1.9401160796728436,1440,2023-05-05,0.09008669072555218,0.38339637754124456,2.427
241,5,184,487.04535115886637,6376.9270254149305,6058.080674144148,6081.9599033598315,0.9960737608279049,23.87922921568275,0.08039598304419632,0.1823046495622073,0.9797473770763743,0.0,0.0,0.0,0.0,False,1534.386797338273,2.166819953663334,1440,2023-09-27,0.08963625727192442,0.4274898334878305,2.402
242,5,142,63.10338894797855,4787.756717331569,4548.368881464989,4567.489275099098,0.9958138065614407,19.120393634109774,0.013873850295021261,0.1867735536043976,0.9908005449909201,0.0,0.0,0.0,0.0,False,1047.2882746417545,1.4751280991328737,1440,2023-03-13,0.08918807598556479,0.4367743530789938,2.422
243,5,241,773.2745876587265,9241.09299947813,8779.038349504188,8828.077372611115,0.994445107237158,49.039023106925455,0.08808192388206149,0.19181257073499003,0.9510028359970915,0.0,2.1527777777777777,68.9733620902088,0.0,False,2051.9162226828644,3.533997583957307,1521,2023-08-03,0.08874213560563697,0.4350317021788859,2.515
244,5,282,967.3225129036483,9914.224405641064,9418.51318535901,9480.239319114782,0.9934889688247305,61.726133755772274,0.10270437529432375,0.19153561472973216,0.9668391748721124,0.0,0.0,0.0,0.0,False,1671.5194656554468,2.4663380227403198,1440,2023-09-09,0.08829842492760878,0.42296111523474683,2.547
245,5,212,839.2318041715852,7424.295235533725,7053.080473757005,7126.7976416555175,0.9896563405325778,73.71716789851311,0.11898798082542601,0.23448264163949117,0.9709741680181244,0.0,0.0,0.0,0.0,False,1395.7332610149017,2.459624921226229,1440,2023-06-19,0.08785693280297073,0.41433716815451616,2.51
246,5,246,777.3911551678824,8428.011907306562,8006.611311941221,8097.805844669508,0.9887383651229035,91.1945327282876,0.09709365484102689,0.22952367807567778,0.9675820682007604,0.0,0.0,0.0,0.0,False,1947.9656591556272,2.364591932931279,1440,2023-11-17,0.08741764813895588,0.3112304192068873,2.455
247,5,241,909.5868702837904,8361.817429389774,7943.726557920272,8021.170364990259,0.990345073904925,77.44380706998626,0.11450379914913979,0.21566752404397813,0.9525245323946542,0.0,1.0416666666666667,84.26373575027536,0.0,False,1861.9088100845324,3.811807899191721,1455,2023-09-26,0.08698055989826112,0.23817855598538978,2.563
248,5,173,392.9163172526795,6085.653080889848,5781.370426845357,5847.570415306706,0.9886790609159553,66.19998846134945,0.06796248782610474,0.2173990305049181,0.9607115247161856,0.0,0.0,0.0,0.0,False,975.2867560982704,3.15975123678328,1440,2023-06-10,0.08654565709876981,0.20943722807573212,2.571
249,5,179,475.282796653947,6300.89796438763,5985.853066168254,6035.799067222311,0.9917250391376858,49.94600105405694,0.07940101292165387,0.21632442350527523,0.9579658568486724,0.0,0.0,0.0,0.0,False,1003.2101804572831,3.2740813838175202,1440,2023-05-26,0.08611292881327597,0.1817649000086921,2.573
250,5,181,568.8835337877968,6231.5352421664775,5919.958480058174,5995.898953718863,0.9873345974895745,75.94047366068918,0.09609586548691579,0.2376215815608046,0.961237234991966,0.0,0.0,0.0,0.0,False,1484.0944079443043,2.925191196290286,1440,2023-09-05,0.08568236416920957,0.16117495177901064,2.555
251,5,282,883.8861997360724,10099.51328966327,9594.537625180074,9703.273273544912,0.9887939208451135,108.73564836483833,0.09212389739515804,0.24530468445482378,0.9651636718719772,0.0,0.0,0.0,0.0,False,1910.0310496148984,2.789109890617347,1440,2023-07-07,0.08525395234836353,0.09596816639506064,2.515
252,5,223,741.0736572330391,7642.943825709314,7260.796634423827,7287.72758494335,0.9963046161913127,26.930950519523744,0.10206506180321441,0.18099660454407857,0.967998964540594,0.0,0.0,0.0,0.0,False,1970.4224645353552,2.417495798303584,1440,2023-10-24,0.0848276825866217,0.024634677498317242,2.544
253,5,239,613.6556410448626,8248.568123741246,7836.1397175541915,7911.762414690204,0.9904417381144307,75.62269713601353,0.07831096217824919,0.21407397025062208,0.9575742551095,0.0,0.0,0.0,0.0,False,1885.2638175654704,2.9528977430754244,1440,2023-06-09,0.08440354417368859,0.10999583195735804,2.547
254,5,280,870.6241015939413,9445.765810434077,8973.477519912401,9116.34269726282,0.984328674108169,142.8651773504198,0.09702192930912254,0.260096088565549,0.9761722144777191,0.0,0.0,0.0,0.0,False,1284.5123826413378,2.534069896490705,1440,2023-05-12,0.08398152645282016,0.10481085245766389,2.537
255,5,154,362.59496457530713,5736.032742594523,5449.23110546483,5500.385922652986,0.9906997767233972,51.15481718815644,0.06654057380896806,0.20294302150352656,0.9845744705401916,0.0,0.0,0.0,0.0,False,1257.336113618774,1.7371879303757376,1440,2023-10-17,0.08356161882055606,-0.0035905958632080903,2.452
256,5,228,1024.2862498866461,8029.049676467415,7627.5971926440625,7709.119625822278,0.9894251954652319,81.52243317821566,0.13428688275181233,0.235993693906757,0.9790483616943061,0.0,0.0,0.0,0.0,False,1634.0288547329505,2.1419100521391785,1440,2023-03-02,0.08314381072645327,0.03527784194136735,2.512
257,5,224,684.0978150320268,8125.564053441639,7719.285850769556,7808.567407613142,0.9885662052738972,89.28155684358478,0.088621904701693,0.2427226058199764,0.9897059448836847,0.0,0.0,0.0,0.0,False,994.3903081705778,1.8911099627798,1440,2023-04-29,0.082728091672821,-0.008138571797417143,2.468
258,5,286,1510.1879325605312,10705.701504208912,10170.416428998466,10249.299718374843,0.9923035435060059,78.8832893763794,0.14848830852732814,0.21752273863274305,0.9632547392934657,0.0,0.0,0.0,0.0,False,2034.7342459952324,2.6172997561652807,1440,2023-02-03,0.0823144512144569,-0.05981143928852625,2.504
259,5,255,979.7796128310151,9183.398289220919,8724.228374759881,8794.535628003192,0.9920055752552254,70.30725324331019,0.11230558976030723,0.19776085513708924,0.9582929717040517,0.0,0.0,0.0,0.0,False,1997.7427981489718,2.6594999524828564,1440,2023-03-17,0.0819028789583846,-0.04658616240113728,2.551
260,5,243,20.477536614049683,8341.254826197948,7924.19208488804,7950.506942163071,0.9966901661156375,26.314857275031574,0.002584179736518718,0.19392051860286852,0.954218082480557,0.0,0.0,0.0,0.0,False,2308.135981211987,3.0717638999084693,1440,2023-10-28,0.0814933645635927,0.007582160042357788,2.465
261,5,261,876.7523584626776,8886.052504870404,8441.749879626861,8515.926009966304,0.991289716438044,74.17613033944343,0.10385907791210601,0.21981110979082935,0.9510025262159723,0.0,3.125,116.37684333654786,0.0,False,2197.8095897701837,3.5244151795468874,1527,2023-08-15,0.08108589774077472,0.05966953244229603,2.475
262,5,290,295.543947082174,10151.26245267645,9643.699330042611,9732.604389698161,0.9908652344125223,88.90505965555101,0.030646325333005597,0.1861906061459534,0.9712725122267908,0.0,0.0,0.0,0.0,False,1796.8681186448812,2.33111516522613,1440,2023-11-03,0.08068046825207086,0.043389574259191294,2.497
263,5,199,659.9136745390995,7128.765498646523,6772.327223714181,6805.912957400831,0.9950652125737035,33.58573368665043,0.09744267409707054,0.2200889956772643,0.9630212922320947,0.0,0.0,0.0,0.0,False,1764.8120867546847,2.3688058576463664,1440,2023-05-08,0.0802770659108105,0.10502118542413696,2.455
264,5,159,716.6834746363081,5467.544572391246,5194.167343771685,5227.23669701534,0.9936736453387435,33.069353243653154,0.13797851074160744,0.19618679556606353,0.9895891082259861,0.0,0.0,0.0,0.0,False,1283.5474998515606,1.7974957104349678,1440,2023-02-08,0.07987568058125645,0.07874556760334628,2.459
265,5,170,584.5934232463163,5851.089037872824,5558.534585979205,5607.925214768791,0.9911927090861495,49.39062878958548,0.10517042112518095,0.21338320754387374,0.9876987056692224,0.0,0.0,0.0,0.0,False,1175.4191405123956,1.675776290190155,1440,2023-12-06,0.07947630217835017,0.11050057381305228,2.491
266,5,278,967.6317030165457,9884.327766994857,9390.111378645131,9443.703903389229,0.9943250524060943,53.592524744097176,0.10304794735631369,0.18570882715484452,0.9510001509611079,0.0,2.013888888888889,100.68343571438808,0.0,False,1977.2793234019068,3.810824936237598,1490,2023-08-25,0.0790789206674584,0.0974033120524409,2.534
267,5,231,592.6923476484948,8619.76443505587,8188.776213303066,8272.565342784232,0.9898714454332777,83.78912948116671,0.07237862315563554,0.23674389251641687,0.9869089754966465,0.0,0.0,0.0,0.0,False,1394.0612450709314,1.8257433111944965,1440,2023-12-26,0.07868352606412113,0.1485236981420739,2.556
268,5,218,214.4474306001326,8120.469586037081,7714.446106735222,7736.909951882699,0.9970965352721973,22.463845147477556,0.027798163035050023,0.18309109629142162,0.962657718421281,0.0,0.0,0.0,0.0,False,1864.0142753344837,2.606569644424824,1440,2023-12-10,0.0782901084338005,0.07530566859250026,2.508
269,5,252,853.4200126560414,9103.271894948186,8648.108300200756,8707.961230520888,0.9931266425359875,59.8529303201327,0.0986828544499414,0.21337194156677838,0.951003073803706,0.0,4.166666666666667,145.69315581944699,0.0,False,2079.303829045355,3.3793566720264296,1560,2023-09-06,0.0778986578916315,0.1356128418332598,2.561
270,5,212,671.2504376089959,6953.030402010001,6605.3788819095025,6653.901559265332,0.9927076352236887,48.52267735582978,0.10162179181687589,0.207269084424187,0.9698091878220445,0.0,0.0,0.0,0.0,False,1544.2630418472845,2.7304131435657437,1440,2023-08-11,0.07750916460217336,0.11657212374174367,2.513
271,5,211,572.0975891871777,7464.382787379158,7091.163648010209,7142.400846778637,0.9928263339082212,51.23719876842766,0.08067753299526646,0.22136176353772483,0.9776098484671567,0.0,0.0,0.0,0.0,False,1544.180741186483,2.2371948509086774,1440,2023-12-12,0.07712161877916247,0.11440238076102241,2.538
272,5,167,589.4768407632894,5889.698617930277,5595.213687033736,5649.03311441409,0.9904728072414679,53.81942738035285,0.10535376729745534,0.2141580425270224,0.9569854079352124,0.0,0.0,0.0,0.0,False,1440.7734911248378,2.9133943556206336,1440,2023-08-16,0.07673601068526667,0.08059460414977598,2.569
273,5,153,588.2460910595745,5483.572514775116,5209.39388903639,5290.7123387124575,0.9846299620032154,81.31844967606763,0.11292025590493132,0.27483098867781697,0.991292552739423,0.0,0.0,0.0,0.0,False,1110.745993860784,1.6159613959951677,1440,2023-03-27,0.07635233063184034,0.06868866695797307,2.577
274,5,158,500.64440833477556,5411.239107994637,5140.677152594881,5208.400067788225,0.9869973668858154,67.72291519334408,0.0973888056911069,0.23801433917198628,0.9905088278649764,0.0,0.0,0.0,0.0,False,1032.5503246005453,1.4360503053984237,1440,2023-04-22,0.07597056897868114,-0.07805811376110819,2.557
275,5,231,720.953969144941,8452.182203656748,8029.573093473931,8052.255716411311,0.9971830722053262,22.682622937380266,0.08978733498682505,0.18236060548645544,0.969458638584362,0.0,0.0,0.0,0.0,False,1847.1774827537893,2.502732714885987,1440,2023-04-23,0.07559071613378773,-0.11635962638214498,2.554
276,5,235,701.0159679024198,8717.724151430832,8281.837943859273,8367.220551580887,0.9897955829901625,85.38260772161425,0.08464497526448238,0.23158302096056896,0.9744809317467062,0.0,0.0,0.0,0.0,False,1756.6313166282926,2.1807777691843886,1440,2023-11-07,0.07521276255311879,-0.023680652645129335,2.511
277,5,257,1165.891143220085,8916.809759482541,8470.96927150844,8536.362721803256,0.9923394245973416,65.39345029481728,0.13763373539100004,0.23298259616191783,0.977216716686813,0.0,0.0,0.0,0.0,False,1621.3670216306457,2.2292062474948313,1440,2023-03-05,0.0748366987403532,-0.05940593874659503,2.463
278,5,181,468.4783682425061,6414.546895422017,6093.819550650933,6165.792873910503,0.988326996262863,71.97332325956953,0.07687762401701967,0.23408118100617484,0.9818277587122201,0.0,0.0,0.0,0.0,False,1163.9964942661345,1.7566163422566334,1440,2023-01-08,0.07446251524665143,-0.092714362878831,2.456
279,5,285,1226.7176704105486,9356.299052619801,8888.484099988815,8959.801143040808,0.9920403319322119,71.31704305199635,0.1380120228163644,0.21838722874829403,0.9730289790995879,0.0,0.0,0.0,0.0,False,1798.3709794951417,2.3236237023807957,1440,2023-02-08,0.07409020267041817,-0.12348204789229392,2.575
280,5,214,671.7572456933796,7753.198214855023,7365.538304112259,7415.737646848835,0.993230701364158,50.19934273657565,0.09120273603333653,0.2156756762863159,0.9701331339074278,0.0,0.0,0.0,0.0,False,1628.964576422457,2.2774751664468935,1440,2023-12-07,0.07371975165706608,-0.1144888623731412,2.418
281,5,299,1011.1680222126209,10411.442873812002,9890.870730121407,9992.699028349065,0.9898097302902076,101.82829822765899,0.10223245756647445,0.20781076534881154,0.9606500500145113,0.0,0.0,0.0,0.0,False,2222.629615180953,2.8653760009338614,1440,2023-09-22,0.07335115289878076,-0.10211268235578291,2.516
282,5,244,1058.2414218734357,8287.28769126975,7872.923306706221,7924.316919369941,0.9935144425460705,51.39361266371989,0.13441530936444115,0.2099251192564765,0.9623594556340496,0.0,0.0,0.0,0.0,False,1904.1684341746034,2.649157694349059,1440,2023-02-28,0.07298439713428685,-0.07529947254682728,2.521
283,5,186,796.9972308297068,6553.079679933572,6225.425695936911,6243.842723936172,0.9970503696499822,18.417027999260508,0.12802292883358568,0.19017886096458456,0.9748184359775194,0.0,0.0,0.0,0.0,False,1772.0356848239899,2.220096180855783,1440,2023-01-26,0.07261947514861541,-0.05899673925934949,2.456
284,5,138,251.61975148084213,4808.678100274044,4568.244195260324,4581.988009848887,0.9970004691066365,13.743814588562406,0.05508018852011116,0.18106336410839893,0.9970272850096814,0.0,0.0,0.0,0.0,False,974.3773760406508,1.5036351561018393,1440,2023-03-23,0.07225637777287233,-0.0020217274354342174,2.43
285,5,265,936.3394665610621,9760.43980496771,9272.417814719323,9319.437197076664,0.9949546972244108,47.01938235734073,0.10098115564580015,0.1907651467879964,0.9601806269654033,0.0,0.0,0.0,0.0,False,1888.7602044986218,2.7002522286585027,1440,2023-09-09,0.07189509588400797,0.06455920690188642,2.591
286,5,210,844.9964477638547,7441.39821979545,7069.328308805714,7109.971290768246,0.9942836644058881,40.64298196253198,0.11952994837024447,0.21164852822327307,0.9836772873570496,0.0,0.0,0.0,0.0,False,1407.4616601762823,1.9430203642473547,1440,2023-10-11,0.07153562040458793,0.09694177513722872,2.524
287,5,244,879.2811352454099,8737.29258282991,8300.427953688377,8343.99498403951,0.9947786365602487,43.56703035113435,0.10593202424637548,0.19189657008735356,0.9530427391414966,0.0,0.0,0.0,0.0,False,1935.321306912997,3.0880530147938545,1440,2023-09-14,0.071177942302565,0.07632196415673023,2.594
288,5,249,930.8813913020953,9248.850179371002,8786.407670402503,8830.525774656002,0.9950039096901659,44.11810425349729,0.10594561807527102,0.20090202898173296,0.9688543197127062,0.0,0.0,0.0,0.0,False,1801.8502522590643,2.2971498277399967,1440,2023-11-26,0.07082205259105216,0.10368559476698666,2.548
289,5,296,893.8655166190078,10292.918356364124,9778.272438545897,9821.837878206681,0.9955644309953996,43.565439660784556,0.09141343956580662,0.19497069510178627,0.9510189700141765,0.0,3.125,161.40889017914483,0.0,False,2270.5625883819566,3.7231981441624824,1575,2023-06-11,0.0704679423280969,0.10571938823847049,2.652
290,5,262,727.4308420140532,9007.393734318697,8557.02404760284,8591.924011467076,0.9959380502181284,34.89996386423719,0.08500979288679635,0.18908896229849184,0.9734087281730379,0.0,0.0,0.0,0.0,False,1798.5562446007166,2.2965968046950973,1440,2023-11-06,0.07011560261645643,0.12064682279645095,2.593
291,5,212,692.5575194341654,7276.811263986183,6912.970700786877,6950.474256661071,0.9946041731126114,37.50355587419429,0.10018233107155138,0.18568810951544604,0.9775465787794025,0.0,0.0,0.0,0.0,False,1733.2672112054042,2.3092820573272026,1440,2023-09-22,0.06976502460337414,0.14607413449515846,2.512
292,5,261,924.123228027386,9064.34119061274,8611.124131082131,8630.985741630804,0.9976988016035212,19.861610548674996,0.10731737389451085,0.16890369844944514,0.9510001282498272,0.0,7.569444444444445,335.4311123771159,0.0,False,2124.8459055919466,3.798172664695195,1619,2023-08-20,0.06941619948035727,0.17461345450105295,2.587
293,5,275,711.0209735408956,10493.127351802526,9968.470984212465,9991.146451804512,0.9977304438783448,22.67546759204847,0.07132698431554578,0.1615553480335865,0.9699509323789519,0.0,0.0,0.0,0.0,False,1954.0460624321581,2.508828462005974,1440,2023-01-08,0.06906911848295548,0.23592542992849827,2.539
294,5,165,689.92318870035,5988.697443020025,5689.26257086905,5703.725417493166,0.9974643157646126,14.462846624115947,0.12126759489586404,0.1512388686687329,0.9510026451667002,0.0,1.5972222222222223,51.06230688515521,0.0,False,1377.2857711564625,3.504682629829559,1516,2023-08-22,0.0687237728905407,0.3030636137836642,2.47
295,5,211,777.5165063933936,8075.757741629103,7671.969854547646,7678.388755314334,0.9991640302449852,6.418900766687576,0.10134509404159246,0.1605076726854481,0.951000500198164,0.0,2.0833333333333335,62.04047320345466,0.0,False,1543.8074144154616,3.412496877855755,1481,2023-08-10,0.068380154026088,0.38190847203703826,2.518
296,5,180,128.414065936104,6385.464126528586,6066.1909202021325,6072.43847759259,0.9989711616818332,6.247557390457794,0.02116881377875016,0.17286276722445498,0.9807606092405955,0.0,0.0,0.0,0.0,False,1379.8471709372516,1.86738694391674,1440,2023-12-20,0.06803825325595757,0.4265676061686916,2.503
297,5,172,528.389979232186,6066.794273280116,5763.454559616095,5788.493269401304,0.9956743994300612,25.038709785208884,0.0916793866884208,0.20028765428291737,0.9598080116353569,0.0,0.0,0.0,0.0,False,1505.5706319905905,2.9249566359570105,1440,2023-07-05,0.06769806198967777,0.4364705671269764,2.553
298,5,247,1345.6418499819802,9313.996053594845,8848.296250915228,8866.169194574868,0.9979841413729644,17.872943659641315,0.15207920393067684,0.16383548761040378,0.9637688116575751,0.0,0.0,0.0,0.0,False,2084.8399920433494,2.5990721356289774,1440,2023-02-05,0.06735957167972938,0.3840438016508412,2.554
299,5,293,731.2944531234003,10733.07859301767,10196.424663366794,10235.913118081586,0.9961421658957776,39.488454714791935,0.07172067438018334,0.18997528043367995,0.9702529360183583,0.0,0.0,0.0,0.0,False,2020.3466821937127,2.4379324887472285,1440,2023-10-31,0.06702277382133073,0.4241053815689426,2.595
300,5,262,878.738328794936,9486.246850005036,9011.934507504699,9026.152535038542,0.998424796448027,14.218027533844111,0.09750829059656012,0.16470224756284121,0.9567617251083358,0.0,0.0,0.0,0.0,False,1908.1970482514516,2.619284811316315,1440,2023-09-29,0.06668765995222407,0.3991483372705322,2.583
301,5,171,617.0827624275167,6358.387484884865,6040.4681106406115,6067.494472000044,0.9955457130642389,27.026361359432208,0.10215810283651561,0.19894389905727666,0.9858612545171813,0.0,0.0,0.0,0.0,False,1125.553417223648,1.706249810800341,1440,2023-02-24,0.06635422165246296,0.4365482617695071,2.509
302,5,187,593.3633383939294,6564.129406668828,6235.922936335333,6262.622702175598,0.995736647869432,26.699765840264725,0.0951524488759368,0.1689305276731536,0.9570415313477604,0.0,0.0,0.0,0.0,False,1213.534212844298,3.3924084964572994,1440,2023-08-18,0.06602245054420065,0.3911893731280652,2.494
303,5,176,67.14161405820693,6139.860736295498,5832.867699480715,5847.797362269692,0.9974469596218734,14.92966278897703,0.011510909816141444,0.20051750854794143,0.9816373858094444,0.0,0.0,0.0,0.0,False,1448.377341813738,1.9009679728621514,1440,2023-03-13,0.06569233829147963,0.4224851528763247,2.54
304,5,170,278.8843713349352,5653.307335894602,5370.641969099852,5391.862049502479,0.9960644244589705,21.22008040262701,0.05192756712130593,0.19175842366789608,0.9941775936274526,0.0,0.0,0.0,0.0,False,1153.3522092301532,1.5904919363384389,1440,2023-12-19,0.06536387660002224,0.378004543323002,2.54
305,5,130,532.576719883325,4589.95318637269,4360.455527054097,4371.036157579807,0.9975793770300064,10.580630525710719,0.12213786302348355,0.18836869870569695,0.9846919186873901,0.0,0.0,0.0,0.0,False,1178.1238443489228,1.8690118750947278,1440,2023-04-06,0.06503705721702213,0.3621021212330488,2.496
306,5,227,978.1498441295385,8259.115114932305,7846.159359185706,7869.959612939494,0.9969758099247858,23.800253753787675,0.12466606900921437,0.18841003365084927,0.9737977634586625,0.0,0.0,0.0,0.0,False,1675.782189767162,2.212514346826869,1440,2023-01-30,0.06471187193093703,0.3574191435426395,2.573
307,5,120,366.3774806899284,4566.531268016182,4338.204704615331,4347.584620060986,0.9978424996255684,9.379915445653737,0.08445370968782237,0.15386117344740013,0.9512211154622482,0.0,0.0,0.0,0.0,False,1077.014850576924,3.483747947584648,1440,2023-06-01,0.06438831257128233,0.3541613228284345,2.582
308,5,236,674.8626958046328,8340.049385374612,7923.046916105868,7961.958721304116,0.9951127848610757,38.91180519824777,0.08517716769198735,0.19422856553456028,0.9728829913316267,0.0,0.0,0.0,0.0,False,1743.8938734810656,2.1472812227885685,1440,2023-11-07,0.06406637100842592,0.42986950003228863,2.526
309,5,181,544.7780178648286,6555.096752536861,6227.341914910034,6236.115664037486,0.9985930746637609,8.77374912745202,0.08748162945099812,0.1761180615018776,0.9514199148837452,0.0,0.0,0.0,0.0,False,1667.2261544139296,3.387034498221124,1440,2023-07-27,0.0637460391533838,0.4019163509268916,2.481
310,5,203,666.0923042885773,6937.563406298022,6590.685235983111,6603.136945065172,0.9981142736875438,12.451709082060125,0.1010657132663412,0.14731074695659094,0.9510026686325586,0.0,2.9166666666666665,135.6476158054413,0.0,False,1893.2780610636507,3.915805045453395,1557,2023-08-31,0.06342730895761688,0.420591037439382,2.526
311,5,168,455.3750325530203,5896.24100378279,5601.428953593673,5619.043311297322,0.9968652390224089,17.614357703649453,0.08129622571770159,0.18817291066909547,0.9597691904049731,0.0,0.0,0.0,0.0,False,1358.7724415118325,3.266245165757475,1440,2023-06-05,0.06311017241282879,0.5015413413011753,2.496
312,5,214,754.4043072463589,7747.100380678234,7359.745361644344,7373.078051727143,0.998191706368865,13.33269008279967,0.102504131620908,0.1880886543285022,0.9884626784869539,0.0,0.0,0.0,0.0,False,1393.8344791925763,1.8182642726182408,1440,2023-02-16,0.06279462155076464,0.4769961786896454,2.442
313,5,251,1023.6244498056527,9304.402903744216,8839.182758557039,8865.382717186123,0.9970446895001731,26.199958629080847,0.11580532700432085,0.1705970167477589,0.9510223122867886,0.0,1.0416666666666667,27.242087715728864,0.0,False,2113.231079161167,3.09701828032701,1485,2023-06-20,0.06248064844301082,0.45814097983330143,2.47
314,5,216,635.0428290713973,8156.65012659305,7748.817620263392,7785.25367936634,0.9953198623187429,36.43605910294824,0.08195351345097361,0.1913847638374961,0.9622697781190307,0.0,0.0,0.0,0.0,False,1619.9142241601944,2.7949349356417597,1440,2023-06-09,0.062168245200795766,0.4830085725884735,2.522
315,5,122,377.09674052799346,4351.920987029155,4134.324937677679,4144.025268875419,0.9976592007605272,9.700331197739919,0.09121120042872467,0.19348907532486234,0.9937430825974481,0.0,0.0,0.0,0.0,False,894.4146562589419,1.7057424962491095,1440,2023-03-26,0.06185740397479179,0.45760036500331464,2.642
316,5,145,589.447152205582,5133.5155436445175,4876.83976646225,4886.720672219719,0.997978008889757,9.880905757468618,0.12086662273777717,0.18013840998017341,0.9775894216438306,0.0,0.0,0.0,0.0,False,1222.619957424491,2.0581468111737906,1440,2023-09-11,0.06154811695491783,0.43296985989673864,2.544
317,5,281,921.8730327175962,9863.443847408886,9370.27165503845,9432.28236719626,0.9934256938306394,62.01071215781083,0.09838274349515785,0.1829925016169674,0.951007180246465,0.0,4.305555555555555,448.119387329486,0.0,False,2029.0808972337763,4.329285129850728,1506,2023-09-02,0.06124037637014324,0.4436299990707848,2.579
318,5,246,90.31501269169283,8763.832367567697,8325.640749189259,8340.18230189736,0.9982564466600697,14.5415527080982,0.010847815250794673,0.1751061604301323,0.9560397969721317,0.0,0.0,0.0,0.0,False,1748.4280273467025,3.3629720138466017,1440,2023-09-19,0.060934174488292525,0.44672948372822663,2.451
319,5,267,722.1838788143798,9461.609898473951,8988.529403550254,9026.16026926492,0.9958309109752014,37.63086571466594,0.08034505383373775,0.18347634072888444,0.9619465924713487,0.0,0.0,0.0,0.0,False,1606.830888203873,3.028620894076851,1440,2023-08-05,0.060629503615851066,0.4678037140437107,2.5
320,5,201,930.0291062464979,7227.134068658193,6865.777365225271,6889.091072212748,0.996615851533519,23.313706987477442,0.13545867521965343,0.17859187780916555,0.9646418705210468,0.0,0.0,0.0,0.0,False,1724.6308911752171,2.4137452116998364,1440,2023-02-27,0.06032635609777181,0.467074884602399,2.487
321,5,284,-48.51929590309278,9549.128101174532,9071.671696115765,9084.666310176846,0.9985696101961914,12.994614061081187,-0.005348440456004088,0.1693823805451561,0.9625461754038849,0.0,0.0,0.0,0.0,False,2092.255539388901,2.5673177706639456,1440,2023-12-24,0.060024724317282944,0.4783080455822729,2.539
322,5,294,979.1938949655246,10044.869791402114,9542.62630183199,9585.550112637267,0.9955220294817834,42.923810805276524,0.1026126208858812,0.19606028806057732,0.9521214964369787,0.0,0.0,0.0,0.0,False,2304.1285017453356,2.9779913586834885,1440,2023-09-10,0.05972460069569653,0.5090863493197351,2.528
323,5,258,616.5845209444794,9356.253686199445,8888.44100188946,8909.83225791404,0.9975991404321243,21.391256024580912,0.06936925393479115,0.19653245862823096,0.9579573567628927,0.0,0.0,0.0,0.0,False,2119.1287458144902,2.7302366969446186,1440,2023-03-30,0.05942597769221805,0.4752145813727492,2.501
324,5,182,551.7851306935586,5921.6591670412345,5625.576208689159,5650.471047174407,0.9955942012130657,24.894838485246808,0.0980850867936482,0.19467617479680246,0.9623025664831152,0.0,0.0,0.0,0.0,False,1467.1192718216635,2.919094184131264,1440,2023-09-06,0.059128847803756955,0.4472517688349109,2.444
325,5,239,254.4672339776871,8675.732923371907,8241.946277203337,8294.522038409661,0.9936613874840695,52.57576120632435,0.030874653318418998,0.18282642028381466,0.9732480954972981,0.0,0.0,0.0,0.0,False,1518.1954975084477,2.1686125329550148,1440,2023-11-03,0.058833203564738173,0.4292315344939429,2.486
326,5,244,949.5900251009784,8803.493554404047,8363.3188766838,8415.87670901495,0.9937549189290223,52.557832331150806,0.1135422478925624,0.22506935503942854,0.9733587569055163,0.0,0.0,0.0,0.0,False,1609.9050565890484,2.204717065537041,1440,2023-02-15,0.05853903754691448,0.44174348593555096,2.616
327,5,258,204.3875276723547,8986.111074852473,8536.805521109789,8569.14594809842,0.9962259451309956,32.34042698863095,0.023941921502949295,0.2057081034258231,0.9673503254090196,0.0,0.0,0.0,0.0,False,1728.9895685341367,2.727352263983407,1440,2023-12-09,0.05824634235917991,0.3575651228745154,2.657
328,5,270,876.9935250663941,9940.669757611058,9443.636269730501,9490.54347331706,0.9950574797198453,46.90720358656094,0.09286608463282348,0.2032505377763973,0.9607550055789721,0.0,0.0,0.0,0.0,False,1963.8437915444374,2.6063243398655005,1440,2023-11-10,0.057955110647384005,0.33253178080432777,2.458
329,5,279,976.7118590286498,9576.174799865452,9097.36605987217,9166.279227186162,0.9924818821676736,68.9131673139908,0.10736204881727864,0.21904663481312256,0.9510022416002522,0.0,0.9027777777777778,3.904097442044418,0.0,False,2160.204940135809,3.031482793763713,1466,2023-09-14,0.05766533509414709,0.31774922468809463,2.66
330,5,186,134.7226586518823,6442.483649691889,6120.359467207287,6171.778715311493,0.9916686500803017,51.419248104206034,0.022012213395916125,0.20948885182487267,0.9844421356329764,0.0,0.0,0.0,0.0,False,1338.3767503542108,1.856387292143761,1440,2023-12-29,0.05737700841867635,0.2702194345736564,2.528
331,5,274,1171.3392952106396,9890.514729875622,9395.98899338185,9451.435855979173,0.9941334985030613,55.4468625973242,0.12466375769870346,0.21432289688360645,0.9683799026455567,0.0,0.0,0.0,0.0,False,2039.6586115729178,2.5048110891003263,1440,2023-03-07,0.05709012337658297,0.2527482824650118,2.502
332,5,277,968.4915139126439,10319.734008683212,9803.747308249021,9835.234224821823,0.9967985595611606,31.486916572799334,0.0987878903302353,0.19089562979670668,0.9585833331741871,0.0,0.0,0.0,0.0,False,1665.0065118913321,3.0709065216507696,1440,2023-08-14,0.05680467275970005,0.2274203168047016,2.54
333,5,168,597.665160612598,5856.130987377473,5563.324438008574,5606.222290263542,0.9923481713649726,42.89785225496809,0.10742949962244802,0.21998498766569077,0.9940320135073695,0.0,0.0,0.0,0.0,False,1054.0209548702674,1.5499884694814123,1440,2023-01-05,0.056520649395901554,0.2591531503777976,2.57
334,5,263,735.7845903371914,8854.887968354124,8412.143569936456,8460.823970166737,0.9942463759555888,48.68040023028185,0.08746695586208943,0.19728725656447849,0.9510030087761959,0.0,3.6805555555555554,104.57819225921747,0.0,False,1936.5510376658053,3.429197684045871,1551,2023-06-11,0.05623804614892205,0.21954358054122486,2.619
335,5,292,711.1904977371056,10210.506140647201,9699.980833614874,9717.945026171223,0.9981514412246654,17.96419255634832,0.07331875288583097,0.19276825242260492,0.9587649144595715,0.0,0.0,0.0,0.0,False,2143.6543976662697,2.688196905241307,1440,2023-04-11,0.05595685591817744,0.23792657026640973,2.576
336,5,232,732.1384433534814,7714.477569150847,7328.753690693321,7357.726454031547,0.9960622668538661,28.972763338226486,0.09989944733484678,0.20377430869476393,0.9547537116792466,0.0,0.0,0.0,0.0,False,2071.071807592295,3.1231909717613955,1440,2023-05-11,0.05567707163858655,0.2629363585375493,2.735
337,5,299,342.41917914361716,10838.561148210192,10296.633090799678,10337.806620675747,0.9960171890047043,41.17352987606924,0.03325545118720196,0.20641182830854551,0.9510001193872376,0.0,1.0416666666666667,11.111263458090326,0.0,False,2326.5171073510637,3.018279712495609,1473,2023-01-04,0.05539868628039362,0.2585421499209729,2.691
338,5,143,384.5049498424193,4837.613726284993,4595.733039970776,4622.504705197449,0.9942084071441677,26.77166522667174,0.0836656408233983,0.20167649088578393,0.9510002806234766,0.0,2.013888888888889,51.007028533671836,0.0,False,1063.7800235661261,3.866010685623305,1529,2023-06-06,0.05512169284899165,0.24890364846196503,2.609
339,5,245,699.7428665351049,8566.300725411933,8137.9856891413,8162.825738850448,0.9969569300504697,24.840049709148122,0.0859847747666585,0.1860880265699878,0.9510055134444337,0.0,2.0833333333333335,83.290534165704,0.0,False,2034.514324641329,3.7166735313563004,1502,2023-07-12,0.05484608438474669,0.251526765080545,2.674
340,5,248,250.54611997910857,8954.19346555945,8506.483792281444,8537.772998791264,0.9963352028082441,31.289206509821465,0.029453546976301467,0.20259959693906138,0.958176774640044,0.0,0.0,0.0,0.0,False,1829.5645783248556,2.9992262379824455,1440,2023-10-14,0.05457185396282296,0.2886154785416611,2.626
341,5,230,1182.7573601680047,8216.827645298157,7805.986263033251,7874.980437483882,0.9912388132264776,68.99417445063145,0.15151927255741912,0.22262818323122502,0.9848347689996351,0.0,0.0,0.0,0.0,False,1411.0425745895277,1.7934930701630614,1440,2023-01-20,0.05429899469300884,0.281831014651639,2.465
342,5,236,601.4419768006371,8158.692022279799,7750.757421165812,7813.937923880375,0.9919143838446073,63.18050271456208,0.07759783258836304,0.22428344112203918,0.9620856125650492,0.0,0.0,0.0,0.0,False,1556.406049948515,3.1458765839013414,1440,2023-05-31,0.05402749971954379,0.2312091445353001,2.466
343,5,231,663.0065884736173,8251.902568823676,7839.307440382543,7869.6107365616845,0.99614932717849,30.30329617914189,0.08457463794037191,0.20845160886972072,0.9634387647156825,0.0,0.0,0.0,0.0,False,1955.0052032895665,2.6496355700163243,1440,2023-12-13,0.053757362220946084,0.18585590902633584,2.458
344,5,145,488.14212528224465,4796.214938124665,4556.40419121844,4588.612367401954,0.9929808461459233,32.208176183513565,0.1071331920515395,0.23702633631371542,0.9770607169250995,0.0,0.0,0.0,0.0,False,1020.4447212202043,2.474584711661534,1440,2023-05-10,0.053488575409841345,0.18398077113077904,2.612
345,5,244,585.2767012531835,8336.258111093131,7919.445205538528,7983.008603155147,0.992037663896354,63.56339761661936,0.07390375033390793,0.23319040963250715,0.9804379321409378,0.0,0.0,0.0,0.0,False,1325.7623946157728,1.9574128600767062,1440,2023-03-30,0.05322113253279214,0.11776494362185946,2.602
346,5,171,478.2057352708332,6105.649666841313,5800.367183499219,5847.623709163688,0.9919186787634071,47.256525664469095,0.08244404537547628,0.22515435738122616,0.9871359611917431,0.0,0.0,0.0,0.0,False,1362.8308508396149,1.8037862553305564,1440,2023-11-27,0.05295502687012817,0.0715717998317566,2.68
347,5,284,1033.867225703996,10115.013054154913,9609.262401447144,9642.615327739828,0.9965410912746115,33.35292629268492,0.10759069557183668,0.18853630792114096,0.9510110499819617,0.0,8.61111111111111,704.776328383915,0.0,False,2253.6426340401217,3.8990802416346426,1630,2023-08-20,0.05269025173577754,0.051038881883431225,2.724
348,5,184,127.16992224509107,6292.90061491003,5978.25558416453,6015.903384167243,0.9937419540177798,37.64780000271312,0.021272078527713744,0.20353458591970133,0.9848441665220907,0.0,0.0,0.0,0.0,False,1349.467845111728,1.8112749911583468,1440,2023-11-01,0.05242680047709865,0.11574544094090133,2.527
349,5,175,484.3614709234373,6163.038240621766,5854.8863285906755,5907.633093662454,0.9910714216276628,52.74676507177848,0.08272773265608857,0.2101051124951618,0.9848420449835515,0.0,0.0,0.0,0.0,False,1318.918813602805,1.7175575148927313,1440,2023-11-24,0.05216466647471316,0.1343377472940595,2.478
350,5,146,11.203509566605819,5110.123606900519,4854.617426555471,4888.911520032729,0.992985331533055,34.29409347725952,0.00230780483449035,0.20935495749796323,0.9654734837291634,0.0,0.0,0.0,0.0,False,740.6164544830583,2.9549661892496806,1440,2023-07-15,0.0519038431423396,0.1342511782858149,2.485
351,5,192,555.0945648352911,6613.846921451057,6283.15457537849,6313.955911717641,0.9951217055092214,30.801336339151785,0.08834647599002493,0.18541166556529484,0.9788477438012346,0.0,0.0,0.0,0.0,False,1515.6092889583038,2.053695175033584,1440,2023-03-29,0.0516443239266279,0.1353645161981579,2.436
352,5,230,805.1439484423693,8110.137641078278,7704.630759024374,7743.86391584308,0.9949336458846547,39.23315681870489,0.10450130234979924,0.21824284070073724,0.9725007598925323,0.0,0.0,0.0,0.0,False,1722.7958260394853,2.3169994026621614,1440,2023-09-10,0.05138610230699475,0.18965984550163806,2.454
353,5,177,752.2508414706394,6230.541308402213,5919.0142429821135,5961.11119465786,0.9929380697153456,42.096951675747114,0.12709056112891545,0.22516363686128557,0.9859936764148951,0.0,0.0,0.0,0.0,False,1345.4222235616096,1.875512486273598,1440,2023-03-01,0.05112917179545978,0.15995538161141207,2.419
354,5,174,600.6828165170409,6293.4566780628875,5978.78384415971,6009.798373101847,0.9948393395224456,31.01452894213707,0.10046906397256851,0.19396255385133682,0.9776311997455904,0.0,0.0,0.0,0.0,False,1461.3735840320587,2.1887802547656756,1440,2023-02-24,0.05087352593648248,0.11970787710296066,2.448
355,5,250,813.1999011871881,9103.681246524497,8648.497184198264,8692.773038557581,0.9949065903178506,44.27585435931743,0.09402788529237101,0.20799888366550295,0.9536685901406108,0.0,0.0,0.0,0.0,False,1828.5279876950344,3.157019355584074,1440,2023-09-17,0.05061915830680006,0.15645412842551992,2.463
356,5,208,598.9795279138945,7372.893162032631,7004.24850393099,7064.943441846565,0.991408998753469,60.69493791557468,0.08551660147091147,0.22750896873387352,0.9593988837222311,0.0,0.0,0.0,0.0,False,1383.5154457468825,3.0924640411083297,1440,2023-07-26,0.05036606251526607,0.1545712597091267,2.596
357,5,126,422.8501687937344,4259.866557033345,4046.873229181681,4066.444178540147,0.9951872081604495,19.5709493584661,0.10448811831924841,0.21237460521431362,0.9680353337235407,0.0,0.0,0.0,0.0,False,929.8167749700075,2.893499047849531,1440,2023-08-16,0.050114232202689735,0.10876732914890318,2.509
358,5,264,1439.4752357149018,9139.651833434542,8682.669241762764,8724.405789372853,0.9952161157312366,41.736547610088046,0.16578717853159383,0.21473385275970328,0.9612551517920895,0.0,0.0,0.0,0.0,False,2018.6894198312393,2.667003488747552,1440,2023-01-23,0.05,0.10480105418304048,2.526
359,5,193,533.2029569960008,6686.648783310949,6352.316344145411,6405.566464368951,0.9916868991181741,53.25012022353937,0.08393835069114991,0.2137074149336911,0.9762443488108786,0.0,0.0,0.0,0.0,False,1561.9198657959046,2.3491768157291193,1440,2023-09-30,0.05,0.09570099697250795,2.516
360,5,282,775.4072610933067,10315.84900808889,9800.056557684475,9839.801522566813,0.9959607960799629,39.7449648823403,0.07912273327497177,0.17859661152044257,0.956088698703206,0.0,0.0,0.0,0.0,False,1572.5459730642406,2.991240524650224,1440,2023-08-05,0.05,0.0899937436746241,2.644
361,5,193,852.7009301777716,6646.378148369622,6314.059240951116,6332.468908545125,0.997092813583472,18.4096675940088,0.13504797747974967,0.1913617278205954,0.9812762659007747,0.0,0.0,0.0,0.0,False,1475.0825452017361,1.9061553860959302,1440,2023-01-21,0.05,0.16374187796944167,2.563
362,5,284,1000.1954180923129,10516.601568613902,9990.771490183199,10001.900557865574,0.9988873047059418,11.12906768237581,0.10011193020229638,0.1755789144681634,0.9510000762874004,0.0,4.930555555555555,90.07215035373912,0.0,False,2166.7262309193466,3.3134841611817456,1571,2023-06-18,0.05,0.19508904315392972,2.538
363,5,191,448.55032692674314,7171.468898974538,6812.895454025798,6819.63599265059,0.999011598473576,6.740538624791258,0.06583842801546161,0.16431040319596882,0.9510005622629174,0.0,4.583333333333333,204.26442816871338,0.0,False,1610.6176612611762,4.189832504512069,1651,2023-07-23,0.05,0.2561100189534624,2.508
364,5,241,229.82358699857502,8465.624284813812,8042.343070573095,8075.582421132946,0.9958839686320498,33.23935055985074,0.02857669524687385,0.1796592203559057,0.9805372040839645,0.0,0.0,0.0,0.0,False,1272.2702572995086,2.0596765013018135,1440,2023-05-20,0.05,0.33150200423211823,2.514
365,5,222,38.0852369295981,7955.375805992313,7557.607015692687,7571.411130117971,0.9981768108760634,13.804114425284046,0.005039324861760813,0.1690555848591929,0.9693970711397828,0.0,0.0,0.0,0.0,False,1657.5452079067477,2.2599460541307264,1440,2023-12-28,0.05,0.35906523368538645,2.51
366,5,140,121.9720438745226,5201.495178176803,4941.420419267963,4944.9045283243795,0.9992954142923367,3.4841090564173998,0.02468359975988279,0.1501872194646962,0.9700419988615145,0.0,0.0,0.0,0.0,False,1211.920791070199,2.6830664120900636,1440,2023-10-14,0.05,0.4059910360978095,2.549
367,5,164,447.16787418557584,5797.710074762225,5507.8245710241035,5511.825311313075,0.9992741532862517,4.000740288971522,0.08118774816069191,0.15992896321791178,0.951025556698015,0.0,0.2777777777777778,2.2174111948931303,0.0,False,1375.9257472450975,3.6016838743493746,1448,2023-06-01,0.05,0.4875327209224059,2.652
368,5,204,235.63216288991265,6892.409502954184,6547.789027806439,6555.732820030306,0.9987882678501485,7.9437922238678444,0.035986523372890544,0.16201873038822195,0.9510113743229336,0.0,0.4861111111111111,3.261643835591071,0.0,False,1574.7505444364542,3.4618538680594164,1454,2023-07-30,0.05,0.5333377843641132,2.515
369,5,281,1003.7941812496546,9895.870791122868,9401.0772515668,9411.132303457176,0.9989315789464905,10.055051890375417,0.10677437855139,0.17512075829538695,0.95312968456236,0.0,0.0,0.0,0.0,False,2118.2070585423826,2.7933373802677153,1440,2023-10-22,0.05,0.5672834108233855,2.543
370,5,251,786.4375531451644,8715.598019847355,8279.818118854979,8298.907807896358,0.99769973477435,19.08968904138095,0.09498246723007985,0.15127671500642748,0.9510486648623467,0.0,2.8472222222222223,112.0608879451632,0.0,False,1658.814779579245,3.4634407457508254,1481,2023-08-18,0.05,0.5668594126802711,2.655
371,5,188,551.7745938122224,6344.218115432026,6027.007209660432,6031.8971800685695,0.9991893146945051,4.889970408138539,0.09155034573839675,0.1581791925950004,0.9753973703168451,0.0,0.0,0.0,0.0,False,1574.2445139033794,2.220181284273602,1440,2023-04-19,0.05,0.6214132736511689,2.516
372,5,263,830.7898047711268,9618.999359826712,9138.049391835386,9163.123636369724,0.9972635702049446,25.074244534340412,0.09091544257939953,0.15906297112022022,0.9681951695029097,0.0,0.0,0.0,0.0,False,1608.8435252072852,2.5170754769007027,1440,2023-07-07,0.05,0.6519619521032769,2.561
373,5,293,513.9917022128436,10589.290805056926,10059.826264804076,10080.812352509827,0.9979182146267681,20.98608770575101,0.051093496913672,0.16203241393056722,0.9510115268533489,0.0,7.291666666666667,381.4549656814927,0.0,False,2415.2469635270318,3.437073164727929,1548,2023-10-03,0.05,0.6765034335534685,2.666
374,5,150,463.9874201218794,5355.887367049662,5088.092998697175,5100.5347403034775,0.9975606985855836,12.441741606302386,0.09119082930297953,0.15306647493505063,0.9752807828482374,0.0,0.0,0.0,0.0,False,834.7121882908428,2.5378689974261532,1440,2023-05-06,0.05,0.69150222383433,2.488
375,5,288,1494.2155906178775,10476.120201657426,9952.31419157459,9982.797195237095,0.9969464466655649,30.4830036625063,0.15013750187698532,0.1749636057014625,0.978542598557134,0.0,0.0,0.0,0.0,False,1771.528064971389,2.1693532423274235,1440,2023-01-20,0.05,0.7255729981024033,2.539
376,5,177,665.090371177185,6461.183708930664,6138.1245234841235,6154.282401352008,0.9973745309665455,16.157877867883315,0.1083540043269872,0.1785992013729953,0.9790248663642039,0.0,0.0,0.0,0.0,False,1505.1653332497806,1.9303864031509574,1440,2023-04-15,0.05,0.7059077495456827,2.481
377,5,182,87.9908856606098,6691.98705551898,6357.38770274304,6372.442818040025,0.9976374656114034,15.055115296985825,0.01384072983666611,0.163674879018807,0.9832672236128956,0.0,0.0,0.0,0.0,False,1243.0233348008765,1.8451159598364848,1440,2023-11-18,0.05,0.6832472801542843,2.531
378,5,159,500.9975881721068,5533.950474986618,5257.252951237292,5284.478149561308,0.9948480819574822,27.225198324015835,0.09529645859140129,0.1728388133228658,0.9620486751725665,0.0,0.0,0.0,0.0,False,843.0816466904541,3.1739471082332784,1440,2023-07-08,0.05,0.6997686698694394,2.527
379,5,186,423.315409129138,6848.852540455587,6506.4099134327835,6521.51022615796,0.9976845374458498,15.100312725176224,0.06506128798543477,0.1747109253567012,0.976506500595994,0.0,0.0,0.0,0.0,False,1564.592571929387,2.1815720666491063,1440,2023-01-08,0.05,0.6941831855064908,2.436
380,5,145,519.1949690971975,5062.36193899139,4809.243842041829,4818.438344498839,0.9980918086318347,9.194502457008467,0.107957713551236,0.17365085885604287,0.9778845015640103,0.0,0.0,0.0,0.0,False,1422.1953641281489,2.0905144485563305,1440,2023-02-15,0.05,0.6868606052738591,2.464
381,5,232,176.0730721843224,7852.359942441236,7459.741945319176,7481.544225443982,0.9970858582843554,21.80228012480584,0.023603104969978805,0.1750870463960347,0.9510053730132706,0.0,2.0833333333333335,56.843253779513,0.0,False,2077.185785506226,3.3098352715309742,1527,2023-10-06,0.05,0.6846521444463998,2.508
382,5,299,1146.438811410124,10930.587295907893,10384.057931112518,10389.301989464064,0.9994952444007438,5.244058351542556,0.11040373801991084,0.17174392345029305,0.9512258637547535,0.0,0.0,0.0,0.0,False,2343.8910364356325,2.973471067237311,1440,2023-02-15,0.05,0.6809714108766487,2.596
383,5,191,749.7656053431239,6467.113919842324,6143.758223850196,6162.252024290845,0.9969988568517243,18.493800440648783,0.12203696467620068,0.16679422492412943,0.9714847604398487,0.0,0.0,0.0,0.0,False,1539.6394686433787,2.268170105727529,1440,2023-04-06,0.05,0.6867944983289648,2.533
384,5,232,668.9460462039614,7834.203008976944,7442.49285852809,7460.724681747231,0.9975562932561035,18.23182321914147,0.08988198697932773,0.1811419265565428,0.9782163478046186,0.0,0.0,0.0,0.0,False,1529.0403149943406,2.283393920224039,1440,2023-12-07,0.05,0.7040025938021711,2.553
385,5,139,596.0625110018955,5135.156029031455,4878.398227579862,4888.293753955031,0.9979756686334238,9.89552637516892,0.12218406189803775,0.17332621352103866,0.9818159975377305,0.0,0.0,0.0,0.0,False,1210.3243490573623,1.9222059191671146,1440,2023-04-06,0.05,0.6871470302615996,2.684
386,5,264,421.0706080905763,9784.107660244516,9294.90227723229,9299.365887875203,0.9995200091386087,4.463610642914959,0.04530124099550587,0.12171411477846507,0.9673201925508895,0.0,0.0,0.0,0.0,False,1904.8898437946984,2.524077339198807,1440,2023-12-16,0.05,0.6921908374311997,2.585
387,5,171,74.27690661003587,6260.928226107819,5947.881814802435,5956.23278840764,0.9985979437167972,8.350973605205951,0.012487959398450665,0.14586387040469836,0.9926036439463662,0.0,0.0,0.0,0.0,False,1009.262213373389,1.6080988890975751,1440,2023-12-30,0.05,0.8136867946616184,2.663
388,5,256,1310.1660439781162,9208.492218774742,8748.067607836043,8750.743945325034,0.9996941588617251,2.6763374889912264,0.1497663372885391,0.13665633291474638,0.9602186725762141,0.0,0.0,0.0,0.0,False,2002.179018298904,2.471358142250299,1440,2023-02-05,0.05,0.8604609045480052,2.638
389,5,153,380.47581840361244,5072.694552705379,4819.059825070117,4827.9940232071385,0.9981495009948071,8.934198137023426,0.07895229198530992,0.16978577305223091,0.9836877234472132,0.0,0.0,0.0,0.0,False,1284.7125072949684,1.9528653226730972,1440,2023-12-12,0.05,0.9213039582892715,2.622
390,5,179,822.7673588698792,6587.27088027371,6257.907336260023,6267.552763680908,0.9984610536545016,9.645427420886353,0.1314764368757173,0.1560700938875869,0.9877325890602587,0.0,0.0,0.0,0.0,False,1245.2500160038953,1.7267112398630549,1440,2023-03-02,0.05,0.8986043443272071,2.571
391,5,196,764.6076484608946,6872.7430450231805,6529.105892771988,6539.026730748778,0.9984828265145118,9.920837976790537,0.11710755821977852,0.1806772082300658,0.9644021884400757,0.0,0.0,0.0,0.0,False,1809.599746643809,2.6394555310775933,1440,2023-04-13,0.05,0.9128156426253933,2.622
392,5,195,895.685006248343,6940.260660704573,6593.247627669332,6607.104862806461,0.9979026766753566,13.857235137127992,0.13584883456970379,0.17489530188854965,0.9853417448306622,0.0,0.0,0.0,0.0,False,1442.6382940802066,1.876369641614606,1440,2023-01-21,0.05,0.8710151692989851,2.553
393,5,281,489.5437008314308,9947.384257689939,9450.015044805523,9490.236245320504,0.9957618335860908,40.2212005149822,0.05180348375217908,0.1856550644840325,0.9510021018396239,0.0,1.5277777777777777,23.039006481085366,0.0,False,1640.6352341058773,3.8264381263561207,1484,2023-07-29,0.05,0.8515502194947666,2.61
394,5,151,-32.396355472443744,5399.908180351565,5129.912771333993,5147.358103966294,0.9966108181556558,17.44533263230086,-0.006315186420610293,0.1633487167435538,0.9915155975549845,0.0,0.0,0.0,0.0,False,1212.2733854073879,1.635097148581944,1440,2023-12-24,0.05,0.8130240287171281,2.509
395,5,204,639.8491498554253,7351.011004794364,6983.46045455468,6995.154027409106,0.9983283323271215,11.693572854424563,0.09162350872025193,0.17009967972655426,0.9528588790811372,0.0,0.0,0.0,0.0,False,1787.601061481294,3.1392053521154923,1440,2023-09-17,0.05,0.8331096052868927,2.478
396,5,215,581.9230422804874,7615.4169007545015,7234.646055716774,7246.590062983985,0.9983517755022155,11.944007267211541,0.08043559253609309,0.16376795470160319,0.9510874920225374,0.0,0.06944444444444445,0.45782316596076966,0.0,False,1917.8226690073702,3.5050071838608976,1442,2023-05-16,0.05,0.8358209639937755,2.516
397,5,128,553.8764485732396,4620.289986847973,4389.2754875055825,4400.50400505604,0.9974483564751773,11.22851755045804,0.1261885817260485,0.18425567349302155,0.989079049536021,0.0,0.0,0.0,0.0,False,1116.2531478220053,1.6476383197409608,1440,2023-03-01,0.05,0.8537314482790941,2.509
398,5,178,780.3012173266162,6227.807797547685,5916.417407670282,5931.62659378514,0.9974359164599481,15.209186114858678,0.13188745207784058,0.19713323016346204,0.9754534239975448,0.0,0.0,0.0,0.0,False,1639.5199529529893,2.273028568722117,1440,2023-02-09,0.05,0.8237740706915774,2.527
399,5,258,759.8555768697053,9552.09514732737,9074.490389961016,9086.288476425812,0.998701550529085,11.798086464795308,0.08373534426906475,0.1623126753057925,0.9510006257914687,0.0,0.4861111111111111,0.8575632432388596,0.0,False,2278.369259417057,2.913406428060374,1454,2023-12-13,0.05,0.7716208824384219,2.626
400,5,158,518.6653539018916,5595.244294184358,5315.48207947515,5325.978472223201,0.9980292085665023,10.496392748050944,0.09757635265193192,0.16812817258300936,0.9785418032635007,0.0,0.0,0.0,0.0,False,1341.4392641722468,2.0343021590989165,1440,2023-09-29,0.05,0.808387918757481,2.504
401,5,275,371.20331734475485,10003.923326095297,9503.7271597906,9518.671028455845,0.9984300467344054,14.94386866524362,0.039058709399327256,0.18410118530898154,0.9510000392495717,0.0,7.083333333333333,281.2346175762951,0.0,False,2091.5104629632706,3.804983558798518,1591,2023-07-30,0.05,0.8266010451737005,2.554
402,5,211,697.8499522270063,7495.48956614891,7120.715087841458,7125.526268767695,0.9993247964087473,4.811180926236648,0.09800279095825325,0.1864004560318022,0.9586351440280649,0.0,0.0,0.0,0.0,False,1843.8361917718983,3.0092311729988923,1440,2023-05-11,0.05,0.8068258590440884,2.531
403,5,279,71.2107579510329,10219.632976876796,9708.65132803288,9724.577036600907,0.9983623237794212,15.925708568027485,0.007334773445351579,0.1812880986202653,0.9510013511914029,0.0,10.208333333333334,761.9621486792599,0.0,False,2233.986042856567,3.7212150007833777,1601,2023-09-19,0.05,0.786627291748603,2.58
404,5,282,1398.7184884949368,10305.166007789643,9789.907707400205,9811.722812511638,0.997776628475112,21.81510511143265,0.14287351120150432,0.1888122426982985,0.9685272766114343,0.0,0.0,0.0,0.0,False,1911.9398883463718,2.528625087121181,1440,2023-01-25,0.05,0.7826512192865827,2.579
405,5,195,41.099107973589774,7030.8669471896565,6679.323599830149,6710.9699365131455,0.9952843870584467,31.64633668299599,0.00615318412999707,0.17982190516751087,0.9637544582362202,0.0,0.0,0.0,0.0,False,866.35646743537,3.065695793503323,1440,2023-07-15,0.05,0.7634766322103784,2.684
406,5,146,476.3468036189753,4736.862233073391,4500.019121419719,4501.943216024165,0.999572607980128,1.924094604445381,0.10585439545170015,0.18392914246180922,0.9850297960868587,0.0,0.0,0.0,0.0,False,1254.050330828552,1.8553549465591055,1440,2023-10-22,0.05,0.7689246098587723,2.493
407,5,173,607.6782313247317,6460.887448578756,6137.843076149829,6149.546688830498,0.9980968332670884,11.703612680668826,0.09900517556175752,0.17219429637617029,0.9740454013154812,0.0,0.0,0.0,0.0,False,1467.6191003178883,2.082822700971614,1440,2023-11-08,0.05,0.7650506128069405,2.616
408,5,275,-50.50379945750621,9428.316915169176,8956.901069410695,8976.280323072982,0.9978410596633803,19.379253662286814,-0.005638534920295713,0.15597856851371897,0.9654587264173932,0.0,0.0,0.0,0.0,False,1989.0010627821464,2.449455838309042,1440,2023-12-24,0.05,0.7891583617350724,2.803
409,5,295,675.579141586776,10493.775128869673,9969.086372426162,9981.337844014559,0.9987725621775497,12.251471588397662,0.06776740779931284,0.175252564548481,0.9551316233228581,0.0,0.0,0.0,0.0,False,2273.1098493458994,2.802796380801365,1440,2023-03-31,0.05,0.8463202337492846,2.616
410,5,218,591.2128339216333,7923.709449957128,7527.523977459277,7535.964002396826,0.9988800338039215,8.440024937549275,0.07854014622762877,0.17712169544617132,0.9580056251678936,0.0,0.0,0.0,0.0,False,1705.0549134036555,3.2239912608044348,1440,2023-08-01,0.05,0.8508843118567541,2.736
411,5,188,651.3412704909194,6886.354570067834,6542.036841564424,6555.83008934711,0.9978960333634792,13.793247782685954,0.09956245833907006,0.18192278797486786,0.9510405228763035,0.0,0.4166666666666667,5.6768910901818685,0.0,False,962.1508951911366,3.7191297706514432,1452,2023-09-02,0.05,0.8515674015955024,2.573
412,5,190,638.9987462099036,6767.46055270511,6429.087525069863,6444.573131183759,0.9975971091027015,15.485606113895942,0.09939182562349076,0.17485277414801226,0.9716576705877346,0.0,0.0,0.0,0.0,False,1867.0577903178757,2.6000720888754616,1440,2023-02-24,0.05,0.8424553304246251,2.583
413,5,221,174.00339397501918,8014.5690608259065,7613.840607784567,7637.153218550573,0.9969474737380704,23.31261076600554,0.022853564047179302,0.1880050739521579,0.9754137761823312,0.0,0.0,0.0,0.0,False,1827.3088398711625,2.222373865300235,1440,2023-01-10,0.05,0.851977065199605,2.54
414,5,134,507.37275822671813,4559.765238121916,4331.776976215786,4362.130108384632,0.9930416719779854,30.353132168845374,0.1171280887756959,0.19974459959478102,0.9924135127512955,0.0,0.0,0.0,0.0,False,852.4733440900391,1.5584748138081919,1440,2023-03-04,0.05,0.8312591397528608,2.598
415,5,297,1078.5322350392978,10873.036073401036,10329.384269730976,10341.791984328911,0.9988002355281621,12.4077145979353,0.1044139908900289,0.1562843418781304,0.9510000857383785,0.0,2.0833333333333335,88.85000982256841,0.0,False,2222.215306111818,3.7843480723045078,1527,2023-08-16,0.05,0.7888706130019554,2.624
416,5,165,529.287630446199,5795.2982680375035,5505.533354635629,5513.862789403138,0.9984893648816366,8.32943476750876,0.09613739420914448,0.16905010965663847,0.9686346577462406,0.0,0.0,0.0,0.0,False,1328.5297089726737,2.8609278290452655,1440,2023-09-06,0.05,0.8527581414839559,2.506
417,5,274,244.87318643030437,9885.63420443912,9391.352494217112,9409.497943993205,0.9980715815143275,18.145449776093727,0.02607432599096768,0.1917933332225115,0.9581689424147958,0.0,0.0,0.0,0.0,False,2187.2641251204814,2.7898772235809846,1440,2023-01-04,0.05,0.8773309696740066,2.577
418,5,148,568.3053699353322,5339.586131927073,5072.606825330681,5078.913535962678,0.9987582559562512,6.306710631996891,0.11203418469127747,0.18404882095164482,0.9544658816368959,0.0,0.0,0.0,0.0,False,1062.5006783008575,3.5029998744265494,1440,2023-08-21,0.05,0.847364473720001,2.469
419,5,281,1290.6084080577675,9698.648813610438,9213.716372929963,9235.257402223991,0.9976675225869891,21.541029294027826,0.14007468385391095,0.1833289875348832,0.9658824589819532,0.0,0.0,0.0,0.0,False,1915.342219718637,2.5524750646564565,1440,2023-02-22,0.05,0.8412267629051209,2.581
420,5,139,578.7448477484561,4972.455806944779,4723.833016597573,4744.549411525848,0.9956336433386174,20.7163949282751,0.1225159411255624,0.19695710405220998,0.9923250807242038,0.0,0.0,0.0,0.0,False,1014.4014397390393,1.5621200266573179,1440,2023-03-08,0.05,0.8387337783933484,2.612
421,5,286,67.15830075731004,10350.478988176274,9832.955038767377,9848.125232423761,0.9984595856268726,15.170193656385234,0.00682992045550213,0.18086932463113964,0.951000022681524,0.0,10.416666666666666,689.3675427873959,0.0,False,2313.6358771293553,3.849569629331758,1623,2023-09-19,0.05,0.8069096792432007,2.616
422,5,229,724.7929808655088,8577.21042928782,8148.349907823415,8167.684301544621,0.997632818188437,19.33439372120532,0.08894966331399423,0.17320253304153066,0.9685648794608911,0.0,0.0,0.0,0.0,False,1796.950158290038,2.3583725558088102,1440,2023-03-29,0.05,0.8178000484178805,2.633
423,5,248,470.0021462592682,8373.931670319203,7955.235086803234,7983.450708708253,0.9964657360664553,28.215621905020836,0.05908086198972857,0.18144074135641344,0.9632738441208326,0.0,0.0,0.0,0.0,False,1123.2987153455942,3.1328599498171172,1440,2023-05-27,0.05,0.8447191586026874,2.623
424,5,135,116.01920603617053,4672.866565731956,4439.223237445389,4443.064181382713,0.9991355191416278,3.8409439373244045,0.026135024041488698,0.17342370167577523,0.9703209452008579,0.0,0.0,0.0,0.0,False,1035.976021892274,2.715652568748866,1440,2023-10-14,0.05,0.8490583513899703,2.582
425,5,179,552.2290182357145,6576.8700177716855,6248.026516883079,6253.725887500448,0.9990886439988103,5.6993706173683805,0.08838455098478074,0.17036841166147063,0.9557129574096673,0.0,0.0,0.0,0.0,False,1589.5272665295913,3.3377131794535457,1440,2023-07-27,0.05,0.8714960078334117,2.534
426,5,173,935.4493642491693,6550.850467342078,6223.307943975003,6231.078965629471,0.9987528609896724,7.771021654467768,0.1503138479841432,0.1767710198649037,0.9911254115789326,0.0,0.0,0.0,0.0,False,1283.605311372566,2.0074253303913774,1440,2023-02-05,0.05,0.8976493504365617,2.647
427,5,154,140.48626000989773,5440.848593748283,5168.806164060878,5179.874055364946,0.9978632894958894,11.067891304068601,0.02717963404909821,0.18611211687801915,0.979749417455861,0.0,0.0,0.0,0.0,False,1287.148186326027,1.8191233523866515,1440,2023-10-21,0.05,0.9056477354782836,2.543
428,5,193,557.711044913143,6625.850176640827,6294.5576678087855,6304.569702091601,0.9984119401075867,10.012034282817211,0.08860210269664417,0.17634655161868842,0.9735895822217268,0.0,0.0,0.0,0.0,False,1538.152421906024,2.1838218956923026,1440,2023-12-07,0.05,0.8921904242389062,2.663
429,5,254,576.8116332462242,8992.097526227997,8542.492649916596,8551.796054994491,0.9989121109743418,9.303405077896954,0.06752263734776007,0.16925199445186478,0.9629757079077291,0.0,0.0,0.0,0.0,False,2040.4475052219386,2.6412527178244005,1440,2023-03-30,0.05,0.9040914912369975,2.505
430,5,183,774.5833472450483,6678.060839267457,6344.157797304082,6352.914624998371,0.9986216046946654,8.756827694288884,0.12209395982776526,0.16122678715245128,0.9739856970666714,0.0,0.0,0.0,0.0,False,1655.0519326329231,2.275951973112766,1440,2023-03-03,0.05,0.9307577708798892,2.451
431,5,223,820.3558246563256,8008.46568422868,7608.042400017242,7623.429976408341,0.9979815415844682,15.387576391099376,0.10782745173113999,0.16602070526556917,0.9595558618633259,0.0,0.0,0.0,0.0,False,1608.647218558401,3.0265486102721706,1440,2023-07-10,0.05,0.9716849112952899,2.593
432,5,246,826.1003859951777,8637.964634030528,8206.066402328997,8229.12198481858,0.9971982937508866,23.05558248958146,0.10066947371528931,0.17823191846982717,0.9534058573563524,0.0,0.0,0.0,0.0,False,1792.7109361002201,3.250149228907801,1440,2023-07-06,0.05,0.9955789685154725,2.51
433,5,135,78.42454008649906,4844.22655012045,4602.0152226143955,4608.763356592626,0.9985358037599006,6.7481339782306184,0.017041347386492618,0.17234778308536866,0.9963366554872409,0.0,0.0,0.0,0.0,False,1231.3874038106537,1.584704077046142,1440,2023-01-10,0.05,0.9889179493187596,2.391
434,5,238,664.252870128492,8629.208879311876,8197.748435346308,8208.34447959605,0.9987091131133591,10.596044249740277,0.08102869652164815,0.16041304302612452,0.951000284229464,0.0,4.097222222222222,107.77126002914828,0.0,False,1916.8772215630659,3.784019650342988,1565,2023-06-01,0.05,0.9979168426529297,2.571
435,5,276,921.8140511974958,10625.20945134303,10093.948978775848,10119.74796707054,0.9974506293656087,25.798988294690947,0.09132343081342675,0.19714955033272522,0.9512453650817526,0.0,7.291666666666667,594.4543800759584,0.0,False,2204.7611181735992,3.7508587451173563,1545,2023-09-07,0.05,1.0333517332992965,2.538
436,5,187,789.3793833100924,6711.695827982878,6376.111036583761,6392.701633232362,0.9974047597400206,16.59059664859995,0.1238026406348519,0.18367972623080353,0.9678272329650356,0.0,0.0,0.0,0.0,False,1525.2603923392994,2.805541449182387,1440,2023-06-15,0.05,0.9810218522252323,2.55
437,5,136,489.82727698251966,4730.00984382693,4493.509351635574,4503.9150509603805,0.9976896324182251,10.40569932480701,0.10900773507998364,0.17361092217272386,0.9919392078211025,0.0,0.0,0.0,0.0,False,1039.5364937352665,1.5259674153921432,1440,2023-03-06,0.05,0.9696075740786684,2.484
438,5,225,346.2886911395761,7834.18245016546,7442.473327657188,7447.771906695965,0.9992885685671961,5.298579038778028,0.046528711074142894,0.16119830966078447,0.9510001774009833,0.0,2.4305555555555554,48.66966868709104,0.0,False,1981.1851190668879,3.1202354513854176,1487,2023-01-01,0.05,0.9839469743805563,2.549
439,5,272,882.7258306805253,9776.999014161729,9288.149063453624,9306.773239106416,0.9979988579097925,18.624175652791394,0.09503786218869105,0.15599395647765188,0.9551611910190354,0.0,0.0,0.0,0.0,False,2019.9109441455898,3.143017521270621,1440,2023-05-12,0.05,1.0246663266652942,2.5
440,5,220,791.6136928701907,7830.725374996036,7439.189106246242,7453.0154452113065,0.9981448664548322,13.826338965064236,0.1064112877847829,0.16758740700349525,0.9665249007431062,0.0,0.0,0.0,0.0,False,1532.4335867531927,2.6449152179195705,1440,2023-05-02,0.05,1.0708916876720935,2.546
441,5,264,941.9708019430997,9585.047724481577,9105.795338257489,9132.367606529464,0.9970903199020398,26.57226827197456,0.10344739442862966,0.1616439756133829,0.9510026883742511,0.0,4.583333333333333,199.1235980942135,0.0,False,2063.909906792206,3.874482513602681,1561,2023-07-18,0.05,1.0839870149705029,2.55
442,5,168,119.03340912764617,5962.896268748668,5664.751455311233,5677.672141711761,0.9977242986072401,12.920686400526842,0.021012997669304843,0.16252308426418974,0.9886748953995165,0.0,0.0,0.0,0.0,False,1175.9734979182213,1.692982516560606,1440,2023-12-20,0.05,1.1094566270868083,2.539
443,5,297,980.8467945814543,10287.336344324262,9772.969527108067,9783.94050660559,0.998878674753785,10.970979497522455,0.10036323062921675,0.16833562354152,0.95100131535958,0.0,1.0416666666666667,17.695856488824937,0.0,False,2264.2168692145756,3.1186003318848203,1456,2023-10-23,0.05,1.1297721235348681,2.577
444,5,255,1309.7320343866834,9233.333229533271,8771.666568056582,8790.492192456013,0.997858410656961,18.825624399430342,0.1493139330165924,0.16275707608648618,0.9736541734964294,0.0,0.0,0.0,0.0,False,1831.8083004891625,2.2438034423862074,1440,2023-01-20,0.05,1.1348201531061133,2.548
445,5,169,668.0580961300689,5915.152025592287,5619.3944243127,5630.836283871675,0.9979679999591272,11.441859558974762,0.11888435758124917,0.17500457820913043,0.977780205795965,0.0,0.0,0.0,0.0,False,1515.2798775781441,2.041112632456307,1440,2023-10-16,0.05,1.1529935273598597,2.444
446,5,121,236.8401802805919,3857.344792915913,3664.4775532701146,3666.6202829242006,0.9994156117926732,2.14272965408598,0.06463136336290011,0.15455538424958856,0.993199411856401,0.0,0.0,0.0,0.0,False,1076.9721534158991,1.5605355808477486,1440,2023-04-11,0.05,1.1418374931825828,2.431
447,5,124,50.012464996452614,4219.640403108238,4008.6583829528513,4013.9367720427676,0.9986849844953511,5.278389089916784,0.012476110513466232,0.1750296072008085,0.997506326606003,0.0,0.0,0.0,0.0,False,835.8337778953664,1.5125882022753534,1440,2023-12-30,0.05,1.180173123339274,2.432
448,5,203,708.4262106365991,7102.4470353952065,6747.324683625472,6766.153259491075,0.997217240706277,18.828575865602534,0.10499364471904256,0.1713854564133446,0.978434704155605,0.0,0.0,0.0,0.0,False,1551.939283245752,2.0809557776133047,1440,2023-12-06,0.05,1.1670468566119028,2.609
449,5,213,700.8726823771425,7339.715664237148,6972.729881025292,6993.727555990357,0.9969976418445011,20.997674965065627,0.10051625322306103,0.1805699347736777,0.9700186550088854,0.0,0.0,0.0,0.0,False,1686.41045140457,2.30192551955299,1440,2023-09-22,0.05,1.165993702141759,2.662
450,5,231,791.4982595019434,8433.187338327285,8011.527971410896,8040.216406262557,0.9964318827501564,28.688434851660944,0.09879491931207152,0.19485928389074897,0.9730390541774616,0.0,0.0,0.0,0.0,False,1716.378932027234,2.396235127700061,1440,2023-09-29,0.05,1.1459168294342275,2.662
451,5,288,956.5118789582248,10105.469765893855,9600.196277599125,9620.070752105239,0.9979340615034703,19.874474506114183,0.09963461697029334,0.17015310175324008,0.9583179223634628,0.0,0.0,0.0,0.0,False,2126.321996095142,2.76987528697894,1440,2023-05-05,0.05,1.098675799016108,2.571
452,5,247,794.5438611414849,8949.50530300611,8502.030037855757,8527.768612954076,0.996981792510268,25.73857509831999,0.09345342907561306,0.1781830450236557,0.9510004336137864,0.0,2.7777777777777777,75.3720351433653,0.0,False,2066.0590776990102,3.746749980099276,1534,2023-07-28,0.05,1.1167289202964699,2.605
453,5,291,1060.82421596998,10039.775958625401,9537.787160694204,9547.524024917568,0.9989801686596492,9.736864223362783,0.11122330558409822,0.173404410210179,0.9572561037295435,0.0,0.0,0.0,0.0,False,2225.1957660548396,2.739141830254384,1440,2023-10-11,0.05,1.1145963898746623,2.575
454,5,149,553.4889095072383,5151.980007460218,4894.381007087193,4899.800646771631,0.9988939060841161,5.419639684436778,0.1130866004722092,0.18963116416188347,0.9722266794497817,0.0,0.0,0.0,0.0,False,1290.7899956475555,2.5169028184521474,1440,2023-03-10,0.05,1.124733141616356,2.731
455,5,184,697.2351879267192,6513.298721504054,6187.633785428856,6196.750650418522,0.9985287668483077,9.116864989666476,0.11268203841808243,0.17179561851640113,0.953971565841578,0.0,0.0,0.0,0.0,False,1757.3764971709716,3.0511680267943175,1440,2023-03-10,0.05,1.0976621261078667,2.572
456,5,287,1064.0773898432676,10232.325097165527,9720.708842307311,9732.697639612448,0.998768193798979,11.988797305136304,0.10946499963172417,0.16906872776679943,0.9640149320785879,0.0,0.0,0.0,0.0,False,2192.1064460272337,2.6749992199747226,1440,2023-04-15,0.05,1.1166537331953166,2.536
457,5,190,595.2538652169623,6658.086112566043,6325.181806937702,6336.2387305316515,0.9982549704857756,11.056923593948234,0.09410857796436221,0.15262747646628205,0.9670512042571812,0.0,0.0,0.0,0.0,False,1500.5286825961275,2.550926076036105,1440,2023-05-12,0.05,1.1393927421260601,2.516
458,5,291,512.786919969239,10345.106852731029,9827.851510094519,9850.665668544447,0.9976839982984318,22.81415844992683,0.05217690961677007,0.17992818214967357,0.9761387449953948,0.0,0.0,0.0,0.0,False,1817.775205352025,2.28752680478364,1440,2023-12-19,0.05,1.1961233283084791,2.497
459,5,294,252.9556247517767,10455.948979238005,9933.151530276073,9948.427993017138,0.9984644345064579,15.276462741065245,0.025465797434054274,0.16794895665386167,0.9510159564227998,0.0,1.0416666666666667,8.3772628100048,0.0,False,2235.7348669290377,3.383993484845995,1470,2023-10-14,0.05,1.1824498356434692,2.555
460,5,287,1129.0593850191344,10722.92528650539,10186.779022180093,10198.449206265024,0.9988556903261565,11.670184084929673,0.11083575903244657,0.17298776456260656,0.9510073243022041,0.0,2.013888888888889,44.284761202841175,0.0,False,2047.2896658290022,3.1202860607765115,1483,2023-10-12,0.05,1.1994678897695548,2.556
461,5,268,781.0945327210883,9595.802376140216,9116.012257333266,9136.472185609695,0.997760631471231,20.459928276428236,0.08568379579489334,0.1805376942480121,0.9617536957410723,0.0,0.0,0.0,0.0,False,2016.549376801183,2.574260264320556,1440,2023-11-06,0.05,1.2033475674430538,2.544
462,5,255,75.26388549044263,9021.49540746248,8570.42063708943,8574.267207776176,0.9995513819906081,3.846570686747384,0.008781819315230569,0.16288690562435804,0.9530713188386575,0.0,0.0,0.0,0.0,False,2234.649505264553,2.750003966692514,1440,2023-04-10,0.05,1.1908145795615601,2.536
463,5,289,1305.3230938797626,10172.553410333669,9663.925739816947,9689.965922260792,0.9973126652195935,26.04018244384362,0.13507172230241993,0.18676188798718119,0.9510688513723117,0.0,0.0,0.0,0.0,False,2233.7085790206233,2.9433262047869286,1440,2023-02-27,0.05,1.2214755789471865,2.631
464,5,121,578.4101538143394,4544.682858894285,4317.448715949558,4324.309478121479,0.9984134433008017,6.860762171920749,0.13397035885512001,0.18574500275403336,0.9898534292162853,0.0,0.0,0.0,0.0,False,964.5808794705665,1.6291074335739788,1440,2023-02-28,0.05,1.1941413228581172,2.515
465,5,266,-5.423718090833356,9183.991243456709,8724.7916812839,8803.135793921321,0.9911004312018543,78.34411263742285,-0.0006216444230374137,0.19034214546838252,0.9543066855892675,0.0,0.0,0.0,0.0,False,1121.5296298802764,3.454426293647017,1440,2023-07-01,0.05,1.1752238153620858,2.584
466,5,192,596.8020548525674,6740.8658361673015,6403.8225443589745,6417.871093206914,0.9978110266404681,14.048548847939006,0.09319465845884203,0.1914560025573235,0.9793302422747795,0.0,0.0,0.0,0.0,False,1526.7757257981045,2.2510867205512906,1440,2023-05-01,0.05,1.1504589881202734,2.595
467,5,212,510.4174471008461,7373.603554931229,7004.923377184669,7030.63839555859,0.9963424347936647,25.715018373920465,0.07286552894544104,0.18397323339853183,0.9676405102022729,0.0,0.0,0.0,0.0,False,1620.1162399470668,2.708109992943971,1440,2023-08-12,0.05,1.128623840603287,2.525
468,5,201,696.2000182552543,7195.358125676603,6835.590219392761,6859.805704887188,0.9964699458649136,24.215485494426314,0.1018492911234081,0.18319054807758864,0.956809054821867,0.0,0.0,0.0,0.0,False,1558.696854316258,3.102959038471054,1440,2023-09-16,0.05,1.1284191530691128,2.524
469,5,145,469.8059494618448,5290.3270971808315,5025.810742321795,5047.047643661474,0.9957922130245096,21.23690133967835,0.0934786392781688,0.20335350203585079,0.9589466452538163,0.0,0.0,0.0,0.0,False,1073.9530445246965,3.285764079714294,1440,2023-05-17,0.05,1.1308177833439692,2.64
470,5,200,204.57046860566368,7128.976937129325,6772.528090272864,6792.515352419581,0.9970574579357266,19.98726214671736,0.030205923973867427,0.19460422317241244,0.9942719031476841,0.0,0.0,0.0,0.0,False,1103.214313439481,1.6117151744856986,1440,2023-11-03,0.05,1.088210513753885,2.572
471,5,214,709.822237136202,7584.6759661956885,7205.442167885884,7234.141812370133,0.9960327506387595,28.699644484249067,0.09851196090363844,0.19116359951731665,0.9698893869250849,0.0,0.0,0.0,0.0,False,1455.3776133905637,2.7703825871685943,1440,2023-07-20,0.05,1.0736429004227614,2.568
472,5,197,922.0236768246876,6784.646642468797,6445.414310345359,6452.306872973701,0.9989317676973468,6.892562628341825,0.14305111082537744,0.1929098261582453,0.973633682071733,0.0,0.0,0.0,0.0,False,1702.3645143124804,2.3104572269895427,1440,2023-02-03,0.05,1.0700000018232076,2.469
473,5,136,627.2176355392055,4989.708975392183,4740.22352662258,4749.83332568684,0.9979768134152643,9.609799064261352,0.13231815588791432,0.19625188928294068,0.9871768657577693,0.0,0.0,0.0,0.0,False,1387.7486232639035,1.8919227953340627,1440,2023-02-26,0.05,1.063598493025609,2.563
474,5,247,202.91720033368057,9030.816705457342,8579.275870184403,8598.259960315174,0.9977921009345623,18.98409013077029,0.023652019518206616,0.17956525094897555,0.9708937726042299,0.0,0.0,0.0,0.0,False,1748.2532875811287,2.2121383636922882,1440,2023-12-20,0.05,1.0513121526490534,2.487
475,5,261,135.34124543310784,9614.212922697607,9133.502276562718,9169.561323069564,0.9960675276344872,36.05904650684419,0.014818110439453667,0.1984998419637352,0.9617451902313597,0.0,0.0,0.0,0.0,False,1977.2511335811319,2.609403994898968,1440,2023-03-24,0.05,1.0792154221350834,2.575
476,5,229,932.6395137353564,8214.790011825928,7804.050511234633,7834.609835460478,0.9960994452987908,30.559324225846325,0.11950710882672248,0.20250481124417244,0.977528153518946,0.0,0.0,0.0,0.0,False,1704.8521454034585,2.238013807226999,1440,2023-04-07,0.05,1.0599569453932494,2.497
477,5,248,1008.6212784617924,8791.318441370784,8351.75251930221,8376.170400608851,0.997084839474509,24.417881306640975,0.12076762046417329,0.2084521083138988,0.9642059091537362,0.0,0.0,0.0,0.0,False,2025.1494709416775,2.5577608405111,1440,2023-04-03,0.05,1.0356139910206117,2.566
478,5,134,511.8694765878357,4934.649685823402,4687.917201532246,4716.572721339415,0.9939245037657277,28.655519807170283,0.10918910351499621,0.22237013904782288,0.9616597782086056,0.0,0.0,0.0,0.0,False,799.580815960782,3.045348480241325,1440,2023-05-14,0.05,1.0026329685534086,2.696
479,5,225,867.509950135111,7791.046919840604,7401.494573848576,7439.361504045212,0.9949099220173605,37.86693019663682,0.11720740202934844,0.22121204938343278,0.9734380219858831,0.0,0.0,0.0,0.0,False,1551.5673252459596,2.3378127430939357,1440,2023-04-13,0.05,0.9445099760126221,2.652
480,5,197,595.0789714779897,7477.037662833748,7103.185779692072,7134.031338166591,0.9956762793696325,30.845558474519287,0.08377634908259246,0.21518817450458083,0.974228112260323,0.0,0.0,0.0,0.0,False,1390.7281119902536,2.074068197813023,1440,2023-12-08,0.05,0.8994987767724794,2.586
481,5,184,512.5432663582724,7087.584268175259,6733.2050547665085,6782.492911140411,0.9927330766106742,49.28785637390155,0.07612173729885702,0.22548162894318222,0.9629470032020262,0.0,0.0,0.0,0.0,False,1278.6800108396308,3.1249149018632,1440,2023-05-31,0.05,0.8759829333886104,2.566
482,5,188,230.0925356204763,6878.208325645744,6534.29790936345,6570.274495830636,0.994524340422913,35.97658646718513,0.035213046422441295,0.2194541342582524,0.9761152658178492,0.0,0.0,0.0,0.0,False,1446.350393548953,2.1937955581186412,1440,2023-01-29,0.05,0.8332505774694332,2.556
483,5,251,878.0108888254553,8911.510315624897,8465.934799843631,8508.285440263611,0.9950224236460656,42.35064041997933,0.10371103836538788,0.21272391496710216,0.9833744839380344,0.0,0.0,0.0,0.0,False,1447.7216800052388,2.0757745477678737,1440,2023-03-11,0.05,0.8113524743280243,2.622
484,5,247,781.8375024794303,8653.081529509158,8220.427453033646,8249.039590319342,0.9965314583628289,28.612137285695898,0.09510910557222946,0.1945548696718791,0.9656398211328892,0.0,0.0,0.0,0.0,False,1981.1564170970269,2.486076354265281,1440,2023-12-04,0.05,0.8080042785070727,2.553
485,5,199,1009.7405661167996,6860.589592878775,6517.560113234833,6543.987808921698,0.9959615304217353,26.42769568686544,0.15492616079848312,0.2178653717361325,0.9660418316547776,0.0,0.0,0.0,0.0,False,1634.6644265500336,2.39712433243547,1440,2023-02-06,0.05,0.8455698780162081,2.6
486,5,291,914.4774849729159,10487.189223524878,9962.829762348645,9985.403396173744,0.9977393368170034,22.573633825097293,0.09178893013196848,0.1923250978527474,0.9513008734269817,0.0,2.0833333333333335,147.36977912835798,0.0,False,2264.9678909155255,3.675570805309148,1470,2023-09-17,0.05,0.8234459844953522,2.653
487,5,200,347.840912352484,7095.373533308198,6740.6048566428035,6801.701995902185,0.99101737487232,61.097139259381336,0.05160381297380012,0.21884282507342986,0.9510033833319784,0.0,1.3888888888888888,13.169621218759458,0.0,False,824.1407445564021,3.6501268870591486,1482,2023-08-07,0.05,0.8623192173294775,2.574
488,5,222,880.8969059420207,8354.06777948288,7936.364390508709,7969.3175419761255,0.9958649970598054,32.953151467417,0.11099501769292583,0.21018496574646456,0.9655123895431084,0.0,0.0,0.0,0.0,False,1833.5538494896268,2.43690745719354,1440,2023-10-26,0.05,0.8341366624576048,2.53
489,5,230,802.9836556261923,8117.810527180816,7711.920000821785,7749.661101504444,0.9951299675962176,37.74110068265817,0.10412240473716353,0.22624723742853445,0.9703283486685714,0.0,0.0,0.0,0.0,False,1704.5138253072282,2.160589976469414,1440,2023-11-21,0.05,0.830128660792107,2.703
490,5,135,345.92932546340285,4469.67551454292,4246.191738815756,4275.686630080826,0.9931017181994668,29.494891265069338,0.0814681358595175,0.2254053439519906,0.9518528207058623,0.0,0.0,0.0,0.0,False,821.9657863606587,3.52350515023933,1440,2023-06-05,0.05,0.7902728998877282,2.638
491,5,230,1049.2613759257613,8231.333287479645,7819.766623105651,7853.88018922732,0.9956564697576542,34.11356612167048,0.13418065097050721,0.21587759257367284,0.9727893014021164,0.0,0.0,0.0,0.0,False,1840.9516021390914,2.309535227476651,1440,2023-01-28,0.05,0.7589701896150223,2.618
492,5,156,652.0848101968055,5626.437447723221,5345.1155753370485,5363.4806738685165,0.9965758991878269,18.36509853146847,0.12199639109874379,0.20575679817100273,0.9903978138294949,0.0,0.0,0.0,0.0,False,944.8017523948857,1.5543839157209283,1440,2023-04-08,0.05,0.754095194800473,2.523
493,5,159,561.7483997652009,5811.624288433766,5521.04307401209,5554.120348780469,0.9940445520278217,33.07727476837951,0.1017467881041152,0.22903737353310696,0.9791715226660784,0.0,0.0,0.0,0.0,False,1227.223985671997,1.9403806290965273,1440,2023-04-18,0.05,0.7721731067261576,2.532
494,5,185,896.4751314339702,6876.277651921222,6532.463769325164,6586.700015724489,0.9917657937556218,54.2362463993251,0.13723384669098296,0.22981669704712646,0.984161556803796,0.0,0.0,0.0,0.0,False,1001.0096309914745,2.0466493410735946,1440,2023-01-02,0.05,0.7339663017934206,2.526
495,5,253,882.141630810729,8676.261640160781,8242.448558152746,8269.013286453774,0.9967874367375191,26.564728301027188,0.10702422036206556,0.20508687264936834,0.9556175196690672,0.0,0.0,0.0,0.0,False,1894.9806205983525,3.116713372347118,1440,2023-06-29,0.05,0.7001955112640318,2.569
496,5,126,95.74334045053486,4869.382082654542,4625.912978521803,4645.005354114903,0.9958896978286179,19.092375593099096,0.02069717716158365,0.21694854492570775,0.9914752923026219,0.0,0.0,0.0,0.0,False,861.8302966356277,1.5686341651968592,1440,2023-12-29,0.05,0.7273301488831202,2.508
497,5,153,72.70614937470923,5567.3436306277035,5288.976449096317,5315.516984583968,0.9950069700530308,26.540535487650736,0.013746733432161892,0.2143518949269662,0.9893441976311833,0.0,0.0,0.0,0.0,False,1122.1073070328093,1.6442422816708753,1440,2023-11-18,0.05,0.7220947527241589,2.591
498,5,131,488.9322065665171,4846.847676552018,4604.50529272442,4639.583620425996,0.9924393371105239,35.07832770157514,0.10618561071893631,0.23048336387635807,0.9965424960959172,0.0,0.0,0.0,0.0,False,828.6704819461077,1.2567917437808032,1440,2023-01-05,0.05,0.722901471047873,2.536
499,5,263,823.2207600106079,9178.615938131576,8719.685141225022,8788.364368821938,0.9921852093615319,68.67922759691595,0.09440945936437269,0.22520623768522385,0.9595257774521168,0.0,0.0,0.0,0.0,False,2050.830883292373,2.9124084017734098,1440,2023-10-30,0.05,0.686533445824364,2.557
500,5,289,1308.9167548805913,10201.71265970157,9691.627026716451,9746.818099932669,0.9943375291658927,55.191073216217845,0.1350564514371387,0.22179447485449533,0.9772534848940693,0.0,0.0,0.0,0.0,False,1504.9457040293967,1.9940507810168218,1440,2023-02-23,0.05,0.6677883913817912,2.585
501,5,171,406.7574193001601,5966.225181672916,5667.913922589263,5726.882838566547,0.9897031391003549,58.96891597728511,0.07176492530682997,0.24085015273516375,0.9886316933102001,0.0,0.0,0.0,0.0,False,1141.6733848080535,1.6863893288325258,1440,2023-10-27,0.05,0.6592085023126109,2.605
502,5,187,555.286962087801,6384.793171079977,6065.5535125259585,6124.062235716365,0.9904460926524921,58.50872319040628,0.09154761571900724,0.2328999859879101,0.963954140902442,0.0,0.0,0.0,0.0,False,1053.3670459371972,3.0049137447647674,1440,2023-07-24,0.05,0.6083795920830378,2.557
503,5,210,563.8050325023313,7072.476560345323,6718.852732328059,6757.070285832191,0.9943440645298207,38.21755350413254,0.08391388455197989,0.21928829920023188,0.955608932014491,0.0,0.0,0.0,0.0,False,1545.8273943255817,3.266949306446393,1440,2023-07-26,0.05,0.583561831443942,2.568
504,5,126,342.8095131452466,4380.360747123407,4161.342709767247,4181.768172057204,0.9951155919100344,20.42546228995745,0.08237954358832915,0.22638608201697963,0.9943830517449284,0.0,0.0,0.0,0.0,False,904.0269165039062,1.62905139327869,1440,2023-09-27,0.05,0.5926889189055459,2.531
505,5,245,1028.9194637705575,8184.713401406579,7775.47773133627,7830.425592726387,0.9929827745964208,54.947861390116806,0.13232877764203055,0.22646695034730044,0.9734782760618523,0.0,0.0,0.0,0.0,False,1403.5658159214634,2.384472425118534,1440,2023-01-02,0.05,0.5830561625771349,2.56
506,5,192,219.34792724040463,7111.103575842059,6755.548397049912,6795.749527189939,0.9940843714178721,40.201130140026244,0.03246929995145797,0.23086070289278332,0.9892753455512429,0.0,0.0,0.0,0.0,False,1221.4270013053067,1.7456988219753586,1440,2023-10-21,0.05,0.5738486996703352,2.601
507,5,201,556.7011887822812,7317.017951539772,6951.167053962767,6983.908571415757,0.9953118633902228,32.74151745299055,0.0800874420741929,0.21468410537907123,0.9671005039804222,0.0,0.0,0.0,0.0,False,1422.2530323160877,2.9549616043213027,1440,2023-05-15,0.05,0.5552734386001942,2.623
508,5,213,602.0084876933414,7487.793197203143,7113.403537343033,7139.973094638026,0.9962787594655019,26.569557294993377,0.08463016115042461,0.21835680714425257,0.9781916079895008,0.0,0.0,0.0,0.0,False,1523.8319228887558,2.1558611040976277,1440,2023-12-13,0.05,0.5752675390052943,2.542
509,5,208,316.36163359680046,7233.23000965568,6871.568509172948,6925.735988411869,0.9921788125724755,54.167479238920414,0.046039216981462835,0.2229988833595086,0.9793601535417105,0.0,0.0,0.0,0.0,False,1253.6863694875,1.842108235093922,1440,2023-12-16,0.05,0.5822650350887628,2.499
510,5,211,517.7545841971369,7259.842243040822,6896.850130888777,6913.195525338602,0.9976356238746734,16.345394449825307,0.07507116645586952,0.20901596924570295,0.9572967921269644,0.0,0.0,0.0,0.0,False,1305.625533736235,3.163509563704965,1440,2023-05-21,0.05,0.576500520113999,2.507
511,5,135,545.6735285103709,4904.6464772256995,4659.414153364414,4689.957672919917,0.9934874637074311,30.543519555502684,0.11711204682596363,0.22322424352672618,0.9842713686030635,0.0,0.0,0.0,0.0,False,875.9953132160488,2.163652676525764,1440,2023-06-20,0.05,0.6022005207222751,2.514
512,5,259,954.6387518556187,9151.85182881407,8694.259237373399,8740.731516543598,0.9946832505858073,46.47227917019757,0.10980104524051693,0.2171410603718497,0.964706405946072,0.0,0.0,0.0,0.0,False,1907.3822775355993,2.588940366192282,1440,2023-03-17,0.05,0.5903411056143086,2.586
513,5,260,895.9159672545081,8985.709347071584,8536.423879717986,8598.189774222674,0.9928164071593463,61.76589450468668,0.10495214153823229,0.22315639891287567,0.9510399578217978,0.0,0.0,0.0,0.0,False,1656.9159530473821,3.590466047937338,1440,2023-08-29,0.05,0.5933795234500712,2.603
514,5,299,893.1865424981869,10641.585735828248,10109.506449036786,10178.942285727073,0.9931784821309332,69.43583669028719,0.0883511521557304,0.2098605611653776,0.951000092856992,0.0,1.4583333333333333,23.89748965145495,0.0,False,2222.7153121232986,3.0786338419691903,1469,2023-09-30,0.05,0.5814186929827805,2.632
515,5,200,228.15482661471617,7437.205897734153,7065.345602847389,7100.267612179607,0.9950815925202153,34.92200933221648,0.03229209715130821,0.2023360819600627,0.9619674119135269,0.0,0.0,0.0,0.0,False,1310.1820167324413,3.0208784478889203,1440,2023-08-06,0.05,0.6006078435951745,2.538
516,5,219,1078.205491380371,7970.791220471218,7572.251659447655,7601.097139588839,0.9962050899216972,28.84548014118402,0.14238901978847054,0.20937493037123903,0.9801771509668982,0.0,0.0,0.0,0.0,False,1627.3106642822004,2.101204477162551,1440,2023-02-14,0.05,0.6323962142387796,2.503
517,5,219,669.1284815534682,7811.723548976038,7421.1373715272275,7452.255867026286,0.9958242851487765,31.118495499058906,0.0901652197034813,0.2095710797930113,0.9576223038561049,0.0,0.0,0.0,0.0,False,1458.24000540056,3.3123140233646526,1440,2023-07-11,0.05,0.6418726977305138,2.541
518,5,290,1111.7615892694857,10289.33701343814,9774.870162766194,9802.88978705684,0.9971416975096832,28.019624290644508,0.11373671166542308,0.20022341606672836,0.9716685671439941,0.0,0.0,0.0,0.0,False,1887.3100652937385,2.419337607988136,1440,2023-11-30,0.05,0.6485438018063514,2.586
519,5,156,563.3804371669197,5399.909715922359,5129.914230126258,5141.146401278405,0.9978152399726734,11.232171152146341,0.10982258413958974,0.20377397398860636,0.9705391312088938,0.0,0.0,0.0,0.0,False,1346.6168105991724,2.4211090009391865,1440,2023-02-10,0.05,0.6744343744615078,2.55
520,5,238,349.9047439684912,8296.86138218213,7882.018313073099,7926.278781270999,0.9944159839163766,44.26046819790021,0.044392784953079835,0.2171252498600743,0.9708629618053572,0.0,0.0,0.0,0.0,False,1699.1274259466768,2.2273345822059047,1440,2023-12-16,0.05,0.6871469064580709,2.609
521,5,239,883.4737131610577,8256.606503090385,7843.776177935839,7878.122204597625,0.9956403282698837,34.34602666178603,0.11263372298233425,0.19382519905113893,0.9747570994778393,0.0,0.0,0.0,0.0,False,1417.8177207179465,2.322687584518345,1440,2023-10-12,0.05,0.6670878626450881,2.577
522,5,158,590.2662483083848,5580.580091520257,5301.5510869442605,5320.829026140655,0.99637689181485,19.277939196393316,0.11133840618116271,0.20861674944531303,0.9925001816675503,0.0,0.0,0.0,0.0,False,1105.9772294163704,1.5749803198359948,1440,2023-03-09,0.05,0.7026094794218027,2.589
523,5,131,498.84912697014613,4652.049562246827,4419.447084134483,4431.526378927065,0.9972742360623144,12.079294792582214,0.11287591354153348,0.19630710799714665,0.9818161443462889,0.0,0.0,0.0,0.0,False,1020.5972756380959,2.0787348409904833,1440,2023-10-11,0.05,0.698054524503726,2.533
524,5,269,1251.8982511644076,9850.315139897535,9357.79938290263,9380.024800842248,0.9976305587232966,22.225417939616673,0.1337812662934103,0.1958753269722033,0.9753058316454177,0.0,0.0,0.0,0.0,False,1640.42411198,2.1249468777292884,1440,2023-02-23,0.05,0.721676416355373,2.77
525,5,152,529.0236723180149,5352.532096639844,5084.905491807862,5108.716552821255,0.9953391305297131,23.81106101339404,0.10403805403469327,0.20570202063332876,0.9980530281399268,0.0,0.0,0.0,0.0,False,876.4125721146701,1.3034112475632054,1440,2023-02-16,0.05,0.741730081742956,2.548
526,5,129,369.04202660816236,4364.269327748919,4146.055861361502,4162.646516443339,0.9960143973272051,16.590655081838253,0.0890103845554494,0.20456876112426803,0.9951700048713221,0.0,0.0,0.0,0.0,False,854.2147869576534,1.6414260586604568,1440,2023-03-29,0.05,0.7358691869668799,2.525
527,5,244,755.9775228996865,8444.963332611387,8022.71516598085,8055.932277521163,0.9958766893270689,33.21711154031244,0.09422963513715389,0.20572703457820946,0.9510000867873378,0.0,1.7361111111111112,31.423712403348986,0.0,False,1794.8698578732537,3.2154198392291624,1477,2023-06-13,0.05,0.7334452040097392,2.545
528,5,173,631.7821005835771,6282.609012961814,5968.478562313703,5982.848322041269,0.9975981741548375,14.36975972756584,0.10585312387193435,0.20618601021362415,0.9557435982580618,0.0,0.0,0.0,0.0,False,1300.714360781631,3.3630133953299945,1440,2023-08-20,0.05,0.728671464316445,2.566
529,5,246,768.9199224822494,8892.297451534594,8447.682578957869,8479.376104978928,0.9962622809003071,31.693526021059263,0.09102140324229673,0.19872360076209633,0.9528761931480686,0.0,0.0,0.0,0.0,False,1632.3204952497356,3.264732768861227,1440,2023-07-24,0.05,0.7235334256532163,2.567
530,5,291,350.08963849728315,10153.108052987232,9645.452650337826,9661.117949474654,0.9983785210760542,15.665299136830058,0.036295822621141734,0.20156921314167958,0.9510001454825049,0.0,7.430555555555555,168.01955317787647,0.0,False,2019.7117548362994,3.698472828569885,1665,2023-07-30,0.05,0.7359041154778895,2.587
531,5,212,602.0167632926532,7406.340702746566,7036.0236676092,7053.491148562749,0.9975235694515462,17.467480953548268,0.08556207195039396,0.18995164436075065,0.9517963822501704,0.0,0.0,0.0,0.0,False,1811.900208271667,3.1171872434729737,1440,2023-07-05,0.05,0.739461859445461,2.602
532,5,278,842.6356255137499,10065.99249895065,9562.692874003124,9580.955886168362,0.9980938214952431,18.263012165237253,0.08811698091910034,0.19236658126234638,0.951000675477752,0.0,4.166666666666667,212.74591027985753,0.0,False,2316.6095704973077,3.7990077051649362,1532,2023-07-05,0.05,0.7683691237195244,2.547
533,5,160,487.0631552471185,5895.494283725751,5600.719569539452,5613.410044171285,0.997739257504445,12.690474631831945,0.08696438898603341,0.19679415016867138,0.9662778242289127,0.0,0.0,0.0,0.0,False,1267.836957080026,2.988454587665354,1440,2023-07-05,0.05,0.7865637448921471,2.534
534,5,166,53.50952055479768,6218.972011441411,5908.023410869337,5927.13216066228,0.9967760547133122,19.10874979294366,0.009057093520711696,0.201443959704096,0.9874407503158771,0.0,0.0,0.0,0.0,False,1197.0322505449494,1.578136099888071,1440,2023-11-04,0.05,0.7915390827278967,2.532
535,5,294,835.349289439343,9870.500543914231,9376.975516718549,9394.090620001814,0.9981780989799242,17.115103283265746,0.08908515202476198,0.18410027426551673,0.9510007989649556,0.0,6.180555555555555,273.1127809594562,0.0,False,2182.7872577851526,3.6622405498110817,1593,2023-07-25,0.05,0.7852175740333575,2.683
536,5,191,668.4338028844903,7119.607062108186,6763.626709002796,6794.015658029135,0.9955271005314176,30.388949026339148,0.0988277194533466,0.19713442119185387,0.9836457166368555,0.0,0.0,0.0,0.0,False,1328.7271195243966,2.070715123272618,1440,2023-09-29,0.05,0.8191114613293247,2.656
537,5,135,299.4368901997026,4726.612552050117,4490.28192444761,4504.033179099137,0.9969469020087732,13.751254651526114,0.06668554341084919,0.19200162138181973,0.9691802056771704,0.0,0.0,0.0,0.0,False,1137.5707257012004,2.679431056442874,1440,2023-07-31,0.05,0.8176947268685639,2.508
538,5,166,710.9741289200601,5662.107038682786,5379.001686748634,5397.988019878889,0.9964827018770077,18.98633313025481,0.1321758516401976,0.18971165001994614,0.9861459264864879,0.0,0.0,0.0,0.0,False,1221.6129261137544,1.7021073195802372,1440,2023-03-02,0.05,0.8282534178129395,2.515
539,5,164,477.1324445453467,5896.497185604472,5601.672326324261,5620.392912105558,0.9966691677834524,18.72058578129724,0.08517678592214878,0.1898840701909955,0.987003926176707,0.0,0.0,0.0,0.0,False,1167.2741271731852,1.836731420758841,1440,2023-11-06,0.05,0.8422527250635646,2.46
540,5,253,698.563729466237,9168.467492173539,8710.044117564838,8731.209352316315,0.9975759102894649,21.165234751476458,0.08020208853563672,0.18116026923467424,0.9591595586214047,0.0,0.0,0.0,0.0,False,1847.3245765071283,2.906141729456784,1440,2023-06-09,0.05,0.8535786429782062,2.519
541,5,262,938.2926855138913,10243.798862344109,9731.608919226872,9760.890731012196,0.9970000881484832,29.28181178532272,0.09641701524401518,0.17591742366299767,0.9635680146581352,0.0,0.0,0.0,0.0,False,1980.4666803745604,2.4530366798106202,1440,2023-04-22,0.05,0.8827737259520926,2.522
542,5,175,723.1820558886857,6756.983518275815,6419.134342362047,6432.555101665483,0.9979136192241929,13.420759303435531,0.1126603709033104,0.1719739202640719,0.9520522256422256,0.0,0.0,0.0,0.0,False,1360.2482481498744,3.4573883008859574,1440,2023-08-21,0.05,0.9188681814057402,2.451
543,5,260,805.9747181829085,9324.656624061377,8858.423792858304,8868.433953580457,0.9988712594834049,10.010160722151847,0.09098398733561251,0.16908801937034645,0.9541917143891631,0.0,0.0,0.0,0.0,False,2173.3241672777144,2.995534053153444,1440,2023-05-01,0.05,0.9578207572330915,2.49
544,5,294,981.8457917730539,11001.30639298079,10451.241073331765,10471.846488423278,0.9980323035565607,20.605415091514196,0.09394537786315267,0.1703941487911045,0.951000606279621,0.0,2.2222222222222223,70.72882003839841,0.0,False,1731.8212303847304,3.8383378758014652,1536,2023-07-21,0.05,0.9968773988926511,2.565
545,5,226,628.9926081544485,8080.761510097323,7676.72343459243,7687.738653651815,0.9985671704573161,11.015219059384869,0.08193503563253517,0.15517460447095768,0.951000161977978,0.0,6.875,757.6045287002911,58.80790612190172,True,1950.0314910345098,4.502859641718355,1783,2023-06-06,0.05,1.026729520055076,2.577
546,5,275,757.1667083704695,10154.577594090068,9646.848714385527,9654.452295668638,0.9992124274842062,7.603581283109731,0.0784885023895286,0.15472911147388593,0.9510031181148941,0.0,5.972222222222222,161.84849441370898,0.0,False,2115.6738517098875,3.4059684499295773,1577,2023-08-01,0.05,1.086335484265791,2.563
547,5,214,120.01880476811161,7367.857463649609,6999.4645904671415,7017.346888778822,0.9974517009640388,17.88229831168035,0.017146855051109217,0.1611158708785819,0.9862154293506477,0.0,0.0,0.0,0.0,False,1631.6835317709947,2.0713420430348215,1440,2023-01-07,0.05,1.1372638846542265,2.6
548,5,143,408.61090125257317,5434.042809700561,5162.340669215564,5166.253092471245,0.9992426961696124,3.9124232556804195,0.0791522542650528,0.15891228349869638,0.9820093799333051,0.0,0.0,0.0,0.0,False,1266.677180716014,1.9469144850774303,1440,2023-12-12,0.05,1.1658999407307147,2.606
549,5,182,679.4063821099202,6568.10555838446,6239.700280465224,6244.071829499646,0.9992998880932521,4.371549034421985,0.1088844578379756,0.16015893491152602,0.9660990703913418,0.0,0.0,0.0,0.0,False,1708.5685151054977,2.9075891362322737,1440,2023-02-10,0.05,1.1957110636527186,2.644
550,5,224,228.25548594223594,7935.885354410006,7539.091086689485,7555.992334748691,0.9977631994170401,16.901248059205475,0.030276260535600712,0.1567602760912678,0.9758737135646234,0.0,0.0,0.0,0.0,False,1405.848773349533,2.026332946195286,1440,2023-01-14,0.05,1.2188093821365202,2.622
551,5,148,122.82809428034535,5211.678880913239,4951.094936867579,4958.508306779811,0.9985049193318692,7.413369912231465,0.02480826884690183,0.16970994802538436,0.986977597958137,0.0,0.0,0.0,0.0,False,1182.2581780649964,1.8231635140786122,1440,2023-01-11,0.05,1.2469270725235662,2.564
552,5,263,932.097157065859,8909.51377277042,8464.038084131846,8476.855340268045,0.9984879704062765,12.817256136197349,0.11012440489998859,0.17528635209574958,0.9650995861687083,0.0,0.0,0.0,0.0,False,1931.30227111883,2.7367428691248463,1440,2023-10-09,0.05,1.2424464491768774,2.519
553,5,236,775.3153892878976,8159.695880766805,7751.7110867284455,7780.180256751538,0.9963408084281354,28.469170023091554,0.10001861274413336,0.1676505016402056,0.9614186432912492,0.0,0.0,0.0,0.0,False,1222.6041898357998,3.201061324895912,1440,2023-06-23,0.05,1.2278295439399354,2.479
554,5,190,64.55203404060191,6877.143985588824,6533.286786309371,6550.692804609549,0.9973428736746852,17.40601830017744,0.009880483767507643,0.172899300427831,0.9747645656342733,0.0,0.0,0.0,0.0,False,1542.7023326916938,2.217039175202629,1440,2023-03-24,0.05,1.2345523656705684,2.429
555,5,192,162.5175475006093,6522.64886922592,6196.516425764643,6204.7653267328915,0.9986705539155996,8.248900968248138,0.026227243879298655,0.17434323550672198,0.968465917966784,0.0,0.0,0.0,0.0,False,1378.434308779239,2.8858533145875893,1440,2023-08-06,0.05,1.229738300700907,2.44
556,5,155,499.7104815157156,5603.4149306741,5323.244184140376,5326.6903366134065,0.9993530405833162,3.4461524730302724,0.0938732968524177,0.16803150872170264,0.9820275022564455,0.0,0.0,0.0,0.0,False,1438.9579011260514,2.053327402354265,1440,2023-11-15,0.05,1.2239932297762819,2.501
557,5,260,1107.0667137771209,9684.036059359469,9199.834256391528,9209.216030440977,0.9989812624637714,9.381774049450058,0.12033550637154067,0.16626387455237931,0.9510049754238373,0.0,1.0416666666666667,11.220267222448316,0.0,False,2281.762211294008,3.218610940268018,1470,2023-09-11,0.05,1.2348813965275391,2.58
558,5,156,386.7819740311775,5836.825830645658,5544.984539113361,5553.482507744942,0.9984697946523232,8.497968631581184,0.06975348106074677,0.16982267929949355,0.9815722734038562,0.0,0.0,0.0,0.0,False,1278.5618711064103,1.9303487042011591,1440,2023-11-19,0.05,1.2491675313734374,2.516
559,5,148,541.3737147393077,5150.724262055422,4893.18804895269,4903.433082726271,0.9979106406469231,10.245033773580507,0.11063824020725715,0.14982753951282404,0.9855805114909317,0.0,0.0,0.0,0.0,False,1077.6712714489013,1.9411836296621496,1440,2023-10-12,0.05,1.2542759348415298,2.636
560,5,238,187.48444147815897,8861.079692437947,8418.025707816054,8426.905902275861,0.9989462093723618,8.880194459807113,0.022271782955483436,0.16587508218152647,0.9717971416890574,0.0,0.0,0.0,0.0,False,1900.2993206372148,2.5047220929818357,1440,2023-01-11,0.05,1.3048605881710356,2.548
561,5,193,736.1915925348098,6777.79046970455,6438.900946219326,6449.655003822221,0.9983326150628953,10.754057602895191,0.1143349771465382,0.1646939387960294,0.9642217678149022,0.0,0.0,0.0,0.0,False,1524.6497754949132,2.490863957248577,1440,2023-06-20,0.05,1.3117299628544186,2.513
562,5,139,689.6465863755037,5467.868706888714,5194.475271544294,5199.840721208683,0.9989681511507641,5.365449664390704,0.132765399838062,0.16025334748694717,0.9901459553895696,0.0,0.0,0.0,0.0,False,1060.980655492342,1.5150808649652014,1440,2023-02-23,0.05,1.321589281109417,2.405
563,5,232,4.975061090625248,8543.319936317715,8116.153939501834,8131.892002001634,0.9980646493465573,15.738062499798586,0.0006129825934438369,0.1701677739483718,0.951278888909303,0.0,0.0,0.0,0.0,False,2051.097026251283,3.2214747645368864,1440,2023-10-13,0.05,1.341233369219049,2.542
564,5,277,1008.1665424972347,10171.899394693966,9663.304424959208,9680.389150766861,0.9982351199376834,17.08472580765362,0.10432937825007935,0.16775544687435648,0.9696489472786974,0.0,0.0,0.0,0.0,False,2140.228756565006,2.6172488087977115,1440,2023-11-21,0.05,1.3366285127942021,2.51
565,5,199,732.8244344763899,7090.832434194466,6736.2908124847345,6741.559242984701,0.9992185145438796,5.268430499966414,0.10878752935045596,0.16725121610801716,0.9792365480310405,0.0,0.0,0.0,0.0,False,1641.6690494873108,2.1329318306968013,1440,2023-01-09,0.05,1.3398639748734404,2.542
566,5,264,917.8723405788985,9336.919218848785,8870.073257906311,8879.985792464791,0.99888372179977,9.912534558482431,0.1034796798054352,0.16203298092983634,0.951182968187714,0.0,6.25,329.2965041999767,0.0,False,2310.462880412362,3.456685727026383,1530,2023-09-14,0.05,1.3451990914173768,2.591
567,5,125,428.3044911516807,4575.511003206001,4346.735453045686,4351.717614122636,0.9988551276717079,4.982161076950396,0.09853474999302632,0.16719089252051855,0.9695378435096605,0.0,0.0,0.0,0.0,False,1136.608429731893,2.622557985656901,1440,2023-09-15,0.05,1.3628456529980317,2.563
568,5,274,976.1184899530349,9896.540993543718,9401.713943866533,9410.62119875796,0.9990534891689612,8.907254891430167,0.10382346195395922,0.14867339493035395,0.9520152499823227,0.0,0.0,0.0,0.0,False,2161.7932011125795,3.0334750576878204,1440,2023-05-10,0.05,1.3672559521370289,2.498
569,5,217,750.3270692624554,7555.933520286393,7178.136844272068,7181.269440795604,0.9995637823438652,3.132596523535783,0.104529501950244,0.1558843812774483,0.9510170382102895,0.0,0.06944444444444445,0.08143523577948254,0.0,False,1752.4385990970477,3.414334329789312,1442,2023-08-20,0.05,1.414089016400071,2.513
570,5,212,290.08280191063614,7796.469831684755,7406.646340100508,7414.792077590189,0.9989014206461296,8.145737489681562,0.03916520225086105,0.17006040859378715,0.9510245642470988,0.0,0.8333333333333334,14.109280929625793,0.0,False,1596.3876174082086,3.6769377758732658,1464,2023-05-28,0.05,1.437897078783025,2.49
571,5,136,302.48650231609304,4904.229609020772,4659.018128569703,4664.528698055566,0.9988186224498607,5.510569485863251,0.06492494640903125,0.16805822525723652,0.9905062141059077,0.0,0.0,0.0,0.0,False,1164.537072715757,1.6511122162732115,1440,2023-04-11,0.05,1.427253248163753,2.604
572,5,210,727.3082321476332,7314.737108621693,6949.000253190568,6956.547006675449,0.9989151581269216,7.546753484879726,0.10466372221150755,0.14946091314395674,0.9530260365551703,0.0,0.0,0.0,0.0,False,1699.161779889541,3.2958524455968274,1440,2023-05-14,0.05,1.4247400757458852,2.473
573,5,123,456.5390340919253,4472.999181022616,4249.349221971523,4255.883802818063,0.9984645772419319,6.534580846540475,0.10743740046860871,0.15399957519305785,0.9704798593793675,0.0,0.0,0.0,0.0,False,900.0911780821968,2.746078547520476,1440,2023-07-10,0.05,1.4661705788036086,2.464
574,5,180,505.9871076524118,6448.943832886513,6126.496641242204,6132.577668178519,0.9990084060463075,6.081026936314098,0.08258995920216783,0.15482084282581257,0.9648229528536434,0.0,0.0,0.0,0.0,False,1489.0552074111347,3.047606084638253,1440,2023-05-30,0.05,1.491629945982112,2.481
575,5,159,645.9249184674446,5590.511453382875,5310.985880713752,5318.393286694607,0.9986072098128984,7.407405980854728,0.12162053015675459,0.1624154508959473,0.9896439617224815,0.0,0.0,0.0,0.0,False,1164.3064829162302,1.6085236817190438,1440,2023-03-19,0.05,1.5124496087915638,2.536
576,5,270,1044.8333668656328,9358.539415481817,8890.612444707702,8894.526152799746,0.9995599868925212,3.9137080920445637,0.1175209664535078,0.14082927855066657,0.9514553091572794,0.0,0.0,0.0,0.0,False,2364.3893688807593,3.076914620016371,1440,2023-04-03,0.05,1.5142764287400314,2.497
577,5,153,623.9994881165618,5703.6010644746275,5418.421011250868,5430.724873188842,0.9977343978519853,12.303861937974162,0.11516260674851261,0.1761425424670666,0.982927594991692,0.0,0.0,0.0,0.0,False,1236.8115468056735,1.8052802220824993,1440,2023-01-18,0.05,1.5661859999308896,2.597
578,5,123,445.56489232126404,4348.32760529795,4130.9112250330345,4135.8817234581,0.9987982010228016,4.970498425065455,0.10786116380840426,0.17427153003925488,0.9661844541021631,0.0,0.0,0.0,0.0,False,1034.0567296431177,2.9635848811017858,1440,2023-05-14,0.05,1.5312173491441428,2.486
579,5,252,1012.6280491736433,9083.783707210565,8629.594521850064,8645.257862589899,0.998188215899538,15.663340739835505,0.11734364188371507,0.16402974022076255,0.9721707174270976,0.0,0.0,0.0,0.0,False,1689.1301630363716,2.399221961932109,1440,2023-03-04,0.05,1.5086450793539687,2.526
580,5,281,763.2938994502039,10208.013590243274,9697.612910731108,9703.13790341954,0.9994305973239354,5.524992688431354,0.07870946247045643,0.16775690491812947,0.953253008912291,0.0,0.0,0.0,0.0,False,2336.9750258628314,2.8570298295715273,1440,2023-11-27,0.05,1.514917714111474,2.553
581,5,246,216.67361076147876,9008.380424228095,8557.961403016707,8574.072044256041,0.9981210046806024,16.11064123933666,0.025318367372526438,0.16685582338044994,0.9744573242806254,0.0,0.0,0.0,0.0,False,1832.32417468347,2.2661157449553735,1440,2023-11-02,0.05,1.5133482143373649,2.521
582,5,150,443.8026236971312,5395.966187029012,5126.167877677554,5144.558360368852,0.9964252553080224,18.3904826912988,0.08657590509856634,0.183139849156172,0.9920334749949574,0.0,0.0,0.0,0.0,False,948.0432209681155,1.5317194382692054,1440,2023-12-08,0.05,1.5157322027319502,2.553
583,5,263,19.180452315264716,9161.893849329166,8703.799156862722,8730.228010308078,0.9969727189926598,26.428853445353113,0.0022036873748564638,0.17835835219047774,0.9629077248027105,0.0,0.0,0.0,0.0,False,1594.57765277534,2.8991344251617797,1440,2023-12-31,0.05,1.4826575442832208,2.6
584,5,124,394.9898779702631,4265.5743687608665,4052.295650322854,4056.83182482467,0.9988818430988294,4.536174501815475,0.09747311451443419,0.1695475206255489,0.9819459955937871,0.0,0.0,0.0,0.0,False,824.9957559704781,2.273862239693372,1440,2023-07-20,0.05,1.4677991932392411,2.523
585,5,263,1140.695414667968,9683.636455862665,9199.45463306953,9204.874673681275,0.9994111771421242,5.420040611745531,0.12399598238872542,0.16986809657367355,0.9536424791907732,0.0,0.0,0.0,0.0,False,2381.5518194437027,2.976012400352474,1440,2023-03-01,0.05,1.4768189658156234,2.582
586,5,270,1087.6003526839838,9357.57019275705,8889.69168311919,8907.86388719961,0.9979599818418271,18.17220408042001,0.12234399025888035,0.1719442399761292,0.9637485491412298,0.0,0.0,0.0,0.0,False,2078.1443131276746,2.6988676438583403,1440,2023-03-08,0.05,1.4848361119621711,2.509
587,5,292,959.6302203716781,10715.16944783105,10179.4109754395,10189.349598169978,0.9990246067587805,9.938622730478507,0.09427168454904099,0.16950489634813093,0.9510035180960333,0.0,8.194444444444445,503.3984817378114,0.0,False,2189.139466701561,4.078146321707879,1631,2023-08-27,0.05,1.4880851013952006,2.666
588,5,195,412.72091313734944,7035.831641661589,6684.040059578522,6712.014257484747,0.9958322201304877,27.974197906224944,0.06174722315523862,0.18270908309797146,0.9521823542547053,0.0,0.0,0.0,0.0,False,926.8198130929514,3.5337029092223,1440,2023-06-10,0.05,1.4975756041058137,2.57
589,5,201,672.5065180251224,6995.118996063316,6645.3630462601395,6667.476487289823,0.9966833867248218,22.113441029682782,0.10119936463119106,0.18465279955538105,0.9903169902104794,0.0,0.0,0.0,0.0,False,1248.4256785056937,1.6241748896941912,1440,2023-11-17,0.05,1.4769833412697566,2.547
590,5,267,998.2905816037287,9931.134422194931,9434.577701085183,9468.915199771262,0.9963736607666623,34.33749868607818,0.10581189887162659,0.19266994720072153,0.9601309768701717,0.0,0.0,0.0,0.0,False,1844.0948999283412,2.422340891408256,1440,2023-11-20,0.05,1.4570007148168405,2.42
591,5,277,72.93093577435017,10017.722597326245,9516.836467459882,9563.653399767876,0.9951047021100606,46.816932307993426,0.0076633591449970576,0.19548774075794376,0.9602545854642262,0.0,0.0,0.0,0.0,False,1282.9334946665933,3.184837329675258,1440,2023-07-15,0.05,1.4237433914747228,2.54
592,5,137,602.0065325222204,5180.166195572789,4921.157885794175,4928.875181535939,0.9984342683761451,7.717295741764061,0.12233026179875729,0.17909378688562316,0.9941933522347474,0.0,0.0,0.0,0.0,False,964.4874270216689,1.5048541969332652,1440,2023-11-29,0.05,1.3911639999372423,2.516
593,5,236,707.1289548461987,8685.523927204626,8251.247730844409,8264.584336598567,0.9983862944328489,13.336605754158294,0.08569963936518885,0.17700910838892892,0.9571081155304079,0.0,0.0,0.0,0.0,False,2119.123125018637,2.8515928387549216,1440,2023-01-15,0.05,1.402212495882082,2.649
594,5,288,698.5527588665722,10407.954836017248,9887.557094216354,9915.404428904032,0.9971915079321927,27.847334687678696,0.07064968143396966,0.18856006208057596,0.9755592725101777,0.0,0.0,0.0,0.0,False,1738.7517898418077,2.203995831142087,1440,2023-03-25,0.05,1.416787129911235,2.781
595,5,237,843.116097467617,8281.314698672366,7867.248963738737,7880.420564475965,0.9983285662701045,13.171600737227463,0.10716784245085649,0.18784503943305408,0.9741753990127455,0.0,0.0,0.0,0.0,False,1819.995862653261,2.3194133659026024,1440,2023-11-16,0.05,1.4036067359089048,2.58
596,5,221,765.0759319923582,7586.369223308797,7207.050762143323,7219.0091652985175,0.9983434841428546,11.958403155193986,0.10615658987877453,0.17685991926330347,0.9820536037389628,0.0,0.0,0.0,0.0,False,1436.9396801313717,1.9409188840388636,1440,2023-02-02,0.05,1.3952432185599362,2.49
597,5,150,523.8041253333167,5022.788331619658,4771.6489150386715,4786.935261816498,0.9968066527032945,15.286346777825997,0.10977423835237711,0.1993820186293622,0.9965402314382572,0.0,0.0,0.0,0.0,False,1030.1794173253525,1.5162967520634474,1440,2023-03-06,0.05,1.4138766730910473,2.455
598,5,249,557.4317677130216,8806.44006405275,8366.118060850073,8390.060447220283,0.9971463392283255,23.942386370212073,0.06662967981787978,0.1957890676131367,0.9655588278294528,0.0,0.0,0.0,0.0,False,1952.169557579055,2.711745459599719,1440,2023-04-01,0.05,1.379265717179139,2.54
599,5,278,1007.4545097903294,9579.339774192444,9100.372785482901,9123.390561249134,0.99747705903724,23.017775766233825,0.1107047517215384,0.19136053723410065,0.9591871014473328,0.0,0.0,0.0,0.0,False,2004.151488637735,2.9647820666847577,1440,2023-10-09,0.05,1.3596919913046517,2.538
