episode,stage,n_ev,cost_eur,energy_drawn_kwh,energy_delivered_kwh,energy_requested_kwh,service_quality,unmet_kwh,cost_per_kwh,retail_price_paid,min_voltage_pu,violation_rate_pct,q_activation_pct,q_kvarh,curtailed_kwh,q_exhausted_any,peak_ev_kw,peak_feeder_mw,pf_solves,day,noise,w_retail,wall_s
0,0,60,186.76575387500316,2226.41066863074,2115.090135199195,2132.1436021879185,0.9920017268202649,17.053466988723386,0.08830155782340401,0.21404094611511146,0.9751576187220499,0.0,0.0,0.0,0.0,False,493.1906937563734,2.5698865537380797,1440,2023-10-05,0.3,0.0,0.294
1,0,60,200.81771423058788,2016.0570302932165,1915.2541787785658,1930.5687369686639,0.9920673333734055,15.314558190097928,0.10485173010229763,0.18710792952439972,0.9686946749502318,0.0,0.0,0.0,0.0,False,377.11803558638184,2.8759690974373395,1440,2023-09-06,0.2985,-0.031592128759000755,0.294
2,0,60,206.75568455061497,2016.8391912414777,1915.9972316794099,1940.5458196274674,0.9873496478672324,24.548587948057204,0.10791022091894646,0.23283414823282575,0.9670755882582688,0.0,0.0,0.0,0.0,False,433.9971947300645,2.916879959742352,1440,2023-06-29,0.2970075,0.0030314082571444682,2.049
3,0,60,229.32209584969976,2264.2608713544737,2151.047827786743,2174.0394456362487,0.9894244707033008,22.99161784950612,0.10660948254491114,0.2525734494632563,0.9734483953823264,0.0,0.0,0.0,0.0,False,259.39622811608047,2.6556477611324345,1440,2023-06-17,0.29552246249999997,-0.0715091507001179,2.416
4,0,60,207.64783544515473,2193.5864805209026,2083.907156494866,2099.5538083798997,0.9925476299666226,15.646651885033862,0.09964351569021847,0.21224404956698073,0.9988697277380488,0.0,0.0,0.0,0.0,False,400.7250795214276,1.4285600995286798,1440,2023-04-25,0.2940448501875,-0.1771967330460379,2.43
5,0,60,202.10707303761723,2025.220941320022,1923.9598942540324,1948.734733939736,0.9872867049300155,24.77483968570396,0.1050474459687109,0.2171125967409789,0.9956214943918328,0.0,0.0,0.0,0.0,False,537.7407155519268,1.4622761560893203,1440,2023-03-27,0.29257462593656247,-0.17363432162931658,2.405
6,0,60,298.07535202272055,2318.8656389019875,2202.922356956881,2224.182466547462,0.9904413824358652,21.26010959058119,0.13530905938713253,0.22664278895786866,1.0079288535331943,0.0,0.0,0.0,0.0,False,488.4414310794326,0.9879121005589457,1440,2023-04-05,0.2911117528068797,-0.1823508261157845,2.293
7,0,60,217.612450554409,2128.3203502607707,2021.904332747723,2043.360755662356,0.9894994445522284,21.456422914632977,0.10762747130507334,0.21803982094798174,0.9616895257003178,0.0,0.0,0.0,0.0,False,371.1289574616714,3.168534991324728,1440,2023-06-22,0.28965619404284526,-0.2116225920300097,2.416
8,0,60,48.440026717862246,2291.478531059342,2176.904604506359,2184.695607576476,0.9964338267339863,7.791003070117011,0.02225179119819384,0.1674255227540694,1.007862005063873,0.0,0.0,0.0,0.0,False,529.3817358543583,0.9795742335646445,1440,2023-04-10,0.28820791307263105,-0.21701546618703774,2.364
9,0,60,284.9334079005151,2096.545900944852,1991.7186058975976,1997.5175868352887,0.9970969061920107,5.798980937691404,0.14305906821215117,0.1542585064219617,1.0067011354092863,0.0,0.0,0.0,0.0,False,349.9846799325668,1.117757401176123,1440,2023-01-27,0.28676687350726787,-0.10834958562375649,2.431
10,0,60,236.3157384891319,2342.4993222588014,2225.374356145857,2243.798295539151,0.9917889502679799,18.42393939329409,0.10619145396211402,0.1766127544985894,1.002278975481669,0.0,0.0,0.0,0.0,False,313.1729051456169,1.3012289732453408,1440,2023-12-02,0.28533303913973157,0.009837629436407355,2.377
11,0,60,221.74107379737896,2216.694915780978,2105.860169991917,2114.4716346695895,0.9959273680779273,8.611464677672611,0.10529714980944348,0.17401774921629803,0.9582667931996727,0.0,0.0,0.0,0.0,False,438.62109174472823,3.363815407283324,1440,2023-06-26,0.2839063739440329,0.056377417991028037,2.52
12,0,60,214.02274936994502,2176.3200923441395,2067.5040877269216,2084.8852512924377,0.9916632517042646,17.381163565515738,0.10351744919897513,0.212117100161993,0.9761975490666038,0.0,0.0,0.0,0.0,False,414.8078223466873,2.521838900454361,1440,2023-09-08,0.2824868420743127,0.1006173729949507,2.352
13,0,60,154.43354420509814,2061.3340922625002,1958.2673876493695,1973.6321747827199,0.9922149692685053,15.364787133349825,0.07886233778854601,0.1314321997693235,0.9729061060041125,0.0,0.0,0.0,0.0,False,416.53335652069063,2.678133144037428,1440,2023-06-09,0.28107440786394117,0.05158490990946025,2.349
14,0,60,256.3714254204976,2263.2180996673233,2150.0571946839455,2157.018784139889,0.9967725874678837,6.961589455942965,0.11923935142487395,0.15635079879012764,0.9569340631952916,0.0,0.0,0.0,0.0,False,480.7579034093769,3.407451248481796,1440,2023-08-23,0.27966903582462144,0.19329411031647462,2.452
15,0,60,247.35248259342538,1944.2617048630955,1847.048619619943,1861.5702966041813,0.9921992325453795,14.521676984238054,0.1339176889909491,0.18914223555891985,1.0042430680348788,0.0,0.0,0.0,0.0,False,464.71213563029073,1.1171567612839444,1440,2023-01-28,0.27827069064549836,0.2540230128568106,2.366
16,0,60,176.00933441961166,2273.347748460532,2159.680361037503,2175.129002283076,0.9928975976922025,15.448641245572658,0.08149786310741713,0.1713105149506283,0.9587234509753058,0.0,0.0,0.0,0.0,False,506.43726838627754,3.238677627527405,1440,2023-05-16,0.2768793371922708,0.23100786221979058,2.408
17,0,60,229.93563285797137,2207.0762945839006,2096.7224798547027,2105.899289765339,0.9956423320169034,9.176809910636582,0.10966431421763805,0.19043457765316468,1.0043624361867607,0.0,0.0,0.0,0.0,False,467.4380961088297,1.19441330041684,1440,2023-04-15,0.27549494050630946,0.25326000130088455,2.394
18,0,60,227.03542042880204,1827.543194765177,1736.166035026914,1753.8535608597717,0.9899150497923059,17.687525832857872,0.13076826515920326,0.19055408480458294,0.9948436502393132,0.0,0.0,0.0,0.0,False,499.6386115653466,1.5999016826379273,1440,2023-01-02,0.27411746580377794,0.2294670457375214,2.323
19,1,60,280.51182591694555,2127.0486282834336,2020.6961968692754,2035.4647949131424,0.9927443608551838,14.768598043867074,0.138819396182143,0.16861190700752646,1.0067023188719124,0.0,0.0,0.0,0.0,False,458.6898595690727,1.0542332001557135,1440,2023-01-21,0.27274687847475904,0.21064206131348162,2.432
20,1,120,247.33702526903434,4171.768973449263,3963.180524776797,3994.747774576146,0.992097811531368,31.567249799348332,0.062408720400886644,0.20903573179997184,0.9985267266719009,0.0,0.0,0.0,0.0,False,892.8775862857636,1.2730353239973011,1440,2023-12-18,0.27138314408238523,0.2454242695773977,2.499
21,1,120,381.5472891677861,4224.989714798003,4013.7402290580853,4054.583305643858,0.9899266895000233,40.84307658577296,0.09506028477017926,0.18771900183446202,0.9951894677062341,0.0,0.0,0.0,0.0,False,800.1118611944314,1.4580032219457673,1440,2023-01-15,0.2700262283619733,0.1838658350551522,2.406
22,1,120,475.4142093860313,4258.715114823289,4045.7793590821093,4091.6824692853384,0.9887813605899759,45.90311020322933,0.11750868428324066,0.20456442810808217,0.9850127766557257,0.0,0.0,0.0,0.0,False,765.8234433050094,2.109567229403771,1440,2023-06-20,0.26867609722016345,0.18212994326975424,2.49
23,1,120,140.8218374329909,4307.044150142561,4091.6919426354384,4139.232567592127,0.9885146282117836,47.540624956689314,0.03441652974057677,0.19857435279779787,0.9597937799582724,0.0,0.0,0.0,0.0,False,780.2526534795761,3.257122303146669,1440,2023-07-14,0.2673327167340626,0.14345307063406743,2.586
24,1,120,374.0837357929831,4209.126930154981,3998.670583647229,4028.348269522436,0.9926327904417446,29.677685875207796,0.09355202634666081,0.18419551206462859,0.9952434592682038,0.0,0.0,0.0,0.0,False,987.7284498248091,1.3769751854030647,1440,2023-01-31,0.2659960531503923,0.12576102056825358,2.42
25,1,120,-18.554537956592238,3876.25649555992,3682.4436707819254,3725.1072471380985,0.9885470206558615,42.663576356172754,-0.005038648141127544,0.2332216445583199,1.005040384049204,0.0,0.0,0.0,0.0,False,634.2629690766335,1.0703410298384828,1440,2023-12-24,0.26466607288464034,0.14403105452534348,2.412
26,1,120,253.38573521900506,4057.039613326568,3854.187632660241,3893.453470443246,0.9899149076568945,39.26583778300454,0.06574296826439478,0.1890054464022307,0.9881564758726731,0.0,0.0,0.0,0.0,False,1031.6616086465865,1.732193803910148,1440,2023-04-01,0.26334274252021717,0.04912850797697852,2.346
27,1,120,30.20514894031246,3966.575529516551,3768.2467530407166,3806.083475423784,0.9900588826736506,37.83672238306784,0.008015703567166608,0.21096238265999157,0.9668205746204886,0.0,0.0,0.0,0.0,False,484.6313598752022,2.9682565808623678,1440,2023-07-15,0.26202602880761605,0.07103183436157127,2.409
28,1,120,380.24082193453495,4157.144238176967,3949.287026268125,3983.1313489245213,0.9915030864685056,33.84432265639641,0.09628087789148189,0.20181645018387215,0.9812662994922179,0.0,0.0,0.0,0.0,False,1053.8592488112515,2.2915754637612387,1440,2023-05-09,0.260715898663578,0.03970111656917197,2.469
29,1,120,401.40706850216014,4429.9234612879345,4208.427288223547,4238.339020226537,0.9929425815489882,29.911732002989492,0.09538172837758623,0.19108755842271455,0.9941043667686621,0.0,0.0,0.0,0.0,False,864.4440238999342,1.6965704724616038,1440,2023-03-26,0.2594123191702601,0.03466677127352164,2.405
30,1,120,429.00877673009484,4571.457396320463,4342.884526504461,4378.368047816644,0.991895719837925,35.483521312182404,0.09878429281549403,0.21470822160385467,0.9892724033159392,0.0,0.0,0.0,0.0,False,1094.1652455329895,1.8027603472800338,1440,2023-11-15,0.2581152575744088,0.05468847899041236,2.418
31,1,120,395.689010057933,4063.0513499700664,3859.8987824715687,3932.930659713862,0.981430672554088,73.03187724229366,0.10251279433927683,0.27664855541912986,0.9539453209907378,0.0,0.0,0.0,0.0,False,912.0567043651793,3.4839391799261774,1440,2023-08-27,0.25682468128653674,0.01800497508522396,2.405
32,1,120,534.3436912614063,4040.2143165356847,3838.2036007089155,3885.9863565679925,0.9877038281983889,47.7827558590775,0.13921713042078152,0.20580643807942056,0.9947220364561097,0.0,0.0,0.0,0.0,False,916.0114856109433,1.2979010846287018,1440,2023-01-21,0.25554055788010405,-0.1514429902034887,2.469
33,1,120,503.0690044717398,4179.137762653844,3970.1808745211374,4017.0472396472737,0.9883331306976983,46.86636512613629,0.12671186033367243,0.2423025304427386,0.9697230183332266,0.0,0.0,0.0,0.0,False,834.8276558471496,2.8199847210080464,1440,2023-09-25,0.25426285509070357,-0.13143902619106937,2.487
34,1,120,50.798253773546335,4180.707596736492,3971.6722168996653,4015.9343632337127,0.9889783690840986,44.26214633404773,0.012790142539305537,0.21838517333484844,0.9970512807546942,0.0,0.0,0.0,0.0,False,778.7562385701207,1.519354936807015,1440,2023-12-30,0.25299154081525005,-0.19784238470257057,2.387
35,1,120,364.8382878578376,3840.397705469035,3648.3778201955683,3711.9369009252346,0.982877111754291,63.55908072966617,0.10000013864744982,0.25375337631871775,0.9502311797527443,0.0,0.0,0.0,0.0,False,398.3293197394024,3.64268532467727,1440,2023-09-02,0.25172658311117374,-0.1992661445411556,2.542
36,1,120,431.90250310859307,4489.21561328877,4264.754832624338,4320.1074752299355,0.9871872070491368,55.35264260559634,0.1012725279785473,0.23911593061886616,0.993271110303849,0.0,0.0,0.0,0.0,False,802.2437333674757,1.7104174913675,1440,2023-09-29,0.2504679501956179,-0.2809028677924719,2.417
37,1,120,497.12097663945457,4164.663104153245,3956.429948945603,3992.118512626868,0.9910602444370367,35.688563681264355,0.12564887614702705,0.2225394587918623,0.9651238394013415,0.0,0.0,0.0,0.0,False,883.4267801379194,2.880559505053219,1440,2023-06-21,0.24921561044463983,-0.31596566238479484,2.458
38,1,120,379.982530918516,4068.418144692474,3864.99723745786,3909.0087630950934,0.9887410010300448,44.011525637233476,0.09831379107749205,0.20012241449430268,0.9895915069675396,0.0,0.0,0.0,0.0,False,986.0015641973414,1.7018402264320591,1440,2023-09-29,0.2479695323924166,-0.3086746329788378,2.458
39,2,120,470.1864088645264,4365.4026047134685,4147.13247447779,4180.5850010094455,0.991998123103925,33.45252653165581,0.11337626944838135,0.1692673484815298,0.9745883602158936,0.0,0.0,0.0,0.0,False,1205.0970678811645,2.312875601766257,1440,2023-02-10,0.24672968473045453,-0.2535304327241561,2.499
40,2,180,392.6348818479495,6635.641395512695,6303.859325737098,6375.608370296557,0.9887463218578901,71.74904455945844,0.06228484196100608,0.20430616128673987,0.9556309783057296,0.0,0.0,0.0,0.0,False,1048.5659307578433,3.3511953009522495,1440,2023-06-10,0.24549603630680228,-0.13999729471638694,2.685
41,2,180,579.1708672542563,6110.866921880786,5805.323575786731,5881.574215596234,0.9870356749716244,76.25063980950264,0.0997654755490124,0.21717384204828916,0.9928131646512979,0.0,0.0,0.0,0.0,False,989.9567862252836,1.7291765184709074,1440,2023-04-30,0.24426855612526827,-0.12647148054597074,2.615
42,2,180,640.5640661983108,6269.434708197775,5955.962972787862,6040.359214498577,0.9860279432540799,84.39624171071586,0.10755004171869056,0.22430229171501023,0.9913065460969323,0.0,0.0,0.0,0.0,False,982.7322014660181,1.5679307796071174,1440,2023-01-05,0.2430472133446419,-0.14481841898746065,2.7
43,2,180,628.5406125668659,6118.798824300202,5812.858883085211,5870.88375635951,0.9901165010784885,58.024873274299374,0.1081293431010085,0.18748710335125723,0.9907022776872965,0.0,0.0,0.0,0.0,False,1028.7529592199796,1.5109674164843772,1440,2023-12-06,0.2418319772779187,-0.17639367359318947,2.887
44,2,180,612.5140944555675,6244.110622416424,5931.905091295619,6003.65673435855,0.9880486766253138,71.7516430629292,0.10325756818907314,0.1922664392124081,0.9469888897492348,0.7638888888888888,0.0,0.0,0.0,False,961.9350711125196,3.8803800403372617,1440,2023-08-26,0.2406228173915291,-0.12003481804507878,3.06
45,2,180,491.9226428673932,6311.589630413344,5996.010148892663,6015.1978259981115,0.9968101336547041,19.187677105447406,0.08204166281443687,0.16007412994351058,0.9844405455682326,0.0,0.0,0.0,0.0,False,1346.4918501684733,1.7972807252112086,1440,2023-11-27,0.23941970330457144,-0.08507559446174255,2.99
46,2,180,338.6037454104062,6567.817404535204,6239.426534308427,6271.771129977353,0.9948428290831074,32.34459566892524,0.05426840808983686,0.1689349181332761,0.9437903659130255,3.125,0.0,0.0,0.0,False,919.3200914639872,3.8236825246190116,1440,2023-08-07,0.23822260478804858,0.015711158299325442,3.045
47,2,180,407.4604109729087,6596.618648309932,6266.787715894436,6313.219438983284,0.9926453177277288,46.43172308884692,0.06501902241549813,0.19954976204665062,0.960492881580947,0.0,0.0,0.0,0.0,False,793.1632060118047,3.130798398403098,1440,2023-05-27,0.23703149176410834,0.07840008058403189,3.017
48,2,180,64.541848110061,6789.624588738438,6450.143359301528,6518.047175655214,0.9895821839695629,67.90381635368631,0.010006265677333735,0.1988492801647026,0.9587723158143847,0.0,0.0,0.0,0.0,False,813.9601852730756,3.2767240232737755,1440,2023-07-15,0.2358463343052878,0.061221073700040596,2.801
49,2,180,602.5609150810442,6446.763888430081,6124.425694008558,6187.479218882232,0.9898094971080865,63.0535248736753,0.09838651739550393,0.22117156695300716,0.9632130297194592,0.0,0.0,0.0,0.0,False,1029.9839181086627,3.1326439924272584,1440,2023-06-13,0.23466710263376137,0.04907646432489806,2.756
50,2,180,598.3841168140824,6732.701641460441,6396.066559387436,6452.585848391958,0.9912408311439038,56.51928900452193,0.09355501717471039,0.19482911343363374,0.9611656031836613,0.0,0.0,0.0,0.0,False,1201.1157438986143,3.0907081561782643,1440,2023-07-24,0.23349376712059255,-0.010806832457136348,2.794
51,2,180,615.0975644968587,6248.098575434495,5935.693646662785,5985.534447911128,0.9916731243162861,49.840801248343254,0.10362690548267833,0.17735159680276288,0.9782678053225085,0.0,0.0,0.0,0.0,False,1172.3030473760555,2.271126278821697,1440,2023-09-12,0.2323262982849896,-0.0005015278118240402,2.781
52,2,180,547.3933369769036,6700.141131089691,6365.134074535179,6452.248690158443,0.9864985651039552,87.11461562326404,0.08599871276346643,0.23917473845486872,0.9857166080509222,0.0,0.0,0.0,0.0,False,1198.6988343187,1.7111850597634117,1440,2023-02-17,0.23116466679356462,0.04732567265220354,2.759
53,2,180,660.9937718629939,6526.134272075101,6199.82755847133,6254.159645398613,0.9913126479003047,54.33208692728263,0.10661486398276096,0.1918086243637556,0.9670065709818829,0.0,0.0,0.0,0.0,False,1212.7669244851077,2.9103017751545357,1440,2023-08-16,0.23000884345959682,-0.05238221553395067,2.775
54,2,180,648.0595317851493,6656.840790863445,6323.998751320289,6367.8767163304565,0.9931094826478593,43.87796501016598,0.1024762270311725,0.18359862895912515,0.9734535540358497,0.0,0.0,0.0,0.0,False,1640.2057777535447,2.192572945290167,1440,2023-04-25,0.22885879924229882,-0.027533506300612933,2.749
55,2,180,571.0438176754949,6229.505490543737,5918.030216016521,5938.1741214654285,0.9966077273860847,20.14390544890735,0.09649221055513123,0.14857824879559076,0.9816983614239089,0.0,0.0,0.0,0.0,False,1176.3685360298225,2.1374335301069345,1440,2023-09-28,0.22771450524608736,0.011227519528287964,2.736
56,2,180,528.383634815951,6631.361463256263,6299.793390093431,6337.3561869155055,0.9940727969654556,37.56279682207493,0.08387316886405297,0.1586396602642166,0.9636778073911499,0.0,0.0,0.0,0.0,False,1477.2650204356053,3.003783720308282,1440,2023-05-30,0.2265759327198569,0.12185226411140482,2.667
57,2,180,261.81955144390383,6207.047294313387,5896.694929597703,5928.305186063717,0.994667910056263,31.610256466013375,0.044401067813383766,0.1633013876160651,0.9512578630659164,0.0,0.0,0.0,0.0,False,1264.3795836146462,3.58332644671081,1440,2023-05-28,0.22544305305625761,0.1902849715337106,2.953
58,2,180,676.4055047745653,6619.331361718393,6288.36479363251,6309.600870773091,0.9966343232201977,21.236077140580715,0.10756460971530817,0.17631759883835182,0.9756948510828053,0.0,0.0,0.0,0.0,False,1246.9077910257602,2.5046617561443285,1440,2023-05-10,0.22431583779097633,0.23661026791668527,2.823
59,3,180,377.0910913693385,6614.669739343706,6283.936252376521,6312.931560388934,0.9954069978844146,28.99530801241216,0.060008739144469594,0.17105749813647353,0.9850036083972883,0.0,0.0,0.0,0.0,False,1462.8163781489839,1.9847878157534433,1440,2023-12-17,0.22319425860202144,0.24621896039211666,2.679
60,3,240,615.4591191902598,8236.898216167874,7825.0533053594945,7838.629755030464,0.9982680072799386,13.576449670969758,0.07865238678549612,0.12421272546648221,0.9576885611699697,0.0,0.0,0.0,0.0,False,1869.8002116958723,2.9951210523329843,1440,2023-10-04,0.22207828730901136,0.2669252610097703,2.721
61,3,240,789.0477862699335,8518.957517193894,8093.00964133415,8177.046126962284,0.9897228798366394,84.03648562813412,0.09749744795063128,0.18849682575882032,0.945063831562607,1.1111111111111112,0.0,0.0,0.0,False,1257.3545316655313,3.8097120322713938,1440,2023-09-02,0.2209678958724663,0.3903381651045501,2.65
62,3,240,879.0396354067548,8551.198184756506,8123.638275518663,8174.770439522094,0.9937451253975004,51.13216400343067,0.10820762884726443,0.16088536135913342,0.9694597780231777,0.0,0.0,0.0,0.0,False,935.2483105865686,2.7916952302441853,1440,2023-06-17,0.21986305639310397,0.34821862644928897,2.677
63,3,240,915.6068247651482,8482.857352615507,8058.71448498469,8093.341210843342,0.9957215783992575,34.62672585865278,0.11361698276705824,0.13787794166489334,0.9510516726707243,0.0,0.0,0.0,0.0,False,2125.9189096689224,3.0091701371519894,1440,2023-02-10,0.21876374111113842,0.37722394913643464,2.482
64,3,240,478.4689519958219,8459.660804680347,8036.677764446333,8061.7488006945605,0.996890124355392,25.071036248228392,0.059535664614118675,0.1679117457341611,0.9462358831381424,2.9166666666666665,0.0,0.0,0.0,False,1210.12870586273,3.948459492716615,1440,2023-08-07,0.21766992240558275,0.45415063353023466,2.56
65,3,240,877.7651519787253,8576.175862793843,8147.367069654164,8164.794117943289,0.9978655863163988,17.427048289124052,0.1077360507357114,0.1758341436245127,0.9730499724531227,0.0,0.0,0.0,0.0,False,1579.0430806407967,2.1429192998136894,1440,2023-11-20,0.2165815727935548,0.45122202480617757,2.572
66,3,240,1113.4687172898123,8559.247647263737,8131.285264900567,8177.763929354296,0.9943164580372769,46.478664453727475,0.13693637365007982,0.17100763110706726,0.9849174180645007,0.0,0.0,0.0,0.0,False,1438.4089477445978,1.9070711714744175,1440,2023-02-23,0.21549866492958705,0.4326581552869328,2.573
67,3,240,565.0034848761055,8613.731206295404,8183.044645980616,8234.379453910748,0.9937657951983557,51.33480793013119,0.06904563146354413,0.167472640512396,0.9776225227222106,0.0,0.0,0.0,0.0,False,1567.9875860906127,2.2540508214167696,1440,2023-12-15,0.21442117160493912,0.4298750056545635,2.637
68,3,240,694.4716620590342,8604.55789802939,8174.330003127948,8223.0829838491,0.9940712040949959,48.752980721152284,0.08495762488097387,0.14155433991865154,0.9447018296869911,1.1805555555555556,0.0,0.0,0.0,False,1324.084376702468,3.6962419320089985,1440,2023-05-13,0.21334906574691442,0.43705183323132507,2.679
69,3,240,801.6650364915467,8063.060460253031,7659.907437240385,7745.412907547794,0.9889605019993079,85.50547030741092,0.10465727465505256,0.19528422501344125,0.9651247342448599,0.0,0.0,0.0,0.0,False,846.450456178387,2.9042341855619225,1440,2023-06-17,0.21228232041817982,0.5027358396030396,2.787
70,3,240,1081.687331968445,8265.681251063186,7852.397188510056,7882.191615629321,0.9962200326289726,29.794427119265194,0.13775249850468765,0.1638237805867789,0.9685826685120785,0.0,0.0,0.0,0.0,False,1819.5046420666554,2.38425186368354,1440,2023-03-05,0.21122090881608893,0.43731308624120174,2.38
71,3,240,1160.4066799385457,8985.854385446846,8536.56166617449,8569.915120202,0.9961080765025448,33.35345402751162,0.13593373132142575,0.17005803580848067,0.9777274727920593,0.0,0.0,0.0,0.0,False,1635.7459778103098,2.16080980723505,1440,2023-02-26,0.21016480427200848,0.4559966722610497,2.434
72,3,240,150.36739821271917,8763.949822504333,8325.75233137908,8349.45800107265,0.9971608133497379,23.70566969356833,0.01806051780401835,0.14277321812869745,0.9393528362615403,2.5,0.0,0.0,0.0,False,2068.4461224206007,3.6946013873013066,1440,2023-08-02,0.20911398025064845,0.4587252777987601,2.474
73,3,240,148.30854669843157,8722.86882047392,8286.7253794502,8319.314173101924,0.9960827547831899,32.588793651727386,0.01789712340006028,0.13962298227109493,0.9436837670929675,2.361111111111111,0.0,0.0,0.0,False,1900.848735011967,3.34950513414356,1440,2023-09-19,0.20806841034939522,0.5237961002180167,2.532
74,3,240,1003.9488348617612,8422.032614544281,8000.930983817042,8014.462446954931,0.9983116193721726,13.531463137888942,0.1254790019926909,0.13605986327027636,0.9774080594925979,0.0,0.0,0.0,0.0,False,1703.2902777932895,2.246279949961246,1440,2023-03-07,0.20702806829764822,0.5858021279265927,2.416
75,3,240,628.7525824424514,8361.79957230084,7943.709593685775,7977.424305272152,0.9957737346922746,33.714711586376595,0.07915100307068484,0.16205257782155205,0.956171075697324,0.0,0.0,0.0,0.0,False,1821.3094818220097,3.110181461615414,1440,2023-05-31,0.20599292795615998,0.6464428187317406,2.425
76,3,240,820.4168119441698,8571.066727857382,8142.51339146453,8161.571022770112,0.9976649555272615,19.057631305582007,0.10075719529109768,0.14042616034362365,0.9545542376244157,0.0,0.0,0.0,0.0,False,1817.8668330643598,3.5040716634698432,1440,2023-07-06,0.20496296331637917,0.6396687704719748,2.497
77,3,240,904.9119661664303,8420.245932732096,7999.2336360955405,8043.960732789035,0.9944396674499942,44.7270966934937,0.11312483261935596,0.19184500567937002,0.9736758983557302,0.0,0.0,0.0,0.0,False,1934.0376007426134,2.5717941218474163,1440,2023-10-26,0.2039381484997973,0.6848063422984234,2.44
78,3,240,1137.7303564250597,8727.745818705345,8291.358527770084,8344.326164715469,0.9936522571266015,52.967636945383056,0.13721881071895295,0.20159655578886385,0.9776970205421984,0.0,0.0,0.0,0.0,False,1728.7053643521149,2.2755552556821366,1440,2023-03-05,0.2029184577572983,0.6082026897369718,2.452
79,4,240,654.9080526826659,8620.561118085001,8189.533062180714,8243.13288334248,0.993497639560066,53.59982116176595,0.07996891247768852,0.20216972963125368,0.9544666913335886,0.0,0.0,0.0,0.0,False,1625.3138120777494,3.4045997561311863,1440,2023-05-25,0.20190386546851183,0.5253865296574809,2.38
80,4,300,1122.7578915156864,10802.629852237658,10262.498359625743,10361.903752225247,0.9904066477573528,99.40539259950445,0.1094039533231781,0.21756925374149422,0.9550089474319652,0.0,0.0,0.0,0.0,False,2274.5951054577254,2.794761496264581,1440,2023-12-05,0.20089434614116924,0.4577641326590679,2.472
81,4,300,23.054655756525506,10635.807197624796,10104.01683774362,10206.613092528029,0.9899480607470547,102.59625478440924,0.0022817317238036155,0.21917201355344507,0.9722036829913816,0.0,0.0,0.0,0.0,False,1788.4547434504175,2.368938768216357,1440,2023-12-23,0.19988987441046338,0.36890879933073356,2.565
82,4,300,1455.6023087050714,11079.931403168279,10525.934833009858,10633.201392600895,0.9899121106023931,107.26655959103735,0.1382872240611095,0.20937552279983782,0.9606777193996329,0.0,0.0,0.0,0.0,False,1862.6974134520487,2.4576537519612773,1440,2023-02-23,0.19889042503841106,0.293339860404102,2.636
83,4,300,692.1261913483154,11229.969509192399,10668.471033732734,10765.427951576126,0.9909936773271334,96.95691784338979,0.06487585607720876,0.2076636404793889,0.9616395915884683,0.0,0.0,0.0,0.0,False,2022.2759838379907,2.745942468389742,1440,2023-04-01,0.19789597291321903,0.2539682127807407,2.539
84,4,300,1049.192310397845,10719.529011902816,10183.552561307662,10328.211529611535,0.9859938027131679,144.65896830387334,0.10302812344527429,0.2622814025352184,0.9805030098108964,0.0,0.0,0.0,0.0,False,1304.994971555239,2.165021538834972,1440,2023-09-29,0.19690649304865293,0.22585385376306996,2.531
85,4,300,1234.6096084660294,10549.638764454614,10022.15682623192,10088.806702108628,0.9933936809530924,66.64987587670804,0.12318801530171343,0.1993213003245589,0.9421302564557719,2.1527777777777777,0.0,0.0,0.0,False,2277.3734329476856,3.6152892065154996,1440,2023-10-11,0.19592196058340966,0.08008921989934745,2.475
86,4,300,803.119528119821,10398.625467321579,9878.694193955576,9968.375915202305,0.991003376878077,89.68172124672896,0.08129814653147391,0.2090508097291977,0.9744831053304385,0.0,0.0,0.0,0.0,False,1545.1774823095238,2.2252004538770382,1440,2023-04-29,0.1949423507804926,0.10202367265559247,2.507
87,4,300,818.9779623452886,11103.9194435287,10548.723471352232,10620.152656126284,0.9932741847422648,71.42918477405082,0.07763763687326088,0.1945067353170395,0.9664818133810624,0.0,0.0,0.0,0.0,False,1988.501677049289,2.508576184409886,1440,2023-11-19,0.19396763902659017,0.0977137736839232,2.588
88,4,300,663.3488803061036,10289.78415972493,9775.294951738724,9870.517673547012,0.9903528138079845,95.22272180829023,0.06785973043075434,0.19866051460117337,0.96549268957829,0.0,0.0,0.0,0.0,False,1668.9415500903167,2.7963384282299386,1440,2023-05-19,0.1929978008314572,0.1265374814474839,2.682
89,4,300,650.9980609495728,10847.065151031124,10304.711893479582,10368.512141148367,0.9938467306783981,63.80024766878557,0.06317479495583947,0.18350697280975037,0.9401718999469376,4.444444444444445,0.0,0.0,0.0,False,1447.477650054055,3.854220811729725,1440,2023-06-03,0.19203281182729992,0.14052510750317923,2.522
90,4,300,215.73961349224606,10421.346537350479,9900.279210482915,9949.711076041327,0.995031829047032,49.43186555841158,0.02179126556994575,0.18425674491855076,0.9487475976117594,0.9027777777777778,0.0,0.0,0.0,False,1991.8758042476957,3.3556209357502764,1440,2023-09-18,0.19107264776816343,0.18587765164837858,2.536
91,4,300,828.8231715142176,10479.34680252151,9955.379462395429,10039.220270802589,0.9916486732888015,83.84080840715981,0.08325380008315515,0.16628936547099987,0.9370759683202389,3.263888888888889,0.0,0.0,0.0,False,1826.0414462295498,3.86268115929372,1440,2023-05-13,0.19011728452932258,0.22129735107924967,2.463
92,4,300,1048.7991898729806,10953.822888478046,10406.131744054099,10498.246528915959,0.9912256980622295,92.11478486186405,0.10078665306848994,0.24362355155440363,0.9655139643713946,0.0,0.0,0.0,0.0,False,1930.2705019300026,2.531437065182522,1440,2023-12-03,0.189166698106676,0.2908468771350085,2.547
93,4,300,1110.6886378977879,10917.649314382012,10371.766848662934,10495.239508235885,0.9882353652362045,123.47265957295076,0.10708769818143099,0.22486965585989427,0.970516148898044,0.0,0.0,0.0,0.0,False,1882.648106216412,2.4400552046282367,1440,2023-02-24,0.1882208646161426,0.17417011101840715,2.43
94,4,300,1341.5167148524392,10806.428385902096,10266.106966607029,10370.10998207517,0.98997088597441,104.00301546813884,0.13067433635905445,0.208898740449709,0.9640992944021293,0.0,0.0,0.0,0.0,False,1820.2551164324937,2.9772443308337104,1440,2023-06-15,0.1872797602930619,0.12084378586005191,2.356
95,4,300,963.7264249906085,10012.701920321742,9512.066824305604,9597.20701331208,0.9911286493155375,85.14018900647461,0.10131619581646095,0.19076987397087455,0.9184667998830504,5.833333333333333,0.0,0.0,0.0,False,1419.7956006639326,4.654877073142693,1440,2023-08-19,0.18634336149159655,0.1128738026132899,2.404
96,4,300,825.715036597886,10297.634800743712,9782.753060706542,9810.469374052853,0.9971748229070857,27.71631334631006,0.08440518036936426,0.129745453379645,0.925542161273264,5.694444444444445,0.0,0.0,0.0,False,2368.1342952535024,4.139279524805153,1440,2023-06-01,0.1854116446841386,0.1468428285707723,2.369
97,4,300,1057.6353286501642,10302.809594838298,9787.669115096392,9841.437002436993,0.9945365816671604,53.767887340603,0.10805793659482002,0.18617036984184568,0.9633099181017729,0.0,0.0,0.0,0.0,False,2130.8622118544126,2.7245576195947163,1440,2023-11-20,0.18448458646071791,0.31178450196848106,2.425
98,4,300,1033.731916703047,10715.323504486645,10179.55732926231,10246.140840834421,0.9935016009826106,66.58351157211055,0.10154979074890276,0.16468543757928036,0.9286913478620438,4.166666666666667,0.0,0.0,0.0,False,2399.681964993477,4.008663633995322,1440,2023-09-15,0.1835621635284143,0.32029450597771425,2.558
99,5,300,1334.589858659281,10759.354554630396,10221.386826898837,10309.694368712688,0.991434514093663,88.30754181384957,0.13056837406320868,0.21017705380092958,0.9480652045160588,2.638888888888889,0.0,0.0,0.0,False,2148.696163896594,3.245597990734166,1440,2023-06-21,0.18264435271077226,0.37613508828378045,2.51
100,5,205,646.2765745616813,7081.715315085172,6727.629549330908,6781.357185716211,0.9920771558090952,53.727636385303185,0.0960630441707297,0.1973761289744303,0.9491454438996589,0.2777777777777778,0.0,0.0,0.0,False,1863.2273162918718,3.2548954046577343,1440,2023-06-12,0.18173113094721838,0.3202171457509587,2.463
101,5,212,737.1910050551633,7784.503508934014,7395.278333487298,7438.85792328036,0.9941416289647532,43.57958979306117,0.09968401077171295,0.18852560969652687,0.9807480641818415,0.0,0.0,0.0,0.0,False,1536.732483068228,2.314246909571454,1440,2023-05-08,0.18082247529248227,0.30377601989427816,2.483
102,5,256,797.5381569601592,9002.521922987595,8552.395826838223,8623.21111062467,0.9917878290490655,70.8152837864467,0.09325318578653825,0.21056340205921797,0.9659206841602945,0.0,0.0,0.0,0.0,False,1782.1245941537609,2.3503688614033766,1440,2023-03-29,0.1799183629160199,0.310667981135495,2.44
103,5,292,864.7073652109885,10094.161718935358,9589.453632988612,9663.760907573274,0.992310729197943,74.30727458466338,0.0901727458419857,0.17960154652466018,0.9341565899997671,5.0,0.0,0.0,0.0,False,1290.6574960762382,3.921112578545573,1440,2023-06-24,0.1790187711014398,0.26717023682758706,2.44
104,5,126,286.0765594446104,4419.1850758832115,4198.225822089035,4216.5847152029155,0.9956460276849918,18.358893113879468,0.06814225140996794,0.151713564901913,0.9955761869787407,0.0,0.0,0.0,0.0,False,897.4465425230618,1.286974565860145,1440,2023-11-09,0.1781236772459326,0.3015080462310549,2.456
105,5,146,146.01306399153046,4733.965555998917,4497.267278198964,4548.008637171184,0.9888431700508421,50.74135897221883,0.032467063876622605,0.19321722363523572,0.9903899965612489,0.0,0.0,0.0,0.0,False,914.776056670419,1.5188235809094723,1440,2023-01-14,0.17723305885970292,0.3927461750787773,2.412
106,5,268,233.9252453216226,9221.228805811237,8760.167365520687,8814.71882037619,0.9938113221797384,54.551454855505284,0.026703284944341765,0.18009008021252604,0.946265481594783,1.0416666666666667,0.0,0.0,0.0,False,2045.2665536533973,3.240617290383539,1440,2023-10-14,0.1763468935654044,0.3747677677618835,2.399
107,5,291,691.5065367213109,10597.888142179161,10067.993735070188,10148.420867776316,0.9920749115794454,80.42713270612853,0.06868364789625986,0.1869798684710141,0.9609773471374506,0.0,0.0,0.0,0.0,False,2036.2345147623703,2.7063444910070866,1440,2023-12-15,0.17546515909757737,0.39026025342770343,2.447
108,5,165,328.24346610411766,5939.207832877693,5642.247441233801,5665.209646333436,0.9959468039961246,22.96220509963453,0.05817601399493746,0.15616264917928432,0.9708641647789802,0.0,0.0,0.0,0.0,False,1373.3865693904895,2.596713591335005,1440,2023-01-01,0.1745878333020895,0.3881477143681349,2.574
109,5,176,622.6301099194234,6116.194359203423,5810.384641243267,5875.107057281073,0.9889836192929292,64.72241603780682,0.10715815705209444,0.2236263166402145,0.9838507965474826,0.0,0.0,0.0,0.0,False,1355.2894246675369,1.7768495543201972,1440,2023-11-21,0.17371489413557906,0.45644743310332136,2.542
110,5,277,921.0831669095528,10029.779581488532,9528.29060241407,9618.090255963203,0.9906634632074224,89.79965354913338,0.09666824883323656,0.21819179443471695,0.9718935891549738,0.0,0.0,0.0,0.0,False,1960.900486686147,2.6980800790882475,1440,2023-10-08,0.17284631966490113,0.36148582384541345,2.576
111,5,196,436.9180232810521,6861.151255144729,6518.093692387498,6601.716747425462,0.9873331349651474,83.62305503796324,0.0670315653472932,0.25505929917125475,0.9713437102465824,0.0,0.0,0.0,0.0,False,960.281433331545,2.570010272077823,1440,2023-05-19,0.17198208806657664,0.2965628955694459,2.533
112,5,169,563.076449755697,6346.889319931231,6029.544853934667,6091.99246036659,0.9897492311689162,62.447606431923056,0.09338622788223448,0.2220505358751331,0.9681884852197379,0.0,0.0,0.0,0.0,False,1416.885667810557,2.9073670849512405,1440,2023-07-05,0.17112217762624377,0.16076307756972594,2.528
113,5,269,924.7939738994185,9954.739369470057,9457.002400996498,9509.469582275104,0.994482638508419,52.46718127860261,0.09778933478984542,0.19715746883943008,0.9684530481123962,0.0,0.0,0.0,0.0,False,1946.9575303066526,2.4561545119059476,1440,2023-12-03,0.17026656673811255,0.12363997562766096,2.539
114,5,166,524.2843735740269,5829.828277747779,5538.336863860401,5562.001130451579,0.9957453682521533,23.664266591178496,0.09466458730511088,0.1721058807778387,0.965857389706274,0.0,0.0,0.0,0.0,False,1580.488940283699,2.8083684010605876,1440,2023-09-17,0.16941523390442195,0.1488483681105841,2.475
115,5,194,570.7149574359145,6967.3924718984335,6619.022848303507,6700.28715139917,0.9878715193454517,81.26430309566472,0.08622344574353477,0.2136800382995413,0.9836335608161536,0.0,0.0,0.0,0.0,False,1481.2007558132264,2.0060286662095987,1440,2023-03-21,0.16856815773489983,0.2255232817935317,2.498
116,5,236,104.5231434553521,8331.687105124744,7915.10274986848,7983.4871559883295,0.9914342686618397,68.38440611984917,0.013205532102168717,0.22176105782880834,0.9898686601909281,0.0,0.0,0.0,0.0,False,1277.1640365029552,1.814743104241145,1440,2023-12-30,0.16772531694622533,0.19471606427716703,2.646
117,5,219,827.4038989493334,7720.225484308781,7334.214210093363,7375.721975501566,0.9943723793350576,41.50776540820296,0.1128142532039299,0.20583961799451636,0.9599471262797079,0.0,0.0,0.0,0.0,False,1978.3514679255788,2.886400527483576,1440,2023-01-16,0.16688669036149426,0.15120399440824742,2.612
118,5,135,494.67769795707403,4616.903957900295,4386.058760005279,4399.1905709938965,0.9970149483690925,13.131810988617852,0.11278410186107007,0.16273811258071155,0.9751565027010043,0.0,0.0,0.0,0.0,False,1224.28221145611,2.446366814443237,1440,2023-03-10,0.16605225690968675,0.15112952524882822,2.47
119,5,124,48.05303464626526,4126.8229660919815,3920.4818177873876,3934.784878321563,0.9963649701377635,14.30306053417572,0.012256920674455538,0.14263337887593341,0.9906453128693411,0.0,0.0,0.0,0.0,False,1076.1310118490667,1.5014553741208745,1440,2023-04-10,0.1652219956251383,0.24775635620262787,2.587
120,5,276,976.2420878262902,10079.125623875607,9575.169342681804,9625.26272929964,0.9947956343606756,50.09338661783717,0.10195559502792724,0.185884826038597,0.9383909556623908,4.166666666666667,0.0,0.0,0.0,False,2380.9948971097742,3.5923555497677433,1440,2023-04-18,0.16439588564701263,0.3721565661723828,2.563
121,5,256,659.5702955287815,8956.155348518267,8508.347581092316,8543.667261610066,0.9958659812658605,35.31968051775097,0.0775203750484421,0.20227590888634656,0.943884164507339,2.0833333333333335,0.0,0.0,0.0,False,1902.7924236655235,3.2483827152358375,1440,2023-06-04,0.16357390621877757,0.377229309088397,2.57
122,5,271,118.06742107700808,9157.30383324358,8699.4386415814,8760.172813897978,0.9930670120776358,60.734172316579254,0.01357184364893061,0.1951912136436832,0.9858573620746567,0.0,0.0,0.0,0.0,False,1476.7152343318076,2.0215381394238343,1440,2023-12-30,0.16275603668768368,0.34511332571184206,2.674
123,5,217,261.6653381380243,8068.2039866995,7664.793787364562,7716.601383321983,0.9932862158631917,51.807595957421256,0.034138601167507006,0.17485191282779608,0.9594479172261293,0.0,0.0,0.0,0.0,False,1193.1417970187267,3.2715491573903366,1440,2023-07-22,0.16194225650424526,0.33524730786227336,2.618
124,5,267,608.3607062264906,9460.669538142933,8987.636061235786,9022.2921288049,0.9961588400071341,34.65606756911335,0.06768862269027413,0.1880665808248717,0.9710946577867464,0.0,0.0,0.0,0.0,False,1906.0667954622459,2.494605953399878,1440,2023-12-15,0.16113254522172402,0.3733583597361802,2.662
125,5,179,695.2953397028407,6239.066584160843,5927.113254952835,5988.628735744376,0.9897279521730286,61.515480791540924,0.1173075846191796,0.19990232031095248,0.9728483122272465,0.0,0.0,0.0,0.0,False,1339.7333428315396,2.3389815211583023,1440,2023-10-12,0.1603268824956154,0.37537160260049574,2.705
126,5,201,1036.058339803844,6968.363871430075,6619.945677858534,6659.264287057156,0.9940956526871833,39.31860919862379,0.15650556518448586,0.18344921458749688,0.9687989149260988,0.0,0.0,0.0,0.0,False,1831.3338530032763,2.405291989277706,1440,2023-01-24,0.15952524808313734,0.3509484540070228,2.524
127,5,262,898.9007034313158,9125.358705815008,8669.09077052422,8726.635051510231,0.9934059026593473,57.54428098601212,0.10369030930990693,0.17782589080586741,0.9697287638490651,0.0,0.0,0.0,0.0,False,1975.4594251061733,2.427129233087017,1440,2023-11-28,0.15872762184272163,0.368434306994472,2.469
128,5,142,537.0802676113897,5078.014942717569,4824.1141955816865,4854.367165671353,0.9937678858938387,30.252970089666647,0.11133241167949365,0.1861972891104756,0.9849730519877185,0.0,0.0,0.0,0.0,False,1103.3548525571823,2.148767629692917,1440,2023-03-18,0.15793398373350803,0.39590300716372273,2.635
129,5,174,88.64478783256692,6597.435334618774,6267.563567887837,6320.157923771828,0.991678316187928,52.59435588399049,0.014143420624681454,0.21177762615545065,0.9937273738337578,0.0,0.0,0.0,0.0,False,995.7325497990397,1.5368085983748823,1440,2023-12-30,0.15714431381484048,0.40015102657346163,2.545
130,5,142,492.4854294310087,4831.456744727339,4589.883907490961,4603.359157706322,0.9970727354191337,13.475250215360465,0.10729801436311787,0.19277650966673784,0.9967032074115468,0.0,0.0,0.0,0.0,False,1040.5653146857105,1.4170133486336658,1440,2023-02-18,0.1563585922457663,0.346683819294535,2.657
131,5,202,714.6573041850785,6859.163918761157,6516.205722823141,6562.408047833795,0.9929595470635348,46.20232501065321,0.10967384005111702,0.21218559235217105,0.9859592486740187,0.0,0.0,0.0,0.0,False,1458.7001059468757,1.9080059999843055,1440,2023-04-15,0.15557679928453744,0.346073684263225,2.714
132,5,296,1013.8555466219996,10233.516694363543,9721.840859645374,9792.40089792211,0.9927944087448759,70.56003827673706,0.10428637551869803,0.222073393529379,0.9695173976660736,0.0,0.0,0.0,0.0,False,1955.267983836963,2.4682220950400366,1440,2023-04-25,0.1547989152881148,0.3022763147126154,2.557
133,5,144,429.355125195262,5088.277745955372,4833.863858657577,4863.111901135466,0.993985735250908,29.248042477888838,0.08882234538448486,0.2049375299612554,0.9905253856522859,0.0,0.0,0.0,0.0,False,1151.8845917012736,1.8626219636862191,1440,2023-04-12,0.1540249207116742,0.2443815868058013,2.649
134,5,189,469.50641071103695,7051.720126453852,6699.134120131124,6755.245226215038,0.991693698125693,56.11110608391441,0.07008464113297184,0.2092741141178189,0.987112517729054,0.0,0.0,0.0,0.0,False,1292.5300164557489,1.8793050721137063,1440,2023-12-26,0.15325479610811582,0.2355178278321592,2.659
135,5,192,627.060282029243,6774.532916632428,6435.806270800819,6490.648297307663,0.9915506088152101,54.84202650684325,0.09743305743589711,0.20635265324742322,0.989882962930396,0.0,0.0,0.0,0.0,False,1231.3318402244308,1.6468155234160589,1440,2023-04-22,0.15248852212757524,0.21842262980291485,2.625
136,5,283,705.9976090516011,10208.39674589263,9697.97690859795,9776.142736502,0.9920044305805604,78.16582790405032,0.07279844195397947,0.19145529439418027,0.9536510352659877,0.0,0.0,0.0,0.0,False,1756.4087466688404,3.470849064420325,1440,2023-06-30,0.15172607951693737,0.2108560526320187,2.584
137,5,156,135.971202702212,5750.323932280845,5462.80773566676,5513.834044797968,0.990745766246021,51.02630913120651,0.024890351131059182,0.21652397436160778,0.9923505058196281,0.0,0.0,0.0,0.0,False,1154.4272032892222,1.526057527530535,1440,2023-01-10,0.15096744911935267,0.23800421565272722,2.661
138,5,210,444.74340277948244,7565.26004075947,7186.997038721502,7267.672840061648,0.9888993625448526,80.67580134014594,0.06188167330295687,0.21481028221509685,0.949476552767361,0.1388888888888889,0.0,0.0,0.0,False,1045.2176359200444,3.768871409657831,1440,2023-06-03,0.15021261187375592,0.2037454514228732,2.737
139,5,167,429.9809783278478,6224.361839044571,5913.1437470923065,5928.087041124507,0.9974792384240422,14.943294032201603,0.07271613827065916,0.16609622271617325,0.9806076212119516,0.0,0.0,0.0,0.0,False,1315.749401811367,1.8431131765403683,1440,2023-10-27,0.14946154881438714,0.1793680486505591,2.855
140,5,123,381.8909602551353,4213.797316835526,4003.107450993749,4034.6414292996374,0.9921841931040295,31.533978305887388,0.09539862842310991,0.1633649177716794,0.9631733483739893,0.0,0.0,0.0,0.0,False,949.4864332194941,3.0342755905720162,1440,2023-08-04,0.1487142410703152,0.2687322461945311,2.679
141,5,255,863.1737426121995,8823.91899328404,8382.723043619848,8462.843977018423,0.990532623121004,80.12093339857549,0.10297056673835447,0.20289363002872207,0.9691786139384702,0.0,0.0,0.0,0.0,False,1562.9646844368244,2.209255659185444,1440,2023-03-11,0.14797066986496363,0.3480642292190112,2.543
142,5,131,493.4000665352442,4947.1861007196185,4699.826795683655,4735.983218785785,0.9923655930707881,36.15642310212951,0.10498260637783191,0.23710130349363667,0.9833221657722582,0.0,0.0,0.0,0.0,False,1062.9974972605705,2.1490183911019796,1440,2023-05-03,0.1472308165156388,0.3244219671716653,2.566
143,5,170,160.33895455728828,5957.97060550364,5660.072075228463,5738.690503451968,0.9863002843285914,78.6184282235047,0.02832807646726236,0.2267157336548663,0.9944683434932499,0.0,0.0,0.0,0.0,False,920.0269944434738,1.4885305362117625,1440,2023-11-03,0.1464946624330606,0.22839621073629462,2.576
144,5,210,672.9313228661449,7579.805843642033,7200.815551459899,7243.943593861146,0.9940463310015563,43.12804240124666,0.09345209831540738,0.2206543528215721,0.9711061404295582,0.0,0.0,0.0,0.0,False,1684.7223445109107,2.439577691398334,1440,2023-01-15,0.1457621891208953,0.17308807255054962,2.649
145,5,207,791.348230134749,7716.048830006719,7330.2463885063735,7405.9778752592365,0.9897742758581746,75.73148675286325,0.10795656628617033,0.24457631596606919,0.9558264268054703,0.0,0.0,0.0,0.0,False,1356.296158530683,3.240681438419197,1440,2023-06-22,0.14503337817529083,0.14114388219412227,2.578
146,5,141,427.3303385800324,4799.374085297832,4559.405381032943,4612.137822950536,0.9885665945073909,52.7324419175935,0.0937250151867873,0.206691752599811,0.972428606793006,0.0,0.0,0.0,0.0,False,1062.1143215547968,2.7099881153327003,1440,2023-05-24,0.14430821128441437,0.06073139519278331,2.513
147,5,297,468.59050077588694,10774.62312170993,10235.891965624467,10311.860849043991,0.9926328637932923,75.9688834195253,0.045779156555146326,0.19625578984482667,0.9580220666836171,0.0,0.0,0.0,0.0,False,2183.4357889641965,2.8310857517520365,1440,2023-12-16,0.1435866702279923,0.0794128573674896,2.709
148,5,255,124.27136992053498,8992.642449136441,8543.010326679581,8611.954711703736,0.9919943395742131,68.9443850241549,0.014546555039555435,0.22063742149763244,0.9716002044574339,0.0,0.0,0.0,0.0,False,1751.176190672853,2.205302769344236,1440,2023-12-21,0.14286873687685234,0.1175043556759788,2.676
149,5,294,950.601359740591,9944.772487339449,9447.533862972476,9534.381430558014,0.9908911167213019,86.8475675855372,0.1006189947057256,0.22173405818009093,0.9662957141743604,0.0,0.0,0.0,0.0,False,1742.5589475059926,2.3834082916492036,1440,2023-05-05,0.14215439319246806,0.09330609361171585,2.561
150,5,136,619.7305665661114,4734.226911879776,4497.515566285776,4550.083885125507,0.988446736331262,52.568318839730466,0.13779397923861086,0.2414160586530634,0.997269692754523,0.0,0.0,0.0,0.0,False,921.4691471449798,1.3756195710356942,1440,2023-02-23,0.14144362122650572,0.07044818034989225,2.618
151,5,251,999.2880578774765,8457.463163624125,8034.590005442897,8136.517903242259,0.987472786391984,101.9278977993622,0.12437324831765227,0.2567728812998884,0.9765878016612599,0.0,0.0,0.0,0.0,False,1772.5661541775696,2.2197141207430935,1440,2023-03-20,0.1407364031203732,0.0067906457672408105,2.888
152,5,173,359.8901561692811,6137.6940108115,5830.809310270957,5853.894679604382,0.9960564084943556,23.085369333423955,0.06172216188502948,0.18031051931474879,0.979012012861517,0.0,0.0,0.0,0.0,False,1401.7004011565382,2.083335377137491,1440,2023-12-17,0.14003272110477133,-0.08075903578688981,2.609
153,5,217,207.95408211900386,7511.102010404558,7135.546909884325,7184.975290295435,0.9931205914545215,49.428380411110695,0.029143397800516318,0.20808549640644464,0.9846276587644669,0.0,0.0,0.0,0.0,False,1538.736424449963,2.1390607800475654,1440,2023-01-12,0.13933255749924747,0.018402889371375436,2.53
154,5,287,695.7380422028351,10252.046874479644,9739.44453075562,9812.403957012051,0.9925645716813061,72.95942625643066,0.07143508441429126,0.1837669052710135,0.9521668136666092,0.0,0.0,0.0,0.0,False,2022.3809776183216,3.132812682981403,1440,2023-07-31,0.13863589471175125,0.03622320507593452,2.583
155,5,170,670.9652050663224,6221.736310493296,5910.649494968626,5945.558753549535,0.9941285150768936,34.909258580909146,0.11351801619051748,0.2037309576954518,0.9853806885904361,0.0,0.0,0.0,0.0,False,1210.6573958257964,1.7732434960701238,1440,2023-04-02,0.1379427152381925,0.10479201287397966,2.604
156,5,251,869.8194557050306,8708.726908587829,8273.290563158444,8354.400275592132,0.9902913782248792,81.10971243368776,0.10513585242350837,0.23489722709701594,0.9619466007922495,0.0,0.0,0.0,0.0,False,1778.53304571277,2.3968668196538614,1440,2023-04-18,0.13725300166200152,0.11553959589387891,2.671
157,5,149,495.8153306496785,5354.7197195296985,5086.983733553224,5095.787900274454,0.9982722658608385,8.804166721230606,0.09746744959676819,0.15737334481340362,0.9857744306406291,0.0,0.0,0.0,0.0,False,1056.8297135664977,1.7900904264378716,1440,2023-09-29,0.1365667366536915,0.05382700827150641,2.585
158,5,178,110.4168492115718,5968.753371020254,5670.31570246921,5673.765410192404,0.9993919897151552,3.449707723193673,0.019472786879130805,0.14122231518554682,0.9725901091972823,0.0,0.0,0.0,0.0,False,1623.0483707346261,2.3923035561923314,1440,2023-10-29,0.13588390297042305,0.17714081195688533,2.51
159,5,295,739.7666282725966,10668.591036957827,10135.161485109922,10239.10270525771,0.9898486006889632,103.9412201477866,0.07299011755850414,0.22664482855664125,0.930696540226116,4.166666666666667,0.0,0.0,0.0,False,1780.3337638934797,4.086031420010597,1440,2023-08-08,0.13520448345557096,0.3142630043271961,2.609
160,5,196,629.1102512312542,6822.4944401953,6481.369718185548,6526.099593977015,0.9931460016588242,44.729875791467094,0.09706439820368293,0.20062945289970166,0.9540482748153604,0.0,0.0,0.0,0.0,False,1500.2794726514521,2.840688915599104,1440,2023-09-17,0.13452846103829308,0.2346989873792049,2.672
161,5,213,447.6439351794057,7513.546438043216,7137.869116141055,7227.668458080083,0.9875756141195661,89.79934193902908,0.06271394556214772,0.22128167854450254,0.9722962756517266,0.0,0.0,0.0,0.0,False,1077.5758594512292,2.399411183743879,1440,2023-10-02,0.13385581873310162,0.22825012762109392,2.619
162,5,173,218.78446970181074,5914.671598600674,5618.938018670655,5643.0204208936175,0.9957323560032149,24.082402222962283,0.03893697865590114,0.1517247583844953,0.9897644539299082,0.0,0.0,0.0,0.0,False,1197.8269883990288,1.735041959479451,1440,2023-03-12,0.1331865396394361,0.17659205946881812,2.709
163,5,140,564.1523838251908,5316.620563110129,5050.789534954589,5092.121027252252,0.9918832462786208,41.33149229766393,0.11169588040065959,0.21783308430292272,0.974087374317754,0.0,0.0,0.0,0.0,False,850.1047223210335,2.485367807610513,1440,2023-09-13,0.13252060694123893,0.2907045913797886,2.616
164,5,196,634.5918827595776,6809.555553271465,6469.077775607908,6504.786340622406,0.9945104169230743,35.7085650144986,0.09809619002454244,0.19423002361537633,0.9755116612050916,0.0,0.0,0.0,0.0,False,1675.2169713372991,2.289080325063731,1440,2023-05-08,0.13185800390653274,0.23566464567287854,2.518
165,5,232,949.6712615159818,8044.902784991578,7642.657645742006,7705.896416927891,0.9917934568849167,63.23877118588463,0.12425929637775639,0.21104078659365288,0.9719306609991747,0.0,0.0,0.0,0.0,False,1777.5849053926408,2.2161897329219005,1440,2023-04-08,0.13119871388700008,0.24384792143918374,2.764
166,5,202,851.2127191475474,6698.026625303342,6363.125294038188,6402.8013715728175,0.9938033252584122,39.676077534628924,0.1337727421374329,0.18926926561861165,0.9852101365216723,0.0,0.0,0.0,0.0,False,1435.099421990023,1.9141640735309715,1440,2023-04-04,0.13054272031756506,0.21285882417033686,2.751
167,5,260,122.04034851153567,9580.746836442331,9101.709494620214,9152.26230123145,0.9944764687737987,50.55280661123777,0.013408508432802713,0.19167269116307628,0.967855427452672,0.0,0.0,0.0,0.0,False,1903.0151299314848,2.3265246336035714,1440,2023-11-04,0.12989000671597725,0.23650142921941944,2.772
168,5,185,623.2205592222199,7100.756456303596,6745.718633488415,6802.9507754729,0.9915871591793921,57.23214198448465,0.09238757100367433,0.1932602594046378,0.972690905724643,0.0,0.0,0.0,0.0,False,1475.5839559176397,2.620624109489327,1440,2023-07-04,0.12924055668239737,0.2505443425027095,2.61
169,5,230,897.5009223837801,8153.1920133717895,7745.532412703165,7809.735061367996,0.9917791515127806,64.202648664831,0.11587336732486221,0.19351282566259484,0.9362597648955252,3.125,0.0,0.0,0.0,False,1954.8288624286652,3.7913181827642912,1440,2023-09-26,0.12859435389898535,0.25862301002767435,2.58
170,5,259,737.5720433324924,9118.215086676126,8662.304332342297,8706.023844244144,0.9949782457888912,43.719511901847284,0.08514732512671395,0.19216081732789955,0.9411998458930535,2.2222222222222223,0.0,0.0,0.0,False,1263.7057602574546,4.104151271381019,1440,2023-06-05,0.12795138212949045,0.264854656997011,2.653
171,5,286,1226.0327434864055,9985.259323514894,9485.996357339209,9573.61432549201,0.9908479739026569,87.6179681528013,0.12924659648828957,0.22943575161569685,0.9667847194081843,0.0,0.0,0.0,0.0,False,1857.047749955024,2.542392596893179,1440,2023-03-07,0.12731162521884298,0.273206352042415,2.647
172,5,197,950.751798953333,6902.157241705213,6557.049379619959,6604.713724873956,0.9927832836910873,47.66434525399709,0.14499689477837024,0.20775770718174247,0.9745316264384866,0.0,0.0,0.0,0.0,False,1474.4086174763947,2.0585372263070485,1440,2023-01-25,0.12667506709274878,0.1964110650647993,2.627
173,5,127,418.47712625963845,4616.38971482227,4385.570229081161,4390.577880174053,0.99885945512651,5.007651092891157,0.09542137154358495,0.13913828929198602,0.9536384161054785,0.0,0.0,0.0,0.0,False,1082.7892124391417,3.584121847133697,1440,2023-08-27,0.12604169175728502,0.1822786478783192,2.833
174,5,250,1431.0804296853469,8815.446073906734,8374.67377021143,8437.740449873192,0.9925256435610424,63.066679661762386,0.17088193151781927,0.19623990778007624,0.975164205918949,0.0,0.0,0.0,0.0,False,1605.7523674123358,2.354488283002131,1440,2023-02-07,0.1254114832984986,0.32497851902200003,2.918
175,5,215,924.473090535935,7644.794492637438,7262.55476800559,7338.976806640156,0.9895868265225446,76.42203863456588,0.12729309727323537,0.2261307305469513,0.9804427596953135,0.0,0.0,0.0,0.0,False,1540.1268274217105,2.1035260409957304,1440,2023-11-29,0.12478442588200611,0.3137028598741424,2.813
176,5,277,1292.8585003125588,9905.389778703999,9410.12028976878,9477.719346662527,0.9928675819127784,67.59905689374608,0.13739022036925802,0.21032944157046238,0.9781665833867306,0.0,0.0,0.0,0.0,False,1866.2776341094045,2.343746855976427,1440,2023-01-28,0.12416050375259607,0.23761598594138364,2.643
177,5,203,592.4795773410074,7231.45781523635,6869.884924474514,6927.41564142799,0.9916952121929244,57.53071695347526,0.08624301336260401,0.22021636122034466,0.9796442585551939,0.0,0.0,0.0,0.0,False,1559.9788523631248,2.0602169273616493,1440,2023-11-07,0.12353970123383311,0.21099285046492908,2.97
178,5,186,162.31239943830136,6288.371327523505,5973.95276114735,6007.605993950663,0.9943982290387885,33.65323280331167,0.027170017227777312,0.21363692289322594,0.9854904276859575,0.0,0.0,0.0,0.0,False,1315.3040663140732,1.7122428776717253,1440,2023-11-02,0.12292200272766393,0.16693230079300722,2.705
179,5,131,445.16494499762535,4526.32540204277,4300.009131940651,4331.262916978045,0.9927841404143621,31.25378503739435,0.10352651153480609,0.17787151365777895,0.9465043719940094,0.8333333333333334,0.0,0.0,0.0,False,798.0886230352787,3.8500542401687903,1440,2023-08-19,0.1223073927140256,0.1454767792304696,2.624
180,5,202,693.9031486746884,7130.480311506038,6773.956295930731,6793.1927472641655,0.99716827535312,19.236451333434765,0.10243690959322127,0.18076971683545678,0.9853949812827603,0.0,0.0,0.0,0.0,False,1404.4749506058647,1.8621897368724818,1440,2023-12-05,0.12169585575045548,0.20810268661553394,2.627
181,5,236,846.9140158537901,8396.88039763935,7977.0363777574275,8000.592684842721,0.9970556797460867,23.556307085294485,0.10616900509759011,0.19002259482747777,0.951112475799966,0.0,0.0,0.0,0.0,False,1666.067152970154,3.4393334532073516,1440,2023-06-22,0.1210873764717032,0.2527888796909213,2.702
182,5,259,783.5032090059339,8740.024080726664,8303.022876690302,8379.149269545183,0.9909147825863933,76.12639285488169,0.09436360957230662,0.21268261687314705,0.9647927707190038,0.0,0.0,0.0,0.0,False,1840.1619782347266,2.564386213446967,1440,2023-03-26,0.12048193958934468,0.2686803728274112,2.635
183,5,274,1244.00911387755,9316.643616877205,8850.811436033304,8922.292765075927,0.9919884573478223,71.48132904262188,0.14055311457805517,0.20936434929137446,0.9594872873782944,0.0,0.0,0.0,0.0,False,2152.5224173604342,2.8048434739081096,1440,2023-02-22,0.11987952989139797,0.2309073879924733,2.669
184,5,158,599.737772491146,6117.896412906111,5812.001592260801,5860.840897565102,0.9916668433492895,48.839305304301575,0.10318954029361423,0.2062477200872782,0.9891609132641318,0.0,0.0,0.0,0.0,False,1126.2255000681687,1.8173339534041282,1440,2023-09-22,0.11928013224194098,0.20752097133985398,2.731
185,5,227,467.1297698810219,7755.920267088306,7368.124253733906,7420.703059862374,0.9929145788876986,52.578806128468976,0.06339873674691317,0.21191085305912763,0.9729764580002344,0.0,0.0,0.0,0.0,False,1753.2636809996743,2.256801779323671,1440,2023-12-18,0.11868373158073126,0.19535603626240636,2.722
186,5,265,1333.239350273808,9339.517515521153,8872.54163974507,8971.694017942806,0.9889483103191619,99.15237819773564,0.15026577551369094,0.25257073558392557,0.9783918289544465,0.0,0.0,0.0,0.0,False,1624.8229121521463,2.124790617643816,1440,2023-01-25,0.11809031292282761,0.17256965300942315,2.778
187,5,167,923.4877436246559,6054.064109044345,5751.360903592129,5811.542026649517,0.9896445516901676,60.181123057387296,0.1605685609205767,0.20684967900301465,0.9893564408897757,0.0,0.0,0.0,0.0,False,1118.5966539719302,1.6878638555651906,1440,2023-02-06,0.11749986135821347,0.06226026807328486,2.763
188,5,182,560.8396865093904,6229.643975547056,5918.161776769697,6001.878827711821,0.9860515259729027,83.71705094212435,0.09476585934349244,0.23629967572944308,0.9677003889902177,0.0,0.0,0.0,0.0,False,929.2247409887129,2.8882786061414456,1440,2023-07-21,0.11691236205142241,0.07425660065222747,2.703
189,5,272,963.3884981328353,8852.854317955565,8410.21160205778,8458.1872424273,0.9943279051415569,47.97564036952128,0.11454985245521253,0.21248158019766586,0.9773139418180629,0.0,0.0,0.0,0.0,False,1617.4324838473426,2.0316961398757263,1440,2023-10-26,0.11632780024116529,0.01724869013076688,2.709
190,5,225,637.1045857263105,7847.497312216848,7455.122446606003,7477.932321528738,0.9969497082960933,22.809874922735204,0.08545863468900593,0.1766654480344867,0.9599965447598721,0.0,0.0,0.0,0.0,False,1556.316285597018,3.169738127946447,1440,2023-06-07,0.11574616123995946,0.023418092873625035,2.757
191,5,212,581.5263367686204,7538.141715625236,7161.2346298439315,7207.795162157445,0.9935402531195716,46.560532313512226,0.08120475962973633,0.19552075169960784,0.9649023581256582,0.0,0.0,0.0,0.0,False,1588.8693876945788,2.9807284319704013,1440,2023-08-01,0.11516743043375967,0.10831583342518133,2.797
192,5,241,255.48354975445366,8415.455768065098,7994.682979661836,8105.553927587709,0.986321607515494,110.8709479258729,0.031956683010995426,0.23674116787217597,0.9832977657888387,0.0,0.0,0.0,0.0,False,1117.7826885970933,2.15400705647605,1440,2023-05-20,0.11459159328159088,0.13497632021817949,2.799
193,5,212,841.3071091870235,7927.608465461322,7531.228042188224,7613.276985531807,0.9892229136678584,82.04894334358282,0.11170915347061762,0.24138031967339793,0.9646169903851298,0.0,0.0,0.0,0.0,False,1301.1480094512285,3.0293176434145996,1440,2023-06-29,0.11401863531518291,0.06378273567931932,2.722
194,5,297,1372.6622617866512,10586.604215441435,10057.274004669312,10133.931152567677,0.9924355961428708,76.65714789836413,0.1364845246484646,0.21411903090106876,0.9640382687859248,0.0,0.0,0.0,0.0,False,2029.8238358897668,2.4572062093207747,1440,2023-01-21,0.113448542138607,-0.005447281898126988,2.666
195,5,256,273.16753886461163,9366.042716350594,8897.740580533056,8925.517621217623,0.9968879070252984,27.777040684566007,0.03070077581967965,0.13277110308773327,0.9661484690690241,0.0,0.0,0.0,0.0,False,2104.7852540889994,2.6492219519437454,1440,2023-10-10,0.11288129942791396,-0.0015624122060133583,2.809
196,5,129,507.45036429509366,4669.511488375833,4436.035913957038,4451.315117238121,0.9965674855905139,15.279203281082987,0.11439275383197635,0.17875454469829835,0.9696401312962267,0.0,0.0,0.0,0.0,False,812.2991711369851,2.6916386401371777,1440,2023-09-26,0.11231689293077439,0.183872369582629,2.735
197,5,146,502.70577683603796,5420.46914916758,5149.4456917092075,5171.86342118225,0.9956654444157927,22.41772947304351,0.09762327965617976,0.18398717544499138,0.9792624905628704,0.0,0.0,0.0,0.0,False,1165.3372801437831,1.810587360901574,1440,2023-12-11,0.11175530846612053,0.2321188962353848,2.719
198,5,218,1004.2988807499535,7828.517257311574,7437.0913944460135,7485.049082488453,0.9935928692632573,47.95768804243889,0.13503920114521645,0.1904267481068705,0.9739057715795751,0.0,0.0,0.0,0.0,False,1564.80209254794,2.060348100088375,1440,2023-03-02,0.1111965319237899,0.26000497114261517,2.79
199,5,268,920.5419568547412,9598.491107007554,9118.566551657153,9191.354615533768,0.9920808121412703,72.78806387661702,0.10095248541970091,0.2217043911572152,0.9472120435496542,1.4583333333333333,0.0,0.0,0.0,False,1924.44002334565,3.3560021714212285,1440,2023-09-15,0.11064054926417097,0.26862543380692194,2.892
200,5,132,393.7400962079504,5049.660558276199,4797.177530362393,4818.583780597517,0.9955575639628144,21.406250235123775,0.08207744944102707,0.18355326755946444,0.9868481710625,0.0,0.0,0.0,0.0,False,1123.6089609610863,1.6742853431276006,1440,2023-02-17,0.11008734651785011,0.2056257696697482,2.741
201,5,243,789.1824811690384,7985.118378986104,7585.862460036811,7650.7919654499065,0.9915133615308965,64.92950541309472,0.10403332321493328,0.23182939004890843,0.951188309818526,0.0,0.0,0.0,0.0,False,1687.0329553732486,3.6724561582119932,1440,2023-09-01,0.10953690978526086,0.23998084689708768,2.792
202,5,257,1011.1679653737563,8611.69083704963,8181.106295197124,8236.530778165672,0.993270894693252,55.42448296854717,0.12359794982340981,0.19124245552797703,0.9636679354805946,0.0,0.0,0.0,0.0,False,2083.3473026485376,2.611399038147156,1440,2023-03-19,0.10898922523633456,0.15966596969973706,2.843
203,5,262,1418.7087480281518,9188.157353184006,8728.74948552483,8768.505259524787,0.9954660717165251,39.75577399995903,0.16253287488440846,0.19359494850168857,0.9698307043597061,0.0,0.0,0.0,0.0,False,1922.3506472970746,2.5207972595276558,1440,2023-01-22,0.10844427911015289,0.1851432011115068,2.763
204,5,278,140.8568121434274,10155.397779715735,9647.627890729967,9685.074539194351,0.9961335714750732,37.44664846438376,0.014600149771403524,0.14768127681528911,0.9480942650129803,1.1805555555555556,0.0,0.0,0.0,False,2053.4186895057937,3.4665374262704853,1440,2023-09-18,0.10790205771460211,0.20066975427367278,2.657
205,5,154,610.3862058754615,5304.604457969447,5039.374235071006,5077.277470276978,0.9925347323584613,37.90323520597302,0.12112341282922423,0.21353775629682364,0.9926016643179537,0.0,0.0,0.0,0.0,False,1034.0559624433517,1.6629405527996624,1440,2023-02-20,0.10736254742602912,0.31671701067271996,2.733
206,5,220,714.6439926786867,7926.17668989104,7529.867855396467,7597.669929672407,0.9910759384253925,67.80207427594043,0.09490790627441346,0.24764052907044623,0.9646284215926167,0.0,0.0,0.0,0.0,False,1397.18424098514,3.0364716538570695,1440,2023-06-12,0.10682573468889896,0.2639936731177405,2.757
207,5,265,719.5691034839227,9342.177491522487,8875.068616946344,8911.912923218953,0.9958657241615753,36.84430627260766,0.08107758199299486,0.19148261568307004,0.9604061828808148,0.0,0.0,0.0,0.0,False,1749.4028966868373,3.0455695631567488,1440,2023-05-22,0.10629160601545447,0.14440687651826495,2.648
208,5,184,555.7086500318369,6376.119865430566,6057.3138721590585,6092.528630397205,0.9942200093960246,35.214758238148235,0.09174176239834854,0.19340970992275852,0.9630587535423186,0.0,0.0,0.0,0.0,False,1462.1277396780802,3.0630908031034387,1440,2023-07-24,0.1057601479853772,0.17271071790675863,2.69
209,5,154,464.6842839474242,5625.845109502608,5344.55285402747,5392.552728773498,0.9910988585257756,47.999874746026784,0.0869453996693576,0.20947515765559444,0.9807671655261345,0.0,0.0,0.0,0.0,False,923.8224329359622,2.31618500556929,1440,2023-09-30,0.10523134724545032,0.19144369819410098,2.658
210,5,206,99.62594577476551,7525.557553005286,7149.27967535501,7191.893582002183,0.9940747306448172,42.61390664717451,0.013935102597566014,0.21191426948303604,0.9749100832561145,0.0,0.0,0.0,0.0,False,1516.58810292287,1.9575623218758273,1440,2023-11-18,0.10470519050922306,0.17061233952895613,2.663
211,5,134,408.04834613042993,4477.773787824341,4253.885098433131,4297.531519562261,0.9898438392061927,43.6464211291307,0.09592368780264653,0.21248622812503457,0.973602737162471,0.0,0.0,0.0,0.0,False,992.2997791636367,2.6323787617868355,1440,2023-09-07,0.10418166455667695,0.14798549310231693,2.66
212,5,159,585.2416346669087,5620.174388279665,5339.1656688656485,5379.811608604938,0.9924447280506484,40.64593973928908,0.10961293785649627,0.23414564786420738,0.9849200294304857,0.0,0.0,0.0,0.0,False,1017.2696844094985,1.478310837079261,1440,2023-01-05,0.10366075623389356,0.12800139554235704,2.803
213,5,274,279.83731044320155,9342.475003507354,8875.351253331984,8967.53987255367,0.9897197424787771,92.18861922168537,0.03152971667889144,0.22406087538818392,0.9646402522541487,0.0,0.0,0.0,0.0,False,1492.5295274741995,2.2953454549620154,1440,2023-05-20,0.10314245245272409,0.0626561116749986,2.738
214,5,240,903.5216322485969,8149.546986948618,7742.0696376011765,7818.9495659645045,0.9901674863465059,76.87992836332837,0.11670285524951006,0.22951606932560623,0.9693544816987159,0.0,0.0,0.0,0.0,False,1553.8728244053084,2.564405176254549,1440,2023-10-12,0.10262674019046046,0.031363340258954236,2.734
215,5,275,937.189824000248,9983.505887713114,9484.330593327448,9587.441034479347,0.9892452594199972,103.11044115189858,0.09881454624321016,0.2431824485884809,0.9510851716835311,0.0,0.0,0.0,0.0,False,2022.5888242058475,3.3187004081310887,1440,2023-09-05,0.10211360648950817,-0.007148107002490606,2.78
216,5,272,962.1888324695207,9835.565549667064,9343.787272183738,9415.011256541904,0.9924350611573961,71.22398435816723,0.10297632046203974,0.19723035394578303,0.9349646814332113,3.1944444444444446,0.0,0.0,0.0,False,2095.729455292225,3.716581178923242,1440,2023-06-27,0.10160303845706062,-0.07018242161939481,2.881
217,5,278,1277.79407534627,9583.860582991369,9104.667553841793,9211.217512701387,0.9884325868200733,106.54995885959471,0.1403449459071236,0.2665684168564377,0.9595026913132028,0.0,0.0,0.0,0.0,False,1978.7298635486386,2.5281210466105724,1440,2023-03-05,0.10109502326477533,-0.01937678279627203,2.79
218,5,176,447.7777943732178,5802.995242452146,5512.845480329523,5597.468229157761,0.9848819599569265,84.62274882823807,0.08122444134720287,0.26746530005178526,0.9853591276780346,0.0,0.0,0.0,0.0,False,1165.2599973611505,1.6681858452709197,1440,2023-03-30,0.10058954814845145,-0.13460443098403593,2.765
219,5,205,802.4148921173088,7506.973426247576,7131.6247549351465,7201.815274623251,0.9902537739428791,70.19051968810481,0.1125150186234954,0.23349784833707046,0.9672428177443649,0.0,0.0,0.0,0.0,False,1540.7179570781257,2.5416629640602766,1440,2023-09-13,0.10008660040770918,-0.23213295756660096,2.64
220,5,231,695.4220631131602,8139.482911181391,7732.508765622282,7791.1722850796505,0.9924705144090177,58.663519457367784,0.0899348560980513,0.22887217552117958,0.9742361500902346,0.0,0.0,0.0,0.0,False,1578.5581232856923,2.3602427232318663,1440,2023-04-12,0.09958616740567064,-0.23710227747713397,2.643
221,5,169,543.619248953325,5920.771538733623,5624.73296179693,5686.019136170644,0.9892216025120542,61.2861743737145,0.09664801025143341,0.21972866127103355,0.9581008870486795,0.0,0.0,0.0,0.0,False,1236.6655941471427,3.3508616181835613,1440,2023-05-17,0.09908823656864228,-0.23234486198665943,2.632
222,5,286,-14.471122956692861,9994.604039892092,9494.873837897481,9634.09405708086,0.9855492152808022,139.2202191833808,-0.0015240984981741796,0.2816153208712678,0.9530397912690844,0.0,0.0,0.0,0.0,False,1317.8555128480962,3.502336130021091,1440,2023-07-01,0.09859279538579907,-0.20940963130751022,2.609
223,5,121,142.36402548688233,4400.840458375088,4180.79843545634,4196.567908572355,0.9962422928784727,15.76947311601507,0.034051874943199244,0.20364170749240235,0.9975193598585819,0.0,0.0,0.0,0.0,False,838.418351695358,1.3877716943403806,1440,2023-01-11,0.09809983140887008,-0.33129286392826957,2.666
224,5,271,745.9615546997597,9578.578402359646,9099.6494822417,9160.553519832418,0.993351489354998,60.90403759071754,0.08197695484375865,0.20950595663462981,0.937646398531063,3.125,0.0,0.0,0.0,False,1449.4108428468512,3.9954869400057214,1440,2023-08-08,0.09760933225182573,-0.25743958596599315,2.842
225,5,236,288.63855944485664,8507.073486652916,8081.719812320265,8128.970318628934,0.9941873934266451,47.250506308668285,0.03571499212393363,0.19839671722405883,0.9668565691084277,0.0,0.0,0.0,0.0,False,1639.836814848967,2.4040987954699062,1440,2023-01-29,0.0971212855905666,-0.21173360954080395,2.766
226,5,165,517.2061501397935,5909.447296213689,5613.974931402983,5663.622338421685,0.9912339834734573,49.64740701870231,0.09212833268041314,0.24206816000750508,0.9675655062033299,0.0,0.0,0.0,0.0,False,864.0155526900598,2.901503664219682,1440,2023-06-08,0.09663567916261376,-0.15064833755859935,2.682
227,5,250,790.8922143216118,8638.521168504998,8206.59511007976,8301.998158123111,0.9885084233667283,95.40304804335194,0.09637275919098258,0.24902803220726927,0.9747790051496393,0.0,0.0,0.0,0.0,False,1415.6604106610307,2.358467370107058,1440,2023-09-28,0.0961525007668007,-0.19996070209679268,2.867
228,5,194,702.4923968828579,6383.024932025644,6063.8736854243725,6114.226819989571,0.9917645949279186,50.353134565197095,0.1158487846756153,0.20675341029986027,0.9729902507625707,0.0,0.0,0.0,0.0,False,1325.8425711165146,2.29390881269207,1440,2023-06-20,0.09567173826296668,-0.25717371417719204,2.725
229,5,271,732.4832766593929,9952.89635991324,9455.251541917594,9493.649615168219,0.9959553938888502,38.39807325062267,0.07746840720335188,0.18121443843076995,0.9692757458811435,0.0,0.0,0.0,0.0,False,2081.8359865402854,2.614948487869725,1440,2023-04-11,0.09519337957165185,-0.21027762616020476,2.741
230,5,300,933.3887400089591,10675.550463981715,10141.772940782585,10176.46906866052,0.9965905533988418,34.69612787793536,0.09203407978654023,0.17865160830426796,0.9463498563218259,1.7361111111111112,0.0,0.0,0.0,False,2067.4094180104817,3.4216020555786963,1440,2023-07-24,0.09471741267379359,-0.11563573955615472,2.696
231,5,171,871.258824542187,6053.8047345740415,5751.114497845326,5819.541944305026,0.9882417813782298,68.42744645970018,0.1514939104183384,0.19150566560750115,0.9953096487796157,0.0,0.0,0.0,0.0,False,1139.2668453597912,1.5020376347672728,1440,2023-01-20,0.09424382561042462,-0.033216584409823675,2.625
232,5,205,481.9247876852029,7479.423309782024,7105.452144292932,7179.472048630623,0.9896900630246468,74.01990433769134,0.06782464759435229,0.20842538113659032,0.974170806235197,0.0,0.0,0.0,0.0,False,1287.0304812523873,2.596887027790442,1440,2023-05-19,0.0937726064823725,0.0048645303597530665,2.89
233,5,158,533.0984078810567,5584.523082518978,5305.296928393032,5327.76390823745,0.9957830376436763,22.466979844416485,0.10048417931671386,0.17141782205954054,0.9877331798435101,0.0,0.0,0.0,0.0,False,1191.1942919372846,1.6083567616657266,1440,2023-02-16,0.09330374344996065,-0.002315221045411202,2.68
234,5,245,592.3763841547827,8955.919777103269,8508.123788248164,8537.539089887361,0.9965545924499438,29.41530163919712,0.06962479612402936,0.17403228637684875,0.9694494141163538,0.0,0.0,0.0,0.0,False,1643.5873634325212,2.34967069035359,1440,2023-12-15,0.09283722473271083,0.07478671669698986,2.788
235,5,235,1403.118025694274,9243.740120722878,8781.553114686729,8796.584812516134,0.9982911893479368,15.031697829403768,0.15978016728585584,0.17067817182214132,0.9611193538502588,0.0,0.0,0.0,0.0,False,1955.2971619109328,2.4849641717404536,1440,2023-01-24,0.09237303860904728,0.1320148310739902,2.717
236,5,272,1500.743127392269,9703.158553858637,9218.000626165649,9285.860254715797,0.992692154879707,67.85962855014742,0.1628057089877334,0.21873166261330146,0.9685476776390708,0.0,0.0,0.0,0.0,False,2042.7781482431856,2.584389056448985,1440,2023-01-24,0.09191117341600205,0.18664246600483977,2.828
237,5,265,1255.6268669575315,9593.268259926443,9113.604846930115,9148.192793349901,0.9962191498144936,34.58794641978713,0.13777499552007513,0.15410955366709583,0.9804041206321372,0.0,0.0,0.0,0.0,False,1492.3507462154926,2.239523324025749,1440,2023-02-04,0.09145161754892205,0.12369031107830207,2.96
238,5,296,817.5540249752431,10545.913171573455,10018.617512994795,10034.513688558674,0.9984158499298272,15.896175563878213,0.0816034771179579,0.169235645165144,0.9473691035856084,1.9444444444444444,0.0,0.0,0.0,False,2407.3987461258266,3.1269944606497955,1440,2023-01-15,0.09099435946117741,0.21779174913536947,2.96
239,5,294,631.1630819682898,10553.477263150451,10025.803399992914,10046.105930150643,0.9979790646944309,20.30253015772875,0.06295386581874685,0.13803594011409545,0.9518025995219055,0.0,0.0,0.0,0.0,False,2300.973941008869,2.999275857383607,1440,2023-02-19,0.09053938766387153,0.26133371602706024,2.813
240,5,281,1108.3639485184094,10234.72145471227,9722.985381976625,9732.2864838506,0.9990443045537749,9.301101873976092,0.11399420085244288,0.10649851291545469,0.9429958685645017,2.361111111111111,0.0,0.0,0.0,False,1908.3592827245375,3.735816430422622,1440,2023-08-21,0.09008669072555218,0.36790484364701487,2.748
241,5,147,763.6948635549693,5518.980323170483,5243.031307011946,5259.527062159228,0.9968636428803715,16.495755147281375,0.14565903173868444,0.17478444712834107,0.9882802428090255,0.0,0.0,0.0,0.0,False,1026.5797564760633,1.6138839318777158,1440,2023-02-12,0.08963625727192442,0.5272191599342155,2.635
242,5,127,270.3815441417875,4841.821166550776,4599.730108223239,4607.711026245257,0.9982679213222011,7.980918022017637,0.05878204542010165,0.1356536779519254,0.9946567582635364,0.0,0.0,0.0,0.0,False,1010.6176961511021,1.4457217245827556,1440,2023-12-17,0.08918807598556479,0.5057023353392089,2.577
243,5,207,644.152096687987,7381.583261004333,7012.504097954152,7038.113005547919,0.9963613957926535,25.608907593766446,0.09185764281776516,0.1710794431272561,0.9810553641097388,0.0,0.0,0.0,0.0,False,1432.9776309375331,2.061730577557192,1440,2023-12-07,0.08874213560563697,0.577793883953722,2.637
244,5,182,577.4373486226871,6136.437858519819,5829.615965593815,5868.360755705371,0.9933976809326375,38.74479011155491,0.09905238218618544,0.13542933169414,0.9673000938915416,0.0,0.0,0.0,0.0,False,1298.1258763528085,2.9209512997823914,1440,2023-07-08,0.08829842492760878,0.558976467303242,2.703
245,5,281,890.000585252037,10032.247211669684,9530.63485108627,9580.475842014957,0.9947976497461524,49.84099092868749,0.09338313755149247,0.18404488818666961,0.9595160707117756,0.0,0.0,0.0,0.0,False,2113.9603266202894,2.907961273817103,1440,2023-07-04,0.08785693280297073,0.6255813125510065,2.757
246,5,264,1029.7864727247143,9752.120353020417,9264.514335369444,9272.95477265329,0.9990897790951448,8.440437283845458,0.1111538538823632,0.13749154666462565,0.9656422043796177,0.0,0.0,0.0,0.0,False,1883.684641229875,2.523499339744539,1440,2023-04-17,0.08741764813895588,0.5727087200563193,2.753
247,5,196,236.86850569949235,7093.887491551045,6739.193116973463,6748.8864049991735,0.9985637203763674,9.693288025712153,0.035147902959318786,0.14854788628048612,0.9615056162099652,0.0,0.0,0.0,0.0,False,1025.8386560680121,3.0850678848196704,1440,2023-07-22,0.08698055989826112,0.6359534200758351,2.829
248,5,224,218.89999643993002,8453.27807379462,8030.614170104898,8054.460544429774,0.9970393579814147,23.84637432487505,0.027258188701782777,0.16829176714820063,0.9731843711522573,0.0,0.0,0.0,0.0,False,1837.7149286129556,2.3241299383778666,1440,2023-01-10,0.08654565709876981,0.6647978386225304,2.747
249,5,226,817.7682394204976,8155.345083072266,7747.577828918636,7770.594563406614,0.9970379699648251,23.016734487975828,0.10555147137316813,0.14928324881306482,0.9667366598744295,0.0,0.0,0.0,0.0,False,1775.5472119238862,2.4450023281247506,1440,2023-03-11,0.08611292881327597,0.6460222471935047,2.938
250,5,281,1068.390851093639,10184.322857844636,9675.106714952395,9698.731324439115,0.9975641546614257,23.62460948672235,0.11042677694112606,0.15779894152013094,0.9595598912195992,0.0,0.0,0.0,0.0,False,2163.2174828217794,2.6226284821929564,1440,2023-04-15,0.08568236416920957,0.6753563519469297,2.684
251,5,124,423.60679277743645,4432.366382589586,4210.74806346014,4229.815196929558,0.9954922064956269,19.067133469418213,0.10060131510915946,0.2101080549470349,0.9682498289734794,0.0,0.0,0.0,0.0,False,830.1163031790182,2.84253653317387,1440,2023-09-17,0.08525395234836353,0.6821991647181177,2.631
252,5,208,837.7188742518797,7241.529048668434,6879.4525962350135,6896.931850856225,0.9974656477692989,17.479254621210956,0.12177115294178296,0.16762254483808564,0.9699917579049709,0.0,0.0,0.0,0.0,False,1721.8484455293465,2.571649437679116,1440,2023-04-03,0.0848276825866217,0.5720879626485276,2.677
253,5,241,928.5513172506896,8712.325488732391,8276.709214295774,8328.13351788414,0.9938252306500687,51.424303588364175,0.11218846684221656,0.18831636691212572,0.9653855020396441,0.0,0.0,0.0,0.0,False,1819.4875987391931,2.585216857355512,1440,2023-10-12,0.08440354417368859,0.5790859959906396,2.642
254,5,202,790.2151302031248,7139.428599035078,6782.457169083317,6795.577765545846,0.9980692448949593,13.120596462527667,0.11650867974591667,0.14215658206980444,0.9858268128402952,0.0,0.0,0.0,0.0,False,1270.3546087423242,1.794400338779255,1440,2023-03-15,0.08398152645282016,0.5397421957558346,2.588
255,5,286,885.0375123644483,9853.951750253955,9361.254162741221,9418.178074559512,0.9939559529064275,56.923911818289454,0.09454262185156674,0.18182471686372215,0.9611543236079225,0.0,0.0,0.0,0.0,False,1689.1662832653597,3.1140834624827898,1440,2023-07-21,0.08356161882055606,0.6127108531176073,2.664
256,5,292,1349.3188235975647,10277.220824014841,9763.35978281407,9809.363327124296,0.9953102415746984,46.00354431022438,0.1382023046997305,0.1556832133359216,0.9758179254049224,0.0,0.0,0.0,0.0,False,1624.5560352504253,2.3840507989442767,1440,2023-02-04,0.08314381072645327,0.5847246466172205,2.622
257,5,269,1017.4594373973072,9881.8929455174,9387.798298241556,9434.426719671712,0.9950576306525407,46.628421430154205,0.10838105006877802,0.1613047273079062,0.9176856663323386,8.472222222222221,0.0,0.0,0.0,False,2335.447586190029,4.514872241486608,1440,2023-08-28,0.082728091672821,0.622062828511276,2.661
258,5,204,19.656027762759667,7284.914890795229,6920.669146255434,6942.226581758621,0.9968947375529585,21.5574355031885,0.0028401918004409953,0.19123827488757525,0.9707422494287599,0.0,0.0,0.0,0.0,False,1647.5329307147447,2.35474109728144,1440,2023-10-28,0.0823144512144569,0.6415008069227591,2.633
259,5,280,884.7387808390217,10093.050477448369,9588.397953575957,9682.042152286689,0.9903280529832629,93.64419871073021,0.09227180443726386,0.23035875835081795,0.9682282878193507,0.0,0.0,0.0,0.0,False,1772.8507483213511,2.7815833661302243,1440,2023-07-07,0.0819028789583846,0.5916354712322949,2.706
260,5,133,455.46582493493037,4885.796311309493,4641.5064957440045,4663.272583407252,0.99533244362753,21.76608766324809,0.09812887805986406,0.1734575290663281,0.9798780511045998,0.0,0.0,0.0,0.0,False,1079.8952966695201,2.355800477428323,1440,2023-05-09,0.0814933645635927,0.46416020114324874,2.994
261,5,239,840.2852354783117,8533.559605713212,8106.8816254275525,8175.5486004786335,0.9916009336612517,68.66697505108017,0.1036508579134453,0.22183125115717495,0.9639285642372967,0.0,0.0,0.0,0.0,False,1947.8225346210968,2.647204264991884,1440,2023-04-18,0.08108589774077472,0.48868981304457304,2.814
262,5,168,707.9798538847863,5778.176173333086,5489.267364666412,5521.593032974964,0.9941455902100166,32.32566830855269,0.1289752906630029,0.180562389802766,0.9906423259943752,0.0,0.0,0.0,0.0,False,1034.4901432477914,1.485213041251937,1440,2023-10-15,0.08068046825207086,0.40079975140791063,2.823
263,5,164,492.8008597754818,5956.825303846693,5658.984038654366,5691.332623238187,0.994316166928684,32.34858458382161,0.08708292096414245,0.19262827755090822,0.9911354713517473,0.0,0.0,0.0,0.0,False,1106.852218678087,1.8388779922531129,1440,2023-11-07,0.0802770659108105,0.42225107758814207,2.71
264,5,242,1033.5626925992383,8380.23635721,7961.224539349475,8074.447054669033,0.9859776756782266,113.22251531955844,0.1298245875983913,0.26245890802200916,0.975887594820752,0.0,0.0,0.0,0.0,False,1725.5042185891975,2.2081581415482923,1440,2023-10-15,0.07987568058125645,0.41323577160886904,2.913
265,5,259,767.2761585888622,9300.487190291095,8835.462830776562,8893.859650501348,0.9934340295417755,58.396819724785914,0.08684051682230044,0.1727527875658928,0.9711252962907599,0.0,0.0,0.0,0.0,False,1927.4731696416895,2.5656581277946477,1440,2023-12-08,0.07947630217835017,0.24927319438792797,2.821
266,5,280,1000.2791185661561,10009.244014200263,9508.781813490226,9642.623622169383,0.986119772592654,133.84180867915765,0.10519529611532864,0.27430910195869457,0.9388675102064516,5.208333333333333,0.0,0.0,0.0,False,1837.738566436156,3.5814418174487814,1440,2023-06-27,0.0790789206674584,0.3168189582363365,2.714
267,5,158,690.9675822929827,5563.089700697365,5284.935215662487,5352.994195253272,0.9872858110604462,68.0589795907839,0.13074286705449562,0.2731868468992743,0.9832253506997053,0.0,0.0,0.0,0.0,False,1165.209426170593,1.8887991198452836,1440,2023-04-13,0.07868352606412113,0.14371622255296473,2.942
268,5,277,1555.9983811495404,9520.893100565807,9044.84844553754,9143.962582947195,0.9891607017733761,99.11413740965614,0.17203144867697853,0.25144823868844324,0.980981509158291,0.0,0.0,0.0,0.0,False,1602.0728531976572,2.0705718829606754,1440,2023-01-22,0.0782901084338005,0.0040436527920281184,2.7
269,5,270,184.11298945347943,9905.952086431495,9410.654482109881,9426.995280830673,0.9982665952157608,16.34079872079146,0.01956431296074968,0.1477135846963338,0.9461319148742782,5.902777777777778,0.0,0.0,0.0,False,2430.184825584016,3.2717327346360223,1440,2023-10-29,0.0778986578916315,-0.06244187688731498,2.833
270,5,176,681.0063452033977,6140.652169893151,5833.619561398497,5875.646232852681,0.9928473107827359,42.026671454183585,0.11673821681990856,0.20723188460171293,0.98380685581792,0.0,0.0,0.0,0.0,False,1498.6241770198471,2.0089478644539587,1440,2023-01-18,0.07750916460217336,0.11520025891703464,2.765
271,5,131,302.5630552874294,4585.876735261203,4356.582898498134,4378.750143118996,0.994937540646,22.1672446208608,0.06944962653912391,0.20075080318758312,0.9723740277462503,0.0,0.0,0.0,0.0,False,1059.1081301046283,2.7050901971387638,1440,2023-07-31,0.07712161877916247,0.1260121135385946,2.799
272,5,259,716.2800866442301,8725.87453119048,8289.580804631,8335.53106900999,0.9944874220972163,45.95026437898981,0.08640727480985264,0.2121606860802049,0.9691731328483852,0.0,0.0,0.0,0.0,False,1907.7498380087386,2.4469587439501064,1440,2023-11-06,0.07673601068526667,0.14888243618754898,2.677
273,5,269,965.0943469730469,9627.711185266251,9146.325626002885,9182.130863607472,0.9961005524603774,35.80523760458682,0.10551716464470674,0.1575706345644711,0.9479841759624331,1.1111111111111112,0.0,0.0,0.0,False,2355.881803333669,3.0105078457018193,1440,2023-03-28,0.07635233063184034,0.14146891763893432,2.62
274,5,203,439.0113600405991,7142.305089694438,6785.189835209688,6818.547398360158,0.995107819715605,33.357563150469986,0.06470141155999536,0.183305698078295,0.9772774647426105,0.0,0.0,0.0,0.0,False,1556.9444773600994,2.0183541106001215,1440,2023-03-22,0.07597056897868114,0.25775768440643343,2.732
275,5,149,559.8449588597213,5601.257300478623,5321.194435454664,5363.944090614719,0.9920301825600952,42.74965516005548,0.10521039320223334,0.18152128668117198,0.9584969236618318,0.0,0.0,0.0,0.0,False,757.7914617147205,3.207971062741466,1440,2023-06-23,0.07559071613378773,0.2950062731861054,2.694
276,5,146,528.0476841690491,5471.3117613267095,5197.746173260324,5234.272520660056,0.9930216955163187,36.5263473997324,0.10159166426509576,0.23589858280474238,0.9725368551566141,0.0,0.0,0.0,0.0,False,1152.4190992407296,2.6908532107054377,1440,2023-08-11,0.07521276255311879,0.329654784949455,2.625
277,5,187,1066.9423917128793,6978.631510676257,6629.699935142446,6698.798301057928,0.989684960972094,69.09836591548336,0.16093373789924853,0.23461134636130784,0.9750784725358184,0.0,0.0,0.0,0.0,False,1283.3137524759857,2.0444504233367384,1440,2023-02-06,0.0748366987403532,0.23594861374804274,2.554
278,5,257,685.5770369618799,9050.993025973665,8598.44337467498,8721.877382779236,0.9858477707622939,123.43400810425685,0.07973269196388638,0.263136885714407,0.9633536251922019,0.0,0.0,0.0,0.0,False,1422.1360232039458,2.7927979772024947,1440,2023-08-05,0.07446251524665143,0.1620850296444035,2.677
279,5,177,571.9616464539426,6444.141326464306,6121.934260141075,6183.731707631098,0.9900064474961355,61.79744749002323,0.0934282568465154,0.2204342799740955,0.9926281285586569,0.0,0.0,0.0,0.0,False,889.0362372457907,1.686502542720616,1440,2023-12-14,0.07409020267041817,0.037081131498953535,2.757
280,5,125,386.27910769753424,4445.16850653994,4222.910081212919,4265.325982605253,0.9900556483688907,42.41590139233278,0.09147225497791935,0.2225112224554276,0.9644885483324216,0.0,0.0,0.0,0.0,False,1075.452083882574,3.066404083682187,1440,2023-05-18,0.07371975165706608,0.030002031612574115,2.667
281,5,245,922.2925137983713,8659.41583549491,8226.445043720138,8279.781497844917,0.9935582292674436,53.3364541247799,0.11211313135829265,0.2000671603932842,0.9461675946114939,1.0416666666666667,0.0,0.0,0.0,False,2240.1552477262007,3.216623147091531,1440,2023-10-09,0.07335115289878076,0.018643917121768633,2.795
282,5,254,843.6122402549091,8686.621314153332,8252.290248445674,8364.681039182706,0.9865636489651477,112.39079073703277,0.10222765012583074,0.24454507043653814,0.9759325451969562,0.0,0.0,0.0,0.0,False,1581.8007736840152,2.294098170936535,1440,2023-09-09,0.07298439713428685,0.05893100404617549,2.877
283,5,152,573.0038346121396,5473.810583735679,5200.120054548863,5248.879234865797,0.9907105539801621,48.75918031693465,0.11019050110408472,0.26944282664369745,0.9938358971414513,0.0,0.0,0.0,0.0,False,1038.7332334481325,1.4420779124553442,1440,2023-10-24,0.07261947514861541,-0.008917982031284605,2.711
284,5,221,243.4303669410363,7935.592601150887,7538.812971093309,7608.958196509759,0.9907812313322176,70.14522541645017,0.03229027804170781,0.23152069099972136,0.9394639307271271,4.166666666666667,0.0,0.0,0.0,False,2078.5921454600166,3.3453894534695054,1440,2023-10-06,0.07225637777287233,-0.12144437588118803,2.592
285,5,191,751.7818022285717,6479.725471961435,6155.739198363358,6209.218586932873,0.99138709842136,53.47938856951458,0.12212697419482128,0.2556741973309871,0.983710189963657,0.0,0.0,0.0,0.0,False,1332.731158847155,1.8488121191030646,1440,2023-11-29,0.07189509588400797,-0.12961282709434946,2.683
286,5,210,645.0079297748324,7363.801717463695,6995.611631590558,7025.993793563402,0.9956757488171031,30.382161972843807,0.09220179217241367,0.20396975158841063,0.9796436503096795,0.0,0.0,0.0,0.0,False,1545.3603772326212,2.0297565247259306,1440,2023-04-23,0.07153562040458793,-0.19206901186021258,2.65
287,5,121,54.70182149021125,4618.108795349419,4387.203355581935,4436.6794051960205,0.9888484055088269,49.476049614084786,0.012468494632375069,0.21697334800107357,0.9990354243676323,0.0,0.0,0.0,0.0,False,876.697903807511,1.488533788460408,1440,2023-12-30,0.071177942302565,-0.12848266661865534,2.657
288,5,234,902.9905557196576,8596.939461412749,8167.092488342084,8207.486701619167,0.9950783699388615,40.394213277082756,0.11056450713746775,0.17251582591816117,0.9741588362665502,0.0,0.0,0.0,0.0,False,1706.313501922116,2.445023220806086,1440,2023-04-28,0.07082205259105216,-0.10707016993332169,2.722
289,5,167,487.9105558425514,5851.650884839835,5559.068340597836,5571.7583661975195,0.9977224379153499,12.690025599683809,0.08776840397505893,0.12319157318399966,0.9866910753624227,0.0,0.0,0.0,0.0,False,1259.0905723548608,1.787180157078312,1440,2023-12-14,0.0704679423280969,0.009240584701444426,2.719
290,5,220,541.6703396183877,7665.374601148173,7282.105871090744,7334.0418316834475,0.992918507722667,51.9359605927047,0.07438374959210173,0.2223317080829474,0.9579093093835316,0.0,0.0,0.0,0.0,False,1581.0819473707363,3.030356118826394,1440,2023-06-30,0.07011560261645643,0.21464296576521266,2.673
291,5,196,676.8662111992886,7631.045930649551,7249.493634117057,7300.511521151242,0.9930117380287156,51.017887034184845,0.09336737782813802,0.2094665406659617,0.975603163807389,0.0,0.0,0.0,0.0,False,1534.0763257220488,2.042211918386679,1440,2023-04-23,0.06976502460337414,0.1597399884343949,2.673
292,5,230,791.9770985792732,8283.580672080325,7869.401638476285,7933.527154856035,0.991917149191265,64.12551637974826,0.10064006578429258,0.20900029218016705,0.962349062863491,0.0,0.0,0.0,0.0,False,1751.247717145152,2.815834641720497,1440,2023-09-06,0.06941619948035727,0.1436476478538111,2.727
293,5,139,155.54416809326028,5064.2732983841715,4811.0596334649545,4835.865249404556,0.9948704906650043,24.80561593960157,0.03233054252982444,0.20310615036858465,0.988362531544723,0.0,0.0,0.0,0.0,False,1197.415392388861,1.7878640591831134,1440,2023-01-04,0.06906911848295548,0.13134950744908394,2.722
294,5,185,559.5063233361782,6448.196332072862,6125.7865154692045,6150.957590682641,0.9959077794242045,25.171075213436858,0.09133624260709693,0.1891812505546742,0.9669467135886096,0.0,0.0,0.0,0.0,False,1653.3120152583745,2.429180096660421,1440,2023-10-30,0.0687237728905407,0.13432279959235427,2.685
295,5,234,844.8528649806806,8028.9105686453995,7627.465040213136,7686.071645090724,0.9923749598515619,58.60660487758878,0.11076456732695464,0.21205335180330181,0.9650544694466452,0.0,0.0,0.0,0.0,False,1719.2917702204875,2.5324628514495946,1440,2023-10-12,0.068380154026088,0.16787715036983983,2.76
296,5,258,655.8933377824953,8965.330636875506,8517.064105031792,8590.22715364999,0.9914829902272012,73.1630486181988,0.07700932266025806,0.22117026586810218,0.9574366495024326,0.0,0.0,0.0,0.0,False,1878.8558216372958,2.934506699979837,1440,2023-08-12,0.06803825325595757,0.14379934065468242,2.73
297,5,188,927.2981058485682,6748.077790481012,6410.6739009569355,6486.174619694144,0.9883597462041858,75.5007187372082,0.14464908372739851,0.27247120343130354,0.9816686571993999,0.0,0.0,0.0,0.0,False,1061.9839097297936,1.9211266816774766,1440,2023-02-11,0.06769806198967777,0.1034213686465906,2.68
298,5,124,475.639469113822,4662.107775606457,4429.002386826134,4458.718502385217,0.9933352788378127,29.716115559083633,0.10739201011238782,0.197628001790525,0.9575813845894787,0.0,0.0,0.0,0.0,False,1097.9903355050399,3.377844151068942,1440,2023-08-29,0.06735957167972938,-0.04536663177049105,2.714
299,5,251,701.6926574687817,8794.740898358932,8355.003853440981,8407.11236552036,0.993801853738379,52.10851207937954,0.08398471978918261,0.2050501674416032,0.9351240847123681,4.722222222222222,0.0,0.0,0.0,False,2078.139535985495,3.966578657339395,1440,2023-06-06,0.06702277382133073,0.0003766114160301537,2.728
300,5,211,1028.2054941212252,7808.397416335788,7417.977545518992,7471.384737188326,0.9928517679723408,53.40719166933336,0.1386099496543148,0.20535796852214908,0.9825370942784856,0.0,0.0,0.0,0.0,False,1455.385797406424,1.9507044569479701,1440,2023-03-02,0.06668765995222407,0.020389933160794904,2.657
301,5,238,854.2745528493333,8286.224940113232,7871.913693107582,7980.243628882205,0.9864252345150775,108.32993577462331,0.10852183930793236,0.26808287382354745,0.9621657305228333,0.0,0.0,0.0,0.0,False,1743.9303273422788,2.9055592732611863,1440,2023-08-16,0.06635422165246296,0.03545552975329837,2.679
302,5,148,124.90721101648845,5308.084413142399,5042.680192485276,5072.379938131461,0.9941448105212076,29.69974564618473,0.024770004491386978,0.20346457925466985,0.9426631915815157,3.1944444444444446,0.0,0.0,0.0,False,1038.8834531391326,3.789232128793908,1440,2023-07-02,0.06602245054420065,-0.09389092832695267,2.567
303,5,198,112.95621881244813,7241.639095009681,6879.557140259236,6904.64056540495,0.9963671642414824,25.08342514571378,0.016419111944201644,0.17329371278655145,0.9784936507096683,0.0,0.0,0.0,0.0,False,1503.2786226713204,1.9498735157901534,1440,2023-01-07,0.06569233829147963,-0.05538107570235626,2.698
304,5,279,346.07251058197767,10480.078235161567,9956.074323403482,10002.590864265772,0.9953495507820408,46.516540862289986,0.03475993643081532,0.18028864753123092,0.9630299277418838,0.0,0.0,0.0,0.0,False,1421.2989516695868,3.1168409670619255,1440,2023-07-22,0.06536387660002224,0.04313802698785374,2.787
305,5,276,1324.8719517633158,10221.154455507358,9710.096732732038,9766.535858711108,0.9942211725021487,56.4391259790704,0.13644271403571787,0.20182078462395686,0.9633496919339325,0.0,0.0,0.0,0.0,False,2009.7492119048381,2.5283738174255914,1440,2023-02-27,0.06503705721702213,0.10755002032516539,2.594
306,5,177,818.6099311555269,6185.274949686253,5876.011202201959,5904.087118635203,0.995244664269159,28.07591643324306,0.13931388198320033,0.1670697153074308,0.9889501422663564,0.0,0.0,0.0,0.0,False,1416.4098666001203,1.833595791274802,1440,2023-02-08,0.06471187193093703,0.11161787415981979,2.624
307,5,234,997.5196711518271,8709.83741054736,8274.345540020024,8312.572630956283,0.9954012923996717,38.22709093625786,0.12055571843442897,0.19654642418390866,0.9788849838978259,0.0,0.0,0.0,0.0,False,1634.821983803498,2.188083226676423,1440,2023-11-29,0.06438831257128233,0.19297102395852908,2.569
308,5,135,156.07062353963454,4879.414594825994,4635.44386508469,4665.578195287117,0.9935411370378774,30.134330202427098,0.03366897067079101,0.17341037716572746,0.9881761778229466,0.0,0.0,0.0,0.0,False,1235.1910145282745,1.6054012694085882,1440,2023-10-21,0.06406637100842592,0.1933774630600498,2.561
309,5,266,956.752878467022,9618.444214312265,9137.522003596601,9165.713686271949,0.996924223945859,28.19168267534704,0.10470594523224529,0.1547322398793682,0.9418961575921307,1.0416666666666667,0.0,0.0,0.0,False,1866.2774707909393,3.718208900362983,1440,2023-08-25,0.0637460391533838,0.24593139892297866,2.653
310,5,168,-32.37832331357469,5704.325047104281,5419.108794749074,5442.727899264577,0.9956604289333122,23.619104515502105,-0.005974842827467894,0.15623797432537523,0.9829187330686056,0.0,0.0,0.0,0.0,False,1396.2482937675077,1.8205375514897246,1440,2023-12-24,0.06342730895761688,0.33132983764934365,2.642
311,5,181,689.1493538064626,6630.559041883196,6299.031089789032,6329.645105998829,0.9951633913596857,30.61401620979719,0.1094056123843554,0.1658629145235827,0.9804094736779014,0.0,0.0,0.0,0.0,False,1305.2660531937265,1.9961991203312588,1440,2023-02-02,0.06311017241282879,0.39852407413295154,2.773
312,5,294,1086.8750677746855,10989.963982325366,10440.465783209032,10484.632609925662,0.9957874702567243,44.16682671662936,0.10410216271410626,0.19522659908796988,0.9316971617335185,5.277777777777778,0.0,0.0,0.0,False,2199.555043308872,3.8449044341245586,1440,2023-08-30,0.06279462155076464,0.43281144915760217,2.736
313,5,218,148.3489530091015,7634.69064865803,7252.956116225133,7280.231632122354,0.9962534824061264,27.275515897221354,0.02045358480485486,0.18559255523640883,0.9703067285655107,0.0,0.0,0.0,0.0,False,1968.7807658858044,2.370165401558013,1440,2023-01-10,0.06248064844301082,0.39587991318127247,2.696
314,5,278,734.3692438960826,10205.878229751685,9695.584318264024,9711.765071839292,0.9983339018751404,16.180753575268348,0.0757426494154372,0.15239274582916434,0.936174222286636,5.625,0.0,0.0,0.0,False,2019.4499216788668,3.5305510173492953,1440,2023-05-31,0.062168245200795766,0.38824995311182253,2.746
315,5,155,524.3501234386928,5500.3834819934,5225.364307893721,5245.928681345618,0.9960799365181948,20.56437345189695,0.10034709400961399,0.13668736994569108,0.9846703701372711,0.0,0.0,0.0,0.0,False,1298.4352440709533,1.8106679443601243,1440,2023-04-19,0.06185740397479179,0.4575659284607423,2.863
316,5,257,1028.1185475068544,9319.698765982643,8853.71382768345,8874.296522366789,0.9976806392899469,20.58269468333951,0.1161228573135234,0.14713627909299468,0.955997751133441,0.0,0.0,0.0,0.0,False,2195.7849122446055,3.052109171707439,1440,2023-02-10,0.06154811695491783,0.5507361671862346,2.728
317,5,300,1407.2594806251338,11135.937584692181,10579.140705457507,10613.556346932299,0.9967573883484644,34.41564147479174,0.13302209695530043,0.19021552388048288,0.945117077719591,2.0833333333333335,0.0,0.0,0.0,False,2358.0,3.364519605931741,1440,2023-01-17,0.06124037637014324,0.604927944087911,2.684
318,5,133,472.27979307802394,4633.989515258269,4402.290039495367,4417.406053734113,0.996578079068378,15.116014238744762,0.10728048103167714,0.18728878688938874,0.9841522162795155,0.0,0.0,0.0,0.0,False,1159.71090598109,1.66126908578504,1440,2023-03-28,0.060934174488292525,0.5539962508827537,2.625
319,5,164,775.4441827170198,6460.962437394308,6137.914315524596,6152.218517915038,0.997674952157699,14.304202390441628,0.12633675591653223,0.1572365955732324,0.9917106168804154,0.0,0.0,0.0,0.0,False,1219.550749489874,1.6727810494654138,1440,2023-03-07,0.060629503615851066,0.5203252783545657,2.589
320,5,146,797.4127436412919,5429.640760849395,5158.158722806917,5182.998473019141,0.9952074556183006,24.839750212224452,0.15459251769735452,0.17527849432988177,0.9806948105429574,0.0,0.0,0.0,0.0,False,1255.4221557984074,2.033961173296884,1440,2023-02-06,0.06032635609777181,0.5616414914488974,2.598
321,5,166,637.3892635953174,6075.448365676153,5771.675947392336,5814.7880789423725,0.9925857776818793,43.11213155003593,0.11043400035015691,0.17039180329568265,0.9695057100417143,0.0,0.0,0.0,0.0,False,896.9496386648905,2.7550867478682624,1440,2023-06-17,0.060024724317282944,0.5562383599432403,2.571
322,5,176,400.97224228358095,6388.53971108536,6069.112725531067,6092.94097542715,0.9960892038849247,23.828249896083307,0.06606768738975673,0.16634298748190895,0.9853454462234686,0.0,0.0,0.0,0.0,False,1308.7128648960147,1.7051490760628452,1440,2023-11-09,0.05972460069569653,0.5641469848491685,2.57
323,5,133,387.49499295789644,4962.069737537199,4713.966250660322,4746.760127193456,0.9930913137267536,32.79387653313431,0.0822014779812259,0.19656385759564493,0.9653868165097417,0.0,0.0,0.0,0.0,False,1166.086921445176,3.02916532857415,1440,2023-08-01,0.05942597769221805,0.5810641301901177,2.621
324,5,282,960.6266298286075,10424.678119977127,9903.444213978262,10030.949980505033,0.9872887645961175,127.50576652676955,0.09699924683502802,0.23477499211438074,0.9415811194914131,3.125,0.0,0.0,0.0,False,2127.8437649591788,3.34005179130517,1440,2023-08-04,0.059128847803756955,0.5282837393328758,2.721
325,5,166,4.832047858311675,6083.482215618791,5779.308104837857,5801.548678630915,0.99616644192352,22.2405737930578,0.0008360945238871707,0.1919944598525036,0.9884441360759137,0.0,0.0,0.0,0.0,False,1270.8432320599204,1.7650969044205733,1440,2023-12-25,0.058833203564738173,0.40025618110014427,2.636
326,5,286,1320.5158957804151,10248.388017786378,9735.96861689707,9805.202286957807,0.9929390880438207,69.23367006073673,0.13563271901766608,0.21588335943019965,0.9472456024379227,2.0833333333333335,0.0,0.0,0.0,False,2372.7086873054504,3.14750441146241,1440,2023-04-04,0.05853903754691448,0.39235158249746366,3.012
327,5,258,761.9459668828033,8850.993428251972,8408.443756839413,8540.583431589243,0.9845280271765648,132.13967474982923,0.0906167643998377,0.28454875438815647,0.9513188136906437,0.0,0.0,0.0,0.0,False,1127.6378574991263,3.5460692476589766,1440,2023-06-24,0.05824634235917991,0.33267815657287786,2.693
328,5,151,529.7248013105147,5364.103157433662,5095.897999562007,5129.95464877538,0.9933612182670069,34.056649213372545,0.10395121750004507,0.16936336818263784,0.9845444987855759,0.0,0.0,0.0,0.0,False,1357.2792357113342,1.9490801276842191,1440,2023-04-24,0.057955110647384005,0.12964810920629644,2.679
329,5,246,1233.527789129811,8810.824809656338,8370.283569173542,8424.809769111533,0.9935279013494281,54.52619993799013,0.14736989242188914,0.2056096149822791,0.9655945108665605,0.0,0.0,0.0,0.0,False,2044.0153810873019,2.747748577569453,1440,2023-02-03,0.05766533509414709,0.22216375255604037,2.631
330,5,260,319.17446059902,9816.982627196683,9326.133495836875,9388.24556658584,0.9933840598535225,62.11207074896399,0.03422366415208375,0.23931086554623732,0.9595755671718099,0.0,0.0,0.0,0.0,False,1825.4106985227538,2.943103694572459,1440,2023-10-06,0.05737700841867635,0.21615404352751083,2.776
331,5,143,561.9512814455884,5013.355876799953,4762.688082959955,4781.471684033415,0.9960715858391083,18.78360107345936,0.11799035999358208,0.17092106861529596,0.9863273682126095,0.0,0.0,0.0,0.0,False,1161.8765537690629,1.6751590375988257,1440,2023-10-11,0.05709012337658297,0.13523798178666718,2.626
332,5,143,472.2829963401763,5086.147492794709,4831.840118154977,4860.487683511443,0.994106030665678,28.64756535646608,0.09774392049224429,0.19914973999726235,0.9869154614459276,0.0,0.0,0.0,0.0,False,1138.5082100373465,1.6860117300869537,1440,2023-12-04,0.05680467275970005,0.22241663221129848,2.596
333,5,188,846.2798519140164,6968.356633665032,6619.938801981785,6682.813070222615,0.9905916464249185,62.87426824082981,0.12783801742406878,0.239529166704917,0.9852582183258689,0.0,0.0,0.0,0.0,False,1111.0345289707184,1.6464447463052183,1440,2023-11-29,0.056520649395901554,0.2300989885108144,2.664
334,5,132,414.1143637097772,4471.871934982681,4248.278338233542,4282.669898256778,0.99196959820853,34.391560023235776,0.09747816191393154,0.207557431091409,0.9956389466350837,0.0,0.0,0.0,0.0,False,974.7600797314434,1.3439126551728382,1440,2023-04-22,0.05623804614892205,0.14543367645834096,2.778
335,5,196,695.2466429182618,7119.485885237688,6763.511590975801,6801.6476483231145,0.9943931148275938,38.136057347312644,0.10279373866171725,0.20467679480291645,0.9825928230193325,0.0,0.0,0.0,0.0,False,1407.6366020410637,1.937241727066128,1440,2023-02-24,0.05595685591817744,0.14766137361150938,2.706
336,5,206,758.5436103189685,7289.71381605792,6925.228125255028,6964.8736154016715,0.9943077947517994,39.6454901466428,0.10953337516098567,0.1863856738139811,0.9869302964498692,0.0,0.0,0.0,0.0,False,1435.0553007337112,1.9891457174836424,1440,2023-11-25,0.05567707163858655,0.15554709142858195,2.674
337,5,240,773.0592501275535,8789.605870115052,8350.12557660936,8433.588337628174,0.9901035291648718,83.46276101881541,0.09258055379347489,0.2311918042004366,0.9412518705689752,1.3194444444444444,0.0,0.0,0.0,False,1794.4519253226254,3.2386347414617083,1440,2023-07-24,0.05539868628039362,0.20277684816719865,2.747
338,5,223,416.23262902580774,8216.75707729532,7805.919223430511,7846.20914584849,0.9948650460790613,40.289922417979305,0.05332269232000631,0.17931544221351328,0.9689633206993097,0.0,0.0,0.0,0.0,False,1602.60956533023,2.0571395332071973,1440,2023-12-19,0.05512169284899165,0.1404275764978681,2.65
339,5,202,704.7860272365247,7412.933795108428,7042.28710535298,7079.093430128675,0.9948007008045624,36.80632477569443,0.1000791385941654,0.20065802722504214,0.9773838397729434,0.0,0.0,0.0,0.0,False,1606.077096722423,2.088734643361604,1440,2023-11-08,0.05484608438474669,0.20571038342295933,2.647
340,5,159,442.4104374673732,5398.7345643375675,5128.797836120701,5183.644991009891,0.9894191915178773,54.84715488918998,0.08626006553652772,0.21200275361637758,0.980610821309707,0.0,0.0,0.0,0.0,False,1145.0112521460646,2.3089913728908624,1440,2023-09-30,0.05457185396282296,0.2109500405764167,2.676
341,5,226,1051.8221164750335,8039.669093930263,7637.685639233763,7688.170171819388,0.9934334787787771,50.484532585625196,0.13771476938929836,0.23093473185471317,0.9758594432550101,0.0,0.0,0.0,0.0,False,1881.6079487557847,2.3749304849562307,1440,2023-02-26,0.05429899469300884,0.18958323055742576,2.676
342,5,202,202.05629905806407,7030.855093020523,6679.312338369498,6734.021061044168,0.9918757719676352,54.708722674669666,0.030251063106803068,0.20743901217956176,0.9872734598752095,0.0,0.0,0.0,0.0,False,1089.1254286610001,1.81350947932776,1440,2023-05-20,0.05402749971954379,0.1292926938251591,2.754
343,5,271,1134.825171895053,9684.49081180305,9200.266271212948,9263.224322580849,0.9932034409212752,62.95805136790207,0.12334699218932928,0.23891976391626674,0.9611387060027794,0.0,0.0,0.0,0.0,False,2034.2321848395395,2.6066370967839188,1440,2023-03-08,0.053757362220946084,0.13237889711570072,2.645
344,5,246,822.8448200574145,9237.961020731136,8776.06296969454,8834.906551283388,0.9933396486711792,58.84358158884787,0.09376013172408384,0.2067757558583053,0.9752683619733864,0.0,0.0,0.0,0.0,False,1706.487058671337,2.215889041046515,1440,2023-11-10,0.053488575409841345,0.06364421773156975,2.628
345,5,251,766.2981716734863,8808.579821225358,8368.150830164086,8421.621418817478,0.9936507964447421,53.4705886533894,0.09157317873756111,0.1962949484458289,0.9554964369921175,0.0,0.0,0.0,0.0,False,2099.8555332579917,3.002606469751518,1440,2023-03-16,0.05322113253279214,0.0790345041588649,2.715
346,5,223,1053.7675420881465,8177.932862317165,7769.0362192013135,7798.408842143062,0.9962335107665787,29.372622941749867,0.1356368425061195,0.17451886995328875,0.9755769471231918,0.0,0.0,0.0,0.0,False,1509.2974287047239,1.9925083235265704,1440,2023-02-23,0.05295502687012817,0.11458976218585763,2.681
347,5,186,918.8223069292493,6566.3410638705855,6238.024010677076,6300.878851404144,0.9900244327482886,62.854840727067646,0.14729380735896208,0.2354812839976725,0.9845125462606521,0.0,0.0,0.0,0.0,False,1347.0840462887718,1.795804239437774,1440,2023-01-25,0.05269025173577754,0.1922153977933757,2.583
348,5,170,612.7221255259673,5977.749458961992,5678.861986013861,5731.6433839570245,0.9907912278543184,52.78139794316444,0.10789523095208248,0.2463473339038893,0.9824484607149179,0.0,0.0,0.0,0.0,False,1088.9458218619484,2.146265239767678,1440,2023-09-14,0.05242680047709865,0.11842453118186227,2.716
349,5,201,981.6194293587507,7044.400372863961,6692.1803542207745,6755.761534385288,0.9905885991030176,63.5811801645123,0.14668155629422644,0.21782299897047175,0.9700727268555988,0.0,0.0,0.0,0.0,False,1572.6978923368006,2.136489010941779,1440,2023-02-12,0.05216466647471316,0.033169161403780095,2.713
350,5,223,620.8273281695216,7852.548070188611,7459.9206666791815,7519.846250279789,0.9920310094640062,59.92558360060805,0.08322170649113428,0.2291302915656569,0.9656874640920329,0.0,0.0,0.0,0.0,False,1628.3331291681952,2.9957743167653677,1440,2023-05-15,0.0519038431423396,0.026827252486309378,2.633
351,5,186,971.9190035302103,7190.259796168837,6830.746806360376,6852.816405281497,0.9967794848692995,22.06959892112172,0.14228590680966516,0.18411421736822575,0.9842285880524194,0.0,0.0,0.0,0.0,False,1376.5611973415544,1.8496757444228726,1440,2023-02-14,0.0516443239266279,-0.004578832935357324,2.545
352,5,146,117.9149435565903,5328.478031152132,5062.054129594511,5105.332926297151,0.9915228257730825,43.27879670263954,0.02329389226938901,0.22388254100950541,0.9909509769293989,0.0,0.0,0.0,0.0,False,1110.9062590537983,1.5468830981130308,1440,2023-11-01,0.05138610230699475,0.07012595109324651,2.662
353,5,139,20.117094572977695,4689.301709163484,4454.8366237052915,4486.604368270227,0.9929194236983319,31.767744564935306,0.0045157872829566055,0.20889142597874524,0.9918450878830222,0.0,0.0,0.0,0.0,False,1007.2195315489192,1.5976006503922116,1440,2023-12-27,0.05112917179545978,0.041205339254839074,2.557
354,5,127,492.9325994377264,4502.285454558918,4277.171181830951,4302.640371146116,0.9940805674845699,25.469189315165675,0.1152473395340502,0.21893363588914277,0.9940127729773656,0.0,0.0,0.0,0.0,False,971.470707488672,1.4399789764145423,1440,2023-11-30,0.05087352593648248,0.050604731552848226,2.522
355,5,156,153.61758701625786,5530.238775101441,5253.726836346393,5267.940943034986,0.9973017718227486,14.214106688593928,0.029239736248466312,0.1677503923179865,0.9820282330832117,0.0,0.0,0.0,0.0,False,1264.3341893479846,1.9981567594036922,1440,2023-01-29,0.05061915830680006,0.03508470179392384,2.566
356,5,193,733.9472197230859,6568.946732357571,6240.499395739691,6273.320717620854,0.9947681103264858,32.82132188116198,0.11761033423449128,0.17198115738872882,0.967835794882634,0.0,0.0,0.0,0.0,False,1477.469733598577,2.4483908221347788,1440,2023-06-19,0.05036606251526607,0.13688429422742884,2.72
357,5,171,570.173545738492,6322.1517044884795,6006.04411926405,6039.315872723735,0.9944908075416364,33.27175345968516,0.09493329293231334,0.19042533681653034,0.9748485109182277,0.0,0.0,0.0,0.0,False,1498.4365840177788,2.2502004839997056,1440,2023-03-26,0.050114232202689735,0.21041722714916328,2.808
358,5,152,466.1585316364131,5940.018827243851,5643.01788588164,5675.138213002143,0.9943401683069298,32.1203271205025,0.08260801951429268,0.21148827768738254,0.9903969085609009,0.0,0.0,0.0,0.0,False,1154.5996469723777,1.5617748175955126,1440,2023-02-17,0.05,0.22914511190456097,2.694
359,5,176,407.067018701185,6312.8919420208495,5997.247344919788,6015.880107625604,0.996902737027256,18.632762705816628,0.06787564282237045,0.146472634721265,0.9732447853648538,0.0,0.0,0.0,0.0,False,1188.9411705806228,2.6199008403652817,1440,2023-05-19,0.05,0.19721453590863514,2.839
360,5,249,22.310119027336782,9158.707551564887,8700.772173986592,8713.602851328338,0.9985275118041683,12.830677341747926,0.0025641539142973037,0.14196509242090138,0.9573697950707972,0.0,0.0,0.0,0.0,False,2097.776079377425,2.8190482230842977,1440,2023-10-28,0.05,0.31738085790128984,2.722
361,5,176,271.31204131225616,6696.271879600811,6361.4582856207835,6375.207837624757,0.9978432778422018,13.749552003973772,0.04264934691555242,0.13002152448411908,0.9813947946074353,0.0,0.0,0.0,0.0,False,1321.4600264403236,1.802179670781813,1440,2023-03-12,0.05,0.4263322539351685,2.588
362,5,286,295.13920336715455,10511.994510662787,9986.394785129658,10014.765164721126,0.9971671447982218,28.370379591469458,0.02955412936474678,0.159942070881647,0.9750009499629867,0.0,0.0,0.0,0.0,False,1648.9275006115327,2.1756762513866237,1440,2023-11-03,0.05,0.5432681439989865,2.665
363,5,224,1210.8155192165534,7858.9561099662,7466.00830446789,7485.491908083222,0.9973971512020082,19.483603615332797,0.1621770924755018,0.19024898160845927,0.9789442678308317,0.0,0.0,0.0,0.0,False,1383.6110681652178,2.1641139118343764,1440,2023-01-22,0.05,0.5729945504313971,2.661
364,5,144,376.63376096948673,4840.16098186574,4598.1529327724475,4606.748539762521,0.9981341271580417,8.59560699007396,0.08190979431873661,0.138124691788883,0.9925688118782672,0.0,0.0,0.0,0.0,False,976.7921077828496,1.365757010677642,1440,2023-11-24,0.05,0.5305880228979157,2.668
365,5,295,1029.7109977221112,10638.281744350394,10106.36765713281,10154.634762690748,0.995246790585194,48.26710555793768,0.10188734792320445,0.16387673965358432,0.9666120366898626,0.0,0.0,0.0,0.0,False,1965.2561439632468,2.783521594221443,1440,2023-09-09,0.05,0.6144300038847542,2.615
366,5,279,1039.843526630322,9899.116332028249,9404.160515426847,9417.027959514382,0.9986335981858763,12.867444087535358,0.1105727113998675,0.14695848327604433,0.9633803228232677,0.0,0.0,0.0,0.0,False,2075.057624101639,2.7679662736179993,1440,2023-03-06,0.05,0.6266552463892028,2.566
367,5,260,860.1604696687981,9337.893151494985,8870.998493920208,8896.050002402393,0.9971839739574957,25.05150848218583,0.09696320772214247,0.17014798481221263,0.9793450479256472,0.0,0.0,0.0,0.0,False,1635.8419392329317,2.1849778866217258,1440,2023-12-03,0.05,0.6763076802595476,2.726
368,5,148,303.6115128697946,5066.23399662575,4812.922296794429,4842.249139695003,0.993943549360118,29.326842900574064,0.06308257107579116,0.17856169208780653,0.9623736305299796,0.0,0.0,0.0,0.0,False,1175.8169138540163,3.151413581556594,1440,2023-07-16,0.05,0.6665053247356425,2.675
369,5,263,1208.2414237790376,9219.224855923672,8758.263613127503,8788.327293023647,0.996579135153511,30.063679896145356,0.1379544481817195,0.1934465265981359,0.9596432783873715,0.0,0.0,0.0,0.0,False,2016.588624093984,2.6949176877153294,1440,2023-02-21,0.05,0.6412251997058215,2.709
370,5,246,493.5627020201478,8930.933839401596,8484.387147431542,8508.968639106677,0.9971111079711635,24.581491675136633,0.05817305286093208,0.1798106641362513,0.9604507066775221,0.0,0.0,0.0,0.0,False,1945.2211349010468,2.629560823852102,1440,2023-12-17,0.05,0.5885821374293332,2.688
371,5,257,704.6593569054552,8835.949897701195,8394.15240281614,8415.653931910303,0.9974450554563997,21.501529094163484,0.08394645737776338,0.1884275718661669,0.9599391857726183,0.0,0.0,0.0,0.0,False,2153.4019029591955,2.815619815245456,1440,2023-12-13,0.05,0.5774760518174762,2.71
372,5,249,828.7900695890525,8607.48233781081,8177.108220920244,8218.472901638992,0.9949668653515303,41.364680718747294,0.10135491021981133,0.1888286161392223,0.9586750867132969,0.0,0.0,0.0,0.0,False,2001.8007802574157,2.5969449200243497,1440,2023-05-05,0.05,0.550212607728868,2.721
373,5,228,550.8392172730994,8373.158772214714,7954.500833603979,7990.525238082742,0.9954916099498602,36.02440447876273,0.06924874719304396,0.1812242478569148,0.9531214476436851,0.0,0.0,0.0,0.0,False,1640.5442483328402,3.4909664391342683,1440,2023-06-03,0.05,0.5280781242502983,2.616
374,5,181,526.9773719418143,6433.479899842364,6111.805904850253,6138.842584264785,0.9955958018073581,27.036679414532706,0.08622285788290686,0.14561608885609206,0.9890380615708789,0.0,0.0,0.0,0.0,False,1201.9862742572095,1.7948654389453522,1440,2023-12-08,0.05,0.5280389352956734,2.549
375,5,286,1004.7542556747669,10367.17647620901,9848.817652398546,9932.174633887458,0.9916073785891251,83.35698148891383,0.10201775392095645,0.2573036307411328,0.9587532384322113,0.0,0.0,0.0,0.0,False,1842.668458346538,2.9452938743758272,1440,2023-09-15,0.05,0.6090647294909789,2.668
376,5,297,1355.834123340012,10365.907047972345,9847.611695573672,9912.011186472942,0.993502883553324,64.39949089927077,0.1376815176363458,0.22446432788106388,0.9516028600982536,0.0,0.0,0.0,0.0,False,2281.5157343149185,2.9995727127240954,1440,2023-02-28,0.05,0.4253075911630769,2.632
377,5,244,898.7918987351086,8898.77325009249,8453.834587587899,8491.649599159467,0.9955468002853872,37.815011571569,0.10631765850431166,0.20419208558029148,0.9368260642548207,4.166666666666667,0.0,0.0,0.0,False,2097.7625469964323,3.714493151571441,1440,2023-06-22,0.05,0.3493251303988538,2.601
378,5,184,687.3559053252078,6775.752437597121,6436.964815717259,6495.280935391976,0.9910217709973159,58.31611967471716,0.10678261028347986,0.22522876564060396,0.9614036645853755,0.0,0.0,0.0,0.0,False,1561.0121781350588,2.872906366402923,1440,2023-08-16,0.05,0.3329284905701601,2.678
379,5,210,1095.7876094944093,7392.359910174888,7022.741914666147,7075.428843419761,0.9925535356344353,52.68692875361347,0.15603415628958106,0.21474457249087206,0.9703046248902247,0.0,0.0,0.0,0.0,False,1677.5219898547828,2.2912717714973225,1440,2023-02-06,0.05,0.27226904429248744,2.632
380,5,221,451.511934108373,7315.488876594076,6949.7144327643455,7010.6613907670235,0.9913065323504363,60.9469580026786,0.0649684153898073,0.20406896046373502,0.9555420547188141,0.0,0.0,0.0,0.0,False,1298.8530448518727,3.4732230452411113,1440,2023-06-03,0.05,0.24606948357521585,2.696
381,5,133,306.31755188685236,4690.636554213893,4456.104726503195,4508.617500857573,0.9883527989800888,52.51277435437862,0.06874110252952394,0.22149048473768077,0.9921055941248604,0.0,0.0,0.0,0.0,False,876.7311020840934,1.5113711450099396,1440,2023-12-15,0.05,0.24839273343791338,2.636
382,5,136,620.2839857214315,4534.241241859339,4307.529179766371,4340.099181372598,0.992495562832754,32.570001606226,0.14399994981695607,0.22982858430480071,0.9968855977854262,0.0,0.0,0.0,0.0,False,924.8967390565413,1.3675248254081607,1440,2023-02-14,0.05,0.21084945568850666,2.747
383,5,208,631.8212809439134,7039.471186690211,6687.497627355702,6762.273308442687,0.9889422273137604,74.77568108698513,0.09447798207200879,0.2621206990071189,0.9635386298759779,0.0,0.0,0.0,0.0,False,1384.0362613149946,3.047472179051298,1440,2023-07-24,0.05,0.16097958522607742,2.716
384,5,221,839.3587123046262,7773.311824569751,7384.646233341247,7413.39506592799,0.9961220422854743,28.748832586743312,0.11366268413982657,0.20770136370546152,0.9761453348308977,0.0,0.0,0.0,0.0,False,1548.5934368178519,2.254492467314318,1440,2023-10-09,0.05,0.04693500156067812,2.742
385,5,158,693.2117085230936,5856.885116176462,5564.040860367613,5591.579411628108,0.995074995947795,27.538551260494618,0.1245878177244898,0.20783358403027596,0.9853342342588935,0.0,0.0,0.0,0.0,False,1143.323982488828,1.6292107098778352,1440,2023-10-16,0.05,0.07503680410673177,2.713
386,5,167,511.30148959547375,6068.395037243645,5764.975285381484,5798.481615986348,0.9942215337007387,33.50633060486248,0.08869101154553163,0.19224901892030527,0.979092633476722,0.0,0.0,0.0,0.0,False,1324.3689286488768,2.3343572039519196,1440,2023-09-30,0.05,0.09683568222746908,2.654
387,5,144,532.7125097825033,5322.042166597189,5055.940058267326,5107.503593435641,0.9899043565559922,51.56353516831422,0.10536369174540099,0.22203500244388047,0.9827209222553128,0.0,0.0,0.0,0.0,False,1041.7774255975714,1.8503973419467186,1440,2023-04-24,0.05,0.14894837701997923,2.558
388,5,285,1002.3879096379748,9516.778920910605,9040.93997486506,9082.110839742023,0.995466817615041,41.17086487696326,0.11087208989604379,0.21750822309728615,0.9554507197744687,0.0,0.0,0.0,0.0,False,2303.6253761959088,2.8254500766808164,1440,2023-04-15,0.05,0.1240076189799279,2.638
389,5,211,527.31139779621,7227.107352897351,6865.7519852525,6921.160937883208,0.9919942690066019,55.4089526307071,0.07680315265230445,0.2194453640339239,0.9582571834691874,0.0,0.0,0.0,0.0,False,1032.7100374686997,3.351646135728183,1440,2023-06-02,0.05,0.11313851595553004,2.655
390,5,169,548.2756961799777,5983.698418205488,5684.5134972952255,5701.63283602614,0.9969974673530809,17.119338730915445,0.09645076864376437,0.16871123378700598,0.9798065296989349,0.0,0.0,0.0,0.0,False,1187.0437464094948,2.3643020184528196,1440,2023-05-09,0.05,0.09920925527371244,2.75
391,5,262,708.6638766641582,9260.08919933249,8797.08473936593,8830.41745375199,0.996225239116878,33.33271438606038,0.08055667276830583,0.19323556617905013,0.9511790965916467,0.0,0.0,0.0,0.0,False,2139.8912977302625,3.3268751195766932,1440,2023-08-01,0.05,0.20124537158212755,2.669
392,5,293,683.543206230182,10508.58147888563,9983.152404941342,10010.1585365249,0.9973021274852922,27.00613158355594,0.06846967555978109,0.14190696435816766,0.9601265333733686,0.0,0.0,0.0,0.0,False,2009.5281477431918,2.6905945062437864,1440,2023-12-15,0.05,0.22925895505740995,2.567
393,5,173,382.77453546231186,5897.509313626085,5602.633847944793,5618.209025740443,0.9972277325880381,15.575177795649601,0.06832046245583664,0.17826596731042785,0.9665044348450348,0.0,0.0,0.0,0.0,False,1398.3387187283738,2.620036524815851,1440,2023-07-31,0.05,0.36749739762566896,2.796
394,5,282,1597.8858571516694,10074.943304344384,9571.196139127234,9599.012222187997,0.9971021931822874,27.816083060764715,0.1669473526531842,0.1850518253370487,0.9502343989040635,0.0,0.0,0.0,0.0,False,2360.8110612024407,3.01996589205511,1440,2023-01-23,0.05,0.39918504681978234,2.754
395,5,259,1018.5011312104153,9643.663929620685,9161.48073313963,9192.547329469395,0.9966204583760834,31.06659632976507,0.11117210862281388,0.18220142067153383,0.9573665128374208,0.0,0.0,0.0,0.0,False,2051.9117860477936,2.745291566266441,1440,2023-04-17,0.05,0.41035368724965476,2.676
396,5,263,858.8331343099393,9266.160962355316,8802.852914237585,8857.203261888628,0.9938637122753065,54.35034765104196,0.09756304492159322,0.2194202607041719,0.9642229485757016,0.0,0.0,0.0,0.0,False,1908.6246602443607,2.7331851312705178,1440,2023-05-01,0.05,0.42644941882410875,2.613
397,5,215,401.2894063477306,7460.706503783314,7087.671178594137,7121.102810966393,0.9953052731775236,33.43163237225552,0.056617949145226526,0.20432137647454912,0.9880166464141675,0.0,0.0,0.0,0.0,False,1462.3945504134542,1.8712975533042095,1440,2023-10-19,0.05,0.35647354297665956,2.628
398,5,284,1581.81307360841,10811.652384959834,10271.069765711853,10298.940065507075,0.9972938671729371,27.87029979522208,0.15400665263602947,0.18679408003583234,0.9572176124554923,0.0,0.0,0.0,0.0,False,2205.299714458575,2.8566940465945705,1440,2023-02-06,0.05,0.33349431878014285,2.681
399,5,146,470.505638764534,5446.060833397917,5173.757791728016,5186.297144786033,0.9975822146884462,12.53935305801787,0.09094079346288587,0.17362998266934182,0.9734465275789997,0.0,0.0,0.0,0.0,False,1035.4053217698074,2.6488849031270694,1440,2023-05-24,0.05,0.3543312875863148,2.572
400,5,135,643.0069582297119,4826.825513017693,4585.48423736682,4591.567207601671,0.9986751864973727,6.082970234851867,0.14022662055838925,0.16129716227387456,0.9946952488919091,0.0,0.0,0.0,0.0,False,829.1530799735494,1.3678659082609357,1440,2023-02-08,0.05,0.40128037770406444,2.631
401,5,294,1096.9294490140057,11208.6238033619,10648.192613193803,10684.769378952325,0.9965767379284223,36.57676575852101,0.10301555286057079,0.18060592164500064,0.9306490112403049,5.208333333333333,0.0,0.0,0.0,False,2182.622284566585,3.837035946095675,1440,2023-08-15,0.05,0.4679069965545984,2.684
402,5,208,557.1848033053554,7177.695843449749,6818.811051277254,6854.6706562706895,0.9947685881945866,35.85960499343588,0.08171289673747263,0.19131818364242098,0.9848001862221665,0.0,0.0,0.0,0.0,False,1231.172675275289,1.6541583220181544,1440,2023-03-21,0.05,0.4796987249362981,2.719
403,5,192,510.79808111995965,6875.904184480126,6532.108975256108,6559.701470414531,0.9957936355361795,27.592495158422686,0.07819803421144432,0.18771341131524197,0.9562837197247975,0.0,0.0,0.0,0.0,False,1765.063359159643,2.7714784927867804,1440,2023-06-04,0.05,0.4659992220652121,2.57
404,5,252,87.47701313746819,9245.253912746988,8782.991217109691,8856.171118174085,0.9917368465347041,73.1799010643955,0.009959820176873085,0.22006939823909588,0.9629326235864596,0.0,0.0,0.0,0.0,False,1104.8568254686343,2.904794901806813,1440,2023-07-15,0.05,0.46358444832237505,2.763
405,5,173,303.30838831182933,6028.348872042625,5726.931428440479,5751.888266518104,0.9956611052021127,24.956838077624276,0.05296176357299677,0.17625883809041473,0.9921191509459037,0.0,0.0,0.0,0.0,False,1109.730951830766,1.5209848323675514,1440,2023-10-19,0.05,0.389465988183672,2.622
406,5,235,1101.6778808885101,8267.6109769515,7854.2304281039505,7886.594935036718,0.995896263571369,32.36450693276733,0.14026554109572523,0.19409533845234134,0.9822392043805357,0.0,0.0,0.0,0.0,False,1567.958447507937,2.057344924541283,1440,2023-02-22,0.05,0.42774151049528736,2.685
407,5,273,978.2089754562684,9425.916714001794,8954.620878301648,9001.689979681101,0.9947710817095791,47.069101379455915,0.10924069134256832,0.2055405730797665,0.9356805058978314,4.513888888888889,0.0,0.0,0.0,False,2170.1904476331683,3.6316647131452386,1440,2023-08-20,0.05,0.41941686062572403,2.77
408,5,265,1022.6725449970503,9071.31942931811,8617.753457852228,8671.050547258363,0.9938534449642914,53.29708940613423,0.11867043423773314,0.22363735044916414,0.9388551176267744,3.888888888888889,0.0,0.0,0.0,False,2008.422849704871,3.6043655882873953,1440,2023-09-25,0.05,0.3873005958957497,2.805
409,5,142,146.26815656499232,5261.085437820616,4998.031165929588,5005.873681034231,0.9984333373943581,7.842515104642471,0.029265154959830626,0.1516289030078381,0.994076007920789,0.0,0.0,0.0,0.0,False,993.067727707956,1.6867193317950326,1440,2023-11-05,0.05,0.3206128063766372,2.638
410,5,295,1373.5193486116664,10177.942983221346,9669.045834060229,9721.484494709759,0.994605899883082,52.438660649531045,0.1420532462234588,0.2107570009743956,0.9599445212336596,0.0,0.0,0.0,0.0,False,2183.5719152448437,2.649019325467457,1440,2023-02-14,0.05,0.42809971398187263,2.686
411,5,252,1286.7379951360444,9277.546079366308,8813.668775397982,8862.08748486241,0.9945364216334884,48.4187094644288,0.1459934594692029,0.21426529968926836,0.9743025103627139,0.0,0.0,0.0,0.0,False,1835.3392572672797,2.4392112129044454,1440,2023-02-12,0.05,0.3834695744909147,2.719
412,5,246,931.1853018888944,8801.364024048236,8361.295822845825,8402.784371460722,0.9950625237087114,41.488548614896814,0.11136853923342699,0.20070353891436482,0.9865004917471258,0.0,0.0,0.0,0.0,False,1434.85753795976,1.8196755680207655,1440,2023-12-01,0.05,0.3393339407409648,2.733
413,5,153,470.48139461998153,5487.081054075042,5212.727001371325,5231.791345891366,0.9963560579427517,19.064344520041416,0.0902562889819879,0.17535047639881188,0.988416067686232,0.0,0.0,0.0,0.0,False,1180.0562151843878,1.7871131564153342,1440,2023-12-07,0.05,0.3338261305000744,2.736
414,5,287,286.1015410262606,10211.362049087304,9700.79394663293,9772.521811060997,0.9926602502593669,71.727864428066,0.029492590256034065,0.22168184732453788,0.978430911092291,0.0,0.0,0.0,0.0,False,1449.5207549212594,2.082910101441687,1440,2023-01-14,0.05,0.386429096021638,2.75
415,5,191,460.2684613798464,7027.243456946438,6675.8812840991295,6698.904967857799,0.9965630675656484,23.023683758670582,0.06894497397311895,0.1856706163199378,0.9732835546933368,0.0,0.0,0.0,0.0,False,1480.829203274484,2.097792412277761,1440,2023-10-27,0.05,0.3254983600360648,2.853
416,5,290,1083.1303884057008,10478.79824131106,9954.858329245524,10035.634724228776,0.9919510427389077,80.77639498325122,0.10880419917415249,0.24448657942065724,0.9643672901989696,0.0,0.0,0.0,0.0,False,2001.96900088348,2.7189370966352295,1440,2023-09-10,0.05,0.35669494864172946,2.853
417,5,161,536.7315972655215,5531.809626190966,5255.219144881452,5274.838016197733,0.9962806684762572,19.618871316280682,0.1021330571510599,0.1788218878754256,0.9461116864978238,1.7361111111111112,0.0,0.0,0.0,False,1500.2688265488362,3.467742187886625,1440,2023-08-31,0.05,0.2500327717336456,2.667
418,5,136,478.07198621032836,4913.150463726071,4667.492940539779,4694.553519618049,0.9942357502230645,27.06057907827051,0.10242586165648085,0.1816861586050883,0.9962049233651832,0.0,0.0,0.0,0.0,False,880.6495616197303,1.388891155127102,1440,2023-02-24,0.05,0.31022425721291685,2.559
419,5,272,755.1495015650278,9672.922034518568,9189.275932792618,9253.499882849948,0.9930594963127021,64.22395005733074,0.08217725826147197,0.20467745153876202,0.9616186603886734,0.0,0.0,0.0,0.0,False,1651.2230955229647,2.9221388855671444,1440,2023-06-09,0.05,0.35299174206082146,2.647
420,5,225,584.0954020506471,7482.910178642684,7108.764669710563,7150.100659996504,0.9942188240066033,41.33599028594181,0.08216552793474718,0.190016149245432,0.9512779021679183,0.0,0.0,0.0,0.0,False,1947.4227965887776,3.328492940991457,1440,2023-05-16,0.05,0.3363910129081249,2.66
421,5,190,208.5728485456453,6433.046251847631,6111.393939255256,6170.9207763477,0.9903536539764694,59.52683709244445,0.03412852298817155,0.2543337307332481,0.9881332980667638,0.0,0.0,0.0,0.0,False,1197.342588106536,1.6398800302026588,1440,2023-04-10,0.05,0.3558644871690221,2.576
422,5,296,853.8311236048125,10182.263089739361,9673.14993525241,9736.89333155825,0.9934534153620393,63.74339630584099,0.08826815766528619,0.2142991434155295,0.9461339598151627,2.013888888888889,0.0,0.0,0.0,False,2120.218356352605,3.4878537244223073,1440,2023-06-08,0.05,0.22722790076788202,2.626
423,5,296,1581.1433441248744,10619.992813845533,10088.993173153201,10152.330731028676,0.9937612791039308,63.33755787547518,0.1567196366365174,0.24857409219224036,0.9505080676018607,0.0,0.0,0.0,0.0,False,2397.6982556043613,3.037198125015163,1440,2023-01-19,0.05,0.2116797665751744,2.644
424,5,122,319.5042176930317,4014.3917215246524,3813.672135448401,3825.8015284796024,0.99682958121562,12.129393031201612,0.08377862761804124,0.1975866751521924,0.9720245562731948,0.0,0.0,0.0,0.0,False,915.2586204597824,2.716718112179499,1440,2023-05-23,0.05,0.12140766730263242,2.699
425,5,233,986.0335990796,8185.231387481976,7775.969818107886,7846.2968495688865,0.991036914252758,70.32703146099948,0.1268052245757726,0.25451465753069935,0.982029962956706,0.0,0.0,0.0,0.0,False,1371.8991456896545,1.9430483413225044,1440,2023-03-07,0.05,0.1614829716150947,2.581
426,5,266,1017.6816404926595,9956.937321699565,9459.090455614596,9519.368536040649,0.9936678488496544,60.2780804260539,0.10758768459483313,0.22929580532805888,0.9563412225096257,0.0,0.0,0.0,0.0,False,1823.033999592713,2.785025103088345,1440,2023-09-14,0.05,0.06557592095581427,2.884
427,5,245,905.856072660335,8475.46559740336,8051.69231753327,8106.154730154243,0.9932813504757839,54.46241262097388,0.1125050532156766,0.22899199594939812,0.9731626987822438,0.0,0.0,0.0,0.0,False,1783.4673169136727,2.390835173170556,1440,2023-01-09,0.05,0.04286696500779599,2.747
428,5,228,1112.5507681817733,7941.962045411281,7544.863943140708,7577.693603708971,0.9956675919765093,32.82966056826192,0.14745802927211576,0.2129271355172751,0.9828812805525748,0.0,0.0,0.0,0.0,False,1613.4754941752865,2.193171881542881,1440,2023-02-13,0.05,0.023918581084965168,2.63
429,5,214,589.1396091418208,7604.15647410291,7223.948650397774,7243.19509289855,0.9973428242296489,19.246442500774855,0.08155368174016309,0.1847035551133859,0.9409369624790187,4.166666666666667,0.0,0.0,0.0,False,1838.1416698618677,3.702471253336182,1440,2023-07-17,0.05,0.04345621012150738,2.685
430,5,216,114.54737984971926,7676.482154444981,7292.658046722696,7327.538436898905,0.9952398216022227,34.88039017620923,0.01570721938637951,0.2049203356451323,0.9488896740310944,0.5555555555555556,0.0,0.0,0.0,False,1681.0448941440668,3.080445529729712,1440,2023-09-19,0.05,0.1219430124836281,2.706
431,5,175,529.5563740528447,5900.6150452674965,5605.584293004153,5638.2623302097145,0.9942042361118117,32.67803720556155,0.09446943375978459,0.1957136309675012,0.9795715808842217,0.0,0.0,0.0,0.0,False,974.2971522866238,2.35303704141836,1440,2023-05-06,0.05,0.14000952042122605,2.69
432,5,145,595.7179554748108,5077.253186017479,4823.390526716605,4837.347767901683,0.9971146913857026,13.957241185079008,0.1235060591040987,0.19105910156342884,0.9941076361297994,0.0,0.0,0.0,0.0,False,794.8097861466126,1.383345077183257,1440,2023-03-03,0.05,0.17493179551371774,2.604
433,5,191,149.45355141847952,6886.89405872745,6542.5493557910795,6566.871808331798,0.9962961889236426,24.32245254071824,0.022843320438414735,0.19406867802468744,0.9602412724684908,0.0,0.0,0.0,0.0,False,1417.483038336221,3.232482370600402,1440,2023-08-02,0.05,0.21355662519849883,2.516
434,5,246,771.7275835418613,8469.233238015873,8045.7715761150785,8070.617651123695,0.9969214159209788,24.84607500861757,0.09591716297698971,0.20230924389514107,0.9638220499104428,0.0,0.0,0.0,0.0,False,1997.1079025824722,2.494752712666396,1440,2023-02-01,0.05,0.2381319868303204,2.63
435,5,290,958.8435098986147,10525.744378218174,9999.457159307263,10032.99530425484,0.9966572151256411,33.5381449475763,0.0958895562651764,0.19949691829027213,0.9573692757006785,0.0,0.0,0.0,0.0,False,2150.2361728970272,2.682912623477367,1440,2023-12-03,0.05,0.23954756902602262,2.597
436,5,294,879.0492089739498,10612.892667547467,10082.248034170121,10126.384666819667,0.9956414224719149,44.13663264954488,0.08718781823207795,0.19647332203555912,0.9557278852898982,0.0,0.0,0.0,0.0,False,2019.3657338143562,2.8045541527734237,1440,2023-04-12,0.05,0.2468923051987824,2.59
437,5,156,625.8848967127664,5516.620945520363,5240.78989824436,5258.399577924361,0.9966511332166674,17.609679680001875,0.11942567988127797,0.1792675062250073,0.9907843572327558,0.0,0.0,0.0,0.0,False,1178.9039399093867,1.7224504091083759,1440,2023-04-07,0.05,0.259596339795581,2.648
438,5,125,433.4876100600348,4262.0949910880745,4048.9902415336805,4058.979351205595,0.9975390094879524,9.989109671914322,0.10706067048851121,0.1900167046245844,0.9931139446027635,0.0,0.0,0.0,0.0,False,850.2580062821316,1.466492777717834,1440,2023-03-27,0.05,0.30864898694498344,2.768
439,5,298,831.1965893893299,10627.214493443573,10095.853768771387,10134.946686566422,0.99614276039095,39.092917795034175,0.08233049016224828,0.17995038561694113,0.9468559977946621,1.0416666666666667,0.0,0.0,0.0,False,2274.178764773671,3.3849502231815842,1440,2023-06-09,0.05,0.3247420329542066,2.689
440,5,241,876.6927626983503,8937.789122017142,8490.899665916248,8511.75772289018,0.997549500625724,20.858056973930697,0.10325086824633287,0.17476886971350697,0.9746624821872045,0.0,0.0,0.0,0.0,False,1568.1128863044648,2.126077516899315,1440,2023-02-24,0.05,0.3607648522975533,2.666
441,5,257,999.1051275529192,9110.056907874121,8654.554062480367,8681.862262166831,0.9968545688860482,27.308199686462032,0.1154427045391382,0.18247150137297466,0.9590148528075586,0.0,0.0,0.0,0.0,False,1864.7117457560862,2.8672517982797006,1440,2023-06-19,0.05,0.40224399927411036,2.668
442,5,267,612.622261273356,9585.329641842165,9106.063159750076,9135.454830790626,0.9967826811488918,29.391671040550364,0.067276302670645,0.16414372676196406,0.9689970895976064,0.0,0.0,0.0,0.0,False,1426.1579611651027,2.5619183899359506,1440,2023-05-19,0.05,0.41935795213587845,2.638
443,5,185,362.29800169465767,6424.7635917195785,6103.525412133584,6128.327128005312,0.995952938648071,24.801715871727968,0.0593588094143792,0.1957896005781224,0.9877582409189859,0.0,0.0,0.0,0.0,False,1201.5934657694509,1.6541380193403363,1440,2023-12-17,0.05,0.47516303223141804,2.723
444,5,276,914.3625962153202,9354.792713711042,8887.053078025476,8913.753776838299,0.9970045505539762,26.700698812823003,0.1028870412033674,0.18489132366843272,0.9780221345921448,0.0,0.0,0.0,0.0,False,1702.506138895422,2.2556637165942686,1440,2023-02-24,0.05,0.4503966938833952,2.721
445,5,236,828.6061990742477,8211.542671689238,7800.965538104763,7840.57761202023,0.9949478117715794,39.612073915466716,0.10621841553161851,0.2015510609143794,0.9824612938032787,0.0,0.0,0.0,0.0,False,1408.716201785135,1.919471767901251,1440,2023-01-05,0.05,0.45531526622287266,2.702
446,5,236,751.0178459965174,8489.933051667349,8065.436399083964,8100.439698995164,0.9956788395183607,35.00329991120006,0.09311558715927816,0.19364760788608215,0.9508654939172593,0.0,0.0,0.0,0.0,False,1580.8633648790142,3.2785869940669974,1440,2023-06-12,0.05,0.42252114910765287,2.755
447,5,188,1042.9098742675503,6613.052459254173,6282.3998362914635,6299.913039476543,0.9972200881067186,17.513203185080748,0.1660050142372323,0.16812958721469828,0.9917813287521392,0.0,0.0,0.0,0.0,False,1125.9689569283216,1.7692351968373699,1440,2023-01-22,0.05,0.4139910716834269,2.65
448,5,182,443.6148675384063,6462.608452013306,6139.478029412627,6148.332925159398,0.9985597891567426,8.854895746771088,0.07225612102741699,0.16070696979636065,0.9870325779359725,0.0,0.0,0.0,0.0,False,1327.074267632534,1.7942528728298945,1440,2023-11-19,0.05,0.46490017586035576,2.714
449,5,189,767.4949111383472,6789.2960713508555,6449.8312677832855,6474.299856073538,0.9962206587840848,24.4685882902524,0.11899457199321808,0.18316035290721636,0.9842583628323753,0.0,0.0,0.0,0.0,False,1327.745763280568,1.8707766980152873,1440,2023-11-29,0.05,0.5239218690324237,2.709
450,5,249,759.503972714278,8173.473172612707,7764.799513982084,7797.055001932829,0.9958631190952546,32.25548795074617,0.0978137260783924,0.19832814220139874,0.9512783419231977,0.0,0.0,0.0,0.0,False,1850.9869005192913,2.9317536905312465,1440,2023-09-04,0.05,0.5225837630808345,2.773
451,5,211,757.0637931439067,7824.464462986138,7433.241239836823,7466.47539143382,0.9955488835287496,33.234151596996085,0.10184840888609797,0.19918046785571555,0.9639157790263257,0.0,0.0,0.0,0.0,False,1571.7882198340499,2.658272495539366,1440,2023-09-15,0.05,0.488227734762292,2.76
452,5,123,264.028667451261,4468.076891820506,4244.673047229484,4261.180074129137,0.9961261841526313,16.507026899652914,0.06220235681605528,0.1873031415709608,0.9967166627197045,0.0,0.0,0.0,0.0,False,854.1243808427105,1.531513567470644,1440,2023-02-19,0.05,0.45890877227517524,2.649
453,5,123,324.0581215665642,4066.4071597424027,3863.086801755278,3884.670756748234,0.9944438135573107,21.58395499295576,0.08388579863629295,0.18644114205825435,0.9732754957839393,0.0,0.0,0.0,0.0,False,905.5955599290475,2.62370945116072,1440,2023-10-07,0.05,0.46221856303339426,2.614
454,5,154,507.29040017090097,5397.811887810845,5127.921293420315,5148.911342650609,0.9959234005339295,20.990049230293494,0.09892710342918291,0.18926341997244697,0.9810894691103272,0.0,0.0,0.0,0.0,False,1210.3371318221352,2.2910860648800475,1440,2023-05-08,0.05,0.4674407374650109,2.637
455,5,209,725.8658783911377,7402.2503492213755,7032.137831760336,7063.146556538975,0.9956097860166965,31.008724778639902,0.10322122457736778,0.19904684733592404,0.9544835069846367,0.0,0.0,0.0,0.0,False,1442.3592617777233,3.5014461807136144,1440,2023-08-31,0.05,0.4659462946004582,2.629
456,5,228,825.9111593628622,8279.287362320201,7865.322994204228,7892.951265244288,0.9964996273115586,27.62827104006056,0.10500664244449424,0.19274782099480003,0.9673474217346569,0.0,0.0,0.0,0.0,False,1893.9823589602083,2.3900617048868646,1440,2023-10-24,0.05,0.4432748577423703,2.599
457,5,295,174.2524799920057,10318.813983477647,9802.873284303783,9825.582119092578,0.9976888051503159,22.708834788792007,0.01777565362096603,0.1895042049043853,0.9651694113217901,0.0,0.0,0.0,0.0,False,2088.3479922886936,2.577029593584135,1440,2023-04-10,0.05,0.43935817515663267,2.669
458,5,261,351.8155836407679,9260.566637725105,8797.538305838862,8829.774377276168,0.9963491624972585,32.236071437305434,0.0399902303815228,0.1828534564807865,0.9759216372503465,0.0,0.0,0.0,0.0,False,1715.230831744474,2.2753751980975707,1440,2023-03-12,0.05,0.4438855742417358,2.648
459,5,171,586.0306699983281,5998.620501525536,5698.689476449252,5723.648765705582,0.995639269585185,24.959289256330614,0.10283604193915001,0.19953876415908736,0.9678252044706047,0.0,0.0,0.0,0.0,False,1321.7491182437004,2.898354391969624,1440,2023-06-18,0.05,0.4629964672176964,2.687
460,5,213,790.7747364132031,7830.023978887764,7438.522779943394,7470.064660025375,0.9957775626426942,31.541880081980537,0.1063080345126295,0.2056531699439839,0.9517691348424308,0.0,0.0,0.0,0.0,False,1530.974393579116,3.5755570104162135,1440,2023-08-29,0.05,0.4416005664982485,2.797
461,5,255,958.9714301495279,9120.461622809744,8664.438541669222,8693.265136904787,0.996684031283805,28.826595235565506,0.11067900424679798,0.20621381956757145,0.971130591356922,0.0,0.0,0.0,0.0,False,1877.9615419405231,2.3617893968206323,1440,2023-04-17,0.05,0.4107494946987187,2.711
462,5,280,1248.7934763345895,9916.36835475418,9420.549937016458,9461.116087811835,0.9957123292411942,40.56615079537879,0.13256057073989563,0.20616821507487834,0.9638069218596111,0.0,0.0,0.0,0.0,False,1884.0595165681152,2.6396369278233394,1440,2023-01-17,0.05,0.38452451710882357,2.648
463,5,200,175.11638996419816,6878.713501250807,6534.777826188293,6574.9286280710785,0.9938933478743229,40.15080188278499,0.026797604237196043,0.20385092839858002,0.9686291678039113,0.0,0.0,0.0,0.0,False,1522.4914176982813,2.569321001994158,1440,2023-10-06,0.05,0.3633364541670884,2.795
464,5,249,1197.9530678893973,8766.830403253845,8328.48888309117,8380.149161155205,0.993835398741648,51.66027806403527,0.14383798606269732,0.20541213068186348,0.972973729249398,0.0,0.0,0.0,0.0,False,1549.0469325647182,2.4299741886960295,1440,2023-02-11,0.05,0.35129148808162763,2.747
465,5,157,567.3897561909035,5736.857064450279,5450.014211227772,5479.825161192959,0.9945598720600973,29.810949965187554,0.10410794067692582,0.19607589410802756,0.9846646501729217,0.0,0.0,0.0,0.0,False,1084.1664958851088,2.065895877823651,1440,2023-04-24,0.05,0.33795026365594216,2.652
466,5,203,505.530445463895,7016.4823159828875,6665.658200183692,6688.471981016476,0.9965890892721784,22.813780832784296,0.07584103929150816,0.1972547197619026,0.9604985712481253,0.0,0.0,0.0,0.0,False,1602.4739531800778,3.190871371780844,1440,2023-05-29,0.05,0.3480132098724315,2.625
467,5,283,1171.3636813818575,10062.751403306009,9559.613833140585,9627.939737462166,0.9929033722494414,68.3259043215807,0.12253253131638621,0.23149678307470536,0.9754488761175382,0.0,0.0,0.0,0.0,False,1832.5092609334015,2.3663215827203516,1440,2023-11-29,0.05,0.35360741441900273,2.656
468,5,189,619.2067002559934,6845.986605503044,6503.687275227887,6533.293799836004,0.9954683616694445,29.606524608117397,0.09520856001402629,0.2078021104159839,0.9677196504612333,0.0,0.0,0.0,0.0,False,1314.2392748517768,2.897261475974593,1440,2023-09-05,0.05,0.2811753996143584,2.795
469,5,123,481.9347534007296,4543.72804910812,4316.541646652677,4330.000148642265,0.9968918010328918,13.458501989588603,0.111648350195915,0.19481084078773275,0.9656087058069776,0.0,0.0,0.0,0.0,False,889.6500846133035,3.038930342272315,1440,2023-06-14,0.05,0.2749679620990309,2.647
470,5,262,898.984093485755,8937.547266821051,8490.669903479984,8577.281752977246,0.9899021797357656,86.6118494972613,0.10587905356175696,0.23796771015295157,0.9512121969309935,0.0,0.0,0.0,0.0,False,992.7243108746761,3.616042099818765,1440,2023-08-19,0.05,0.2988422632295348,2.769
471,5,174,700.6433261297367,6421.10107521144,6100.046021450892,6133.480322808618,0.9945488858530459,33.434301357726724,0.11485869510917053,0.20779528892821225,0.9957002213868009,0.0,0.0,0.0,0.0,False,1187.1380148178114,1.531603616152831,1440,2023-10-22,0.05,0.22109820602280894,2.766
472,5,199,825.1665196526546,7216.283598588092,6855.469418658713,6915.833489510002,0.9912716130394333,60.36407085128965,0.1203661586479807,0.22764267006061897,0.9745252001690929,0.0,0.0,0.0,0.0,False,814.8957768777414,2.614968222694183,1440,2023-06-16,0.05,0.22489252250544414,2.747
473,5,300,1155.1037373923805,10749.314021332744,10211.848320266097,10290.819879202216,0.9923260187367849,78.97155893611799,0.11311407114224363,0.23229833221837673,0.9327154147544521,4.166666666666667,0.0,0.0,0.0,False,2187.5215385530446,3.849893940166262,1440,2023-08-20,0.05,0.18288160369722656,2.674
474,5,190,527.9290534191059,6853.708924232654,6511.023478021033,6541.0097506990705,0.9954156508213685,29.9862726780377,0.0810823452259406,0.20681729449530598,0.9881845804516068,0.0,0.0,0.0,0.0,False,1299.557953018018,1.7368225495085887,1440,2023-03-21,0.05,0.1374154952926666,2.571
475,5,167,658.0051923853779,5934.70248836771,5637.967363949334,5668.434895138534,0.9946250540488116,30.4675311892001,0.11670964904707297,0.2175185761342479,0.9920604872898277,0.0,0.0,0.0,0.0,False,1052.934105605259,1.5812837875079124,1440,2023-03-04,0.05,0.156760026835009,2.67
476,5,162,162.684799106544,5696.127884125408,5411.32148991914,5444.4881289157165,0.9939082172260734,33.16663899657604,0.03006378375589268,0.20854520338651453,0.9923986713528063,0.0,0.0,0.0,0.0,False,992.4444108460493,1.7540392161638707,1440,2023-11-05,0.05,0.14781690365649824,2.635
477,5,273,210.51965479048098,9684.5807171557,9200.351681297929,9228.029717329082,0.9970006559494301,27.678036031154672,0.022881696491930423,0.18565541183581624,0.9608568479129193,0.0,0.0,0.0,0.0,False,1998.8930882995196,2.8865907850192203,1440,2023-12-09,0.05,0.15997656498937737,2.544
478,5,158,594.792631688098,5628.480339127836,5347.056322171466,5378.230144701946,0.9942037023906108,31.1738225304806,0.11123739789719474,0.20137460744238445,0.988161075952809,0.0,0.0,0.0,0.0,False,1068.062756934112,1.903862590202681,1440,2023-03-18,0.05,0.22077906487542615,2.574
479,5,229,783.1261014358537,8363.93512250369,7945.738366378509,7994.834255556137,0.9938590485295543,49.09588917762785,0.09855926099323417,0.2160387693164889,0.976310824651593,0.0,0.0,0.0,0.0,False,1686.8404640713302,2.104334162320641,1440,2023-04-22,0.05,0.23477010407769583,2.55
480,5,162,484.6262819766807,5883.740681086817,5589.553647032457,5621.937474523483,0.9942397389444871,32.383827491025386,0.08670214342320036,0.23796102916369852,0.9611282387982889,0.0,0.0,0.0,0.0,False,1157.2561009204446,3.21842747718085,1440,2023-06-01,0.05,0.21289984085065733,2.567
481,5,265,846.063649979732,9125.398494912397,8669.1285701668,8757.985974025116,0.9898541280927083,88.85740385831642,0.09759500544164304,0.24852612032529356,0.9597595386880611,0.0,0.0,0.0,0.0,False,1703.952929743432,2.962934775735185,1440,2023-08-04,0.05,0.14527660714698049,2.618
482,5,249,677.4871687201263,8674.541176352148,8240.814117534523,8275.025662206335,0.995865687181121,34.21154467181238,0.0822111940710557,0.22671421627345645,0.957935594482807,0.0,0.0,0.0,0.0,False,1851.3161876515737,2.9539312326464753,1440,2023-05-25,0.05,0.06550851361226523,2.882
483,5,234,554.8024868302849,8727.92565718954,8291.529374330055,8327.251241054026,0.9957102451109127,35.721866723969754,0.06691196060257729,0.1871375993811725,0.9700238239405966,0.0,0.0,0.0,0.0,False,1630.2424194481976,2.2139351356522434,1440,2023-02-19,0.05,0.0483445168848618,2.642
484,5,197,334.9601454385921,7311.8708844960365,6946.277340271237,6977.050886017492,0.9955893190046919,30.773545746255536,0.04822153349631626,0.21330250427880396,0.978659582056716,0.0,0.0,0.0,0.0,False,1302.2429657763582,1.9846715522517842,1440,2023-01-03,0.05,0.12232499669690516,2.625
485,5,185,424.2996705825184,6397.255377942497,6077.392609045387,6121.367714138557,0.9928161307820799,43.97510509317005,0.069816070456104,0.21372489989447097,0.9866016281621329,0.0,0.0,0.0,0.0,False,1480.496071124493,1.8969932636770732,1440,2023-10-17,0.05,0.12328146455781042,2.552
486,5,291,286.8102105724329,10511.86233151911,9986.269214943128,10023.154708742008,0.9963199716186453,36.885493798880375,0.028720456498735225,0.20139213371410886,0.9602035342209612,0.0,0.0,0.0,0.0,False,1980.0469614582446,2.6658815369746143,1440,2023-01-12,0.05,0.12243112349734364,2.615
487,5,257,1249.5275982060803,9142.702344833646,8685.567227591988,8723.432354417626,0.995659377491881,37.86512682563737,0.1438625210609881,0.1988760163164014,0.9607837747723225,0.0,0.0,0.0,0.0,False,2134.0720956317273,2.7706527274940402,1440,2023-02-03,0.05,0.1488133295600615,2.698
488,5,190,863.3504423896719,6566.513337661045,6238.187670777995,6281.481037751113,0.9931077771766038,43.293366973118054,0.13839763853754006,0.22102213867587317,0.9949638421958635,0.0,0.0,0.0,0.0,False,919.1035615769722,1.5311177099438056,1440,2023-02-04,0.05,0.17551075186937204,2.627
489,5,124,417.9714652073225,4482.949523738088,4258.802047551175,4280.804248251366,0.9948602647016205,22.002200700191,0.09814296615351199,0.18599022423041717,1.0044054507892692,0.0,0.0,0.0,0.0,False,781.2203493082468,1.2017193110033928,1440,2023-01-06,0.05,0.147096113592189,2.634
490,5,143,414.8792920564588,5089.062264382022,4834.609151162905,4853.1819297899,0.9961730718329368,18.572778626996158,0.08581444312963019,0.208851036629276,0.9617542603925863,0.0,0.0,0.0,0.0,False,1164.2692376630803,3.181195333804272,1440,2023-06-01,0.05,0.20213510353892483,2.624
491,5,200,619.0175171361559,7205.639301788763,6845.357336699331,6872.425257248424,0.9960613728726196,27.067920549091976,0.0904288098763638,0.21344261357105798,0.9767398789489815,0.0,0.0,0.0,0.0,False,1469.268357143314,2.1571392219997803,1440,2023-12-07,0.05,0.19542995638736033,2.712
492,5,203,718.5086380919371,7370.840557121467,7002.2985292654175,7039.339252931921,0.9947380397029344,37.04072366650253,0.10261039786992814,0.19295388346964443,0.9864405388253209,0.0,0.0,0.0,0.0,False,1388.700803131632,1.7829878612769934,1440,2023-02-16,0.05,0.1792922387156354,2.593
493,5,187,470.03105800704566,6480.2590210745275,6156.246070020812,6183.096140024916,0.9956575040406866,26.8500700041048,0.07635027136032863,0.217806223146511,0.9648584818540439,0.0,0.0,0.0,0.0,False,1386.7528154643842,3.0529294866035626,1440,2023-05-29,0.05,0.21180957662788313,2.795
494,5,298,1004.5896273076954,10516.277485505418,9990.463611230101,10055.925851009553,0.9934901827291338,65.46223977945245,0.10055485575048331,0.20766860079680186,0.9561083651041007,0.0,0.0,0.0,0.0,False,2114.96578621426,2.837670264435659,1440,2023-05-05,0.05,0.1822579885112493,2.686
495,5,206,670.8323412027496,7231.670312809005,6870.0867971685675,6905.386207713527,0.9948881337722242,35.29941054495974,0.09764539532153013,0.2046852638494162,0.9858289068835099,0.0,0.0,0.0,0.0,False,1481.3702080793646,1.905812459985425,1440,2023-04-22,0.05,0.1805360571474623,2.655
496,5,263,913.3832572826475,9308.851314955911,8843.408749208138,8892.254722555088,0.9945069079922944,48.84597334694769,0.10328407101666925,0.22213368813962284,0.9536137352771009,0.0,0.0,0.0,0.0,False,1841.3849372897294,3.1654023724325144,1440,2023-07-06,0.05,0.18548759014821026,2.698
497,5,143,464.0898223451436,4854.265880813613,4611.552586772903,4631.487960441578,0.9956956870364455,19.93537366867556,0.10063635047256544,0.20849173533179788,0.9806280201362992,0.0,0.0,0.0,0.0,False,1077.342247170834,2.0702344670875634,1440,2023-09-15,0.05,0.1499555987033729,2.796
498,5,187,629.2917925862171,6935.983905407527,6589.1847101371595,6622.11042279701,0.9950279124693389,32.92571265984873,0.09550374139885325,0.22161598916318334,0.9614480707865812,0.0,0.0,0.0,0.0,False,1438.762101974682,2.9588869908177147,1440,2023-09-05,0.05,0.15111771495812804,2.667
499,5,160,514.6645039746844,5557.585500626924,5279.70622559559,5305.7790464786185,0.9950859580365803,26.07282088302857,0.09747976155938988,0.21652203921266083,0.9694229211159545,0.0,0.0,0.0,0.0,False,1254.7728246075314,2.810205149970009,1440,2023-08-04,0.05,0.12209325007472496,2.657
500,5,145,755.5060345918498,4940.265015750311,4693.2517649627825,4716.210142719576,0.9951320282468257,22.958377756794032,0.16097709486459671,0.21416009349174714,0.9858310637290905,0.0,0.0,0.0,0.0,False,1166.5683719746194,1.7787963856364377,1440,2023-01-24,0.05,0.10925426609851896,2.716
501,5,221,262.71748411951427,7825.560115978198,7434.282110179299,7465.966070405135,0.9957562142759487,31.68396022583608,0.03533864873916899,0.19824212886652565,0.984829817744477,0.0,0.0,0.0,0.0,False,1554.4296351653595,2.056374755450202,1440,2023-11-23,0.05,0.10347135482897693,2.684
502,5,145,514.138107338157,5431.630300500794,5160.048785475742,5195.960937576777,0.9930884484058914,35.91215210103448,0.09963822605424359,0.24354634218207222,0.9924535966222858,0.0,0.0,0.0,0.0,False,1011.2918942774838,1.725927917380776,1440,2023-09-29,0.05,0.13395244154550434,2.727
503,5,190,647.5431513403042,6872.527764960585,6528.901376712556,6565.283632592007,0.9944583877992965,36.3822558794509,0.09918102816654221,0.22742129293652227,0.961821594369549,0.0,0.0,0.0,0.0,False,1332.4945940920602,3.1627876522059313,1440,2023-08-13,0.05,0.05649072451542014,2.737
504,5,244,1250.8192890742177,9044.229678805948,8592.018194865672,8634.695559998148,0.9950574557219842,42.677365132477505,0.14557921790967218,0.2051367064525468,0.9794127066912344,0.0,0.0,0.0,0.0,False,1701.7162266854634,2.2544355281702297,1440,2023-02-12,0.05,0.02862539458473659,2.822
505,5,263,967.2808472188034,9058.047579426206,8605.1452004549,8651.916023702783,0.9945941658333541,46.77082324788654,0.11240726619786374,0.21662151016169937,0.9681560336953279,0.0,0.0,0.0,0.0,False,1745.3241574022884,2.460459835740515,1440,2023-10-22,0.05,0.05510238558230843,2.736
506,5,221,-24.14933886820184,7478.071547691603,7104.167970307025,7162.3088744343495,0.9918823796702126,58.14090412732514,-0.0033993198034080498,0.21532952631458926,0.9590069199270239,0.0,0.0,0.0,0.0,False,868.6162603718806,3.3071204569733097,1440,2023-07-01,0.05,0.050186334712145314,2.691
507,5,229,1006.0109165073194,7870.160139244144,7476.652132281986,7513.587435370817,0.9950841986725336,36.93530308882987,0.13455366101141178,0.21490456352577508,0.9642838153726205,0.0,0.0,0.0,0.0,False,2017.9048063515959,2.5814904051738896,1440,2023-01-28,0.05,0.04832938216392757,2.642
508,5,173,497.95813512879675,6151.9790202134145,5844.380069202758,5885.447414466076,0.9930222220383148,41.06734526331802,0.08520290077519276,0.22294570684090176,0.9927663284707582,0.0,0.0,0.0,0.0,False,1117.4167697439452,1.6738455881875622,1440,2023-12-08,0.05,0.047033510084455804,2.517
509,5,275,961.4528648049851,9857.626261022406,9364.744947971363,9437.586099847082,0.9922818026659488,72.84115187571933,0.10266727712784743,0.25231412644405676,0.9594482909805694,0.0,0.0,0.0,0.0,False,2008.4924323232838,2.593956499938554,1440,2023-09-22,0.05,0.027159011785554632,2.661
510,5,153,561.512108376266,5372.127783833994,5103.521394642313,5134.611010753632,0.993945088333623,31.089616111319685,0.1100244448795184,0.2336524709422599,0.9647155365835,0.0,0.0,0.0,0.0,False,1036.6641213875682,3.0326018984073473,1440,2023-06-29,0.05,-0.055966816302710165,2.706
511,5,252,730.6381455850125,8885.234036458824,8440.97233463584,8493.907237105364,0.9937678972713194,52.93490246952082,0.08655852864094639,0.23570494846106466,0.9563133162500388,0.0,0.0,0.0,0.0,False,1740.1205148361332,2.98091053240496,1440,2023-10-05,0.05,-0.0830944602164819,2.795
512,5,136,447.2171643900116,4891.486546689057,4646.912219354593,4665.261942622893,0.9960667324806238,18.349723268299932,0.09623964113790068,0.2092255363724735,0.9574958628537881,0.0,0.0,0.0,0.0,False,925.7011813316868,3.3822723819634897,1440,2023-08-18,0.05,-0.11109727331192298,2.55
513,5,228,763.803939399523,8208.61809009846,7798.187185593506,7839.5255773099125,0.9947269268645474,41.33839171640614,0.09794634589056626,0.20604631800600937,0.9547958916739309,0.0,0.0,0.0,0.0,False,1726.83219952649,3.058410617648436,1440,2023-08-04,0.05,-0.07570609401199893,2.765
514,5,165,491.8781168218181,5927.017781853239,5630.666892760586,5650.349584434534,0.9965165532893452,19.682691673947065,0.0873569909550557,0.1800965961128321,0.9594095291639674,0.0,0.0,0.0,0.0,False,1448.1674938980755,2.999921870897177,1440,2023-07-12,0.05,-0.04070118606613912,2.556
515,5,172,591.7320517856868,6038.88726774694,5736.942904359586,5765.643062337653,0.9950222104164681,28.700157978067924,0.10314414168842802,0.18977225100589962,0.9861826886958486,0.0,0.0,0.0,0.0,False,1224.2421688411455,1.904631843948824,1440,2023-04-24,0.05,0.04538729864989713,2.79
516,5,182,680.497960470352,6479.975915454299,6155.977119681584,6174.512325338936,0.9969981101857571,18.53520565735126,0.11054263965580668,0.20188763610820465,0.9896071255216199,0.0,0.0,0.0,0.0,False,1312.1012175120418,1.8255809770541114,1440,2023-03-06,0.05,0.09348303310768263,2.733
517,5,261,887.1658970165545,9274.756220817384,8811.018409776472,8841.171481311652,0.9965894710221471,30.153071535178142,0.10068823554291735,0.20089228506087198,0.9423369209609809,2.0833333333333335,0.0,0.0,0.0,False,2101.015962332509,3.435528196860731,1440,2023-09-15,0.05,0.1052113916434297,2.646
518,5,262,241.12224173831916,9293.192629342744,8828.532997875607,8854.20032126572,0.9971011133181089,25.667323390113836,0.02731169966701602,0.18967177631316545,0.9775033003739588,0.0,0.0,0.0,0.0,False,1828.280734131866,2.2309729554489017,1440,2023-11-02,0.05,0.11673923652311566,2.741
519,5,165,831.5847712795079,6068.033302159243,5764.6316370512595,5790.211999815514,0.9955821371022219,25.580362764253152,0.1442563590593765,0.19919200655213531,0.9841271841883562,0.0,0.0,0.0,0.0,False,1297.5869484128316,1.8952849940834706,1440,2023-02-03,0.05,0.1511630428561605,2.663
520,5,217,265.65895738674783,8123.562393873889,7717.384274180186,7744.686846522686,0.9964746705859697,27.302572342499808,0.03442344555467515,0.1947256261786632,0.9753372571310507,0.0,0.0,0.0,0.0,False,1523.8540835187127,2.2283147216548356,1440,2023-12-10,0.05,0.1577979810692559,2.729
521,5,133,377.9547529011847,4953.918191229492,4706.222281668024,4721.663212113482,0.9967297687802376,15.440930445459939,0.08030958384040168,0.18453107133967114,0.9935782711189053,0.0,0.0,0.0,0.0,False,1139.9204335716604,1.5713162562306335,1440,2023-11-27,0.05,0.17319568715243772,2.614
522,5,281,1057.0849495366724,10305.20019771969,9789.940187833754,9849.352222171994,0.9939679246920933,59.41203433824114,0.10797665044474357,0.2428024349058404,0.9621565650469592,0.0,0.0,0.0,0.0,False,1931.115790239442,2.4589837381076043,1440,2023-04-20,0.05,0.20871531909778215,2.778
523,5,294,1285.8760430526186,9637.873184190776,9155.979524981232,9210.308709445068,0.9941012634670843,54.329184463831695,0.14044112260673217,0.2109300876550572,0.9686433702405782,0.0,0.0,0.0,0.0,False,1966.8332810793843,2.461148873776331,1440,2023-01-27,0.05,0.10679390306319335,2.723
524,5,185,587.0359430951518,6719.727341822631,6383.740974731483,6417.09401549434,0.9948024696720471,33.35304076285611,0.0919579828534387,0.21318564899594789,0.9520489044639713,0.0,0.0,0.0,0.0,False,1488.5267480734342,3.1866700149822274,1440,2023-07-13,0.05,0.09482942980449247,2.732
525,5,217,499.63492189596786,7646.232724448553,7263.921088226135,7302.49130311005,0.9947182114592197,38.57021488391481,0.06878308778791811,0.2188135333595091,0.9672539961875045,0.0,0.0,0.0,0.0,False,1635.4730923664333,2.2708151046252083,1440,2023-01-08,0.05,0.07963633379777485,2.733
526,5,217,586.6641419013799,7883.044585504177,7488.892356228953,7537.903616661581,0.9934980250577502,49.01126043262715,0.07833790552663196,0.23695972151026912,0.973278071511123,0.0,0.0,0.0,0.0,False,1614.2881448467765,2.4528152821295874,1440,2023-08-12,0.05,0.05415983472459064,2.914
527,5,260,710.7554649583773,9190.774597286567,8731.235867422234,8766.093505254505,0.9960235836166502,34.85763783227061,0.08140376411205773,0.19282250567606252,0.941927211443378,3.125,0.0,0.0,0.0,False,2081.259395623034,3.3601446879930856,1440,2023-05-25,0.05,-0.00799096454114226,2.765
528,5,132,145.14051736202182,4878.645046739727,4634.712794402725,4651.84407757383,0.9963173135458918,17.131283171105373,0.031315967957562744,0.17495023241720922,1.0032827795175754,0.0,0.0,0.0,0.0,False,645.2958471079663,1.1668196651010194,1440,2023-11-03,0.05,0.03974914559772286,2.62
529,5,215,892.5646105363456,7716.503809101913,7330.678618646829,7355.329360988901,0.9966485875570965,24.650742342071325,0.1217574329702513,0.18838907872981234,0.968082825647522,0.0,0.0,0.0,0.0,False,1780.178409899383,2.3767171365761284,1440,2023-03-08,0.05,0.1185127232574317,2.916
530,5,272,1140.4035421639362,9510.394340761528,9034.87462372347,9076.291822836065,0.995436770883855,41.417199112594105,0.1262223981691459,0.20725631727691446,0.9445801796660624,2.2222222222222223,0.0,0.0,0.0,False,2109.0490667725862,3.364069568150768,1440,2023-06-21,0.05,0.15253866956098133,2.895
531,5,230,810.0269176256761,8421.891274372638,8000.796710653957,8032.778705872535,0.9960185638880856,31.981995218578085,0.10124328200303284,0.2115553779660388,0.9710262753325004,0.0,0.0,0.0,0.0,False,1784.4479879485318,2.3232165380857013,1440,2023-04-27,0.05,0.13788868593635065,2.637
532,5,220,472.2611395418354,7629.486869261586,7248.012525798487,7277.542338624104,0.9959423371996212,29.529812825616347,0.06515732938662494,0.19454532934074048,0.9835060007571212,0.0,0.0,0.0,0.0,False,1517.8469750121842,1.9226661214203602,1440,2023-03-22,0.05,0.11613299662227058,2.744
533,5,126,474.4757220602037,4542.806139273197,4315.665832309498,4330.570896053623,0.996558175792086,14.905063744124899,0.10994264627905431,0.18045665901643962,0.9986099247119744,0.0,0.0,0.0,0.0,False,1025.6260858774185,1.4074683346623864,1440,2023-01-09,0.05,0.13642328567962583,2.642
534,5,287,861.5349118382129,9984.403240490285,9485.1830784658,9531.048400079046,0.9951877988980871,45.86532161324435,0.09082955012161596,0.19518854101097485,0.960315916502992,0.0,0.0,0.0,0.0,False,1893.655294627312,3.1465123437377214,1440,2023-07-11,0.05,0.18462775868814996,2.779
535,5,153,454.7807090602042,5328.021442277513,5061.620370163622,5082.838861836703,0.9958254644206027,21.218491673080553,0.08984883807979122,0.18154860733834036,0.9594656775094504,0.0,0.0,0.0,0.0,False,1197.5442684440777,3.2437439158925296,1440,2023-07-13,0.05,0.191021769656443,2.672
536,5,183,636.8015050239875,6487.133074660567,6162.776420927502,6180.91490604727,0.9970654044918137,18.138485119768642,0.10333029490759109,0.21948565894493127,0.9494835251705133,0.1388888888888889,0.0,0.0,0.0,False,1461.8272905343943,3.5290168567782287,1440,2023-08-31,0.05,0.22706740214395627,2.705
537,5,242,751.6855900703289,7909.557627120419,7514.079745764391,7545.625326191559,0.9958193550483257,31.545580427166783,0.10003694604040451,0.21063639506688794,0.9674197600537995,0.0,0.0,0.0,0.0,False,1771.6517017976605,2.439774510837613,1440,2023-11-08,0.05,0.17146811165222037,2.869
538,5,203,603.804819389466,7159.6313500979495,6801.649782593011,6826.289653142085,0.9963904446191011,24.639870549073585,0.08877328864163835,0.18030117583068908,0.9546422980525338,0.0,0.0,0.0,0.0,False,1614.024716443495,3.1426953461919194,1440,2023-07-13,0.05,0.14592524003718255,2.783
539,5,223,126.07661549212983,7756.969698520729,7369.1212135947135,7399.299153302485,0.9959215137700842,30.17793970777204,0.017108772109697554,0.206437653629224,0.9820414776414101,0.0,0.0,0.0,0.0,False,1450.6303746110711,1.8504128475595465,1440,2023-01-07,0.05,0.1932133662732553,2.711
540,5,226,666.7255048182232,8294.944772922536,7880.197534276412,7910.767870270593,0.9961356044703236,30.570335994182592,0.08460771470742634,0.2056387004492128,0.9723333537084458,0.0,0.0,0.0,0.0,False,1679.5467050875602,2.3921586200209894,1440,2023-11-14,0.05,0.1732217334238755,2.684
541,5,148,102.93861823902631,5308.294345648148,5042.879628365736,5061.158021085348,0.996388495944315,18.278392719612437,0.020412666140196174,0.19569188457916112,0.9930164021626644,0.0,0.0,0.0,0.0,False,1088.1032007970891,1.5248240097184813,1440,2023-11-01,0.05,0.15870418911793563,2.735
542,5,122,159.55225411733448,4295.612792035235,4080.8321524334788,4089.0296726885495,0.9979952407022566,8.197520255070355,0.03909797025643175,0.1775334968432566,0.9979100396710162,0.0,0.0,0.0,0.0,False,845.941082362605,1.34396770287663,1440,2023-03-12,0.05,0.1691885543583394,2.693
543,5,292,1540.603020424468,10404.736970773865,9884.500122235182,9908.03724390344,0.9976244415428757,23.537121668259218,0.15586048878272374,0.19948439179306562,0.9630531490398224,0.0,0.0,0.0,0.0,False,1920.678765128296,2.5942231204334707,1440,2023-02-05,0.05,0.2186478247274896,2.786
544,5,266,388.3255340355875,9409.210165675573,8938.749657391756,8982.36389659712,0.9951444586628374,43.61423920536387,0.043442936531337795,0.22180939755036844,0.9770605852649006,0.0,0.0,0.0,0.0,False,1819.5871855883802,2.4216862464380258,1440,2023-12-16,0.05,0.20994905254357654,2.758
545,5,147,92.34135653199324,5276.7974157209665,5012.957544934888,5040.137898863406,0.994607220184462,27.180353928518453,0.01842053432614751,0.22235802486528597,1.0003653203589857,0.0,0.0,0.0,0.0,False,872.7429083960383,1.3682282758328588,1440,2023-01-07,0.05,0.1527845522528615,2.788
546,5,241,561.7900547832426,8302.032119171881,7886.930513213256,7915.905103922307,0.9963396995885292,28.974590709049984,0.07123050644887205,0.19855493069487443,0.9684366123252136,0.0,0.0,0.0,0.0,False,1863.1145059097494,2.46405632165622,1440,2023-10-27,0.05,0.1047280706842066,2.763
547,5,212,664.1648560852859,7704.499085540832,7319.2741312637845,7340.196072212889,0.9971496754659857,20.921940949104318,0.09074190202117867,0.19136728738876935,0.9465504532935857,1.0416666666666667,0.0,0.0,0.0,False,1700.421930049237,3.3586283863263677,1440,2023-08-09,0.05,0.11872194606944435,2.791
548,5,253,265.7507399260508,9086.016519823921,8631.715693832677,8662.599519239186,0.9964348085885862,30.883825406507544,0.03078770772257114,0.20192765835119572,0.9723824883564638,0.0,0.0,0.0,0.0,False,1602.721413050013,2.221944292536758,1440,2023-01-11,0.05,0.14616149728162728,2.989
549,5,146,411.78300885489836,5091.334458524645,4836.767735598402,4853.981993205633,0.9964535802499213,17.21425760723102,0.0851359898521058,0.1837618559792789,0.9635127903471604,0.0,0.0,0.0,0.0,False,1025.3332002266857,3.151185138656682,1440,2023-07-26,0.05,0.14478393921647578,2.843
550,5,246,128.1582667338195,8487.209407222363,8062.848936861254,8080.910402143395,0.9977649219724858,18.061465282141004,0.015894911059031895,0.19433443052768135,0.9652302702762205,0.0,0.0,0.0,0.0,False,2003.20935463882,2.4668616206939644,1440,2023-10-18,0.05,0.18445856518360765,2.711
551,5,249,911.3812245407879,8916.993137596064,8471.143480716259,8493.969766027885,0.9973126481562341,22.82628531162736,0.1075865645075496,0.1893063426812302,0.970592352098589,0.0,0.0,0.0,0.0,False,1952.756304533858,2.4741328857625478,1440,2023-11-16,0.05,0.19322188042444371,2.62
552,5,300,1661.8606278649913,11039.89681833329,10487.901977416705,10528.343885092054,0.9961587588592529,40.4419076753482,0.15845501144494176,0.21041188369514338,0.9580479035508547,0.0,0.0,0.0,0.0,False,2216.249850036653,2.7739850785850524,1440,2023-01-24,0.05,0.21182900874524357,2.622
553,5,170,810.4577089333196,6340.707476886443,6023.672103042113,6045.584582401905,0.9963754573174649,21.91247935979248,0.1345454558398053,0.18592341396636966,0.9877418257003318,0.0,0.0,0.0,0.0,False,1356.5482423526455,1.8892651257838786,1440,2023-03-05,0.05,0.1797619269865173,2.651
554,5,197,328.0373200013975,6973.672674955245,6624.989041207469,6639.284085325101,0.9978468997660112,14.295044117632566,0.0495151490758707,0.1674384627558197,0.9824702783771752,0.0,0.0,0.0,0.0,False,1444.6546043678225,2.025990384463478,1440,2023-10-20,0.05,0.20868672428451998,2.725
555,5,144,476.11776916879774,5201.00167914021,4940.951595183203,4960.112302664611,0.9961370416006277,19.160707481408384,0.09636155303220371,0.1934468088268313,0.9804733024531677,0.0,0.0,0.0,0.0,False,1168.0770345985234,2.343692719970612,1440,2023-05-07,0.05,0.2741215316483411,2.561
556,5,122,452.33893746542435,4487.621078484223,4263.240024560027,4281.825574127045,0.9956594332848772,18.58554956701713,0.10610215114784825,0.1809812339661274,0.9518382671732053,0.0,0.0,0.0,0.0,False,670.2367737475768,3.6348847835025717,1440,2023-09-01,0.05,0.26957867574183086,2.663
557,5,128,345.7341085877548,4483.456164134,4259.283355927288,4272.547978047176,0.9968953836942163,13.264622119888909,0.08117189670103202,0.17619261916585316,0.9582599026829334,0.0,0.0,0.0,0.0,False,906.7501306509253,3.1870205375728893,1440,2023-05-26,0.05,0.29431959401186486,2.792
558,5,201,675.0267438029188,6904.69337898495,6559.4587100356885,6584.100050392866,0.996257447461524,24.64134035717794,0.10290890965898711,0.18457840793565067,0.9586834452369395,0.0,0.0,0.0,0.0,False,1496.153423180488,3.2927990784370254,1440,2023-06-26,0.05,0.3258376502302028,2.614
559,5,151,485.71955345286005,5393.792410274765,5124.1027897610375,5139.989719142041,0.996909151525763,15.886929381004215,0.09479114166550738,0.19843889152193775,0.9937884098751297,0.0,0.0,0.0,0.0,False,1149.0019475202769,1.5989414555215864,1440,2023-12-04,0.05,0.33337443951453605,2.669
560,5,254,958.1555336717767,8825.905018425081,8384.6097675039,8421.480243704895,0.9956218532687818,36.87047620099305,0.11427550717807822,0.21641894118452512,0.9730395014101098,0.0,0.0,0.0,0.0,False,1904.7241193260218,2.5269420641213274,1440,2023-04-02,0.05,0.30898886247607416,2.587
561,5,154,406.66990546863843,5257.002075021314,4994.151971270227,5019.363990919898,0.9949770489457866,25.212019649671834,0.08142922117870692,0.1979446232013831,0.9662712321763126,0.0,0.0,0.0,0.0,False,1201.1380908668498,2.972305514548392,1440,2023-08-01,0.05,0.24910334452838623,2.579
562,5,233,912.539090852794,8287.370733554479,7873.002196876741,7919.785380096686,0.9940928723475871,46.78318321994368,0.11590738425232533,0.23724657286373513,0.9807440518838467,0.0,0.0,0.0,0.0,False,1472.7323451015923,2.2824965845461493,1440,2023-03-10,0.05,0.24194119857307916,2.55
563,5,217,571.2430269813733,7725.733939162214,7339.4472422040735,7377.651033798613,0.994821686276632,38.203791594538984,0.07783188680702692,0.21719851419971573,0.9577083424343844,0.0,0.0,0.0,0.0,False,1633.130891211294,3.1632850236384886,1440,2023-05-31,0.05,0.1478848639084723,2.767
564,5,179,467.6132217918742,6088.865733198878,5784.422446538892,5810.304568884001,0.9955454792363697,25.882122345107945,0.08084008837765135,0.2125443113616493,0.9675339623320176,0.0,0.0,0.0,0.0,False,1405.0364900673878,2.9132227147518,1440,2023-05-15,0.05,0.11588559952764368,2.727
565,5,201,532.2618340614436,7089.034151611275,6734.58244403071,6774.579414963811,0.9940960215412405,39.99697093310314,0.07903412549848896,0.22371700614047513,0.96875269230095,0.0,0.0,0.0,0.0,False,1557.1666029353346,2.649266509858375,1440,2023-10-04,0.05,0.09989821869864443,2.642
566,5,300,1371.9959420591285,11131.828399064128,10575.236979110927,10613.963476366422,0.9963513632450568,38.72649725549422,0.1297366616719046,0.2260486773094553,0.9616502950879722,0.0,0.0,0.0,0.0,False,2162.984258575257,2.6382600043207227,1440,2023-03-14,0.05,0.06134253521500449,2.703
567,5,293,837.3864868530383,10311.420562203997,9795.849534093722,9827.160694643091,0.996813814129809,31.311160549367948,0.08548380453768478,0.21049800468735508,0.9476778653269058,2.0833333333333335,0.0,0.0,0.0,False,2341.9137696533617,3.0982831423926265,1440,2023-04-12,0.05,0.024065877990863377,2.755
568,5,170,837.2932166455199,6712.150922637444,6376.543376505559,6397.323620995041,0.996751728422604,20.780244489481863,0.13130832289646702,0.21492905833083353,0.9854951578440415,0.0,0.0,0.0,0.0,False,1351.4124692788173,1.7541676318653934,1440,2023-01-26,0.05,0.027931131745803223,2.637
569,5,292,703.7627947177261,10457.978990652497,9935.080041119885,9980.865561068998,0.9954126704072939,45.785519949112405,0.07083614744973889,0.2212842464012871,0.9617838945637643,0.0,0.0,0.0,0.0,False,1970.0629409134833,2.437813488600301,1440,2023-10-17,0.05,0.020528563817560797,2.747
570,5,159,520.8700998352768,5374.588348570534,5105.858931142024,5133.831817293532,0.9945512655756893,27.972886151509748,0.10201419719184725,0.18425447976968284,0.9655440403876315,0.0,0.0,0.0,0.0,False,829.113196309142,3.0226641798391984,1440,2023-06-23,0.05,-0.0004391166000953517,2.907
571,5,264,938.5731846236677,10023.502580339673,9522.327451322704,9565.967090630938,0.9954380316287127,43.6396393082349,0.0985655229166998,0.2198598405597923,0.9399267648085785,3.611111111111111,0.0,0.0,0.0,False,1859.5944686668943,3.217988643758854,1440,2023-08-04,0.05,0.06503950166682501,2.788
572,5,182,519.395457712588,6458.748724673713,6135.811288440022,6168.045184128692,0.9947740500067002,32.23389568866959,0.08464984226146889,0.2325610631971864,0.9911025678094452,0.0,0.0,0.0,0.0,False,1123.4559097897368,1.8385606152056537,1440,2023-11-07,0.05,0.03809761051413084,2.751
573,5,241,863.9108479703443,8518.54005643784,8092.6130536159235,8127.400854216018,0.9957196893294553,34.787800600096105,0.10675301565102431,0.21976766709302753,0.9404073949354741,1.0416666666666667,0.0,0.0,0.0,False,1939.7943061946016,3.7371941424258974,1440,2023-08-17,0.05,-0.013026645370150802,2.792
574,5,237,378.797961902562,8617.342570119816,8186.475441613775,8215.264260135407,0.9964956917257878,28.78881852163061,0.04627119016042522,0.190857965951133,0.9659746761507494,0.0,0.0,0.0,0.0,False,1967.067586578086,2.5812775618585975,1440,2023-10-20,0.05,-0.026768962003077962,2.628
575,5,272,1074.3105075936858,9907.221049858737,9411.85999736581,9443.8663251627,0.9966108872473542,32.00632779689137,0.11414433575237665,0.21723219075266642,0.9665658858329853,0.0,0.0,0.0,0.0,False,2109.179341283775,2.7592039200987406,1440,2023-02-20,0.05,0.026295628905191604,2.66
576,5,189,892.4692645709357,6602.4647392588595,6272.34150229591,6299.960066312118,0.9956160731614961,27.618564016208197,0.1422864594098167,0.21346871506751933,0.980744517187864,0.0,0.0,0.0,0.0,False,1352.531761264284,1.8020461521296114,1440,2023-01-27,0.05,0.009862397530800399,2.718
577,5,289,1061.1367951673797,10497.551858343382,9972.674265426216,10018.92798331559,0.9953833665671217,46.253717889373746,0.10640443745828375,0.22817474194046317,0.9629880173576345,0.0,0.0,0.0,0.0,False,1858.204904570508,2.4239133949573253,1440,2023-03-27,0.05,0.0043220231852350854,2.68
578,5,279,1092.8022070048808,10412.262390354183,9891.649270836442,9933.965258056942,0.9957402722758488,42.31598722049992,0.11047724975720585,0.2138268391420069,0.9537375584164222,0.0,0.0,0.0,0.0,False,2151.2345526055456,2.854852302554176,1440,2023-03-18,0.05,-0.03387227250871677,2.746
579,5,124,8.822001923124539,4300.919993898431,4085.8739942035086,4111.483096729986,0.9937713224342707,25.60910252647787,0.002159146839975979,0.22132588787634205,0.999999401439932,0.0,0.0,0.0,0.0,False,621.2943359172268,1.246836201302288,1440,2023-12-23,0.05,-0.033553664864374805,2.653
580,5,138,413.841667512893,4763.256221149635,4525.0934100921195,4556.440618254649,0.9931202421387998,31.34720816253016,0.09145483418970311,0.22368650010049862,0.9679217497413367,0.0,0.0,0.0,0.0,False,930.3007203264243,2.8747115054315264,1440,2023-07-12,0.05,-0.05086298035825568,2.776
581,5,141,461.3239924511478,4873.958403854602,4630.260483661873,4658.292006900734,0.9939824460988415,28.03152323886119,0.09963240601235172,0.21120097166405863,0.9996656728094792,0.0,0.0,0.0,0.0,False,742.2904437303303,1.218210916255763,1440,2023-01-06,0.05,-0.07108810465152975,2.83
582,5,236,912.3879532845676,8324.347323325073,7908.129957158785,7949.703616256592,0.9947704139544534,41.573659097806456,0.11537341422400806,0.21306657944049415,0.9757682576332884,0.0,0.0,0.0,0.0,False,1648.2468209082406,2.1619149844883605,1440,2023-11-30,0.05,-0.06036009010918396,2.645
583,5,185,460.36266301469533,6585.211658507795,6255.951075582393,6307.929368569907,0.9917598486047573,51.978292987513996,0.07358795768265151,0.23540722185621354,0.96691878667936,0.0,0.0,0.0,0.0,False,1076.8462933699707,2.9210342898080492,1440,2023-06-30,0.05,-0.05653534455549017,2.732
584,5,147,660.6630526878546,5486.805520317059,5212.465244301152,5232.933389554647,0.9960885905227934,20.46814525349464,0.12674675450549336,0.21440633260456612,0.9944338754146738,0.0,0.0,0.0,0.0,False,974.8917545323699,1.4910673822937024,1440,2023-03-07,0.05,-0.1043953225199285,2.756
585,5,136,378.99342200710527,4719.784763429262,4483.795525257801,4510.661195812743,0.9940439617633261,26.865670554942156,0.08452513498266953,0.20810997689480154,0.9904026723050259,0.0,0.0,0.0,0.0,False,538.2848546872667,1.8614378032886127,1440,2023-04-29,0.05,-0.09720166516808314,2.711
586,5,285,976.7262400179782,10166.466318280156,9658.143002366143,9683.541102961306,0.9973771887447872,25.398100595163942,0.10112981758280971,0.19998542690615312,0.9407578128214721,5.833333333333333,0.0,0.0,0.0,False,2227.1669521878734,3.482646306354351,1440,2023-06-18,0.05,-0.07800025556986487,2.747
587,5,228,680.3809758134886,8099.927320458727,7694.930954435784,7738.966748741743,0.994309861285666,44.03579430595994,0.08841937372047236,0.21282238878188503,0.9556470297732134,0.0,0.0,0.0,0.0,False,1803.7080937986457,3.139555257734788,1440,2023-06-08,0.05,-0.04476438926157136,2.828
588,5,126,50.892358269934384,4649.860932168026,4417.367885559628,4432.390470325417,0.9966107262285749,15.022584765789443,0.011520968954453955,0.2007719564395997,0.9994157944863608,0.0,0.0,0.0,0.0,False,860.1301054421183,1.3905176727907338,1440,2023-11-04,0.05,-0.04705813178064103,2.646
589,5,167,542.9981219317801,6218.659122512166,5907.726166386582,5926.166658701068,0.9968882933308312,18.44049231448531,0.0919132178165768,0.20476954210754408,0.981195200838086,0.0,0.0,0.0,0.0,False,1246.1168291474153,1.9814176785711721,1440,2023-10-30,0.05,-0.022420772464848984,2.819
590,5,238,897.5188527701159,8446.101586594825,8023.796507265072,8055.408034999757,0.9960757384855818,31.611527734684117,0.11185713046903244,0.20492245032881856,0.9784338934931688,0.0,0.0,0.0,0.0,False,1721.2348952019397,2.1275746831113684,1440,2023-10-22,0.05,-0.011744050587070204,3.371
591,5,167,306.1293824291179,5663.815212225978,5380.624451614695,5412.133292826622,0.9941781106437846,31.508841211926196,0.0568947684756646,0.21362058018488425,0.9588486925055816,0.0,0.0,0.0,0.0,False,612.134924145935,3.3347955837469985,1440,2023-07-29,0.05,-0.0037851936880919645,2.812
592,5,258,851.1893384524451,9272.753598471032,8809.115918547473,8864.03459255936,0.9938043253962495,54.91867401188582,0.09662596636516924,0.21315904428534746,0.9527205778611385,0.0,0.0,0.0,0.0,False,1737.5910050923835,2.8961380502872314,1440,2023-05-12,0.05,-0.01723502286149811,3.044
593,5,172,632.2724195136747,6343.745270795511,6026.558007255738,6054.736673544128,0.9953460129139032,28.178666288391376,0.10491435057166025,0.20610700858327072,0.9849121535982038,0.0,0.0,0.0,0.0,False,1304.8240129470296,1.8240866234843625,1440,2023-11-21,0.05,-0.02763745943550945,2.653
594,5,234,394.05989299460003,8136.043151618404,7729.240994037487,7763.161683783362,0.9956305573518156,33.92068974587344,0.05098299992180174,0.19586275447782198,0.9640284430604442,0.0,0.0,0.0,0.0,False,1802.603637631195,2.5714065603613467,1440,2023-01-03,0.05,-0.020750280579313232,2.67
595,5,137,-9.131511546858043,5026.974947492858,4775.626200118225,4800.135136471801,0.9948941153411796,24.50893635357695,-0.0019121076826808564,0.20359347416283538,0.9607728727044683,0.0,0.0,0.0,0.0,False,760.94757816261,3.218890723658757,1440,2023-07-01,0.05,0.007503683813739878,2.619
596,5,266,890.8866536825193,9358.95717875567,8891.009319817913,8949.287659221349,0.9934879353952394,58.27833940343562,0.1002008457798765,0.20918519397525395,0.9680833662873601,0.0,0.0,0.0,0.0,False,1447.8358202959143,2.872626606895969,1440,2023-07-08,0.05,0.012919598313011121,2.757
597,5,254,672.2721794284126,9005.004961499451,8554.754713424469,8589.618733382476,0.9959411446491201,34.86401995800722,0.07858462363315406,0.19348854341275767,0.9542789517022698,0.0,0.0,0.0,0.0,False,1952.667707683207,2.873746738018505,1440,2023-09-23,0.05,0.004491286626344543,2.693
598,5,217,984.6145091493901,7566.742870618063,7188.405727087146,7211.808026926477,0.996755002386093,23.402299839330595,0.13697258426012232,0.20444700818984515,0.9714840679416439,0.0,0.0,0.0,0.0,False,1728.7503711454005,2.4543823416953185,1440,2023-02-28,0.05,0.03260684134386522,2.737
599,5,237,738.669836167756,8337.693694147056,7920.809009439728,7962.133609693997,0.9948098584776377,41.324600254268915,0.0932568674850557,0.22637819336465803,0.9518602022442193,0.0,0.0,0.0,0.0,False,1579.8740960322093,3.098362332872796,1440,2023-06-12,0.05,0.030768312198797054,2.721
