episode,stage,n_ev,cost_eur,energy_drawn_kwh,energy_delivered_kwh,energy_requested_kwh,service_quality,unmet_kwh,cost_per_kwh,retail_price_paid,min_voltage_pu,violation_rate_pct,q_activation_pct,q_kvarh,curtailed_kwh,q_exhausted_any,peak_ev_kw,peak_feeder_mw,pf_solves,day,w_retail,wall_s
0,0,60,257.6105780336082,2258.106716045605,2145.201380243315,2146.437464763594,0.9994241227426509,1.2360845202792703,0.12008689739160491,0.19423349177030358,0.9987890652003774,0.0,0.0,0.0,0.0,False,402.60254272304155,1.375795575968195,1440,2023-11-21,0.0,0.22
1,0,60,163.18466807960593,2144.6037712604293,2037.3735826974046,2041.2542211542916,0.9980988950731023,3.8806384568869543,0.0800956041962396,0.19558395650838195,0.9723960174984034,0.0,0.0,0.0,0.0,False,289.35596183581595,2.652929174264422,1440,2023-10-14,0.012974643516816972,0.21
2,0,60,60.03606867279852,2284.236964341124,2170.025116124073,2172.4450937096235,0.998886058113709,2.419977585550832,0.027666070879414608,0.1934950832871599,0.9972281961251346,0.0,0.0,0.0,0.0,False,329.831326952583,1.4811981819327893,1440,2023-11-04,0.020604138081079033,0.206
3,0,60,324.63767861127144,2045.5939538300797,1943.314256138572,1946.2321754912205,0.998500734193282,2.917919352648301,0.16705361862385396,0.19468114420562735,1.0054734821830156,0.0,0.0,0.0,0.0,False,298.7139137214068,1.0985211456077497,1440,2023-01-27,0.031628500654819224,0.195
4,0,60,250.62074959717458,1983.317210358158,1884.1513498402448,1885.111314512413,0.9994907649936755,0.9599646721684936,0.13301518989884992,0.1957185203347354,1.0019087504964694,0.0,0.0,0.0,0.0,False,370.70130077680676,1.3224961346766877,1440,2023-03-03,0.0381045994829016,0.203
5,0,60,109.2055721485203,2108.4801944385704,2003.0561847166355,2004.6026460539265,0.9992285446992025,1.5464613372907778,0.054519475280704215,0.19783494324073056,0.9529246530160945,0.0,0.0,0.0,0.0,False,319.1819736764601,3.441966579181214,1440,2023-07-02,0.04121732504459299,0.215
6,0,60,343.6574408891744,2315.2183047842827,2199.4573895450612,2209.267258323368,0.9955596731263054,9.809868778307006,0.15624646447924911,0.1983751299306966,1.0022419109959968,0.0,0.0,0.0,0.0,False,286.24825048446655,1.2669994400021505,1440,2023-02-08,0.03915962793872025,0.216
7,0,60,220.37881135705,2144.3414922956126,2037.1244176808284,2038.3821692278107,0.9993829657823887,1.2577515469822522,0.10818132139810148,0.1994830178504968,1.001100376527307,0.0,0.0,0.0,0.0,False,265.49968105234734,1.2202072677754274,1440,2023-12-04,0.03640630303956197,0.216
8,0,60,239.0169638612732,2241.119887230765,2129.0638928692124,2130.7611779389536,0.9992034372095221,1.6972850697414743,0.11226387552849075,0.19873834837011164,0.9610312772045274,0.0,0.0,0.0,0.0,False,322.2710148662012,3.2082514974194765,1440,2023-07-11,0.03179213880415005,0.209
9,0,60,189.84390789238944,2288.5402766746365,2174.113262840885,2178.382095094733,0.9980403657083574,4.268832253847835,0.08732015536500749,0.19570268294210252,0.9636918519127861,0.0,0.0,0.0,0.0,False,362.3911752643784,3.080538809524056,1440,2023-06-10,0.029802162854162262,0.209
10,0,60,300.3620910268966,2250.929303917817,2138.382838721932,2140.381577520745,0.9990661764146147,1.998738798812834,0.1404622622235488,0.19721768951684315,1.0003587926707231,0.0,0.0,0.0,0.0,False,343.0193074306299,1.360071494558556,1440,2023-03-08,0.035103511888686975,0.497
11,0,60,302.4035406247653,1832.2888690673153,1740.6744256139523,1760.6828744766788,0.988635972353242,20.0084488627263,0.17372780123319426,0.1948626644812607,1.0026406906652203,0.0,0.0,0.0,0.0,False,217.5451483028951,1.2916022483320897,1440,2023-02-06,0.0361506921760352,0.64
12,0,60,195.00307889366073,1998.5031977167278,1898.578037830897,1920.3106200292239,0.9886827776862495,21.732582198326895,0.10271006774967725,0.21951072628312837,0.9891644982028346,0.0,0.0,0.0,0.0,False,271.988712447666,1.9090350679923693,1440,2023-05-05,0.04242635826013217,0.646
13,0,60,136.3929841110285,2197.9634329134033,2088.0652612677322,2106.386890026291,0.9913018691650088,18.321628758558635,0.06532026878710673,0.21554434835032732,1.0105728096984579,0.0,0.0,0.0,0.0,False,239.8082347706647,0.915605302855111,1440,2023-11-23,-0.007754381150855572,0.671
14,0,60,242.48417551426508,2066.0475134464805,1962.7451377741513,1992.4297357389548,0.9851013074979058,29.684597964803437,0.12354338362506605,0.2419921939628964,1.0088553527161028,0.0,0.0,0.0,0.0,False,282.7501625922078,0.9232324638578988,1440,2023-10-25,-0.03995015864499982,0.65
15,0,60,7.018051790128189,2129.138051970786,2022.6811493722455,2036.4916546497898,0.9932184817718198,13.810505277544179,0.0034696777553428503,0.21356960685065723,0.9617983276454157,0.0,0.0,0.0,0.0,False,282.33275141637375,3.192875630118597,1440,2023-07-01,-0.125991650686112,0.679
16,0,60,190.16251735301915,2162.926007798138,2054.7797074082273,2077.575218084994,0.9890278289429258,22.795510676766632,0.09254642561799409,0.23211567624805354,1.0057136057544391,0.0,0.0,0.0,0.0,False,300.7371100422669,1.0819517872626454,1440,2023-11-27,-0.13297363301460846,0.721
17,0,60,237.58637838105787,2055.4307392224264,1952.6592022613063,1969.0809743222824,0.991660184484476,16.42177206097578,0.1216732433933773,0.23166457717774724,0.9920695250519243,0.0,0.0,0.0,0.0,False,228.51210737151152,1.7970958311238001,1440,2023-04-17,-0.18096635536408018,0.759
18,0,60,162.88325182494236,1938.4487829509446,1841.5263438033974,1861.6126245235553,0.9892102790582984,20.086280720157767,0.08845013397339262,0.22032576540928245,1.0061136543498048,0.0,0.0,0.0,0.0,False,221.3335674405098,1.1212076806901778,1440,2023-12-08,-0.21995134414787107,0.789
19,1,60,249.74437418156924,2377.405457956254,2258.5351850584325,2280.741074103612,0.9902637395812645,22.205889045178544,0.11057803120968775,0.2322353955107582,0.9992320274080704,0.0,0.0,0.0,0.0,False,253.19269454479218,1.4507442171300708,1440,2023-04-27,-0.22721023755474534,0.706
20,1,120,332.4357009730527,4387.113147020212,4167.757489669189,4200.439414005037,0.9922194034683894,32.68192433584688,0.07976368629822542,0.23165287030037612,0.9857931695996435,0.0,0.0,0.0,0.0,False,534.1121838767092,2.049723193185608,1440,2023-09-20,-0.2608303082790293,0.721
21,1,120,476.38942527268307,4412.746097262478,4192.108792399342,4240.20372794492,0.9886573998252467,48.09493554557747,0.11363956635295787,0.2379882698312657,1.0025797467586828,0.0,0.0,0.0,0.0,False,484.0,1.2233131266527744,1440,2023-11-21,-0.28802745291063475,0.729
22,1,120,508.6106942929259,4305.023589247818,4089.7724097854207,4125.095310911215,0.9914370703066272,35.32290112579358,0.12436161314893593,0.23216888980664005,1.0056272529577122,0.0,0.0,0.0,0.0,False,605.0853472515222,1.1028531728025042,1440,2023-04-08,-0.32562246107543946,0.733
23,1,120,369.2729550838698,4346.071631012499,4128.768049461873,4178.79899656976,0.9880274339232502,50.0309471078873,0.08943901683505795,0.23384725360366052,0.9646090584241176,0.0,0.0,0.0,0.0,False,528.959244261815,3.067872374138554,1440,2023-06-07,-0.34450427604343875,0.718
24,1,120,577.2765364562464,4059.67530451054,3856.691539285008,3909.386145581175,0.9865210024454278,52.69460629616684,0.14968180124751893,0.24065232753944843,1.0040245892652842,0.0,0.0,0.0,0.0,False,475.0164229327849,1.0841196086851077,1440,2023-02-09,-0.3649944910514663,0.735
25,1,120,476.0630751474462,4251.271346510954,4038.707779185407,4085.724936266065,0.9884923342089625,47.01715708065787,0.11787509797093229,0.23690208052674733,1.003870430986023,0.0,0.0,0.0,0.0,False,519.1254477500916,1.0584470184583021,1440,2023-12-05,-0.39839044209359414,0.753
26,1,120,117.64438631195705,4156.65340774037,3948.8207373533523,3983.978834111249,0.9911751296324998,35.15809675789715,0.02979228335161315,0.22753498978281608,0.9969021042290501,0.0,0.0,0.0,0.0,False,548.5786521734271,1.368613411284902,1440,2023-11-13,-0.41870176352569133,0.716
27,1,120,371.3804764586398,3792.919730364874,3603.2737438466347,3653.684611029119,0.9862027316122709,50.410867182483685,0.10306751661398246,0.23488562914565286,0.9958812706342162,0.0,0.0,0.0,0.0,False,528.0,1.5588978666848985,1440,2023-03-16,-0.41571997052386117,0.794
28,1,120,309.3021164554948,4444.945060395262,4222.697807375489,4269.455553501166,0.9890483117718996,46.75774612567621,0.07324751392705833,0.23243814103505167,1.0002418026034174,0.0,0.0,0.0,0.0,False,472.0509982053318,1.3666044214528374,1440,2023-01-04,-0.4312502241779206,0.716
29,1,120,419.2987550962485,4080.6676504732604,3876.634267949612,3911.149823240681,0.9911750874165003,34.515555291069525,0.10816051402187588,0.22214763755376826,0.9770345202881181,0.0,0.0,0.0,0.0,False,515.5610831196103,2.3930984411433194,1440,2023-05-07,-0.4399118603095981,0.773
30,1,120,617.0835961543477,4381.181714369706,4162.122628651194,4206.553746909649,0.989437643988004,44.431118258455406,0.1482617527668386,0.23152960662389072,1.0051252594559148,0.0,0.0,0.0,0.0,False,471.81080390185434,1.0431487855819672,1440,2023-03-02,-0.425309443433805,0.765
31,1,120,619.7454077753131,4427.089973591039,4205.735474911475,4242.467441072412,0.9913418389955512,36.73196616093645,0.14735720101092614,0.2256977790019164,1.0028263030567057,0.0,0.0,0.0,0.0,False,518.6204864865475,1.1125885110605158,1440,2023-02-26,-0.43584432221863445,0.734
32,1,120,393.0992364593056,3981.687694052432,3782.603309349808,3811.8067425874265,0.9923386899678457,29.203433237618608,0.10392293463278215,0.1931829095853415,0.9973907509543057,0.0,0.0,0.0,0.0,False,510.25280379151985,1.2980733086122709,1440,2023-04-11,-0.43272709342825044,0.749
33,1,120,227.47995921607796,4380.369095182113,4161.350640423001,4184.606870368791,0.9944424337419921,23.2562299457887,0.054664934265898496,0.1925163219803263,1.0042194655669299,0.0,0.0,0.0,0.0,False,442.07636273386964,1.1842399245379398,1440,2023-10-18,-0.3583597431587454,0.72
34,1,120,441.1874791779315,4119.688406021078,3913.703985720028,3948.599277969161,0.991162614944538,34.89529224913333,0.11272888312138496,0.18952113868188927,1.003603064632501,0.0,0.0,0.0,0.0,False,476.21405161415026,1.2465736861446508,1440,2023-04-15,-0.2970251863111244,0.743
35,1,120,347.256213862693,4201.574426309018,3991.4957049935283,4019.509895773228,0.993030446122509,28.014190779699767,0.08699901979808244,0.19011097109719977,1.0059734117800188,0.0,0.0,0.0,0.0,False,478.3139234715829,1.0249557618584744,1440,2023-11-24,-0.24084419451056044,0.722
36,1,120,90.00999333209069,4256.766217351445,4043.927906483861,4065.4565697520247,0.9947044906522081,21.52866326816369,0.022258060829366544,0.18849689442866968,0.9993615580763784,0.0,0.0,0.0,0.0,False,460.88687841296144,1.391179307005267,1440,2023-11-04,-0.1967025809386524,0.747
37,1,120,152.4439162614015,4103.343618584279,3898.1764376550736,3931.3460645822424,0.9915627811995499,33.16962692716891,0.03910646906303279,0.19575944480016613,0.9593339649613697,0.0,0.0,0.0,0.0,False,484.43148254958396,3.2878923416181842,1440,2023-07-14,-0.15726316613179325,0.739
38,1,120,464.76272996041786,4343.992440848941,4126.7928188065025,4152.261559246685,0.993866296697166,25.468740440182586,0.11262080515465046,0.18677821515329157,0.9914926178525312,0.0,0.0,0.0,0.0,False,550.887507596053,1.8031272888285765,1440,2023-04-28,-0.14147721734360644,0.769
39,2,120,363.521310277882,4349.978526215887,4132.4795999050775,4161.816936215692,0.9929508345128484,29.33733631061554,0.0879668735173507,0.1914667477363238,0.9640443815986087,0.0,0.0,0.0,0.0,False,471.3369987081837,3.0501413799537676,1440,2023-05-25,-0.10842866384759753,0.729
40,2,180,785.4634698679322,6422.881888949049,6101.737794501631,6140.099853636717,0.9937522092393392,38.3620591350859,0.12872783071336258,0.19406700793204665,0.992549524716544,0.0,0.0,0.0,0.0,False,806.7740469796554,1.4920966915807532,1440,2023-10-11,-0.09187793012027748,0.804
41,2,180,612.7680265367343,6443.960224625593,6121.762213394339,6167.853281412748,0.9925272106978763,46.09106801840947,0.10009667235947282,0.18515980172721921,0.9589980960792908,0.0,0.0,0.0,0.0,False,720.2723373693956,3.251489795361148,1440,2023-07-27,-0.08406126596561404,0.751
42,2,180,577.7691135957773,6371.331107016215,6052.764551665396,6094.466998924487,0.9931573265937037,41.70244725908984,0.09545540862593214,0.19791203548728264,0.9644767399002043,0.0,0.0,0.0,0.0,False,747.2632990234604,3.0184655303324996,1440,2023-07-21,-0.05747007107762389,0.778
43,2,180,676.2594583181822,6052.411728252854,5749.791141840217,5798.468752298189,0.9916050922170307,48.677610457970715,0.11761461271126201,0.1982092231853306,1.0000728060986082,0.0,0.0,0.0,0.0,False,685.1168379715551,1.3301790353986742,1440,2023-02-01,-0.06414763121373546,0.73
44,2,180,900.3824119338295,6698.377443081137,6363.458570927067,6398.779819638417,0.9944800024837631,35.32124871135101,0.14149261787409678,0.1884973545034381,0.9701466438049282,0.0,0.0,0.0,0.0,False,685.9131188268561,2.7975431162239484,1440,2023-09-25,-0.07005395341759675,0.803
45,2,180,665.7358176700725,6488.448329656529,6164.025913173695,6206.8505815218805,0.9931004189990207,42.82466834818456,0.10800340995440472,0.19024560430667653,0.9967779158019697,0.0,0.0,0.0,0.0,False,720.2864467150561,1.4696315010514809,1440,2023-11-12,-0.05283776780569418,0.771
46,2,180,751.4343068429291,6525.02185969247,6198.770766707855,6241.01284908605,0.9932315341436316,42.24208237819479,0.12122311586011644,0.19330220201937504,0.9548005825040565,0.0,0.0,0.0,0.0,False,749.4823567706501,3.4565188268782014,1440,2023-08-20,-0.0424232490986305,0.774
47,2,180,690.1973262101976,6144.168489465112,5836.9600649918575,5880.835282810524,0.9925392880928136,43.87521781866796,0.11824602507558195,0.19058849690927343,0.9984820083545966,0.0,0.0,0.0,0.0,False,677.8091008250051,1.3998857023730733,1440,2023-01-05,-0.040481259201885014,0.77
48,2,180,729.74899246367,6751.78823136628,6414.198819797959,6452.882697138337,0.9940051789012788,38.68387734037877,0.11377087193044888,0.18599977448415894,0.963299839361544,0.0,0.0,0.0,0.0,False,830.862252038825,2.961593527820508,1440,2023-06-18,-0.03248694088772876,0.787
49,2,180,891.962616678192,6318.502256156746,6002.577143348921,6052.573228029287,0.9917396976795199,49.99608468036659,0.14859661031870616,0.1925914560101223,1.0031444532292304,0.0,0.0,0.0,0.0,False,696.8399669817081,1.1730543831453395,1440,2023-03-02,-0.01529628562535984,0.806
50,2,180,809.8224958701421,6617.749639340306,6286.8621573733035,6333.00129891227,0.9927144904349079,46.13914153896558,0.128811873968061,0.18754205742224925,0.9943966455815161,0.0,0.0,0.0,0.0,False,673.734483918151,1.503125688624329,1440,2023-10-26,-0.01567503357309022,0.742
51,2,180,938.4316979913627,6432.06804598388,6110.4646436846915,6148.034320886649,0.9938891562341605,37.569677201958136,0.15357779689655088,0.18722524459187997,1.0017014780059774,0.0,0.0,0.0,0.0,False,790.6275537721615,1.1613002722531203,1440,2023-01-20,-0.004246457909066262,0.744
52,2,180,707.5176648581664,6550.776730899215,6223.237894354238,6265.198860308172,0.9933025324671227,41.96096595393425,0.11368963823478949,0.19153497810156567,0.9970104154448977,0.0,0.0,0.0,0.0,False,765.196791848962,1.4486192771548216,1440,2023-11-26,0.0062321286193713216,0.784
53,2,180,708.8997026642863,6609.281834222325,6278.817742511213,6323.511188651672,0.9929321788469883,44.693446140459564,0.11290337317240905,0.1907652221619327,0.9965787408601047,0.0,0.0,0.0,0.0,False,772.1193723491795,1.4282376897493414,1440,2023-11-25,0.005556835215734579,0.827
54,2,180,459.7074740747176,6630.928580725705,6299.382151689408,6344.321398858892,0.9929166187612173,44.939247169484354,0.07297659722889337,0.19363110665524788,0.9963332192366109,0.0,0.0,0.0,0.0,False,727.9811457093671,1.3339204681179484,1440,2023-12-18,0.007171802451921075,0.761
55,2,180,643.1063588505668,6663.937109083149,6330.740253628999,6370.220650343362,0.9938023502039549,39.48039671436233,0.10158470148604123,0.19876653816625406,0.9579874017274024,0.0,0.0,0.0,0.0,False,729.4060647269371,3.3378221203621856,1440,2023-09-02,0.0024772750228144735,0.832
56,2,180,755.031019450349,6655.9711748839745,6323.172616139751,6371.882382071304,0.9923555139579148,48.709765931553775,0.11940699159835522,0.19717433571701812,1.0013655835400241,0.0,0.0,0.0,0.0,False,742.0997828586285,1.1995536848333113,1440,2023-10-24,-0.01251462315299709,0.772
57,2,180,550.8670222655088,6228.357711523272,5916.939825947071,5952.948196749983,0.9939511701407764,36.0083708029122,0.0930999872349279,0.1908967175239881,0.9943001171371438,0.0,0.0,0.0,0.0,False,783.4847000792461,1.4028354268223238,1440,2023-11-27,-0.020864013091178163,0.823
58,2,180,855.7553927027581,6107.188295935616,5801.82888113885,5846.906396352888,0.9922903648257212,45.07751521403707,0.14749752366615482,0.19532214113858523,1.0008716292040771,0.0,0.0,0.0,0.0,False,688.1674956337383,1.091050220475098,1440,2023-01-26,-0.0132776008932564,0.775
59,3,180,676.7415569739338,6624.666594327795,6293.433264611445,6338.524929691404,0.9928860948595883,45.09166507995823,0.10753137890240513,0.19507370364585325,0.969048493314976,0.0,0.0,0.0,0.0,False,852.127751828328,2.8657908154822165,1440,2023-09-06,-0.016710510143961937,0.831
60,3,240,781.0730488851055,8327.395584387665,7911.025805168292,7966.952571781199,0.9929801556983032,55.92676661290762,0.09873220845453805,0.1940885933053389,0.9632006644940774,0.0,0.0,0.0,0.0,False,872.2083429430979,3.135128573495619,1440,2023-07-27,-0.01866396024280867,0.936
61,3,240,933.0412883177302,8625.597844014703,8194.317951813968,8255.033825425871,0.9926449879072698,60.71587361190335,0.11386442334852089,0.19463697928305312,0.9936234685648136,0.0,0.0,0.0,0.0,False,964.7009053367098,1.4080137084001898,1440,2023-11-28,-0.017763907238021424,0.841
62,3,240,866.0053665224957,8325.47527063259,7909.201507100986,7967.765861717687,0.9926498399133337,58.56435461669989,0.1094934002813033,0.18905428326534832,0.9860979320460544,0.0,0.0,0.0,0.0,False,979.6652457991993,1.9780470941695665,1440,2023-05-01,-0.017982162949315587,0.815
63,3,240,621.1666259621472,8127.726488392957,7721.340163973298,7771.102972696307,0.9935964291172245,49.762808723009535,0.08044803269520809,0.18200230021871586,0.9946864740053107,0.0,0.0,0.0,0.0,False,1148.4794278552308,1.5463377985858786,1440,2023-04-09,-0.005327550442667764,0.917
64,3,240,539.993221896483,8718.455320006266,8282.532554005993,8326.24705992188,0.9947497947633208,43.71450591588595,0.06519663138967148,0.1746593034500326,0.9877487364729252,0.0,0.0,0.0,0.0,False,901.7856230794126,1.734857816441182,1440,2023-01-04,0.02121038725430613,0.924
65,3,240,901.8609181260158,8767.499849215543,8329.124856754755,8377.224617488135,0.9942582701396155,48.09976073337859,0.10827799242253218,0.17835691677720295,0.9690896339070324,0.0,0.0,0.0,0.0,False,1067.2893946075956,2.8697835445526536,1440,2023-09-17,0.05986236513048675,0.861
66,3,240,414.3918836851032,8342.377503442349,7925.258628270218,7971.673399647414,0.9941775372559482,46.41477137719683,0.0522874903043447,0.17672977384532737,0.9903458849968859,0.0,0.0,0.0,0.0,False,944.7600441623899,1.732853122679373,1440,2023-01-12,0.08373135227279635,0.84
67,3,240,717.0009046489536,8370.685367211421,7952.15109885088,7999.06269396725,0.9941353634905562,46.911595116370975,0.09016439649298959,0.1794535085701138,0.9589663810213688,0.0,0.0,0.0,0.0,False,1110.1378073394574,3.3171767100906364,1440,2023-07-23,0.10756976774450394,0.816
68,3,240,887.8889420186861,8882.808959844175,8438.668511851985,8487.091748387662,0.9942944841447159,48.42323653567705,0.10521671052390068,0.18157648378271155,0.9502482480001004,0.0,0.0,0.0,0.0,False,962.4969530009369,3.66696229848188,1440,2023-08-26,0.12167560829883417,0.822
69,3,240,713.9765448294728,8724.999101898298,8288.749146803346,8323.683522936512,0.9958030148507087,34.934376133165955,0.08613803267346151,0.17764802017289172,0.9601414150835271,0.0,0.0,0.0,0.0,False,1079.7313475408553,3.2220348897615754,1440,2023-08-08,0.12921091108544774,0.825
70,3,240,550.4171371769992,8549.179685394665,8121.720701124929,8171.405733652589,0.9939196468579402,49.685032527658976,0.06777100043599894,0.18151901415843477,0.9844949130499835,0.0,0.0,0.0,0.0,False,1152.5069445616327,1.8109355881045477,1440,2023-04-01,0.14499937224769766,0.808
71,3,240,683.2506694596783,8205.883733736262,7795.589547049447,7837.152675588105,0.994696654479104,41.56312853865796,0.08764579834995057,0.17637582289988246,0.99699505691787,0.0,0.0,0.0,0.0,False,1015.8461797798436,1.44681354523164,1440,2023-03-21,0.1500380037013811,0.781
72,3,240,671.1419304533315,8850.305505796645,8407.790230506766,8448.671287444085,0.9951612442304301,40.881056937319656,0.07982381958319618,0.18692763803587575,0.9668299336181688,0.0,0.0,0.0,0.0,False,1102.7066557344294,2.804213314814577,1440,2023-08-05,0.16656513848814883,0.792
73,3,240,803.835449741645,8971.07408804096,8522.520383638894,8567.177753360862,0.994787388448378,44.65736972197026,0.09431898236169758,0.17616485464077972,0.9636103808741712,0.0,0.0,0.0,0.0,False,1141.954113879968,2.935071729161398,1440,2023-06-08,0.157226471116584,0.781
74,3,240,1129.3917759102792,9166.093469820402,8707.788796329383,8753.306156814057,0.9947999807536447,45.51736048467407,0.12969903178937398,0.18141888773784437,0.9916942087316072,0.0,0.0,0.0,0.0,False,1022.5322231114038,1.5914429404881314,1440,2023-01-09,0.1746254179565044,0.773
75,3,240,1093.5664181850927,8447.323795663813,8024.9576058806,8073.911735946302,0.993936751890939,48.95413006570237,0.13627067853713512,0.1753331876581409,0.9773503772233276,0.0,0.0,0.0,0.0,False,896.4867809260106,2.411329063377043,1440,2023-09-26,0.1779147582280063,0.78
76,3,240,1196.9793530615027,8571.596589022505,8143.016759571386,8196.313296445474,0.9934974988209392,53.29653687409008,0.1469945830155097,0.1820269835005804,0.983417856749912,0.0,0.0,0.0,0.0,False,942.2887402811402,1.9838689152513391,1440,2023-02-21,0.19516811123764838,0.825
77,3,240,1430.184747513637,8981.577709474728,8532.498824000988,8575.341364451164,0.9950039842579587,42.84254045017291,0.16761616696514312,0.17979424061102636,0.9872232868468166,0.0,0.0,0.0,0.0,False,1012.8306218670791,1.8224299846167133,1440,2023-02-05,0.1951430936169661,0.85
78,3,240,912.8055160040577,8297.109780830471,7882.254291788915,7928.20539988784,0.9942040971719054,45.951108098925246,0.11580513419301171,0.1766084458045145,0.9947854026294763,0.0,0.0,0.0,0.0,False,981.5676125863298,1.5312845641235249,1440,2023-11-20,0.20104540184688788,0.797
79,4,240,778.874258063464,8715.90628171513,8280.11096762936,8333.872240610872,0.9935490644169545,53.76127298151191,0.0940656787219918,0.18359904295016463,0.9789027848007077,0.0,0.0,0.0,0.0,False,1061.747448386488,2.348337608474738,1440,2023-07-07,0.21394557471492565,0.851
80,4,300,332.13963252682623,10866.716182567932,10323.380373439517,10392.369609479023,0.9933615490372302,68.9892360395067,0.032173534299033565,0.1899077856877648,0.9752471140394775,0.0,0.0,0.0,0.0,False,1219.624977347807,2.0772948703068685,1440,2023-12-09,0.20970644714141737,0.815
81,4,300,1030.9940921131126,11198.367909424378,10638.449513953165,10689.41575317845,0.9952320837357149,50.96623922528409,0.09691206324388556,0.1769290125339405,0.9618725652212395,0.0,0.0,0.0,0.0,False,1256.3916117725003,3.0193984328603705,1440,2023-07-12,0.1929405217755021,0.859
82,4,300,1032.2177841543896,11081.862423997536,10527.76930279766,10581.99078079552,0.9948760607412112,54.22147799785837,0.09804715077486424,0.17752561777372217,0.963388895409467,0.0,0.0,0.0,0.0,False,1456.1107737981629,3.116633137244453,1440,2023-05-18,0.20923463179448637,0.87
83,4,300,1766.196628249075,11076.457139169102,10522.634282210633,10574.269065432869,0.9951169406695892,51.63478322223637,0.16784738316288098,0.18265707549773985,0.9825005825492301,0.0,0.0,0.0,0.0,False,1208.0342987084118,2.0303464187506304,1440,2023-02-06,0.222081107393468,0.825
84,4,300,1117.636452450837,10455.905899125199,9933.110604168913,10013.218101874965,0.9919998249422878,80.10749770605223,0.11251625970839049,0.190665047716062,0.9901621243437085,0.0,0.0,0.0,0.0,False,1302.380489706465,1.7473487671966925,1440,2023-11-28,0.2219362271049274,0.808
85,4,300,1173.2317621842656,11003.184552025876,10453.025324424576,10521.319233855957,0.9935089975017941,68.29390943138243,0.11223848845394913,0.19129540063889325,0.9791494794289206,0.0,0.0,0.0,0.0,False,1445.3548101302633,2.278292168864516,1440,2023-03-18,0.20466953160798312,0.787
86,4,300,1228.1920875598057,10339.906572562713,9822.911243934599,9890.487480218013,0.9931675525176517,67.57623628341567,0.12503340985781414,0.19021761217041686,0.978014872270608,0.0,0.0,0.0,0.0,False,1251.8450597719684,2.1628590405686148,1440,2023-02-10,0.18990462874825426,0.799
87,4,300,1434.4925897843716,10784.923505794075,10245.677330504423,10316.64900772343,0.9931206657155947,70.97167721900736,0.1400095419278393,0.19163852521637517,0.9900988227656128,0.0,0.0,0.0,0.0,False,1315.5271375417753,1.7588043312795507,1440,2023-04-16,0.1809529604825984,0.814
88,4,300,1415.5510630594993,10755.664980120042,10217.8817311141,10284.4591709202,0.993526403411241,66.57743980609888,0.13853664588317324,0.1881164693894729,0.9853727388025473,0.0,0.0,0.0,0.0,False,1426.178970476326,1.9352485793023357,1440,2023-01-30,0.17108369090814665,0.842
89,4,300,1038.774876576603,10199.51650380907,9689.540678618625,9735.53640283244,0.9952754812564377,45.995724213816246,0.10720579138171227,0.1833242329902885,0.9713527678270976,0.0,0.0,0.0,0.0,False,1427.5494844547065,2.3020859512292375,1440,2023-05-03,0.1715309745982966,0.895
90,4,300,906.6864604894441,10769.71188525786,10231.226290995008,10285.123608724145,0.9947596820631869,53.89731772913411,0.08861952953649968,0.18590762642124933,0.9536095572309436,0.0,0.0,0.0,0.0,False,1363.1887427329898,3.443515975228192,1440,2023-07-17,0.18326550997910784,0.89
91,4,300,1152.8703906816745,11193.05463512767,10633.401903371288,10687.086020065437,0.9949767301775849,53.68411669414606,0.1084197137621743,0.19165618059348322,0.9608787289973978,0.0,0.0,0.0,0.0,False,1235.7323949878767,2.319587129555844,1440,2023-09-12,0.18767429141458053,0.799
92,4,300,1461.7808955028877,10891.69613109868,10347.111324543748,10413.171434785412,0.9936561007705118,66.0601102416637,0.1412742986571998,0.19596854276276926,0.9800754036742014,0.0,0.0,0.0,0.0,False,1128.5342153686556,1.6139377003908821,1440,2023-01-21,0.17897168835436997,0.788
93,4,300,967.860786889147,10753.03513293369,10215.383376286962,10260.723184336894,0.995581226855516,45.339808049931015,0.09474541984746737,0.18249786302835724,0.9738184585781451,0.0,0.0,0.0,0.0,False,1133.3150327296446,1.802328843885391,1440,2023-04-11,0.16272398199563376,0.778
94,4,300,1039.1210429182822,10751.518447555907,10213.942525178052,10261.18742180372,0.9953957671092453,47.24489662566529,0.10173554828184898,0.1783459514018107,0.9725084457733711,0.0,0.0,0.0,0.0,False,1319.9448766130602,1.8857483309153578,1440,2023-12-11,0.18023641917293337,0.817
95,4,300,1260.0700431015853,10912.0986469215,10366.493714575441,10420.334333245059,0.9948331198455078,53.84061866961612,0.12155219284317015,0.17618310852803348,0.9755193485586914,0.0,0.0,0.0,0.0,False,1485.9879506395087,1.8817915098726992,1440,2023-10-25,0.2044632769230849,0.856
96,4,300,1033.211013836971,10918.618830308282,10372.687888792854,10418.578041715948,0.9955953535367927,45.890152923093716,0.09960880197246669,0.17943099929398873,0.9507415258960951,0.0,0.0,0.0,0.0,False,1642.9257126652465,2.938043627031746,1440,2023-07-05,0.22979386201911434,0.852
97,4,300,297.5763413072137,11298.409047122455,10733.488594766313,10785.00423982682,0.9952234005740795,51.515645060505726,0.027724102809622675,0.18939391610679668,0.9757234686654886,0.0,0.0,0.0,0.0,False,1605.0,2.0180526231789853,1440,2023-01-07,0.24394142044613693,0.89
98,4,300,451.08656882011104,10466.464052137577,9943.140849530679,9989.08250792474,0.9954008130018333,45.94165839406091,0.045366607558556565,0.18226205833610132,0.9853572859060069,0.0,0.0,0.0,0.0,False,1388.3468314914219,1.9903718661752565,1440,2023-01-11,0.23387135439423767,0.857
99,5,300,854.2175188309186,11037.212006467847,10485.351406144431,10530.725443122978,0.9956912714870771,45.374036978546144,0.08146770534846795,0.19173633704600776,0.9795118227806126,0.0,0.0,0.0,0.0,False,1540.3128074956578,2.100414914550424,1440,2023-03-30,0.24239228573144297,0.899
100,5,271,1043.942949467817,10018.764986356438,9517.826737038657,9579.41459382206,0.9935708120595257,61.587856783405165,0.10968291168879019,0.20870181690203637,0.9641254640282636,0.0,0.0,0.0,0.0,False,1531.900723695755,2.7051488183154104,1440,2023-09-08,0.22877880078711266,0.812
101,5,167,759.6068136560301,6003.702251704058,5703.517139118865,5730.351981516448,0.9953170690938112,26.834842397581934,0.13318217428437176,0.18017908933015864,0.9981978564065395,0.0,0.0,0.0,0.0,False,881.3583105550546,1.4714435643708743,1440,2023-04-16,0.18012886630328367,0.785
102,5,139,525.8971243304032,5321.907426534664,5055.812055207918,5073.687894217355,0.9964767562802176,17.87583900943666,0.10401832951616236,0.16879550515127495,0.9850302167605808,0.0,0.0,0.0,0.0,False,816.9709804638202,2.0573703098562395,1440,2023-09-15,0.20494996490784353,0.804
103,5,174,601.2030867526216,5827.588935737586,5536.209488950697,5561.793433766867,0.9954000548346791,25.583944816170106,0.1085947141184808,0.1736801416255472,0.9593214938612388,0.0,0.0,0.0,0.0,False,960.3896762939432,3.0874020036183394,1440,2023-08-15,0.2514109537274718,0.815
104,5,194,922.48311109248,6834.055684857098,6492.352900614236,6521.667828226591,0.9955049952888622,29.314927612354897,0.14208764144740263,0.17939082850290833,0.991360052942003,0.0,0.0,0.0,0.0,False,1142.8796655653105,1.5304621140387735,1440,2023-02-09,0.27914953745849813,0.807
105,5,267,875.954554760315,9487.951715128856,9013.554129372362,9050.40649429779,0.9959280983734105,36.85236492542828,0.0971819264840106,0.18539487856714132,0.9603680703833146,0.0,0.0,0.0,0.0,False,1511.931526516789,3.112249158073708,1440,2023-06-11,0.28980735188797924,0.79
106,5,201,1009.9830159932825,7382.856207560545,7013.7133971825115,7045.664371495949,0.995465158056251,31.950974313438184,0.14400118151377617,0.1808215898885767,0.9942060017925474,0.0,0.0,0.0,0.0,False,1038.4002352265106,1.6159361933559324,1440,2023-02-08,0.28585494936189454,0.755
107,5,136,648.3475916057004,4975.095949234113,4726.341151772374,4748.999609062683,0.995228793608012,22.658457290307993,0.13717748482091066,0.17874429788437426,1.0023892634642069,0.0,0.0,0.0,0.0,False,642.9980119048988,1.154114009279374,1440,2023-10-15,0.2937131829394401,0.766
108,5,180,521.064503651323,6444.058510404564,6121.855584884343,6154.094365413515,0.9947614094593095,32.23878052917229,0.08511545174928643,0.18172943660972066,0.9928503655747688,0.0,0.0,0.0,0.0,False,922.9697935154288,1.3864301431119421,1440,2023-03-21,0.30563259731650316,0.761
109,5,228,861.4050747484177,8064.531289555406,7661.304725077628,7709.14950792411,0.9937937663814532,47.84478284648297,0.1124358194406227,0.18962080944028017,0.9853499192439229,0.0,0.0,0.0,0.0,False,1211.0062044952278,1.9146967392005232,1440,2023-03-18,0.30951435179190556,0.798
110,5,267,53.83745296238007,9214.898026590432,8754.153125260924,8811.701942937594,0.993469046269456,57.54881767666953,0.006149932745296297,0.21083620129589922,0.9711170863539883,0.0,0.0,0.0,0.0,False,999.1639557016949,2.2322000513655462,1440,2023-12-31,0.29577769467298254,0.782
111,5,251,380.64516433619457,8942.153962650178,8495.046264517701,8531.166203971905,0.9957661193568839,36.11993945420197,0.0448078977422503,0.19120885744575492,0.9750426089218249,0.0,0.0,0.0,0.0,False,1248.3730161028268,1.9323178647778707,1440,2023-10-10,0.2375726968306872,0.767
112,5,299,1230.5955984799698,10547.92398401874,10020.527784817856,10074.866233061945,0.9946065340236707,54.33844824408938,0.12280746332987075,0.1889605974365719,0.9693474380881015,0.0,0.0,0.0,0.0,False,1575.1127753508727,2.2248265160138496,1440,2023-10-09,0.23462841215488073,0.821
113,5,154,799.6113545115153,5494.476519803713,5219.7526938135325,5249.1140166269515,0.9944064231181844,29.361322813419566,0.15318950943005732,0.18701786200375625,0.9972106798700233,0.0,0.0,0.0,0.0,False,940.6526015160586,1.3162819927957305,1440,2023-01-20,0.2377711265626095,0.773
114,5,279,676.0925283174605,10422.000439264102,9900.900417300934,9939.014807753425,0.9961651741958611,38.114390452490824,0.0682859638842594,0.1839566747708433,0.9796480431295335,0.0,0.0,0.0,0.0,False,1316.5678143908826,1.7043809244557304,1440,2023-12-18,0.2452084229407992,0.803
115,5,129,499.69402994285025,4379.639117775351,4160.657161886575,4178.529790996283,0.9957227469938782,17.872629109708196,0.12009978484174674,0.17256576633333,0.9568031565613491,0.0,0.0,0.0,0.0,False,781.2425382458748,3.3901135279637433,1440,2023-08-21,0.2586950382172173,0.766
116,5,221,918.255722689067,8409.022968627123,7988.571820195755,8016.964814850922,0.9964583860212819,28.39299465516776,0.11494616852134225,0.18527593627169106,0.9955646555331784,0.0,0.0,0.0,0.0,False,1262.9117719935716,1.6449217159158016,1440,2023-11-28,0.29591604068421445,0.795
117,5,169,681.8574563514295,6148.478286120517,5841.0543718145145,5865.4600327896715,0.9958390883513446,24.40566097515573,0.11673533799679586,0.18475332072926562,0.9544410998813823,0.0,0.0,0.0,0.0,False,917.0080586875879,3.4128977918460683,1440,2023-08-20,0.29846667197983334,0.794
118,5,156,691.9933973452424,5636.565091093583,5354.736836538914,5374.603519747732,0.9963036002310082,19.86668320881732,0.12923014117581155,0.18399225058985677,0.9945601322123812,0.0,0.0,0.0,0.0,False,732.9307273351476,1.4728689287134236,1440,2023-01-09,0.30241926517320117,0.802
119,5,238,490.0722834838794,8814.064318445662,8373.361102523359,8400.375084306375,0.9967841933828069,27.013981783017513,0.05852754676209932,0.18591198769095357,0.9487826385439495,0.2777777777777778,0.0,0.0,0.0,False,1229.222878402724,3.4166760878702567,1440,2023-07-30,0.308056081505102,0.8
120,5,175,459.0106184031745,6124.922044957199,5818.675942709309,5843.020672333176,0.9958335369684487,24.344729623866325,0.07888575045639139,0.18403677591211917,0.9899728919763332,0.0,0.0,0.0,0.0,False,831.9463722248903,1.5208523728977892,1440,2023-12-26,0.3090465135636621,0.818
121,5,221,772.5005056717647,7793.520240442835,7403.844228420725,7428.134704169471,0.9967299360181081,24.290475748746363,0.10433775776999872,0.17726712498420544,0.9890011894642139,0.0,0.0,0.0,0.0,False,1196.585941258938,1.9515314227016005,1440,2023-11-12,0.3147624863283398,0.834
122,5,167,838.2272378133154,6122.566159036242,5816.4378510844435,5829.137206951113,0.9978214004207131,12.699355866669228,0.14411350370691786,0.1782058322685157,0.9966636600088852,0.0,0.0,0.0,0.0,False,1087.0369045569578,1.5680409065462333,1440,2023-02-26,0.335365140332282,0.818
123,5,147,292.41534469215225,5363.722382527705,5095.536263401309,5122.36370605792,0.9947626829729244,26.82744265661245,0.057386569259142664,0.18720292119764445,0.997970172202434,0.0,0.0,0.0,0.0,False,547.0622731768075,1.1240545590604236,1440,2023-01-10,0.3508718158965274,0.744
124,5,255,742.3048757217051,9150.080765533943,8692.576727257214,8738.973170525649,0.9946908587126781,46.39644326843423,0.08539526299423601,0.20366495467737458,0.956758060819474,0.0,0.0,0.0,0.0,False,1320.310779421513,3.161969983986741,1440,2023-06-30,0.3441234146439582,0.799
125,5,198,695.5847538053683,7148.472411604744,6791.048791024505,6824.572980876988,0.9950877234449069,33.524189852482664,0.10242670538970339,0.2044609209158936,0.9676026859757626,0.0,0.0,0.0,0.0,False,1043.3470477428198,2.518891419641572,1440,2023-05-12,0.3023249722526278,0.752
126,5,242,874.9559420780865,8306.715265346338,7891.379502079033,7910.333535731605,0.9976038894482825,18.954033652570594,0.11087490366514169,0.18258629377172048,0.9924404800998365,0.0,0.0,0.0,0.0,False,1209.590556114328,1.7378314381679068,1440,2023-12-06,0.266912046569027,0.766
127,5,241,976.0031398602061,8869.109004040942,8425.65355383894,8447.543601187801,0.9974087085687509,21.89004734885902,0.11583708416488529,0.1846217099823301,0.960368721348078,0.0,0.0,0.0,0.0,False,1459.0260533613337,2.8602938540133693,1440,2023-05-14,0.2875765710507412,0.786
128,5,291,702.7470346652098,10605.274382458414,10075.010663335479,10096.332873026855,0.9978881233454238,21.322209691376187,0.069751492891478,0.18057194765113097,0.9711758428716939,0.0,0.0,0.0,0.0,False,1686.1487450658165,3.031474777525098,1440,2023-01-01,0.30039918947365485,0.792
129,5,196,537.9662515518771,6738.601039535787,6401.67098755898,6418.494269627867,0.9973789363420493,16.823282068886236,0.08403528588041494,0.18800678553605954,0.9913985349251659,0.0,0.0,0.0,0.0,False,1255.2512305288506,1.8964286855594705,1440,2023-11-19,0.32053816395806733,0.755
130,5,159,-8.503462937834042,5724.38608998758,5438.166785488209,5450.1719251577015,0.9977972915654133,12.005139669492632,-0.001563663505232241,0.19737274944609004,0.9955636915871564,0.0,0.0,0.0,0.0,False,768.3772964727295,1.592063189442767,1440,2023-12-24,0.3208923609219515,0.797
131,5,234,782.5715988559673,8614.090500794335,8183.385975754634,8206.960823149857,0.9971274570570967,23.574847395222534,0.09562931544161976,0.18381676940977715,0.9891118052363983,0.0,0.0,0.0,0.0,False,1371.123238909392,1.9936588227480014,1440,2023-01-08,0.30070196041868724,0.727
132,5,289,1071.3965771045737,10063.176957681593,9560.01810979741,9587.324041083131,0.9971518714535242,27.305931285722007,0.11207055936500503,0.1766024956006812,0.9481022068487236,0.2777777777777778,0.0,0.0,0.0,False,1384.9918090318029,3.8199753870131534,1440,2023-06-27,0.3151819576254753,0.769
133,5,295,1168.792009653711,10694.884359999933,10160.140141999964,10180.777950458878,0.9979728652801052,20.637808458914787,0.11503699686406502,0.17820996242804832,0.9444279526908529,0.9722222222222222,0.0,0.0,0.0,False,1651.2485616564356,4.054916720738799,1440,2023-06-26,0.3438072329908828,0.821
134,5,277,1066.2507370426326,10452.76773682249,9930.129349981336,9959.66774408803,0.9970341988442106,29.538394106692927,0.10737531198872416,0.1921696139032656,0.9571147277609743,0.0,0.0,0.0,0.0,False,1753.0994497998556,3.0280610083300923,1440,2023-09-28,0.3642605281415987,0.812
135,5,243,885.3508584557917,8887.306023985335,8442.940722786025,8464.832393371758,0.9974138093268243,21.891670585729685,0.10486285377633697,0.18219330602555414,0.9575360630064529,0.0,0.0,0.0,0.0,False,1564.3933765336492,3.5611642480155448,1440,2023-08-14,0.3503034503215302,0.866
136,5,188,743.0537229336746,6601.886308368307,6271.791992949892,6302.277591012571,0.9951627649492696,30.48559806267999,0.11847550489061814,0.1907905962112384,0.9922163225418309,0.0,0.0,0.0,0.0,False,1125.6714583192818,1.785589824357741,1440,2023-03-06,0.36197600009516284,0.782
137,5,190,666.4056144444512,6660.379969580797,6327.360971101757,6343.983938280589,0.997379727417258,16.622967178831743,0.10532125754924533,0.185563798329449,0.9737207298094418,0.0,0.0,0.0,0.0,False,1282.8157976541745,2.6030364278452405,1440,2023-10-01,0.3528604716950017,0.81
138,5,127,394.64691191929603,4375.84986138648,4157.057368317147,4181.522630733836,0.9941491976542536,24.46526241668833,0.09493419911091011,0.1830643112785534,0.9914630334853526,0.0,0.0,0.0,0.0,False,714.3643351924886,1.5354217107815131,1440,2023-12-14,0.357788814398337,0.77
139,5,153,582.6303811851067,5678.782892529007,5394.843747902571,5412.852173561955,0.996673024667597,18.008425659384073,0.10799763782067351,0.1876424884923898,0.9609476957322386,0.0,0.0,0.0,0.0,False,938.628615432443,3.2560965183339285,1440,2023-06-26,0.3680771445090479,0.782
140,5,180,832.7509763012098,6273.980667180623,5960.281633821578,5986.781249838922,0.9955736455181059,26.499616017344433,0.139716715998078,0.19379362172154663,0.9885590090472032,0.0,0.0,0.0,0.0,False,1240.0216421521502,1.9219517728767617,1440,2023-02-28,0.36685369430255704,0.75
141,5,182,705.3543854860205,6807.974081153562,6467.575377095884,6498.595526771402,0.9952266378869513,31.020149675517434,0.10906009506807537,0.1974101415628236,0.9745227221296069,0.0,0.0,0.0,0.0,False,1292.2415707111359,2.432680264652241,1440,2023-09-14,0.352652759947142,0.785
142,5,224,1036.4454698762434,7947.097336448212,7549.742469625776,7574.906669803278,0.9966779524455638,25.164200177501858,0.13728222837349546,0.18949160815359548,0.9733273865231565,0.0,0.0,0.0,0.0,False,1402.650304355373,2.4041194193281616,1440,2023-01-02,0.3334651617338595,0.81
143,5,212,400.3851005207041,7589.788909720586,7210.299464234537,7230.3226846229,0.9972306601984794,20.023220388363917,0.055529607682280914,0.18532725099946198,0.9581010257838075,0.0,0.0,0.0,0.0,False,1195.5668293364429,3.1128381992615517,1440,2023-07-30,0.3360612762558555,0.812
144,5,245,750.2179285539315,8965.460976077216,8517.187927273377,8553.335168665333,0.995773900977904,36.14724139195582,0.0880828197005746,0.19086145748800531,0.9616888550353836,0.0,0.0,0.0,0.0,False,1555.9638797879102,3.1178755067619583,1440,2023-06-07,0.34803339106257297,0.795
145,5,281,752.0051443906219,9307.635279742846,8842.253515755674,8881.927271088503,0.9955332042109857,39.67375533283005,0.08504677490310052,0.18904128681369856,0.9517986240739444,0.0,0.0,0.0,0.0,False,1782.8771053226292,3.2777848482835696,1440,2023-06-05,0.3458927557587513,0.792
146,5,278,1067.6866266890895,10161.853948200061,9653.76125079005,9704.855382501373,0.9947351990629917,51.09413171132254,0.1105979937717759,0.1930638900429707,0.9647407447839828,0.0,0.0,0.0,0.0,False,1926.0077342007685,2.612283853924894,1440,2023-01-15,0.3487325586584839,0.829
147,5,260,964.7410642726948,8852.258163733257,8409.645255546628,8448.758622020152,0.9953705191231783,39.11336647352299,0.11471840190124483,0.201118615615759,0.972356100840715,0.0,0.0,0.0,0.0,False,1476.268457723216,2.0844332516778326,1440,2023-04-17,0.34250147937172276,0.879
148,5,296,1021.7609156482355,10883.862256353776,10339.669143536083,10394.887934577679,0.9946878897214547,55.21879104159508,0.0988194981351987,0.2012467536437883,0.9725341365011948,0.0,0.0,0.0,0.0,False,1672.6802753453555,2.35813573344434,1440,2023-04-23,0.3197402889013916,0.799
149,5,177,787.8279342485997,6760.0617273689995,6422.058641000531,6456.087945465801,0.994729113860791,34.029304465269234,0.12267529437038266,0.1992499616270758,0.979399430256144,0.0,0.0,0.0,0.0,False,1077.0512910406655,1.7886496999121388,1440,2023-02-02,0.30118709518127285,0.789
150,5,284,1066.956244432448,10365.537894572883,9847.260999844231,9887.925930613274,0.995887415515205,40.664930769044105,0.10835056006429866,0.20521591650218463,0.9556510909809782,0.0,0.0,0.0,0.0,False,1677.2395778896032,3.064827493762417,1440,2023-09-08,0.2907749845605915,0.851
151,5,287,531.817188497172,10839.655088690462,10297.672334255942,10342.034954067249,0.9957104554366392,44.36261981130705,0.05164440771027878,0.18908015308631715,0.9519719948659005,0.0,0.0,0.0,0.0,False,1576.5938548551185,3.563858633187003,1440,2023-07-30,0.26905939951369784,0.817
152,5,160,590.0362543307269,5509.984783979802,5234.485544780838,5258.493623903717,0.9954344188963651,24.008079122879078,0.1127209635565879,0.17841647751168566,0.9545905774172251,0.0,0.0,0.0,0.0,False,1060.1112498548168,3.504325288026945,1440,2023-08-29,0.2877316033367754,0.831
153,5,205,801.4771186037161,7271.494505961295,6907.919780663251,6928.4491416032515,0.9970369471550671,20.529360940000814,0.11602293368362825,0.18240642533612647,0.9758221340918536,0.0,0.0,0.0,0.0,False,1450.2812716114186,2.503363332577113,1440,2023-02-10,0.32720862878384255,0.76
154,5,223,861.3660520893417,8243.221411702098,7831.060341116969,7877.980424281985,0.9940441482920679,46.92008316501504,0.10999354041070795,0.18536781328263363,0.9548695938131616,0.0,0.0,0.0,0.0,False,1405.066855706213,3.160019939174172,1440,2023-08-15,0.3508920426609201,0.807
155,5,245,728.8574345555261,8858.328098820173,8415.41169387912,8461.474119831646,0.9945562173564335,46.062425952528244,0.08660983693592253,0.20270376749262756,0.954073553900724,0.0,0.0,0.0,0.0,False,1713.6922501682782,3.5600245913869117,1440,2023-05-26,0.36405532961613474,0.833
156,5,246,753.7865048374196,8691.759701842971,8257.171716750805,8308.10355830473,0.9938696188370192,50.931841553923796,0.09128870401329553,0.20295432498483365,0.9619673466851197,0.0,0.0,0.0,0.0,False,1695.5642976966556,2.800715374255458,1440,2023-05-13,0.33631167154368846,0.852
157,5,139,488.67126166714837,5072.775140282031,4819.136383267962,4834.743103239749,0.9967719649961693,15.606719971787184,0.10140224778942025,0.169690807499735,0.992616236055615,0.0,0.0,0.0,0.0,False,810.6014803497525,1.7594776047942664,1440,2023-10-08,0.3134178023536363,0.822
158,5,206,1230.3663160809024,7211.108272488292,6850.552858863844,6872.126330583524,0.9968607282983625,21.573471719679045,0.17960102511857082,0.17722287144072552,0.9826248899924057,0.0,0.0,0.0,0.0,False,1262.2906104418307,1.9934909258866862,1440,2023-02-07,0.3697979050938249,0.759
159,5,138,551.7407189570008,4999.361934860788,4749.393838117727,4772.937352728977,0.9950672902509836,23.54351461125034,0.11617076573621571,0.16918380894814464,0.99552652049846,0.0,0.0,0.0,0.0,False,928.8548582433043,1.507256979694846,1440,2023-11-21,0.3994703030437603,0.759
160,5,293,855.9506494429378,10841.468176684102,10299.394767849943,10337.567113014451,0.9963074150090448,38.17234516450801,0.0831068881945208,0.19251601755351747,0.9677880199636342,0.0,0.0,0.0,0.0,False,1854.1421093403067,2.5750538053903256,1440,2023-03-25,0.44243496843997937,0.771
161,5,156,492.88434828658785,5467.935887134216,5194.539092777478,5218.686833377618,0.9953728320224742,24.14774060013962,0.0948850975001608,0.17278667027106243,0.9884749446278587,0.0,0.0,0.0,0.0,False,1037.497678495013,1.8201453121046578,1440,2023-12-14,0.4258500409474585,0.755
162,5,201,43.524491541610104,7244.754469858847,6882.516746365891,6920.494206807611,0.9945123195964297,37.97746044172003,0.0063239209064899,0.22937938397226115,0.990837258034801,0.0,0.0,0.0,0.0,False,1184.5674358732733,1.666071430171931,1440,2023-12-27,0.4573473294612898,0.781
163,5,280,680.660979134333,10021.60540226375,9520.525132150506,9586.734523003419,0.9930936451099127,66.20939085291243,0.07149405833043421,0.2239350495407716,0.9581356961642733,0.0,0.0,0.0,0.0,False,1780.2472558021545,2.990011853763044,1440,2023-05-19,0.3565722209311046,0.787
164,5,214,725.2125654436003,7515.920461930154,7140.124438833649,7162.986381645129,0.9968083224519227,22.86194281148008,0.10156861713772386,0.1843824546818549,0.9573906599590587,0.0,0.0,0.0,0.0,False,1450.634773419953,2.795118307219122,1440,2023-09-04,0.2867329173791949,0.749
165,5,243,975.2720478194308,9177.468265984904,8718.594852685575,8753.815459428046,0.9959765422396999,35.220606742471034,0.11186115013923593,0.19039085160930191,0.9782947362792752,0.0,0.0,0.0,0.0,False,1496.7834901430026,1.9647223649721377,1440,2023-02-18,0.318658060493191,0.775
166,5,210,1066.466561513067,7640.277411359546,7258.263540791558,7287.76864357964,0.9959514215899161,29.50510278808268,0.14693136388882932,0.17401321387802943,0.9834020456733984,0.0,0.0,0.0,0.0,False,1330.1855359490944,1.855196060615179,1440,2023-02-08,0.3314601591635395,0.787
167,5,273,1151.3268399930432,10069.396391829448,9565.926572238004,9596.439854327356,0.9968203539486997,30.51328208935205,0.12035706434694947,0.17100385783464214,0.9719474552315716,0.0,0.0,0.0,0.0,False,1742.8110333066697,2.3001745395628106,1440,2023-03-15,0.3790319804147162,0.763
168,5,227,875.6679975977804,8474.463273629979,8050.740109948446,8084.39759488878,0.9958367355705496,33.65748494033362,0.10876863314910656,0.185446312897926,0.9822920024067276,0.0,0.0,0.0,0.0,False,1528.2646125471788,1.9223667336107582,1440,2023-02-01,0.42515982781937756,0.77
169,5,236,654.9218298727377,8544.391874982455,8117.172281233285,8166.981337169428,0.9939011669208238,49.80905593614525,0.0806834950869408,0.20641865856593347,0.9707462745967701,0.0,0.0,0.0,0.0,False,1609.551670166658,2.640231712631857,1440,2023-08-12,0.43101638895898575,0.769
170,5,202,556.6494903188574,7097.147216132635,6742.289855325991,6769.473726832498,0.9959843449279141,27.183871506505508,0.08256089581778196,0.19420515486698958,0.9751416813968368,0.0,0.0,0.0,0.0,False,1160.0180912017822,2.6814383065669603,1440,2023-10-04,0.3892415444727593,0.807
171,5,193,270.88919994914335,6951.4753147432775,6603.9015490060965,6634.404163038491,0.9954023581797549,30.502614032394742,0.04101956971025906,0.17946348247244126,0.9977269949277657,0.0,0.0,0.0,0.0,False,1023.0713856621021,1.473767749225434,1440,2023-01-10,0.3829811192781052,0.735
172,5,227,576.3443215279215,8066.057904844902,7662.755009602664,7701.133134522496,0.9950165612969615,38.37812491983236,0.07521372154083869,0.1988804221567155,0.9438441473207697,1.0416666666666667,0.0,0.0,0.0,False,1650.7089172822423,3.51608074223358,1440,2023-06-03,0.4114312842667662,0.745
173,5,213,735.9060307243004,8041.457142643727,7639.384285511537,7672.211588673036,0.9957212724411871,32.82730316149828,0.09633054225587026,0.18182088099228597,0.9828505055835932,0.0,0.0,0.0,0.0,False,1391.0827411506343,2.227757276010696,1440,2023-10-08,0.3915301278444558,0.754
174,5,262,762.0277871944759,9109.900524778373,8654.405498539474,8698.43384426854,0.9949383594199458,44.028345729066935,0.08805085309708176,0.1970488766931792,0.9687447102286036,0.0,0.0,0.0,0.0,False,1379.826587495747,2.737581026987208,1440,2023-10-07,0.4140491492187382,0.767
175,5,227,780.177946619101,8108.510555052884,7703.085027300244,7743.591633017497,0.994769015769822,40.506605717251205,0.10128123263005648,0.1833612126207443,0.948167280287679,0.20833333333333334,0.0,0.0,0.0,False,1488.3321200208245,3.5652390081318575,1440,2023-08-18,0.39871033194154004,0.791
176,5,205,518.7444600261235,7401.785963995314,7031.696665795572,7058.260372636501,0.9962365079440946,26.563706840929456,0.07377230342563879,0.1772647143130038,0.9916422480952367,0.0,0.0,0.0,0.0,False,1305.2983629703522,1.953888590989509,1440,2023-10-27,0.41738407844810105,0.816
177,5,276,1020.1310435909751,10040.334551368995,9538.317823800528,9599.472303006918,0.9936293915669474,61.15447920639114,0.10695083372515526,0.19763196475641295,0.9679215792252984,0.0,0.0,0.0,0.0,False,1533.4535982943949,2.9026260219017,1440,2023-06-18,0.4468721362147288,0.776
178,5,158,562.9218873001129,5667.399868298998,5384.029874884092,5406.612431787909,0.9958231596607435,22.582556903817675,0.10455400515626438,0.17761642846115944,1.000722936621667,0.0,0.0,0.0,0.0,False,1048.9494860495124,1.5201980633572008,1440,2023-04-21,0.4257730332147103,0.755
179,5,199,860.1423194259833,7218.203726597057,6857.293540267187,6889.385032341597,0.9953418930827992,32.091492074410795,0.12543466520356494,0.1822727651398114,0.9950416913992561,0.0,0.0,0.0,0.0,False,1100.7239227167565,1.6967400146563103,1440,2023-02-25,0.4540471092411951,0.76
180,5,207,895.4932538374932,7251.511938464703,6888.936341541477,6910.999024608938,0.9968075985846765,22.062683067460505,0.1299900607932046,0.1785848978279981,0.9976474285327155,0.0,0.0,0.0,0.0,False,761.0970372132291,1.3748769937022496,1440,2023-01-09,0.4673087911123582,0.775
181,5,281,879.5298707717981,10028.3551235085,9526.937367333067,9578.146780146315,0.9946535155506913,51.20941281324855,0.0923203162631907,0.19947347435809049,0.9830442901498556,0.0,0.0,0.0,0.0,False,1348.674626399309,1.820493599198855,1440,2023-01-08,0.4871021998038779,0.773
182,5,199,630.5486538254446,7050.5356465992345,6698.0088642693045,6727.782035121118,0.9955745934252347,29.773170851813028,0.09413971623554011,0.18528696574631554,0.9689400922271673,0.0,0.0,0.0,0.0,False,1125.0285367485822,2.626492480386452,1440,2023-10-05,0.457008384672986,0.772
183,5,231,1144.3556130548848,8655.185178636026,8222.42591970422,8269.638147851932,0.9942908955260664,47.212228147714974,0.1391749374491233,0.19428336386107073,0.9849359232408699,0.0,0.0,0.0,0.0,False,1205.3514275938028,2.1423786745870426,1440,2023-01-02,0.46487930322686155,0.765
184,5,133,53.75173756410545,4528.537484627003,4302.110610395623,4322.713032947438,0.9952339138881566,20.602422551814687,0.012494271401162889,0.24092377356755057,0.9956925660998382,0.0,0.0,0.0,0.0,False,625.6690716280561,1.4281386078982004,1440,2023-12-27,0.451669794024447,0.744
185,5,270,803.789701676351,9456.90873853817,8984.06330161119,9016.894258674916,0.9963589506406665,32.830957063726856,0.08946839249587661,0.18890395974326296,0.9724622690816808,0.0,0.0,0.0,0.0,False,1466.9457666467877,2.689744898116486,1440,2023-05-21,0.3364470966298822,0.781
186,5,200,931.8000109465645,7109.902453218905,6754.407330557951,6778.729366487363,0.9964120066439509,24.322035929411307,0.1379543704346881,0.19354146340223208,0.9860351247276187,0.0,0.0,0.0,0.0,False,941.0824476858153,2.0634112158753095,1440,2023-03-19,0.35926733114049997,0.723
187,5,210,897.0848959808585,7964.7714826751335,7566.5329085413905,7589.672950111444,0.9969511147947799,23.14004157005285,0.11855957105112104,0.18755993656065328,0.9488816354133119,0.06944444444444445,0.0,0.0,0.0,False,1037.199643049247,3.475047867935126,1440,2023-06-22,0.3676439375291505,0.807
188,5,137,440.6412134900141,5212.778512280971,4952.139586666923,4965.61833779776,0.9972855845508224,13.478751130837484,0.08897996629101305,0.19119651195856877,0.9946157587731866,0.0,0.0,0.0,0.0,False,815.5363782087683,1.5956896933192655,1440,2023-10-31,0.3881265848635116,0.78
189,5,245,804.9762901261906,8952.827369409913,8505.186000939437,8541.29460448442,0.9957724671473076,36.10860354498139,0.09464534814844465,0.18541050421083882,0.992419683366054,0.0,0.0,0.0,0.0,False,962.0240468491495,1.887868056751469,1440,2023-03-21,0.396952411257658,0.761
190,5,234,895.2609805820321,8577.254922062039,8148.3921759589475,8182.221664070538,0.9958654886777094,33.829488111590436,0.10986964805442404,0.18869037815721823,0.9782648052303748,0.0,0.0,0.0,0.0,False,1003.4664562413834,2.556824890076051,1440,2023-09-28,0.41747176420743903,0.801
191,5,181,1055.5396992208755,6140.942064632162,5833.894961400575,5848.923373795926,0.9974305677412906,15.028412395351454,0.1809322427305867,0.17987770577860387,0.9938005197368371,0.0,0.0,0.0,0.0,False,743.9109409201983,1.972165222674616,1440,2023-02-07,0.42723700497736833,0.872
192,5,259,887.4380893262141,9371.660371413698,8903.077352843022,8928.656271472122,0.9971351883361411,25.57891862910248,0.09967767931869403,0.19765664062653238,0.9835035997790809,0.0,0.0,0.0,0.0,False,1434.1194764880402,2.494764345095305,1440,2023-03-16,0.4554431915373331,0.938
193,5,214,176.04455069285072,7472.23911576599,7098.627159977688,7135.498123759692,0.9948327414368968,36.870963782002775,0.024799802373816186,0.23281849682872316,0.9816300087522764,0.0,0.0,0.0,0.0,False,992.6508210020684,2.0067838118145085,1440,2023-11-04,0.4390116520885356,0.877
194,5,130,500.6538909650962,4791.660189364489,4552.077179896263,4569.83776708665,0.9961135191016398,17.760587190386563,0.10998361213561532,0.19199105227421903,0.9923541014824222,0.0,0.0,0.0,0.0,False,760.2596778449847,1.958645711269288,1440,2023-09-22,0.3468694120432417,0.817
195,5,159,737.4612867788571,6219.021343670397,5908.070276486866,5933.531830529551,0.9957088704046922,25.4615540426858,0.12482270052098568,0.19341337790730148,0.9979966558110654,0.0,0.0,0.0,0.0,False,775.5906883387638,1.555759565068208,1440,2023-10-25,0.3633764454132047,0.824
196,5,166,326.8048964150673,5796.299919951759,5506.4849239541945,5535.643599482066,0.9947325590956398,29.158675527872212,0.05934909491777731,0.21773714311657316,0.9810675420108271,0.0,0.0,0.0,0.0,False,844.621614311095,1.9745859142020172,1440,2023-10-10,0.3737822868210286,0.809
197,5,138,490.19748374510544,4656.870539184228,4424.027012224996,4444.102255718875,0.9954827224175489,20.07524349387942,0.11080345630588007,0.18170833425603436,0.9617006247792392,0.0,0.0,0.0,0.0,False,446.730208047691,3.2006378682584256,1440,2023-08-13,0.3277078193310614,0.773
198,5,210,1041.241575276638,7692.424204966477,7307.802994718151,7337.18078888555,0.9959960378498646,29.377794167398296,0.14248353110082668,0.19225873516929412,1.0007016220393208,0.0,0.0,0.0,0.0,False,797.2385088368845,1.462697246691973,1440,2023-01-26,0.37102620811947135,0.8
199,5,126,400.75450720537617,4932.629038455706,4685.997586532926,4705.125542187106,0.9959346556255143,19.12795565417906,0.08552170584916717,0.1834223077190611,0.9995970033164442,0.0,0.0,0.0,0.0,False,569.8716241121292,1.6400808200826953,1440,2023-01-04,0.3828571003825631,0.748
200,5,214,696.4866445534832,7950.124006218128,7552.617805907223,7579.0394250891795,0.9965138564796889,26.421619181956498,0.09221791204749318,0.18572642099894768,0.9626727493031902,0.0,0.0,0.0,0.0,False,1018.3298432067398,3.2540227730380504,1440,2023-08-01,0.41259083919759604,0.799
201,5,247,852.6061606638402,8759.041573063398,8321.089494410206,8349.05923259342,0.9966499533176116,27.969738183214744,0.10246328455385427,0.18253959766607136,0.961312709299152,0.0,0.0,0.0,0.0,False,871.7023678002546,3.4943132810605277,1440,2023-06-11,0.43202245998392463,0.788
202,5,224,446.5368301526398,7912.347272450584,7516.729908828049,7553.797054754432,0.9950929121264844,37.06714592638227,0.059405730359980494,0.22948711459013732,0.9947325674971864,0.0,0.0,0.0,0.0,False,953.6203746309461,1.564320889495614,1440,2023-10-20,0.45545178806201175,0.785
203,5,202,148.67379768039368,7637.978029444746,7256.079127972467,7316.390189103629,0.9917567188774344,60.31106113116097,0.020489550218278408,0.24680296825114426,0.9820045519469852,0.0,0.0,0.0,0.0,False,947.0780762626432,1.8019049414911876,1440,2023-12-23,0.36943635756202947,0.722
204,5,168,639.9943072982677,6443.798740089533,6121.608803085029,6151.006368232645,0.9952206901785303,29.397565147616866,0.10454675035355705,0.21416080127565634,0.9741792082330626,0.0,0.0,0.0,0.0,False,813.2470695335771,2.6545856415153573,1440,2023-05-12,0.26018898669527124,0.747
205,5,282,824.6255665957528,10122.746637653363,9616.609305770662,9681.106444878886,0.9933378339061295,64.49713910822426,0.0857501371196309,0.2275158136575195,0.9698594594726876,0.0,0.0,0.0,0.0,False,1190.0761129941307,2.802573132740136,1440,2023-08-12,0.24389581728415516,0.799
206,5,178,680.6131559301882,6144.037591986335,5836.835712387005,5858.216898774383,0.9963502228140697,21.38118638737824,0.11660652954233106,0.18607927992943554,0.9756806448607307,0.0,0.0,0.0,0.0,False,755.1371021386825,2.7831599278829144,1440,2023-09-08,0.20010446383228742,0.764
207,5,271,1511.971511001139,10082.086267076511,9577.981953722683,9614.580198969015,0.9961934640422203,36.59824524633271,0.1578590895562796,0.18247340262804398,0.995324850600951,0.0,0.0,0.0,0.0,False,856.2922122870668,1.5093405521752932,1440,2023-01-20,0.2569277912761062,0.79
208,5,200,695.4288786988263,7473.294580764032,7099.629851725824,7134.003936170574,0.9951816560864976,34.37408444475059,0.09795283602422977,0.1755910588997361,0.9980836361605951,0.0,0.0,0.0,0.0,False,726.0,1.7547889141165285,1440,2023-11-10,0.31119571316282035,0.765
209,5,189,690.3465977814042,6627.320089060718,6295.954084607657,6323.496083346385,0.9956444981738405,27.54199873872808,0.10964924275244683,0.19207463343216424,0.9869301573095351,0.0,0.0,0.0,0.0,False,582.2287538464819,1.988002128682282,1440,2023-05-01,0.3709716539294823,0.786
210,5,245,878.666409662342,9257.511265222347,8794.635701961175,8829.360270704281,0.9960671478251577,34.72456874310498,0.0999093583224149,0.18626911630065934,0.9653175638473178,0.0,0.0,0.0,0.0,False,926.1959248395985,3.1320344553304564,1440,2023-07-25,0.3829248108998617,0.831
211,5,296,980.2649198188583,10480.853348178485,9956.81068076957,10001.09625687423,0.9955719278199906,44.28557610466217,0.09845169816396397,0.18383467207912124,0.9902560522418236,0.0,0.0,0.0,0.0,False,958.2992581771961,1.8600453183470358,1440,2023-04-11,0.405946018350443,0.771
212,5,262,921.1668182987951,9305.580979726035,8840.301930739774,8882.634659828662,0.9952342147673442,42.33272908888717,0.10420083222448377,0.18476161359936902,0.977187854052374,0.0,0.0,0.0,0.0,False,980.4049566562483,1.872566809643192,1440,2023-09-29,0.43052702799433584,0.81
213,5,227,554.6097439247629,7987.845332049025,7588.453065446558,7632.0611034239755,0.9942862042918061,43.60803797741759,0.07308600832627352,0.19145157545889843,0.9934504992769099,0.0,0.0,0.0,0.0,False,921.2710226030221,1.396215384894428,1440,2023-12-18,0.4489144836849366,0.782
214,5,139,519.6418321604932,4804.674277346331,4564.440563479007,4578.87727643275,0.9968471063795382,14.436712953741948,0.11384567833312376,0.17658821656258636,1.0013261432125853,0.0,0.0,0.0,0.0,False,441.007967960616,1.3315023368890608,1440,2023-02-01,0.4493339533735075,0.789
215,5,258,813.5194833391026,9201.559640582056,8741.48165855291,8798.798218022359,0.9934858649955116,57.31655946944862,0.09306425559368788,0.1964284447233263,0.9652957820261895,0.0,0.0,0.0,0.0,False,1180.201421845007,2.7520982526931714,1440,2023-10-05,0.4835395078681215,0.82
216,5,262,1084.6506162103772,9198.517254671293,8738.591391937734,8786.483539454814,0.9945493385036205,47.89214751707949,0.12412190564386394,0.18691095933132704,0.9627366968403211,0.0,0.0,0.0,0.0,False,1033.6004985956358,2.7867805783288633,1440,2023-06-16,0.46743402727401856,0.816
217,5,193,476.19261956192116,6923.339269163998,6577.172305705813,6615.411301887199,0.9942197099414699,38.238996181385296,0.07240081260282867,0.19728151472912916,1.000259358965999,0.0,0.0,0.0,0.0,False,747.5110057088766,1.2746682454200244,1440,2023-11-22,0.47614256269456817,0.786
218,5,185,628.7495029670195,6626.37810959328,6295.059204113635,6322.762195523435,0.995618530232022,27.702991409801093,0.09987983950272465,0.1911093364595353,0.9528969206182368,0.0,0.0,0.0,0.0,False,790.0635075522664,3.624840308309908,1440,2023-07-19,0.46043009341938673,0.829
219,5,155,266.66219695718854,5881.45943276247,5587.386461124338,5622.739062669582,0.9937125658595902,35.35260154524426,0.04772574777358942,0.2254271663487862,0.9700868523820553,0.0,0.0,0.0,0.0,False,689.2392994881004,2.6371880958208607,1440,2023-10-14,0.46188344336937137,0.76
220,5,297,965.5230277382701,10453.022017448804,9930.37091657635,9994.985033392884,0.9935353463161115,64.61411681653314,0.09722930148828209,0.21174047378235675,0.9759181751465171,0.0,0.0,0.0,0.0,False,1165.6354015977847,2.0060323631143255,1440,2023-04-12,0.3862755392555678,0.802
221,5,151,475.87510855621827,5366.422973653743,5098.101824971055,5122.469062219438,0.9952430679517223,24.367237248381883,0.09334358647474054,0.17727898521034,0.9998854036482618,0.0,0.0,0.0,0.0,False,840.0310545856099,1.5199859664338606,1440,2023-12-13,0.35531291592155184,0.731
222,5,209,822.9932235332974,7258.614559643135,6895.683831660992,6940.514231112696,0.9935407668713163,44.83039945170407,0.11934903682135026,0.19865844518201284,0.9986385083808702,0.0,0.0,0.0,0.0,False,910.654890353828,1.609953803826901,1440,2023-10-26,0.40749414285225893,0.776
223,5,152,408.57100240906595,5614.969058036578,5334.22060513474,5356.432266040289,0.9958532732605675,22.21166090554836,0.07659432045532089,0.17740072742182747,1.0019847486818785,0.0,0.0,0.0,0.0,False,711.7165867111571,1.360315553172067,1440,2023-03-31,0.4022713902000437,0.761
224,5,262,97.24563487431658,9190.86050246259,8731.317477339435,8785.235727306426,0.9938626291154145,53.9182499669919,0.011137567168608878,0.2360739838846713,0.9847469639580084,0.0,0.0,0.0,0.0,False,1111.3111431044454,1.574254034374348,1440,2023-12-23,0.44599013077958793,0.838
225,5,229,730.9794592411218,8614.657496925496,8183.924622079235,8225.37015922599,0.9949612556827893,41.44553714675429,0.08931893840627858,0.19307554549062358,0.9675449629601689,0.0,0.0,0.0,0.0,False,1072.0224670079092,2.9354590620061662,1440,2023-05-15,0.3500802598307334,0.806
226,5,148,661.1240193076026,5044.370454778311,4792.151932039436,4809.440870280854,0.9964052082751964,17.28893824141816,0.13795973681206775,0.18018378493639509,0.9957123884863267,0.0,0.0,0.0,0.0,False,559.9936608101259,1.6692358969054033,1440,2023-04-03,0.36829515026402354,0.786
227,5,140,388.71278784723916,4794.537746412238,4554.810859091602,4584.716078286327,0.9934771927674303,29.90521919472532,0.08534114804599437,0.20914794343940707,0.999909488535469,0.0,0.0,0.0,0.0,False,554.4997439668945,1.1204926758279332,1440,2023-04-09,0.4122197465831386,0.826
228,5,137,685.7842501592165,4887.958452671831,4643.560530038258,4658.304275824325,0.9968349543282126,14.743745786067384,0.14768500285998565,0.17899278778846012,0.9934110308386951,0.0,0.0,0.0,0.0,False,475.29526624684405,1.811236609822955,1440,2023-03-05,0.38318087775983395,0.823
229,5,123,423.69336689396846,4279.404969079873,4065.434720625896,4093.7501935688156,0.9930832435776363,28.315472942919595,0.10421846518512996,0.19422666964954188,0.9587869585420736,0.0,0.0,0.0,0.0,False,526.9670661364831,3.321546648723912,1440,2023-09-02,0.42734148574385045,0.812
230,5,275,473.5851940440658,9649.307290742387,9166.84192620526,9220.648656339696,0.9941645395958731,53.8067301344374,0.05166285159671265,0.1976790931366614,0.9878232442293462,0.0,0.0,0.0,0.0,False,1202.5614716017626,1.8674800594295473,1440,2023-01-04,0.4294440985542067,0.856
231,5,270,980.9951842074836,9516.129459460766,9040.322986487714,9100.826044636256,0.9933519157654704,60.50305814854199,0.10851328936739829,0.18379219232598262,0.9535036260588652,0.0,0.0,0.0,0.0,False,1204.637043693314,3.499583241950275,1440,2023-06-27,0.4236469024739957,0.809
232,5,188,759.6949817863464,6341.363361839544,6024.295193747592,6062.87769488101,0.9936362725631107,38.582501133419086,0.12610520523210875,0.1988617753728949,0.9535796823224931,0.0,0.0,0.0,0.0,False,615.1163143333085,3.6313487377848674,1440,2023-08-24,0.4503707177770211,0.809
233,5,137,498.95430725501467,4888.2182199219715,4643.807308925858,4666.70757263132,0.9950928436485362,22.900263705461047,0.10744509280046462,0.18316722841953492,0.9789620876259799,0.0,0.0,0.0,0.0,False,532.7162681221962,2.0198623949331767,1440,2023-09-15,0.4386535985475897,0.764
234,5,170,600.5663690922196,6006.605051244949,5706.274798682728,5746.835478891372,0.9929420843249077,40.56068020864389,0.10524666096186922,0.19174079091394564,0.9925519079551971,0.0,0.0,0.0,0.0,False,726.9486219990365,1.6820616574457061,1440,2023-09-22,0.4646495450404597,0.887
235,5,201,566.7605661781441,6982.439130705744,6633.317174170466,6681.306630061071,0.9928173546661238,47.98945589060505,0.08544149952380661,0.19730777442073477,0.9933220485917998,0.0,0.0,0.0,0.0,False,844.7277070396524,1.3227317439029727,1440,2023-10-17,0.4669974252013549,0.829
236,5,217,818.7158324246788,7862.996442559777,7469.846620431804,7528.269879836411,0.9922394839269661,58.42325940460751,0.10960276348717744,0.19998633130905982,0.9506417765959813,0.0,0.0,0.0,0.0,False,953.0733777284609,3.5762857829886125,1440,2023-07-18,0.45676297689409817,0.812
237,5,208,846.46422205459,7080.796090016537,6726.756285515721,6785.258736716985,0.9913780073139008,58.50245120126414,0.12583542291806013,0.20017605436999858,0.993405844132056,0.0,0.0,0.0,0.0,False,883.5930149745375,1.5438798215266,1440,2023-01-18,0.4426832765285247,0.847
238,5,231,863.3749375322632,8151.637441520442,7744.055569444396,7810.017042106274,0.9915542472818869,65.96147266187825,0.11148873220110517,0.2057032895211207,0.9711909127599367,0.0,0.0,0.0,0.0,False,1098.8106226921082,2.6992533303246806,1440,2023-10-01,0.4309933227835008,0.85
239,5,232,843.618084317341,8381.602191550493,7962.522081972962,8022.135113587268,0.9925689319900212,59.61303161430699,0.10594860216805935,0.20471194857342997,0.9786011503277944,0.0,0.0,0.0,0.0,False,1090.9533823522916,2.2206386091665244,1440,2023-09-12,0.40919627797895686,0.892
240,5,233,361.64438752746895,8178.88630448611,7769.9419892617825,7802.253262943657,0.9958587253460055,32.311273681873956,0.04654402671567803,0.19301543772339735,0.9803047493444309,0.0,0.0,0.0,0.0,False,1020.0841761513414,1.6056649212970364,1440,2023-03-13,0.39370399479156987,0.833
241,5,211,838.6909819479531,7698.197802767839,7313.287912629434,7355.800708169645,0.9942205074298717,42.51279554021025,0.11468042718509745,0.19734242683493117,0.9530985298143798,0.0,0.0,0.0,0.0,False,830.6262035267232,3.631944515517721,1440,2023-08-28,0.40739172022556214,0.863
242,5,200,706.8360090054271,6924.859947204904,6578.616949844685,6631.025976796297,0.9920963924534446,52.40902695161155,0.10744446961942582,0.19668735068569151,0.9789202808285897,0.0,0.0,0.0,0.0,False,916.3574303581383,2.2793588532514217,1440,2023-09-12,0.40895540318563506,0.894
243,5,289,652.5487128493644,9917.622006260279,9421.740905947252,9489.635294554397,0.9928454164464987,67.89438860714517,0.06925988725050361,0.2047963655019148,0.9806353507492209,0.0,0.0,0.0,0.0,False,1244.4737949401465,1.713171942728218,1440,2023-03-22,0.411813149547736,0.826
244,5,268,972.3083974331024,9317.350499275086,8851.482974311328,8926.205345930386,0.9916288760202984,74.72237161905801,0.10984694883952494,0.20494625044244325,0.9887529270024258,0.0,0.0,0.0,0.0,False,1031.263922126285,1.9326305039933316,1440,2023-04-24,0.3960196957666298,0.908
245,5,255,752.2036582369778,8415.338252821388,7994.571340180337,8057.12231614007,0.9922365612056763,62.55097595973484,0.09408930463306242,0.20440178482675272,0.9656391358218814,0.0,0.0,0.0,0.0,False,940.550764526825,2.9932698919991556,1440,2023-07-24,0.3828078733504602,0.896
246,5,129,522.2832660267616,4373.203946404782,4154.543749084547,4179.274934599657,0.9940824219745956,24.73118551511055,0.12571374802391877,0.1972133478921635,1.0012430957077958,0.0,0.0,0.0,0.0,False,478.4331013851619,1.0067903831337992,1440,2023-10-22,0.3732161505307059,0.835
247,5,223,549.4757153759399,7836.694314572321,7444.859598843706,7478.723440146729,0.9954719757223222,33.86384130302423,0.07380605477923068,0.21437756591819723,0.9521374402087682,0.0,0.0,0.0,0.0,False,939.3843019714199,3.334814537996365,1440,2023-08-07,0.38149666613639066,0.817
248,5,279,1067.4379166247677,9881.10385322474,9387.048660563503,9460.734755065776,0.9922113771910984,73.68609450227395,0.11371390041997391,0.2053427690964544,0.9825088120545034,0.0,0.0,0.0,0.0,False,1183.2085157358902,1.6232307318463195,1440,2023-12-05,0.3496409206677544,0.851
249,5,231,849.3241816793752,8269.235481419264,7855.773707348303,7911.338059369701,0.9929766176588054,55.56435202139849,0.10811464450470563,0.19374078704913406,0.9864837908008539,0.0,0.0,0.0,0.0,False,998.427208713833,1.4450472030410833,1440,2023-02-16,0.3437657388458568,0.832
250,5,154,514.9974176121709,5128.547923775136,4872.120527586376,4894.425753412523,0.9954427287387912,22.305225826146287,0.10570293051992662,0.21180689622562998,0.9699002238392781,0.0,0.0,0.0,0.0,False,608.8979190674686,2.9038842838467973,1440,2023-05-24,0.36490291453998686,0.867
251,5,211,954.198763134399,7542.184399946906,7165.075179949541,7215.481377876404,0.9930141600695673,50.406197926862056,0.13317358704129031,0.19741793206743002,0.9727996034180213,0.0,0.0,0.0,0.0,False,1132.901415911585,2.6889158088688307,1440,2023-06-15,0.34147687009571837,0.868
252,5,219,904.7264980489855,7944.358799861485,7547.140859868412,7581.891056626292,0.9954166847692292,34.75019675788023,0.11987672084667568,0.20152014641854968,0.9736104838458836,0.0,0.0,0.0,0.0,False,1335.7089965936875,1.885534096996294,1440,2023-03-15,0.35452085908497194,0.884
253,5,294,811.3678638812224,10106.704582541626,9601.369353414568,9657.715775918712,0.9941656574068329,56.34642250414324,0.0845054318832837,0.2069298039670392,0.9659939143094477,0.0,0.0,0.0,0.0,False,1479.553849778655,2.933670634840972,1440,2023-05-22,0.3558551713829841,0.874
254,5,219,784.1703996520222,7842.273783797693,7450.160094607793,7480.832864243905,0.9958998188847772,30.67276963611169,0.10525550990771079,0.20222867691987179,0.9524748265855747,0.0,0.0,0.0,0.0,False,1298.0681450763136,3.6329381670767757,1440,2023-08-26,0.34467488441636496,0.849
255,5,161,425.95228287064265,5733.985847417266,5447.286555046376,5470.852356360439,0.9956924808459388,23.565801314063293,0.07819531404604366,0.21525567876989915,0.9640263523938223,0.0,0.0,0.0,0.0,False,828.2477268691063,2.781547761200171,1440,2023-10-03,0.3459617005008443,0.816
256,5,139,539.5385912519585,5196.297083184092,4936.482229024894,4954.615133742187,0.9963401991420477,18.132904717291606,0.10929616804445254,0.22197215525973488,0.983199162397986,0.0,0.0,0.0,0.0,False,796.5296019745077,1.9551263863347783,1440,2023-04-30,0.3175689653598726,0.825
257,5,244,735.0009063221925,9118.821006364864,8662.879956046572,8707.769638012094,0.9948448702903709,44.88968196552189,0.08484486799441009,0.2035587400007737,0.9724390077652706,0.0,0.0,0.0,0.0,False,1724.7532031358776,2.1912236713411164,1440,2023-04-09,0.27897992120646997,0.867
258,5,298,89.74731737166302,11042.551305341325,10490.42374007426,10545.760989118287,0.9947526547300733,55.337249044027345,0.008555166082454902,0.2076982370679804,0.9659445861019738,0.0,0.0,0.0,0.0,False,1849.24460504006,2.3865520341541875,1440,2023-12-23,0.28844026245342375,0.893
259,5,220,976.1123843190015,8043.921703512457,7641.725618336785,7672.482263617225,0.9959913044796093,30.75664528043862,0.12773455016191115,0.1968288415346849,0.9887935594736437,0.0,0.0,0.0,0.0,False,1150.4736198598182,1.6919104807818386,1440,2023-04-03,0.286516730049733,0.87
260,5,137,626.2281895918279,5058.854224158144,4805.911512950208,4822.472813062281,0.996565807469725,16.561300112071663,0.13030372862762193,0.21954296686696967,0.9903877216380405,0.0,0.0,0.0,0.0,False,663.9193625783948,1.4973304735693054,1440,2023-04-08,0.3090491322232962,0.819
261,5,127,592.5783523839333,4407.34898304937,4186.981533896849,4202.672615520537,0.9962664040102147,15.691081623687891,0.1415287714040661,0.2179108615809721,0.9832045326869747,0.0,0.0,0.0,0.0,False,502.50130808353424,2.1455235806590394,1440,2023-06-19,0.2761268298877719,0.806
262,5,261,770.3486868692509,9845.851077940953,9353.558524043916,9417.904492462745,0.9931676979236383,64.34596841882698,0.08235888885380047,0.22083996859068564,0.9509135971806101,0.0,0.0,0.0,0.0,False,1597.6753642051613,3.3718337160928047,1440,2023-08-08,0.25248407656949845,0.858
263,5,173,587.4307329958967,6154.906558438775,5847.161230516789,5869.7079116723735,0.9961588069636739,22.546681155583858,0.10046426117515797,0.22064171067797322,0.9894720573460494,0.0,0.0,0.0,0.0,False,798.6409791747296,1.5523820387465983,1440,2023-11-10,0.22608384006397558,0.808
264,5,207,353.86586897847707,7040.125600499577,6688.119320474603,6717.62906295348,0.9956071193865679,29.509742478876355,0.05290962257434217,0.22303959140300436,0.9955070341054353,0.0,0.0,0.0,0.0,False,944.8508429714167,1.3526158093694451,1440,2023-11-02,0.20436773273362602,0.815
265,5,287,1417.5458093883624,9849.211921012024,9356.751324961431,9417.518420295035,0.9935474407777479,60.767095333603024,0.15149978450391333,0.20487002373920693,0.9848095996905734,0.0,0.0,0.0,0.0,False,1329.1486093406822,1.659738000266505,1440,2023-01-27,0.1805675297041276,0.86
266,5,165,795.2021836167905,5541.227184802154,5264.165825562051,5278.204983243901,0.9973401643690577,14.03915768184831,0.15105948595984575,0.1967825127539844,0.9908756594663812,0.0,0.0,0.0,0.0,False,598.743897367696,1.568067477466226,1440,2023-11-29,0.20125691495392287,0.796
267,5,262,975.7886317763118,9972.937353059055,9474.290485406062,9542.917644624566,0.9928085768132809,68.62715921850607,0.10299332000421456,0.21502726324217666,0.9662709865595663,0.0,0.0,0.0,0.0,False,1411.3818014723008,2.41189215760893,1440,2023-09-28,0.23576182168354948,0.853
268,5,135,339.90222679512294,4695.222910739456,4460.461765202479,4485.471273153817,0.9944243299247009,25.00950795133691,0.0762033719124803,0.23253106209420513,0.9613490023632671,0.0,0.0,0.0,0.0,False,540.2467787642228,3.147521466045688,1440,2023-07-22,0.22247593283111894,0.786
269,5,122,605.5371968256597,4499.032760623951,4274.081122592753,4290.515237794258,0.9961696639469451,16.434115201504653,0.14167658017176973,0.20956964496005145,1.0024858417197529,0.0,0.0,0.0,0.0,False,462.3160473798946,1.341930182220588,1440,2023-11-29,0.17171231117000157,0.788
270,5,126,532.2714011803911,4574.665117879355,4345.93186198538,4357.296762646256,0.9973917542733597,11.36490066087577,0.12247578150873956,0.21292322505321026,0.9997929515573236,0.0,0.0,0.0,0.0,False,664.9572239447552,1.3601547426382177,1440,2023-03-06,0.1811380492882432,0.789
271,5,173,584.5963531426794,6204.858505808439,5894.615580518021,5918.636949740883,0.9959414018080778,24.02136922286325,0.09917463575992938,0.20635832004183186,0.9934820194664337,0.0,0.0,0.0,0.0,False,992.9162891260906,1.6964865307375852,1440,2023-11-12,0.18065460232522668,0.839
272,5,207,428.9622653786265,7405.262205892158,7034.999095597542,7071.421702441345,0.994849323321896,36.422606843803,0.06097545423240614,0.2116107355481889,0.9765799162288404,0.0,0.0,0.0,0.0,False,1171.3521176037607,2.476328830537806,1440,2023-10-03,0.19439271977775435,0.899
273,5,121,422.4710804790783,4596.298486036044,4366.483561734256,4375.926829301599,0.997841996007769,9.443267567342962,0.09675315949461254,0.20090085090032894,1.0001798666019321,0.0,0.0,0.0,0.0,False,553.9359787270935,1.4129394498622208,1440,2023-11-27,0.1932473628483815,0.807
274,5,230,920.2555696249452,8622.121787565187,8191.015698186883,8238.257381861687,0.9942655732292588,47.24168367480426,0.11234938419525282,0.2125507124334557,0.9802527132839199,0.0,0.0,0.0,0.0,False,1467.9011788935095,2.1235396031372638,1440,2023-04-28,0.21584778098515867,0.823
275,5,269,1448.7390415628806,8935.12395370785,8488.367756022459,8549.362938506398,0.9928655289379263,60.9951824839401,0.1706734537432131,0.1925877768055093,0.9851670823617867,0.0,0.0,0.0,0.0,False,1211.6203881774031,1.923715108692006,1440,2023-01-24,0.20767088450002882,0.842
276,5,211,673.3213853343882,7397.5888976297565,7027.709452748283,7061.69108907208,0.9951878897143513,33.981636323797176,0.09580950804263494,0.21422092638356593,0.9586384303014259,0.0,0.0,0.0,0.0,False,1152.285206577988,3.2541458139113955,1440,2023-07-26,0.24541843685313153,0.829
277,5,139,729.7352960503715,4928.585968633668,4682.156670202006,4693.585040193946,0.9975651085696601,11.428369991938794,0.15585452334274152,0.1907293698811731,0.9969612536117615,0.0,0.0,0.0,0.0,False,615.2487431764603,1.5528476164793297,1440,2023-02-08,0.2273125033447108,0.819
278,5,269,949.5942626744229,9216.138861252897,8755.331918190259,8815.559993990435,0.9931679807248509,60.22807580017578,0.10845896780926445,0.21697928732745667,0.9736334238014316,0.0,0.0,0.0,0.0,False,1430.6464970274678,2.454501568233629,1440,2023-09-09,0.26497271234917985,0.874
279,5,130,208.0118146610937,4354.8796792589155,4137.135695295983,4145.877522563867,0.9978914410229663,8.741827267883533,0.05027918588641118,0.20641591086444863,0.9963016988270315,0.0,0.0,0.0,0.0,False,411.35293009555176,1.5782676914395923,1440,2023-11-13,0.2365020968045583,0.794
280,5,212,815.4359881681082,7763.2462707275345,7375.083957191118,7409.127833140792,0.9954051439364567,34.043875949674565,0.11056633292601539,0.2066474883212894,0.9552577068604516,0.0,0.0,0.0,0.0,False,1071.7709602618843,3.4882306046458362,1440,2023-08-29,0.2366442370442564,0.845
281,5,297,685.4707163129428,10542.838534218567,10015.696607507674,10093.029943710042,0.9923379464210783,77.33333620236715,0.06843964460735764,0.2063551942256382,0.9794769655177346,0.0,0.0,0.0,0.0,False,1760.0225402038914,2.1652734647136644,1440,2023-03-22,0.23591610441490068,0.881
282,5,185,156.124742113074,6311.423130897465,5995.851974352593,6017.150382033247,0.9964603830171422,21.298407680655032,0.026038791948317187,0.2076224523265454,0.9975202696818806,0.0,0.0,0.0,0.0,False,608.1921696782333,1.6753317181396885,1440,2023-12-22,0.23565888561056686,0.854
283,5,200,719.2149285486939,7114.059228040142,6758.356266638135,6787.192531229981,0.9957513707679336,28.83626459184556,0.10641861721599637,0.2027364765800644,0.9516857524940537,0.0,0.0,0.0,0.0,False,1150.6953742164865,3.615954038949027,1440,2023-08-26,0.23228402012877666,0.878
284,5,165,560.2442928855061,6282.392690151656,5968.273055644066,6000.704267744358,0.9945954323603947,32.43121210029226,0.09387041907469285,0.19624865246126186,0.996312874542864,0.0,0.0,0.0,0.0,False,600.4779558319193,1.4490573821129573,1440,2023-12-13,0.24019645055659947,0.895
285,5,177,700.7583872981053,6280.414493728207,5966.393769041825,5989.223528199267,0.9961881938368218,22.829759157441963,0.11745091162674699,0.1954213046563023,0.9756187989094949,0.0,0.0,0.0,0.0,False,762.6001412824836,2.6924618066034434,1440,2023-05-10,0.2609871753371602,0.825
286,5,163,657.2081867317919,5842.904789540093,5550.759550063078,5570.111264942236,0.9965257938380951,19.35171487915745,0.11839968580954358,0.20347474780490132,0.9980379683625529,0.0,0.0,0.0,0.0,False,600.7171914404155,1.5403976729667002,1440,2023-11-16,0.27966885509970474,0.82
287,5,128,508.17410186860246,4462.308358178438,4239.192940269501,4248.95754531397,0.9977018821816102,9.764605044467762,0.11987520007435565,0.20132992021565355,0.9835467114843792,0.0,0.0,0.0,0.0,False,650.1617144354436,2.2251355497658563,1440,2023-03-10,0.27672288659257743,0.836
288,5,253,939.922341111492,9708.576230813966,9223.147419273288,9264.983656576394,0.9954844780245876,41.83623730310849,0.1019090662204281,0.19727449866399485,0.9810348024274893,0.0,0.0,0.0,0.0,False,1441.2193644244476,2.0348301372585715,1440,2023-11-12,0.27901823647243806,0.819
289,5,190,122.44178799283313,6970.233140058601,6621.72148305566,6650.837214882404,0.9956222456081782,29.115731826742618,0.01849092993508557,0.20447057126812657,0.9977609668839722,0.0,0.0,0.0,0.0,False,607.1242697404158,1.5249826062531704,1440,2023-12-27,0.2899127188567759,0.858
290,5,300,1061.599127360023,10599.255553930887,10069.292776234353,10136.347190190543,0.9933847556029768,67.05441395619093,0.10542936340729113,0.2014382276501073,0.9831290398533314,0.0,0.0,0.0,0.0,False,1367.0212308333787,2.2102365721338444,1440,2023-05-01,0.2825734164717501,0.838
291,5,186,780.2325570900261,6415.647252812258,6094.864890171614,6124.933286867454,0.9950908205383543,30.068396695840526,0.1280147421066223,0.1982092662484081,0.985131830388548,0.0,0.0,0.0,0.0,False,874.4272503573427,2.188133426883041,1440,2023-06-19,0.2833012191408665,0.805
292,5,261,413.0276965188172,9235.67294149375,8773.889294419047,8808.320304987144,0.9960910810034231,34.43101056809682,0.047074641890175045,0.202128701995719,0.9588916277176713,0.0,0.0,0.0,0.0,False,958.4833125250811,3.4117310925262894,1440,2023-07-14,0.2910767130474774,0.855
293,5,214,786.8359546736153,7882.323069273695,7488.206915809986,7517.080996238109,0.9961588706517099,28.874080428122443,0.10507668438119071,0.20586215660095086,0.9575606780238958,0.0,0.0,0.0,0.0,False,954.4908939418435,3.339066798598862,1440,2023-07-13,0.28856791442889623,0.926
294,5,233,787.8200967696675,8174.7238099694405,7765.987619470948,7803.105141867363,0.9952432369266355,37.11752239641513,0.10144493339062742,0.19636164529649655,0.9596099006231479,0.0,0.0,0.0,0.0,False,1517.3122709951176,3.1731801758451397,1440,2023-08-14,0.27805416757247364,0.897
295,5,121,527.0802475869219,4115.563538225324,3909.785361314065,3915.05592059889,0.9986537716467613,5.270559284824718,0.13481053277302468,0.19107828710202965,0.9440764523825869,3.4722222222222223,0.0,0.0,0.0,False,723.9429982633902,3.9513328895845823,1440,2023-08-28,0.29072621269231025,0.838
296,5,277,864.6593359795901,9609.800420731632,9129.31039969502,9202.237293777893,0.9920750908985815,72.92689408287184,0.09471244794223181,0.21792868065384075,0.9647955842316034,0.0,0.0,0.0,0.0,False,1279.8831085274667,3.016204431128913,1440,2023-07-24,0.3129333224609052,0.898
297,5,146,114.16221278295126,5334.827359677623,5068.085991693683,5085.8667083172295,0.9965038964559436,17.780716623546624,0.022525705556309995,0.1976028404233018,0.97058148960292,0.0,0.0,0.0,0.0,False,506.41752242338913,2.790628163123494,1440,2023-10-13,0.2707317104291047,0.862
298,5,293,1019.7069281314268,10687.647400261796,10153.265030248724,10221.913298792457,0.9932842055555448,68.6482685437345,0.1004314301944748,0.20756201460699314,0.9821775708701624,0.0,0.0,0.0,0.0,False,1440.6104343772222,1.9593821600727992,1440,2023-12-04,0.28180712728968493,0.858
299,5,157,804.0750367337787,5720.944288865771,5434.89707442249,5447.283084984139,0.9977262039867558,12.386010561650709,0.1479466907511251,0.19529052070909234,0.9976000422508814,0.0,0.0,0.0,0.0,False,580.2091525818886,1.2604951132859923,1440,2023-03-02,0.26837917684367846,0.813
300,5,258,967.7285259581289,8916.655673960604,8470.8228902626,8523.899681487796,0.9937731797406687,53.076791225196224,0.11424256397457613,0.21179057520499323,0.9923987568208732,0.0,0.0,0.0,0.0,False,1170.6114645808334,1.6896508001929142,1440,2023-03-06,0.2848695770268005,0.835
301,5,199,704.3854949695608,7091.8768467870805,6737.283004447685,6761.139032032487,0.9964715963579837,23.85602758480351,0.10455037950826077,0.21233128537059287,0.9729344345285535,0.0,0.0,0.0,0.0,False,994.1332902612746,2.747238626104771,1440,2023-05-12,0.2611722485220665,0.786
302,5,259,251.21769784518384,8961.895209215023,8513.800448754266,8541.047835099742,0.9968098309631868,27.247386345475217,0.029507116047327826,0.20229321207867515,0.9846951473379106,0.0,0.0,0.0,0.0,False,974.9196363794642,1.8403807596010058,1440,2023-12-28,0.2404082590854304,0.805
303,5,174,757.6348265961495,5853.225554997804,5560.564277247932,5573.277743128359,0.9977188529862696,12.713465880427343,0.13625142859981879,0.19921542031092648,0.9863336057370686,0.0,0.0,0.0,0.0,False,826.1801839421182,2.144952191933866,1440,2023-09-11,0.24576616817440675,0.793
304,5,166,533.0483125907466,5886.863934615411,5592.52073788465,5606.788729200987,0.9974552293647114,14.267991316337426,0.09531449905581757,0.19995216075166758,0.9482236093362576,0.9027777777777778,0.0,0.0,0.0,False,931.8754161322578,3.5975490060638866,1440,2023-05-26,0.25686286631908856,0.827
305,5,231,751.1472148630247,8320.373556204073,7904.354878393837,7955.44588786018,0.9935778572079402,51.09100946634319,0.09502954085680648,0.2211730394763799,0.9633694903640603,0.0,0.0,0.0,0.0,False,1014.563431079988,3.1258829649377233,1440,2023-07-13,0.26412178782762025,0.865
306,5,120,491.3080227486224,4077.558850573104,3873.6809080444464,3880.2952117700834,0.9982954122393642,6.614303725636466,0.12683234226348547,0.1999539989432838,0.995343010584237,0.0,0.0,0.0,0.0,False,719.9242095559839,1.502755586699331,1440,2023-11-26,0.22218433986625952,0.794
307,5,171,503.12278135396633,6488.0761937869265,6163.672384097628,6184.873584628992,0.9965720882987723,21.20120053136312,0.08162711286408263,0.21340215290971543,0.9946035734049719,0.0,0.0,0.0,0.0,False,766.4278916813597,1.586053464909458,1440,2023-11-19,0.2353185707228181,0.848
308,5,242,480.4778314433494,8474.533685523142,8050.807001246987,8097.7484404731695,0.9942031492369452,46.941439226182894,0.05968070422864792,0.21913533327214543,0.9884803498674382,0.0,0.0,0.0,0.0,False,932.750764750979,1.5697423322886235,1440,2023-01-11,0.2155699090364297,0.831
309,5,284,898.1895215171252,10118.54396001666,9612.616762015901,9678.6019841187,0.9931823601992238,65.98522210279923,0.09343860717159831,0.22131341398768398,0.9503178750474344,0.0,0.0,0.0,0.0,False,1577.1408923395234,3.388754154319258,1440,2023-08-09,0.18620121622636565,0.863
310,5,204,851.7860131013141,6993.834056168058,6644.142353359632,6680.775218185916,0.9945166745430134,36.632864826284276,0.12820104805108606,0.21910189123519416,0.9912644839997997,0.0,0.0,0.0,0.0,False,776.0924930721828,1.354339238785964,1440,2023-11-30,0.1568488137047454,0.794
311,5,294,1394.2548942311337,10303.462266171222,9788.289152862713,9826.869548252187,0.99607398925975,38.58039538947472,0.14244112249415575,0.21102291661834938,0.9721099406335303,0.0,0.0,0.0,0.0,False,1577.2310052000432,2.324785638021681,1440,2023-02-21,0.13727714718116713,0.826
312,5,172,701.176902747889,5704.560146161138,5419.33213885312,5430.865614103635,0.9978763099531384,11.533475250516757,0.1293843751928217,0.20503758386737972,0.9533391708786785,0.0,0.0,0.0,0.0,False,1065.6049116885342,3.5388805410068103,1440,2023-07-06,0.13884241228844557,0.808
313,5,130,643.9096903991342,4917.395607705854,4671.525827320568,4676.501048114351,0.9989361232377381,4.97522079378213,0.1378371252136391,0.19239166292971144,0.9968410022588949,0.0,0.0,0.0,0.0,False,693.8970074522003,1.4523029425125924,1440,2023-03-15,0.15301047723303257,0.827
314,5,243,1169.910417395808,9022.595831654246,8571.46604007152,8611.296773706872,0.9953745951763074,39.83073363535145,0.136488952056333,0.21244081962342454,0.9930511497073041,0.0,0.0,0.0,0.0,False,1024.588975423939,1.657576949995183,1440,2023-11-30,0.19254637210508674,0.898
315,5,157,773.7681268621245,5703.516787905692,5418.340948510391,5449.240797471639,0.9943295130258173,30.89984896124851,0.14280535946613854,0.21643590752064357,0.9994561246609627,0.0,0.0,0.0,0.0,False,553.2324893047827,1.3705840401013591,1440,2023-01-26,0.17944490229539012,0.844
316,5,296,996.4975754890479,10277.437121180132,9763.565265121104,9793.03014462594,0.9969912397828158,29.46487950483479,0.10206287851107919,0.21081621082740895,0.958764114553947,0.0,0.0,0.0,0.0,False,1427.0870652212493,3.109506051548545,1440,2023-09-30,0.15935273769771877,0.863
317,5,221,715.1820381741269,7317.975148293368,6952.0763908787285,6967.99933976373,0.9977148463843653,15.92294888500123,0.10287315586929696,0.20529054462474886,0.964912658587867,0.0,0.0,0.0,0.0,False,1195.7161491352977,2.798064298720893,1440,2023-09-30,0.15510152820332734,0.856
318,5,294,1143.3241889075978,10656.914609366973,10124.068878898594,10157.610784560442,0.9966978548033331,33.541905661847515,0.1129312929992611,0.20451142527507396,0.9812268173631804,0.0,0.0,0.0,0.0,False,1505.0500028670367,2.0816044861992666,1440,2023-03-09,0.163592499022429,0.843
319,5,259,646.3190768866158,9685.995806064213,9201.696015761023,9245.980316211031,0.9952104267005236,44.28430045001103,0.07023912502429719,0.20937746543654764,0.9786387502211132,0.0,0.0,0.0,0.0,False,1076.3258591617541,1.9556277325373923,1440,2023-01-14,0.17187376698324142,0.825
320,5,244,982.9215698883215,8388.532237140134,7969.105625283165,7997.061953908804,0.996504175059945,27.956328625639607,0.123341516113158,0.2036019703647197,0.9893145019829348,0.0,0.0,0.0,0.0,False,1349.353545631082,2.0005926326103545,1440,2023-03-15,0.16732461972482182,0.822
321,5,131,548.671501271937,4577.6572844827615,4348.774420258613,4354.6659838724545,0.9986470687681532,5.89156361384093,0.12616692618406927,0.19421222135360283,0.986359962528123,0.0,0.0,0.0,0.0,False,909.2871396301828,1.8575551218435813,1440,2023-02-18,0.17621129255787168,0.846
322,5,271,1046.4787480793889,9659.971168704562,9176.972610269295,9221.02050888784,0.995223099376464,44.04789861854206,0.11403311228240447,0.21668162706824684,0.9779862355227216,0.0,0.0,0.0,0.0,False,1378.736455538027,1.952065150530359,1440,2023-10-26,0.20426746758108857,0.951
323,5,153,428.87039195748554,5029.608402609649,4778.127982479164,4789.776507061798,0.9975680442364148,11.648524582633918,0.08975699134265618,0.1960595582212089,0.9548708982901462,0.0,0.0,0.0,0.0,False,894.4825660800207,3.0418074591650064,1440,2023-10-07,0.17644563367403282,0.836
324,5,135,310.2833604297943,5215.5961096738665,4954.816304190155,4965.74323144837,0.9977995384076619,10.926927258215585,0.06262257597065626,0.1958981481325118,0.9892425906733581,0.0,0.0,0.0,0.0,False,629.8986226385167,1.7613277174064272,1440,2023-12-20,0.19975374010081126,0.829
325,5,202,708.4700765048183,7339.67418636612,6972.690477047754,6998.461020478255,0.9963176842229894,25.77054343050047,0.1016064141721067,0.20530530874831995,0.946646750060374,1.7361111111111112,0.0,0.0,0.0,False,1020.9538902668307,3.586337157636776,1440,2023-08-09,0.21896042003074206,0.846
326,5,139,612.8507079984942,5463.5573525617565,5190.379484933648,5198.683304065749,0.9984027072536604,8.303819132101554,0.1180743546358111,0.19836289306402347,0.9918758668243127,0.0,0.0,0.0,0.0,False,744.4407838177914,1.4684258662021206,1440,2023-11-16,0.21336474518249277,0.818
327,5,241,695.0407800701792,8419.914414349665,7998.918693632193,8015.260838820175,0.9979611212265441,16.34214518798252,0.08689184209654358,0.20441522897958464,0.9522807492314952,0.0,0.0,0.0,0.0,False,1260.8024904102135,3.261118759481395,1440,2023-05-23,0.22424337515614448,0.858
328,5,297,826.2220560979565,10509.177499435205,9983.718624463492,10006.239251153413,0.9977493415733264,22.52062668991991,0.08275694530026444,0.20649160547901604,0.9468504963934674,0.9027777777777778,0.0,0.0,0.0,False,1464.883474210043,3.663394562189777,1440,2023-08-07,0.21941037867185198,0.9
329,5,283,906.1114772385497,10040.056146840312,9538.053339498289,9564.900825458797,0.9971931244818505,26.8474859605088,0.0949996236114792,0.19858234279688466,0.9624512542647763,0.0,0.0,0.0,0.0,False,1637.426675095396,2.4118381396910653,1440,2023-12-11,0.2106513729117181,0.93
330,5,287,842.8046928826037,9923.570150365296,9427.391642847044,9445.932780010517,0.9980371300965947,18.54113716347233,0.08939956297689985,0.19803867515214274,0.9595628248675253,0.0,0.0,0.0,0.0,False,1368.298122070777,3.0490388512941187,1440,2023-08-12,0.22111542906445586,0.875
331,5,276,1330.78041753242,9937.328568593179,9440.462140163525,9469.982485897417,0.996882745477317,29.52034573389396,0.14096560081214082,0.19259247207874933,0.9685385041297375,0.0,0.0,0.0,0.0,False,1855.4532497163555,2.487421256962356,1440,2023-02-22,0.23078080904747109,0.892
332,5,164,587.0069637434822,5879.040101417204,5585.088096346317,5593.026201996834,0.9985807136666581,7.938105650516521,0.10510254334707693,0.20255281166744396,0.9688887476518547,0.0,0.0,0.0,0.0,False,1061.1015855722867,2.6931636618230503,1440,2023-10-01,0.2508651361914113,0.877
333,5,263,610.5373591816768,9670.654660664057,9187.121927630862,9203.989349955209,0.9981673792001476,16.867422324346517,0.06645578060147937,0.20595492140833377,0.9673999047102789,0.0,0.0,0.0,0.0,False,1190.483092913019,2.5440840553783595,1440,2023-01-01,0.24489221022806312,0.879
334,5,165,650.0830919581812,6117.843314259996,5811.951148546977,5822.270200633238,0.9982276583307419,10.319052086261769,0.11185281420004811,0.18518162593317922,0.9710572748489739,0.0,0.0,0.0,0.0,False,1215.350531664543,2.621146440726023,1440,2023-09-28,0.23233148195701028,0.832
335,5,129,360.9836435697807,4724.539240856471,4488.31227881363,4497.827309842776,0.997884527267571,9.515031029145927,0.08042747945007014,0.1899236286453908,0.9843958422699509,0.0,0.0,0.0,0.0,False,567.8214490878739,2.013624094710361,1440,2023-10-10,0.2687250680888491,0.809
336,5,259,1248.4037704595705,9584.511354885957,9105.285787141725,9128.487582112099,0.9974583089737846,23.20179497037477,0.1371075877950517,0.19099303588162442,0.9790176662681307,0.0,0.0,0.0,0.0,False,1674.8073706957755,2.2404300372193693,1440,2023-03-02,0.28791134959518505,0.911
337,5,296,877.0519839228826,11021.663024860743,10470.579873617751,10487.621782870363,0.998375045400622,17.04190925261214,0.08376345861538682,0.19600804377070136,0.918246875687649,13.333333333333334,0.0,0.0,0.0,False,1884.816638686464,4.369295529963868,1440,2023-08-07,0.3013580270864587,0.875
338,5,266,857.0575520830326,10096.903843080574,9592.058650926585,9614.83154956196,0.9976314823075175,22.77289863537556,0.0893507414073455,0.19490409255046318,0.9542867698592252,0.0,0.0,0.0,0.0,False,1541.243561793513,3.248377000532559,1440,2023-10-07,0.3012819495349733,0.863
339,5,231,876.3904026402022,8543.160968841925,8116.002920399831,8132.998688860233,0.9979102703553019,16.995768460402246,0.10798300730490955,0.19580899609169544,0.957516248530376,0.0,0.0,0.0,0.0,False,1616.060922484309,3.066577259855957,1440,2023-05-06,0.3039045755507858,0.869
340,5,293,433.4386727613354,10319.540290200415,9803.56327569036,9834.390798773995,0.9968653347508339,30.82752308363396,0.04421236040125553,0.1953547335730854,0.9734235099830536,0.0,0.0,0.0,0.0,False,1770.6261914937086,2.31216430963066,1440,2023-11-05,0.30422143876814006,0.873
341,5,135,780.4027307416484,5074.439194380994,4820.717234661921,4828.896243953792,0.9983062362745707,8.179009291870383,0.1618851910936399,0.19694152558823402,0.9849478731010984,0.0,0.0,0.0,0.0,False,802.3624795618513,1.8456815354151268,1440,2023-01-19,0.3057065702043113,0.85
342,5,139,320.8431768334093,5069.873874831944,4816.380181090343,4822.300302421338,0.9987723449474887,5.920121330994836,0.0666150022984224,0.19043141470658212,0.9719070438725915,0.0,0.0,0.0,0.0,False,879.9626879574423,2.5928329466597004,1440,2023-05-20,0.3035566566405096,0.823
343,5,166,425.40855316094394,5918.8538322883405,5622.911140673909,5628.057471396487,0.9990855937863583,5.146330722577909,0.07565628239857948,0.19333088259101328,0.9442207538586902,2.9166666666666665,0.0,0.0,0.0,False,996.4151012047546,3.5547830757948233,1440,2023-05-29,0.31663739899377336,0.856
344,5,132,733.7260845645776,5162.890733021222,4904.746196370184,4908.375488761616,0.9992605919413172,3.6292923914318878,0.14959511770610684,0.18943862346527288,0.9601839672032886,0.0,0.0,0.0,0.0,False,895.4677294960443,3.1558268016699205,1440,2023-06-21,0.3210566194010851,0.817
345,5,232,552.6340270794021,8203.59673553999,7793.416898763001,7816.962132109985,0.9969879304838556,23.545233346984237,0.07091036374136718,0.1812442191035547,0.9731149889019945,0.0,0.0,0.0,0.0,False,1139.2826640634232,2.1662953680268098,1440,2023-12-10,0.3336830346302998,0.835
346,5,127,260.5751883674668,4540.214685968925,4313.203951670472,4324.838211166242,0.9973098971735562,11.634259495771184,0.06041337049840826,0.19168415359579383,0.9916349326707437,0.0,0.0,0.0,0.0,False,668.4485968761895,1.5762180453700694,1440,2023-10-21,0.3627496454542737,0.798
347,5,189,550.0589797237834,6372.6739526464735,6054.040255014117,6075.520588140185,0.9964644456693967,21.480333126068167,0.09085816356576254,0.19322437100922038,0.9819087743248827,0.0,0.0,0.0,0.0,False,1207.4841310089628,2.2028159245901406,1440,2023-03-31,0.36345087055073716,0.855
348,5,212,1047.1900982019863,8112.808842939343,7707.168400792405,7722.072779649752,0.9980698991990046,14.904378857346856,0.13587222229299162,0.182515772407804,0.9741369022631342,0.0,0.0,0.0,0.0,False,1609.639765044079,2.4488151768928876,1440,2023-01-17,0.36096215376790847,0.858
349,5,200,542.9079071152809,6829.162000320992,6487.7039003049085,6499.546108986295,0.9981779945117993,11.842208681385477,0.08368259640976607,0.1747265621195734,0.9872624824884939,0.0,0.0,0.0,0.0,False,1135.8936559144124,1.7731378791443206,1440,2023-10-19,0.3834043086443713,0.832
350,5,227,778.3628914503181,7638.326176832443,7256.409867990837,7296.79325129017,0.9944655985295742,40.383383299332095,0.10726556322070492,0.18731970783644464,0.9267773970921811,5.833333333333333,0.0,0.0,0.0,False,1415.5133704057498,3.89119272098454,1440,2023-08-14,0.4197579670736703,0.904
351,5,265,1252.5057933817895,9368.717925291327,8900.282029026752,8913.840829008854,0.99847890485794,13.55879998210022,0.14072652858605553,0.18140224902357627,0.969202354845275,0.0,0.0,0.0,0.0,False,1497.8166185617447,1.9576177401437898,1440,2023-01-21,0.4217699878481705,0.869
352,5,280,814.0049454342958,10165.682454258644,9657.398331545804,9673.98535729789,0.9982853989189086,16.587025752086923,0.08428822313100165,0.1794235776817608,0.9231397193206902,8.333333333333334,0.0,0.0,0.0,False,1731.7358777001486,4.006779959412395,1440,2023-10-04,0.43732790140490224,0.9
353,5,269,1232.3072218539482,9616.340840147017,9135.523798139644,9146.732324177874,0.9987745868534272,11.2085260382297,0.13489179702042864,0.17903324220413067,0.9545876359859063,0.0,0.0,0.0,0.0,False,1609.1838783180579,2.600613388338446,1440,2023-01-02,0.4551561303181937,0.851
354,5,256,1248.5013389167202,8543.527529001545,8116.351152551495,8139.295795231868,0.9971810039519863,22.944642680373484,0.15382544636751397,0.1830997053299354,0.9755995792977701,0.0,0.0,0.0,0.0,False,1715.9392807290988,2.1872956961890075,1440,2023-02-05,0.4713257893894066,0.879
355,5,218,349.24930980596287,7775.609826090775,7386.829334786201,7414.362244994634,0.9962865436974002,27.532910208433997,0.04728000255282347,0.19213666754635325,0.9424388938045244,1.0416666666666667,0.0,0.0,0.0,False,1046.8602844923735,3.668057669047491,1440,2023-08-02,0.47616031250310964,0.882
356,5,227,837.4068288583134,8444.080309105108,8021.876293649862,8042.056371742733,0.997490681840558,20.18007809287199,0.10439039424245507,0.20448869324575408,0.9492277235462219,0.3472222222222222,0.0,0.0,0.0,False,1197.3507959842245,3.3542151886955334,1440,2023-08-04,0.4605397807406352,0.906
357,5,263,522.2120848022374,9786.596377182083,9297.266558323015,9333.12396906639,0.9961580483809902,35.85741074337547,0.05616834598925718,0.19689759794252834,0.941832375966166,1.0416666666666667,0.0,0.0,0.0,False,1518.3364866450408,3.2774206640504477,1440,2023-11-05,0.42064446412968615,0.852
358,5,204,724.4343144579544,7301.374133605335,6936.305426925055,6956.548321347029,0.9970900950461515,20.24289442197253,0.10444094800754825,0.19736440555442936,0.9377607040445614,7.916666666666667,0.0,0.0,0.0,False,1291.7437507631707,3.8267090805225052,1440,2023-05-17,0.4055837406108971,0.822
359,5,193,933.9144275739682,6829.323994158363,6487.857794450418,6496.893347924899,0.9986092501460921,9.035553474481556,0.14394804219858512,0.1877007608764356,0.9736874868109205,0.0,0.0,0.0,0.0,False,1267.5406177658901,2.1607155930045967,1440,2023-01-30,0.39263996477196217,0.812
360,5,269,1181.4984855957298,9914.787813285551,9419.048422621236,9438.786475019191,0.9979088357968268,19.738052397955876,0.12543713893201638,0.18092833915994555,0.9563508305629789,0.0,0.0,0.0,0.0,False,1926.590414519981,2.840796152273125,1440,2023-04-03,0.40415992434857867,0.835
361,5,296,1480.6906495684902,10563.516562912964,10035.340734767244,10050.05806940664,0.998535597054489,14.717334639393385,0.14754762082354275,0.17408050955153684,0.9588965292686293,0.0,0.0,0.0,0.0,False,1838.549409129845,2.468553290100871,1440,2023-01-27,0.42922880282815273,0.863
362,5,188,823.0177893628692,7280.498568513107,6916.473640087472,6929.641801728358,0.9980997341539931,13.168161640885831,0.11899384457893496,0.19779721563003647,0.9802938941558742,0.0,0.0,0.0,0.0,False,1288.7283200842671,2.1160411677948594,1440,2023-02-18,0.46564510527273434,0.847
363,5,229,164.0122710542324,8235.97067700981,7824.1721431593705,7871.219508560294,0.9940228619784065,47.04736540092414,0.020962252370383672,0.2030683260910664,0.9540155140692764,0.0,0.0,0.0,0.0,False,770.0629530903975,2.9759513155063773,1440,2023-10-13,0.44271153307419864,0.86
364,5,128,654.9844968685056,4864.6444964978755,4621.41227167299,4626.883421623928,0.9988175301920578,5.471149950938936,0.1417282117164145,0.19294672333237015,0.9954375297342701,0.0,0.0,0.0,0.0,False,724.3813378935752,1.4589330961550702,1440,2023-02-26,0.41261481599655087,0.833
365,5,295,1592.7558893189196,10648.340791622146,10115.923752041013,10134.183886004177,0.9981981643348329,18.260133963164108,0.15745036522221328,0.18243593390653548,0.9705489224767918,0.0,0.0,0.0,0.0,False,1799.4559984362286,2.37293665694867,1440,2023-01-20,0.4111576322369459,0.876
366,5,266,631.0405133684168,9627.008898468914,9145.658453545431,9176.297363198872,0.9966610814317858,30.638909653442777,0.06899891534040241,0.18281730511679986,0.9610695376708784,0.0,0.0,0.0,0.0,False,1215.031915094126,2.3180219043624,1440,2023-01-11,0.43399382527077146,0.854
367,5,127,594.2746248369792,4612.814031546117,4382.173329968832,4385.291321910931,0.9992889886410692,3.11799194210001,0.13561184829747616,0.19608045086231307,0.9936248509527432,0.0,0.0,0.0,0.0,False,645.0783282772561,1.648387912521305,1440,2023-03-20,0.4522828977794102,0.792
368,5,188,949.1802681335547,6691.214300406953,6356.653585386599,6370.044157116058,0.9978978840021854,13.390571729458415,0.14932074799791492,0.19674985040140855,0.9730151695161401,0.0,0.0,0.0,0.0,False,1078.6223223348625,2.3684010022697963,1440,2023-09-11,0.43793121260307655,0.815
369,5,279,1111.477123766489,10031.899006701855,9530.304056366827,9560.903063183505,0.9967995693906252,30.59900681667778,0.11662556799790183,0.19566246670075157,0.9765027310382137,0.0,0.0,0.0,0.0,False,1561.8392510675958,2.12006809855245,1440,2023-10-22,0.4251396929559291,0.838
370,5,234,359.5804245128663,7993.676553487147,7593.99272581281,7626.213569409778,0.9957749880325655,32.220843596967455,0.047350641157531424,0.18923783689146878,0.9816095071277922,0.0,0.0,0.0,0.0,False,779.4378186346602,1.6256785463802605,1440,2023-11-03,0.4175155980446189,0.864
371,5,221,862.6805275900313,7669.805158145591,7286.314900238312,7308.749317265565,0.9969304711307779,22.434417027254124,0.11839737087973179,0.20665138251388368,0.9501648971380522,0.0,0.0,0.0,0.0,False,934.3959254696815,3.51315027676937,1440,2023-06-25,0.4260886158514195,0.857
372,5,141,206.80288711517625,5078.492996238891,4824.568346426948,4843.95196076676,0.9959983884033516,19.383614339812038,0.0428645367348425,0.20474490005576101,0.9914584490422043,0.0,0.0,0.0,0.0,False,584.2517662432485,1.4565116447350959,1440,2023-12-20,0.394304660601853,0.874
373,5,249,1049.3976404123828,9062.687009375386,8609.552658906578,8622.316302927415,0.9985196966137158,12.763644020837704,0.12188759183983636,0.1981709081028718,0.9831091554820046,0.0,0.0,0.0,0.0,False,1223.5699637538576,1.8649886157514364,1440,2023-03-09,0.37283451280728164,0.866
374,5,233,765.4921518019405,8619.897470727597,8188.902597191158,8210.721848321686,0.9973425903917342,21.819251130528194,0.09347921076317464,0.18926786419370312,0.9369187852268762,10.76388888888889,0.0,0.0,0.0,False,1162.4345764698419,3.9458459046203167,1440,2023-06-01,0.37021263146283717,0.854
375,5,154,576.4252182713515,5235.699502828663,4973.914527687238,4980.644789925599,0.9986487166778135,6.730262238361853,0.11588965091030157,0.21283654118963793,0.9635533107646516,0.0,0.0,0.0,0.0,False,684.9811213943287,2.8266461034584434,1440,2023-10-05,0.38823842977776757,0.835
376,5,206,734.6614158806041,7214.884696176613,6854.14046136778,6871.9996092401125,0.9974011715820938,17.859147872333708,0.10718505405913414,0.2047066451332213,0.9810823168111339,0.0,0.0,0.0,0.0,False,1045.0032007761172,1.9799176008768327,1440,2023-04-09,0.3501661519791734,0.827
377,5,219,631.4006185849613,7666.657454386464,7283.3245816671515,7301.002430809078,0.9975787093197875,17.677849141926806,0.08669126461482426,0.19475008017706177,0.9908231102046325,0.0,0.0,0.0,0.0,False,1125.027218730595,1.5522321008832287,1440,2023-10-17,0.3373587688077536,0.839
378,5,221,885.4683594963082,8073.9924895644635,7670.292865086218,7689.86824934391,0.9974543927642242,19.57538425769251,0.11544127128793212,0.2082476828875567,0.9707985585554789,0.0,0.0,0.0,0.0,False,1128.2186670888582,2.2351234721181115,1440,2023-09-22,0.3492798011653156,0.869
379,5,172,409.7054508631898,6431.9077728613065,6110.31238421827,6134.632170365097,0.9960356569927191,24.319786146827635,0.06705147382012383,0.2095283332331792,0.9965736818471462,0.0,0.0,0.0,0.0,False,632.768658982943,1.276037509168795,1440,2023-10-20,0.3287095169438985,0.841
380,5,212,801.2976948938965,7608.417576600068,7227.996697770104,7244.927955115007,0.9976630192253397,16.931257344902075,0.11086027407028332,0.20387682751367073,0.9331256921365663,13.055555555555555,0.0,0.0,0.0,False,1030.6812872017772,4.059758497735003,1440,2023-08-27,0.30895944214473636,0.861
381,5,139,551.2774740290387,4840.955732052542,4598.9079454499215,4613.699119087394,0.9967940749373361,14.791173637472781,0.1198713869831778,0.21125286222020698,0.9969801396158477,0.0,0.0,0.0,0.0,False,477.01599069100234,1.3660416790342678,1440,2023-11-17,0.3053988535126418,0.842
382,5,225,894.4745095058013,7814.79381183202,7424.054121240393,7444.348424926451,0.9972738643427671,20.29430368605812,0.12048329590522364,0.20220019297834466,0.9791961856115691,0.0,0.0,0.0,0.0,False,885.2623908174287,2.054057672206325,1440,2023-04-15,0.28576046314157605,0.846
383,5,120,613.1232348355861,4222.148447980174,4011.0410255811594,4014.7847280210076,0.9990675210021301,3.7437024398483434,0.15285887901053088,0.20683224588228136,0.9845540357975477,0.0,0.0,0.0,0.0,False,513.5775227594852,2.0905960676634057,1440,2023-01-02,0.2898556135279033,0.837
384,5,124,204.90261938429717,4647.060626562051,4414.707595233937,4432.159805109566,0.9960623689932143,17.452209875629734,0.04641363328468401,0.2043178552308122,0.9664258346013257,0.0,0.0,0.0,0.0,False,508.0304098176449,2.9747579016910746,1440,2023-09-18,0.2825996051541903,0.837
385,5,284,879.3403103939941,10276.482701896595,9762.658566801776,9784.099742422131,0.9978085693947507,21.4411756203568,0.09007180824537059,0.2018315204845217,0.9759599765341394,0.0,0.0,0.0,0.0,False,1167.366744064226,1.9649645849527215,1440,2023-10-17,0.28211056512691146,0.896
386,5,269,1042.4828427822831,10103.900713193365,9598.705677533679,9618.89212928664,0.9979013745573152,20.186451752959783,0.10860660570333706,0.19935396279628348,0.9692683419421236,0.0,0.0,0.0,0.0,False,1337.5275748494753,2.464316957510894,1440,2023-04-30,0.2870976935227014,0.857
387,5,241,159.17265032142035,8703.249518950992,8268.087043003461,8306.714342409017,0.9953498702599717,38.6272994055576,0.01925144830884598,0.18166799752299023,0.9445166914731081,2.0833333333333335,0.0,0.0,0.0,False,931.3828826191277,3.1628529002391845,1440,2023-10-13,0.2965703250136433,0.866
388,5,206,675.1951351621516,7139.681548313118,6782.69747089741,6800.677887086878,0.9973560847186118,17.980416189469224,0.09954669776430665,0.18839478833645856,0.9422883753171252,2.8472222222222223,0.0,0.0,0.0,False,888.4143392315339,3.6818461556672695,1440,2023-06-11,0.3439741539314924,0.843
389,5,157,765.5897398440403,5471.628028645724,5198.046627213454,5208.095693335823,0.9980704912670426,10.049066122368425,0.14728412320042122,0.19622524405621725,0.984321187640841,0.0,0.0,0.0,0.0,False,742.6719107860422,1.849870595001101,1440,2023-01-17,0.36767853785931837,0.884
390,5,197,556.5058821994506,6949.507940885004,6602.032543840762,6624.069943379178,0.9966731330244417,22.03739953841614,0.08429311405297933,0.19633173114013097,0.9517591595877639,0.0,0.0,0.0,0.0,False,797.0538050394529,3.445030218121286,1440,2023-07-31,0.36960378021529927,0.876
391,5,166,698.8537664238538,5810.67013461142,5520.136627880855,5535.734755347838,0.9971822841670811,15.598127466982515,0.12660080964194165,0.20766554038743248,0.991521502286924,0.0,0.0,0.0,0.0,False,715.2485019315413,1.5074603324083706,1440,2023-10-25,0.37109311595846717,0.884
392,5,154,568.7776939678254,5795.925876980659,5506.129583131618,5519.647359414634,0.9975509710307926,13.517776283015587,0.10329900257166347,0.19855603993582085,0.955224028983271,0.0,0.0,0.0,0.0,False,695.5729116625266,3.3072845597483798,1440,2023-06-12,0.34696692718956657,0.867
393,5,204,837.8494049239889,7004.2983736728875,6654.0834549892825,6670.693955852863,0.9975099291058007,16.610500863582,0.12591507314140507,0.19966010479968258,0.9768702952861091,0.0,0.0,0.0,0.0,False,899.7950280768864,2.093474415727897,1440,2023-10-11,0.3477790751712006,0.902
394,5,215,692.0131999890622,7581.873532655675,7202.779856022909,7217.935435048492,0.9979002889175219,15.15557902558222,0.09607585041078356,0.2074282242853306,0.9404454703436723,7.430555555555555,0.0,0.0,0.0,False,797.746786036515,3.8664980759328422,1440,2023-07-17,0.34601684561602797,0.868
395,5,268,990.9799319865089,9776.54725467264,9287.719891939007,9307.794405548128,0.9978432577327713,20.074513609120157,0.10669787025409753,0.20781097868600984,0.9635595528642131,0.0,0.0,0.0,0.0,False,1229.7659527205062,2.7927754341328983,1440,2023-10-08,0.32714578788919774,0.86
396,5,216,904.4747022897362,7787.85029492066,7398.457780174636,7417.109374417413,0.9974853284074374,18.651594242776262,0.12225178938148737,0.19750710930047619,0.9351073024624108,9.86111111111111,0.0,0.0,0.0,False,1062.2912913798602,4.028779530045635,1440,2023-08-28,0.3108163330919386,0.908
397,5,141,640.9557595019187,5065.122565474032,4811.866437200302,4818.952237438947,0.9985295973295617,7.085800238646146,0.13320314848033216,0.19720288041007997,0.9946181823597431,0.0,0.0,0.0,0.0,False,685.6163987014553,1.464110154957503,1440,2023-04-07,0.32054592643728164,0.84
398,5,141,401.68905035926826,4988.673775693206,4739.2400869085195,4757.19174239259,0.9962264175050801,17.951655484069473,0.08475811374673282,0.20197824563682779,1.0002333968263357,0.0,0.0,0.0,0.0,False,566.5432204671831,1.26175458530678,1440,2023-11-09,0.32913876065192366,0.84
399,5,295,1025.7606580835886,10902.865128545875,10357.721872118636,10380.801781292923,0.9977766737424966,23.07990917428704,0.0990334236377572,0.21126505096610895,0.9633504102010654,0.0,0.0,0.0,0.0,False,1485.6093838432985,2.676847027071479,1440,2023-11-07,0.32540831224295075,0.87
400,5,146,433.50584967249614,5143.7223659435,4886.536247646316,4891.820726441787,0.998919731713203,5.2844787954705446,0.08871434236905572,0.19732207527215823,0.9585362571898902,0.0,0.0,0.0,0.0,False,646.9556245989968,3.175311036084083,1440,2023-08-08,0.30142972924304834,0.877
401,5,290,1321.3546629739014,10753.86248145343,10216.169357380688,10231.675076688618,0.9984845375569776,15.505719307930418,0.12933954173530676,0.19023525569658642,0.9659750869840235,0.0,0.0,0.0,0.0,False,1598.8929314282793,2.5902180422433507,1440,2023-04-03,0.31305530560621014,0.852
402,5,235,1057.0171838563901,8783.026312608974,8343.874996978546,8358.320759854088,0.998271690774907,14.445762875541535,0.1266818096195297,0.19981711101442337,0.9350595715523407,14.444444444444445,0.0,0.0,0.0,False,1454.0118101493176,4.0088157433654485,1440,2023-06-22,0.33843500697816825,0.847
403,5,164,883.2677443955351,5940.564221677343,5643.536010593465,5649.7121257903655,0.9989068265675508,6.176115196899819,0.15650963203522683,0.19518824554291547,0.9757550561537343,0.0,0.0,0.0,0.0,False,897.7932182796585,2.120239869605526,1440,2023-02-22,0.33766783082577223,0.819
404,5,197,1100.3834945503204,7096.823946345433,6741.982749028161,6748.29227282299,0.9990650191871152,6.309523794828518,0.16321363247465112,0.1944614561625475,0.9879733677118049,0.0,0.0,0.0,0.0,False,1137.8589774425204,1.761558401340539,1440,2023-01-20,0.34747818166402705,0.895
405,5,235,1194.418239416758,8274.978916821265,7861.229970980268,7871.193881132741,0.9987341297517323,9.963910152473524,0.1519378320982789,0.19206907756540634,0.980550081983892,0.0,0.0,0.0,0.0,False,1552.837106321871,2.461799246228309,1440,2023-01-21,0.35720232616331304,0.854
406,5,228,920.5702439488032,8094.466592760496,7689.743263122466,7697.147401585481,0.9990380672115633,7.404138463015858,0.11971404147698426,0.19350283200588855,0.9370386721285002,12.63888888888889,0.0,0.0,0.0,False,1560.6763161140907,4.183512268881499,1440,2023-06-26,0.3706414207981821,0.878
407,5,185,638.5222098809352,6438.792250683032,6116.852638148842,6117.965726090281,0.9998180624097496,1.1130879414400003,0.10438737822433021,0.1853394833147755,0.9462928874960123,1.25,0.0,0.0,0.0,False,1353.8578800230562,3.72402673660233,1440,2023-07-24,0.37856329513672204,0.803
408,5,190,724.6943758552012,6927.062893576043,6580.709748897245,6584.732571968205,0.9993890681167394,4.022823070960333,0.1101240448990538,0.18818932047350334,0.9404636117577144,10.13888888888889,0.0,0.0,0.0,False,1380.1525894894407,4.041721770442076,1440,2023-08-27,0.40359318756226387,0.834
409,5,246,447.36911791941816,7998.926498990769,7598.9801740412295,7612.079445385252,0.9982791467905706,13.099271344023173,0.058872257549462965,0.196466151261736,0.9431792697461758,6.180555555555555,0.0,0.0,0.0,False,1018.908631120576,3.7422642432881936,1440,2023-05-28,0.417937993729821,0.868
410,5,234,470.0514272676981,8400.002959195099,7980.0028112353775,7982.413730918721,0.9996979710943815,2.410919683343209,0.058903666876644854,0.1929735856223913,0.9722563938290971,0.0,0.0,0.0,0.0,False,1168.376192309694,2.5258311986848065,1440,2023-11-13,0.411381503366668,0.866
411,5,135,568.849554979506,5227.38690326049,4966.01755809748,4967.152896097502,0.9997714308329599,1.135338000021675,0.11454843812462007,0.18079727630991843,0.9910963593365671,0.0,0.0,0.0,0.0,False,1116.1984524023217,1.868041842212115,1440,2023-10-22,0.41417127620158445,0.836
412,5,250,1008.9861299527159,9504.479232992595,9029.25527134292,9044.886495474335,0.998271816441341,15.631224131415829,0.11174632897521897,0.20271108229733809,0.967166986463723,0.0,0.0,0.0,0.0,False,1390.1014851718703,2.7921741240983273,1440,2023-04-23,0.444151111141462,0.887
413,5,205,503.293685449453,6858.277851105158,6515.363958549903,6522.109491753441,0.9989657436429016,6.745533203537335,0.0772472096188881,0.2011666928290962,0.9809735572809961,0.0,0.0,0.0,0.0,False,1009.2440428744858,2.087639093011725,1440,2023-12-19,0.4197890518061739,0.853
414,5,273,760.7286597100693,9702.421918179625,9217.300822270658,9225.637885572189,0.9990963157881397,8.337063301531884,0.08253269307127441,0.20525063310436717,0.9487366307508506,0.1388888888888889,0.0,0.0,0.0,False,1285.2142945634223,3.329976241497553,1440,2023-05-21,0.4036387265266207,0.874
415,5,226,915.3181548338376,8116.2390221372025,7710.427071030363,7713.7040074781635,0.9995751799077818,3.276936447800325,0.11871173235953084,0.19686977304577316,0.9719478323779178,0.0,0.0,0.0,0.0,False,1182.7681083770908,2.4663938541384587,1440,2023-09-22,0.38147126604216364,0.864
416,5,216,992.7646745384752,7916.922171399684,7521.076062829707,7525.329733926982,0.9994347528616456,4.253671097275522,0.13199769105445802,0.20142022742987378,0.9800320729790014,0.0,0.0,0.0,0.0,False,1239.3730264394985,2.1832204474045085,1440,2023-03-03,0.3823317011312162,0.855
417,5,233,927.8106510701391,8106.764236130693,7701.426024324135,7704.096975076717,0.9996533077450579,2.6709507525807394,0.12047257847309678,0.1984036685924979,0.9765505857693452,0.0,0.0,0.0,0.0,False,1307.4732375612593,2.472143010549005,1440,2023-10-26,0.3729380381859432,0.851
418,5,189,612.9161156726775,6968.926389277494,6620.480069813675,6622.289332233377,0.9997267920006311,1.80926241970133,0.09257880232391172,0.18688858406316103,0.9953767252070587,0.0,0.0,0.0,0.0,False,895.1883367078515,1.6416048274126658,1440,2023-03-12,0.37213935384232677,0.881
419,5,245,1076.8648841285285,8882.577678211837,8438.448794301194,8445.710974959517,0.9991401338880936,7.262180658323563,0.12761408054709966,0.19925317329132697,0.9731750143173763,0.0,0.0,0.0,0.0,False,1276.7300381706032,2.386396746031366,1440,2023-11-25,0.39748916312881677,0.868
420,5,174,562.4583828275249,6259.988714507894,5946.9892787825165,5963.240770806361,0.9972747214730276,16.25149202384462,0.09457867779150812,0.2014615123346709,0.951467632805519,0.0,0.0,0.0,0.0,False,1050.3390173096163,3.638051733280705,1440,2023-05-27,0.3906042555914774,0.864
421,5,281,875.3816994836283,10447.059010080322,9924.706059576292,9934.05671654634,0.9990587272413622,9.350656970049437,0.08820227966741417,0.2051674953672452,0.9812559579489013,0.0,0.0,0.0,0.0,False,1269.184499988246,2.1088147896577976,1440,2023-11-23,0.3801649080495156,0.916
422,5,247,764.7312162472265,8780.97849214378,8341.929567536612,8351.407234201602,0.9988651413589106,9.477666664989176,0.0916731806539399,0.2028192305560683,0.9745146724919942,0.0,0.0,0.0,0.0,False,1266.9177529245458,2.4530150910348856,1440,2023-12-12,0.3634018925759204,0.868
423,5,163,282.50180466710924,6104.062876977105,5798.859733128278,5807.457488664027,0.9985195319031553,8.597755535749503,0.048716785310947607,0.19294906548544905,0.9520649434500092,0.0,0.0,0.0,0.0,False,711.1754653747369,3.4819015552320716,1440,2023-08-02,0.3550167012538301,0.869
424,5,279,1551.7813750577086,10187.323150592269,9677.956993062642,9684.497347710545,0.9993246572937057,6.540354647902992,0.16034183414640685,0.19463227484145668,0.9679093465164494,0.0,0.0,0.0,0.0,False,1401.4018065290013,2.747799583922662,1440,2023-02-21,0.3703754580772478,0.849
425,5,147,426.0533995335494,4983.748349932558,4734.560932435925,4742.002483860642,0.9984307154097779,7.441551424716434,0.08998794304551183,0.1858717413966752,0.9625886028682361,0.0,0.0,0.0,0.0,False,887.6611559153484,2.935280165122011,1440,2023-10-04,0.3792277892106923,0.863
426,5,286,901.2664472439826,10412.325496516403,9891.709221690595,9903.674045518812,0.9987918802887469,11.964823828216604,0.09111331793575983,0.19717878744174064,0.9698854404348248,0.0,0.0,0.0,0.0,False,1415.077803019587,2.501137410378341,1440,2023-03-31,0.40628924062613336,0.846
427,5,190,1199.5298660379106,6601.729147878402,6271.642690484444,6278.890041441884,0.9988457592170581,7.247350957438917,0.19126246905900415,0.1837231613148364,0.977200286934223,0.0,0.0,0.0,0.0,False,1018.6615351307655,2.3739078252908166,1440,2023-02-07,0.40320396108725526,0.827
428,5,186,625.2197469461753,6464.769555489328,6141.531077714883,6146.896378525679,0.9991271528783957,5.365300810795714,0.1018019348977722,0.1825905048948606,0.9749664846290591,0.0,0.0,0.0,0.0,False,1330.8110693266044,2.5279762313156007,1440,2023-03-26,0.4311519568696003,0.819
429,5,222,1019.1765112228056,7640.65088736118,7258.618342993135,7265.118671020797,0.9991052688439089,6.50032802766203,0.14040916095370046,0.1894886768962554,0.9331731277171759,7.222222222222222,0.0,0.0,0.0,False,1262.8274066989336,4.286083458472368,1440,2023-07-06,0.45687267237468004,0.841
430,5,123,494.4214664036532,4400.023107506828,4180.021952131497,4182.322867311785,0.9994498475480524,2.30091518028702,0.1182820262825499,0.17968513991717006,0.9966447526013691,0.0,0.0,0.0,0.0,False,910.9439366392007,1.5562219264139232,1440,2023-04-20,0.4627988325308625,0.827
431,5,293,1220.622242000822,10578.704141444196,10049.768934372005,10053.2429677865,0.9996544365409622,3.474033414494903,0.12145774196121824,0.18297806878871808,0.929906685744785,17.22222222222222,0.0,0.0,0.0,False,1607.9887235319743,4.562788924778004,1440,2023-08-31,0.49012328501393776,0.877
432,5,273,794.2846845332581,9368.177155810728,8899.768298020188,8906.887512264308,0.9992007068423939,7.11921424411884,0.08924779364311675,0.1819708886455363,0.9576924208803727,0.0,0.0,0.0,0.0,False,1528.9865002181507,2.9538523615318346,1440,2023-04-01,0.5055895000435563,0.866
433,5,248,1125.2614033075245,8839.80437300655,8397.814154356245,8402.201150746501,0.9994778753434311,4.386996390254584,0.13399455889647324,0.18331589887563682,0.9676586350025265,0.0,0.0,0.0,0.0,False,1472.123721566013,2.7333587095553282,1440,2023-04-26,0.5210797239499743,0.847
434,5,138,526.6402452368383,5032.73330395566,4781.096638757894,4784.311248341435,0.9993280935506327,3.2146095835421398,0.11015051253464245,0.17665258729399805,0.9503972437235009,0.0,0.0,0.0,0.0,False,738.0073139673209,3.412541765126693,1440,2023-08-14,0.5313470856251057,0.862
435,5,253,1104.5702921221446,9007.51408478647,8557.13838054721,8563.304535687937,0.9992799327508406,6.1661551407249275,0.12908173772591366,0.1892584879554797,0.9732445867377413,0.0,0.0,0.0,0.0,False,1166.9724694446159,2.525788341922076,1440,2023-04-26,0.5553876310801162,0.866
436,5,188,783.1115535945097,6962.930600362239,6614.7840703441525,6620.295688446208,0.9991674664756025,5.511618102056175,0.11838807514600641,0.1868663055930777,0.9955786077245823,0.0,0.0,0.0,0.0,False,895.7148589632707,1.6390962364000214,1440,2023-10-22,0.5474241615910911,0.851
437,5,296,1136.5185019638614,9911.751083623383,9416.163529442194,9430.093041630165,0.9985228658798511,13.929512187971408,0.12069867928803779,0.18717351399677565,0.9582496019027045,0.0,0.0,0.0,0.0,False,1440.0530358341903,3.348611590712273,1440,2023-04-24,0.5469728719175014,0.842
438,5,260,1433.3356455819226,9698.10176757323,9213.196679194658,9216.979476793604,0.9995895838101332,3.7827975989467966,0.15557419378864415,0.18567240582783195,0.9758767112928707,0.0,0.0,0.0,0.0,False,1427.1230798365546,2.364277841842146,1440,2023-01-21,0.5465773059906553,0.827
439,5,168,654.8660393069792,5897.0897537635765,5602.235266075371,5607.222408776146,0.9991105858949042,4.987142700774429,0.11689370549511814,0.18345931698904305,0.9696896234854264,0.0,0.0,0.0,0.0,False,710.4376023538501,2.5729060001488095,1440,2023-04-24,0.5502796709294631,0.858
440,5,156,809.7986182016995,5684.108943021702,5399.903495870658,5401.625963776591,0.9996811204778925,1.7224679059313877,0.14996538712607696,0.18579434691753405,0.9969287716311781,0.0,0.0,0.0,0.0,False,729.790795711574,1.6046951028283776,1440,2023-11-29,0.5589373924763927,0.822
441,5,166,561.5008168585442,5940.960385420234,5643.912366149218,5645.690153893757,0.9996851071000924,1.777787744539296,0.0994878694832837,0.17861246370228792,0.9397688486308389,1.0416666666666667,0.0,0.0,0.0,False,852.6990675162692,3.482872491458936,1440,2023-06-08,0.5614367865253796,0.855
442,5,225,1146.132507611495,7958.21346935642,7560.302795888574,7566.256852082867,0.9992130777066266,5.954056194293453,0.15159875716020024,0.18702432541726519,0.9791685604569298,0.0,0.0,0.0,0.0,False,1259.6483890094828,1.9994854012703467,1440,2023-10-16,0.5803058216529962,0.833
443,5,196,1142.6510452802195,7306.2401378081295,6940.928130917735,6946.929178230608,0.9991361582709554,6.00104731287439,0.16462510830365523,0.18846520131096198,0.9850048368648443,0.0,0.0,0.0,0.0,False,1072.9553067307809,2.0449778995723924,1440,2023-02-05,0.5775437377112761,0.838
444,5,201,731.5378480112557,6878.504350949029,6534.57913340161,6543.261397792621,0.9986730983429853,8.68226439101222,0.11194873198060878,0.18861682788129783,0.9675144262695092,0.0,0.0,0.0,0.0,False,1098.979473502949,2.7784363527041,1440,2023-11-07,0.5727408835262191,0.829
445,5,173,669.026322261788,6107.332809133558,5801.96616867687,5806.606406879697,0.9992008691690677,4.6402382028259,0.11531027634626115,0.18500330457232278,0.9791583688827169,0.0,0.0,0.0,0.0,False,870.8819906005141,2.2177538635172644,1440,2023-11-06,0.5691341803293697,0.829
446,5,277,1461.3533194303218,9966.510915274861,9468.185369511077,9474.545821692349,0.9993286799915295,6.3604521812736134,0.1543435476174865,0.17955244091496447,0.9700600050944745,0.0,0.0,0.0,0.0,False,1476.3912171228017,2.3022285465903307,1440,2023-02-23,0.5749484038230191,0.878
447,5,237,1440.4409455618927,7805.02286531458,7414.77172204888,7422.55361603912,0.9989515880392666,7.781893990239257,0.19426639140872487,0.18909960253320476,0.9805302460012351,0.0,0.0,0.0,0.0,False,1058.854074366063,2.2485796541323673,1440,2023-02-07,0.5926140606183787,0.891
448,5,132,516.1982791061457,4952.227535493856,4704.616158719127,4706.395964946187,0.999621832450921,1.7798062270588604,0.10972165670720418,0.18386099815407783,0.9491947057100042,0.1388888888888889,0.0,0.0,0.0,False,717.4440861705351,3.6622623136087054,1440,2023-07-28,0.5862878503678776,0.948
449,5,292,1214.7957909390855,10771.29620795949,10232.73139756151,10242.016657817525,0.999093414845315,9.285260256016558,0.11871666945431351,0.1834505753394004,0.9400132538482657,6.111111111111111,0.0,0.0,0.0,False,1463.0434277979964,3.793451244238064,1440,2023-05-24,0.593558761893852,0.978
450,5,120,445.54977692895255,4228.75970028612,4017.3217152718207,4018.1708671262168,0.9997886720394736,0.8491518543952203,0.11090716863307166,0.18414214592549433,0.983967563984939,0.0,0.0,0.0,0.0,False,598.3745381565931,1.9401107502297381,1440,2023-04-27,0.6011058925399518,0.874
451,5,147,567.9516464239954,4982.445869910543,4733.323576415002,4740.516572236906,0.9984826556953666,7.192995821903592,0.11999003179371891,0.19458352654861444,0.9937147942392383,0.0,0.0,0.0,0.0,False,772.6222872775783,1.607768394286775,1440,2023-11-20,0.6064150344711503,0.85
452,5,151,657.422839990533,5451.147055227055,5178.589702465673,5184.550386140819,0.9988502988241604,5.960683675145246,0.12695016940181905,0.19194603985216818,0.9509057733682937,0.0,0.0,0.0,0.0,False,820.9523285234377,3.8369577468853415,1440,2023-08-29,0.5879621343178141,0.87
453,5,213,253.95162337902008,7245.694471508885,6883.409747933436,6894.390966301998,0.9984072243041865,10.981218368561757,0.03689328874476235,0.18841405316612495,0.9762510528430999,0.0,0.0,0.0,0.0,False,908.4537515183922,1.9809635824347949,1440,2023-12-22,0.5794049829347185,0.858
454,5,269,1230.6217847806793,9824.722117786036,9333.486011896695,9346.281194962352,0.9986309867209481,12.795183065655676,0.13185017722339734,0.19034119206255504,0.959076134699277,0.0,0.0,0.0,0.0,False,1422.6655917160506,3.071976174423374,1440,2023-09-26,0.580908929879231,0.925
455,5,242,734.3910513896991,8393.694369821917,7974.009651330824,7983.11581237217,0.9988593224430952,9.106161041345297,0.09209808910466176,0.20184001773239876,0.9436200603729843,3.0555555555555554,0.0,0.0,0.0,False,904.5378869946942,4.184172557984903,1440,2023-06-06,0.578355322259567,0.895
456,5,135,425.77299267392175,4766.657199652631,4528.324339669965,4532.996696577378,0.998969256494067,4.6723569074137234,0.09402440301017684,0.20359046176266887,0.9620928841082151,0.0,0.0,0.0,0.0,False,682.1597900173504,3.0135561375746804,1440,2023-05-23,0.5509230188035596,0.864
457,5,209,1152.8609002395744,7440.598863667292,7068.5689204839555,7079.111229144964,0.9985107864081008,10.542308661008011,0.16309678991722174,0.1964086534591434,0.9861534442547953,0.0,0.0,0.0,0.0,False,1015.6302260514783,2.0196423221386754,1440,2023-02-04,0.5249466760840261,0.846
458,5,221,1224.5042148711648,7804.655061959277,7414.422308861302,7423.951376477971,0.9987164426147965,9.529067616670627,0.1651516684459295,0.19975894115012516,0.9848406965033882,0.0,0.0,0.0,0.0,False,1077.0631721947414,2.038254190248199,1440,2023-02-04,0.5201451475031982,0.874
459,5,285,1137.942412828518,9854.617049874247,9361.886197380572,9371.9122955272,0.9989301971859668,10.026098146627685,0.1215505496260904,0.1902989854609859,0.960915782182137,0.0,0.0,0.0,0.0,False,1430.2822680844279,2.5057445752330363,1440,2023-04-11,0.5089453446608696,0.847
460,5,160,908.8616855955814,6272.9613680584725,5959.313299655535,5968.034199114149,0.9985387316547368,8.720899458614152,0.15251114346482106,0.18432932790471163,0.9950913733529491,0.0,0.0,0.0,0.0,False,782.7742944195768,1.5885496150556546,1440,2023-03-02,0.5212824556300639,0.831
461,5,253,1157.4441522361194,9200.523009388135,8740.496858918708,8746.169147487382,0.9993514545084801,5.672288568675247,0.13242315293038243,0.18153784067382633,0.9385852915819907,9.444444444444445,0.0,0.0,0.0,False,1453.057426939387,4.091524033381473,1440,2023-07-06,0.545068924633987,0.882
462,5,199,791.6552008165431,7455.5477777249025,7082.770388838653,7089.105705881593,0.9991063305717555,6.335317042939668,0.11177197019743416,0.18045574433393471,0.972155968856892,0.0,0.0,0.0,0.0,False,1120.2275760433176,2.3810964795943472,1440,2023-04-30,0.571162479711382,0.841
463,5,279,1188.526321254978,10301.25255026203,9786.189922748985,9799.787859031934,0.9986124254444532,13.59793628294819,0.12144934143288276,0.17766921882817,0.9601624728153635,0.0,0.0,0.0,0.0,False,1666.1781882838288,2.680878450012414,1440,2023-12-02,0.5953951485043627,0.868
464,5,266,1438.111251264204,9497.33383994791,9022.467147950567,9031.232086864515,0.9990294858077342,8.764938913949212,0.15939224024671209,0.17981895524394853,0.9681358471155367,0.0,0.0,0.0,0.0,False,1395.5176299944123,2.4618128564329247,1440,2023-11-29,0.6220281787100213,0.851
465,5,140,678.3748840240019,5228.717037887291,4967.281185992894,4971.923992338452,0.9990661952289069,4.642806345557813,0.13656864965424817,0.191940439848946,0.9978771343225007,0.0,0.0,0.0,0.0,False,763.7525184382106,1.5084680890780946,1440,2023-11-28,0.6396142349976379,0.835
466,5,168,861.0444875206324,6052.7193452113415,5750.083377950785,5757.761350423002,0.998666500397476,7.677972472216905,0.14974469601995433,0.19898238177705227,0.9799081924551473,0.0,0.0,0.0,0.0,False,815.674678148722,2.3617684989888454,1440,2023-01-02,0.6274187919042895,0.832
467,5,155,284.69815761894125,5692.1692501141315,5407.560787608457,5414.479159375809,0.9987222461175472,6.918371767352425,0.052648165929328666,0.1982886878410941,0.9872796427974827,0.0,0.0,0.0,0.0,False,735.9587663196103,1.7077982614486054,1440,2023-10-21,0.6022210460989244,0.829
468,5,151,224.722257507734,5273.118908884404,5009.462963440168,5023.647642414895,0.9971764184145868,14.18467897472642,0.044859550644009476,0.18199061027065233,0.9886385724177345,0.0,0.0,0.0,0.0,False,614.1708177750286,1.6166952089449538,1440,2023-12-29,0.5836745417216854,0.851
469,5,131,376.16070751744434,4810.729706681891,4570.193221347781,4572.548974423524,0.9994848052828041,2.3557530757424647,0.08230739693025757,0.18256290660859592,0.9960261232683277,0.0,0.0,0.0,0.0,False,572.7912681466647,1.584892521147473,1440,2023-12-15,0.6055935783613337,0.857
470,5,272,573.1795198276413,9798.45849072276,9308.535566186642,9314.895528533625,0.9993172266583665,6.3599623469825985,0.06157569208949712,0.19113793028170453,0.9639407264000042,0.0,0.0,0.0,0.0,False,1422.6705664396286,2.4288017415154464,1440,2023-12-20,0.6227416103991466,0.866
471,5,270,731.2504241404481,9469.7312627094,8996.244699573926,9004.067088625496,0.9991312382532721,7.8223890515719825,0.08128396331583566,0.19601732914142656,0.975044871687968,0.0,0.0,0.0,0.0,False,1295.1029481780442,2.1941959190997444,1440,2023-01-11,0.6180380874344726,0.845
472,5,198,740.712695927013,7087.766513352306,6733.378187684668,6747.724924081969,0.9978738409525114,14.346736397301207,0.11000610321900152,0.20270794121272087,0.9656766781797357,0.0,0.0,0.0,0.0,False,850.03580419034,2.852384790596601,1440,2023-05-07,0.6037397251142737,0.839
473,5,294,1038.808067984581,10886.114229545941,10341.808518068674,10359.434095265198,0.9982985965223158,17.62557719652408,0.10044742814273046,0.1774366562067228,0.9360752152007602,4.583333333333333,0.0,0.0,0.0,False,1638.568682526884,3.608550335235448,1440,2023-08-12,0.5774462916406311,0.88
474,5,256,954.5305070700015,8973.4119613442,8524.741363276948,8534.488772543895,0.9988578801230245,9.747409266947177,0.11197178499537208,0.18529960841939583,0.9690492718796834,0.0,0.0,0.0,0.0,False,1278.2336099498714,2.469058352775687,1440,2023-04-11,0.6131365390645765,0.844
475,5,122,475.0878709056449,4410.682873230109,4190.14872956861,4202.800727718375,0.9969896269251306,12.651998149766152,0.11338210206074398,0.2075754563748716,0.956928139750147,0.0,0.0,0.0,0.0,False,568.5923181545345,3.4486116983087847,1440,2023-09-02,0.6251252617148825,0.83
476,5,242,692.4481615886859,8396.066573205399,7976.263244545142,7992.471085241431,0.9979721114379484,16.2078406962882,0.08681360436069381,0.1864034345057311,0.9586601828611578,0.0,0.0,0.0,0.0,False,1162.2688611447982,3.149219232047018,1440,2023-05-21,0.585330601514337,0.884
477,5,262,456.5333524532299,9549.971085553463,9072.47253127586,9088.256190828199,0.9982632906444399,15.78365955233835,0.05032072027547133,0.1982288341534995,0.9652440758666226,0.0,0.0,0.0,0.0,False,1352.8335605085117,2.307019085440202,1440,2023-10-21,0.600753149740723,0.931
478,5,244,1102.1716901009845,8719.418983116877,8283.44803396095,8298.665078198701,0.9981663262591803,15.217044237749317,0.13305711408850981,0.19392347415224068,0.9730529602739606,0.0,0.0,0.0,0.0,False,1358.868090203393,2.183356661960701,1440,2023-02-20,0.5871638673890663,0.938
479,5,251,1305.52815365348,8531.612193605575,8105.031583925347,8121.202318779768,0.9980088250212623,16.170734854419884,0.1610762574007392,0.19400982776296008,0.9790210836582196,0.0,0.0,0.0,0.0,False,1184.2225288952945,2.150347565419887,1440,2023-02-08,0.5860680598028987,0.864
480,5,218,760.0807081660778,7498.039095874524,7123.137141080782,7143.994263870652,0.9970804675900498,20.857122789868395,0.10670589279862608,0.20218353123139604,0.9887584421200613,0.0,0.0,0.0,0.0,False,721.916727497101,1.9420822721245699,1440,2023-12-11,0.5853009444022337,0.893
481,5,284,1223.6044720061166,10086.881491962258,9582.537417364212,9600.400847822195,0.9981393036873002,17.86343045798135,0.12769107165591254,0.19142568665645998,0.9744515651622326,0.0,0.0,0.0,0.0,False,1208.8061142997917,2.051014249323794,1440,2023-10-25,0.5665959278895727,0.871
482,5,294,781.4579710449397,10288.590908955635,9774.161363507872,9801.673355811381,0.9971931331207649,27.511992303509743,0.07995140881984379,0.1924693480802571,0.9180471313620899,12.152777777777779,0.0,0.0,0.0,False,1425.6781375684861,4.44170332196135,1440,2023-06-03,0.5757278884114803,0.905
483,5,168,892.6905620991762,6290.98076759423,5976.431729214584,5988.894444497011,0.9979190290632224,12.462715282426984,0.14936848650599285,0.1948376834765772,0.9953140263572369,0.0,0.0,0.0,0.0,False,791.7352845227026,1.5820369200525723,1440,2023-11-30,0.5811139342926399,0.852
484,5,169,757.8375238556105,6080.714582214585,5776.6788531038055,5782.01690888381,0.9990767830907235,5.338055780005668,0.13118913879874505,0.18997063957464064,0.9470043469719103,2.0833333333333335,0.0,0.0,0.0,False,769.5405617672902,3.830288139149979,1440,2023-07-18,0.5804705489518345,0.867
485,5,249,765.3993575796338,8781.169048761752,8342.11059632369,8368.702359792067,0.9968224747009597,26.591763468377348,0.09175128389174558,0.19326508254889455,0.9803091966776811,0.0,0.0,0.0,0.0,False,1140.8578537422384,2.1394197856998267,1440,2023-12-12,0.5911648052847185,0.886
486,5,162,427.4721184122436,5357.145689608813,5089.28840512834,5099.0288380594575,0.9980897474322141,9.74043293111629,0.08399447710243566,0.18907637737031735,0.9553785550644942,0.0,0.0,0.0,0.0,False,708.1182059408175,3.600489904362258,1440,2023-08-08,0.5928091816802225,0.863
487,5,162,842.8338494623317,5839.182702851497,5547.223567708916,5553.49066916858,0.9988715022977427,6.267101459663552,0.15193796305030383,0.18530711525544064,0.9812469029364169,0.0,0.0,0.0,0.0,False,833.744991735407,2.2713213252562823,1440,2023-03-05,0.6038860153209795,0.847
488,5,229,886.2795542580042,8082.601067461583,7678.471014088484,7690.142360764066,0.9984822977094506,11.671346675582457,0.11542396300407406,0.18832016273300423,0.9415173465933203,1.4583333333333333,0.0,0.0,0.0,False,1012.6777993760658,3.904488564208035,1440,2023-06-26,0.621774503123542,0.892
489,5,133,615.1373318033685,5061.307138603421,4808.241781673234,4817.2513824272855,0.9981297216942181,9.009600754051814,0.1279339433694836,0.2018473285307568,0.9734190032210647,0.0,0.0,0.0,0.0,False,666.9692953647764,2.4121409894858656,1440,2023-09-28,0.6300405807783018,0.845
490,5,148,621.2232506770704,5771.472405874274,5482.898785580603,5493.1632212257255,0.9981314162292756,10.264435645121207,0.11330197309328718,0.19202282055479516,0.9550785041922261,0.0,0.0,0.0,0.0,False,638.3503763249398,3.4779978775432014,1440,2023-08-14,0.6068013117205162,0.857
491,5,254,892.4979399894854,8984.51925038015,8535.293287861132,8551.140334118965,0.998146791464221,15.84704625783337,0.1045655854918065,0.19024021153920803,0.9446097603177764,2.2222222222222223,0.0,0.0,0.0,False,1250.1308837965043,3.777050590172945,1440,2023-07-25,0.6102226729936636,0.9
492,5,236,899.0247859953125,8775.437415550523,8336.665544773023,8359.59646546892,0.9972569344955085,22.930920695897868,0.10783985289646038,0.19144440452161796,0.9834852328713856,0.0,0.0,0.0,0.0,False,1106.9036486995878,2.288711686198374,1440,2023-11-06,0.6173694912695128,0.937
493,5,127,499.97353560063044,4670.013384962601,4436.512715714502,4441.594371605498,0.9988558937476409,5.0816558909961245,0.11269516569392038,0.18591598978049673,0.9571135377448953,0.0,0.0,0.0,0.0,False,668.8857898554802,3.3370447328379305,1440,2023-06-12,0.6208655011028094,0.854
494,5,251,1321.505699734769,8872.33215147393,8428.715543900176,8449.944621606524,0.9974876666467062,21.22907770634754,0.15678613103643493,0.18179542769471138,0.9927130875706973,0.0,0.0,0.0,0.0,False,1101.1492136983293,1.9613386588160908,1440,2023-03-14,0.6365290219108886,0.862
495,5,246,736.2306046923813,9091.764391468356,8637.176171894956,8678.752974238707,0.9952093575578008,41.57680234375174,0.0852397346123433,0.18571593352286733,0.9562174962240431,0.0,0.0,0.0,0.0,False,1095.8856657915617,3.6541906854121846,1440,2023-06-02,0.6590353037613441,0.895
496,5,217,887.603195154798,7583.817442325121,7204.6265702088585,7219.123177242154,0.9979919158217171,14.496607033295906,0.12319905639870891,0.17824731599479632,0.986545459948022,0.0,0.0,0.0,0.0,False,1063.7601040933348,2.290141788739856,1440,2023-07-09,0.6691294197436221,0.877
497,5,171,644.3947666291023,6406.279545780045,6085.965568491005,6093.833371770511,0.9987088909723142,7.867803279505493,0.10588209206528222,0.17971251435280686,0.9515887911168379,0.0,0.0,0.0,0.0,False,874.0907881070508,3.4710126033539073,1440,2023-07-28,0.6947233052914608,0.893
498,5,155,559.5776608148925,5586.23608247747,5306.924278353654,5310.177974272556,0.999387271776075,3.2536959189026256,0.10544293294278698,0.18356086250998682,0.956604562754367,0.0,0.0,0.0,0.0,False,812.5481200117495,3.46433205135221,1440,2023-07-05,0.7129893516244683,0.858
499,5,208,997.3107565744807,7700.683630289726,7315.649448775264,7333.232920043265,0.9976022210858814,17.583471268000046,0.1363256623431353,0.1808406678274257,0.9731651836200458,0.0,0.0,0.0,0.0,False,796.6002681504594,2.374776011217305,1440,2023-10-12,0.719957779619579,0.915
500,5,152,522.4897751331788,5736.800432643219,5449.960411011001,5469.699226911836,0.9963912429035007,19.738815900834734,0.09587037991643937,0.18628192841435384,0.9992022525244496,0.0,0.0,0.0,0.0,False,800.9288000201532,1.401832554621624,1440,2023-11-27,0.7324749169259308,0.849
501,5,281,1035.329911924981,9596.094450123508,9116.289727617394,9153.60681401025,0.9959232369107508,37.317086392858236,0.11356921980973192,0.18542647143499078,0.9768469972249585,0.0,0.0,0.0,0.0,False,1090.2913308410318,2.57833549178917,1440,2023-09-09,0.7312037570590526,0.892
502,5,281,775.3533390541508,9534.737100490602,9058.000245466064,9097.402267970527,0.9956688710311089,39.40202250446138,0.08559873239595571,0.1856189991010511,0.9573536351872207,0.0,0.0,0.0,0.0,False,1059.5045424060272,3.6094057910997517,1440,2023-06-02,0.7327975109483993,0.919
503,5,164,491.71336035197726,5549.835211450293,5272.343450877777,5281.016019640823,0.9983577840455716,8.672568763045675,0.09326277108713646,0.17480868734983296,0.9879029098630872,0.0,0.0,0.0,0.0,False,667.7725872765943,1.5098232048546407,1440,2023-01-29,0.7343680032394915,0.832
504,5,299,1457.0678487285397,11077.590644264226,10523.711112051016,10560.604951551031,0.9965064653332576,36.89383950001274,0.1384557057120285,0.18494405359463545,0.9813528961661443,0.0,0.0,0.0,0.0,False,1131.8381423928922,1.8294401692265536,1440,2023-10-15,0.7606666485575534,0.848
505,5,204,908.0808137890295,7358.086837496332,6990.182495621514,7006.709245829589,0.9976412964163011,16.52675020807578,0.12990802662989556,0.1769133962813198,0.9498600352226966,0.06944444444444445,0.0,0.0,0.0,False,843.7381921123847,3.4498813355039317,1440,2023-06-28,0.7601605563937057,0.843
506,5,210,334.4245516601781,7557.667580042517,7179.784201040386,7210.051635339699,0.995802050272295,30.26743429931428,0.046578635554494575,0.191074718031945,0.9854818142433551,0.0,0.0,0.0,0.0,False,856.1471159341936,1.8442001181908185,1440,2023-12-09,0.778577458937856,0.854
507,5,184,538.403481439514,6413.082392947296,6092.428273299926,6103.596031037306,0.9981702986762901,11.167757737379945,0.08837255972287239,0.1821480086989132,0.9818394815808763,0.0,0.0,0.0,0.0,False,807.0078610358107,1.8807497543472307,1440,2023-03-31,0.7626023372202034,0.846
508,5,286,957.6473765931797,10477.175479006315,9953.316705056037,9987.895669051608,0.9965379129757315,34.57896399557217,0.09621389582697783,0.18301713676055326,0.9786680569034528,0.0,0.0,0.0,0.0,False,1013.3406228326457,1.9365563799887455,1440,2023-11-14,0.7703535999438057,0.859
509,5,154,418.9723505745817,5515.024869185993,5239.273625726715,5249.210160516894,0.9981070419193885,9.936534790179108,0.0799676406510393,0.19080348916507833,0.987139150580043,0.0,0.0,0.0,0.0,False,682.2682213179514,1.5831494084632163,1440,2023-12-18,0.7754916715490517,0.818
510,5,162,925.5025098981448,5643.364562272182,5361.196334158562,5373.778594852601,0.9976585822299991,12.582260694038567,0.1726298483048191,0.18591622059284957,0.9456597183922094,2.7777777777777777,0.0,0.0,0.0,False,766.0631638920726,3.676150569066091,1440,2023-08-23,0.7629319790850395,0.837
511,5,205,1054.0050117199285,6867.169551501652,6523.811073926599,6537.1932918605535,0.9979529107773796,13.382217933954252,0.16156277362666424,0.19681224022746924,0.9857640000121115,0.0,0.0,0.0,0.0,False,1006.5131692112182,2.023689318673328,1440,2023-02-05,0.7643404049430906,0.827
512,5,206,769.8600040353693,7355.391858374512,6987.62226545577,7007.803444326819,0.9971201848009326,20.18117887105034,0.11017481695329663,0.18675420114860608,0.9668390934674277,0.0,0.0,0.0,0.0,False,1058.3302299890129,2.8685264884210593,1440,2023-09-03,0.7416552904219946,0.883
513,5,152,596.4876531252736,5769.914555337666,5481.418827570785,5497.735747420458,0.9970320654539773,16.31691984967291,0.10881993729890198,0.2011475385754693,0.963673956593144,0.0,0.0,0.0,0.0,False,644.3043498911338,2.8185367125859546,1440,2023-09-30,0.7462971747211866,0.932
514,5,288,1648.5109566412216,10407.791636707034,9887.402054871656,9910.139081819792,0.9977056803380442,22.737026948133664,0.1667284234516364,0.19350542919471253,0.9909014377971352,0.0,0.0,0.0,0.0,False,1177.5703476840258,2.026640336983982,1440,2023-02-03,0.7182879628926675,0.909
515,5,264,927.0379206684333,9774.00502690015,9285.304775555065,9312.038328882769,0.9971291405400701,26.733553327703437,0.09983925601548346,0.17917994263136,0.99149214283741,0.0,0.0,0.0,0.0,False,1050.0588157090174,2.00067237669703,1440,2023-03-21,0.7130179626077815,0.882
516,5,240,765.8091797821459,8498.319044618462,8073.403092387531,8095.429279180348,0.9972791823591785,22.02618679281845,0.09485580876102084,0.17703430308147702,0.9563693442674492,0.0,0.0,0.0,0.0,False,896.8542254260218,3.75236591607649,1440,2023-06-05,0.7413590356876804,0.882
517,5,231,776.5517248197141,8162.479495238178,7754.355520476272,7778.201714392026,0.9969342278856524,23.846193915753627,0.10014394139772667,0.2067176878749468,0.9629818302552019,0.0,0.0,0.0,0.0,False,831.8237745745553,3.3376138538914746,1440,2023-07-24,0.7699005860072681,0.901
518,5,286,1248.525375525891,10441.848654320753,9919.756221604719,9963.11544127796,0.9956480259685038,43.35921967324096,0.12586250585540265,0.21113517155520256,0.9465206731996482,2.9166666666666665,0.0,0.0,0.0,False,957.8153151017283,4.092028107345197,1440,2023-07-18,0.7270944953235574,0.928
519,5,171,725.1772005810559,6225.720145923849,5914.434138627654,5927.237187216303,0.9978399635134794,12.803048588650213,0.12261142546923706,0.20505461981510695,0.995460870758164,0.0,0.0,0.0,0.0,False,825.1973254595594,1.5780993914390966,1440,2023-10-22,0.6825744001022662,0.875
520,5,162,509.95128283020813,6241.483020182084,5929.408869172941,5968.249334159404,0.9934921510795204,38.840464986462024,0.08600373057109456,0.22366616295889613,0.9628567445748183,0.0,0.0,0.0,0.0,False,661.6875079336353,3.2241965413946376,1440,2023-05-27,0.6600828067626882,0.869
521,5,296,781.5545650355988,10494.065006134184,9969.361755827467,10021.555525968826,0.9947918494283537,52.19377014135986,0.07839564700104806,0.22118998664830264,0.9807386227997434,0.0,0.0,0.0,0.0,False,1265.139839367896,2.445993695582907,1440,2023-04-01,0.5999608290267446,0.92
522,5,130,283.1080750234637,4771.5409793950075,4532.96393042524,4550.805411521473,0.9960794893468609,17.84148109623332,0.0624553999036355,0.21128674071008413,0.9888751496733417,0.0,0.0,0.0,0.0,False,600.9064696629689,1.7979682701158495,1440,2023-11-18,0.5562513353888805,0.858
523,5,182,1170.9631297050803,6141.706394274456,5834.621074560723,5857.378425915942,0.9961147548100138,22.757351355218056,0.20069223257882943,0.21050856377142366,0.9705217970414097,0.0,0.0,0.0,0.0,False,697.7208718566352,2.4698122283744923,1440,2023-09-11,0.5425065445071656,0.86
524,5,132,763.5497750820382,5018.737469115899,4767.8005956601355,4784.062191250485,0.9966008812301625,16.26159559034945,0.16014717053751268,0.21682538346043836,0.9939817519187755,0.0,0.0,0.0,0.0,False,634.6808521241576,1.4838958807378368,1440,2023-01-25,0.5326972728782756,0.869
525,5,241,1154.1971012335946,9046.414677916136,8594.093944020326,8620.193404964994,0.9969722882401182,26.099460944670202,0.13430119669993507,0.21117969841624515,0.9877351717489143,0.0,0.0,0.0,0.0,False,927.9630246783677,1.8931866356119174,1440,2023-04-07,0.5101115830863093,0.896
526,5,283,977.4874035007438,10290.42684846553,9775.905506042243,9821.698547101809,0.995337563982446,45.79304105956711,0.09998944884405676,0.21086559079218783,0.987376294698602,0.0,0.0,0.0,0.0,False,1033.6964849339674,1.7228209965004861,1440,2023-12-07,0.5039045534291491,0.92
527,5,252,569.7690104576701,8736.526517262906,8299.700191399721,8358.068252608926,0.9930165608313876,58.368061209204704,0.06864934844852272,0.21898628811277665,0.966547969600902,0.0,0.0,0.0,0.0,False,711.3838988495418,3.133505260894285,1440,2023-10-14,0.4990866869367376,0.9
528,5,272,489.52953422170424,9512.76014227592,9037.12213516212,9081.979507003547,0.9950608375842696,44.85737184142783,0.05416874165250201,0.20099824031694977,0.9826825596464642,0.0,0.0,0.0,0.0,False,851.8996581027252,2.6120079181293265,1440,2023-10-29,0.4764175452318742,0.913
529,5,168,818.5677752313748,5789.022008268661,5499.570907855252,5513.428709834696,0.9974865364714475,13.85780197944476,0.14884211676627035,0.21299368492634208,0.9966401824217199,0.0,0.0,0.0,0.0,False,668.345230244018,1.601684437904283,1440,2023-02-09,0.497806025002955,0.868
530,5,137,519.2265419519869,5036.093632338933,4784.288950721992,4794.041701252572,0.9979656517113665,9.752750530580235,0.10852742116958278,0.20884753376735063,0.9805519590788747,0.0,0.0,0.0,0.0,False,563.6278771162033,2.19497786922504,1440,2023-10-08,0.4878771464328396,0.86
531,5,122,365.10455915542957,4099.109930780092,3894.1544342410843,3905.49812127691,0.9970954570496332,11.3436870358244,0.09375708265319048,0.2032770201134139,0.9789219783146565,0.0,0.0,0.0,0.0,False,518.9729703465518,2.3561050646350394,1440,2023-09-20,0.4886131994381609,0.837
532,5,125,204.51522789175104,4665.216229190304,4431.95541773082,4451.837633777569,0.9955339305513086,19.882216046748205,0.046145596833747866,0.2062743001735936,0.9936254794228786,0.0,0.0,0.0,0.0,False,474.1756678557085,1.4721053113887104,1440,2023-11-01,0.5012933208754081,0.825
533,5,281,1286.2017416608899,10131.95385025445,9625.356157741648,9653.885024270927,0.997044830505278,28.52886652927692,0.1336264051513981,0.20831041470887465,0.9534038458048096,0.0,0.0,0.0,0.0,False,1166.208367923473,3.811907826928833,1440,2023-06-28,0.5045296868841308,0.916
534,5,161,668.9997856611847,6341.656900186314,6024.574055176975,6045.716101614748,0.9965029706849572,21.142046437772926,0.11104515929824228,0.2004288590280749,0.9862882720085817,0.0,0.0,0.0,0.0,False,599.4956430592634,2.2239920852431965,1440,2023-05-05,0.5022238069780469,0.9
535,5,293,519.115212925405,10453.3766811369,9930.707847080008,9996.186339741353,0.9934496526539301,65.47849266134288,0.0522737372722171,0.22021595667226943,0.9517022309648984,0.0,0.0,0.0,0.0,False,1166.9091345520778,3.149850580641989,1440,2023-08-06,0.5176970825995356,0.916
536,5,145,77.23317154254062,5354.916727770356,5087.170891381837,5115.036104132711,0.9945522940242082,27.865212750875234,0.015181949494439264,0.20625771826059358,0.9825572559978696,0.0,0.0,0.0,0.0,False,441.2965066442375,1.7269490919965107,1440,2023-12-25,0.48553329044588495,0.869
537,5,150,627.7785695272094,5226.2832277367515,4964.969066349896,4979.4474022419245,0.9970923809968332,14.478335892028541,0.12644158727634014,0.18748222415902552,0.9844143942542919,0.0,0.0,0.0,0.0,False,601.6070225269373,1.559843861277419,1440,2023-03-11,0.49019749531562173,0.94
538,5,169,655.0537667912822,6106.620162175563,5801.289154066818,5821.269564383174,0.9965676885264678,19.980410316357474,0.11291520718840167,0.2022626439701518,0.9710685684890333,0.0,0.0,0.0,0.0,False,712.8243863522546,2.6558564432702236,1440,2023-05-08,0.5358608350269096,0.963
539,5,147,846.0212137417814,5462.795109067053,5189.655353613676,5201.742981693334,0.9976762350384866,12.087628079657504,0.16302069330146893,0.20081263953206158,0.9998069874372508,0.0,0.0,0.0,0.0,False,607.5442213359025,1.3875633902147766,1440,2023-01-27,0.5397614510129545,0.89
540,5,220,897.5514861838961,7479.218742031072,7105.257804929497,7135.269249279585,0.995793929661012,30.011444350087956,0.1263221561870973,0.20557082976025706,0.9928445873448204,0.0,0.0,0.0,0.0,False,814.1500398830794,1.6947427000098672,1440,2023-03-11,0.5460313215889857,0.907
541,5,198,850.8744336477408,6898.834753393588,6553.893015723912,6567.748818319018,0.9978903269631051,13.855802595106256,0.12982733035256255,0.2027570144569909,0.9618837633508034,0.0,0.0,0.0,0.0,False,679.0407744409955,2.881151796861672,1440,2023-09-08,0.5403006580597678,0.876
542,5,172,663.5017122658737,6386.376488464076,6067.057664040851,6081.621702277569,0.997605237722816,14.564038236717613,0.10936136575698223,0.18638895707221875,0.9900149674735892,0.0,0.0,0.0,0.0,False,712.8117027721534,1.5330971508969866,1440,2023-01-13,0.5417686701807295,0.858
543,5,228,791.9348026306908,7838.6643425350585,7446.731125408311,7463.58765375232,0.9977414979060996,16.856528344008225,0.10634663576459777,0.20099184750264357,0.9855920027791029,0.0,0.0,0.0,0.0,False,787.9369137745055,1.9928209487296424,1440,2023-11-06,0.5796333582703868,0.874
544,5,267,1059.4916811967105,9735.57922708049,9248.800265726457,9267.943449718361,0.997934473370952,19.143183991905758,0.11455449904382724,0.20036624453746218,0.9484779324963344,0.5555555555555556,0.0,0.0,0.0,False,1110.8951978638243,3.366989973207099,1440,2023-09-06,0.5777491574200456,0.881
545,5,299,1481.0976490176602,10747.058216327423,10209.705305510985,10246.466824962552,0.9964122736081077,36.76151945156826,0.14506761994571918,0.2130824789660888,0.9673532046052233,0.0,0.0,0.0,0.0,False,1074.0745408603293,2.445035678081234,1440,2023-01-02,0.5775998110362988,0.953
546,5,276,484.5538338267207,9997.26645158422,9497.403129004997,9551.773903181747,0.9943077825409331,54.370774176749435,0.05101961317687958,0.21781634281176376,0.9419702089137995,2.0833333333333335,0.0,0.0,0.0,False,1376.2534982472573,3.6867599298914318,1440,2023-07-02,0.5488504942380181,0.904
547,5,294,753.335383326449,10622.514455262939,10091.388732499763,10136.729567887869,0.9955270745772146,45.34083538810787,0.07465130947738631,0.21659812439045273,0.986097633026001,0.0,0.0,0.0,0.0,False,1264.6793645826006,2.039991182548873,1440,2023-03-12,0.5145457231983207,0.894
548,5,269,940.4500112394197,10113.733522191247,9608.04684608182,9646.890188453028,0.995973485588371,38.84334237120877,0.09788149728088984,0.2134428269646977,0.9854126374432646,0.0,0.0,0.0,0.0,False,1064.9408563468198,1.7235901798658237,1440,2023-11-27,0.48895208067392426,0.927
549,5,298,1002.4383895972759,10301.297714051383,9786.232828348828,9828.350571189701,0.9957146682410439,42.117742840874826,0.10243353159281121,0.21303862590554223,0.9558472501584733,0.0,0.0,0.0,0.0,False,1241.8142237638417,3.520176916056388,1440,2023-05-18,0.47474667964283335,0.91
550,5,182,705.9985516796406,6379.643047070622,6060.660894717083,6074.969553839172,0.9976446533607651,14.308659122088406,0.11648870708061572,0.19044793814922753,0.9551869194020021,0.0,0.0,0.0,0.0,False,665.704380927838,3.361179857454997,1440,2023-06-24,0.46361966985282554,0.909
551,5,164,529.179818639653,5916.396683101513,5620.576848946447,5638.213483953707,0.9968719462188771,17.636635007258846,0.09415044627293825,0.19312066359342128,0.9818057296943802,0.0,0.0,0.0,0.0,False,611.1895357483954,1.8977512867364106,1440,2023-10-27,0.5048951781772502,0.891
552,5,268,628.7075962880378,9470.727043217175,8997.1906910562,9050.963860843856,0.9940588460395594,53.773169787657615,0.0698782117525879,0.22814705721989945,0.9344613472313708,10.76388888888889,0.0,0.0,0.0,False,923.710461801452,3.8413198321461643,1440,2023-07-29,0.5323795556798926,0.912
553,5,228,707.7884325955183,8307.888949574428,7892.494502095733,7922.229077189706,0.9962466908234721,29.734575093972566,0.08967867287174869,0.21279715506624805,0.9710205152577538,0.0,0.0,0.0,0.0,False,772.0899618246793,2.5857412681307643,1440,2023-08-12,0.4759016388427596,0.891
554,5,226,1011.9569347606434,8029.104161307371,7627.648953241988,7653.446865843027,0.9966292426075141,25.79791260103866,0.13266957367388155,0.21189708388014786,0.990157958778406,0.0,0.0,0.0,0.0,False,1115.0177956129733,1.6211507554511266,1440,2023-10-15,0.463849232357774,0.906
555,5,198,11.190170736644713,7052.2871996404965,6699.67283965841,6731.302814976249,0.995301061891397,31.62997531783861,0.001670256295263405,0.2155683600007743,0.9957585096133252,0.0,0.0,0.0,0.0,False,579.0410471918597,1.4900521502875095,1440,2023-12-24,0.45559260958519854,0.889
556,5,194,611.9590111552434,7137.9769940062315,6781.078144305906,6800.8180702070695,0.9970974189138156,19.739925901163893,0.09024509054937045,0.1982217427893305,0.948105455098071,0.2777777777777778,0.0,0.0,0.0,False,819.3735401446727,3.609003575074654,1440,2023-06-05,0.44013208590172115,0.908
557,5,161,422.653978204985,5883.901932617458,5589.706835986601,5600.369018986946,0.9980961642055735,10.662183000344491,0.07561290611592249,0.19909370147154132,0.9689196912420497,0.0,0.0,0.0,0.0,False,667.2530599542623,2.78724885428049,1440,2023-10-03,0.4660151376806491,0.882
558,5,142,529.2803738395268,4923.860095622928,4677.6670908418,4686.379551385582,0.9981408973711474,8.712460543781376,0.11315050078612514,0.1856327986742635,0.9899176485774479,0.0,0.0,0.0,0.0,False,661.742950457826,1.6824188688346784,1440,2023-03-27,0.4848485849293507,0.901
559,5,131,457.1677950447226,4789.098731442778,4549.643794870648,4556.700780881127,0.9984512948403177,7.0569860104792905,0.10048430507024352,0.20086173875179278,0.9946409358457086,0.0,0.0,0.0,0.0,False,610.3811188833298,1.6966153525146088,1440,2023-11-06,0.53024768894861,0.877
560,5,154,407.13137342997925,5420.0653611948,5149.062093135071,5169.077339875794,0.9961278879334385,20.015246740722418,0.07906903549925773,0.20543693949732192,0.9522495817976242,0.0,0.0,0.0,0.0,False,495.83743322291025,3.347002811941824,1440,2023-08-07,0.5330202170558633,0.868
561,5,150,620.7348176160316,5593.997976104653,5314.2980772994,5327.716365628738,0.9974814184148569,13.418288329337495,0.11680466706742847,0.19114191198368802,0.9906933649232915,0.0,0.0,0.0,0.0,False,780.9244822325094,1.3568417126838705,1440,2023-12-05,0.5249009509266358,0.864
562,5,179,630.7591359880853,5956.034421520821,5658.232700444778,5670.023807182714,0.9979204484603752,11.791106737936714,0.11147635125336981,0.2013567926422434,0.9946289808933922,0.0,0.0,0.0,0.0,False,804.1877419963844,1.3232414233550946,1440,2023-10-23,0.550297502954064,0.848
563,5,184,836.8539746023323,6715.954475585097,6380.1567518058655,6388.45601953653,0.9987008961625023,8.299267730663743,0.1311651119489291,0.19455973448991076,0.9709538638114588,0.0,0.0,0.0,0.0,False,890.1679496294015,2.7777829556267304,1440,2023-09-26,0.5480741674950725,0.875
564,5,251,1268.7226885233526,8817.548221653915,8376.670810571213,8406.51924293434,0.9964493708393977,29.848432363129326,0.1514590601939671,0.1976596002027351,0.9840662710319152,0.0,0.0,0.0,0.0,False,1062.3712968920106,1.9153088852644593,1440,2023-02-22,0.5615210403385156,0.913
565,5,135,197.37798680387297,4844.090529950305,4601.886003452792,4609.692579777857,0.9983064865628325,7.806576325064897,0.04289067279280287,0.1985844924892425,0.9518754610020187,0.0,0.0,0.0,0.0,False,618.971749034503,3.6994985667419793,1440,2023-08-02,0.56557585403492,0.889
566,5,150,505.7468354954544,5241.395073703521,4979.325320018333,4987.224190082745,0.9984161790680838,7.898870064413031,0.10156934985995097,0.19756108114253454,0.9911233569656419,0.0,0.0,0.0,0.0,False,637.8956299530183,1.600597210451771,1440,2023-03-21,0.5668557173372647,0.859
567,5,147,364.4803618954134,5006.9836492002405,4756.634466740228,4764.334614294035,0.9983837937136688,7.700147553807486,0.07662568239034681,0.1977400632197374,0.968698576139062,0.0,0.0,0.0,0.0,False,836.370114489682,2.8191744900676,1440,2023-07-31,0.5702530588847715,0.864
568,5,214,77.09766531600442,7604.093847660887,7223.889155277868,7252.679025073567,0.9960304503072357,28.7898697956985,0.010672598050549525,0.19885234143648925,0.9728027824439159,0.0,0.0,0.0,0.0,False,753.1292253278359,2.0397351513298005,1440,2023-12-31,0.5726901683919438,0.882
569,5,128,518.9943943660898,4625.980391457788,4394.681371884881,4401.785124488678,0.99838616552083,7.103752603796735,0.11809602345379884,0.19417910617077216,0.9498607425967356,0.06944444444444445,0.0,0.0,0.0,False,721.8330617951174,3.687426585035467,1440,2023-08-31,0.5722502268490031,0.852
570,5,297,1077.1045364290776,10721.021142286258,10184.970085171997,10209.059064326393,0.9976404310130235,24.088979154397244,0.10575431517439633,0.21090811548256444,0.9634781456200687,0.0,0.0,0.0,0.0,False,1329.7848881212774,2.7178434098741016,1440,2023-05-08,0.5824704358906895,0.907
571,5,232,962.8591941815323,8090.242318279701,7685.73020236577,7699.076400950452,0.9982665195291432,13.346198584680893,0.12527881786497677,0.2044384204762364,0.9782555426377982,0.0,0.0,0.0,0.0,False,956.2924666063379,1.750672106496892,1440,2023-01-06,0.5532973768639673,0.863
572,5,160,603.5526706868263,5455.137081697584,5182.380227612688,5188.033331940565,0.9989103569761062,5.653104327877882,0.11646244470272274,0.20619590426702392,0.9603814320769333,0.0,0.0,0.0,0.0,False,696.1234269506878,3.3543634738940953,1440,2023-09-17,0.5439703376326994,0.862
573,5,209,637.8041077689422,7324.7579418627665,6958.520044769642,6977.475455388585,0.9972833425584744,18.95541061894361,0.0916580111382084,0.1983968051292754,0.9503303637543308,0.0,0.0,0.0,0.0,False,826.3199463994653,3.6119026645764536,1440,2023-05-26,0.5323324466946014,0.9
574,5,148,510.044969854894,5223.494365800217,4962.319647510207,4965.216631427017,0.9994165443057461,2.896983916811541,0.10278357826279971,0.17797246100755434,0.9513376847261608,0.0,0.0,0.0,0.0,False,783.7191687050627,3.8001386467553604,1440,2023-05-16,0.5402603117907061,0.871
575,5,164,503.5863737429103,5625.900735537327,5344.605698760401,5358.625228152742,0.9973837451220349,14.019529392340782,0.0942232976811946,0.2003331855462518,0.9413062374951565,3.8194444444444446,0.0,0.0,0.0,False,869.5373953670683,4.152071872014498,1440,2023-06-06,0.5926375378849984,0.894
576,5,217,683.6548146914379,7668.730204019086,7285.29369381815,7289.383353835461,0.9994389566553447,4.089660017310396,0.09384039181173233,0.1863890699694136,0.9330265201153092,11.597222222222221,0.0,0.0,0.0,False,1120.2101325292238,4.146276132045711,1440,2023-06-02,0.5853290654979852,0.867
577,5,215,883.740246803535,8143.721787152141,7736.535697794537,7746.4695332423125,0.9987176306051232,9.933835447776097,0.11422945376642725,0.19893761587257508,0.9533669407383887,0.0,0.0,0.0,0.0,False,1062.1693581753527,3.501387320938802,1440,2023-07-08,0.610839888358948,0.861
578,5,287,1043.1565361516525,10464.652324107772,9941.419707902449,9962.075740394308,0.9979265332818036,20.65603249185851,0.10493033860369519,0.19650139500096805,0.9745999466179299,0.0,0.0,0.0,0.0,False,1343.1359417518363,2.1570600730354688,1440,2023-04-27,0.6036948648671343,0.882
579,5,196,451.872301584367,7164.676262988035,6806.442449838631,6821.226119670882,0.9978326961204791,14.783669832251658,0.06638891093468073,0.20196259847181597,0.9862009269546251,0.0,0.0,0.0,0.0,False,821.7903362347338,1.3808133372197005,1440,2023-11-02,0.6035134622411703,0.868
580,5,276,1106.8550420023842,10180.866699863618,9671.823364870444,9696.346130793529,0.9974709271314888,24.522765923083664,0.11444119689185521,0.18487696790444505,0.9755099353022976,0.0,0.0,0.0,0.0,False,1324.863410449065,1.7967751941772399,1440,2023-02-01,0.5912555625809429,0.884
581,5,239,1133.389174447878,8430.308763102119,8008.793324947058,8024.082144594885,0.998094633208843,15.288819647827681,0.14151809498160203,0.1869960679860739,0.9765178814884605,0.0,0.0,0.0,0.0,False,1239.7018220232465,2.0631453509743447,1440,2023-01-09,0.6197937817057547,0.875
582,5,277,1028.701584946715,9850.246838680623,9357.73449674674,9368.583210339657,0.9988420112892904,10.84871359291823,0.10993062319777805,0.189460315015437,0.9684094910020654,0.0,0.0,0.0,0.0,False,1086.3070835546446,2.8550182673901423,1440,2023-11-07,0.6386125334267171,0.865
583,5,288,1071.7427056707434,10304.987023964444,9789.737672766447,9798.171091413156,0.9991392864476412,8.43341864670931,0.10947614139367265,0.1844757939592325,0.9705396262135875,0.0,0.0,0.0,0.0,False,1209.5614660130707,2.570501810748502,1440,2023-05-01,0.6487731755881163,0.894
584,5,163,945.4895562155249,5993.907202746378,5694.2118426090565,5696.174734570053,0.9996554017296759,1.9628919609977213,0.16604397278312477,0.16861419376188816,0.9826541712625677,0.0,0.0,0.0,0.0,False,913.5192836273309,2.3295011179306213,1440,2023-02-21,0.6686438459429239,0.84
585,5,183,544.5599793901299,6371.695970326376,6053.111171810062,6060.215284062837,0.9988277458935398,7.104112252774624,0.08996365074644584,0.19557902591799417,0.9863660845787264,0.0,0.0,0.0,0.0,False,767.5852896255367,1.8206859974318625,1440,2023-01-04,0.7210051929728332,0.853
586,5,265,898.966127412785,9386.080451433234,8916.776428861565,8936.291219070654,0.997816231618835,19.514790209087053,0.10081739007193646,0.19425273060773943,0.9430048052294376,4.791666666666667,0.0,0.0,0.0,False,1026.028670911645,3.7915441532055882,1440,2023-06-30,0.7037926885574276,0.88
587,5,236,833.7731800991778,8431.065908467786,8009.512613044411,8020.074259385512,0.998683098684686,10.561646341099358,0.10409786717125365,0.1792084520181764,0.9805661495120236,0.0,0.0,0.0,0.0,False,1012.1631291231886,2.2188069933528274,1440,2023-10-27,0.6932278981772767,0.86
588,5,149,690.1312366136692,5227.02374866625,4965.672561232957,4968.547802841669,0.9994213114731295,2.8752416087118,0.1389804156644417,0.16752589226529566,0.9747479234859459,0.0,0.0,0.0,0.0,False,724.3355240698068,2.5972982279896115,1440,2023-07-04,0.7189130561692858,0.834
589,5,159,910.2648648816471,5697.892742559067,5412.998105431087,5418.356049779486,0.9990111494521264,5.357944348398105,0.16816279022310027,0.1834340440492642,0.9860146027189096,0.0,0.0,0.0,0.0,False,923.8171385853257,2.036621133596137,1440,2023-01-19,0.7667865194059659,0.85
590,5,174,454.93699606819575,6516.683635576448,6190.84945379761,6196.948417913229,0.9990158117020971,6.09896411561913,0.07348539153849508,0.1740670466443779,0.9845907275828949,0.0,0.0,0.0,0.0,False,686.943758794294,1.906565289080557,1440,2023-12-16,0.770915653868116,0.861
591,5,290,925.7511723926768,10568.560275568743,10040.132261790313,10050.60830547539,0.9989576706835376,10.476043685076158,0.0922050774087712,0.17971756351619472,0.942664852678794,1.9444444444444444,0.0,0.0,0.0,False,1480.5330122156727,3.7924097366818983,1440,2023-05-23,0.796123003396367,0.894
592,5,238,1487.551090591199,8731.93052316446,8295.333997006222,8300.659942931801,0.9993583707847092,5.325945925577619,0.1793238332691673,0.17964970469895242,0.9780582798152219,0.0,0.0,0.0,0.0,False,1307.5256269288611,2.191074453790938,1440,2023-01-20,0.8048718677251612,0.877
593,5,231,1354.3312223491293,7876.217436414214,7482.406564593497,7485.072530604902,0.9996438289675211,2.6659660114037713,0.18100208945578825,0.17479117093865829,0.9794561540580999,0.0,0.0,0.0,0.0,False,1347.5112016973096,2.1383509365224667,1440,2023-01-27,0.8130377633511818,0.858
594,5,267,1133.9956965638953,9865.569615322365,9372.291134556304,9383.700834605715,0.9987840937972645,11.409700049413066,0.1209945018014616,0.19270450542689124,0.9394131145545006,2.013888888888889,0.0,0.0,0.0,False,1423.2044377537773,3.74522083226744,1440,2023-09-16,0.8315196955777125,0.882
595,5,148,872.5913840611208,5492.05332096294,5217.4506549147445,5224.995987180754,0.9985559161606016,7.54533226600944,0.1672447794478239,0.16998568837706868,0.9912196647108046,0.0,0.0,0.0,0.0,False,943.4311124904856,1.8663296467136266,1440,2023-02-04,0.8072606802134801,0.854
596,5,295,685.043932812583,10687.377463938843,10153.00859074188,10171.010501983135,0.998230076427731,18.001911241257297,0.06747201351107365,0.18867130641647475,0.9370051494274114,7.569444444444445,0.0,0.0,0.0,False,1550.4479605710865,3.970083064490346,1440,2023-05-29,0.8393355810128503,0.909
597,5,166,496.9360181257051,6238.164116269971,5926.255910456428,5931.195822969417,0.999167130430282,4.939912512988822,0.08385328369787395,0.1832637030861382,0.9664370384312153,0.0,0.0,0.0,0.0,False,808.3869896516508,3.093620072699077,1440,2023-09-24,0.8244535766448293,0.865
598,5,291,464.16008849116673,10481.634917627694,9957.55317174637,9971.147635320896,0.9986366199687615,13.594463574527216,0.0466138699422844,0.18673371293876936,0.9365801251131382,5.972222222222222,0.0,0.0,0.0,False,1272.4724091724347,4.266795837342945,1440,2023-07-02,0.8252815153228462,0.897
599,5,148,667.4137818528063,5320.7897531804865,5054.75026552145,5061.846634825095,0.9985980671056246,7.096369303644109,0.13203694481312928,0.17463133445622006,0.9933299323264891,0.0,0.0,0.0,0.0,False,732.7463705782152,1.7027792178045373,1440,2023-03-11,0.8189731589425326,0.854
