episode,stage,n_ev,cost_eur,energy_drawn_kwh,energy_delivered_kwh,energy_requested_kwh,service_quality,unmet_kwh,cost_per_kwh,retail_price_paid,min_voltage_pu,violation_rate_pct,q_activation_pct,q_kvarh,curtailed_kwh,q_exhausted_any,peak_ev_kw,peak_feeder_mw,pf_solves,day,w_retail,wall_s
0,0,60,190.81061071791626,1917.35409378901,1821.4863890995603,1821.699615483764,0.9998829519519071,0.21322638420384443,0.10475544141301117,0.19959940867364676,1.001204401786893,0.0,0.0,0.0,0.0,False,267.1339078134552,1.3499210182896915,1440,2023-03-21,0.0,0.283
1,0,60,251.26673021348228,2200.6538575814056,2090.621164702333,2091.4414286861206,0.9996077996866003,0.8202639837878114,0.12018759517784666,0.20058156823370366,0.9651674500452921,0.0,0.0,0.0,0.0,False,281.40855979541357,3.021031557253778,1440,2023-08-16,0.0009013304842948253,0.331
2,0,60,229.27981872370148,2064.829147398974,1961.5876900290318,1967.6982492176376,0.9968945649105317,6.110559188605553,0.11688481727794087,0.2003637825427858,1.0057537742476612,0.0,0.0,0.0,0.0,False,234.69436935694546,1.0735413143291952,1440,2023-10-23,-0.0005674345720796766,0.291
3,0,60,163.59183911755406,1890.2415658527993,1795.7294875601594,1796.3493013391587,0.9996549592116983,0.6198137789990241,0.09110049161125305,0.19852272074745442,0.9975401567339731,0.0,0.0,0.0,0.0,False,240.5424550584231,1.4280561796720797,1440,2023-12-12,-0.0012815072242993006,0.277
4,0,60,205.4619118439685,1781.7567091681196,1692.6688737097145,1692.7297067168245,0.9999640621849616,0.06083300711016193,0.12138340524551072,0.19827431888477842,0.9546473214726647,0.0,0.0,0.0,0.0,False,225.19658421989485,3.4746878665587078,1440,2023-08-17,0.0022714345662813358,0.306
5,0,60,287.81544968598746,1999.9863630101918,1899.9870448596891,1901.252239446837,0.9993345466945954,1.2651945871478958,0.151482848509234,0.2002477411702831,0.96607548962751,0.0,0.0,0.0,0.0,False,278.33963307734984,2.947572859404379,1440,2023-06-21,0.005746556152394115,0.329
6,0,60,171.6171082593512,2403.4960559441383,2283.32125314692,2286.187500359396,0.9987462764047019,2.8662472124766047,0.07516117498701727,0.19824132509935558,1.0010114677923603,0.0,0.0,0.0,0.0,False,268.0009320506497,1.338510605190335,1440,2023-12-19,0.004172737334659892,0.316
7,0,60,109.59699021040024,2624.0591148030703,2492.856159062911,2495.7213085164562,0.9988519754013526,2.8651494535455306,0.04396442603074171,0.19860256335384258,0.9572641986700738,0.0,0.0,0.0,0.0,False,256.7789689898491,3.365903291808695,1440,2023-08-02,0.00741573138154529,0.336
8,0,60,117.65132443560617,2171.970773772203,2063.372235083589,2065.004524021881,0.9992095470400653,1.6322889382919339,0.05701895297182769,0.19885731326062084,1.0062506739626622,0.0,0.0,0.0,0.0,False,290.7696227133274,1.132180675713064,1440,2023-11-03,0.009285274291490078,0.276
9,0,60,207.93307932128252,2015.6326839918972,1914.8510497922966,1915.0838602980014,0.9998784332579209,0.23281050570502648,0.10858968865689943,0.19964264490143835,0.9965971370827778,0.0,0.0,0.0,0.0,False,249.10808901927172,1.5282106259211843,1440,2023-04-30,0.010277593161502691,0.297
10,0,60,201.64702774845938,2233.232819936094,2121.571178939279,2122.432555483149,0.9995941559878335,0.8613765438702536,0.09504608176722912,0.20044272293919815,0.9604204904995037,0.0,0.0,0.0,0.0,False,252.29485012568708,3.1216947509778854,1440,2023-05-25,0.009361586402642341,0.31
11,0,60,53.21715882670379,1954.2336318884752,1856.5219502940415,1858.3303624182386,0.9990268618751706,1.8084121241970692,0.0286649769038686,0.20076883030078743,1.002952722273376,0.0,0.0,0.0,0.0,False,303.20594602596424,1.2245412159312432,1440,2023-12-23,0.006846473165522584,0.322
12,0,60,247.94730830276734,2145.2409285720732,2037.9788821434843,2038.8008530366326,0.9995968361049467,0.8219708931481242,0.12166333541296752,0.20193615967963596,0.9887667277361954,0.0,0.0,0.0,0.0,False,256.2037575344463,1.7609949481477511,1440,2023-03-10,0.004078504865290994,0.323
13,0,60,188.2624017710801,2229.751977769767,2118.264378881279,2118.302614160221,0.9999819500392974,0.03823527894178724,0.08887578134628658,0.20075049715905544,0.9545907016427309,0.0,0.0,0.0,0.0,False,270.3735555277907,3.4224557197627803,1440,2023-06-02,-0.0008008023923428424,0.312
14,0,60,234.55733867832092,2222.5369058640636,2111.4100605708572,2113.0751864914955,0.9992119892698172,1.6651259206384097,0.1110903765490746,0.20019601281205768,0.9958793976839205,0.0,0.0,0.0,0.0,False,273.7927753070322,1.596755839319974,1440,2023-10-31,-0.002133315511125524,0.286
15,0,60,248.5345119363398,2028.125260830837,1926.7189977892917,1927.8374624323505,0.9994198345737884,1.1184646430589353,0.12899364786536446,0.20159318460929979,0.9927747870801652,0.0,0.0,0.0,0.0,False,257.3270388605327,1.6257370407159188,1440,2023-03-17,-0.001989261083359485,0.304
16,0,60,232.78159075490674,2223.1374964556067,2111.9806216328225,2113.55387511637,0.9992556359683706,1.5732534835474592,0.11021956753321806,0.19797665430859615,1.0023136673463957,0.0,0.0,0.0,0.0,False,260.9740957915783,1.3403125008750691,1440,2023-11-15,-0.0050274547255442815,0.29
17,0,60,206.88901152775702,2193.875225617163,2084.181464336292,2086.8181392842043,0.9987365094742674,2.636674947912454,0.09926631393089415,0.20031346537806788,0.966133872618055,0.0,0.0,0.0,0.0,False,270.9187235107975,2.854429042283997,1440,2023-05-13,0.000599524306826073,0.305
18,0,60,128.08685370210213,1859.6226462915295,1766.6415139769497,1769.4427723483116,0.9984168697540615,2.8012583713617607,0.07250302491407057,0.2001624402065176,0.9879062809995557,0.0,0.0,0.0,0.0,False,233.85810421009023,1.8028768062295697,1440,2023-01-01,-5.555008901883887e-05,0.29
19,1,60,205.75377713577254,2189.5299946388177,2080.0534949068615,2084.7500038999565,0.9977472075863728,4.696508993094643,0.0989175411303475,0.198879145429993,0.9629644601128969,0.0,0.0,0.0,0.0,False,251.3321881890297,3.0843882794546955,1440,2023-08-03,-0.0002554762386100472,0.31
20,1,120,372.8144671246468,4197.89985096492,3988.0048584166734,3994.0555474050598,0.9984850764050296,6.05068898838636,0.09348395510046155,0.19992599586572848,0.9962801246546366,0.0,0.0,0.0,0.0,False,448.6063464862645,1.4008369226710378,1440,2023-03-22,0.002463874078571485,0.3
21,1,120,537.459995183757,4348.1790825808575,4130.770128451798,4138.344779002721,0.9981696424644568,7.574650550923321,0.13011132996286956,0.20072105816890734,0.9902161250919107,0.0,0.0,0.0,0.0,False,458.0195455156062,1.6269329818581046,1440,2023-10-11,0.0023399835804122065,0.301
22,1,120,347.61921564491115,4093.6519830288667,3888.9693838774056,3894.310464983587,0.9986284911913915,5.341081106181204,0.08938594813475378,0.19859140679078885,0.9852083573873064,0.0,0.0,0.0,0.0,False,512.607866542947,1.7194625397464232,1440,2023-01-04,0.00045568120644593336,0.325
23,1,120,582.8507723734613,4557.693298304101,4329.808633388865,4337.111055691411,0.9983162934476941,7.302422302546274,0.13461351799219687,0.20212610840223488,0.9606492203322236,0.0,0.0,0.0,0.0,False,440.7306532680253,3.0161439648525628,1440,2023-07-10,0.0037039019995941534,0.339
24,1,120,387.3050509788101,4336.073995528838,4119.270295752405,4133.102300435047,0.99665336019358,13.832004682643026,0.09402273295301368,0.19792867441910345,0.9554070697543569,0.0,0.0,0.0,0.0,False,469.4733196190625,3.220375392280271,1440,2023-05-22,-0.0015801703311802886,0.301
25,1,120,553.6844682952391,4239.173778911228,4027.2150899656585,4036.8479342515257,0.9976137708324024,9.632844285867437,0.13748569567958202,0.20202294495377707,0.9815173259290653,0.0,0.0,0.0,0.0,False,477.6488836581748,2.1073127244696517,1440,2023-01-16,0.0035304928461341494,0.305
26,1,120,370.8644492258436,4345.125706543161,4127.869421216001,4139.228329744362,0.9972557907843024,11.358908528361201,0.08984403608304867,0.19976101823991768,0.9746976802547153,0.0,0.0,0.0,0.0,False,461.28312693771704,2.4327864420366083,1440,2023-08-12,-0.001489519035985121,0.302
27,1,120,277.76417894161744,4227.088810960231,4015.7343704122086,4023.642439387111,0.9980345994719881,7.9080689749025685,0.06916896221726573,0.19935679458240554,0.9986430365526021,0.0,0.0,0.0,0.0,False,420.4508778307595,1.2039111935813758,1440,2023-11-02,-0.0005173406831857727,0.298
28,1,120,116.32016359706705,4431.32149688766,4209.755422043271,4219.114748183273,0.9977816848560396,9.359326140002944,0.027631097756412943,0.19870286206802845,0.996285956707477,0.0,0.0,0.0,0.0,False,430.80953980982304,1.485236976387587,1440,2023-12-27,0.001181854316460131,0.29
29,1,120,432.8351616748558,4163.349586565957,3955.1821072376497,3956.911580014051,0.9995629235727336,1.7294727764011153,0.10943495139776344,0.19622615182387212,0.9959423129882071,0.0,0.0,0.0,0.0,False,575.751097603606,1.5057487973847699,1440,2023-11-10,0.004044718744405035,0.293
30,1,120,167.96881637247347,4274.199166087478,4060.489207783103,4068.848521056715,0.9979455334278601,8.3593132736118,0.04136664519401076,0.19223894268055747,0.9544308205405276,0.0,0.0,0.0,0.0,False,525.1848043501377,3.3906528248018692,1440,2023-07-01,0.011972465232711274,0.298
31,1,120,405.8499529349937,4582.809970034744,4353.669471533025,4362.547268481265,0.9979649969612064,8.877796948239023,0.09322020323056009,0.19509256553429818,0.9593976669635615,0.0,0.0,0.0,0.0,False,520.3723488950523,3.0651396645067397,1440,2023-08-05,0.027474575404620637,0.297
32,1,120,215.42683605986207,4371.841597392971,4153.24951752329,4158.837680994147,0.9986563160432071,5.5881634708574115,0.051869466342183,0.19730388906318402,0.9593121649835066,0.0,0.0,0.0,0.0,False,454.57397258276575,3.037738107447838,1440,2023-09-19,0.03384366498720364,0.309
33,1,120,766.7765171466621,4180.311235708327,3971.2956739229226,3973.4723070546265,0.9994522088079387,2.176633131704257,0.19307968484482682,0.19654375291464446,0.999107417872433,0.0,0.0,0.0,0.0,False,442.7209348443895,1.3317969496539757,1440,2023-01-24,0.034208830436562,0.308
34,1,120,292.27350519302877,4219.630603912422,4008.6490737167705,4014.851609354847,0.9984551021453385,6.202535638076275,0.07291072374215993,0.19773503149798308,0.9949853217404533,0.0,0.0,0.0,0.0,False,443.4688211617706,1.4429692338606577,1440,2023-12-19,0.036346074677103504,0.31
35,1,120,503.55074917458677,4245.494355233619,4033.219637471916,4040.80939636137,0.9981217231141146,7.589758889453963,0.1248508126103988,0.1969148445096814,0.9848091838860215,0.0,0.0,0.0,0.0,False,375.0194572838592,2.024765841255266,1440,2023-03-18,0.035548305611292595,0.31
36,1,120,192.17491048468233,4158.958345365069,3951.0104280968026,3959.8239315057826,0.997774268866134,8.813503408980022,0.04863943388204439,0.1928492398989186,0.9591415117113479,0.0,0.0,0.0,0.0,False,425.2234505459277,3.105090796635595,1440,2023-09-19,0.03686875950742346,0.288
37,1,120,298.6877280980735,4486.389220923584,4262.069759877431,4268.154034127088,0.9985744951562178,6.084274249656766,0.07008044094207017,0.19922899095506344,1.001245713899922,0.0,0.0,0.0,0.0,False,422.79117214844734,1.1897415728197902,1440,2023-01-10,0.04722699077306038,0.28
38,1,120,515.1385560937902,4377.646607304333,4158.764276939165,4164.683599551421,0.998578686118462,5.9193226122572895,0.123868178571768,0.19645514530600355,0.9961386798686334,0.0,0.0,0.0,0.0,False,449.33512095823727,1.349538722519949,1440,2023-10-24,0.041516673914298134,0.282
39,2,120,520.6685415512,4380.625754531803,4161.594466805225,4167.677617250312,0.9985403980336894,6.083150445086332,0.12511275322578633,0.19352735020064538,0.9526862669086367,0.0,0.0,0.0,0.0,False,457.66724443407725,3.3992107018567506,1440,2023-07-06,0.043228123589919905,0.301
40,2,180,660.7172785633029,6785.58785347411,6446.308460800419,6457.28739963901,0.9982997599209841,10.978938838591503,0.10249544876437135,0.1947489817460441,0.9891302112303465,0.0,0.0,0.0,0.0,False,704.2105419298607,1.72711477321261,1440,2023-12-14,0.05136206505217304,0.311
41,2,180,671.2448198795993,6347.622927405267,6030.241781035014,6044.420945299495,0.9976541732627826,14.179164264480448,0.11131308565282579,0.19546697227644538,0.977116460639854,0.0,0.0,0.0,0.0,False,656.6549463877056,2.2519340714369567,1440,2023-05-05,0.055444179734796144,0.304
42,2,180,25.404527996250195,6425.3879271833575,6104.1185308241875,6119.414208634047,0.9975004669910597,15.295677809859786,0.004161866757331797,0.19484975314407188,0.9847146769131693,0.0,0.0,0.0,0.0,False,765.0461021640776,1.7864323405924074,1440,2023-12-24,0.057356943700189546,0.352
43,2,180,268.05617036594856,6059.123172525367,5756.167013899076,5765.755306746107,0.9983370274427338,9.588292847031045,0.04656851855039807,0.1954307139590384,0.9867181404987385,0.0,0.0,0.0,0.0,False,657.4231800259342,1.6327409847530208,1440,2023-12-21,0.06050254930652238,0.307
44,2,180,668.4677421951759,6915.656127108576,6569.873320753126,6593.045019688404,0.9964854329272617,23.17169893527852,0.1017474324936523,0.19542324121818533,0.9897199531437882,0.0,0.0,0.0,0.0,False,730.361887978537,1.5593404770426091,1440,2023-05-04,0.06196938430071036,0.3
45,2,180,669.2970033758193,6169.15925844565,5860.701295523377,5873.214337201481,0.9978694730075072,12.513041678104877,0.11420083870970414,0.1994075227007953,0.9462946950101673,0.9722222222222222,0.0,0.0,0.0,False,586.0227806711124,3.6920279620129652,1440,2023-06-27,0.06338813026502825,0.326
46,2,180,662.8777428945846,6634.980841899941,6303.231799804922,6322.830291304366,0.9969003609781528,19.59849149944469,0.10516474150849091,0.19834668287526755,0.9887975011757846,0.0,0.0,0.0,0.0,False,581.1402818095828,1.5364291708993507,1440,2023-11-10,0.0557873316397009,0.306
47,2,180,429.4562891337343,6118.809832097894,5812.869340492995,5832.788699247534,0.9965849339344132,19.919358754537477,0.07388025843658678,0.19803940119691518,0.9654772630352954,0.0,0.0,0.0,0.0,False,560.5449161198546,2.787164608673573,1440,2023-10-14,0.052123206211836665,0.321
48,2,180,359.905217401129,6229.945848320139,5918.448555904137,5932.4460543712885,0.9976405182046556,13.9974984671502,0.06081073680062558,0.1987981086066104,0.9509230857332822,0.0,0.0,0.0,0.0,False,692.647805691003,3.4234084713192283,1440,2023-07-30,0.04996595550207472,0.315
49,2,180,698.4818317289026,6621.727317589229,6290.640951709755,6319.749094404935,0.9953940983636598,29.108142695179552,0.11103508165397039,0.19822500205080132,0.9594302442181966,0.0,0.0,0.0,0.0,False,652.3627767942402,2.8739191310055716,1440,2023-05-24,0.04663109320260517,0.311
50,2,180,693.7852423174588,6548.111552691883,6220.705975057287,6238.316378246267,0.9971770583405501,17.61040318898062,0.11152837718086647,0.2021995494549529,0.9388100499345535,10.13888888888889,0.0,0.0,0.0,False,569.9669065319526,3.9370207002496143,1440,2023-08-26,0.04531278768326945,0.311
51,2,180,765.828417791439,6423.013351593005,6101.862684013382,6112.433564333547,0.9982705938299523,10.57088032016504,0.12550731759301575,0.2021784995741172,0.97503942490527,0.0,0.0,0.0,0.0,False,598.4817681808918,2.1724929772694184,1440,2023-03-18,0.03540416150591977,0.312
52,2,180,604.6791972182949,6341.296441268029,6024.231619204636,6034.812613782915,0.9982466738811222,10.580994578278785,0.10037449345251588,0.19915698281584943,0.9408447185306937,4.583333333333333,0.0,0.0,0.0,False,715.6625778837565,3.641528139332226,1440,2023-07-03,0.027414645323172657,0.318
53,2,180,454.27786529453095,6319.59276563452,6003.613127352806,6018.700496381371,0.997493251402419,15.087369028564046,0.07566741155002392,0.19928125956940668,0.9427164936133219,1.1805555555555556,0.0,0.0,0.0,False,682.4295572432195,3.4521804622427013,1440,2023-08-07,0.02771252010437162,0.322
54,2,180,806.0809925849834,6421.9350240172635,6100.8382728164,6117.329483831931,0.9973041813328647,16.491211015531384,0.1321262679879011,0.20267036592485385,0.9896756202355156,0.0,0.0,0.0,0.0,False,698.3798763998395,1.5719502070158606,1440,2023-03-03,0.02771334809303451,0.336
55,2,180,78.61126849845246,6688.954620030292,6354.506889028795,6374.153398739709,0.9969177852364208,19.646509710914078,0.012370947088620937,0.20184118378269764,0.9877291478778196,0.0,0.0,0.0,0.0,False,597.1342535749253,1.6221396498521679,1440,2023-12-25,0.020124458205738348,0.315
56,2,180,838.3794911113539,6345.037905294332,6027.786010029611,6041.763854717714,0.9976864629230439,13.977844688102184,0.13908580857322694,0.1983561175256684,0.9543848356734033,0.0,0.0,0.0,0.0,False,681.4638701634658,3.1884996291218752,1440,2023-06-16,0.015785487819510204,0.349
57,2,180,1091.2817503075614,6730.036516522287,6393.534690696166,6396.728005498767,0.9995007893410731,3.193314802600627,0.17068520045657815,0.2046491529163205,0.9842226546715507,0.0,0.0,0.0,0.0,False,788.1565973056838,1.818459340851394,1440,2023-01-19,0.0200636513997086,0.328
58,2,180,686.9673230698379,6383.664149309198,6064.480941843725,6078.515808828475,0.9976910700858316,14.034866984748744,0.11327718392680543,0.20028453892446005,0.9852594786128822,0.0,0.0,0.0,0.0,False,653.1407104361929,1.92489720553221,1440,2023-09-22,0.00940904675861668,0.32
59,3,180,709.6649931088268,6307.968813658295,5992.57037297537,6003.213884345052,0.9982270311245386,10.643511369681416,0.11842414005001849,0.20004563173511694,0.9481974228755395,0.7638888888888888,0.0,0.0,0.0,False,626.4209140177712,3.602365230949766,1440,2023-08-25,0.010473286881613125,0.365
60,3,240,626.6888885541936,8183.399780658361,7774.2297916254765,7801.494048211354,0.9965052518892674,27.2642565858781,0.08061105798921364,0.2004719588481598,0.9497254358348883,0.1388888888888889,0.0,0.0,0.0,False,724.7781265601868,3.134738816784641,1440,2023-05-19,0.011847993209809261,0.387
61,3,240,633.5398368273109,8736.547738978592,8299.720352029675,8321.912454441275,0.9973332929740499,22.192102411600725,0.07633267266316754,0.19792003471892686,0.9471129959918964,2.2222222222222223,0.0,0.0,0.0,False,736.6344388437973,3.596708253231572,1440,2023-06-10,0.011986240681263902,0.386
62,3,240,988.0245596553922,8646.57615697811,8214.247349129197,8227.169111224892,0.9984293793015553,12.921762095696002,0.12028181252176853,0.19889644166991202,0.9771101196187462,0.0,0.0,0.0,0.0,False,830.41105502172,2.0223264963317114,1440,2023-11-25,0.017815070006793738,0.351
63,3,240,844.9863614339479,8453.229394710288,8030.567924974715,8052.467490088517,0.9972803907447305,21.899565113801472,0.10522124578587738,0.1985103363170005,0.9584118896113718,0.0,0.0,0.0,0.0,False,853.0878138584343,3.0837911964397833,1440,2023-08-04,0.020385216091554647,0.34
64,3,240,710.4756712617142,8905.52079684044,8460.244756998378,8486.329522713295,0.9969262605646997,26.084765714917182,0.0839781462201792,0.1970417093980287,0.9512341482115818,0.0,0.0,0.0,0.0,False,828.8641896779255,3.2231927977666337,1440,2023-07-31,0.02336524791991872,0.399
65,3,240,867.5215924713027,8705.56609367449,8270.287788990734,8290.507552874644,0.9975610945705129,20.219763883910662,0.1048961795049179,0.19774274591100247,0.9764558258841558,0.0,0.0,0.0,0.0,False,815.76957918647,2.0288456985883707,1440,2023-04-30,0.029128167134446475,0.35
66,3,240,829.4739570815818,8437.903260037192,8016.008097035355,8031.720920904941,0.9980436541527871,15.712823869585533,0.10347718553183036,0.19616415640064724,0.9449115802463471,1.0416666666666667,0.0,0.0,0.0,False,817.1797380730336,3.6945513537965673,1440,2023-05-17,0.03230908488197628,0.331
67,3,240,1158.638406604611,8664.384418892254,8231.165197947634,8245.854504434083,0.9982185828674821,14.689306486448059,0.1407623803849189,0.19525682140206718,0.9581280177747763,0.0,0.0,0.0,0.0,False,935.4205338420414,3.099434995782479,1440,2023-06-15,0.038518508182749246,0.335
68,3,240,1278.9218312320381,8759.489683332717,8321.515199166077,8339.706022350898,0.9978187692544475,18.190823184820722,0.15368857721490464,0.1988459289617206,0.9869582072028077,0.0,0.0,0.0,0.0,False,759.8968084652886,1.6224647606428497,1440,2023-11-29,0.0457193427501404,0.355
69,3,240,1034.20016746984,8362.985477870083,7944.836203976558,7965.663361296324,0.9973853831909391,20.82715731976615,0.13017262293616588,0.19597415037053384,0.9741338540955634,0.0,0.0,0.0,0.0,False,982.6896487309147,2.411075312607644,1440,2023-10-12,0.043641677324729775,0.329
70,3,240,1384.1582570204787,8986.372491139247,8537.053866582315,8553.234890317184,0.9981081983667738,16.181023734871708,0.1621353547315271,0.19579543386631518,0.9295946250393892,10.625,0.0,0.0,0.0,False,843.8190752551516,4.103860590485763,1440,2023-08-23,0.04849875036648546,0.344
71,3,240,911.2434215141938,8622.537573128482,8191.41069447207,8211.466878931955,0.9975575393829642,20.056184459883866,0.11124377173874844,0.1972463842001239,0.9914823861708595,0.0,0.0,0.0,0.0,False,770.7110479819196,1.5289901261057313,1440,2023-11-08,0.0529878134158553,0.336
72,3,240,1231.7739620041084,8796.542024633067,8356.714923401389,8376.306626364276,0.9976610570939198,19.59170296288619,0.14739930382868033,0.19677745033753366,0.9768461399179,0.0,0.0,0.0,0.0,False,891.0783247417847,2.2387380603042533,1440,2023-01-02,0.05352465391096582,0.353
73,3,240,1259.5493175576028,8887.827538325953,8443.436161409678,8468.52341668601,0.9970375880136434,25.08725527633358,0.14917496780686432,0.19775568745180594,0.9857016329370385,0.0,0.0,0.0,0.0,False,762.0655932557456,1.610557001902471,1440,2023-01-21,0.05514690828787605,0.354
74,3,240,652.7074468756693,8287.209151800475,7872.848694210425,7904.413787524207,0.9960066496817762,31.56509331378249,0.08290613375507402,0.19672454151657306,0.9471964275461743,0.625,0.0,0.0,0.0,False,688.5525523037629,3.6576494591325073,1440,2023-06-02,0.05440480576541493,0.346
75,3,240,653.5762967716173,8247.471903102867,7835.098307947719,7851.20830369284,0.9979480870813804,16.109995745119715,0.08341647686904535,0.1985026816889277,0.9898233479740624,0.0,0.0,0.0,0.0,False,857.3450748949548,1.547499881595638,1440,2023-01-29,0.056243417729129705,0.334
76,3,240,965.7290527263126,8722.064317635983,8285.961101754181,8310.106026528836,0.9970945106238626,24.144924774655507,0.11655003455445413,0.19584770343035032,0.9887954566668364,0.0,0.0,0.0,0.0,False,829.2492261069623,1.5453728019930413,1440,2023-01-31,0.053877264836474925,0.363
77,3,240,936.950415072066,8436.416798078602,8014.595958174682,8033.535886764398,0.9976423919857107,18.93992858971484,0.11690550839514258,0.19651165480768676,0.9526997279513819,0.0,0.0,0.0,0.0,False,761.340775873399,3.3915382074375753,1440,2023-06-25,0.05803290951970383,0.362
78,3,240,375.99455812657544,8716.21955634763,8280.408578530252,8304.056001976483,0.9971523044352539,23.647423446229404,0.045407730133204774,0.19652214689390654,0.9873021350440373,0.0,0.0,0.0,0.0,False,856.9827704767276,1.7053848423067461,1440,2023-03-13,0.06007114949576245,0.33
79,4,240,999.2665239537613,8232.632772325791,7821.001133709477,7849.647598037819,0.9963506050468427,28.646464328341732,0.12776708593568664,0.19588325474715584,0.9721559011522947,0.0,0.0,0.0,0.0,False,717.8577267468746,2.2003126684143357,1440,2023-03-04,0.061852551542230516,0.351
80,4,300,176.47977061542534,10935.94225911924,10389.145146163226,10420.399466770608,0.9970006600315997,31.254320607382525,0.01698693859143939,0.19707239944770305,0.9825896562006764,0.0,0.0,0.0,0.0,False,905.7233335819299,1.6870164471520726,1440,2023-12-23,0.0648890731648987,0.377
81,4,300,1068.09976957734,10518.483556695805,9992.559378860988,10033.753322034276,0.9958944632331328,41.19394317328857,0.10688950939204613,0.1984151803554419,0.9755734500478419,0.0,0.0,0.0,0.0,False,902.8341261713128,2.1474692384987297,1440,2023-03-16,0.06484855214944424,0.385
82,4,300,919.9443975173915,10595.477349757813,10065.703482269968,10097.365705952103,0.9968643085133114,31.662223682135902,0.09139394967652377,0.199258413360973,0.9775359238260363,0.0,0.0,0.0,0.0,False,878.521979708109,1.641959044908809,1440,2023-04-09,0.061941258322283116,0.347
83,4,300,1781.3977480297624,11582.83599727282,11003.694197409175,11051.980662224805,0.9956309673088127,48.28646481562911,0.16189088101423188,0.20210580910320963,0.9824786675965911,0.0,0.0,0.0,0.0,False,997.8047269315798,1.7387948121171801,1440,2023-02-03,0.05779738998033715,0.344
84,4,300,1456.8739434450133,10553.135933976559,10025.479137277704,10063.181548105256,0.9962534303244632,37.702410827551525,0.14531713881164285,0.19825847701172508,0.9856958957704738,0.0,0.0,0.0,0.0,False,855.5953173274299,1.8315608428488739,1440,2023-01-28,0.0481127342186993,0.343
85,4,300,1003.9603697529766,10561.82068993534,10033.729655438528,10066.753348047048,0.9967195289815135,33.02369260852113,0.10005854295753377,0.19649745913591368,0.982522447924608,0.0,0.0,0.0,0.0,False,891.5494812239905,1.843548034028586,1440,2023-02-17,0.04891621636006877,0.333
86,4,300,889.7973391918146,10460.911537395841,9937.865960526016,9968.134360799222,0.9969634839200965,30.268400273206822,0.08953605761298848,0.19846912428620914,0.9456064133931689,0.9722222222222222,0.0,0.0,0.0,False,922.4202044554479,3.7367515380680723,1440,2023-05-25,0.053608368443153746,0.345
87,4,300,946.7884798445515,10646.770387220507,10114.431867859465,10152.486582118985,0.9962516853431214,38.05471425951995,0.09360767784230693,0.1971575514425065,0.9421198384532946,5.972222222222222,0.0,0.0,0.0,False,943.0861386954784,3.702431505837924,1440,2023-06-05,0.05310097056466127,0.361
88,4,300,902.551443523034,10806.796729135429,10266.456892678623,10296.850281026324,0.997048282968268,30.39338834770213,0.08791265116660409,0.1958915805946653,0.9366373414961634,6.180555555555555,0.0,0.0,0.0,False,899.1508241561065,3.5195849539927115,1440,2023-08-08,0.05572263494588778,0.35
89,4,300,1250.0528362815946,10924.611575445562,10378.380996673262,10410.56690117158,0.9969083427632845,32.185904498316205,0.12044776894221679,0.1987363617510187,0.9566639004608043,0.0,0.0,0.0,0.0,False,941.0286284206729,3.049866078695987,1440,2023-09-08,0.06081052328638635,0.339
90,4,300,1340.9943724267594,10908.056352489044,10362.65353486458,10396.266073496281,0.9967668643343602,33.61253863169964,0.12940646600941133,0.19625646637130184,0.9702917277053539,0.0,0.0,0.0,0.0,False,955.3644209512845,1.95733547096966,1440,2023-01-18,0.05868549732725681,0.336
91,4,300,989.525111566337,11367.031167789846,10798.67960940035,10833.074838126155,0.9968249800504697,34.395228725804785,0.09163389852820028,0.19494807081748403,0.9436348984884718,3.5416666666666665,0.0,0.0,0.0,False,1040.7188565618708,3.741571422667161,1440,2023-06-01,0.06262842307676515,0.343
92,4,300,1563.4532936744733,10828.989349344485,10287.53988187727,10325.026885289184,0.9963693069443408,37.48700341191531,0.15197542965822985,0.19602473324020736,0.9868335683028359,0.0,0.0,0.0,0.0,False,1024.8401377031846,1.8008332497610442,1440,2023-02-09,0.06891383035389682,0.347
93,4,300,1157.9221092118787,10923.750094756146,10377.562590018322,10412.408264513797,0.9966534471555221,34.845674495474526,0.11157939055223123,0.19426624414820928,0.9702947455557323,0.0,0.0,0.0,0.0,False,923.2762089006392,2.4737905506657327,1440,2023-05-01,0.07177226218360046,0.351
94,4,300,1024.224129447788,11043.11781696068,10490.961926112728,10521.924936037285,0.9970572865599422,30.963009924556307,0.09762919136122528,0.19557989356774436,0.9810984678863575,0.0,0.0,0.0,0.0,False,1018.4336451514306,1.86825195779693,1440,2023-03-21,0.07821437144234866,0.359
95,4,300,1201.1157904645183,10914.212801421565,10368.502161350485,10394.752653423588,0.9974746400469224,26.25049207310305,0.1158427487184971,0.19619363805976256,0.9655812307166235,0.0,0.0,0.0,0.0,False,1079.6419442465037,2.494306355185488,1440,2023-04-28,0.08069903544798286,0.34
96,4,300,456.53371477065957,10662.855845430691,10129.713053159161,10162.049963721945,0.9968178752635319,32.336910562784844,0.045068770692204364,0.19565537132710284,0.9591229045917322,0.0,0.0,0.0,0.0,False,950.7956734666606,2.8336939479357977,1440,2023-05-20,0.08152684686706205,0.356
97,4,300,1212.6163855503926,11369.14071924371,10800.68368328148,10841.00145017821,0.9962809923896776,40.317766896728976,0.11227218767895382,0.1958067574951231,0.9883546851553258,0.0,0.0,0.0,0.0,False,913.6314826879288,1.7560398276499893,1440,2023-02-24,0.08359051424782163,0.353
98,4,300,1189.8489979692088,10158.299084550701,9650.38413032307,9681.942529700758,0.9967404888759792,31.558399377685447,0.12329550636544204,0.19819986190723557,0.9809387956002232,0.0,0.0,0.0,0.0,False,1006.0197996090747,1.8220413383963077,1440,2023-12-06,0.08511806070802855,0.331
99,5,300,1127.0843313087043,10949.09424194866,10401.639529851242,10436.29466246433,0.9966793643018024,34.655132613087034,0.10835641132093944,0.19245583886745918,0.9778681002476675,0.0,0.0,0.0,0.0,False,913.2101290772446,1.7586428080720575,1440,2023-12-04,0.08116527507418489,0.357
100,5,266,871.4455815231776,9298.21211871675,8833.301512780949,8865.017473785736,0.9964223464760703,31.715961004786692,0.09865457216220669,0.19660350143519334,0.9790419942901434,0.0,0.0,0.0,0.0,False,782.5471970280053,2.088643446668135,1440,2023-01-03,0.09101710531124507,0.337
101,5,135,537.8037335835277,5080.081097535799,4826.077042659049,4841.066745473939,0.9969036364084622,14.98970281488915,0.11143703857806861,0.194546082199518,0.997894411321911,0.0,0.0,0.0,0.0,False,427.83432975752214,1.321093215214112,1440,2023-02-24,0.0899435367801184,0.313
102,5,152,633.8035182208945,5405.158497911332,5134.900573015738,5144.583155133212,0.9981179073550763,9.682582117475178,0.12343053369944033,0.19585013003292,0.988770159856161,0.0,0.0,0.0,0.0,False,485.114224211933,1.7156106935431605,1440,2023-03-27,0.09388370016372691,0.327
103,5,162,554.6705007394726,5698.326426830719,5413.410105489183,5424.954785748012,0.9978719306031529,11.544680258828846,0.1024623093264333,0.19642060927124586,0.9919069722886309,0.0,0.0,0.0,0.0,False,563.221393332163,1.4272126423028275,1440,2023-05-04,0.09437441913548329,0.318
104,5,152,714.06755976805,5213.905209565548,4953.209949087265,4971.919558293881,0.996236944506593,18.70960920661688,0.14416258690985473,0.19680506902255,0.9436378783236214,1.7361111111111112,0.0,0.0,0.0,False,603.8814020680314,3.7232911678716816,1440,2023-08-22,0.09369090952500925,0.353
105,5,265,430.0716706137431,9356.431917599604,8888.610321719587,8910.792198219822,0.9975106729001416,22.181876500235354,0.04838457925901533,0.19308980085649288,0.9812492714325171,0.0,0.0,0.0,0.0,False,819.8503648884885,1.8957334343963859,1440,2023-11-13,0.09245803693263341,0.344
106,5,277,1674.0464879367075,9970.389980751239,9471.870481713693,9510.254589303313,0.9959639242851824,38.384107589619006,0.17673874354264096,0.19475887699133032,0.9827877523402432,0.0,0.0,0.0,0.0,False,966.720677040534,2.0398539101480644,1440,2023-02-06,0.09999083878123374,0.342
107,5,225,822.8910272975119,8354.035834446495,7936.334042724175,7962.042132907499,0.9967711687838134,25.708090183324067,0.10368654127555493,0.19668303362318315,0.9770489552249011,0.0,0.0,0.0,0.0,False,771.345514814953,1.9729082644203553,1440,2023-01-03,0.10260716891390512,0.342
108,5,127,485.6684853749908,4693.85986710416,4459.166873748972,4474.423641435756,0.9965902272763139,15.256767686782025,0.10891462444119589,0.196015284653743,0.9861148052374882,0.0,0.0,0.0,0.0,False,400.6863046008807,1.8116966013289693,1440,2023-09-29,0.10063293674880683,0.34
109,5,137,564.4982410907927,5113.229370061792,4857.567901558679,4877.266961719524,0.9959610453322613,19.699060160844393,0.1162100566642946,0.19561518230880423,0.9654671995747865,0.0,0.0,0.0,0.0,False,497.0367732346058,2.8925030155542926,1440,2023-09-04,0.10072183451680941,0.316
110,5,180,840.572718892473,6292.189203761188,5977.579743573113,5995.599533949588,0.9969944973351808,18.019790376473853,0.14062091263545712,0.20119380990021468,0.9592331399978632,0.0,0.0,0.0,0.0,False,530.5680841156595,3.0382955391083617,1440,2023-06-15,0.10189241877463653,0.323
111,5,198,351.63363497486426,7285.375049777961,6921.10629728903,6947.067342840779,0.9962630208877272,25.961045551747894,0.050805986770149414,0.19974632530699613,0.9615927175307325,0.0,0.0,0.0,0.0,False,661.8882202524716,3.0276308161526972,1440,2023-08-06,0.09049621498478451,0.323
112,5,232,965.2663284102625,8527.538672135353,8101.1617385285845,8127.711453991798,0.9967334328225722,26.549715463214028,0.11915159326094187,0.19922629093479885,0.9560737473553119,0.0,0.0,0.0,0.0,False,780.7021786978962,3.1944137127281786,1440,2023-06-18,0.0845764017926339,0.343
113,5,206,678.8887574677067,7321.654345668653,6955.571628385226,6976.040625310074,0.997065814546638,20.468996924847957,0.09760358942997678,0.19895476054985675,0.9915049156730209,0.0,0.0,0.0,0.0,False,640.5822121783352,1.5486701936727065,1440,2023-12-13,0.0810233123110075,0.301
114,5,167,562.1184600186401,6330.38181155857,6013.862720980631,6034.26138802805,0.9966195254504736,20.398667047418236,0.09347045087304223,0.1962784111213003,0.9654686955224007,0.0,0.0,0.0,0.0,False,552.3108847625599,2.9134838102082545,1440,2023-10-04,0.07883046954508614,0.304
115,5,148,611.9951316141982,4949.048287625031,4701.5958732438085,4706.1678012461925,0.9990285242270424,4.571928002384104,0.13016753207075615,0.19566684495447315,0.980844737974283,0.0,0.0,0.0,0.0,False,498.78325042645986,1.9641395237544286,1440,2023-03-04,0.08315024351910826,0.3
116,5,245,204.83741262668806,8702.641782457516,8267.509693334614,8285.715078303367,0.9978027985760185,18.20538496875374,0.024776192617207447,0.19960064844753225,0.9890016718149173,0.0,0.0,0.0,0.0,False,750.5163538870387,1.7592530081232907,1440,2023-12-22,0.08816816601762201,0.321
117,5,252,862.8008947598332,8796.001426797513,8356.201355457653,8383.989623616008,0.9966855555164238,27.788268158354498,0.10325276498947879,0.20126439395086818,0.9432631623190189,3.5416666666666665,0.0,0.0,0.0,False,835.5862472949586,3.675932659824996,1440,2023-05-17,0.08354810390932638,0.328
118,5,125,437.7149183278213,4399.246771051054,4179.284432498481,4189.5612158742,0.9975470501930417,10.27678337571881,0.10473441695523565,0.1990749189695712,0.962667829658136,0.0,0.0,0.0,0.0,False,530.0825058914244,2.9962310970853423,1440,2023-08-04,0.07612859441780742,0.293
119,5,140,669.1046470249076,5471.421782318,5197.850693202063,5212.414619212438,0.997205915669737,14.563926010374804,0.1287271771580486,0.19793554455468013,0.962963938101138,0.0,0.0,0.0,0.0,False,462.68021006587134,3.0103675335602773,1440,2023-07-10,0.07505608583496706,0.298
120,5,201,826.119392691544,6909.663179691341,6564.180020706796,6578.427052962745,0.9978342798147268,14.24703225594881,0.1258526411654676,0.19726502471962673,0.9935972885980118,0.0,0.0,0.0,0.0,False,652.7362356601205,1.3523170097922343,1440,2023-11-28,0.07680792545372112,0.31
121,5,190,294.58690781902305,6955.315296434439,6607.549531612704,6637.161725128525,0.9955384251970676,29.6121935158205,0.04458338244906402,0.19960592026527263,0.9780496279836853,0.0,0.0,0.0,0.0,False,604.9644574227817,2.293206639232936,1440,2023-05-20,0.07982128954986048,0.315
122,5,280,896.858609558343,10122.586134300078,9616.456827585123,9649.896570753357,0.9965347044993641,33.439743168235104,0.0932628956421532,0.19783473211508562,0.9435605606581066,1.1805555555555556,0.0,0.0,0.0,False,845.4068700848541,3.5626245871418156,1440,2023-05-30,0.07710171461308739,0.353
123,5,213,1174.318966951224,7922.293601205488,7526.17892114522,7543.646607938355,0.9976844505448129,17.467686793134817,0.15603123168543193,0.19449329922511885,0.9899985649782648,0.0,0.0,0.0,0.0,False,768.6880116387795,1.6228486312463744,1440,2023-02-27,0.07893093198832604,0.324
124,5,196,732.2929170362478,7182.777383277907,6823.638514113989,6839.975000370176,0.9976116160870029,16.336486256186827,0.10731707365822146,0.1983303251151767,0.9612640474922941,0.0,0.0,0.0,0.0,False,601.8501435598184,2.963480055452922,1440,2023-05-24,0.08802079328518791,0.326
125,5,197,578.1127546330123,6419.554476455627,6098.576752632825,6109.037325137745,0.9982876888864509,10.460572504919167,0.09479470015416866,0.19404447286337936,0.9608129548200869,0.0,0.0,0.0,0.0,False,616.6742557232448,2.9071453151593705,1440,2023-10-04,0.08693470910879131,0.321
126,5,240,1012.6720034657097,9009.931789739827,8559.435200252814,8582.218560422694,0.9973452831561589,22.783360169881533,0.11831061042857118,0.19370361372642372,0.955791580790972,0.0,0.0,0.0,0.0,False,783.3491699710046,3.283740039348249,1440,2023-06-18,0.0957924930784592,0.328
127,5,226,832.6304054899417,7875.026680023656,7481.275346022465,7503.491961811438,0.9970391631120492,22.216615788972845,0.11129524940324814,0.19350425664674983,0.9492836865828981,0.3472222222222222,0.0,0.0,0.0,False,740.7308565448438,3.5904010490349068,1440,2023-08-14,0.10394342966917473,0.324
128,5,151,367.2554746274614,5443.201984840994,5171.041885598931,5180.442326631385,0.9981853979950459,9.400441032454077,0.07102156253080212,0.19639421538626692,0.9925920605800816,0.0,0.0,0.0,0.0,False,558.8466849543763,1.4292058825090168,1440,2023-01-12,0.11122755168469223,0.299
129,5,253,447.0484446982604,9018.608249570194,8567.677837091658,8588.423750526337,0.9975844329486645,20.745913434677018,0.05217848443867414,0.19571849271694056,0.993511026983073,0.0,0.0,0.0,0.0,False,850.7135339821739,1.7072550596343445,1440,2023-10-21,0.11087722930085528,0.339
130,5,256,387.7126685284308,9188.264602342239,8728.851372225106,8759.156232055158,0.9965402078662385,30.30485983005184,0.04441737543637399,0.19698961815255708,0.9892343061917368,0.0,0.0,0.0,0.0,False,849.1513480185292,1.6125719066293673,1440,2023-11-01,0.11229763663045671,0.336
131,5,293,1277.9748547400825,10277.743998940858,9763.856798993766,9782.984471679933,0.9980448018964418,19.127672686165205,0.13088832426053063,0.19433464025231312,0.9475485575139924,0.3472222222222222,0.0,0.0,0.0,False,1093.068717348411,3.561618904663879,1440,2023-06-28,0.11078800562815362,0.358
132,5,262,897.2215896589091,9724.823086017506,9238.581931716599,9264.303919339298,0.9972235380178964,25.721987622700375,0.09711680821692929,0.19402998409052716,0.9450901617262638,4.236111111111111,0.0,0.0,0.0,False,884.8817488182635,3.6946554331511234,1440,2023-05-16,0.11570452019423222,0.351
133,5,171,921.8361368750723,6286.022603076063,5971.721472922267,5987.484498179959,0.9973673376085594,15.763025257692194,0.15436690091039543,0.19276989960660346,0.9631814880579419,0.0,0.0,0.0,0.0,False,716.1514577314748,3.0433535119494124,1440,2023-09-25,0.12060647619849788,0.325
134,5,177,770.7600782127898,6172.348173361758,5863.73076469369,5871.75882221931,0.9986327678352113,8.028057525620182,0.13144533900731592,0.1933011054835383,0.9916473503338351,0.0,0.0,0.0,0.0,False,683.2074113547137,1.5995288067806632,1440,2023-02-15,0.12766173188621235,0.338
135,5,237,911.0461047636443,8584.06557343143,8154.862294759892,8165.700635859773,0.9986726991861196,10.838341099880033,0.11171814701874971,0.19107010253443585,0.9749104363803295,0.0,0.0,0.0,0.0,False,840.7788739145572,2.28291621433198,1440,2023-05-05,0.1324722282329504,0.444
136,5,237,919.7868428494386,9047.0884494488,8594.734026976355,8609.530484373081,0.9982813862586837,14.796457396722488,0.1070174876805375,0.191091112677032,0.9400352665186054,2.2222222222222223,0.0,0.0,0.0,False,938.9138624256096,3.7590470372370537,1440,2023-08-13,0.1416753266716444,0.387
137,5,246,1598.349481979832,8649.451436980245,8216.97886513119,8223.123243398994,0.9992527926329287,6.144378267801732,0.194517901069752,0.19097463221992697,0.9820976981324344,0.0,0.0,0.0,0.0,False,1011.4981112788898,1.920830685932283,1440,2023-01-23,0.14943702747503648,0.356
138,5,277,1113.6058056968113,10593.511194279788,10063.835634565768,10087.386494184837,0.9976653160228722,23.550859619069563,0.11065421238319548,0.19270148321728042,0.9362663761679131,2.986111111111111,0.0,0.0,0.0,False,967.4360049515815,3.869183199079517,1440,2023-07-11,0.15635391351238487,0.365
139,5,172,689.0123673455998,6282.911382847514,5968.76581370515,5973.786257886482,0.9991595875773587,5.020444181331949,0.11543632115093672,0.19340791952433065,0.9726950755401942,0.0,0.0,0.0,0.0,False,814.6646183987041,2.5375195985325343,1440,2023-09-15,0.15845327598722195,0.313
140,5,289,1829.3643801117692,10565.9975784049,10037.69769948459,10053.338398946868,0.9984442282909808,15.640699462276775,0.18224939970105916,0.19408928041263163,0.9705491655880221,0.0,0.0,0.0,0.0,False,1047.2749252856152,2.8027068683273377,1440,2023-09-11,0.1589082101153646,0.357
141,5,120,497.0582629429425,4553.335728054641,4325.668941651905,4328.879169877496,0.9992584158393865,3.210228225591493,0.11490899318640964,0.1936990066776492,0.983009669145519,0.0,0.0,0.0,0.0,False,517.3003098857863,2.0875223395185456,1440,2023-04-24,0.15806869944298496,0.328
142,5,133,224.77013289591312,4834.184433455643,4592.475211782847,4597.521003199672,0.9989024973647073,5.045791416825999,0.0489431346998289,0.19312512882350655,0.999403805052914,0.0,0.0,0.0,0.0,False,618.6083351862596,1.462742752945605,1440,2023-04-10,0.15857074278816016,0.318
143,5,296,880.9527963871577,10947.732492505089,10400.34586787992,10413.49594374523,0.9987372083365328,13.150075865312477,0.08470418268567999,0.19342315760840123,0.9370831457612254,8.055555555555555,0.0,0.0,0.0,False,1164.8140483530583,3.901629733837178,1440,2023-07-23,0.16057865230223883,0.387
144,5,290,1630.2923792710033,10572.202944348885,10043.592797131441,10055.624446008951,0.9988034906293378,12.031648877511365,0.1623216325274191,0.1939100550776673,0.9788115495871261,0.0,0.0,0.0,0.0,False,1039.3448545849815,2.0491508082417833,1440,2023-02-14,0.16185815870631337,0.385
145,5,174,853.2806716293786,6306.1350350736075,5990.828283319881,5999.25929091216,0.9985946585764262,8.43100759228042,0.1424311683252794,0.19016432437811412,0.9611071326290223,0.0,0.0,0.0,0.0,False,741.2567086467452,3.119665436460412,1440,2023-06-15,0.16211508664330435,0.34
146,5,145,813.3508957766097,5148.255145451563,4890.842388178971,4895.590170494019,0.9990301920402441,4.747782315047964,0.16630077831631948,0.19309140927572657,0.9487082566048157,0.5555555555555556,0.0,0.0,0.0,False,618.0639134727815,3.714901878643052,1440,2023-08-23,0.17105302031300837,0.343
147,5,176,157.52043252312168,6245.34167534882,5933.074591581363,5953.705596548589,0.9965347623202623,20.631004967226225,0.02654954528072724,0.1963358609908744,0.9506710969000068,0.0,0.0,0.0,0.0,False,556.0087457922593,3.4799097415245,1440,2023-07-01,0.17210921001023788,0.361
148,5,127,307.0032734751439,4595.939179265788,4366.142220302464,4374.488707524733,0.9980920085110947,8.346487222269442,0.07031453809442705,0.19402989597714457,0.996869191215907,0.0,0.0,0.0,0.0,False,471.8258551185537,1.4188226730609246,1440,2023-12-17,0.1659995749451525,0.294
149,5,281,979.0408162240217,9636.206316763983,9154.396000925808,9167.962395674087,0.9985202388314027,13.56639474827883,0.1069476146897085,0.19612716601012636,0.944321442955238,0.9722222222222222,0.0,0.0,0.0,False,1097.9606650241094,3.737742584565065,1440,2023-08-13,0.16648349512443264,0.341
150,5,239,1066.2496811693677,8815.846103530726,8375.053798354242,8383.970028919603,0.9989365144991448,8.91623056536012,0.12731257695071682,0.19787520943309614,0.9873119878583073,0.0,0.0,0.0,0.0,False,989.9895793091389,1.7735297221949256,1440,2023-10-25,0.16245027889479047,0.349
151,5,225,955.2983301032182,8081.340685389819,7677.27365112036,7679.343929873892,0.9997304094239772,2.070278753532039,0.12443197592205268,0.19679304951411133,0.9834094845250108,0.0,0.0,0.0,0.0,False,878.4262059643681,1.8672448917315978,1440,2023-02-10,0.15548424990888846,0.346
152,5,164,656.3986556351329,5510.415446609765,5234.89467427924,5241.041034976907,0.9988272633897256,6.146360697668058,0.12538908545003502,0.19374890558562535,0.9959640432620775,0.0,0.0,0.0,0.0,False,646.8767492303137,1.3828046837438015,1440,2023-10-22,0.15245252606622783,0.318
153,5,205,867.5461737731222,7388.9648623851745,7019.516619265933,7024.341929317812,0.999313058774696,4.825310051879924,0.12359058619393168,0.19485081458790676,0.9849532794847602,0.0,0.0,0.0,0.0,False,980.2815017405035,1.843416456419519,1440,2023-02-16,0.15703681835548722,0.336
154,5,154,271.0211000291949,5737.69792489378,5450.813028649107,5455.688305079228,0.9991063865533554,4.875276430121158,0.0497212248163212,0.19426254075792682,0.9778506628682094,0.0,0.0,0.0,0.0,False,549.1516354127313,2.2441987853456298,1440,2023-10-29,0.1585375116524803,0.31
155,5,259,630.4625070172305,9375.828400682045,8907.036980647892,8918.831801911418,0.9986775374258098,11.794821263526641,0.07078251818051517,0.19843260836419482,0.9845914048258919,0.0,0.0,0.0,0.0,False,1043.3993974904938,1.737232975086593,1440,2023-01-10,0.1613191416781343,0.342
156,5,205,729.5370619185591,7029.804234763136,6678.3140230249755,6688.604416861989,0.9984615035969131,10.290393837013273,0.10923970621976108,0.19617622586918432,0.9906716525256968,0.0,0.0,0.0,0.0,False,771.3399410122199,1.6120015653647801,1440,2023-12-04,0.15444866654665815,0.31
157,5,125,454.04849797747477,4316.232696986502,4100.421062137184,4102.705875534617,0.999443095979398,2.28481339743328,0.11073216411117051,0.1939117690758283,0.9847101061781219,0.0,0.0,0.0,0.0,False,508.01607248965786,1.9502221555341799,1440,2023-05-01,0.15410751663704111,0.294
158,5,166,244.26317031088027,5760.370000423342,5472.351500402145,5484.407872751867,0.9978017002692994,12.056372349722764,0.04463587002642835,0.1941364001014589,0.9622840690583944,0.0,0.0,0.0,0.0,False,719.2803080501715,3.1078323011367326,1440,2023-09-19,0.15912081320093932,0.319
159,5,247,1338.117376527349,9335.661482901714,8868.878408756715,8875.935519719662,0.9992049163778547,7.057110962945913,0.15087785792690028,0.1952385212534673,0.9827096763137025,0.0,0.0,0.0,0.0,False,993.9694128663562,2.060874373019333,1440,2023-11-29,0.16293044219059757,0.342
160,5,214,894.5526150600399,7552.268139154718,7174.654732196994,7184.865045372404,0.9985789137150201,10.21031317541005,0.12468232248802774,0.1960117541692716,0.9362719712385268,10.625,0.0,0.0,0.0,False,811.819263549985,3.9747549054141595,1440,2023-08-28,0.16379155278523239,0.329
161,5,187,823.7945308261111,6955.169160482536,6607.410702458403,6618.654579384296,0.9983011839051225,11.243876925893115,0.12467736121195008,0.19652045717856403,0.9881081069256693,0.0,0.0,0.0,0.0,False,797.8958427906036,1.5666093597526536,1440,2023-10-22,0.16297874113770716,0.315
162,5,165,257.6823733355988,5588.530120419122,5309.103614398167,5318.624248350741,0.9982099442434712,9.52063395257378,0.04853594731825729,0.19580628518198576,0.9888299102198007,0.0,0.0,0.0,0.0,False,585.1413496324789,1.7466028155502091,1440,2023-12-09,0.16138332234031544,0.314
163,5,136,463.35142803442477,4094.941982373203,3890.1948832545377,3894.413304701997,0.9989168018087947,4.218421447458829,0.11910751053345299,0.18905440232586507,0.9918221020588224,0.0,0.0,0.0,0.0,False,426.94980373839854,1.4969636742007175,1440,2023-04-15,0.161887851435775,0.306
164,5,230,689.8987907936291,7846.184003582887,7453.8748034037435,7466.858045441575,0.9982612175082453,12.983242037831594,0.09255572557760068,0.19399450017327066,0.9852341527108458,0.0,0.0,0.0,0.0,False,836.5727916764309,1.975371008282511,1440,2023-12-26,0.17769289687931492,0.375
165,5,239,831.0980745871806,8291.950347245993,7877.352829883651,7887.130006012667,0.9987603632599485,9.777176129014347,0.10550474157185313,0.1926457961390348,0.9463495161191734,0.9722222222222222,0.0,0.0,0.0,False,1017.2772705943981,3.5703854008276688,1440,2023-06-13,0.179768992961191,0.354
166,5,214,758.0857499509644,7382.716139222569,7013.580332261421,7018.5613169593225,0.9992903125764727,4.980984697901498,0.10808826790845802,0.192750808771422,0.9732506804902681,0.0,0.0,0.0,0.0,False,845.6084167241436,2.4721388008328176,1440,2023-10-08,0.18476472889505904,0.336
167,5,288,918.9338953290597,10802.936910091355,10262.790064586705,10277.732127746582,0.9985461711811365,14.942063159876513,0.08954035788961316,0.19623794798125066,0.9643196303617433,0.0,0.0,0.0,0.0,False,1125.8437148207406,2.9439684487005886,1440,2023-06-09,0.18889274941233047,0.382
168,5,287,1436.3946478167315,10000.185498088485,9500.176223184055,9519.537666418342,0.9979661361809,19.361443234290284,0.15119663194366653,0.1962279443598028,0.9333944033486157,11.597222222222221,0.0,0.0,0.0,False,1182.834901724912,4.3238563520443325,1440,2023-08-24,0.18471156216546208,0.355
169,5,157,661.419652276753,5789.2159082602075,5499.755112847235,5512.89713318579,0.9976161317686404,13.142020338554739,0.12026347331933016,0.19460701846425937,0.9945408149164036,0.0,0.0,0.0,0.0,False,725.9753654736148,1.5543958612485598,1440,2023-12-05,0.18157722311716254,0.329
170,5,230,696.3633817254484,8139.742270311425,7732.75515679588,7747.019899557121,0.9981586799897008,14.2647427612406,0.09005372181135907,0.19494855502289302,0.9486172587142323,0.8333333333333334,0.0,0.0,0.0,False,885.5408458350031,3.6381490886563936,1440,2023-05-26,0.18290543792550545,0.342
171,5,234,1023.7128334144858,8255.881578629096,7843.08749969762,7853.308885367019,0.9986984612704533,10.22138566939986,0.13052421427836342,0.19425441072478405,0.9809016591488622,0.0,0.0,0.0,0.0,False,898.2211842000636,2.281372313874526,1440,2023-03-04,0.1834692015920411,0.37
172,5,164,578.1667193707456,6229.434218399826,5917.962507479853,5929.345415024516,0.9980802421265896,11.38290754466289,0.0976969216415256,0.19501927378542513,0.9570452342769573,0.0,0.0,0.0,0.0,False,697.3784335878889,3.2799931118640524,1440,2023-06-08,0.18573460944487016,0.38
173,5,173,446.664427368601,6372.637050269174,6054.005197755715,6069.457529014513,0.997454083633516,15.452331258798433,0.07377998742620577,0.19710137745381362,0.9820399964438336,0.0,0.0,0.0,0.0,False,709.6003411516858,2.0224659522852395,1440,2023-10-10,0.18611327330445177,0.333
174,5,208,861.5452533386408,7957.29747241473,7559.432598794,7578.842863343477,0.997438888112675,19.410264549476636,0.1139695661121561,0.19546332715239417,0.9838295215341364,0.0,0.0,0.0,0.0,False,985.4405399872921,2.0966972832448993,1440,2023-04-11,0.1819805074489717,0.374
175,5,254,897.2918341401527,9056.425632873272,8603.604351229602,8619.149756095889,0.9981964108634622,15.545404866287694,0.10429254966982697,0.19364011451543592,0.9486559707616908,0.4861111111111111,0.0,0.0,0.0,False,1005.5392642626499,3.7644520858142827,1440,2023-05-18,0.18250483907009074,0.351
176,5,172,944.0811102493566,6243.851046780188,5931.658494441192,5938.6919901672645,0.9988156490119847,7.033495726073133,0.15915972086627964,0.19069626711419713,0.9875216475078958,0.0,0.0,0.0,0.0,False,683.3835648274319,1.8537029686769784,1440,2023-02-11,0.18725336644252233,0.342
177,5,250,960.9854611348445,8685.14318811149,8250.886028705849,8267.401051633493,0.9980023924296765,16.51502292764517,0.11647057755875645,0.19368272745466134,0.9499680904129799,0.1388888888888889,0.0,0.0,0.0,False,965.3932065096635,3.2997064209987563,1440,2023-08-10,0.1979938392674831,0.382
178,5,238,1346.5517144121104,8491.141730116418,8066.584643610573,8074.944974404859,0.9989646578619686,8.360330794285833,0.1669295958455844,0.19240269699257956,0.9885574185298301,0.0,0.0,0.0,0.0,False,967.1502123411431,1.642333987904292,1440,2023-01-20,0.20033186840569736,0.355
179,5,159,796.7703360895346,5273.959560309587,5010.261582294107,5015.709072182284,0.9989139143020895,5.447489888177584,0.15902769206806724,0.1892798311774161,0.9858852579929112,0.0,0.0,0.0,0.0,False,635.685945608177,1.9877611488687266,1440,2023-02-21,0.2053982238832197,0.331
180,5,190,1007.1141905361349,6855.438725336487,6512.666789069694,6525.866606080982,0.997977308178658,13.19981701128808,0.15463929341915508,0.19248273793292106,0.9908798985163253,0.0,0.0,0.0,0.0,False,816.3682399732797,1.6031891672828922,1440,2023-02-04,0.2168576214997264,0.371
181,5,270,825.2420133531349,9427.937157090018,8956.540299235527,8969.759425761986,0.9985262562908329,13.219126526461281,0.09213848046031482,0.19200010805964066,0.9529492598553139,0.0,0.0,0.0,0.0,False,1079.4920421590923,3.36155139414621,1440,2023-05-23,0.2193546078341748,0.401
182,5,272,1429.905103947773,9929.022337948722,9432.571221051297,9448.74772632365,0.9982879736298508,16.17650527235434,0.15159229338831373,0.1927499145339538,0.98116111938625,0.0,0.0,0.0,0.0,False,1131.4475956364286,1.966107497002612,1440,2023-04-04,0.22281397721996835,0.347
183,5,239,621.9274802123687,8328.908675125973,7912.46324136967,7937.6009542082875,0.9968330843306893,25.137712838617787,0.07860099456268832,0.19644922282650099,0.9498918748524335,0.06944444444444445,0.0,0.0,0.0,False,907.9666548113796,3.5490663395435833,1440,2023-08-07,0.22429440275841664,0.348
184,5,120,404.1297470273793,4352.510452773002,4134.884930134336,4144.494579978078,0.9976813457809389,9.609649843741547,0.09773663689699093,0.194901295447497,0.9779027595378157,0.0,0.0,0.0,0.0,False,474.41389047138665,2.2170703214207723,1440,2023-04-29,0.21751780380424637,0.336
185,5,243,1093.4461552356277,9012.22312422617,8561.611968014895,8583.740910635659,0.9974219931785983,22.128942620763898,0.12771498630405173,0.19336108626788162,0.9752844350265775,0.0,0.0,0.0,0.0,False,880.803520466152,2.422746119635829,1440,2023-03-18,0.21575690010234405,0.353
186,5,160,519.5084711800507,5863.2323284015265,5570.070711981487,5575.963258750441,0.9989432235300857,5.892546768953828,0.09326784129733996,0.19326623762647827,0.9956401356989886,0.0,0.0,0.0,0.0,False,627.9485627263784,1.7726863578362861,1440,2023-12-26,0.21806858302258197,0.356
187,5,268,1475.1855130388005,10081.669395846418,9577.585926054122,9590.753560175963,0.9986270490593652,13.167634121844344,0.1540247745547049,0.19214683444076136,0.9654094560431353,0.0,0.0,0.0,0.0,False,1082.8524070366334,2.6212884030021826,1440,2023-03-05,0.22046328448853578,0.364
188,5,285,1132.324511814242,9768.804773554537,9280.364534876799,9303.639549529988,0.9974982892953581,23.275014653188332,0.12201293468147953,0.1945326427765053,0.9404861764440442,2.4305555555555554,0.0,0.0,0.0,False,997.9966749632827,3.721606357813865,1440,2023-06-25,0.22523439094783795,0.366
189,5,197,837.1188612037099,6698.246505213076,6363.334179952405,6368.4945692374,0.9991897002927628,5.16038928499555,0.1315534965680478,0.19051466309138737,0.9777574593874733,0.0,0.0,0.0,0.0,False,735.8124064852132,2.195251733564119,1440,2023-03-04,0.22407586563781773,0.315
190,5,293,1507.7939793078058,10148.568010948144,9641.13961040073,9659.954246345736,0.9980523058945002,18.814635945005644,0.15639167569788306,0.19533439513315762,0.9891184934811077,0.0,0.0,0.0,0.0,False,1097.2507378960368,1.9069293884499525,1440,2023-03-02,0.23246286754249165,0.376
191,5,257,1042.2898799533148,9265.584197260956,8802.30498739791,8816.142022357813,0.9984304886508394,13.837034959902176,0.11841101636963738,0.19261930766525037,0.9926887170752853,0.0,0.0,0.0,0.0,False,952.8651995961795,1.628662446549135,1440,2023-10-23,0.22880233881767836,0.352
192,5,178,536.2022613246568,6074.218461732437,5770.507538645784,5779.08928928293,0.9985150340810515,8.581750637146136,0.09292116122085374,0.18959558921064718,0.9578905136445418,0.0,0.0,0.0,0.0,False,744.6893210277685,3.44624445755628,1440,2023-05-25,0.23221614288396117,0.347
193,5,279,1221.8358929774472,9868.65611380752,9375.2233081171,9393.868586413711,0.9980151650914536,18.645278296609533,0.1303260576118307,0.19334124214356774,0.9772375612264721,0.0,0.0,0.0,0.0,False,1085.9263187092101,2.3559725806939746,1440,2023-03-04,0.24211958727658206,0.343
194,5,189,685.6774817187072,6733.810380217329,6397.119861206483,6406.568575374695,0.9985251521064599,9.44871416821255,0.1071853422470327,0.18968464165158966,0.9868573248115156,0.0,0.0,0.0,0.0,False,681.7346287313144,1.8046322158180348,1440,2023-12-11,0.24213484423107517,0.348
195,5,138,693.944571774121,4974.234681697358,4725.522947612499,4740.114110086357,0.9969217697854973,14.591162473858276,0.14685032312132276,0.1905410315041342,0.9906069656601155,0.0,0.0,0.0,0.0,False,523.94938195929,1.6791078634987309,1440,2023-01-17,0.25070733879444196,0.322
196,5,227,820.6395628334202,8334.741632373434,7918.004550754785,7931.809574240351,0.998259536697603,13.805023485566082,0.10364221914411412,0.19138435434068884,0.9922115240640661,0.0,0.0,0.0,0.0,False,826.0003662603247,1.6188500065062166,1440,2023-11-11,0.2561542251943307,0.338
197,5,273,1384.4746551043177,9597.198539392171,9117.338612422529,9137.777261806848,0.9977632799751263,20.43864938431998,0.1518507443847646,0.18941646238849905,0.9831320461838882,0.0,0.0,0.0,0.0,False,965.2543345391857,1.9214506901298456,1440,2023-04-05,0.25908720635678695,0.343
198,5,238,831.1902197517446,8421.70741306488,8000.622042411696,8019.632510645497,0.9976295088074715,19.010468233800836,0.10389069941631586,0.190122561428418,0.9714323525329822,0.0,0.0,0.0,0.0,False,927.1972945923626,2.5585147843738283,1440,2023-11-07,0.2662921304621446,0.333
199,5,191,799.4114887976222,7138.982242769149,6782.033130630656,6791.9601763431565,0.998538412261739,9.927045712500988,0.11787195276105729,0.19254726681146217,0.9549659308393987,0.0,0.0,0.0,0.0,False,711.619686262648,3.2319757609052724,1440,2023-09-06,0.27099652378718814,0.356
200,5,283,1675.189904881641,10196.603034212312,9686.772882501644,9712.604115233189,0.9973404421280765,25.8312327315426,0.17293580898420086,0.18836042342764267,0.9834481842693844,0.0,0.0,0.0,0.0,False,931.3248402219366,2.0325048219174464,1440,2023-01-19,0.2697983232639527,0.38
201,5,206,181.2508188366196,7123.473472483207,6767.299798859035,6780.592910158452,0.9980395355575025,13.29311129941733,0.026783329278123373,0.1894353753541148,0.9486613517884954,0.3472222222222222,0.0,0.0,0.0,False,735.2251719430521,3.5767302389760736,1440,2023-07-01,0.2786327971183851,0.369
202,5,189,493.79898304240464,7215.1639356130245,6854.405738832371,6866.929842155701,0.998176171358786,12.524103323329951,0.07204110784467829,0.19446283993504948,0.9953872013470761,0.0,0.0,0.0,0.0,False,724.8287968563108,1.6478829522337348,1440,2023-01-12,0.2838637131959866,0.356
203,5,146,978.0242149024045,5342.308228362395,5075.192816944278,5085.3897122463295,0.9979948645277872,10.19689530205103,0.19270680941167925,0.18444174387795584,0.9926591879305572,0.0,0.0,0.0,0.0,False,652.2217267351527,1.447864298510292,1440,2023-01-24,0.277264881983259,0.314
204,5,158,480.4812773163924,5688.75150810867,5404.3139327032295,5405.927216332329,0.9997015713374339,1.6132836291013701,0.08890698862048829,0.18840232375817736,0.9547566359420737,0.0,0.0,0.0,0.0,False,723.2392167028147,3.2854066323832107,1440,2023-05-26,0.29481014114478515,0.341
205,5,246,382.65465738427065,8545.24610264636,8117.983797514089,8137.885197381102,0.9975544752249125,19.90139986701425,0.04713666187673942,0.19313057309864987,0.9417973961619602,1.9444444444444444,0.0,0.0,0.0,False,927.8010184626663,3.649899097562633,1440,2023-08-02,0.30071295654960983,0.374
206,5,264,862.242366480348,9608.789486230236,9128.350011918741,9141.375581793809,0.9985750973955156,13.02556987506678,0.0944576364134298,0.19092190113343183,0.946468498727824,1.3194444444444444,0.0,0.0,0.0,False,948.8409024842317,3.6409634642004454,1440,2023-08-01,0.2953765316694976,0.353
207,5,172,770.9028039050348,5954.50046152181,5656.7754384457285,5667.075981380448,0.998182388418902,10.300542934719303,0.13627954870997147,0.1856641701371731,0.9825375375056407,0.0,0.0,0.0,0.0,False,707.434705503295,2.035668494944373,1440,2023-04-06,0.2964203750322159,0.322
208,5,233,749.2442482879977,8798.991568837657,8359.041990395772,8379.34834833186,0.9975766184801077,20.306357936089288,0.08963278915799819,0.1904440853583229,0.9674451668659036,0.0,0.0,0.0,0.0,False,909.5392968326645,2.6176645248607966,1440,2023-08-12,0.30953924940730115,0.353
209,5,277,1473.800262831531,10423.282983483712,9902.118834309582,9925.306167723526,0.9976638168110776,23.187333413945876,0.1488368588069253,0.18705902988711673,0.9842814454862976,0.0,0.0,0.0,0.0,False,1009.4781051380754,1.7647315877392962,1440,2023-02-23,0.3099963311529236,0.399
210,5,146,472.91704924397175,5356.287814923834,5088.473424177624,5101.267931960394,0.9974918965336814,12.794507782770552,0.09293888555984793,0.18944996546970813,0.967305201094591,0.0,0.0,0.0,0.0,False,545.1682578872103,2.7636179536606957,1440,2023-10-04,0.31845616709171926,0.336
211,5,169,679.116605306397,6142.8307639393115,5835.689225742351,5846.304314018091,0.9981843079481362,10.615088275740488,0.11637299023921334,0.19058288592656958,0.9448427250481172,2.986111111111111,0.0,0.0,0.0,False,618.1131881701117,3.6884226121554624,1440,2023-08-31,0.3204914792875693,0.332
212,5,214,809.5059533266685,7578.83946521207,7199.897491951434,7217.564910548774,0.997552163532119,17.66741859733973,0.11243298314060621,0.19152818061422117,0.9444232073646835,5.486111111111111,0.0,0.0,0.0,False,745.2859562328426,3.7238006985299705,1440,2023-08-19,0.32009815974282574,0.336
213,5,221,1041.9550562286483,8369.455988942243,7950.983189495102,7957.03171010416,0.9992398521421779,6.048520609056913,0.13104732224881158,0.191673763010744,0.9471617448747961,0.9027777777777778,0.0,0.0,0.0,False,888.4005964151067,3.5183061927192054,1440,2023-06-28,0.31812744676348625,0.338
214,5,192,647.4201624771247,7021.019394096059,6669.9684243912325,6684.424907008541,0.9978372884999949,14.456482617307316,0.0970649516284951,0.18950904828665924,0.9929782038892595,0.0,0.0,0.0,0.0,False,636.8787155600787,1.4969183660250873,1440,2023-01-08,0.31664690695712727,0.322
215,5,192,305.22533863336724,7187.662332792616,6828.279216152967,6843.714031896006,0.9977446726045093,15.434815743039568,0.04470018418569156,0.1941598954438662,1.0001888763969617,0.0,0.0,0.0,0.0,False,793.9939240787307,1.499149207771989,1440,2023-03-13,0.3207493950906936,0.317
216,5,143,252.77939209595394,5139.028008609011,4882.076608178568,4893.659507616692,0.9976330802296122,11.58289943812615,0.05177702284976275,0.19326078562750454,0.9978757594462446,0.0,0.0,0.0,0.0,False,553.1579113517112,1.3385528427532867,1440,2023-10-21,0.31409152707949806,0.307
217,5,230,732.8270464630218,8733.3696684868,8296.70118506248,8315.070179940718,0.9977908791530646,18.368994878238794,0.08832752079614678,0.19434938108094207,0.9448732791436708,3.4722222222222223,0.0,0.0,0.0,False,795.8859866719886,3.644093488549767,1440,2023-05-31,0.3110802349851621,0.341
218,5,288,503.89052073342464,10431.482778680145,9909.908639746205,9930.260993345655,0.9979504714314067,20.352353599450858,0.050847140882050494,0.19614978730656146,0.987878579798239,0.0,0.0,0.0,0.0,False,1229.2272953982515,1.8258189655050794,1440,2023-11-03,0.3065588222580835,0.35
219,5,155,525.8911905850015,5374.277609234271,5105.563728772568,5120.244244247535,0.9971328485957559,14.680515474967784,0.1030035503467178,0.19250344644328174,0.992890125195815,0.0,0.0,0.0,0.0,False,511.45501880795086,1.7077868381844008,1440,2023-10-31,0.29917330901473,0.305
220,5,264,952.0148540586463,9704.773081371863,9219.534427303275,9237.531860781268,0.9980517053960699,17.99743347799233,0.10326062140831029,0.19292824299200517,0.9412815096270398,1.1111111111111112,0.0,0.0,0.0,False,1068.331994801625,3.6934562734980374,1440,2023-08-09,0.3016616759970985,0.347
221,5,152,631.4411630369897,5519.249396655398,5243.286926822653,5255.624918009585,0.9976524216664221,12.337991186931333,0.12042849682834976,0.1907900125732484,0.9519259477812131,0.0,0.0,0.0,0.0,False,546.1365349971115,3.361070928873826,1440,2023-06-25,0.30307140502620145,0.314
222,5,127,500.32958736608015,4767.750854656826,4529.363311923986,4542.765785419614,0.9970497106545434,13.402473495629952,0.11046355810074106,0.193461661705328,0.968392407786127,0.0,0.0,0.0,0.0,False,547.0515245789643,2.7179780539228595,1440,2023-05-07,0.3093637945420863,0.303
223,5,255,1030.6630709326132,9421.814969863452,8950.724221370316,8970.675033007023,0.9977759966152715,19.950811636707574,0.11514856736082338,0.1930842782615658,0.9411711807093063,3.9583333333333335,0.0,0.0,0.0,False,922.8549640595397,3.678622758994151,1440,2023-08-31,0.3088469949789527,0.348
224,5,152,316.1610932826071,5508.833797186055,5233.392107326761,5247.845276444701,0.997245885052516,14.45316911793999,0.06041226928897241,0.19208093667136927,0.9984397255425657,0.0,0.0,0.0,0.0,False,516.5930804004611,1.381361641098261,1440,2023-10-18,0.30960958499164437,0.309
225,5,256,571.6201218898094,9033.493994252367,8581.819294539715,8604.153708502476,0.9974042288504574,22.334413962759918,0.06660826827867485,0.19553016600374634,0.9815668349588147,0.0,0.0,0.0,0.0,False,915.6174901376052,1.9193819182420733,1440,2023-12-16,0.31282296166666157,0.343
226,5,179,468.64895964511953,6389.801411931721,6070.311341335178,6084.31271950849,0.9976987740737885,14.001378173312512,0.07720344695566128,0.19339935847848824,0.9554003548775349,0.0,0.0,0.0,0.0,False,649.2677712618994,3.2516109622529736,1440,2023-05-27,0.3080288501752585,0.331
227,5,222,1125.0682763757843,8051.54431321134,7648.967097550723,7663.994411046973,0.9980392321953433,15.027313496250514,0.14708760830413856,0.19069777820572276,0.9830852521151254,0.0,0.0,0.0,0.0,False,890.2880760664272,1.929191291575278,1440,2023-01-17,0.3092113696137794,0.318
228,5,290,1024.167383446686,10495.13350960395,9970.376834123777,9992.202588266668,0.9978157214137633,21.825754142888094,0.1027210305573864,0.194941063600894,0.9850980243606208,0.0,0.0,0.0,0.0,False,1137.0349770454113,1.993362791485701,1440,2023-01-08,0.31656597285439403,0.348
229,5,286,1723.3108754379095,10645.160979893113,10112.902930898454,10129.74090837465,0.9983377681987625,16.83797747619517,0.1704071409775518,0.1901377213560826,0.9248396201006748,14.444444444444445,0.0,0.0,0.0,False,1097.214484352938,4.370493036134857,1440,2023-08-23,0.31336737439746437,0.379
230,5,206,886.383208712177,7535.388376387157,7158.618957567844,7168.166388685446,0.9986680790316653,9.547431117602274,0.12382042038641033,0.19096143907288052,0.9883449050764156,0.0,0.0,0.0,0.0,False,761.8331003600434,1.7085511074457949,1440,2023-03-06,0.3218689625027016,0.329
231,5,157,608.7476608862789,5582.315316090568,5303.199550285996,5311.9381917794435,0.9983549052760119,8.738641493448103,0.11478875254721459,0.18719235377428417,0.9767042303885628,0.0,0.0,0.0,0.0,False,611.797894525484,2.296212758895372,1440,2023-09-15,0.32730998205629186,0.321
232,5,165,603.6534362752213,5502.0294007115635,5226.927930676013,5240.708822391515,0.997370414540754,13.78089171550253,0.11548914472925384,0.18811722774177272,0.9655497373031174,0.0,0.0,0.0,0.0,False,551.3498211025562,2.8606163015448054,1440,2023-10-05,0.34059516766736186,0.339
233,5,274,1128.9847136119224,9853.277450129985,9360.613577623502,9377.658569698966,0.9981823829531884,17.044992075462318,0.12061011858354612,0.19008616634654657,0.9863669918729473,0.0,0.0,0.0,0.0,False,987.6644846548269,1.753845527928659,1440,2023-11-20,0.34978273204065446,0.35
234,5,226,822.1236795936073,8133.972480555499,7727.273856527692,7738.780597171786,0.9985131067485878,11.506740644094844,0.10639246063462732,0.19007548508991925,0.950715601009082,0.0,0.0,0.0,0.0,False,850.2492326461802,3.3425328318330996,1440,2023-07-05,0.3532968102914587,0.348
235,5,150,683.027133820435,5474.568939560247,5200.8404925822,5208.7877204976885,0.9984742653488805,7.947227915489685,0.1313301445784803,0.18820003474450064,0.9827430807525911,0.0,0.0,0.0,0.0,False,607.9855987379176,2.011370296593315,1440,2023-03-04,0.35662779740218625,0.323
236,5,280,1082.6605632378871,9388.736045105497,8919.299242850218,8936.214515648622,0.9981071098093289,16.91527279840248,0.12138403856174648,0.1905055936390538,0.9738389823498081,0.0,0.0,0.0,0.0,False,1012.1211605695612,2.5038673799787703,1440,2023-03-10,0.3640085761134642,0.342
237,5,294,452.67166371431927,10600.361877487398,10070.343783612989,10091.273065463576,0.9979260018319972,20.929281850586296,0.04495096428097432,0.19003535771878005,0.9811698896627067,0.0,0.0,0.0,0.0,False,1225.2157694399357,2.1679346226951726,1440,2023-12-29,0.3653156898325169,0.378
238,5,295,1096.510699231626,10943.476003093645,10396.302202939041,10419.892266854717,0.9977360549119385,23.590063915674616,0.10547122215451199,0.19390696105728356,0.9712571663502153,0.0,0.0,0.0,0.0,False,1116.165271141087,2.449546275500081,1440,2023-01-03,0.36789413194642234,0.365
239,5,232,634.8810294233418,8336.240119176297,7919.428113217438,7928.160963908715,0.9988985023473879,8.732850691276939,0.08016753487082387,0.19259003372315264,0.9571172075694387,0.0,0.0,0.0,0.0,False,1007.4553260910174,3.2727601818447205,1440,2023-09-24,0.3617440102399748,0.345
240,5,296,1333.4433746004734,10032.843963278952,9531.201765115056,9552.579073351004,0.9977621427604212,21.377308235945613,0.13990296370400848,0.1933889014627953,0.9857471375175028,0.0,0.0,0.0,0.0,False,994.9906643394465,1.792404524361228,1440,2023-02-02,0.3600916513237471,0.366
241,5,229,987.3826482579408,8405.042264178428,7984.790150969531,8002.4711384613265,0.9977905590428415,17.680987491796195,0.1236579333444412,0.1926190289275377,0.9817610105153165,0.0,0.0,0.0,0.0,False,926.3159731293183,1.8845685411306174,1440,2023-03-28,0.35734281009041136,0.331
242,5,210,361.0191832992131,7322.506283719715,6956.380969533723,6963.278091718896,0.9990095006842574,6.897122185172098,0.051897557779014475,0.19366152040559884,0.9952319897794476,0.0,0.0,0.0,0.0,False,774.3890771286169,1.6517943542867055,1440,2023-11-03,0.3572065052349326,0.351
243,5,295,880.8003439278164,9911.37534944403,9415.806581971801,9438.636845375655,0.9975811906128119,22.830263403854477,0.09354486376284128,0.19383432868740313,0.928903654884525,8.333333333333334,0.0,0.0,0.0,False,1099.4625465144632,4.237789780944002,1440,2023-06-06,0.3551209040785352,0.364
244,5,229,753.9444802599406,7680.736069796492,7296.6992663066685,7320.086637300826,0.9968050417771037,23.387370994156523,0.10332678554279526,0.1953048753218696,0.9642543240693003,0.0,0.0,0.0,0.0,False,865.2575173114736,2.8789501754564215,1440,2023-05-06,0.3533805284990776,0.342
245,5,262,950.5165672528664,9603.90101962519,9123.70596864394,9137.916145046538,0.9984449215579309,14.210176402596378,0.1041809732272797,0.19150984516194586,0.9759359851597311,0.0,0.0,0.0,0.0,False,965.5652680352027,2.3493872207174724,1440,2023-04-12,0.3489877816735918,0.352
246,5,181,675.949652697735,6233.958660009326,5922.260727008892,5930.220897994051,0.998657694018135,7.960170985158168,0.11413709795231042,0.18828113148301373,0.9922161748464133,0.0,0.0,0.0,0.0,False,597.4543305467608,1.436654040833671,1440,2023-02-24,0.3542471583069381,0.322
247,5,262,671.2132337334193,9578.994184770734,9100.044475532133,9112.477541918233,0.9986355997774582,12.433066386098954,0.07375933552172771,0.19240770120842482,0.9883196476272393,0.0,0.0,0.0,0.0,False,992.4624795019627,1.8067021946195962,1440,2023-12-17,0.3661437731331152,0.335
248,5,296,893.2971104540206,10210.053247859389,9699.550585466473,9718.5474148598,0.9980453015679812,18.996829393329115,0.09209675258485803,0.19256885721821382,0.9516746945814396,0.0,0.0,0.0,0.0,False,999.3728766125905,3.6167848583889404,1440,2023-08-05,0.3669622265377312,0.351
249,5,129,496.80877927171974,4622.5324654232345,4391.405842152057,4409.392752133648,0.9959207739040965,17.986909981591126,0.11313205773489911,0.19081077773282915,0.9459000885542445,1.25,0.0,0.0,0.0,False,484.17666857649067,3.701300996484062,1440,2023-08-27,0.36763400317897754,0.302
250,5,217,747.9961786328413,7513.74405140201,7138.056848831899,7161.54833939614,0.9967197749074717,23.491490564240813,0.10478988812694123,0.1915037573541178,0.9640005870444295,0.0,0.0,0.0,0.0,False,809.8806932751568,2.873387590922531,1440,2023-05-12,0.3724986604731795,0.319
251,5,186,655.4042680213784,6665.018156747776,6331.767248910439,6340.8883810788075,0.9985615371821421,9.12113216836842,0.10351048013240843,0.19164253788368485,0.990685453650861,0.0,0.0,0.0,0.0,False,713.0657443843145,1.5843693721046423,1440,2023-11-27,0.375290643274,0.302
252,5,129,695.3110205849124,4773.970469454036,4535.271945981322,4547.138851682844,0.9973902477824863,11.866905701522441,0.15331186946816353,0.18949288160683966,0.9983353324207904,0.0,0.0,0.0,0.0,False,488.3045166304597,1.34856658909951,1440,2023-02-09,0.37763678545542473,0.284
253,5,135,608.7091096257086,4810.202540558655,4569.692413530704,4579.722214981473,0.9978099541893699,10.029801450768579,0.13320570719887878,0.1890765419911181,0.9953549876583809,0.0,0.0,0.0,0.0,False,542.4888613553773,1.3825303866381435,1440,2023-04-07,0.38476829892928194,0.288
254,5,168,561.7906554245257,6221.607775478475,5910.527386704571,5924.136857322948,0.9977027082685379,13.609470618378163,0.09504915867376658,0.19359976027208753,0.9964830804999155,0.0,0.0,0.0,0.0,False,590.8710954979509,1.4214717664787595,1440,2023-11-22,0.39193562976339924,0.306
255,5,155,595.7388411408068,5243.450454926525,4981.277932180207,4991.537391175723,0.9979446294414916,10.25945899551606,0.11959558355340828,0.18954638075094513,0.9951260330569197,0.0,0.0,0.0,0.0,False,610.6644414218198,1.4216185290688708,1440,2023-02-01,0.38803842619895595,0.293
256,5,249,762.4898209164478,8753.107945813226,8315.45254852258,8334.092350986088,0.9977634274161479,18.639802463506033,0.09169552907278877,0.1902921995274199,0.9557513239770447,0.0,0.0,0.0,0.0,False,1013.4064266419443,3.1491540208221,1440,2023-05-23,0.39436077925636737,0.325
257,5,158,578.6890091703272,5619.733812532582,5338.747121905963,5345.177743391816,0.9987969302809802,6.430621485852681,0.10839415989490282,0.19053224738777702,0.9897795881595824,0.0,0.0,0.0,0.0,False,584.5979961453274,1.8334179386410046,1440,2023-04-30,0.39826325041768096,0.294
258,5,233,984.5983882397253,8912.065344442959,8466.462077220836,8488.048367138406,0.9974568606369938,21.58628991757165,0.11629395835703374,0.18981702804344694,0.9766741682299088,0.0,0.0,0.0,0.0,False,902.427355854802,2.1361867024495313,1440,2023-04-18,0.40133050968455736,0.316
259,5,275,864.5305847987554,9692.279805644632,9207.665815362387,9225.481509324001,0.9980688602601817,17.815693961614073,0.09389248069324398,0.1940342620275582,0.983828212577328,0.0,0.0,0.0,0.0,False,1049.2351189540536,1.8210113603152258,1440,2023-11-22,0.4058669482534123,0.327
260,5,209,807.8078850257716,7534.770947640347,7158.032400258318,7177.533275291753,0.9972830672759727,19.5008750334348,0.11285334290979453,0.19133224933413848,0.9598515243604662,0.0,0.0,0.0,0.0,False,787.8968063964502,2.8391529555064015,1440,2023-09-03,0.4005164712420736,0.31
261,5,142,512.4823721894585,5155.903891377834,4898.108696808924,4908.987740344411,0.99778385196482,10.879043535487744,0.10462862380398712,0.19198799326541832,0.9654627496028675,0.0,0.0,0.0,0.0,False,584.1861235379051,2.82589252175564,1440,2023-05-12,0.4026139050918191,0.295
262,5,132,436.21726962291007,5054.646642796169,4801.914310656379,4808.915371728825,0.998544149661355,7.001061072446383,0.09084236856431598,0.18713383339570228,0.9888105649287363,0.0,0.0,0.0,0.0,False,484.6799585668969,1.645106684410179,1440,2023-12-12,0.4032498158595289,0.291
263,5,173,853.9925298124343,5992.601411872046,5692.971341278455,5702.755950506262,0.998284231464098,9.78460922780692,0.15000822569056804,0.1871033047665034,0.9938482033068505,0.0,0.0,0.0,0.0,False,583.4244299657939,1.3745911254807535,1440,2023-02-23,0.4150810045172869,0.308
264,5,194,337.3122624907828,6911.110433183973,6565.554911524777,6582.291389100912,0.9974573478160131,16.736477576134796,0.05137604772731172,0.1954470732888128,0.9950581161947706,0.0,0.0,0.0,0.0,False,762.1660884764073,1.6396559805534912,1440,2023-11-03,0.42525795318940574,0.298
265,5,209,886.038278429334,7390.80791898337,7021.267523034196,7029.6645926525525,0.9988054807583375,8.397069618357111,0.1261934936281189,0.18992535823648932,0.98855825026097,0.0,0.0,0.0,0.0,False,678.1085915878757,1.6714372238459894,1440,2023-02-16,0.41527086771357946,0.326
266,5,175,526.981253803282,6357.881449253382,6039.987376790722,6053.021460458722,0.9978466814047918,13.034083667999228,0.08724873429839641,0.19112103403154546,0.9948393625162288,0.0,0.0,0.0,0.0,False,665.4134266098056,1.475863445905161,1440,2023-01-29,0.41993270453620557,0.33
267,5,273,1126.5438852059058,9586.894069246435,9107.549365784107,9124.518268672648,0.9981402960256214,16.968902888539834,0.12369341520543237,0.18823466942058964,0.9280583732241173,7.083333333333333,0.0,0.0,0.0,False,1014.0916592819206,4.221569661543022,1440,2023-08-20,0.42147563554360573,0.349
268,5,222,983.8853096899252,7865.902498926254,7472.607373979939,7487.917767290032,0.9979553203192248,15.310393310093106,0.13166559681910653,0.18701741247379638,0.9482776197999747,0.9027777777777778,0.0,0.0,0.0,False,790.312841558034,3.500100961364688,1440,2023-06-28,0.4296482490225991,0.33
269,5,294,1055.7472507821756,10628.278050504974,10096.86414797975,10107.783887592032,0.9989196702527755,10.919739612282047,0.10456189518935112,0.19069784685436164,0.983234115435932,0.0,0.0,0.0,0.0,False,1038.7880174713814,2.070233579990037,1440,2023-02-17,0.4395134344650492,0.332
270,5,289,541.5390301440738,10210.630873236063,9700.099329574175,9721.461054778429,0.9978026219429482,21.36172520425513,0.05582819430446459,0.19048581850545102,0.9430477803950428,1.9444444444444444,0.0,0.0,0.0,False,1044.9732759917188,3.647567059874646,1440,2023-05-28,0.43977373483904764,0.344
271,5,248,1052.512111404803,8846.739857005203,8404.402864154938,8416.66557884707,0.9985430436106488,12.262714692133095,0.12523341972263166,0.18802077095241337,0.9778777489359585,0.0,0.0,0.0,0.0,False,890.8720284283058,1.8866685624155237,1440,2023-12-06,0.44092414658057727,0.325
272,5,124,302.09084144700637,4087.9789898181593,3883.580040327257,3889.403232574653,0.998502805726435,5.823192247396094,0.07778669122564295,0.1864891584980105,0.99173902985518,0.0,0.0,0.0,0.0,False,419.3986783560954,1.3894893436590543,1440,2023-01-12,0.447866542042863,0.28
273,5,158,474.54548124372826,5811.527289968102,5520.950925469707,5528.160659672735,0.9986958168101694,7.209734203028471,0.08595357713732174,0.19200428491118088,0.9668086516786736,0.0,0.0,0.0,0.0,False,666.5400767077883,2.7094408465705944,1440,2023-05-21,0.4574655478874774,0.297
274,5,255,886.5884026618254,8997.622345038251,8547.741227786333,8563.151692585167,0.9982003746573616,15.410464798834512,0.10372195168704601,0.1912244384250721,0.958163870809604,0.0,0.0,0.0,0.0,False,975.0547222507714,3.013934706401459,1440,2023-09-30,0.4534112602086351,0.319
275,5,218,904.5211930511299,8022.960431914341,7621.812410318632,7638.486401079468,0.9978171080125927,16.673990760836325,0.11867534181588657,0.1882324401311708,0.9564696709855243,0.0,0.0,0.0,0.0,False,831.5774741786568,3.2697962886168828,1440,2023-09-04,0.4523222704137469,0.315
276,5,290,1072.9380042577295,10254.390208565417,9741.67069813716,9755.5301854471,0.9985793199296729,13.859487309937247,0.1101390138821774,0.19050013566120177,0.9886951613272268,0.0,0.0,0.0,0.0,False,992.3357436539757,1.8036685920932811,1440,2023-01-13,0.4586218528178607,0.337
277,5,247,750.3520688259371,8527.846484886912,8101.454160642553,8109.979938468695,0.9989487300966429,8.525777826141447,0.09261943028341768,0.1859837959155925,0.9378347083347441,8.472222222222221,0.0,0.0,0.0,False,904.3632084225605,3.8281665937068263,1440,2023-06-01,0.45914758179202353,0.349
278,5,268,442.36067365963623,9373.060308097225,8904.407292692342,8922.110949772727,0.9980157546594021,17.703657080384065,0.0496788454434999,0.18835289345604841,0.9487999877410905,0.20833333333333334,0.0,0.0,0.0,False,982.2418919951295,3.578967767494717,1440,2023-09-19,0.47020492261591457,0.343
279,5,129,390.1067632431409,4784.608928782155,4545.378482343049,4556.245911435875,0.997614828237091,10.867429092825777,0.08582492409786059,0.18834010421470268,0.9703307390047857,0.0,0.0,0.0,0.0,False,569.0971783074226,2.6146488730244357,1440,2023-05-21,0.4744211360132219,0.301
280,5,173,587.0691202514406,6161.8197906135,5853.728801082813,5858.650321037947,0.9991599566989925,4.92151995513465,0.10028977087951965,0.1869122134317099,0.99296369205522,0.0,0.0,0.0,0.0,False,596.9168147798389,1.5119880671833732,1440,2023-04-09,0.4784052378512933,0.312
281,5,243,1243.4858272885967,8657.122708036053,8224.266572634211,8235.082711765896,0.9986865779603852,10.816139131685176,0.15119716953560655,0.18991471271930832,0.9638009962019473,0.0,0.0,0.0,0.0,False,907.7990731760838,2.49615890843782,1440,2023-03-05,0.485388268372749,0.316
282,5,234,1132.8551886712442,7983.778703958481,7584.5897687606,7590.131832784218,0.999269832969214,5.5420640236179946,0.14936275042023325,0.1876642615775516,0.9912649312654515,0.0,0.0,0.0,0.0,False,920.0924973078012,1.6752953810103823,1440,2023-10-16,0.48487345872123166,0.32
283,5,186,707.3461296906173,6211.423649437972,5900.852466966067,5911.650853696954,0.9981733720413929,10.798386730886106,0.11987185472784756,0.18840253596771722,0.9802596032166822,0.0,0.0,0.0,0.0,False,645.0862330497862,2.1794283382567508,1440,2023-09-10,0.49002939043300503,0.315
284,5,148,88.43842510573437,5371.182709280036,5102.623573816033,5110.007431133756,0.9985550202387701,7.383857317723064,0.017331951657095307,0.1944770483634319,0.9691615525567873,0.0,0.0,0.0,0.0,False,508.59630609666266,2.8253018937227248,1440,2023-10-13,0.4931098053456734,0.309
285,5,226,886.7568447837739,7868.236885523812,7474.825041247635,7483.249764291846,0.9988741892480442,8.424723044211195,0.1186324549257629,0.18801126337779556,0.9571557458083808,0.0,0.0,0.0,0.0,False,841.7963642115392,3.180543590547723,1440,2023-09-04,0.48248635758706426,0.327
286,5,135,576.710755150513,5054.493816834897,4801.769125993147,4809.70037773348,0.9983509883948175,7.931251740332048,0.1201038075797183,0.18459472503443933,0.9673455769603381,0.0,0.0,0.0,0.0,False,530.6149433660146,2.7878494638489677,1440,2023-05-10,0.48881176317968716,0.297
287,5,241,870.1422738532997,8563.407901811512,8135.237506720913,8146.910576580284,0.9985671783494313,11.673069859370937,0.10695966443935202,0.18854865570003934,0.9387566653041534,5.0,0.0,0.0,0.0,False,913.8135975097355,3.7525367584094798,1440,2023-08-13,0.5021587357574472,0.316
288,5,265,1235.9723296346463,9424.25732475371,8953.044458515971,8965.34545104397,0.9986279399276727,12.30099252799956,0.13805050732871232,0.1881099006499362,0.9633565612625091,0.0,0.0,0.0,0.0,False,978.5026580747758,2.4478729868509657,1440,2023-10-09,0.5047102335703333,0.318
289,5,241,1462.3507086396155,8692.468051062242,8257.8446485091,8271.699750305132,0.9983249994300725,13.855101796031914,0.17708624597383693,0.18885551997261438,0.9839015185709014,0.0,0.0,0.0,0.0,False,961.016951204106,1.9701993955775157,1440,2023-01-22,0.5083111978983721,0.307
290,5,131,445.1711890154573,4957.94023688128,4710.043225037184,4720.072168650062,0.9978752562980947,10.02894361287823,0.09451530861735198,0.18549237857774714,0.9568015831952382,0.0,0.0,0.0,0.0,False,490.1142116487026,3.2250921261528225,1440,2023-08-01,0.5101088308522805,0.29
291,5,214,944.092323772652,7466.019286032086,7092.718321730436,7105.070640785914,0.9982614783610214,12.352319055477066,0.13310726310393198,0.18420505702322484,0.9788398992036449,0.0,0.0,0.0,0.0,False,815.2994906306267,1.9719050547704087,1440,2023-04-16,0.5196712293552279,0.302
292,5,175,681.7013718248141,6250.603564325956,5938.073386109672,5947.944992364455,0.9983403332970539,9.871606254783519,0.11480177618206074,0.18817473048241465,0.9924226010855186,0.0,0.0,0.0,0.0,False,680.7297558073542,1.4924084584033381,1440,2023-04-21,0.5309430027263736,0.294
293,5,220,356.5295698783968,7927.089832385555,7530.735340766305,7545.347770308981,0.9980633855472937,14.612429542677626,0.04734326114853445,0.19093259956455785,0.9884090460870308,0.0,0.0,0.0,0.0,False,823.240332723304,1.9448171166963126,1440,2023-11-18,0.5318184032889518,0.326
294,5,243,605.6876794483966,8197.561200279139,7787.683140265154,7807.111024952739,0.9975115142303612,19.42788468758441,0.07777508002563317,0.190607273224641,0.9731223443719231,0.0,0.0,0.0,0.0,False,1015.9560435867228,2.301953023901532,1440,2023-04-01,0.5269047817800715,0.313
295,5,155,604.477788530678,5340.527959972026,5073.50156197343,5085.541932840359,0.9976324311104041,12.040370866927596,0.11914410218404574,0.18833781260163224,0.9895762356188209,0.0,0.0,0.0,0.0,False,515.0165730086705,1.5667854690072285,1440,2023-04-15,0.5241592388595522,0.318
296,5,126,484.4217876879045,4230.87691644529,4019.333070623015,4028.7536923725697,0.9976616535859737,9.42062174955458,0.12052292735541245,0.1897063768322224,0.9935884731595089,0.0,0.0,0.0,0.0,False,437.76701123607677,1.5007530516722334,1440,2023-11-25,0.5275387272636745,0.311
297,5,209,216.5512068379999,7295.571296948447,6930.792732101079,6941.544488679836,0.9984511002419865,10.751756578756574,0.031244796260463573,0.19037722433512536,0.9913281364187493,0.0,0.0,0.0,0.0,False,771.9551577972665,1.60856763635529,1440,2023-12-28,0.5277461578380629,0.334
298,5,232,1136.26707341893,8656.981865876534,8224.132772582712,8238.49072867961,0.9982572103835822,14.357956096896757,0.13816254003181613,0.1926235317757867,0.9741790959104231,0.0,0.0,0.0,0.0,False,860.302357708523,2.332345393132633,1440,2023-04-13,0.5269173765744308,0.324
299,5,142,590.8891753996252,5031.514326795602,4779.938610455817,4798.190773678592,0.9961960321955307,18.25216322277514,0.12361856993457866,0.18900002339901922,0.9966439516800336,0.0,0.0,0.0,0.0,False,520.4935013842623,1.4065479288614604,1440,2023-03-11,0.5216812986052808,0.299
300,5,286,1259.0739862860878,10208.164376444905,9697.75615762259,9708.168616667204,0.9989274538323596,10.412459044612797,0.12983147501563397,0.18945135878016803,0.9777179544366469,0.0,0.0,0.0,0.0,False,1111.7794077690828,2.001400535628596,1440,2023-04-08,0.5260141534888982,0.338
301,5,207,839.4929543654338,7338.904964841419,6971.95971659935,6982.587128079447,0.9984780123348035,10.627411480097525,0.12040989743051839,0.1906615574917871,0.9915917113549111,0.0,0.0,0.0,0.0,False,750.6372364739357,1.646785168194812,1440,2023-11-25,0.5290149316182565,0.323
302,5,295,985.174575278283,11170.348625570827,10611.831194292301,10635.764715776877,0.9977497131495328,23.93352148457483,0.09283737719161711,0.193726753410452,0.9751422207015309,0.0,0.0,0.0,0.0,False,1116.2184994908614,2.380683673763853,1440,2023-10-27,0.5292200390815918,0.35
303,5,217,637.0721538279649,7540.895589533545,7163.850810056827,7181.924119362464,0.9974835003816163,18.073309305636847,0.08892872991347392,0.18888793104321544,0.9629030770835963,0.0,0.0,0.0,0.0,False,730.0708919039599,2.8283046789698223,1440,2023-05-21,0.5229543563606746,0.321
304,5,251,411.998192978492,8963.940450296885,8515.743427782052,8536.57110004268,0.9975601828864843,20.827672260629903,0.04838076633854128,0.19201431296323088,0.9915561121998582,0.0,0.0,0.0,0.0,False,777.2734376051604,1.6078648701822251,1440,2023-03-13,0.5291428228397005,0.326
305,5,260,714.9110071979119,8927.590529793175,8481.211003303582,8504.929406700427,0.9972112168999124,23.718403396843737,0.08429350559954721,0.1932575313740316,0.9533711138010453,0.0,0.0,0.0,0.0,False,821.1622557438379,3.369586951624636,1440,2023-05-19,0.5276148401507257,0.323
306,5,209,483.38127070137494,7709.9525621114535,7324.454934005909,7340.085116940542,0.9978705719776247,15.630182934634185,0.06599552800265546,0.19065415289361334,0.9871335721466815,0.0,0.0,0.0,0.0,False,773.79332807521,1.8312204004382764,1440,2023-12-10,0.5239944969270828,0.322
307,5,191,1038.8048840018882,6791.010023787971,6451.459522598569,6463.38920361871,0.998154268504601,11.929681020139984,0.16101858507568695,0.19341651730693357,0.9871718765765513,0.0,0.0,0.0,0.0,False,596.3400898100512,1.6375340034368175,1440,2023-01-25,0.5272929473604079,0.317
308,5,240,968.1076922017461,8367.0535188198,7948.700842878814,7965.637576234388,0.997873775552367,16.93673335557353,0.12179445563976245,0.19041217791190776,0.9716468092860358,0.0,0.0,0.0,0.0,False,941.3178655175786,2.393697536939425,1440,2023-03-10,0.5241836801324168,0.33
309,5,123,835.1399764187962,4673.220283252701,4439.559269090091,4446.150621585919,0.9985175147994702,6.591352495828216,0.1881132621053986,0.1906249950241541,0.9931159348821399,0.0,0.0,0.0,0.0,False,481.02512924172663,1.6128664020779762,1440,2023-02-07,0.5287852041234853,0.293
310,5,231,391.9094252341922,8088.677564936493,7684.243686689704,7706.382139981712,0.9971272572667854,22.13845329200663,0.051001691410833286,0.19034710142869693,0.9404259833125692,5.902777777777778,0.0,0.0,0.0,False,963.7632451626557,3.910635044235332,1440,2023-07-02,0.5324669759181905,0.335
311,5,215,1121.1587494883204,8427.475073815267,8006.10132012451,8027.093408883337,0.9973848455861251,20.99208875882904,0.14003804157088587,0.19611150997535393,0.9822614256139177,0.0,0.0,0.0,0.0,False,793.167646478345,1.8843666295196986,1440,2023-03-07,0.5365064041925256,0.329
312,5,147,578.9432349202089,5339.223166316401,5072.262008000567,5079.8373939109815,0.998508734567076,7.575385910414365,0.11413906340150244,0.1916296875963595,0.9792333562657097,0.0,0.0,0.0,0.0,False,567.1404443799688,2.2225884950037362,1440,2023-09-15,0.5272506725105806,0.313
313,5,157,530.0647419142555,5537.060554675762,5260.207526941975,5268.225377213627,0.9984780737919202,8.017850271652108,0.1007687889117198,0.18911106368552402,0.9491078225929299,0.2777777777777778,0.0,0.0,0.0,False,555.6966228513968,3.351748528852478,1440,2023-07-24,0.5301246120189942,0.299
314,5,126,560.3929222869943,4404.366948264824,4184.148600851557,4194.403815195607,0.9975550245527391,10.255214344050636,0.13393236611456472,0.19114375290418206,0.9904764314196627,0.0,0.0,0.0,0.0,False,465.8777352352246,1.6535207862470593,1440,2023-04-16,0.538509183045287,0.279
315,5,254,1214.195557611483,8999.226099195772,8549.26479423601,8572.87622478115,0.9972457982681604,23.61143054513823,0.142023388774916,0.19133769477055998,0.9859121385525507,0.0,0.0,0.0,0.0,False,928.1662035839686,1.8087922958280043,1440,2023-03-15,0.5411877359400645,0.312
316,5,244,1076.0369155171193,8775.759322897084,8336.971356752247,8353.95246844836,0.99796729610801,16.981111696113306,0.1290680835367894,0.19100756797603563,0.9935426415543099,0.0,0.0,0.0,0.0,False,901.3155706672144,1.6959344286242906,1440,2023-04-14,0.5433370214113271,0.31
317,5,190,672.9274761155498,6547.472828123199,6220.099186717021,6227.132116509312,0.9988705989112315,7.0329297922901,0.10818597194600718,0.1898557249789815,0.9887176123446573,0.0,0.0,0.0,0.0,False,703.0487161591443,1.861342800600265,1440,2023-04-30,0.546232350337489,0.33
318,5,293,1346.4034380189646,10571.221263038628,10042.660199886652,10068.45318920011,0.9974382371523438,25.792989313457404,0.1340684053050168,0.1920395528874425,0.9439750303238518,2.0833333333333335,0.0,0.0,0.0,False,1058.278743083331,3.672319702611418,1440,2023-07-10,0.5515898818229884,0.359
319,5,188,939.4745230073963,6508.790697235693,6183.351162373867,6190.092157189009,0.9989110025111155,6.740994815141889,0.15193614244718395,0.19195669392558076,0.9919117540692776,0.0,0.0,0.0,0.0,False,714.4605220887158,1.6061146657531908,1440,2023-01-21,0.5514695079684016,0.325
320,5,175,388.8270561436875,6305.346147163852,5990.0788398056375,6002.923049263179,0.9978603408119453,12.8442094575418,0.06491184282247342,0.19037110868277277,0.9589235463402064,0.0,0.0,0.0,0.0,False,657.5682742670255,3.206675396885216,1440,2023-09-18,0.551957663904549,0.404
321,5,284,938.4590459398742,10088.053220638874,9583.650559607024,9607.969263745683,0.9974689027960963,24.318704138659808,0.09792291988350163,0.1914365162376827,0.9392792735978661,6.388888888888889,0.0,0.0,0.0,False,1078.0532781319066,4.020934462774687,1440,2023-05-16,0.5563179207535058,0.44
322,5,134,391.4421053310418,4632.34843056502,4400.731009036781,4419.238027149933,0.9958121698809946,18.507018113152597,0.0889493369458906,0.19422415896895082,0.9803227149521949,0.0,0.0,0.0,0.0,False,565.3698959135422,2.289046973328874,1440,2023-09-20,0.5578904037999853,0.34
323,5,191,660.9299557944695,6730.701515647396,6394.166439865005,6411.510020625833,0.997294930413423,17.343580760828253,0.10336452171057706,0.19622957461330653,0.9895563390224232,0.0,0.0,0.0,0.0,False,690.287057228664,1.5962879730614696,1440,2023-05-04,0.5533043682799316,0.359
324,5,124,404.37895206120805,4442.2762913819615,4220.162476812849,4230.188112335585,0.9976299787960963,10.025635522736717,0.09582070697112191,0.19305571307148273,0.955587558943563,0.0,0.0,0.0,0.0,False,434.4324878088527,3.3107867984029884,1440,2023-05-30,0.5454121467156405,0.354
325,5,183,655.2440436369644,6640.042746469,6308.040609145548,6318.921580141387,0.9982780335445158,10.880970995839208,0.10387441746760094,0.19524223913676894,0.9570758444728635,0.0,0.0,0.0,0.0,False,663.6967400590775,3.352020937900541,1440,2023-07-21,0.546428079202646,0.331
326,5,251,1127.1142932733967,8610.732337117277,8180.195720261387,8190.974858697002,0.998684022522158,10.77913843561349,0.13778573665195645,0.19580934831702257,0.9764287363597746,0.0,0.0,0.0,0.0,False,1034.1911801140222,2.413447893610539,1440,2023-04-06,0.5426683558917823,0.322
327,5,182,676.1847171995246,6635.126500634254,6303.37017560256,6317.124389772582,0.9978227096189067,13.754214170021017,0.10727352168157978,0.1976339736888237,0.951532076512515,0.0,0.0,0.0,0.0,False,662.5637320549451,3.5127349666153993,1440,2023-08-13,0.5386224696306822,0.335
328,5,209,375.88090380075664,7949.716961577496,7552.231113498656,7569.389824895258,0.9977331447060411,17.15871139660311,0.04977084230498682,0.19240515234147612,0.949511742734626,0.06944444444444445,0.0,0.0,0.0,False,820.9963877491004,3.6607768311673494,1440,2023-08-02,0.5314898861193984,0.392
329,5,207,744.668729587992,7559.870429728154,7181.876908241751,7190.4127971671005,0.9988128791536541,8.535888925348651,0.10368720309497756,0.19235313096152265,0.9792398104216704,0.0,0.0,0.0,0.0,False,806.3982919306225,2.2036399810948373,1440,2023-03-26,0.5376669686574623,0.309
330,5,131,492.47270990588044,4797.255433104996,4557.392661449719,4565.98194292287,0.9981188533856414,8.589281473152107,0.10806018846513514,0.1912192757271046,0.9903814627122779,0.0,0.0,0.0,0.0,False,541.379394503427,1.7330380145025455,1440,2023-04-30,0.5431054251757349,0.288
331,5,136,524.5817504422547,4650.287398263856,4417.773028350661,4426.508441215868,0.9980265681222089,8.735412865207875,0.11874348163108393,0.1969189340146665,0.9948536511520886,0.0,0.0,0.0,0.0,False,544.903069840584,1.4114979542143355,1440,2023-11-20,0.5503897081197175,0.303
332,5,174,498.44792184699565,6312.036539579032,5996.434712600064,6011.4364008755865,0.9975044752576376,15.001688275522548,0.0831240471608283,0.18935677626005062,0.9572374769423684,0.0,0.0,0.0,0.0,False,695.8997373756285,3.1599968119223716,1440,2023-05-27,0.543831939541534,0.323
333,5,218,795.5737061129038,7833.13388210098,7441.477187995941,7455.052887588469,0.9981789935232881,13.575699592529105,0.10691072296724452,0.19315413562570047,0.9841391978829115,0.0,0.0,0.0,0.0,False,974.969177729395,2.0625016232564968,1440,2023-02-17,0.5557546329261396,0.316
334,5,132,539.6019174880373,5010.3394916672705,4759.8225170839105,4772.148412827679,0.9974171181033188,12.32589574376971,0.11336597437221728,0.19398059374254523,0.9735824780882243,0.0,0.0,0.0,0.0,False,567.6298658788967,2.46971809742296,1440,2023-05-08,0.5572808902481095,0.304
335,5,286,1027.3290409389717,10572.733409871105,10044.096739377575,10078.382344474456,0.9965981043460137,34.285605096878434,0.10228187437814687,0.19343031861629037,0.9373642965731985,8.125,0.0,0.0,0.0,False,1025.2040623616615,3.944952799655932,1440,2023-07-27,0.5569846585614997,0.359
336,5,274,993.1332648418244,10099.05545857455,9594.102685645854,9628.768159225132,0.9963998018224101,34.66547357927923,0.10351497137170455,0.1959100183994034,0.9615671944717826,0.0,0.0,0.0,0.0,False,1036.447311902075,3.0417086172066594,1440,2023-05-12,0.5582867625591579,0.331
337,5,221,583.1508915509421,8128.3041398586,7721.888932865655,7733.320096510821,0.998521829757141,11.431163645166567,0.07551920218237718,0.19516234079853576,0.9568983044765149,0.0,0.0,0.0,0.0,False,777.5250798440345,3.197140042923391,1440,2023-09-24,0.5540776053144657,0.332
338,5,252,809.4629616020694,9244.699600055897,8782.464620053073,8814.405093339908,0.9963763324979278,31.940473286838404,0.09216808682084708,0.19384962680349213,0.9821019217483851,0.0,0.0,0.0,0.0,False,1054.030661678595,2.1417361167552147,1440,2023-12-26,0.5525970532006939,0.32
339,5,254,788.5784852965338,8835.153409868284,8393.395739374822,8408.147576918374,0.9982455306108032,14.751837543550678,0.09395225839253359,0.19170555330927863,0.9918859153582884,0.0,0.0,0.0,0.0,False,989.0121879613938,1.6903011615898575,1440,2023-11-09,0.5546081009585979,0.315
340,5,121,434.26359312499125,4362.3647261997885,4144.246489889784,4155.870804072462,0.9972029173353303,11.624314182678201,0.10478710525168121,0.19454406982417632,0.9573818227771936,0.0,0.0,0.0,0.0,False,478.52426892519,3.2071240087000112,1440,2023-06-11,0.5613486231867268,0.301
341,5,291,944.163251172061,10737.971836955223,10201.07324510739,10221.515052263141,0.9980001196445702,20.441807155751597,0.09255528594747595,0.19612192768722742,0.92950916828317,11.666666666666666,0.0,0.0,0.0,False,1146.0613830361544,4.1624007665416745,1440,2023-06-06,0.5607691011452463,0.339
342,5,128,448.7857152616214,4413.030801011223,4192.379260960639,4200.9237964165595,0.9979660341701011,8.544535455921675,0.10704797617923216,0.19778859236041474,0.969934020573266,0.0,0.0,0.0,0.0,False,479.0767198830344,2.7403846496330306,1440,2023-05-12,0.557028099828988,0.303
343,5,272,878.8764843082209,10154.793844791648,9647.05415255205,9668.658566754517,0.9977655210334189,21.604414202466852,0.09110309431358601,0.19536303710514916,0.9445295569992047,1.8055555555555556,0.0,0.0,0.0,False,1045.9503139585368,3.5950266855475537,1440,2023-05-25,0.5504792068769485,0.33
344,5,270,973.4523610915085,10024.527629465307,9523.301247992022,9549.507299479455,0.9972557692595447,26.206051487434188,0.10221795318054859,0.19724751169761978,0.9791543708973651,0.0,0.0,0.0,0.0,False,1156.4204850362757,2.3068802078216972,1440,2023-12-14,0.5508081622216439,0.345
345,5,254,1023.0982328084267,9349.1851637048,8881.725905519586,8904.327201332542,0.9974617626574219,22.601295812955975,0.11519137650629568,0.1961904202848897,0.9360712944813884,8.88888888888889,0.0,0.0,0.0,False,1066.5673414150406,4.148595130236162,1440,2023-06-26,0.5470631068090835,0.327
346,5,144,594.669686590745,4999.415273713351,4749.444510027686,4760.295933518557,0.9977204309054689,10.851423490871017,0.12520826074190272,0.19335335796086991,0.9529709724047841,0.0,0.0,0.0,0.0,False,556.8215945498619,3.501706045117257,1440,2023-07-06,0.5465831425727973,0.311
347,5,267,1085.3523229825212,9921.283736693587,9425.219549858924,9443.880674504704,0.9980239982599358,18.661124645779065,0.11515406269753861,0.19677136494670977,0.9632667789953396,0.0,0.0,0.0,0.0,False,1072.8872041009067,2.8192815506880686,1440,2023-05-03,0.5527730403985681,0.335
348,5,293,1247.728719699714,10773.492567439045,10234.817939067028,10264.649803291522,0.9970937280086333,29.83186422449381,0.1219102017376435,0.19982447670408207,0.9609680195050517,0.0,0.0,0.0,0.0,False,1160.044616715436,2.9686219675051646,1440,2023-09-28,0.5503667750430017,0.333
349,5,268,1120.145233362525,9158.479519533212,8700.555543556546,8718.351336639487,0.997958812119884,17.795793082940925,0.12874410464422376,0.1990952021994817,0.9614445813640256,0.0,0.0,0.0,0.0,False,1111.2131847452497,2.7252135708575387,1440,2023-09-14,0.5417336930571254,0.334
350,5,245,1144.757096356879,8812.519854487491,8371.893861763116,8386.57350248714,0.9982496259384515,14.679640724020908,0.13673812822512227,0.19913366217675693,0.9684567921788899,0.0,0.0,0.0,0.0,False,968.1660410155655,2.4130230466435583,1440,2023-04-06,0.536476871268571,0.321
351,5,165,930.5541746609892,5838.991840085569,5547.042248081305,5560.389889652875,0.9975995133729006,13.347641571570882,0.16775682121095498,0.20003328404907522,0.9949802453237547,0.0,0.0,0.0,0.0,False,571.0140665156576,1.2859699145622687,1440,2023-01-20,0.5322301187788842,0.298
352,5,220,1048.6743138159754,7571.104454633981,7192.5492319023015,7213.772109045489,0.9970580056006239,21.222877143186857,0.14580008839767367,0.19762086898047604,0.9941598413665957,0.0,0.0,0.0,0.0,False,816.6872200288282,1.6040652962593747,1440,2023-02-26,0.5268518844655806,0.315
353,5,207,291.6846824534483,7116.513758907623,6760.688070962213,6777.639456804208,0.9974989248174042,16.95138584199467,0.04314423020139937,0.19484895577695524,0.9879277586623679,0.0,0.0,0.0,0.0,False,747.1508057583468,1.7688620784203544,1440,2023-12-29,0.5279755667168323,0.327
354,5,277,1203.849127599212,10044.798818508985,9542.558877583566,9564.862662603986,0.9976681541798167,22.303785020418665,0.1261557977312747,0.196870869965306,0.9387338348119821,8.88888888888889,0.0,0.0,0.0,False,1207.4871622845812,3.8832503461326873,1440,2023-06-22,0.5352302737767316,0.341
355,5,182,353.49932785642056,6522.730563027534,6196.5940348761715,6208.270090226011,0.9981192739394148,11.676055349839636,0.057047359544102304,0.19470335741415062,0.9543288058629672,0.0,0.0,0.0,0.0,False,753.4720648511541,3.234398087074286,1440,2023-08-06,0.5367422847120141,0.34
356,5,194,1009.0011604489575,6970.515375470713,6621.9896066971305,6634.374884003514,0.9981331658938589,12.38527730638296,0.1523712993189399,0.19372079403596584,0.9875693147880455,0.0,0.0,0.0,0.0,False,769.7963375611702,1.6845471275936927,1440,2023-01-21,0.5429852532020744,0.325
357,5,167,632.3656216580825,6219.712980777432,5908.727331738513,5924.137688300334,0.9973987173538768,15.410356561820235,0.10702230550754198,0.19380437071759843,0.9693798966897685,0.0,0.0,0.0,0.0,False,684.3571127151063,2.7334364667008666,1440,2023-05-09,0.5504552277243308,0.309
358,5,208,745.2865656386447,7517.61234934452,7141.731731877275,7156.955235164436,0.997872907851601,15.223503287160943,0.10435656135220564,0.19578507359569453,0.9851075649470569,0.0,0.0,0.0,0.0,False,834.3387437757652,1.7917726966441325,1440,2023-11-11,0.5565571201066642,0.349
359,5,223,980.2326925276974,7821.805109351616,7430.7148538840565,7441.099514421916,0.9986044185381835,10.384660537860139,0.13191633803783048,0.1929219126806575,0.9762131797942766,0.0,0.0,0.0,0.0,False,843.8063398321888,2.3301675717418715,1440,2023-03-04,0.557291834000935,0.325
360,5,203,556.6592339252069,7168.423209592235,6810.002049112631,6829.782004569077,0.9971038672327736,19.77995545644665,0.08174141944608397,0.19791796204018458,0.9548714247963992,0.0,0.0,0.0,0.0,False,644.9570896460042,3.2693459562764864,1440,2023-05-19,0.5645324634954001,0.315
361,5,177,733.7967358504834,6610.25126678582,6279.73870344651,6296.931732420287,0.9972696180132846,17.193028973776855,0.11685147591375954,0.20072726373680105,0.991535656286288,0.0,0.0,0.0,0.0,False,728.8827291400892,1.6290391293986641,1440,2023-11-17,0.5594377603980034,0.315
362,5,219,1014.7487262878399,7833.617725141549,7441.9368388844305,7451.4761651778645,0.9987198071788764,9.539326293434925,0.1363554607163199,0.195021379507317,0.9716675402022177,0.0,0.0,0.0,0.0,False,826.1382177016885,2.4447923171582135,1440,2023-04-13,0.5491451710006898,0.317
363,5,231,1180.227851346665,8441.068945994894,8019.015498695159,8036.265001281818,0.9978535423379011,17.249502586659222,0.14717864699709204,0.19748068536246663,0.9376881590967314,13.472222222222221,0.0,0.0,0.0,False,932.6712619831973,4.000367110835138,1440,2023-08-22,0.5537129758123379,0.333
364,5,150,601.3050401114814,5153.94728896844,4896.249924520005,4903.307255398199,0.9985606998479599,7.057330878194556,0.12280930291164197,0.1944546724563412,0.9727833290182435,0.0,0.0,0.0,0.0,False,564.7054758117577,2.6356178378207673,1440,2023-07-04,0.5520827125122039,0.307
365,5,225,890.9861690406267,8171.393147723674,7762.823490337521,7781.516659322546,0.9975977473539648,18.693168985023615,0.11477604381313677,0.19341101220479126,0.952026502460137,0.0,0.0,0.0,0.0,False,829.1781442344371,3.3717328516564256,1440,2023-09-17,0.5577129966427555,0.328
366,5,247,670.645345159321,8766.21324042054,8327.902578399486,8348.789798668635,0.9974981738943194,20.887220269148244,0.08052992201167299,0.19635078567262215,0.9861650299986937,0.0,0.0,0.0,0.0,False,968.1654769750966,1.8019850444262424,1440,2023-01-11,0.5648427258903672,0.337
367,5,138,451.31833769390965,4455.537270475877,4232.760406952074,4239.761537138984,0.9983486971789375,7.001130186910079,0.10662506126088411,0.1944547731175111,0.9926197695053548,0.0,0.0,0.0,0.0,False,480.2518976236504,1.59667486425856,1440,2023-12-11,0.5642614683755975,0.308
368,5,232,807.1987924048559,8060.689289455184,7657.65482498242,7680.421990877874,0.9970356881532688,22.76716589545331,0.10541070482459479,0.19536300161417483,0.9846916286158066,0.0,0.0,0.0,0.0,False,930.883777320385,1.972949976116045,1440,2023-02-19,0.5682449513291504,0.343
369,5,200,766.3763097314268,6563.2671767219335,6235.103817885821,6246.748541496179,0.998135874442039,11.644723610358922,0.12291315944620265,0.19175179314181537,0.9448012160423507,3.0555555555555554,0.0,0.0,0.0,False,695.9664489551288,3.7701887387258575,1440,2023-08-30,0.5696654849186239,0.324
370,5,288,1391.3395480248184,10257.358713139754,9744.490777482797,9765.156592995829,0.9978837189843065,20.66581551303017,0.14278217095139273,0.19654670246438777,0.9705177015294141,0.0,0.0,0.0,0.0,False,1090.7746487120687,2.5822238585661497,1440,2023-06-19,0.5791589807723028,0.338
371,5,190,745.7985933967013,6928.861453810815,6582.418381120271,6600.954589629552,0.9971918897096486,18.536208509280105,0.11330160895512278,0.19967875996168039,0.9680012022244585,0.0,0.0,0.0,0.0,False,687.2887687557266,2.7443136268329225,1440,2023-09-03,0.5763776418223671,0.33
372,5,177,522.1782745952859,6117.883316084076,5811.989150279907,5831.378797475059,0.9966749463774249,19.389647195151337,0.0898450188211617,0.1985036102570209,0.9675359045702121,0.0,0.0,0.0,0.0,False,740.7925512440605,2.623381912106523,1440,2023-08-12,0.5672781061702907,0.341
373,5,247,1063.987090775545,9277.122832131981,8813.266690525375,8838.576151829106,0.9971364775424272,25.309461303729083,0.12072562060550998,0.19733792292857166,0.9901612594634268,0.0,0.0,0.0,0.0,False,785.8739679015897,1.5599443360275118,1440,2023-01-06,0.5626586264860295,0.335
374,5,277,1027.7961532267555,10305.478561391252,9790.204633321704,9819.829228574781,0.9969831863097097,29.624595253076777,0.10498209094920992,0.19599705057528122,0.9406878900604159,4.861111111111111,0.0,0.0,0.0,False,1082.4849460591695,3.8769591971534596,1440,2023-08-09,0.5616606587147803,0.379
375,5,135,457.3343090671392,4926.202171811655,4679.892063221064,4693.435593975399,0.9971143674003496,13.54353075433489,0.09772326004296056,0.19671098997194575,1.0007461670707545,0.0,0.0,0.0,0.0,False,496.1541098386974,1.3250234579385363,1440,2023-01-08,0.5640123511462559,0.297
376,5,139,548.9101031302396,4802.125436733212,4562.019164896537,4575.062364422096,0.9971490662888033,13.043199525558293,0.12032174422982468,0.19337506533422796,0.9919262622407016,0.0,0.0,0.0,0.0,False,566.41339305437,1.5968141707412153,1440,2023-04-15,0.5644874889201771,0.31
377,5,150,639.7703961748671,5346.869383367934,5079.525914199523,5092.040060296543,0.9975424101246582,12.514146097020083,0.1259508085954293,0.19701802783658873,0.9581815547603592,0.0,0.0,0.0,0.0,False,625.2626078697726,3.032340653612943,1440,2023-06-17,0.5725378800755818,0.327
378,5,181,764.7614082884005,6397.587734953167,6077.708348205508,6095.966579162601,0.9970048669526004,18.258230957093506,0.12583055396434126,0.1980872730695292,0.9925890406786403,0.0,0.0,0.0,0.0,False,677.0598026975351,1.5205257617026116,1440,2023-03-06,0.5711127741028824,0.328
379,5,212,810.7131975504358,7431.474881155855,7059.9011370980525,7077.816277760821,0.9974688321991262,17.915140662769637,0.11483350571162199,0.1966176704077634,0.961101343226213,0.0,0.0,0.0,0.0,False,724.6800597575036,3.0477217247580612,1440,2023-09-16,0.5677159861587774,0.346
380,5,222,968.3215443571002,8132.969374240305,7726.320905528332,7751.104856330604,0.9968025267027539,24.783950802271963,0.12532763733179234,0.1979388805957821,0.981179534888753,0.0,0.0,0.0,0.0,False,783.0204717600245,2.1397564249404737,1440,2023-03-17,0.5684007981389899,0.338
381,5,193,865.2638475049554,6492.836174347444,6168.194365630048,6177.935227033446,0.9984232820440115,9.740861403396949,0.1402783045110112,0.19698525095873104,0.992364079221606,0.0,0.0,0.0,0.0,False,683.872931117378,1.5563633835699608,1440,2023-01-05,0.5661450412797298,0.299
382,5,279,1178.6025047346184,10524.238158007056,9998.026250106672,10026.862340133765,0.9971241162939205,28.836090027092304,0.1178835177315166,0.1987557871370758,0.970867513456312,0.0,0.0,0.0,0.0,False,1051.679017168535,2.265218342281435,1440,2023-07-09,0.5665891584458975,0.346
383,5,240,875.7185762602628,8320.86456012107,7904.821332115,7927.861208433376,0.9970938093247813,23.039876318376425,0.11078284245368986,0.19730931895485973,0.974052441287908,0.0,0.0,0.0,0.0,False,870.0625808794026,2.4097099939112674,1440,2023-05-05,0.5631114832296192,0.327
384,5,150,614.9211593265333,5534.977636295334,5258.228754480507,5265.771144641307,0.9985676570527613,7.542390160799882,0.11694454312254149,0.19608187952099876,0.9927168358771888,0.0,0.0,0.0,0.0,False,588.7873018050583,1.4777357858538136,1440,2023-11-17,0.5636461071097292,0.308
385,5,180,667.9528067961801,6365.900910005369,6047.605864505095,6069.004843898907,0.9964740546524158,21.398979393812112,0.11044913007915437,0.19689066778953299,0.9828713805847102,0.0,0.0,0.0,0.0,False,727.9603794385848,1.9488831960906683,1440,2023-04-27,0.5669700789922613,0.33
386,5,156,510.81303404353247,5891.747912435043,5597.160516813272,5616.5626539141285,0.9965455496009938,19.402137100856237,0.09126288812141527,0.20031047508283045,0.9864577703594011,0.0,0.0,0.0,0.0,False,552.3795662473563,1.8313560223347358,1440,2023-10-27,0.5680053889180349,0.334
387,5,155,726.8999779375544,5363.870722511688,5095.677186386081,5106.199725926783,0.9979392620528975,10.522539540702011,0.14265031934903258,0.19642775294101747,0.9656290387891208,0.0,0.0,0.0,0.0,False,585.5723712671893,2.968883095418669,1440,2023-06-15,0.561294537059258,0.339
388,5,273,460.0396421651322,9984.382427515866,9485.163306140046,9523.63072623276,0.995960845060198,38.4674200927117,0.04850097223601137,0.20089211064154566,0.9784210525819275,0.0,0.0,0.0,0.0,False,875.1488568203647,2.1119158589283864,1440,2023-12-09,0.5646464566371742,0.36
389,5,288,1144.1905817893364,10349.858069032885,9832.365165581206,9861.810450198045,0.9970142110553091,29.445284616840922,0.11636982175912722,0.20069246753008846,0.9779843382402724,0.0,0.0,0.0,0.0,False,1004.8382431814094,1.7809813886451231,1440,2023-10-23,0.5574617998262676,0.341
390,5,198,761.3568052424546,7380.66459913544,7011.631369178677,7040.0875657188235,0.9959579769037659,28.456196540146294,0.1085848307127472,0.20426150096521403,0.9520345149566347,0.0,0.0,0.0,0.0,False,629.8205443107736,3.4788984239290803,1440,2023-07-11,0.5521186658462439,0.33
391,5,164,573.6886341695872,6099.202396453101,5794.242276630413,5820.912024977138,0.995418286991405,26.669748346726035,0.0990101219072963,0.2013517953901167,0.990888611009492,0.0,0.0,0.0,0.0,False,592.6968147754669,1.4583764312366894,1440,2023-11-27,0.539779210056688,0.322
392,5,271,1141.253967760916,9697.524241658211,9212.648029575288,9240.296373321084,0.9970078509791501,27.64834374579623,0.12387903717771025,0.19526527870292842,0.9875267106525548,0.0,0.0,0.0,0.0,False,934.8393296899657,1.795540693441898,1440,2023-11-16,0.5362414079207516,0.334
393,5,146,615.5396350851371,5308.9500882923085,5043.502583877711,5056.3422283449845,0.9974606852369887,12.839644467274011,0.12204606319679483,0.19862431570325997,0.9933327912542267,0.0,0.0,0.0,0.0,False,549.726398582199,1.538831726875032,1440,2023-02-18,0.5470382389886702,0.311
394,5,145,552.9397908265794,5170.085158041632,4911.580900139536,4922.2377640674595,0.9978349554737647,10.656863927923144,0.11257878106229921,0.19661390193172867,0.980344487490514,0.0,0.0,0.0,0.0,False,558.5851357869528,2.0796386866356533,1440,2023-04-23,0.5483546066571127,0.32
395,5,170,689.1529611487236,6235.657221511577,5923.874360435967,5939.015035826957,0.9974506420172952,15.140675390989475,0.11633483750962022,0.19790660287315234,0.9661751346101569,0.0,0.0,0.0,0.0,False,561.3768904091914,2.963468068160122,1440,2023-09-04,0.5539999159926492,0.316
396,5,186,646.2498867739091,6186.840203443966,5877.498193271798,5890.826058317225,0.9977375218834361,13.32786504542748,0.10995322593441145,0.1985215917541181,0.9536422841116671,0.0,0.0,0.0,0.0,False,647.6419989709827,3.457604186953259,1440,2023-09-02,0.5557768912462886,0.323
397,5,181,296.211864389727,6135.799583944929,5829.009604747682,5844.305407698645,0.997382785141445,15.295802950962097,0.05081684273576506,0.19623461655665642,0.9863419202934073,0.0,0.0,0.0,0.0,False,593.1866559475643,1.9256720877899711,1440,2023-12-09,0.5559194163233696,0.307
398,5,170,547.7907288409342,6011.834249150066,5711.242536692547,5728.021564797027,0.9970707114289514,16.779028104480112,0.09591445737448348,0.19720556688504254,0.9894901608365725,0.0,0.0,0.0,0.0,False,664.4754156921275,1.6005079260685704,1440,2023-03-30,0.5612530509916173,0.307
399,5,160,678.793570992647,5765.545570063258,5477.268291560064,5489.72981185191,0.9977300303076952,12.461520291845243,0.12392921705854752,0.20102573013133532,0.9949983331156681,0.0,0.0,0.0,0.0,False,609.3075680136681,1.4911514902798912,1440,2023-03-28,0.5635235896595138,0.31
400,5,233,1018.1663209885046,8711.676073393148,8276.092269723464,8300.264950642673,0.9970877217699734,24.172680919210368,0.12302500839838093,0.19864609236622166,0.9397174706321598,4.930555555555555,0.0,0.0,0.0,False,1011.5586180752516,3.877775601714158,1440,2023-08-20,0.5568843749454202,0.355
401,5,217,432.79882031861,7619.902860279376,7238.907717265403,7257.842796991379,0.9973910870963166,18.93507972597497,0.059787862647613044,0.19684440158526217,0.9490801906393447,0.2777777777777778,0.0,0.0,0.0,False,678.3411155028147,3.66067407780642,1440,2023-07-14,0.5568759016390842,0.364
402,5,239,1030.7926012549513,8658.862853548373,8225.919710870918,8249.893442588509,0.9970940555918175,23.973731717590116,0.12531031635194703,0.19837408573785625,0.9413143198906889,2.2222222222222223,0.0,0.0,0.0,False,856.9119430023693,3.8950739405461308,1440,2023-06-22,0.5609906226328631,0.335
403,5,289,1531.597163521891,10394.388339579731,9874.668922600733,9897.798936831025,0.9976631153675771,23.13001423029134,0.15510364707179547,0.20047358082496214,0.9781328395666644,0.0,0.0,0.0,0.0,False,934.712214673893,1.9972824135855802,1440,2023-11-30,0.5609983900052865,0.35
404,5,289,1108.1126973271698,10274.475184435034,9760.751425213253,9787.215916891972,0.9972960143207792,26.464491678716264,0.11352739651424529,0.20080818087826977,0.9552355673679662,0.0,0.0,0.0,0.0,False,1026.1633538661818,3.1425565515133917,1440,2023-09-03,0.5563620356703443,0.37
405,5,142,664.001682520854,5464.507669768641,5191.282286280211,5209.43050664385,0.9965162755620804,18.14822036363936,0.1279070653267521,0.20104950119800982,0.9974016048201806,0.0,0.0,0.0,0.0,False,506.92937962355495,1.2255957219263378,1440,2023-11-28,0.5518764230412001,0.303
406,5,263,1295.830897618378,9272.413974664241,8808.793275931075,8832.822355606058,0.9972795694617664,24.029079674983507,0.14710651697992205,0.20093389233017686,0.9488412824740543,0.2777777777777778,0.0,0.0,0.0,False,996.4479582226446,3.423050868980659,1440,2023-06-21,0.5477045531745562,0.366
407,5,195,195.50052012537077,6807.899701167547,6467.504716109193,6477.927356792581,0.9983910531703541,10.422640683387831,0.030228121772902634,0.1922840422818309,0.9549282034259308,0.0,0.0,0.0,0.0,False,763.2864119731324,3.4552584519980116,1440,2023-07-01,0.5445747021739646,0.357
408,5,268,1330.1582241825292,9967.181730581586,9468.822644052521,9493.747081454965,0.9973746469977981,24.924437402445623,0.14047767860748953,0.201133094052138,0.982176297601746,0.0,0.0,0.0,0.0,False,893.9538760039126,1.7644109892621875,1440,2023-01-05,0.5614862893657611,0.378
409,5,240,969.9811271304086,8498.000881611366,8073.100837530828,8101.14473560007,0.9965382795907838,28.04389806924197,0.12014975988174068,0.19905285525071345,0.9729161014033347,0.0,0.0,0.0,0.0,False,888.7054500998396,2.6378506215085236,1440,2023-07-04,0.5554909905219158,0.359
410,5,130,494.48786682158766,4333.26468642704,4116.601452105703,4127.443345673907,0.9973732180771016,10.841893568204444,0.12012041305787562,0.2013582715659099,0.9569694312499272,0.0,0.0,0.0,0.0,False,451.5857570097327,3.2333524625032184,1440,2023-06-18,0.5553186340474379,0.333
411,5,280,1449.5061901785118,10057.33659399343,9554.469764293794,9579.324374966709,0.9974053900149924,24.854610672914227,0.1517097469495891,0.1991271598283176,0.9776832921075543,0.0,0.0,0.0,0.0,False,965.3589157442009,2.0131181126567355,1440,2023-01-30,0.5500409193961278,0.369
412,5,287,1167.0689817227676,10320.114120895963,9804.108414851238,9830.175056979453,0.9973483033641698,26.066642128214532,0.11903876745741555,0.1993308976155418,0.977660132659139,0.0,0.0,0.0,0.0,False,1047.4559896494454,2.0464676828877715,1440,2023-04-15,0.5507708355063669,0.37
413,5,300,1941.210925873083,10771.819485244088,10233.22851098188,10261.597904039067,0.9972353825084084,28.36939305718608,0.18969682185733028,0.2014845994052753,0.9668914414468249,0.0,0.0,0.0,0.0,False,1209.1613760227494,2.4001957202074973,1440,2023-02-07,0.5509400003818878,0.374
414,5,130,228.5275859480602,4472.678352109899,4249.044434504398,4259.951225726188,0.9974396910565729,10.906791221789431,0.05378328927141834,0.19678455432540756,0.9936556327139557,0.0,0.0,0.0,0.0,False,484.21309838172886,1.3941151459721313,1440,2023-10-21,0.5462629583746272,0.292
415,5,145,451.0095661804268,5438.582683548668,5166.653549371199,5188.659310956758,0.9957588732913933,22.005761585558883,0.08729239572011101,0.20080161463735008,0.9556126079086827,0.0,0.0,0.0,0.0,False,518.6478237958154,3.389953362626164,1440,2023-08-08,0.5530221962282572,0.317
416,5,234,553.6628315746583,8224.34210936507,7813.1250038968265,7838.4530033998835,0.9967687502250672,25.327999503057143,0.07086317335234196,0.194284563594668,0.9761800090111804,0.0,0.0,0.0,0.0,False,856.9761469185978,2.146950918531003,1440,2023-10-10,0.5495519730930203,0.338
417,5,217,698.1362911628663,7705.609613517839,7320.329132841947,7345.527536701922,0.996569558315033,25.198403859974487,0.09536952212035733,0.19751515925731977,0.95422989842714,0.0,0.0,0.0,0.0,False,720.3766141745613,3.4019855313210035,1440,2023-05-30,0.561399078698998,0.371
418,5,136,585.790550246219,4793.117690650388,4553.46180611787,4565.642396474636,0.9973321190537893,12.18059035676742,0.12864729631841243,0.20197948625637335,0.9820759631457374,0.0,0.0,0.0,0.0,False,526.2904818601169,2.005864022978441,1440,2023-03-18,0.5638936947630802,0.308
419,5,279,1066.2214199020973,9963.771026101565,9465.582474796465,9505.159100546745,0.9958363005467206,39.5766257502808,0.11264192380564766,0.1998493564273458,0.9602796288620072,0.0,0.0,0.0,0.0,False,966.4049183255739,2.8859460778911976,1440,2023-05-08,0.5559688939036093,0.328
420,5,162,488.0781425459407,5570.768008560306,5292.229608132315,5312.963297745511,0.9960975281681327,20.73368961319544,0.09222542835177341,0.2005237697997069,1.0007104080509577,0.0,0.0,0.0,0.0,False,541.7030525124384,1.2576324002498356,1440,2023-10-19,0.5543228710185261,0.29
421,5,129,543.5438160870658,4301.589835995059,4086.510344195282,4095.9389704340892,0.9976980549986544,9.428626238807556,0.13300928428069372,0.202388904591921,0.9973712004706542,0.0,0.0,0.0,0.0,False,474.869842033767,1.3708046102036267,1440,2023-03-03,0.5514961548012797,0.299
422,5,275,1711.4332758172845,9477.723411028566,9003.83724047717,9038.699316658778,0.996143020697972,34.862076181607826,0.19007821111241952,0.2029440332372439,0.9848934427986876,0.0,0.0,0.0,0.0,False,911.0129303274414,1.7256243077897642,1440,2023-01-24,0.5450120400550156,0.33
423,5,226,832.3529875438071,8146.279457888615,7738.965484994216,7757.583885184978,0.9975999743649157,18.61840019076152,0.10755352109500062,0.1967211654786125,0.982382532516646,0.0,0.0,0.0,0.0,False,789.8214415113366,1.916830252783437,1440,2023-02-19,0.5384562635764317,0.313
424,5,124,595.9248771210007,4547.445888103072,4320.073593697913,4331.748876572528,0.9973047184388367,11.675282874616233,0.1379432234650657,0.2003393019619371,0.9485406395417911,0.20833333333333334,0.0,0.0,0.0,False,475.35809441826024,3.6482866168418155,1440,2023-08-21,0.547065893188623,0.309
425,5,151,902.712296986515,5466.246963722305,5192.934615536196,5203.770640680823,0.9979176589644603,10.8360251446267,0.1738347127047941,0.20377459958787197,0.9889630254545759,0.0,0.0,0.0,0.0,False,519.2731242041997,1.6041649657554187,1440,2023-01-19,0.545976731516965,0.313
426,5,279,1107.2401618123688,9455.804100664658,8983.01389563144,9010.742344001923,0.9969227342973646,27.728448370481047,0.1232593174937461,0.19539009259420329,0.9860478431464456,0.0,0.0,0.0,0.0,False,1023.840447668439,1.8140770259781502,1440,2023-01-06,0.5373590174231884,0.333
427,5,258,1082.4859958839477,9280.27473157438,8816.26099499566,8847.433564492705,0.9964766540183868,31.17256949704454,0.12278288908397732,0.19912170012721114,0.9903639085205206,0.0,0.0,0.0,0.0,False,832.4663646986527,1.7767262717246348,1440,2023-12-06,0.549141256904528,0.332
428,5,276,780.8804099669561,9358.072830834046,8890.16918929223,8918.043356089132,0.9968744077950832,27.87416679690402,0.08783639471198006,0.19779596081344666,0.9767007352298146,0.0,0.0,0.0,0.0,False,895.1611413854849,1.998240666941239,1440,2023-03-31,0.5504014269106218,0.326
429,5,289,1208.6040611655146,10715.834753642297,10180.043015960091,10206.994176989674,0.9973595398839022,26.951161029582273,0.11872288351539248,0.19684945220119443,0.9439353071817689,2.986111111111111,0.0,0.0,0.0,False,862.0004044504875,3.7077450354306025,1440,2023-07-06,0.5544363913651064,0.359
430,5,174,633.6392243843082,6047.023270939746,5744.672107392753,5759.410582424329,0.9974409751101002,14.738475031575547,0.11030032916393699,0.2015172853246851,0.9864119968296073,0.0,0.0,0.0,0.0,False,551.3058406495593,1.8632005867152102,1440,2023-09-29,0.5599042092655893,0.301
431,5,217,663.5224463659314,7689.991779831912,7305.492190840322,7324.861325334912,0.9973556994959623,19.369134494589964,0.09082515305373408,0.19793939465041221,0.9893028097928522,0.0,0.0,0.0,0.0,False,694.6592542905362,1.900189201598597,1440,2023-12-26,0.5539333664480618,0.314
432,5,187,736.0215335282526,6498.596677064665,6173.666843211417,6187.5155827042545,0.9977618255166018,13.848739492837948,0.11921950960758178,0.20063987136897837,0.9563867105495396,0.0,0.0,0.0,0.0,False,629.6769777276186,3.271427947589534,1440,2023-06-18,0.5571310819449196,0.312
433,5,121,391.2831457489928,4435.858529335547,4214.065602868782,4224.690748807115,0.9974849884713258,10.625145938332915,0.09285169777200943,0.20423473732450875,0.967878870988591,0.0,0.0,0.0,0.0,False,436.21261823854525,2.816229893662296,1440,2023-05-23,0.5537162119931114,0.292
434,5,162,698.7055424963853,6088.102481285545,5783.697357221274,5801.150746121242,0.996991391938636,17.453388899967965,0.12080603450386487,0.2057451272716454,0.9936395193659322,0.0,0.0,0.0,0.0,False,528.0100741581782,1.4127447437998786,1440,2023-02-01,0.5428638740632726,0.293
435,5,131,323.478007416556,4456.732313847201,4233.895698154847,4242.933664056671,0.9978698781038253,9.037965901824961,0.07640197833818375,0.20280506171481288,1.0034672168800909,0.0,0.0,0.0,0.0,False,458.39446013823397,1.2016895930671638,1440,2023-03-12,0.5305718894721186,0.286
436,5,141,621.1308746339207,5313.298398447318,5047.633478524977,5064.75647910883,0.9966191858079492,17.12300058385224,0.12305387807504359,0.20296940204387795,0.968541986049173,0.0,0.0,0.0,0.0,False,516.9722150588092,2.752535169708929,1440,2023-09-08,0.5270661929384863,0.31
437,5,195,1051.6886340984934,7291.535733187403,6926.95894652803,6946.709769229926,0.9971568089990773,19.750822701896116,0.15182544637797035,0.202702314501881,0.9876804763335176,0.0,0.0,0.0,0.0,False,660.6561370123734,1.5773640149271415,1440,2023-02-04,0.5237516168854435,0.32
438,5,285,1375.744142035999,10144.138749154148,9636.931811696402,9663.110587863517,0.9972908541272419,26.1787761671143,0.14275748432361532,0.20411226423444015,0.9849301192927457,0.0,0.0,0.0,0.0,False,1041.9975400757526,1.9063845683741736,1440,2023-02-25,0.5215524329103085,0.329
439,5,273,471.0130302137972,9765.113604881557,9276.85792463749,9303.731012490349,0.9971115794494938,26.873087852859825,0.05077290544278793,0.20357379332094003,0.9795392275491169,0.0,0.0,0.0,0.0,False,922.5210928751302,2.2549843071900746,1440,2023-11-05,0.5164855831068483,0.323
440,5,236,355.6872002355698,8234.786443008907,7823.04712085846,7852.712170603358,0.9962223179583802,29.665049744895057,0.04546658031589851,0.1975905575147054,0.9897460546368311,0.0,0.0,0.0,0.0,False,858.9906388366329,1.7333017502372234,1440,2023-11-01,0.5134380496077333,0.322
441,5,162,587.5208996041862,5888.350544079447,5593.933016875459,5611.566502775406,0.9968576535818963,17.63348589994698,0.10502823287868956,0.2037553880986105,0.9817387533708847,0.0,0.0,0.0,0.0,False,615.2495691297052,2.0906318448563326,1440,2023-03-26,0.5242836137064224,0.296
442,5,143,435.23888259282785,5382.354193409,5113.236483738538,5123.78359338905,0.9979415388143791,10.54710965051209,0.08512003776414491,0.20654990387148614,0.9616564778296339,0.0,0.0,0.0,0.0,False,597.8208552174444,2.9359867890571003,1440,2023-07-31,0.5192096682958518,0.306
443,5,241,1003.9811913426246,8824.256629468164,8383.043797994702,8411.56372360955,0.996609438321819,28.519925614849488,0.11976332410225338,0.2077032216320605,0.9441143381673388,1.5277777777777777,0.0,0.0,0.0,False,838.8746774088854,3.729309495542734,1440,2023-08-29,0.5086750820734947,0.323
444,5,252,838.5737342877859,9039.095987172665,8587.14118781407,8610.493459808196,0.9972879287228856,23.352271994125825,0.09765458794107146,0.20481003291392658,0.9477244751805833,1.0416666666666667,0.0,0.0,0.0,False,936.4374639360792,3.5073942245497456,1440,2023-06-08,0.4973249529407423,0.324
445,5,193,321.72881747417404,6926.54913215918,6580.221675551211,6599.154311059831,0.9971310512504776,18.93263550862053,0.048893309881877726,0.19961885234699372,0.9836505873306283,0.0,0.0,0.0,0.0,False,662.6791951809204,2.022408988600755,1440,2023-11-13,0.49436936316873875,0.317
446,5,144,471.7605820144993,5043.818668777067,4791.627735338199,4803.604299221056,0.9975067546915138,11.976563882856476,0.09845518226202558,0.20143302116373235,0.9926297042939967,0.0,0.0,0.0,0.0,False,498.4260617501121,1.539574825036283,1440,2023-12-08,0.5034445459810385,0.294
447,5,167,804.7863537034127,6101.891453446513,5796.796880774144,5808.270063210167,0.998024681650274,11.473182436023292,0.13883294002806876,0.20504444939294192,0.9963945488566487,0.0,0.0,0.0,0.0,False,591.163494491562,1.4284699300384136,1440,2023-01-15,0.5066418697758667,0.298
448,5,298,1563.2092391169335,10833.831195320252,10292.139635554191,10324.756184932823,0.9968409375684599,32.61654937863204,0.15188379622414255,0.2051735922145827,0.9814489605185598,0.0,0.0,0.0,0.0,False,1028.4780612343845,1.7796104586810575,1440,2023-02-09,0.5010023642378212,0.333
449,5,247,1030.81002415581,8818.596528690337,8377.666702255803,8407.35281820325,0.9964690293616355,29.686115947445312,0.12304261565791941,0.20450200992913425,0.986498192737741,0.0,0.0,0.0,0.0,False,904.0561062823423,1.880772770231671,1440,2023-03-28,0.4959479659890458,0.314
450,5,222,691.9029469523324,8025.957961761092,7624.660063673036,7637.1510527073115,0.9983644438943174,12.490989034274453,0.09074541568729573,0.20157810867083628,0.9851727285072778,0.0,0.0,0.0,0.0,False,856.1059077790919,1.8619213370979657,1440,2023-12-26,0.49315682792155546,0.315
451,5,175,751.6894300984422,6524.662810866588,6198.429670323258,6215.154167570352,0.9973090776517886,16.724497247094792,0.1212709460425709,0.20841210654484896,0.9820222779068609,0.0,0.0,0.0,0.0,False,633.3806518614292,1.9803608991333486,1440,2023-04-02,0.4972775948022769,0.303
452,5,275,961.7975648580533,9507.665438734128,9032.282166797366,9065.165272433424,0.9963725861969607,32.883105636056015,0.10648444624478379,0.20329006606048158,0.9503548781459871,0.0,0.0,0.0,0.0,False,912.1336334179415,3.0756080332245554,1440,2023-05-12,0.4851188076567836,0.332
453,5,187,743.0877899033355,6552.8199046580985,6225.178909425176,6244.892582449582,0.9968432326474584,19.71367302440587,0.11936810181925377,0.20633990504036756,0.9775228868983629,0.0,0.0,0.0,0.0,False,756.6118325134776,2.124968368804449,1440,2023-10-30,0.48649576370297326,0.312
454,5,201,693.6191349319361,7174.708258847091,6815.972845904755,6839.661627249998,0.9965365565379924,23.688781345242727,0.10176377614953142,0.20434723176393507,0.9872055935837665,0.0,0.0,0.0,0.0,False,650.8276094507986,1.658092352644235,1440,2023-11-27,0.48057068753215737,0.308
455,5,258,1047.896888714466,9190.68821030348,8731.153799788348,8757.620977783867,0.9969778118894778,26.46717799551908,0.12001814568194505,0.20312628869111773,0.9481609713418908,0.9722222222222222,0.0,0.0,0.0,False,874.4941392307262,3.3335992204973786,1440,2023-05-14,0.47999714621545947,0.341
456,5,195,719.5995125287783,6746.8501447032795,6409.507637468099,6426.9001632934005,0.9972937924375056,17.392525825301167,0.11227063812549515,0.20236389082819028,0.9720253077578975,0.0,0.0,0.0,0.0,False,744.217590582426,2.5204238303409148,1440,2023-07-20,0.4820680734877434,0.314
457,5,209,709.0495160535291,7619.36975383957,7238.401266147557,7259.992062321098,0.9970260578815787,21.59079617354051,0.0979566467763539,0.20629117024429997,0.9866417409780565,0.0,0.0,0.0,0.0,False,750.992797704348,1.792194884028922,1440,2023-12-08,0.48528389606260136,0.322
458,5,125,577.1845905841558,4613.824873691116,4383.13363000653,4396.374392759165,0.9969882540544222,13.240762752635364,0.13168309235036849,0.204266102188643,0.9636039170741615,0.0,0.0,0.0,0.0,False,461.0141703278576,3.0742885216141462,1440,2023-07-10,0.47890198089483144,0.306
459,5,261,1012.0264480767916,9570.477863187607,9091.953970028186,9118.04707994336,0.9971383005937126,26.093109915175315,0.11131011567073015,0.20535303623010964,0.9570559202143223,0.0,0.0,0.0,0.0,False,908.7252319888786,3.1854409713411287,1440,2023-07-08,0.47803829337362863,0.326
460,5,171,555.5241306209549,6332.9757631850935,6016.326975025864,6039.375367448364,0.9961836463176758,23.048392422498644,0.09233609358782677,0.2023811191532742,0.9656665836114556,0.0,0.0,0.0,0.0,False,556.6692353229514,2.862461753766767,1440,2023-10-07,0.4746884366539344,0.31
461,5,213,324.21478033945965,7829.3319964881675,7437.865396663774,7466.317335078484,0.9961892942480444,28.451938414710202,0.0435897617191197,0.2025651895062007,0.9928939363455364,0.0,0.0,0.0,0.0,False,741.4871767538218,1.5999797395403519,1440,2023-11-01,0.4784277128895532,0.309
462,5,219,567.5981927059961,7641.133987653486,7259.0772882708125,7282.154311286089,0.9968310170275421,23.077023015275945,0.0781915070146889,0.20510178026120007,0.9950537977610638,0.0,0.0,0.0,0.0,False,861.4128830052426,1.5005715081184383,1440,2023-11-23,0.48088591962629995,0.317
463,5,148,488.11831926874686,5494.179988780423,5219.470989341364,5230.059887784315,0.9979753772097938,10.58889844295071,0.09351873403751626,0.20723890924228344,0.9571662157846335,0.0,0.0,0.0,0.0,False,490.57033011468377,3.182395072486366,1440,2023-05-30,0.47701689634163863,0.302
464,5,163,664.159649294276,6120.893341526763,5814.848674450458,5828.478229556789,0.9976615585458972,13.629555106332482,0.11421787332359833,0.20264810467654978,0.9709685164226386,0.0,0.0,0.0,0.0,False,590.3498016506012,2.5759584460681415,1440,2023-05-03,0.4688580484934121,0.325
465,5,200,1045.0518730242911,7016.818473319505,6665.977549653537,6676.159653096361,0.9984748562089731,10.182103442823502,0.15677398629681968,0.20506813044513383,0.9853267294956555,0.0,0.0,0.0,0.0,False,804.486296577189,1.6769976103952842,1440,2023-02-27,0.47229833502561736,0.316
466,5,138,556.0885709143976,5056.612351798837,4803.781734208887,4818.9381100841,0.9968548307679037,15.156375875213199,0.11576058232503714,0.20185187695452167,0.9895064893409528,0.0,0.0,0.0,0.0,False,503.32661757638755,1.7356810380842393,1440,2023-04-18,0.46947310103823997,0.287
467,5,277,1004.6939017710467,9677.780395597369,9193.89137581748,9221.823758598242,0.9969710565380607,27.932382780761557,0.10927841766911389,0.20398049978161964,0.9847743449445981,0.0,0.0,0.0,0.0,False,917.4967218103578,1.711480836605995,1440,2023-12-03,0.47419607767995875,0.32
468,5,182,1239.9299198477736,6673.10806048562,6339.45265746134,6349.254676808038,0.9984561937037268,9.802019346698104,0.19558942811701802,0.20433766697708627,0.9846208714021412,0.0,0.0,0.0,0.0,False,674.3849566049836,1.6574364710233445,1440,2023-01-23,0.4730924637846373,0.326
469,5,222,472.0965391759529,7598.2335974067955,7218.321917536472,7239.681368217465,0.997049669785916,21.35945068099404,0.06540253324377557,0.20105109704132737,0.9953628322816873,0.0,0.0,0.0,0.0,False,773.9722060708061,1.5247499476089712,1440,2023-11-02,0.4712069214894993,0.353
470,5,146,614.2414994514581,5169.089814464975,4910.635323741682,4923.217875004263,0.9974442424483256,12.582551262580846,0.12508391663330312,0.20236471439440545,0.9833828204064176,0.0,0.0,0.0,0.0,False,610.0800355786361,2.00816036603174,1440,2023-04-17,0.4768763866599919,0.321
471,5,294,880.7541659533686,10494.641947442866,9969.909850070699,9996.32421362203,0.9973575923522632,26.414363551331313,0.08834123670106435,0.20077825771311789,0.9528991539634798,0.0,0.0,0.0,0.0,False,1058.5787124674857,3.118374146365614,1440,2023-05-21,0.47840376489989406,0.349
472,5,205,1053.4443867024822,7115.124925622217,6759.3686793410925,6770.817530299701,0.9983090888349341,11.448850958607977,0.15584952333228444,0.20294934346690277,0.9893909918961533,0.0,0.0,0.0,0.0,False,695.2334565801868,1.7084382232086255,1440,2023-02-27,0.4830769593049926,0.314
473,5,120,513.8375981470986,4795.779987430631,4555.990988059078,4569.78020015429,0.996982521808216,13.78921209521171,0.11278283901215558,0.2033468506332521,0.9914274473892164,0.0,0.0,0.0,0.0,False,522.1073419479951,1.7524659915748564,1440,2023-09-22,0.48189165899739944,0.287
474,5,182,438.13711022232053,6377.433683334583,6058.561999167899,6080.5837445429115,0.9963783501222598,22.021745375013296,0.07231701355577373,0.2054830457674264,0.9951293320035328,0.0,0.0,0.0,0.0,False,630.7169812477523,1.5723120098822911,1440,2023-12-19,0.47990156045369387,0.294
475,5,181,724.972305820123,6261.968956140319,5948.870508333331,5971.815014014834,0.9961578673104147,22.944505681501738,0.12186721913085234,0.2041391917491761,0.9480630837444463,0.4861111111111111,0.0,0.0,0.0,False,677.6435050971799,3.4855662728467096,1440,2023-07-06,0.4733357000351745,0.306
476,5,162,1030.0839573949527,5711.616907955084,5426.036062557319,5450.887682413708,0.9954408123402418,24.851619856388318,0.1898409714788126,0.207155679196072,0.9884145939502245,0.0,0.0,0.0,0.0,False,626.2348917139461,1.7331126915404695,1440,2023-02-07,0.47083253095305094,0.297
477,5,259,944.2879414851066,9106.645642806232,8651.31336066591,8679.66074611888,0.9967340445344428,28.34738545296835,0.10914966342317563,0.19978173650804137,0.9859757046271503,0.0,0.0,0.0,0.0,False,858.8071909556778,1.7089138416106513,1440,2023-01-13,0.46183593934437744,0.324
478,5,297,1403.312537214035,10687.60931705271,10153.22885120003,10174.328682583739,0.9979261696725183,21.099831383709738,0.13821342528373864,0.20269204751708939,0.9676860322390055,0.0,0.0,0.0,0.0,False,1120.3045661211947,2.4120976489834605,1440,2023-04-03,0.4708722531457041,0.348
479,5,244,812.1707612551447,8545.149972781477,8117.892474142427,8149.815535186292,0.9960829713376899,31.92306104386528,0.10004699666103206,0.20283351100708155,0.9454217348147417,1.1805555555555556,0.0,0.0,0.0,False,810.2012950405386,3.7444638546174387,1440,2023-07-26,0.4715640175910052,0.4
480,5,153,611.9952125938125,5426.584350541306,5155.255133014218,5169.178023640701,0.9973065561753128,13.922890626483596,0.1187128855514055,0.20461674227682033,0.9896428689858624,0.0,0.0,0.0,0.0,False,506.47508523004615,1.7163807856596978,1440,2023-04-25,0.4716645339189093,0.346
481,5,221,356.6534406379554,7464.769546310666,7091.53106899514,7119.966053761957,0.9960063033233435,28.43498476681763,0.05029286865812077,0.19785727969040054,0.9385565312359293,4.513888888888889,0.0,0.0,0.0,False,822.6727438138373,4.00722131761689,1440,2023-07-02,0.46759100107396623,0.361
482,5,203,913.7859176606164,7179.6924353245995,6820.707813558352,6836.167996146267,0.9977384724019904,15.460182587914247,0.13397230062313661,0.20273121347055004,0.9688661787603775,0.0,0.0,0.0,0.0,False,741.1402482766404,2.524816006558894,1440,2023-06-20,0.4793101285036153,0.33
483,5,240,1135.6220880774952,8508.299255579575,8082.884292800552,8096.38901190595,0.9983320071348427,13.504719105397601,0.14049713529723504,0.20436182702633574,0.9869326910178485,0.0,0.0,0.0,0.0,False,936.2445374147919,1.8820124272813954,1440,2023-03-08,0.4778262154574782,0.36
484,5,271,296.91233538427423,9752.997034051432,9265.347182348869,9301.807399038244,0.9960803083610241,36.46021668937672,0.03204546246792704,0.19402200070634718,0.9479052560069353,1.1111111111111112,0.0,0.0,0.0,False,941.6977837764993,3.5991796133388005,1440,2023-07-01,0.47283364384652304,0.347
485,5,278,1141.139989128303,9803.447962510854,9313.275564385262,9347.45435412488,0.9963435189470022,34.17878973961933,0.12252831790912715,0.19947295108128382,0.957815000572009,0.0,0.0,0.0,0.0,False,945.4193625803513,3.0242168749675624,1440,2023-05-02,0.4918861044264166,0.338
486,5,265,484.8072198600292,9828.442189343963,9337.020079876766,9366.283817197454,0.996875629877139,29.26373732068821,0.0519231206222733,0.19748354081272354,0.9382801198830355,6.111111111111111,0.0,0.0,0.0,False,996.3217493406082,4.044556199813346,1440,2023-07-02,0.49516233451140657,0.35
487,5,243,875.3330339976394,8847.95504196133,8405.557289863287,8425.962504393454,0.9975782927446536,20.405214530164848,0.10413741811661321,0.19974381761032325,0.9503008159991692,0.0,0.0,0.0,0.0,False,984.5224959280317,3.578403491373383,1440,2023-08-09,0.502285844129595,0.337
488,5,202,871.3798906586405,7396.952172332671,7027.104563716057,7046.366512475612,0.9972663998210353,19.26194875955529,0.1240026931089011,0.2008000402266722,0.9802413737445707,0.0,0.0,0.0,0.0,False,710.7218232424173,2.045973779307286,1440,2023-04-26,0.5030248519889101,0.32
489,5,219,764.6166631265451,7647.179325137537,7264.820358880628,7284.983354846196,0.9972322522944196,20.162995965567163,0.10524921819874952,0.2055468225242131,0.9450555231134984,2.0833333333333335,0.0,0.0,0.0,False,744.4401508046462,3.5591977771608474,1440,2023-07-13,0.501252366509061,0.332
490,5,152,119.65792892211864,5316.905483951851,5051.060209754261,5058.100293551934,0.9986081565431498,7.040083797673294,0.0236896659222243,0.19849945227881652,0.9967280672865821,0.0,0.0,0.0,0.0,False,612.097808370415,1.6018377271225477,1440,2023-12-27,0.48911411594438103,0.322
491,5,221,878.5601522987058,8273.713727664795,7860.028041281552,7887.120601879107,0.996564961794663,27.09256059755491,0.11177570203114179,0.20313608976958675,0.9612530768732258,0.0,0.0,0.0,0.0,False,720.8543847272721,3.153325059235427,1440,2023-09-07,0.49498275741856873,0.355
492,5,212,575.8128237688898,7678.347729583103,7294.430343103963,7313.1190969522395,0.9974444893347812,18.688753848277056,0.07893869660613785,0.1974282334156444,0.9482459321237683,0.4861111111111111,0.0,0.0,0.0,False,776.5923835231806,3.5834213324730935,1440,2023-08-07,0.489320263629745,0.339
493,5,240,824.3722796618744,8666.741869911933,8233.404776416326,8256.37231508038,0.9972182045833734,22.967538664054697,0.10012531899599995,0.20529653681265536,0.9897994127251746,0.0,0.0,0.0,0.0,False,802.0670082189315,1.7812219567371812,1440,2023-10-31,0.49747614090657705,0.327
494,5,204,631.372615921815,7581.127518478399,7202.0711425544905,7223.41298931586,0.9970454621945422,21.3418467613693,0.08766542337956891,0.20562215665800698,0.9927576904081961,0.0,0.0,0.0,0.0,False,719.8371171301528,1.6224149828419159,1440,2023-03-22,0.4864257484139857,0.325
495,5,178,777.5131791768407,5992.3356146155675,5692.718833884748,5708.032840558693,0.9973171130752558,15.314006673944466,0.13658028823571122,0.20287178695913494,0.9624433607686889,0.0,0.0,0.0,0.0,False,534.4539465339262,2.999400415958244,1440,2023-06-16,0.4765879629272388,0.321
496,5,212,961.1842582143368,7578.35015329199,7199.432645627361,7221.590590190308,0.9969317085638937,22.157944562947158,0.1335083339932516,0.20729705190572845,0.9652619496683937,0.0,0.0,0.0,0.0,False,883.7271344304193,2.6660722489377453,1440,2023-06-20,0.474624958527403,0.324
497,5,241,638.6344034298392,8802.473456260343,8362.349783447324,8383.285709328788,0.9975026586701958,20.935925881465486,0.07637020932728389,0.20627870692575836,0.94618669048003,2.5694444444444446,0.0,0.0,0.0,False,819.2201419659518,3.671269535343881,1440,2023-05-29,0.46295411952974214,0.346
498,5,155,813.9981016174444,5521.233781657205,5245.172092574347,5262.274612106223,0.9967499758578675,17.10251953187684,0.15518997036719373,0.20249939776756473,0.9957960304512415,0.0,0.0,0.0,0.0,False,523.3864190502092,1.4712056770869961,1440,2023-02-27,0.4555438719412597,0.321
499,5,231,1126.5132557460945,7975.561845863265,7576.783753570091,7590.400654543153,0.9982060365990151,13.616900973061318,0.14867961029180682,0.20865273303412746,0.9885617509770295,0.0,0.0,0.0,0.0,False,922.9930319538385,1.5600532918285546,1440,2023-02-23,0.4578051841301216,0.34
500,5,183,1220.1107448441244,6535.848137484939,6209.05573061068,6221.905864548304,0.9979346948961665,12.850133937623635,0.19650504002226482,0.2148890959748605,0.9910787581540474,0.0,0.0,0.0,0.0,False,645.9512077979305,1.5142298953356994,1440,2023-01-23,0.44564425964306675,0.324
501,5,262,915.4662363722261,9337.511249416704,8870.635686945883,8900.442826910847,0.9966510497798109,29.80713996496174,0.10320187511695869,0.20638885975619894,0.947440798403489,1.1805555555555556,0.0,0.0,0.0,False,992.1806606801742,3.5691283892243715,1440,2023-07-12,0.42145106678506716,0.338
502,5,227,1018.8265588898173,8889.451366340807,8444.978798023685,8473.79160738672,0.9965997736670892,28.812809363035555,0.12064287942655885,0.21107977049972942,0.9443131899538213,1.1111111111111112,0.0,0.0,0.0,False,910.7857539287686,3.4430626934434865,1440,2023-06-25,0.420477589191913,0.35
503,5,206,866.8984709213701,7367.62519380861,6999.243934118193,7014.242193774989,0.9978617419754757,14.998259656795986,0.1238560163185093,0.20941781802217946,0.9872543517284674,0.0,0.0,0.0,0.0,False,773.453011988824,1.67537322979026,1440,2023-03-28,0.4088248149566361,0.321
504,5,126,505.1658697164702,4606.035962644722,4375.734164512436,4396.724673070563,0.995225876051168,20.99050855812839,0.11544711143867169,0.21202334945998502,1.0030436965529315,0.0,0.0,0.0,0.0,False,460.13989682915206,1.2117399428681488,1440,2023-10-23,0.4026880001179155,0.29
505,5,124,656.576096124584,4578.234418763481,4349.322697825296,4358.695937382986,0.997849531214761,9.373239557689995,0.1509605383966746,0.21708047343592995,0.9982009212643429,0.0,0.0,0.0,0.0,False,470.0459022852492,1.3511396376437934,1440,2023-11-30,0.3914452116107675,0.311
506,5,163,643.4814032301664,5556.503038678796,5278.677886744838,5289.284116204594,0.9979947703268082,10.606229459756346,0.12190200217482433,0.20724992822807092,0.9742251503876372,0.0,0.0,0.0,0.0,False,636.6503505780167,2.6158026066720264,1440,2023-07-04,0.3704712843861737,0.305
507,5,217,1028.643931311545,7464.46221748075,7091.239106606696,7109.960609667745,0.9973668626186771,18.721503061049287,0.14505841868358213,0.21091994799709388,0.9877762798959345,0.0,0.0,0.0,0.0,False,776.7978556628186,1.7369000755651396,1440,2023-02-25,0.3749568456523851,0.325
508,5,206,744.4687324178955,7399.588700112309,7029.609265106737,7052.334258022308,0.9967776636665059,22.724992915571022,0.1059047102537059,0.21294891318178705,0.9861140073015044,0.0,0.0,0.0,0.0,False,738.4953285508111,1.8294514300199352,1440,2023-12-11,0.369925253773649,0.336
509,5,275,1007.97575866389,9921.066505083654,9425.013179829448,9440.42992558845,0.998366944526836,15.416745759002358,0.10694688054347422,0.21039665267779517,0.9755342094435421,0.0,0.0,0.0,0.0,False,1103.4624146713586,2.158019196431502,1440,2023-02-19,0.3607888112052458,0.335
510,5,142,291.2634766860093,5221.817545253767,4960.726667991113,4975.004728769635,0.9971300407623827,14.278060778522564,0.058713873224536854,0.20711881742075652,0.9959413589634968,0.0,0.0,0.0,0.0,False,705.7591844946146,1.565935589005172,1440,2023-10-18,0.35857479762541555,0.291
511,5,235,794.8832671984453,8628.814249743236,8197.373537256066,8224.674230209781,0.996680635343168,27.30069295371447,0.09696804270121369,0.20763949432440282,0.9439413988048698,0.9722222222222222,0.0,0.0,0.0,False,815.3398197246909,3.690376331754473,1440,2023-06-30,0.36365888345599856,0.322
512,5,190,680.1664770711084,6861.004225123874,6517.954013867669,6539.500830548776,0.9967051282292905,21.546816681106307,0.10435275787831255,0.2108102406143979,0.9793067968076185,0.0,0.0,0.0,0.0,False,727.6523261371686,2.1886117276972614,1440,2023-03-26,0.366198688216223,0.31
513,5,236,456.5753451589536,8601.462040683418,8171.388938649314,8189.636963463503,0.9977718151737862,18.248024814188554,0.05587487617918026,0.2099617678027101,0.9713237986167705,0.0,0.0,0.0,0.0,False,925.781815259319,2.548569927725435,1440,2023-10-29,0.36071437815569346,0.335
514,5,136,561.6740525975919,4617.130845246527,4386.274302984175,4394.75041597964,0.998071309586855,8.476112995464828,0.12805265101990096,0.21001469894097718,0.9842974232972986,0.0,0.0,0.0,0.0,False,424.5160841345787,2.0428759604302833,1440,2023-03-18,0.3576954819028475,0.301
515,5,190,709.6740856491541,6551.238634346581,6223.676702629226,6232.917755559718,0.9985173792928282,9.24105293049218,0.11402810903550764,0.21257367441681416,0.9401314366050219,2.2222222222222223,0.0,0.0,0.0,False,677.7030348830356,3.8896110479317576,1440,2023-06-26,0.3546631814493343,0.309
516,5,145,510.04649859262486,5079.529804010106,4825.5533138096325,4837.521762831785,0.9975259131412886,11.968449022152557,0.10569699792415269,0.21098984544288205,0.9578403698043075,0.0,0.0,0.0,0.0,False,526.4734977637431,3.236673345296242,1440,2023-06-12,0.34597891131884173,0.334
517,5,184,781.4787456887568,6584.161450316205,6254.953377800388,6278.923015713501,0.9961825240008315,23.969637913111782,0.12493758122359835,0.2116363786264438,0.9464397452670513,1.3888888888888888,0.0,0.0,0.0,False,782.7613808446424,3.6067704873822186,1440,2023-06-22,0.34196642668495414,0.317
518,5,154,994.8754696397424,5549.810535666675,5272.320008883291,5289.158396885084,0.9968164334023898,16.838388001793064,0.1886978536893596,0.21503779410583862,0.9886220001897896,0.0,0.0,0.0,0.0,False,595.8605636366094,1.758142006070529,1440,2023-02-07,0.33675224704268614,0.323
519,5,250,1141.2235573821015,8815.712274621827,8374.926660890753,8399.3422691915,0.9970931523542857,24.415608300747724,0.136266692663876,0.21334302370265087,0.9815533490449855,0.0,0.0,0.0,0.0,False,888.1180082588262,1.90010672928402,1440,2023-03-20,0.3243458995689111,0.336
520,5,242,426.2662753991171,8940.499458620288,8493.474485689232,8507.118007720746,0.9983962227843635,13.643522031514845,0.050187502902061906,0.20554591179382783,0.9722608430872727,0.0,0.0,0.0,0.0,False,817.0426889690908,2.5083513409949902,1440,2023-11-05,0.3174821652917716,0.334
521,5,134,405.3578242551525,4961.65466201827,4713.571928917362,4721.9629486170525,0.998222980613995,8.391019699691165,0.08599801389861408,0.2078227816725186,0.9900886338867964,0.0,0.0,0.0,0.0,False,515.6806489565561,1.784951930800952,1440,2023-03-25,0.3288675284797793,0.302
522,5,174,750.7115003102946,6182.871183287885,5873.727624123512,5891.598770515234,0.9969666728696532,17.871146391720835,0.12780836095073733,0.21161156576296616,0.943279312279144,4.305555555555555,0.0,0.0,0.0,False,739.5109034910035,3.83266903669338,1440,2023-07-18,0.33257556621343987,0.322
523,5,276,1299.4131317360761,10005.593282571926,9505.313618443311,9539.207214760801,0.9964469168606545,33.89359631749102,0.13670386732056944,0.21270137212164178,0.9807038991188337,0.0,0.0,0.0,0.0,False,1127.8387107003105,2.1101411179893623,1440,2023-03-20,0.3266260931132353,0.35
524,5,283,596.766100491864,10036.598089814628,9534.768185323883,9556.60706862426,0.9977147869381302,21.838883300376345,0.06258842259116683,0.20683325088649065,0.9806411531578539,0.0,0.0,0.0,0.0,False,1023.5274614437826,2.086758543904921,1440,2023-12-10,0.31883387203790325,0.362
525,5,278,998.3498370900727,9904.390881193596,9409.171337133963,9435.288038135546,0.9972320186838998,26.116701001582122,0.10610390663734799,0.2106584162665164,0.9773276867912428,0.0,0.0,0.0,0.0,False,1208.8435138997247,2.1176752573643376,1440,2023-11-11,0.3251682993506456,0.335
526,5,141,577.8195876546137,4893.543649072433,4648.866466618806,4661.736099966952,0.9972393046126663,12.869633348146218,0.12429257579318491,0.21047464282280404,0.9426584740091175,2.638888888888889,0.0,0.0,0.0,False,545.6264768674944,3.91024325899747,1440,2023-08-28,0.32128755655145697,0.326
527,5,294,1250.9231139022763,10853.498195696862,10310.8232859121,10336.868181556685,0.997480388142024,26.044895644585257,0.12132136098302058,0.20992587871063167,0.9837393795961579,0.0,0.0,0.0,0.0,False,993.053310640388,1.941265513481463,1440,2023-04-20,0.3180635317471331,0.35
528,5,195,726.8436853641581,6604.705384577065,6274.470115348182,6290.563150510205,0.9974417178912325,16.093035162022602,0.11584144509449532,0.20752135725896614,0.9483493104843779,0.625,0.0,0.0,0.0,False,768.3558097940017,3.7007010985970745,1440,2023-08-31,0.3161952990149216,0.323
529,5,144,446.33894413589866,5494.820137018904,5220.07913016792,5229.988442996213,0.9981052897274442,9.909312828293032,0.08550424869163636,0.20588798750523854,0.9627950119817184,0.0,0.0,0.0,0.0,False,595.3033090459899,2.918219455459412,1440,2023-06-04,0.31961459215986826,0.31
530,5,249,951.3435199369625,8643.351638707369,8211.184056772017,8237.873495443539,0.9967601543424667,26.689438671519085,0.1158594806010176,0.21071651287284904,0.9440578254460317,2.7083333333333335,0.0,0.0,0.0,False,917.7348604828929,3.602609279282174,1440,2023-06-23,0.32564904075876444,0.332
531,5,140,397.90325890429017,4988.746633217869,4739.309301556955,4743.481655166102,0.9991204027099791,4.172353609147589,0.08395806932743792,0.2041795683116853,0.951293673316515,0.0,0.0,0.0,0.0,False,553.295763018748,3.3487773526458184,1440,2023-08-07,0.3193180181854958,0.298
532,5,126,311.2593643539178,4376.129651337409,4157.323168770524,4170.564027970684,0.9968251634284098,13.240859200159866,0.07487013920208875,0.20281958229100436,0.9594804893013404,0.0,0.0,0.0,0.0,False,467.17654843485127,3.1608427947541933,1440,2023-07-22,0.3284254997458569,0.293
533,5,281,1132.4729743892647,10222.128466606953,9711.02204327668,9736.919960461491,0.9973402351780671,25.897917184812965,0.11661727976133264,0.20551776604579547,0.9525732955622013,0.0,0.0,0.0,0.0,False,1082.615078982013,3.484721180268213,1440,2023-08-10,0.3385624751250936,0.339
534,5,141,648.809396288006,5055.59864248483,4802.818710360607,4818.436984110671,0.9967586431447445,15.618273750064418,0.13508929556062546,0.21469324910709467,0.9726214729877533,0.0,0.0,0.0,0.0,False,553.6972243153197,2.57996926024048,1440,2023-09-12,0.3404601628656528,0.301
535,5,192,506.03747102706006,7331.60531119368,6965.0250456340045,6979.307416089205,0.997953612070121,14.282370455200844,0.07265407772571722,0.2052862199179995,0.9526312403463878,0.0,0.0,0.0,0.0,False,801.7387291411522,3.4064041676671075,1440,2023-07-22,0.32105758786788713,0.329
536,5,278,980.6536410027759,10413.359961352708,9892.691963285086,9920.163092833624,0.9972307784366586,27.471129548536478,0.09912909899977602,0.21208041974065245,0.9434138631289585,2.013888888888889,0.0,0.0,0.0,False,1008.6088592386806,3.7592437869938786,1440,2023-05-15,0.325966681089784,0.346
537,5,168,664.9138907179614,6075.87075068879,5772.077213154341,5782.754073907167,0.9981536720018922,10.676860752826954,0.1151949057789193,0.21339272497215717,0.9633219010961852,0.0,0.0,0.0,0.0,False,637.9837152949976,2.9236575661730675,1440,2023-09-16,0.31434269507043233,0.316
538,5,170,648.9281457348482,6308.49268185861,5993.068047765662,6003.922472483704,0.9981921111127288,10.854424718040997,0.10827978934375386,0.210188368181174,0.9753842496195594,0.0,0.0,0.0,0.0,False,735.1265890779894,2.2982320454097334,1440,2023-10-08,0.30148679849703286,0.318
539,5,189,344.4400939980327,6643.043690162189,6310.891505654103,6327.348552085583,0.9973990611871609,16.457046431480425,0.054578674611889505,0.20909617875338565,0.9942241871961777,0.0,0.0,0.0,0.0,False,724.2279578379294,1.5399443824221912,1440,2023-11-03,0.2977422477694175,0.3
540,5,258,1027.2035607799676,9263.966737156376,8800.768400298557,8820.762060438683,0.9977333409513677,19.993660140124486,0.11671748579875375,0.20837544024414836,0.9757475330738393,0.0,0.0,0.0,0.0,False,1088.9398505830263,2.022862448517625,1440,2023-04-18,0.29669461499079025,0.323
541,5,239,509.31998015839724,8324.882720556976,7908.6385845291115,7926.126584939355,0.9977936259000112,17.4880004102429,0.0644004621926623,0.21334168482000707,0.9759895069117628,0.0,0.0,0.0,0.0,False,957.1877019037263,2.137407270001665,1440,2023-12-10,0.2970233614760031,0.328
542,5,174,648.446252263306,6206.447181843452,5896.124822751228,5912.796924417862,0.9971803358241876,16.6721016666339,0.1099783793180841,0.21328115942634002,0.9830283216475845,0.0,0.0,0.0,0.0,False,663.3523977713241,1.7983589556131705,1440,2023-11-15,0.28569353635628386,0.302
543,5,149,526.8557608370259,5507.751583567277,5232.364004388939,5253.357544187684,0.9960037862220187,20.993539798743576,0.10069172565117718,0.2133834970552444,0.9517075084920174,0.0,0.0,0.0,0.0,False,666.6303913807916,3.4778228804395335,1440,2023-07-26,0.276098774155259,0.303
544,5,198,751.3473071963676,6950.213634155286,6602.702952447506,6623.815805976077,0.9968125844457324,21.112853528571012,0.11379389813649823,0.21105831052216797,0.9711997399304082,0.0,0.0,0.0,0.0,False,696.1709724251722,2.747836139043596,1440,2023-08-11,0.2675286467580873,0.32
545,5,208,821.0961408260813,7376.4348015691285,7007.613061490676,7026.222565099853,0.9973514212741262,18.60950360917742,0.11717201472471367,0.20973037144547982,0.9558720086985963,0.0,0.0,0.0,0.0,False,801.5102651663157,3.2930766872590294,1440,2023-08-10,0.26523503968700957,0.312
546,5,196,1060.6528757630538,6961.809866843628,6613.719373501412,6631.673779351371,0.9972926283096338,17.954405849960466,0.16037161782410594,0.2141413182770899,0.981975667584819,0.0,0.0,0.0,0.0,False,693.277879400019,1.7797309887962753,1440,2023-02-12,0.2658351014265874,0.306
547,5,239,844.1426132904784,8296.267296071068,7881.453931267502,7895.957024842917,0.9981632253658697,14.503093575414448,0.10710493528885255,0.20343182542201937,0.9608251484366173,0.0,0.0,0.0,0.0,False,948.3710093732802,2.9473258181776636,1440,2023-09-30,0.255904001874853,0.348
548,5,138,549.4745068893191,4978.872267454144,4729.92865408145,4745.639501393406,0.9966894140805801,15.710847311956373,0.11616972412790584,0.21219327678394645,0.9613196990096052,0.0,0.0,0.0,0.0,False,584.2947508861465,2.9902947898520864,1440,2023-08-10,0.2713484152435196,0.32
549,5,250,920.8730296852477,9153.106423405989,8695.451102235667,8724.984004910326,0.9966151338892957,29.532902674658146,0.10590284723106363,0.20678560799341894,0.9600302178099048,0.0,0.0,0.0,0.0,False,1101.4581990043298,3.0694999320102663,1440,2023-05-12,0.2638190891030161,0.332
550,5,217,1080.8421467647293,7783.326126446313,7394.159820123985,7420.391465000818,0.9964649243910435,26.231644876832362,0.14617511293481966,0.21322382194278744,0.9872966025019394,0.0,0.0,0.0,0.0,False,884.5677197754035,1.766071667305258,1440,2023-02-25,0.2693532191301028,0.329
551,5,122,622.942481794504,4156.645519577133,3948.8132435982866,3956.7610536468937,0.9979913343411825,7.947810048607034,0.1577543538693308,0.21225867911343937,0.9948827436866859,0.0,0.0,0.0,0.0,False,529.1264146321614,1.5027610967188234,1440,2023-02-27,0.25895526136602215,0.302
552,5,241,440.12818430398227,8618.414486339214,8187.493762022243,8202.882780336371,0.9981239499909692,15.38901831412895,0.053756155069762675,0.2113320142119534,0.9815552574593914,0.0,0.0,0.0,0.0,False,905.9997144465667,2.131570742374998,1440,2023-11-13,0.25214727542365134,0.33
553,5,266,1017.4455286953713,9611.246605167542,9130.684274909156,9156.314353618738,0.9972008301899931,25.630078709583167,0.1114314653822037,0.21695359183980173,0.9545888125670382,0.0,0.0,0.0,0.0,False,1026.6263693198991,3.182123188568891,1440,2023-09-07,0.24817294874242615,0.331
554,5,185,880.223863983812,6884.246719408387,6540.034383438004,6549.317778859111,0.9985825400851561,9.283395421107405,0.1345900972956492,0.21177323182433636,0.9680056670897844,0.0,0.0,0.0,0.0,False,892.0471775799431,2.774852336704205,1440,2023-09-12,0.23177833702418965,0.315
555,5,198,719.7292623590238,6952.279895658227,6604.665900875303,6622.853281319301,0.997253845182514,18.187380443997064,0.1089728493705699,0.21179363142890734,0.9469086780981297,3.5416666666666665,0.0,0.0,0.0,False,888.6173256479535,3.705208067762578,1440,2023-05-17,0.2294707780924074,0.316
556,5,224,877.7511465208173,8310.977580664521,7895.428701631252,7924.27474206715,0.9963597879459221,28.846040435898797,0.11117206926831821,0.2082730918667236,0.9821665283270191,0.0,0.0,0.0,0.0,False,922.2158845334782,2.0260369001263996,1440,2023-04-22,0.22699017024548013,0.32
557,5,198,775.5839365127131,7120.154681599258,6764.146947519281,6785.647618105559,0.9968314489940636,21.50067058627811,0.11466101232427466,0.21231097043749422,0.9684858040383996,0.0,0.0,0.0,0.0,False,731.7656740758827,2.768468561851422,1440,2023-07-20,0.23233721641140634,0.307
558,5,213,868.9113397462921,8084.030268043602,7679.828754641434,7703.228328177474,0.9969623679139241,23.399573536040045,0.11314202015522168,0.21393745794740196,0.9563610912072494,0.0,0.0,0.0,0.0,False,823.5708870488133,3.244057160571331,1440,2023-07-08,0.22711597196657723,0.32
559,5,221,696.5966536255014,8297.213151121086,7882.352493565028,7900.318021090603,0.9977259741345078,17.96552752557548,0.08837420734408756,0.2128536912980897,0.9488884215469511,0.20833333333333334,0.0,0.0,0.0,False,816.207943286198,3.5463434649899357,1440,2023-08-08,0.2186638309915468,0.333
560,5,227,972.0210467016516,8097.6615414714415,7692.77846439783,7709.253349156069,0.9978629727144663,16.474884758238296,0.1263550030980567,0.21258592678806898,0.9876049192556005,0.0,0.0,0.0,0.0,False,947.1257890718797,1.7521499688599687,1440,2023-11-26,0.21364372027510495,0.309
561,5,170,938.4250618758807,6355.47094500914,6037.697397758673,6049.201602243029,0.9980982276272475,11.504204484355586,0.15542764071353507,0.21330897892882053,0.9919789053620435,0.0,0.0,0.0,0.0,False,684.5217374929168,1.5023706822279208,1440,2023-03-14,0.2095874172845936,0.299
562,5,139,494.86735371887386,5102.936486670156,4847.789662336603,4859.926882227785,0.9975025920789947,12.13721989118167,0.10208102830112291,0.21021685137600835,0.9915035991389635,0.0,0.0,0.0,0.0,False,548.2240775363787,1.646634355532723,1440,2023-03-21,0.20408621123609014,0.295
563,5,280,1026.6409813283099,10070.481796214475,9566.957706403748,9593.332600948272,0.9972507057097221,26.374894544525212,0.1073111236439476,0.2134105393340644,0.9802671973756233,0.0,0.0,0.0,0.0,False,1090.4320080394693,2.186541768309352,1440,2023-02-17,0.20597708444467372,0.325
564,5,202,613.8508595248337,7558.828596716733,7180.887166880881,7197.4319810376655,0.9977012892653416,16.54481415678604,0.08548398620660523,0.20679315088520062,0.9536413156869223,0.0,0.0,0.0,0.0,False,848.4371579522531,3.458919172337706,1440,2023-05-27,0.19979314253711405,0.325
565,5,158,539.6679338733745,5245.270078868583,4983.006574925149,4996.23527793287,0.9973522658017829,13.228703007721727,0.10830167003772838,0.2137644000944095,0.9923936066016569,0.0,0.0,0.0,0.0,False,586.9867697688189,1.6357727586704838,1440,2023-02-17,0.2090645860543066,0.333
566,5,300,1144.4111456915812,10135.467983316941,9628.69458415114,9647.192468839063,0.9980825629064962,18.497884687922152,0.11885423674931857,0.20894607791536188,0.9653008541721351,0.0,0.0,0.0,0.0,False,1274.9231764034778,2.6432137667465043,1440,2023-09-09,0.20045677260308062,0.361
567,5,218,820.4319001362588,7346.451578005874,6979.128999105564,6997.570790594934,0.9973645437765122,18.441791489370765,0.11755505597351823,0.2074427557944617,0.9510531481524849,0.0,0.0,0.0,0.0,False,846.9818894583638,3.61356318919918,1440,2023-08-15,0.20372352674023653,0.369
568,5,178,770.6293711262318,6654.90162426267,6322.156543049517,6345.300061137687,0.9963526519053189,23.14351808817014,0.12189343396968715,0.21548222776947804,0.9534356766005253,0.0,0.0,0.0,0.0,False,835.0110667049885,3.303393562869176,1440,2023-06-14,0.20927210092621856,0.337
569,5,150,561.6999771532935,5243.589603151348,4981.410122993778,4993.904567586696,0.9974980610014026,12.494444592918835,0.11275923147956295,0.20943539144496334,0.9837308085917601,0.0,0.0,0.0,0.0,False,648.5662045715105,2.0321517957382524,1440,2023-05-01,0.19525001054149438,0.311
570,5,122,507.0548094623996,4233.879735187213,4022.1857484278426,4032.8332652324953,0.9973597924574651,10.647516804653241,0.12606449358053462,0.20780614629831853,0.9442941659983815,4.027777777777778,0.0,0.0,0.0,False,529.1770446713892,3.818568045535062,1440,2023-08-28,0.19686360857539914,0.323
571,5,231,1092.7012008295744,8554.004746005268,8126.304508704989,8145.448601093613,0.997649719085324,19.144092388622894,0.13446471266970866,0.21221814801418018,0.9835287537636075,0.0,0.0,0.0,0.0,False,860.755518625824,1.8225521781390885,1440,2023-02-15,0.20134851901022555,0.33
572,5,232,883.191868457472,8420.263742711164,7999.250555575666,8017.3029169204765,0.9977483249002964,18.052361344810365,0.11040932676397622,0.21109228017876072,0.9809397142520699,0.0,0.0,0.0,0.0,False,995.7881190774733,1.7813878513517243,1440,2023-12-03,0.1946191361824821,0.328
573,5,283,804.7621526274244,10333.547808911539,9816.870418465987,9853.262914986331,0.9963065537949878,36.3924965203439,0.08197746515158533,0.20989228259950293,0.9572986846434086,0.0,0.0,0.0,0.0,False,1014.8283827690309,3.1902677958879258,1440,2023-09-24,0.1911579251492721,0.356
574,5,296,1223.1406511883647,9909.25755092665,9413.794673380298,9447.662797762128,0.9964151848868005,33.868124381831564,0.12993067021602675,0.20739593989920427,0.9300368574719191,15.13888888888889,0.0,0.0,0.0,False,1086.742429729181,4.2323208591445685,1440,2023-07-18,0.19053433686709612,0.352
575,5,279,1012.9350205086777,9893.805208004364,9399.114947604146,9427.363731631116,0.9970035330309588,28.24878402696835,0.10776919169042366,0.21144463491798554,0.9785505628866072,0.0,0.0,0.0,0.0,False,1175.472011482287,2.137152839413091,1440,2023-12-11,0.19515762318705215,0.352
576,5,130,386.281667561126,4763.391113921036,4525.221558224962,4539.676344592248,0.9968158993571195,14.4547863672866,0.08536193478947508,0.21147261067495535,0.99910842200579,0.0,0.0,0.0,0.0,False,592.8583027790864,1.359713866724836,1440,2023-03-12,0.18937689145579892,0.306
577,5,144,829.1290226726925,5007.567007556714,4757.188657178905,4763.867817683628,0.9985979542757398,6.679160504722606,0.17428970814968275,0.20788307952342197,0.9934650498323526,0.0,0.0,0.0,0.0,False,535.5078068045259,1.560964726261536,1440,2023-02-06,0.18411712887171497,0.319
578,5,226,634.7644705305639,7910.116861168054,7514.611018109639,7525.455467318532,0.9985589644034187,10.844449208892371,0.08447070234252045,0.19989372388043075,0.9447069012285866,3.9583333333333335,0.0,0.0,0.0,False,946.5287680961048,3.712233266011473,1440,2023-08-07,0.18741213336165016,0.341
579,5,233,878.6273373139176,7884.089463898346,7489.884990703415,7504.091068024507,0.998106889003303,14.206077321093836,0.11730852188044093,0.20868102631849192,0.9511773164931089,0.0,0.0,0.0,0.0,False,848.6966895280732,3.618096311923905,1440,2023-09-05,0.20763003317415743,0.337
580,5,157,638.2610493069452,6013.9634949692445,5713.265320220791,5729.583131322642,0.9971520072703642,16.317811101850893,0.11171563257319185,0.20940718560722105,0.9834883273387341,0.0,0.0,0.0,0.0,False,640.3939222895128,2.092282825986648,1440,2023-09-27,0.20403823634450408,0.31
581,5,281,627.3713254023877,9668.265886308298,9184.852591992883,9211.5212880428,0.9971048543214533,26.668696049917365,0.06830499663645269,0.20793830287110807,0.9791234482791737,0.0,0.0,0.0,0.0,False,985.8657460686695,2.0725350374844083,1440,2023-12-16,0.19909688916521634,0.339
582,5,290,1054.8144300090066,10538.506212421526,10011.58090180047,10049.458807639989,0.9962308511767098,37.877905839520444,0.10535942728278909,0.20779523339038833,0.9772777274990642,0.0,0.0,0.0,0.0,False,1115.1356853659772,2.1929515275950084,1440,2023-03-16,0.19797843829767928,0.344
583,5,156,559.8443252915581,5475.363368821917,5201.595200380785,5212.104906807634,0.9979835965287035,10.509706426847522,0.10762935286670798,0.2088038204024807,0.9512134097790966,0.0,0.0,0.0,0.0,False,542.7576122892906,3.4784025005765944,1440,2023-07-13,0.1970086687917136,0.33
584,5,236,841.4183060114316,8199.405429102324,7789.435157647208,7808.410894662862,0.9975698336996297,18.975737015653756,0.10802045193037864,0.2036654168195194,0.9415327368146084,2.2222222222222223,0.0,0.0,0.0,False,910.6100492004216,3.5498168111342703,1440,2023-07-13,0.19357377074021384,0.338
585,5,195,1005.7868516269606,6908.235806879394,6562.8240165354,6581.7142584066005,0.9971298903097969,18.8902418711998,0.15325519152926007,0.2045073722581099,0.9795143890690586,0.0,0.0,0.0,0.0,False,772.8446977900091,2.3003912439747096,1440,2023-01-02,0.2019470693405529,0.329
586,5,221,880.3338963978973,8226.283855453736,7814.969662681022,7832.088355873688,0.9978142875290946,17.118693192665795,0.11264712908634478,0.20294998178683354,0.984349759071585,0.0,0.0,0.0,0.0,False,948.6352704187773,1.9522939417384342,1440,2023-04-11,0.20656803764301956,0.311
587,5,249,1178.3526891476633,9392.777192761607,8923.13833312354,8951.350702058697,0.9968482556572531,28.212368935157908,0.13205585805764167,0.20749825698370955,0.9499675190039197,0.06944444444444445,0.0,0.0,0.0,False,905.8693971624363,3.6365226997607873,1440,2023-06-28,0.21354357223245915,0.338
588,5,210,866.8529086316703,7406.881910400514,7036.537814880478,7060.228743903232,0.9966444530507299,23.690929022752783,0.123193100277028,0.20526800564242859,0.9739299577754922,0.0,0.0,0.0,0.0,False,745.5571438293948,2.2907178153563685,1440,2023-10-30,0.20874288162169818,0.329
589,5,253,1085.2912987063842,8369.764721998756,7951.276485898761,7977.024089407807,0.9967722795844086,25.74760350904707,0.13649271291610857,0.2072876551505524,0.9862012938998485,0.0,0.0,0.0,0.0,False,900.9460748519359,1.9059231760653246,1440,2023-03-20,0.2095454818017861,0.337
590,5,168,624.5333527609298,6070.7213195761415,5767.185253597321,5779.1976544697245,0.9979214414196211,12.012400872402624,0.10829084298469047,0.204211500191524,0.9887718061144607,0.0,0.0,0.0,0.0,False,578.110212086471,1.8916253286560438,1440,2023-04-30,0.20537995027045644,0.327
591,5,201,775.3496267195908,7080.507669332919,6726.482285866283,6743.6417137379085,0.9974554656667673,17.15942787162645,0.11526821803259026,0.20251886122366133,0.9438923727608334,3.3333333333333335,0.0,0.0,0.0,False,659.8934536581447,3.8307583892974146,1440,2023-06-27,0.2086044909456789,0.349
592,5,147,511.3624457683849,5087.911397976713,4833.515828077853,4852.510633536779,0.9960855715951143,18.994805458926027,0.1057951321474701,0.2068154941562368,0.9514844131914781,0.0,0.0,0.0,0.0,False,521.9971466339427,3.387731748764412,1440,2023-07-12,0.21478198615397173,0.323
593,5,235,803.0339246208094,8061.726646908761,7658.640314563324,7665.375941901957,0.999121291977108,6.735627338633282,0.10485332795872349,0.20383918986828634,0.939886279486702,1.4583333333333333,0.0,0.0,0.0,False,821.1349120403283,3.650591981822411,1440,2023-07-21,0.2099306151611282,0.362
594,5,190,557.8875369869148,6837.413445231775,6495.542772970181,6514.27687269759,0.9971241474543512,18.73409972740857,0.0858877474117244,0.20351243070387928,0.960322847712393,0.0,0.0,0.0,0.0,False,737.7605923930159,3.1348189126574044,1440,2023-07-31,0.21240542830692996,0.345
595,5,241,756.8660960317364,8552.591088908468,8124.96153446298,8138.644877282797,0.9983187197591075,13.683342819817248,0.09315319128852485,0.20441139848406653,0.9443349167997169,4.722222222222222,0.0,0.0,0.0,False,925.8616853388708,3.847774480796395,1440,2023-06-01,0.214928527450073,0.365
596,5,296,1193.9546864463916,10241.897750879236,9729.802863335319,9758.245720313893,0.9970852489480395,28.44285697857426,0.12271108708127629,0.20388630812778552,0.967831823249796,0.0,0.0,0.0,0.0,False,1086.6775550049545,2.894923319558751,1440,2023-09-28,0.21474870772397212,0.411
597,5,183,928.618775599514,6667.840574040754,6334.448545338702,6354.229414144458,0.9968869759782794,19.780868805755112,0.14659820329314252,0.20586467457215615,0.9887204534880067,0.0,0.0,0.0,0.0,False,621.6455702409734,1.561251395403559,1440,2023-01-28,0.2155657353205204,0.392
598,5,261,414.6754199925182,9445.071458335971,8972.817885419207,8995.05992832319,0.9975273046448586,22.24204290398515,0.0462146256937148,0.20418631232682655,0.9878286772750675,0.0,0.0,0.0,0.0,False,949.7492130222032,1.9345754469278462,1440,2023-12-21,0.21157371749153578,0.381
599,5,238,699.2119531834182,8520.496307543612,8094.471492166422,8121.224640674863,0.9967057741052441,26.7531485084395,0.08638142142573407,0.200901676434259,0.9814638157438585,0.0,0.0,0.0,0.0,False,925.3318953880053,2.151793977668056,1440,2023-03-25,0.2118631845517319,0.349
